req_id,regulation,citation,requirement_summary,requirement_type,applies_at_this_tier,csf2_subcategories,sp800_53_controls,crosswalk_source,current_state,evidence,status,gap_description,gap_risk_level,remediation_action,owner,target_date,pending_rule_change
G-001,NIST SP 800-53 Rev. 5 (Release 5.2.0) Moderate baseline,AC-1,Policy and Procedures,"Base control, Moderate baseline (SP 800-53B)",Yes: contract for CT-S scope; benchmark for the rest of the FOTP,GV.OC-03; GV.OV-01; GV.PO-01; GV.PO-02; GV.SC-03; ID.IM-01; ID.IM-02; ID.IM-03; PR.AA-01; PR.AA-05,AC-1,Official: NIST CSF 2.0 informative references to SP 800-53 Rev. 5.2.0 (00_universal/crosswalks/csf2_to_sp800-53r5.csv),POL-02 Access Control Policy approved 2026-08-31. Account and remote access procedures not yet written,POL-02,Partially met,Procedures pending,Low,Write account management and remote access procedures,IT Manager,2026-11-30,None
G-002,NIST SP 800-53 Rev. 5 (Release 5.2.0) Moderate baseline,"AC-2 with (1), (2), (3), (4), (5), (13)",Account Management (with 6 Moderate enhancements),"Base control, Moderate baseline (SP 800-53B)",Yes: contract for CT-S scope; benchmark for the rest of the FOTP,DE.CM-01; DE.CM-03; PR.AA-01; PR.AA-05; PR.DS-10,AC-2,Official: NIST CSF 2.0 informative references to SP 800-53 Rev. 5.2.0 (00_universal/crosswalks/csf2_to_sp800-53r5.csv),Company users are created in the identity provider from HR tickets. The BAS supervisory server uses one shared administrator account and a shared roc-tech account outside the identity provider. Accounts are disabled about 3 business days after departure; 3 departed technicians were still active in the access control administrator portal (P07),IdP export; access control admin user list; HR termination tickets,Partially met,"Shared accounts; late disablement; no periodic review; Moderate enhancements (1)-(5), (13) not implemented",Moderate,Named accounts on the supervisory server; same-day disable; monthly administrator review; automated disable of inactive accounts,HR Manager,2026-11-30,None
G-003,NIST SP 800-53 Rev. 5 (Release 5.2.0) Moderate baseline,AC-3,Access Enforcement,"Base control, Moderate baseline (SP 800-53B)",Yes: contract for CT-S scope; benchmark for the rest of the FOTP,PR.AA-05; PR.DS-10; PR.IR-01,AC-3,Official: NIST CSF 2.0 informative references to SP 800-53 Rev. 5.2.0 (00_universal/crosswalks/csf2_to_sp800-53r5.csv),"The identity provider, cloud IAM, and access control platform enforce role-based access. The BAS supervisory server grants full rights to the shared accounts. GSA CUI drawings sit in the general file share readable by all staff",Cloud IAM export; file share permissions,Partially met,BAS roles not enforced; CUI not access-restricted,Moderate,"BAS operator, technician, and engineer roles; restricted CUI library",Controls Engineering Manager,2026-11-30,None
G-004,NIST SP 800-53 Rev. 5 (Release 5.2.0) Moderate baseline,AC-4,Information Flow Enforcement,"Base control, Moderate baseline (SP 800-53B)",Yes: contract for CT-S scope; benchmark for the rest of the FOTP,DE.CM-09; ID.AM-03; PR.DS-10; PR.IR-01,AC-4,Official: NIST CSF 2.0 informative references to SP 800-53 Rev. 5.2.0 (00_universal/crosswalks/csf2_to_sp800-53r5.csv),Edge firewalls at the state complex separate OT from the agency network. At the 4 county service centers the edge firewall allows any traffic from the county network to BAS and door controllers,Edge firewall rule export,Partially met,No information flow control between the county network and OT at service centers,Moderate,OT VLANs with deny-by-default rules at the service centers (R-004),IT/OT Systems Administrator,2027-01-31,None
G-005,NIST SP 800-53 Rev. 5 (Release 5.2.0) Moderate baseline,AC-5,Separation of Duties,"Base control, Moderate baseline (SP 800-53B)",Yes: contract for CT-S scope; benchmark for the rest of the FOTP,PR.AA-05,AC-5,Official: NIST CSF 2.0 informative references to SP 800-53 Rev. 5.2.0 (00_universal/crosswalks/csf2_to_sp800-53r5.csv),The IT/OT Systems Administrator both administers the cloud tenant and approves his own changes. BAS technicians program and approve their own changes,Interview IT Manager 2026-07-14,Not met,No separation of duties defined for privileged and BAS program changes,Low,Define duties; Controls Engineering Manager approves BAS program changes; IT Manager approves tenant changes,Chief Operating Officer,2026-12-31,None
G-006,NIST SP 800-53 Rev. 5 (Release 5.2.0) Moderate baseline,"AC-6 with (1), (2), (5), (7), (9), (10)",Least Privilege (with 6 Moderate enhancements),"Base control, Moderate baseline (SP 800-53B)",Yes: contract for CT-S scope; benchmark for the rest of the FOTP,PR.AA-05,AC-6,Official: NIST CSF 2.0 informative references to SP 800-53 Rev. 5.2.0 (00_universal/crosswalks/csf2_to_sp800-53r5.csv),Standard users have no local admin rights on company laptops. All 4 BAS technicians share full administrator rights on the supervisory server. Integrator has administrator rights on the county access control tenant,Endpoint policy; admin role reports,Partially met,"Excess privilege on BAS and access control platforms; enhancements (1), (2), (5), (7), (9), (10) partly unmet",Moderate,Least-privilege roles; privileged functions logged; annual privilege review,Controls Engineering Manager,2026-11-30,None
G-007,NIST SP 800-53 Rev. 5 (Release 5.2.0) Moderate baseline,AC-7,Unsuccessful Logon Attempts,"Base control, Moderate baseline (SP 800-53B)",Yes: contract for CT-S scope; benchmark for the rest of the FOTP,PR.AA-03,AC-7,Official: NIST CSF 2.0 informative references to SP 800-53 Rev. 5.2.0 (00_universal/crosswalks/csf2_to_sp800-53r5.csv),The identity provider locks accounts after 10 failed attempts. The BAS supervisory server and field controllers have no lockout,IdP policy; supervisory server settings,Partially met,No lockout on BAS accounts,Low,Enable lockout on the supervisory server; compensating monitoring for controllers,Controls Engineering Manager,2026-12-31,None
G-008,NIST SP 800-53 Rev. 5 (Release 5.2.0) Moderate baseline,AC-8,System Use Notification,"Base control, Moderate baseline (SP 800-53B)",Yes: contract for CT-S scope; benchmark for the rest of the FOTP,PR.AA-05,AC-8,Author mapping (no NIST CSF 2.0 informative reference for this control),The identity provider and jump host show a use notice. The BAS supervisory server and access control administrator portal do not,Screenshots,Partially met,Banner missing on two systems,Very Low,Add banners where the product supports them,IT/OT Systems Administrator,2026-12-31,None
G-009,NIST SP 800-53 Rev. 5 (Release 5.2.0) Moderate baseline,AC-11 with (1),Device Lock (with 1 Moderate enhancement),"Base control, Moderate baseline (SP 800-53B)",Yes: contract for CT-S scope; benchmark for the rest of the FOTP,PR.AA-05,AC-11,Author mapping (no NIST CSF 2.0 informative reference for this control),"Company laptops lock after 10 minutes. ROC workstations are exempted so alarms stay visible, and county engineering workstations have no lock",Endpoint policy report,Partially met,Lock exceptions without compensating control,Low,Lock ROC workstations with a visible alarm wallboard; lock county workstations,IT/OT Systems Administrator,2026-11-30,None
G-010,NIST SP 800-53 Rev. 5 (Release 5.2.0) Moderate baseline,AC-12,Session Termination,"Base control, Moderate baseline (SP 800-53B)",Yes: contract for CT-S scope; benchmark for the rest of the FOTP,PR.AA-03,AC-12,Official: NIST CSF 2.0 informative references to SP 800-53 Rev. 5.2.0 (00_universal/crosswalks/csf2_to_sp800-53r5.csv),Identity provider sessions end after 12 hours; access control portal sessions end after 30 minutes idle; jump host sessions end after 15 minutes idle,Session settings screenshots,Met,None,Very Low,None,IT/OT Systems Administrator,,None
G-011,NIST SP 800-53 Rev. 5 (Release 5.2.0) Moderate baseline,AC-14,Permitted Actions Without Identification or Authentication,"Base control, Moderate baseline (SP 800-53B)",Yes: contract for CT-S scope; benchmark for the rest of the FOTP,PR.AA-01,AC-14,Official: NIST CSF 2.0 informative references to SP 800-53 Rev. 5.2.0 (00_universal/crosswalks/csf2_to_sp800-53r5.csv),No actions are allowed without identification except viewing the public company website,Website review,Met,None,Very Low,None,IT Manager,,None
G-012,NIST SP 800-53 Rev. 5 (Release 5.2.0) Moderate baseline,"AC-17 with (1), (2), (3), (4)",Remote Access (with 4 Moderate enhancements),"Base control, Moderate baseline (SP 800-53B)",Yes: contract for CT-S scope; benchmark for the rest of the FOTP,PR.AA-05,AC-17,Official: NIST CSF 2.0 informative references to SP 800-53 Rev. 5.2.0 (00_universal/crosswalks/csf2_to_sp800-53r5.csv),A jump host with session recording exists but is bypassed: technicians use the site VPN directly and the integrator uses an always-on remote-support tool with no MFA or approval at a county site,Jump host logs (little use); remote-support tool found on county workstation 2026-07-16,Not met,"Remote access not controlled, monitored, or routed through managed access points; enhancements (1)-(4) unmet",Very High,"Remove the remote-support tool; force all remote access through the jump host with MFA, approval, and recording (R-001)",IT Manager,2026-10-15,"SP 800-82 Rev. 4 initial public draft (2026-09-21) adds building automation guidance; draft only, not used as a requirement"
G-013,NIST SP 800-53 Rev. 5 (Release 5.2.0) Moderate baseline,"AC-18 with (1), (3)",Wireless Access (with 2 Moderate enhancements),"Base control, Moderate baseline (SP 800-53B)",Yes: contract for CT-S scope; benchmark for the rest of the FOTP,PR.AA-05,AC-18,Official: NIST CSF 2.0 informative references to SP 800-53 Rev. 5.2.0 (00_universal/crosswalks/csf2_to_sp800-53r5.csv),The ROC office Wi-Fi uses enterprise authentication. Two county service centers have wireless BAS gateways installed by a prior contractor with a shared key,Wireless survey 2026-07-16,Partially met,Legacy wireless BAS gateways with shared keys,Low,Replace or disable the two wireless gateways with county approval,Controls Engineering Manager,2027-01-31,None
G-014,NIST SP 800-53 Rev. 5 (Release 5.2.0) Moderate baseline,AC-19 with (5),Access Control for Mobile Devices (with 1 Moderate enhancement),"Base control, Moderate baseline (SP 800-53B)",Yes: contract for CT-S scope; benchmark for the rest of the FOTP,PR.AA-05,AC-19,Official: NIST CSF 2.0 informative references to SP 800-53 Rev. 5.2.0 (00_universal/crosswalks/csf2_to_sp800-53r5.csv),Laptops and tablets are managed by device management with full-disk encryption. 6 technicians use personal phones for the CMMS app without management,Device management report,Partially met,Unmanaged phones reach the CMMS,Low,App protection policy for the CMMS app on personal phones,IT/OT Systems Administrator,2026-12-31,None
G-015,NIST SP 800-53 Rev. 5 (Release 5.2.0) Moderate baseline,"AC-20 with (1), (2)",Use of External Systems (with 2 Moderate enhancements),"Base control, Moderate baseline (SP 800-53B)",Yes: contract for CT-S scope; benchmark for the rest of the FOTP,ID.AM-02; ID.AM-04,AC-20,Official: NIST CSF 2.0 informative references to SP 800-53 Rev. 5.2.0 (00_universal/crosswalks/csf2_to_sp800-53r5.csv),Staff use GSA-furnished virtual desktop for GSA systems as required. There is no rule for using personal or subcontractor systems with company data,Interview; POL-05,Partially met,No terms for external systems (FAR 52.204-21(b)(1)(iii)),Moderate,POL-05 rule on external systems; subcontractor addendum,Contracts Manager,2026-12-31,None
G-016,NIST SP 800-53 Rev. 5 (Release 5.2.0) Moderate baseline,AC-21,Information Sharing,"Base control, Moderate baseline (SP 800-53B)",Yes: contract for CT-S scope; benchmark for the rest of the FOTP,PR.DS-10,AC-21,Author mapping (no NIST CSF 2.0 informative reference for this control),Drawings and door schedules are shared with subcontractors by email at the Site Manager's judgment,Email sample (3 CUI drawings sent unencrypted),Not met,No information sharing decisions for CUI and exempt security plans,Moderate,Sharing rules in POL-04: CUI and security system plans only to named subcontractors with handling terms,Contracts Manager,2026-11-30,None
G-017,NIST SP 800-53 Rev. 5 (Release 5.2.0) Moderate baseline,AC-22,Publicly Accessible Content,"Base control, Moderate baseline (SP 800-53B)",Yes: contract for CT-S scope; benchmark for the rest of the FOTP,PR.DS-10,AC-22,Author mapping (no NIST CSF 2.0 informative reference for this control),The company website has no customer or building information. The Office Manager posts content and the COO approves it,Website review,Met,None,Very Low,Annual website review,Chief Operating Officer,,None
G-018,NIST SP 800-53 Rev. 5 (Release 5.2.0) Moderate baseline,AT-1,Policy and Procedures,"Base control, Moderate baseline (SP 800-53B)",Yes: contract for CT-S scope; benchmark for the rest of the FOTP,GV.OC-03; GV.OV-01; GV.PO-01; GV.PO-02; GV.SC-03; ID.IM-01; ID.IM-02; ID.IM-03,AT-1,Official: NIST CSF 2.0 informative references to SP 800-53 Rev. 5.2.0 (00_universal/crosswalks/csf2_to_sp800-53r5.csv),Awareness and training rules are in POL-05 approved 2026-08-31. Training procedure not written,POL-05,Partially met,Procedures pending,Low,Training procedure and annual calendar,HR Manager,2026-11-30,None
G-019,NIST SP 800-53 Rev. 5 (Release 5.2.0) Moderate baseline,"AT-2 with (2), (3)",Literacy Training and Awareness (with 2 Moderate enhancements),"Base control, Moderate baseline (SP 800-53B)",Yes: contract for CT-S scope; benchmark for the rest of the FOTP,PR.AT-01,AT-2,Official: NIST CSF 2.0 informative references to SP 800-53 Rev. 5.2.0 (00_universal/crosswalks/csf2_to_sp800-53r5.csv),"All staff watch an annual generic awareness video. No phishing exercises, no insider threat or social engineering content",Training roster 2025,Partially met,"Content and frequency below the Moderate baseline; enhancements (2), (3) unmet",Moderate,Annual training with insider threat and social engineering modules; quarterly phishing exercises,IT Manager,2026-12-31,None
G-020,NIST SP 800-53 Rev. 5 (Release 5.2.0) Moderate baseline,AT-3,Role-based Training,"Base control, Moderate baseline (SP 800-53B)",Yes: contract for CT-S scope; benchmark for the rest of the FOTP,PR.AT-01; PR.AT-02,AT-3,Official: NIST CSF 2.0 informative references to SP 800-53 Rev. 5.2.0 (00_universal/crosswalks/csf2_to_sp800-53r5.csv),"No role-based training for BAS technicians, ROC operators, administrators, or CUI handlers. Federal site staff complete GSA annual IT security training",GSA training certificates (16),Not met,"No company role-based OT, CUI, or privileged-user training",Moderate,"Role-based modules for OT technicians, ROC operators, administrators, and CUI handlers",IT Manager,2026-12-31,None
G-021,NIST SP 800-53 Rev. 5 (Release 5.2.0) Moderate baseline,AT-4,Training Records,"Base control, Moderate baseline (SP 800-53B)",Yes: contract for CT-S scope; benchmark for the rest of the FOTP,PR.AT-01,AT-4,Author mapping (no NIST CSF 2.0 informative reference for this control),Video completion is recorded in the HR system. No retention rule for training records,HR system report,Partially met,Retention not defined,Very Low,Keep training records 3 years,HR Manager,2026-12-31,None
G-022,NIST SP 800-53 Rev. 5 (Release 5.2.0) Moderate baseline,AU-1,Policy and Procedures,"Base control, Moderate baseline (SP 800-53B)",Yes: contract for CT-S scope; benchmark for the rest of the FOTP,GV.OC-03; GV.OV-01; GV.PO-01; GV.PO-02; GV.SC-03; ID.IM-01; ID.IM-02; ID.IM-03,AU-1,Official: NIST CSF 2.0 informative references to SP 800-53 Rev. 5.2.0 (00_universal/crosswalks/csf2_to_sp800-53r5.csv),Logging rules are in POL-01 and POL-02. No logging procedure,POL-01,Partially met,Procedure pending,Low,Logging and review procedure,IT Manager,2026-11-30,None
G-023,NIST SP 800-53 Rev. 5 (Release 5.2.0) Moderate baseline,AU-2,Event Logging,"Base control, Moderate baseline (SP 800-53B)",Yes: contract for CT-S scope; benchmark for the rest of the FOTP,PR.PS-04,AU-2,Official: NIST CSF 2.0 informative references to SP 800-53 Rev. 5.2.0 (00_universal/crosswalks/csf2_to_sp800-53r5.csv),"The identity provider, cloud tenant, access control platform, and jump host generate events by default. Event types for the BAS supervisory server and edge firewalls are not defined",Vendor documentation; settings,Partially met,Event types not selected for OT components,Moderate,Define event types per component,IT Manager,2026-12-31,None
G-024,NIST SP 800-53 Rev. 5 (Release 5.2.0) Moderate baseline,AU-3 with (1),Content of Audit Records (with 1 Moderate enhancement),"Base control, Moderate baseline (SP 800-53B)",Yes: contract for CT-S scope; benchmark for the rest of the FOTP,PR.PS-04,AU-3,Official: NIST CSF 2.0 informative references to SP 800-53 Rev. 5.2.0 (00_universal/crosswalks/csf2_to_sp800-53r5.csv),"Access control and identity provider records include user, action, time, and source. BAS audit trail shows only the shared account name",BAS audit trail sample,Partially met,Records do not identify the individual on BAS,Moderate,Fixed by named accounts (AC-2),Controls Engineering Manager,2026-11-30,None
G-025,NIST SP 800-53 Rev. 5 (Release 5.2.0) Moderate baseline,AU-4,Audit Log Storage Capacity,"Base control, Moderate baseline (SP 800-53B)",Yes: contract for CT-S scope; benchmark for the rest of the FOTP,PR.PS-04,AU-4,Author mapping (no NIST CSF 2.0 informative reference for this control),Cloud logging storage scales automatically. Edge firewalls keep about 7 days locally,Firewall log settings,Partially met,Short local capacity at the edge,Low,Forward to the central log workspace,IT/OT Systems Administrator,2027-01-31,None
G-026,NIST SP 800-53 Rev. 5 (Release 5.2.0) Moderate baseline,AU-5,Response to Audit Logging Process Failures,"Base control, Moderate baseline (SP 800-53B)",Yes: contract for CT-S scope; benchmark for the rest of the FOTP,PR.PS-04,AU-5,Author mapping (no NIST CSF 2.0 informative reference for this control),No alert if logging stops on any component,Interview,Not met,No logging failure alerts,Low,Alert on missing log sources in the log workspace,IT/OT Systems Administrator,2027-01-31,None
G-027,NIST SP 800-53 Rev. 5 (Release 5.2.0) Moderate baseline,"AU-6 with (1), (3)","Audit Record Review, Analysis, and Reporting (with 2 Moderate enhancements)","Base control, Moderate baseline (SP 800-53B)",Yes: contract for CT-S scope; benchmark for the rest of the FOTP,DE.AE-02; DE.AE-03; PR.PS-04,AU-6,Official: NIST CSF 2.0 informative references to SP 800-53 Rev. 5.2.0 (00_universal/crosswalks/csf2_to_sp800-53r5.csv),"No one reviews jump host, administrator portal, BAS supervisory, or firewall logs",Interview IT Manager 2026-07-14,Not met,"No review, analysis, or reporting; enhancements (1), (3) unmet",Moderate,Central log workspace; weekly review; alert rules for door schedule changes and remote sessions (R-017),IT Manager,2027-01-31,None
G-028,NIST SP 800-53 Rev. 5 (Release 5.2.0) Moderate baseline,AU-7 with (1),Audit Record Reduction and Report Generation (with 1 Moderate enhancement),"Base control, Moderate baseline (SP 800-53B)",Yes: contract for CT-S scope; benchmark for the rest of the FOTP,PR.PS-04; RS.AN-03; RS.AN-06; RS.AN-07,AU-7,Official: NIST CSF 2.0 informative references to SP 800-53 Rev. 5.2.0 (00_universal/crosswalks/csf2_to_sp800-53r5.csv),No log reduction or report tooling,Interview,Not met,No reporting capability,Low,Provided by the log workspace,IT Manager,2027-01-31,None
G-029,NIST SP 800-53 Rev. 5 (Release 5.2.0) Moderate baseline,AU-8,Time Stamps,"Base control, Moderate baseline (SP 800-53B)",Yes: contract for CT-S scope; benchmark for the rest of the FOTP,PR.PS-04,AU-8,Author mapping (no NIST CSF 2.0 informative reference for this control),"Company systems, edge firewalls, and the supervisory server sync to the cloud provider time service; field controllers sync from the supervisory server",NTP settings,Met,None,Very Low,None,IT/OT Systems Administrator,,None
G-030,NIST SP 800-53 Rev. 5 (Release 5.2.0) Moderate baseline,AU-9 with (4),Protection of Audit Information (with 1 Moderate enhancement),"Base control, Moderate baseline (SP 800-53B)",Yes: contract for CT-S scope; benchmark for the rest of the FOTP,PR.DS-10,AU-9,Official: NIST CSF 2.0 informative references to SP 800-53 Rev. 5.2.0 (00_universal/crosswalks/csf2_to_sp800-53r5.csv),Cloud audit logs are write-protected by the provider. BAS audit trail can be cleared by the shared administrator account,Settings review,Partially met,BAS audit trail not protected,Low,Forward BAS audit trail off-host; restrict clear rights,Controls Engineering Manager,2027-01-31,None
G-031,NIST SP 800-53 Rev. 5 (Release 5.2.0) Moderate baseline,AU-11,Audit Record Retention,"Base control, Moderate baseline (SP 800-53B)",Yes: contract for CT-S scope; benchmark for the rest of the FOTP,PR.PS-04,AU-11,Official: NIST CSF 2.0 informative references to SP 800-53 Rev. 5.2.0 (00_universal/crosswalks/csf2_to_sp800-53r5.csv),"Default retention: identity provider 30 days, cloud 90 days, access control platform 1 year, edge firewalls 7 days",Retention settings,Partially met,Retention below 1 year for most sources; contract needs records for investigations,Moderate,1-year retention in the log workspace,IT Manager,2027-01-31,None
G-032,NIST SP 800-53 Rev. 5 (Release 5.2.0) Moderate baseline,AU-12,Audit Record Generation,"Base control, Moderate baseline (SP 800-53B)",Yes: contract for CT-S scope; benchmark for the rest of the FOTP,DE.CM-01; DE.CM-03; DE.CM-09; PR.PS-04,AU-12,Official: NIST CSF 2.0 informative references to SP 800-53 Rev. 5.2.0 (00_universal/crosswalks/csf2_to_sp800-53r5.csv),Audit generation is on by default in cloud and SaaS services. Not enabled on edge firewalls for allowed traffic,Configuration export,Partially met,Edge firewall allowed-traffic logging off,Low,Enable logging,IT/OT Systems Administrator,2026-10-31,None
G-033,NIST SP 800-53 Rev. 5 (Release 5.2.0) Moderate baseline,CA-1,Policy and Procedures,"Base control, Moderate baseline (SP 800-53B)",Yes: contract for CT-S scope; benchmark for the rest of the FOTP,GV.OC-03; GV.OV-01; GV.PO-01; GV.PO-02; GV.SC-03; ID.IM-01; ID.IM-02; ID.IM-03,CA-1,Official: NIST CSF 2.0 informative references to SP 800-53 Rev. 5.2.0 (00_universal/crosswalks/csf2_to_sp800-53r5.csv),Assessment rules in POL-01. No assessment procedure,POL-01,Partially met,Procedure pending,Low,Assessment procedure,IT Manager,2026-12-31,None
G-034,NIST SP 800-53 Rev. 5 (Release 5.2.0) Moderate baseline,CA-2 with (1),Control Assessments (with 1 Moderate enhancement),"Base control, Moderate baseline (SP 800-53B)",Yes: contract for CT-S scope; benchmark for the rest of the FOTP,ID.IM-01; ID.IM-02; ID.IM-03; ID.RA-01,CA-2,Official: NIST CSF 2.0 informative references to SP 800-53 Rev. 5.2.0 (00_universal/crosswalks/csf2_to_sp800-53r5.csv),Independent control assessment 2026-08-03 to 2026-08-07 (P07); annual assessment required by the state exhibit,P07 assessment results,Met,None,Low,Annual assessment,IT Manager,2027-08-31,None
G-035,NIST SP 800-53 Rev. 5 (Release 5.2.0) Moderate baseline,CA-3,Information Exchange,"Base control, Moderate baseline (SP 800-53B)",Yes: contract for CT-S scope; benchmark for the rest of the FOTP,ID.AM-03; PR.DS-01; PR.DS-02; PR.DS-10,CA-3,Official: NIST CSF 2.0 informative references to SP 800-53 Rev. 5.2.0 (00_universal/crosswalks/csf2_to_sp800-53r5.csv),Site-to-site connections to state and county networks exist without written interconnection terms; the county addendum covers them only generally,Contracts; VPN list,Partially met,No interconnection security agreements,Moderate,Short interconnection agreements with state and county IT,Contracts Manager,2027-03-31,None
G-036,NIST SP 800-53 Rev. 5 (Release 5.2.0) Moderate baseline,CA-5,Plan of Action and Milestones,"Base control, Moderate baseline (SP 800-53B)",Yes: contract for CT-S scope; benchmark for the rest of the FOTP,ID.IM-01; ID.IM-02; ID.IM-03,CA-5,Official: NIST CSF 2.0 informative references to SP 800-53 Rev. 5.2.0 (00_universal/crosswalks/csf2_to_sp800-53r5.csv),POA&M kept in P07 with owners and dates,P07 poam.csv,Met,None,Very Low,Quarterly update,IT Manager,,None
G-037,NIST SP 800-53 Rev. 5 (Release 5.2.0) Moderate baseline,CA-6,Authorization,"Base control, Moderate baseline (SP 800-53B)",Yes: contract for CT-S scope; benchmark for the rest of the FOTP,GV.RR-01,CA-6,Author mapping (no NIST CSF 2.0 informative reference for this control),The COO accepted operation of the FOTP on 2026-08-31 with POA&M conditions (internal authorization). The state agency has not formally accepted the contractor system,SSP section 4.2,Partially met,No customer acceptance,Low,Submit SSP and POA&M to the state agency,Chief Operating Officer,2026-10-31,None
G-038,NIST SP 800-53 Rev. 5 (Release 5.2.0) Moderate baseline,"CA-7 with (1), (4)",Continuous Monitoring (with 2 Moderate enhancements),"Base control, Moderate baseline (SP 800-53B)",Yes: contract for CT-S scope; benchmark for the rest of the FOTP,DE.AE-02; DE.AE-03; DE.CM-01; DE.CM-02; DE.CM-03; DE.CM-06; DE.CM-09; ID.IM-01; ID.IM-02; ID.IM-03; ID.RA-01; ID.RA-07,CA-7,Official: NIST CSF 2.0 informative references to SP 800-53 Rev. 5.2.0 (00_universal/crosswalks/csf2_to_sp800-53r5.csv),No continuous monitoring strategy,Interview,Not met,No ongoing monitoring of control effectiveness; enhancement (4) unmet,Moderate,"Monthly metrics (patching, access reviews, backups, logs) to the COO",IT Manager,2026-12-31,None
G-039,NIST SP 800-53 Rev. 5 (Release 5.2.0) Moderate baseline,CA-9,Internal System Connections,"Base control, Moderate baseline (SP 800-53B)",Yes: contract for CT-S scope; benchmark for the rest of the FOTP,ID.AM-03,CA-9,Official: NIST CSF 2.0 informative references to SP 800-53 Rev. 5.2.0 (00_universal/crosswalks/csf2_to_sp800-53r5.csv),"Internal connections (supervisory server to controllers, jump host to sites) are known but not documented",Interview,Partially met,Not documented,Low,Document in the SSP and network diagram,IT/OT Systems Administrator,2026-12-31,None
G-040,NIST SP 800-53 Rev. 5 (Release 5.2.0) Moderate baseline,CM-1,Policy and Procedures,"Base control, Moderate baseline (SP 800-53B)",Yes: contract for CT-S scope; benchmark for the rest of the FOTP,GV.OC-03; GV.OV-01; GV.PO-01; GV.PO-02; GV.SC-03; ID.IM-01; ID.IM-02; ID.IM-03; PR.PS-01,CM-1,Official: NIST CSF 2.0 informative references to SP 800-53 Rev. 5.2.0 (00_universal/crosswalks/csf2_to_sp800-53r5.csv),Configuration rules in POL-01 and POL-02. No configuration management procedure,POL-01,Partially met,Procedure pending,Low,Configuration management procedure,IT Manager,2026-12-31,None
G-041,NIST SP 800-53 Rev. 5 (Release 5.2.0) Moderate baseline,"CM-2 with (2), (3), (7)",Baseline Configuration (with 3 Moderate enhancements),"Base control, Moderate baseline (SP 800-53B)",Yes: contract for CT-S scope; benchmark for the rest of the FOTP,PR.PS-01,CM-2,Official: NIST CSF 2.0 informative references to SP 800-53 Rev. 5.2.0 (00_universal/crosswalks/csf2_to_sp800-53r5.csv),"Company laptops use a standard image. No baseline for the supervisory server, edge firewalls, or controller programs",Image record,Partially met,"No OT baselines; enhancements (2), (3), (7) unmet",Moderate,"Baselines for supervisory server, edge firewalls, and program repository (R-007)",Controls Engineering Manager,2026-12-31,None
G-042,NIST SP 800-53 Rev. 5 (Release 5.2.0) Moderate baseline,"CM-3 with (2), (4)",Configuration Change Control (with 2 Moderate enhancements),"Base control, Moderate baseline (SP 800-53B)",Yes: contract for CT-S scope; benchmark for the rest of the FOTP,DE.CM-01; DE.CM-09; ID.RA-07; PR.PS-01,CM-3,Official: NIST CSF 2.0 informative references to SP 800-53 Rev. 5.2.0 (00_universal/crosswalks/csf2_to_sp800-53r5.csv),BAS program and door schedule changes are made by technicians without review or a change record,Interview; CMMS,Not met,"No change control; enhancements (2), (4) unmet",Moderate,Change tickets in the CMMS with Controls Engineering Manager approval,Controls Engineering Manager,2026-12-31,None
G-043,NIST SP 800-53 Rev. 5 (Release 5.2.0) Moderate baseline,CM-4 with (2),Impact Analyses (with 1 Moderate enhancement),"Base control, Moderate baseline (SP 800-53B)",Yes: contract for CT-S scope; benchmark for the rest of the FOTP,ID.RA-07; PR.PS-01,CM-4,Official: NIST CSF 2.0 informative references to SP 800-53 Rev. 5.2.0 (00_universal/crosswalks/csf2_to_sp800-53r5.csv),No security impact analysis before changes,Interview,Not met,No impact analysis,Low,Add a security question set to change tickets,Controls Engineering Manager,2026-12-31,None
G-044,NIST SP 800-53 Rev. 5 (Release 5.2.0) Moderate baseline,CM-5,Access Restrictions for Change,"Base control, Moderate baseline (SP 800-53B)",Yes: contract for CT-S scope; benchmark for the rest of the FOTP,PR.PS-01,CM-5,Official: NIST CSF 2.0 informative references to SP 800-53 Rev. 5.2.0 (00_universal/crosswalks/csf2_to_sp800-53r5.csv),Cloud and firewall changes limited to 2 administrators. Any BAS technician can change programs,Admin lists,Partially met,BAS change rights not restricted,Moderate,Restrict with BAS roles (AC-6),Controls Engineering Manager,2026-11-30,None
G-045,NIST SP 800-53 Rev. 5 (Release 5.2.0) Moderate baseline,CM-6,Configuration Settings,"Base control, Moderate baseline (SP 800-53B)",Yes: contract for CT-S scope; benchmark for the rest of the FOTP,DE.CM-09; PR.PS-01,CM-6,Official: NIST CSF 2.0 informative references to SP 800-53 Rev. 5.2.0 (00_universal/crosswalks/csf2_to_sp800-53r5.csv),Laptops are hardened by device management. Default passwords found on 9 controllers and 1 NVR (P07); supervisory server not hardened,P07 test results,Partially met,OT configuration settings not defined or enforced,Moderate,Hardening checklist for OT components (SP 800-82 Rev. 3); default credential checks,Controls Engineering Manager,2026-12-31,"SP 800-82 Rev. 4 initial public draft (2026-09-21) adds building automation guidance; draft only, not used as a requirement"
G-046,NIST SP 800-53 Rev. 5 (Release 5.2.0) Moderate baseline,"CM-7 with (1), (2), (5)",Least Functionality (with 3 Moderate enhancements),"Base control, Moderate baseline (SP 800-53B)",Yes: contract for CT-S scope; benchmark for the rest of the FOTP,PR.PS-01,CM-7,Official: NIST CSF 2.0 informative references to SP 800-53 Rev. 5.2.0 (00_universal/crosswalks/csf2_to_sp800-53r5.csv),Unneeded services disabled on laptops. Supervisory server runs unused web services; county workstations allow internet,Port scan,Partially met,"Unneeded services on OT; enhancements (1), (2), (5) partly unmet",Low,Disable services; allow-list on OT workstations,IT/OT Systems Administrator,2027-01-31,None
G-047,NIST SP 800-53 Rev. 5 (Release 5.2.0) Moderate baseline,"CM-8 with (1), (3)",System Component Inventory (with 2 Moderate enhancements),"Base control, Moderate baseline (SP 800-53B)",Yes: contract for CT-S scope; benchmark for the rest of the FOTP,ID.AM-01; ID.AM-02; PR.PS-01,CM-8,Official: NIST CSF 2.0 informative references to SP 800-53 Rev. 5.2.0 (00_universal/crosswalks/csf2_to_sp800-53r5.csv),"The CMMS lists customer equipment for maintenance, not as a security inventory. 23 BACnet devices at the county government center were not listed (P07)",CMMS asset export; P07 discovery,Partially met,"No reconciled OT inventory; enhancements (1), (3) unmet",Moderate,"Reconciled OT inventory per site, updated quarterly (R-032)",Controls Engineering Manager,2026-12-31,"SP 800-82 Rev. 4 initial public draft (2026-09-21) adds building automation guidance; draft only, not used as a requirement"
G-048,NIST SP 800-53 Rev. 5 (Release 5.2.0) Moderate baseline,CM-9,Configuration Management Plan,"Base control, Moderate baseline (SP 800-53B)",Yes: contract for CT-S scope; benchmark for the rest of the FOTP,ID.AM-08; PR.PS-01,CM-9,Official: NIST CSF 2.0 informative references to SP 800-53 Rev. 5.2.0 (00_universal/crosswalks/csf2_to_sp800-53r5.csv),No configuration management plan,Interview,Not met,No plan,Low,Include in the configuration management procedure,IT Manager,2026-12-31,None
G-049,NIST SP 800-53 Rev. 5 (Release 5.2.0) Moderate baseline,CM-10,Software Usage Restrictions,"Base control, Moderate baseline (SP 800-53B)",Yes: contract for CT-S scope; benchmark for the rest of the FOTP,DE.CM-03; DE.CM-09; PR.PS-01,CM-10,Official: NIST CSF 2.0 informative references to SP 800-53 Rev. 5.2.0 (00_universal/crosswalks/csf2_to_sp800-53r5.csv),Software licenses tracked by the Controller; BAS software licensed to the company,License register,Met,None,Very Low,None,IT Manager,,None
G-050,NIST SP 800-53 Rev. 5 (Release 5.2.0) Moderate baseline,CM-11,User-installed Software,"Base control, Moderate baseline (SP 800-53B)",Yes: contract for CT-S scope; benchmark for the rest of the FOTP,DE.CM-03; DE.CM-09; PR.PS-01; PR.PS-02,CM-11,Official: NIST CSF 2.0 informative references to SP 800-53 Rev. 5.2.0 (00_universal/crosswalks/csf2_to_sp800-53r5.csv),Users cannot install software on laptops. County engineering workstations allow installs,Endpoint policy,Partially met,OT workstations not restricted,Low,Restrict installs on OT workstations,IT/OT Systems Administrator,2026-12-31,None
G-051,NIST SP 800-53 Rev. 5 (Release 5.2.0) Moderate baseline,CM-12 with (1),Information Location (with 1 Moderate enhancement),"Base control, Moderate baseline (SP 800-53B)",Yes: contract for CT-S scope; benchmark for the rest of the FOTP,ID.AM-07,CM-12,Official: NIST CSF 2.0 informative references to SP 800-53 Rev. 5.2.0 (00_universal/crosswalks/csf2_to_sp800-53r5.csv),"No record of where state, county, and CUI data are stored",Interview,Not met,Information location not identified,Moderate,Data location register in POL-04 scope,Contracts Manager,2026-12-31,None
G-052,NIST SP 800-53 Rev. 5 (Release 5.2.0) Moderate baseline,CP-1,Policy and Procedures,"Base control, Moderate baseline (SP 800-53B)",Yes: contract for CT-S scope; benchmark for the rest of the FOTP,GV.OC-03; GV.OV-01; GV.PO-01; GV.PO-02; GV.SC-03; GV.SC-08; ID.IM-01; ID.IM-02; ID.IM-03,CP-1,Official: NIST CSF 2.0 informative references to SP 800-53 Rev. 5.2.0 (00_universal/crosswalks/csf2_to_sp800-53r5.csv),Contingency rules in POL-01. No contingency planning procedure,POL-01,Partially met,Procedure pending,Low,Contingency planning procedure,Chief Operating Officer,2026-12-31,None
G-053,NIST SP 800-53 Rev. 5 (Release 5.2.0) Moderate baseline,"CP-2 with (1), (3), (8)",Contingency Plan (with 3 Moderate enhancements),"Base control, Moderate baseline (SP 800-53B)",Yes: contract for CT-S scope; benchmark for the rest of the FOTP,ID.IM-01; ID.IM-02; ID.IM-03; ID.IM-04; PR.IR-02; RC.CO-04; RC.RP-03,CP-2,Official: NIST CSF 2.0 informative references to SP 800-53 Rev. 5.2.0 (00_universal/crosswalks/csf2_to_sp800-53r5.csv),No contingency plan for the FOTP. Building recovery procedures exist only for the federal building (required by the BTTRG); none for state or county buildings. BIA completed 2026-08-31 (P05),P05 BIA; federal building recovery procedures,Not met,"No plan; enhancements (1), (3), (8) unmet",High,Contingency plan with manual-mode procedures per building (R-008),Director of Operations,2026-12-31,"SP 800-82 Rev. 4 initial public draft (2026-09-21) adds building automation guidance; draft only, not used as a requirement"
G-054,NIST SP 800-53 Rev. 5 (Release 5.2.0) Moderate baseline,CP-3,Contingency Training,"Base control, Moderate baseline (SP 800-53B)",Yes: contract for CT-S scope; benchmark for the rest of the FOTP,PR.AT-02,CP-3,Author mapping (no NIST CSF 2.0 informative reference for this control),No contingency training,Interview,Not met,No training,Low,Train Site Managers and ROC operators on the plan,Director of Operations,2027-03-31,None
G-055,NIST SP 800-53 Rev. 5 (Release 5.2.0) Moderate baseline,CP-4 with (1),Contingency Plan Testing (with 1 Moderate enhancement),"Base control, Moderate baseline (SP 800-53B)",Yes: contract for CT-S scope; benchmark for the rest of the FOTP,ID.IM-02; RC.RP-03,CP-4,Official: NIST CSF 2.0 informative references to SP 800-53 Rev. 5.2.0 (00_universal/crosswalks/csf2_to_sp800-53r5.csv),No restore or manual-mode test for state or county sites. The federal building recovery exercise was run with GSA in March 2026,GSA exercise summary,Not met,No tests of FOTP recovery; enhancement (1) unmet,High,Quarterly restore tests; annual manual-mode exercise per site,IT Manager,2026-12-31,None
G-056,NIST SP 800-53 Rev. 5 (Release 5.2.0) Moderate baseline,"CP-6 with (1), (3)",Alternate Storage Site (with 2 Moderate enhancements),"Base control, Moderate baseline (SP 800-53B)",Yes: contract for CT-S scope; benchmark for the rest of the FOTP,PR.DS-11; PR.IR-04,CP-6,Official: NIST CSF 2.0 informative references to SP 800-53 Rev. 5.2.0 (00_universal/crosswalks/csf2_to_sp800-53r5.csv),Backups are stored in the same cloud account and region as production,Backup settings,Not met,"No alternate storage site; enhancements (1), (3) unmet",High,Separate backup account in a second region (R-006),IT Manager,2026-12-31,None
G-057,NIST SP 800-53 Rev. 5 (Release 5.2.0) Moderate baseline,"CP-7 with (1), (2), (3)",Alternate Processing Site (with 3 Moderate enhancements),"Base control, Moderate baseline (SP 800-53B)",Yes: contract for CT-S scope; benchmark for the rest of the FOTP,PR.IR-04,CP-7,Official: NIST CSF 2.0 informative references to SP 800-53 Rev. 5.2.0 (00_universal/crosswalks/csf2_to_sp800-53r5.csv),No alternate processing site or alternate ROC,Interview,Not met,No alternate site; enhancements (1)-(3) unmet,Moderate,Second-region restore capability; remote ROC operation from laptops,Director of Operations,2027-05-31,None
G-058,NIST SP 800-53 Rev. 5 (Release 5.2.0) Moderate baseline,"CP-8 with (1), (2)",Telecommunications Services (with 2 Moderate enhancements),"Base control, Moderate baseline (SP 800-53B)",Yes: contract for CT-S scope; benchmark for the rest of the FOTP,PR.IR-04,CP-8,Official: NIST CSF 2.0 informative references to SP 800-53 Rev. 5.2.0 (00_universal/crosswalks/csf2_to_sp800-53r5.csv),Each site has one internet circuit. The ROC has a cellular backup,Circuit list,Partially met,"Single circuits at sites; enhancements (1), (2) unmet",Low,Cellular failover for state and county edge gateways,IT/OT Systems Administrator,2027-03-31,None
G-059,NIST SP 800-53 Rev. 5 (Release 5.2.0) Moderate baseline,"CP-9 with (1), (8)",System Backup (with 2 Moderate enhancements),"Base control, Moderate baseline (SP 800-53B)",Yes: contract for CT-S scope; benchmark for the rest of the FOTP,PR.DS-01; PR.DS-10; PR.DS-11; RC.RP-03,CP-9,Official: NIST CSF 2.0 informative references to SP 800-53 Rev. 5.2.0 (00_universal/crosswalks/csf2_to_sp800-53r5.csv),"Daily backups of VMs and file storage in the same account and region, not immutable. Controller programs only on laptops. The access control vendor backs up its SaaS",Backup job reports,Partially met,"Backups exposed and incomplete; enhancements (1), (8) unmet",High,Immutable separate-account backups; central controller program repository; encryption,IT Manager,2026-12-31,None
G-060,NIST SP 800-53 Rev. 5 (Release 5.2.0) Moderate baseline,CP-10 with (2),System Recovery and Reconstitution (with 1 Moderate enhancement),"Base control, Moderate baseline (SP 800-53B)",Yes: contract for CT-S scope; benchmark for the rest of the FOTP,RC.RP-01; RC.RP-02; RC.RP-05,CP-10,Official: NIST CSF 2.0 informative references to SP 800-53 Rev. 5.2.0 (00_universal/crosswalks/csf2_to_sp800-53r5.csv),No recovery procedure for the supervisory server or controllers,Interview,Not met,No documented recovery; enhancement (2) unmet,Moderate,Recovery runbooks in the contingency plan,Controls Engineering Manager,2026-12-31,None
G-061,NIST SP 800-53 Rev. 5 (Release 5.2.0) Moderate baseline,IA-1,Policy and Procedures,"Base control, Moderate baseline (SP 800-53B)",Yes: contract for CT-S scope; benchmark for the rest of the FOTP,GV.OC-03; GV.OV-01; GV.PO-01; GV.PO-02; GV.SC-03; ID.IM-01; ID.IM-02; ID.IM-03; PR.AA-01,IA-1,Official: NIST CSF 2.0 informative references to SP 800-53 Rev. 5.2.0 (00_universal/crosswalks/csf2_to_sp800-53r5.csv),Identification rules in POL-02. No procedure,POL-02,Partially met,Procedure pending,Low,Identity procedure,IT Manager,2026-11-30,None
G-062,NIST SP 800-53 Rev. 5 (Release 5.2.0) Moderate baseline,"IA-2 with (1), (2), (8), (12)",Identification and Authentication (Organizational Users) (with 4 Moderate enhancements),"Base control, Moderate baseline (SP 800-53B)",Yes: contract for CT-S scope; benchmark for the rest of the FOTP,PR.AA-01; PR.AA-03,IA-2,Official: NIST CSF 2.0 informative references to SP 800-53 Rev. 5.2.0 (00_universal/crosswalks/csf2_to_sp800-53r5.csv),All company users sign in to the identity provider with MFA. Shared accounts on the BAS supervisory server; the integrator tool has no MFA,IdP export; P07 tests,Partially met,"Shared accounts and MFA gaps on OT access; enhancements (1), (2), (8), (12) partly unmet",High,Named accounts federated to the identity provider; MFA for all remote OT access,IT Manager,2026-10-15,None
G-063,NIST SP 800-53 Rev. 5 (Release 5.2.0) Moderate baseline,IA-3,Device Identification and Authentication,"Base control, Moderate baseline (SP 800-53B)",Yes: contract for CT-S scope; benchmark for the rest of the FOTP,PR.AA-01; PR.AA-03,IA-3,Official: NIST CSF 2.0 informative references to SP 800-53 Rev. 5.2.0 (00_universal/crosswalks/csf2_to_sp800-53r5.csv),Devices on site OT networks are not authenticated; any device plugged in can talk BACnet,Walkthrough 2026-07-16,Not met,No device identification,Moderate,Port security or device allow-list on OT switches owned by the company,IT/OT Systems Administrator,2027-03-31,None
G-064,NIST SP 800-53 Rev. 5 (Release 5.2.0) Moderate baseline,IA-4 with (4),Identifier Management (with 1 Moderate enhancement),"Base control, Moderate baseline (SP 800-53B)",Yes: contract for CT-S scope; benchmark for the rest of the FOTP,PR.AA-01,IA-4,Official: NIST CSF 2.0 informative references to SP 800-53 Rev. 5.2.0 (00_universal/crosswalks/csf2_to_sp800-53r5.csv),Identity provider IDs are unique and never reused. Shared BAS accounts,IdP export,Partially met,Shared identifiers on BAS,Moderate,Fixed with AC-2 named accounts,Controls Engineering Manager,2026-11-30,None
G-065,NIST SP 800-53 Rev. 5 (Release 5.2.0) Moderate baseline,"IA-5 with (1), (2), (6)",Authenticator Management (with 3 Moderate enhancements),"Base control, Moderate baseline (SP 800-53B)",Yes: contract for CT-S scope; benchmark for the rest of the FOTP,PR.AA-01; PR.AA-03,IA-5,Official: NIST CSF 2.0 informative references to SP 800-53 Rev. 5.2.0 (00_universal/crosswalks/csf2_to_sp800-53r5.csv),Identity provider enforces 14-character passwords and a banned list. Default passwords on 9 controllers and 1 NVR; shared BAS password unchanged since 2023; integrator credentials stored in its own spreadsheet,P07 tests; interview,Partially met,"Default and shared authenticators; enhancements (1), (2), (6) partly unmet",High,Change defaults; password vault for device credentials; rotate on staff exit,Controls Engineering Manager,2026-09-30,None
G-066,NIST SP 800-53 Rev. 5 (Release 5.2.0) Moderate baseline,IA-6,Authentication Feedback,"Base control, Moderate baseline (SP 800-53B)",Yes: contract for CT-S scope; benchmark for the rest of the FOTP,PR.AA-01,IA-6,Official: NIST CSF 2.0 informative references to SP 800-53 Rev. 5.2.0 (00_universal/crosswalks/csf2_to_sp800-53r5.csv),Passwords are masked on all login screens tested,P07 observation,Met,None,Very Low,None,IT/OT Systems Administrator,,None
G-067,NIST SP 800-53 Rev. 5 (Release 5.2.0) Moderate baseline,IA-7,Cryptographic Module Authentication,"Base control, Moderate baseline (SP 800-53B)",Yes: contract for CT-S scope; benchmark for the rest of the FOTP,PR.AA-01; PR.AA-03,IA-7,Official: NIST CSF 2.0 informative references to SP 800-53 Rev. 5.2.0 (00_universal/crosswalks/csf2_to_sp800-53r5.csv),Cryptographic modules used by the identity provider and cloud services are FIPS-validated per their SOC 2 system descriptions,Vendor SOC 2 reports,Met,None,Very Low,Annual vendor report review,IT/OT Systems Administrator,,None
G-068,NIST SP 800-53 Rev. 5 (Release 5.2.0) Moderate baseline,"IA-8 with (1), (2), (4)",Identification and Authentication (Non-organizational Users) (with 3 Moderate enhancements),"Base control, Moderate baseline (SP 800-53B)",Yes: contract for CT-S scope; benchmark for the rest of the FOTP,PR.AA-01; PR.AA-03,IA-8,Official: NIST CSF 2.0 informative references to SP 800-53 Rev. 5.2.0 (00_universal/crosswalks/csf2_to_sp800-53r5.csv),Subcontractor staff with company access get guest accounts with MFA. The integrator uses its own tool outside the identity provider,Guest account list,Partially met,Integrator not identified through the identity provider,Moderate,Integrator guest accounts on the jump host,IT Manager,2026-10-15,None
G-069,NIST SP 800-53 Rev. 5 (Release 5.2.0) Moderate baseline,IA-11,Re-authentication,"Base control, Moderate baseline (SP 800-53B)",Yes: contract for CT-S scope; benchmark for the rest of the FOTP,PR.AA-01; PR.AA-03,IA-11,Official: NIST CSF 2.0 informative references to SP 800-53 Rev. 5.2.0 (00_universal/crosswalks/csf2_to_sp800-53r5.csv),Re-authentication required for privileged role activation and after 12-hour sessions,Conditional access policy,Met,None,Very Low,None,IT/OT Systems Administrator,,None
G-070,NIST SP 800-53 Rev. 5 (Release 5.2.0) Moderate baseline,"IA-12 with (2), (3), (5)",Identity Proofing (with 3 Moderate enhancements),"Base control, Moderate baseline (SP 800-53B)",Yes: contract for CT-S scope; benchmark for the rest of the FOTP,PR.AA-02,IA-12,Official: NIST CSF 2.0 informative references to SP 800-53 Rev. 5.2.0 (00_universal/crosswalks/csf2_to_sp800-53r5.csv),Staff identity is proofed at hire with I-9 documents and fingerprint background checks. Subcontractor staff identity is not proofed by the company,HR checklist,Partially met,Subcontractor staff not proofed,Low,Require the subcontractor to attest identity proofing,HR Manager,2026-12-31,None
G-071,NIST SP 800-53 Rev. 5 (Release 5.2.0) Moderate baseline,IR-1,Policy and Procedures,"Base control, Moderate baseline (SP 800-53B)",Yes: contract for CT-S scope; benchmark for the rest of the FOTP,GV.OC-03; GV.OV-01; GV.PO-01; GV.PO-02; GV.SC-03; GV.SC-08; ID.IM-01; ID.IM-02; ID.IM-03; RC.RP-04,IR-1,Official: NIST CSF 2.0 informative references to SP 800-53 Rev. 5.2.0 (00_universal/crosswalks/csf2_to_sp800-53r5.csv),POL-03 Incident Response Policy approved 2026-08-31,POL-03,Met,None,Low,Annual review,IT Manager,,None
G-072,NIST SP 800-53 Rev. 5 (Release 5.2.0) Moderate baseline,IR-2,Incident Response Training,"Base control, Moderate baseline (SP 800-53B)",Yes: contract for CT-S scope; benchmark for the rest of the FOTP,PR.AT-02,IR-2,Author mapping (no NIST CSF 2.0 informative reference for this control),No incident response training,Interview,Not met,No training,Moderate,"Training for ROC operators, Site Managers, and technicians",IT Manager,2026-12-31,None
G-073,NIST SP 800-53 Rev. 5 (Release 5.2.0) Moderate baseline,IR-3 with (2),Incident Response Testing (with 1 Moderate enhancement),"Base control, Moderate baseline (SP 800-53B)",Yes: contract for CT-S scope; benchmark for the rest of the FOTP,ID.IM-02,IR-3,Official: NIST CSF 2.0 informative references to SP 800-53 Rev. 5.2.0 (00_universal/crosswalks/csf2_to_sp800-53r5.csv),Runbook (P08) not yet tested,P08,Not met,No test,Moderate,Tabletop with each customer,IT Manager,2026-11-30,None
G-074,NIST SP 800-53 Rev. 5 (Release 5.2.0) Moderate baseline,IR-4 with (1),Incident Handling (with 1 Moderate enhancement),"Base control, Moderate baseline (SP 800-53B)",Yes: contract for CT-S scope; benchmark for the rest of the FOTP,DE.AE-02; DE.AE-03; DE.AE-06; DE.AE-08; ID.IM-01; ID.IM-02; ID.IM-03; RC.CO-03; RC.CO-04; RC.RP-01; RC.RP-02; RC.RP-06; RS.AN-03; RS.AN-06; RS.AN-07; RS.AN-08; RS.CO-02; RS.CO-03; RS.MA-02; RS.MA-03; RS.MA-04; RS.MA-05; RS.MI-01; RS.MI-02,IR-4,Official: NIST CSF 2.0 informative references to SP 800-53 Rev. 5.2.0 (00_universal/crosswalks/csf2_to_sp800-53r5.csv),"Runbook for OT intrusion (P08) approved 2026-08-31. Before that, incidents were handled ad hoc",P08,Partially met,Untested; no automated support; enhancement (1) unmet,Moderate,Tabletop; incident tracking in the CMMS security category,IT Manager,2026-11-30,None
G-075,NIST SP 800-53 Rev. 5 (Release 5.2.0) Moderate baseline,IR-5,Incident Monitoring,"Base control, Moderate baseline (SP 800-53B)",Yes: contract for CT-S scope; benchmark for the rest of the FOTP,DE.AE-03; RS.MA-02; RS.MA-03; RS.MA-04,IR-5,Official: NIST CSF 2.0 informative references to SP 800-53 Rev. 5.2.0 (00_universal/crosswalks/csf2_to_sp800-53r5.csv),No incident log,Interview,Not met,No tracking,Low,Security incident category in the CMMS,IT Manager,2026-10-31,None
G-076,NIST SP 800-53 Rev. 5 (Release 5.2.0) Moderate baseline,"IR-6 with (1), (3)",Incident Reporting (with 2 Moderate enhancements),"Base control, Moderate baseline (SP 800-53B)",Yes: contract for CT-S scope; benchmark for the rest of the FOTP,RC.CO-03; RS.AN-06; RS.AN-07; RS.CO-02; RS.CO-03; RS.MA-01; RS.MA-02; RS.MA-03; RS.MA-04,IR-6,Official: NIST CSF 2.0 informative references to SP 800-53 Rev. 5.2.0 (00_universal/crosswalks/csf2_to_sp800-53r5.csv),Customer notice terms and legal duties are mapped in the P08 notification matrix. Staff do not yet know the internal reporting line,P08 notification matrix,Partially met,Reporting channel not communicated; enhancement (1) unmet,Moderate,Publish the reporting line; train staff,IT Manager,2026-10-31,None
G-077,NIST SP 800-53 Rev. 5 (Release 5.2.0) Moderate baseline,IR-7 with (1),Incident Response Assistance (with 1 Moderate enhancement),"Base control, Moderate baseline (SP 800-53B)",Yes: contract for CT-S scope; benchmark for the rest of the FOTP,RS.CO-02; RS.CO-03; RS.MA-01; RS.MA-04,IR-7,Official: NIST CSF 2.0 informative references to SP 800-53 Rev. 5.2.0 (00_universal/crosswalks/csf2_to_sp800-53r5.csv),The cyber insurer's breach hotline and panel firms provide response help; no OT-capable responder identified,Insurance policy,Partially met,No OT incident response support,Moderate,Confirm an OT-capable panel firm with the insurer,Chief Operating Officer,2026-12-31,None
G-078,NIST SP 800-53 Rev. 5 (Release 5.2.0) Moderate baseline,IR-8,Incident Response Plan,"Base control, Moderate baseline (SP 800-53B)",Yes: contract for CT-S scope; benchmark for the rest of the FOTP,DE.AE-03; DE.AE-08; ID.IM-01; ID.IM-02; ID.IM-03; ID.IM-04; RC.RP-01; RC.RP-02; RC.RP-04; RC.RP-06; RS.AN-08; RS.MA-01; RS.MA-05,IR-8,Official: NIST CSF 2.0 informative references to SP 800-53 Rev. 5.2.0 (00_universal/crosswalks/csf2_to_sp800-53r5.csv),Incident response plan elements are in POL-03 and the P08 runbook,POL-03; P08,Met,None,Low,Annual review,IT Manager,,None
G-079,NIST SP 800-53 Rev. 5 (Release 5.2.0) Moderate baseline,MA-1,Policy and Procedures,"Base control, Moderate baseline (SP 800-53B)",Yes: contract for CT-S scope; benchmark for the rest of the FOTP,GV.OC-03; GV.OV-01; GV.PO-01; GV.PO-02; GV.SC-03; ID.IM-01; ID.IM-02; ID.IM-03,MA-1,Official: NIST CSF 2.0 informative references to SP 800-53 Rev. 5.2.0 (00_universal/crosswalks/csf2_to_sp800-53r5.csv),"Maintenance is the company's core business, run through the CMMS. No security procedure for maintenance of OT components",CMMS,Partially met,Security aspects missing,Low,Add security steps to OT maintenance procedures,Controls Engineering Manager,2026-12-31,None
G-080,NIST SP 800-53 Rev. 5 (Release 5.2.0) Moderate baseline,MA-2,Controlled Maintenance,"Base control, Moderate baseline (SP 800-53B)",Yes: contract for CT-S scope; benchmark for the rest of the FOTP,ID.AM-08,MA-2,Official: NIST CSF 2.0 informative references to SP 800-53 Rev. 5.2.0 (00_universal/crosswalks/csf2_to_sp800-53r5.csv),All maintenance is logged in the CMMS. Controller firmware changes and program downloads are not logged separately,CMMS work orders,Partially met,Firmware and program changes not recorded,Low,CMMS fields for firmware and program changes,Controls Engineering Manager,2026-12-31,None
G-081,NIST SP 800-53 Rev. 5 (Release 5.2.0) Moderate baseline,"MA-3 with (1), (2), (3)",Maintenance Tools (with 3 Moderate enhancements),"Base control, Moderate baseline (SP 800-53B)",Yes: contract for CT-S scope; benchmark for the rest of the FOTP,PR.PS-03,MA-3,Author mapping (no NIST CSF 2.0 informative reference for this control),Technician laptops are the maintenance tools for BAS and are company-managed. Integrator uses its own unmanaged laptops on site,Interview,Partially met,Integrator tools not inspected; enhancements (1)-(3) unmet,Moderate,Integrator laptops scanned before connecting; or use company loaners,Security Systems Supervisor,2026-12-31,None
G-082,NIST SP 800-53 Rev. 5 (Release 5.2.0) Moderate baseline,MA-4,Nonlocal Maintenance,"Base control, Moderate baseline (SP 800-53B)",Yes: contract for CT-S scope; benchmark for the rest of the FOTP,PR.PS-03,MA-4,Author mapping (no NIST CSF 2.0 informative reference for this control),"Nonlocal maintenance by the integrator uses the always-on remote-support tool with no MFA, approval, or logging",Walkthrough 2026-07-16,Not met,Uncontrolled nonlocal maintenance,Very High,Same fix as AC-17 (R-001),IT Manager,2026-10-15,None
G-083,NIST SP 800-53 Rev. 5 (Release 5.2.0) Moderate baseline,MA-5,Maintenance Personnel,"Base control, Moderate baseline (SP 800-53B)",Yes: contract for CT-S scope; benchmark for the rest of the FOTP,PR.PS-03,MA-5,Author mapping (no NIST CSF 2.0 informative reference for this control),Company staff are background-checked. Integrator staff work unescorted at county sites without company verification of their checks,Site sign-in sheets,Partially met,Integrator personnel not verified,Moderate,Integrator attests county-required background checks per person,Security Systems Supervisor,2026-12-31,None
G-084,NIST SP 800-53 Rev. 5 (Release 5.2.0) Moderate baseline,MA-6,Timely Maintenance,"Base control, Moderate baseline (SP 800-53B)",Yes: contract for CT-S scope; benchmark for the rest of the FOTP,ID.AM-08,MA-6,Official: NIST CSF 2.0 informative references to SP 800-53 Rev. 5.2.0 (00_universal/crosswalks/csf2_to_sp800-53r5.csv),Spare controllers and door controllers kept at each site. No defined time to replace a failed supervisory server,Spares list,Partially met,No timely maintenance target for the supervisory server,Low,Recovery time targets from P05 in the contingency plan,Controls Engineering Manager,2026-12-31,None
G-085,NIST SP 800-53 Rev. 5 (Release 5.2.0) Moderate baseline,MP-1,Policy and Procedures,"Base control, Moderate baseline (SP 800-53B)",Yes: contract for CT-S scope; benchmark for the rest of the FOTP,GV.OC-03; GV.OV-01; GV.PO-01; GV.PO-02; GV.SC-03; ID.IM-01; ID.IM-02; ID.IM-03,MP-1,Official: NIST CSF 2.0 informative references to SP 800-53 Rev. 5.2.0 (00_universal/crosswalks/csf2_to_sp800-53r5.csv),Media handling rules in POL-04 approved 2026-08-31,POL-04,Met,None,Low,Annual review,IT Manager,,None
G-086,NIST SP 800-53 Rev. 5 (Release 5.2.0) Moderate baseline,MP-2,Media Access,"Base control, Moderate baseline (SP 800-53B)",Yes: contract for CT-S scope; benchmark for the rest of the FOTP,PR.DS-01,MP-2,Author mapping (no NIST CSF 2.0 informative reference for this control),Printed drawings kept in site offices; CUI drawings printed and left in a job box at the federal building,Walkthrough 2026-07-15,Partially met,CUI paper media not restricted,Moderate,Locked CUI storage at each site office,Contracts Manager,2026-10-31,None
G-087,NIST SP 800-53 Rev. 5 (Release 5.2.0) Moderate baseline,MP-3,Media Marking,"Base control, Moderate baseline (SP 800-53B)",Yes: contract for CT-S scope; benchmark for the rest of the FOTP,PR.DS-01,MP-3,Author mapping (no NIST CSF 2.0 informative reference for this control),CUI drawings from GSA are not re-marked when copied or shared,Email sample,Not met,No CUI marking,Moderate,CUI marking procedure (32 CFR 2002.20),Contracts Manager,2026-11-30,None
G-088,NIST SP 800-53 Rev. 5 (Release 5.2.0) Moderate baseline,MP-4,Media Storage,"Base control, Moderate baseline (SP 800-53B)",Yes: contract for CT-S scope; benchmark for the rest of the FOTP,PR.DS-01,MP-4,Author mapping (no NIST CSF 2.0 informative reference for this control),CUI drawings stored in the general file share and on laptops,File share review,Not met,CUI not stored in a controlled area,Moderate,Restricted CUI library; block sync to laptops (R-010),Contracts Manager,2026-11-30,None
G-089,NIST SP 800-53 Rev. 5 (Release 5.2.0) Moderate baseline,MP-5,Media Transport,"Base control, Moderate baseline (SP 800-53B)",Yes: contract for CT-S scope; benchmark for the rest of the FOTP,PR.DS-01,MP-5,Author mapping (no NIST CSF 2.0 informative reference for this control),Laptops are encrypted. Paper CUI drawings carried between sites without a cover sheet or envelope,Interview,Partially met,Paper transport not controlled,Low,Opaque envelope and cover sheet rule,Contracts Manager,2026-11-30,None
G-090,NIST SP 800-53 Rev. 5 (Release 5.2.0) Moderate baseline,MP-6,Media Sanitization,"Base control, Moderate baseline (SP 800-53B)",Yes: contract for CT-S scope; benchmark for the rest of the FOTP,ID.AM-08,MP-6,Author mapping (no NIST CSF 2.0 informative reference for this control),Laptops are wiped with device management before reuse. Paper is shredded at HQ but not at site offices,Wipe records,Partially met,No shredding at site offices,Low,Locked shred bins at site offices (Fla. Stat. 501.171(8) for personal information),Site Managers,2026-12-31,None
G-091,NIST SP 800-53 Rev. 5 (Release 5.2.0) Moderate baseline,MP-7,Media Use,"Base control, Moderate baseline (SP 800-53B)",Yes: contract for CT-S scope; benchmark for the rest of the FOTP,PR.DS-01,MP-7,Author mapping (no NIST CSF 2.0 informative reference for this control),USB storage blocked on laptops. Technicians use USB drives on county workstations to move controller programs,Endpoint policy; interview,Partially met,USB use on OT workstations uncontrolled,Moderate,Company-issued scanned USB drives only; repository download instead,Controls Engineering Manager,2026-12-31,None
G-092,NIST SP 800-53 Rev. 5 (Release 5.2.0) Moderate baseline,PE-1,Policy and Procedures,"Base control, Moderate baseline (SP 800-53B)",Yes: contract for CT-S scope; benchmark for the rest of the FOTP,GV.OC-03; GV.OV-01; GV.PO-01; GV.PO-02; GV.SC-03; ID.IM-01; ID.IM-02; ID.IM-03,PE-1,Official: NIST CSF 2.0 informative references to SP 800-53 Rev. 5.2.0 (00_universal/crosswalks/csf2_to_sp800-53r5.csv),Physical rules in POL-01. No physical security procedure for the ROC,POL-01,Partially met,Procedure pending,Low,ROC physical security procedure,Director of Operations,2026-12-31,None
G-093,NIST SP 800-53 Rev. 5 (Release 5.2.0) Moderate baseline,PE-2,Physical Access Authorizations,"Base control, Moderate baseline (SP 800-53B)",Yes: contract for CT-S scope; benchmark for the rest of the FOTP,PR.AA-06,PE-2,Official: NIST CSF 2.0 informative references to SP 800-53 Rev. 5.2.0 (00_universal/crosswalks/csf2_to_sp800-53r5.csv),ROC suite badge list maintained by the building landlord from company requests. GSA PIV cards: 1 card not returned after departure (FAR 52.204-9(b)),Badge list; PIV roster,Partially met,Authorization list not reviewed; PIV return gap,Moderate,Quarterly badge list review; PIV return on the last day (R-012),HR Manager,2026-09-30,None
G-094,NIST SP 800-53 Rev. 5 (Release 5.2.0) Moderate baseline,PE-3,Physical Access Control,"Base control, Moderate baseline (SP 800-53B)",Yes: contract for CT-S scope; benchmark for the rest of the FOTP,DE.CM-02; PR.AA-06,PE-3,Official: NIST CSF 2.0 informative references to SP 800-53 Rev. 5.2.0 (00_universal/crosswalks/csf2_to_sp800-53r5.csv),ROC suite is badge-controlled by the landlord. Site OT panels and equipment rooms are controlled by each customer. Company holds keys to 14 BAS panels at county sites without a key log,Walkthrough 2026-07-17,Partially met,No key log for panel keys,Low,Key log for panel keys,Site Managers,2026-10-31,None
G-095,NIST SP 800-53 Rev. 5 (Release 5.2.0) Moderate baseline,PE-4,Access Control for Transmission,"Base control, Moderate baseline (SP 800-53B)",Yes: contract for CT-S scope; benchmark for the rest of the FOTP,PR.AA-06,PE-4,Official: NIST CSF 2.0 informative references to SP 800-53 Rev. 5.2.0 (00_universal/crosswalks/csf2_to_sp800-53r5.csv),Network cabling in the ROC runs in locked risers controlled by the landlord; site cabling is customer-owned,Walkthrough,Met,None,Very Low,None,Director of Operations,,None
G-096,NIST SP 800-53 Rev. 5 (Release 5.2.0) Moderate baseline,PE-5,Access Control for Output Devices,"Base control, Moderate baseline (SP 800-53B)",Yes: contract for CT-S scope; benchmark for the rest of the FOTP,PR.AA-06,PE-5,Official: NIST CSF 2.0 informative references to SP 800-53 Rev. 5.2.0 (00_universal/crosswalks/csf2_to_sp800-53r5.csv),ROC wallboard and printers are inside the badge-controlled suite,Walkthrough,Met,None,Very Low,None,Director of Operations,,None
G-097,NIST SP 800-53 Rev. 5 (Release 5.2.0) Moderate baseline,PE-6 with (1),Monitoring Physical Access (with 1 Moderate enhancement),"Base control, Moderate baseline (SP 800-53B)",Yes: contract for CT-S scope; benchmark for the rest of the FOTP,DE.CM-02; PR.AA-06,PE-6,Official: NIST CSF 2.0 informative references to SP 800-53 Rev. 5.2.0 (00_universal/crosswalks/csf2_to_sp800-53r5.csv),Landlord reviews suite door logs only on request,Interview,Partially met,Physical access not monitored by the company,Low,Monthly review of suite door report,Director of Operations,2026-12-31,None
G-098,NIST SP 800-53 Rev. 5 (Release 5.2.0) Moderate baseline,PE-8,Visitor Access Records,"Base control, Moderate baseline (SP 800-53B)",Yes: contract for CT-S scope; benchmark for the rest of the FOTP,PR.AA-06,PE-8,Official: NIST CSF 2.0 informative references to SP 800-53 Rev. 5.2.0 (00_universal/crosswalks/csf2_to_sp800-53r5.csv),No visitor log at the ROC suite,Walkthrough 2026-07-17,Not met,No visitor records (FAR 52.204-21(b)(1)(ix)),Low,Visitor log and escort rule,Director of Operations,2026-10-31,None
G-099,NIST SP 800-53 Rev. 5 (Release 5.2.0) Moderate baseline,PE-9,Power Equipment and Cabling,"Base control, Moderate baseline (SP 800-53B)",Yes: contract for CT-S scope; benchmark for the rest of the FOTP,PR.IR-02,PE-9,Official: NIST CSF 2.0 informative references to SP 800-53 Rev. 5.2.0 (00_universal/crosswalks/csf2_to_sp800-53r5.csv),Power equipment and cabling protected by the landlord; cloud provider protects its facilities,Lease; provider SOC 2,Met,None,Very Low,None,Director of Operations,,None
G-100,NIST SP 800-53 Rev. 5 (Release 5.2.0) Moderate baseline,PE-10,Emergency Shutoff,"Base control, Moderate baseline (SP 800-53B)",Yes: contract for CT-S scope; benchmark for the rest of the FOTP,PR.IR-02,PE-10,Official: NIST CSF 2.0 informative references to SP 800-53 Rev. 5.2.0 (00_universal/crosswalks/csf2_to_sp800-53r5.csv),Emergency power shutoff is the landlord's; no company data center,Lease,Met,None,Very Low,None,Director of Operations,,None
G-101,NIST SP 800-53 Rev. 5 (Release 5.2.0) Moderate baseline,PE-11,Emergency Power,"Base control, Moderate baseline (SP 800-53B)",Yes: contract for CT-S scope; benchmark for the rest of the FOTP,PR.IR-02,PE-11,Official: NIST CSF 2.0 informative references to SP 800-53 Rev. 5.2.0 (00_universal/crosswalks/csf2_to_sp800-53r5.csv),ROC workstations on a UPS for about 20 minutes; no generator,Walkthrough,Partially met,Short power backup,Low,Remote ROC operation from laptops covers longer outages (CP-7),Director of Operations,2027-05-31,None
G-102,NIST SP 800-53 Rev. 5 (Release 5.2.0) Moderate baseline,PE-12,Emergency Lighting,"Base control, Moderate baseline (SP 800-53B)",Yes: contract for CT-S scope; benchmark for the rest of the FOTP,PR.IR-02,PE-12,Official: NIST CSF 2.0 informative references to SP 800-53 Rev. 5.2.0 (00_universal/crosswalks/csf2_to_sp800-53r5.csv),Emergency lighting provided by the building,Lease,Met,None,Very Low,None,Director of Operations,,None
G-103,NIST SP 800-53 Rev. 5 (Release 5.2.0) Moderate baseline,PE-13 with (1),Fire Protection (with 1 Moderate enhancement),"Base control, Moderate baseline (SP 800-53B)",Yes: contract for CT-S scope; benchmark for the rest of the FOTP,PR.IR-02,PE-13,Official: NIST CSF 2.0 informative references to SP 800-53 Rev. 5.2.0 (00_universal/crosswalks/csf2_to_sp800-53r5.csv),Fire protection by the landlord and the cloud provider,Lease; provider SOC 2,Met,None,Very Low,None,Director of Operations,,None
G-104,NIST SP 800-53 Rev. 5 (Release 5.2.0) Moderate baseline,PE-14,Environmental Controls,"Base control, Moderate baseline (SP 800-53B)",Yes: contract for CT-S scope; benchmark for the rest of the FOTP,PR.IR-02,PE-14,Official: NIST CSF 2.0 informative references to SP 800-53 Rev. 5.2.0 (00_universal/crosswalks/csf2_to_sp800-53r5.csv),Temperature and humidity managed by the landlord and the cloud provider,Lease; provider SOC 2,Met,None,Very Low,None,Director of Operations,,None
G-105,NIST SP 800-53 Rev. 5 (Release 5.2.0) Moderate baseline,PE-15,Water Damage Protection,"Base control, Moderate baseline (SP 800-53B)",Yes: contract for CT-S scope; benchmark for the rest of the FOTP,PR.IR-02,PE-15,Official: NIST CSF 2.0 informative references to SP 800-53 Rev. 5.2.0 (00_universal/crosswalks/csf2_to_sp800-53r5.csv),Water damage protection by the landlord and the cloud provider,Lease; provider SOC 2,Met,None,Very Low,None,Director of Operations,,None
G-106,NIST SP 800-53 Rev. 5 (Release 5.2.0) Moderate baseline,PE-16,Delivery and Removal,"Base control, Moderate baseline (SP 800-53B)",Yes: contract for CT-S scope; benchmark for the rest of the FOTP,PR.AA-06,PE-16,Author mapping (no NIST CSF 2.0 informative reference for this control),Equipment deliveries go to the ROC suite; no record of laptops and edge gateways entering or leaving,Interview,Partially met,No delivery and removal record,Very Low,Asset check-in and check-out in the inventory,IT/OT Systems Administrator,2026-12-31,None
G-107,NIST SP 800-53 Rev. 5 (Release 5.2.0) Moderate baseline,PE-17,Alternate Work Site,"Base control, Moderate baseline (SP 800-53B)",Yes: contract for CT-S scope; benchmark for the rest of the FOTP,PR.AA-06,PE-17,Author mapping (no NIST CSF 2.0 informative reference for this control),"Technicians work from sites, vehicles, and homes; POL-05 sets basic rules",POL-05,Partially met,No alternate work site controls beyond POL-05,Low,Remote work rules in the remote access procedure,IT Manager,2026-11-30,None
G-108,NIST SP 800-53 Rev. 5 (Release 5.2.0) Moderate baseline,PL-1,Policy and Procedures,"Base control, Moderate baseline (SP 800-53B)",Yes: contract for CT-S scope; benchmark for the rest of the FOTP,GV.OC-03; GV.OV-01; GV.PO-01; GV.PO-02; GV.SC-03; ID.IM-01; ID.IM-02; ID.IM-03,PL-1,Official: NIST CSF 2.0 informative references to SP 800-53 Rev. 5.2.0 (00_universal/crosswalks/csf2_to_sp800-53r5.csv),The five-policy set (P06) approved 2026-08-31 with annual review,P06,Met,None,Low,Annual review,Chief Operating Officer,,None
G-109,NIST SP 800-53 Rev. 5 (Release 5.2.0) Moderate baseline,PL-2,System Security and Privacy Plans,"Base control, Moderate baseline (SP 800-53B)",Yes: contract for CT-S scope; benchmark for the rest of the FOTP,ID.AM-03; ID.AM-08; ID.IM-01; ID.IM-02; ID.IM-03; ID.IM-04,PL-2,Official: NIST CSF 2.0 informative references to SP 800-53 Rev. 5.2.0 (00_universal/crosswalks/csf2_to_sp800-53r5.csv),"This SSP (P02), approved 2026-08-31",P02,Met,None,Low,Annual update,IT Manager,,None
G-110,NIST SP 800-53 Rev. 5 (Release 5.2.0) Moderate baseline,PL-4 with (1),Rules of Behavior (with 1 Moderate enhancement),"Base control, Moderate baseline (SP 800-53B)",Yes: contract for CT-S scope; benchmark for the rest of the FOTP,PR.AT-01,PL-4,Author mapping (no NIST CSF 2.0 informative reference for this control),POL-05 Acceptable Use approved 2026-08-31. Staff acknowledgments due 2026-10-31,POL-05,Partially met,Acknowledgments not collected; enhancement (1) unmet,Low,Collect signed acknowledgments,HR Manager,2026-10-31,None
G-111,NIST SP 800-53 Rev. 5 (Release 5.2.0) Moderate baseline,PL-8,Security and Privacy Architectures,"Base control, Moderate baseline (SP 800-53B)",Yes: contract for CT-S scope; benchmark for the rest of the FOTP,ID.AM-03,PL-8,Official: NIST CSF 2.0 informative references to SP 800-53 Rev. 5.2.0 (00_universal/crosswalks/csf2_to_sp800-53r5.csv),No security architecture for the FOTP beyond the P04 diagram,P04 diagram,Not met,No documented architecture,Low,Architecture section with OT zones and conduits (SP 800-82 Rev. 3),IT Manager,2027-03-31,None
G-112,NIST SP 800-53 Rev. 5 (Release 5.2.0) Moderate baseline,PL-10,Baseline Selection,"Base control, Moderate baseline (SP 800-53B)",Yes: contract for CT-S scope; benchmark for the rest of the FOTP,GV.PO-01,PL-10,Author mapping (no NIST CSF 2.0 informative reference for this control),SP 800-53 Rev. 5 Moderate baseline selected (state exhibit requires it),This SSP section 6,Met,None,Very Low,None,IT Manager,,None
G-113,NIST SP 800-53 Rev. 5 (Release 5.2.0) Moderate baseline,PL-11,Baseline Tailoring,"Base control, Moderate baseline (SP 800-53B)",Yes: contract for CT-S scope; benchmark for the rest of the FOTP,GV.PO-01,PL-11,Author mapping (no NIST CSF 2.0 informative reference for this control),Baseline tailored for OT using SP 800-82 Rev. 3; tailoring decisions recorded only in this SSP,This SSP section 6,Partially met,Tailoring not reviewed by the state agency,Very Low,Share tailoring with the state agency,IT Manager,2026-10-31,None
G-114,NIST SP 800-53 Rev. 5 (Release 5.2.0) Moderate baseline,PS-1,Policy and Procedures,"Base control, Moderate baseline (SP 800-53B)",Yes: contract for CT-S scope; benchmark for the rest of the FOTP,GV.OC-03; GV.OV-01; GV.PO-01; GV.PO-02; GV.RR-04; GV.SC-03; ID.IM-01; ID.IM-02; ID.IM-03,PS-1,Official: NIST CSF 2.0 informative references to SP 800-53 Rev. 5.2.0 (00_universal/crosswalks/csf2_to_sp800-53r5.csv),Personnel security rules in POL-01 and POL-02. No procedure,POL-01,Partially met,Procedure pending,Low,Personnel security procedure,HR Manager,2026-12-31,None
G-115,NIST SP 800-53 Rev. 5 (Release 5.2.0) Moderate baseline,PS-2,Position Risk Designation,"Base control, Moderate baseline (SP 800-53B)",Yes: contract for CT-S scope; benchmark for the rest of the FOTP,GV.RR-04,PS-2,Author mapping (no NIST CSF 2.0 informative reference for this control),"Positions are not risk-designated, except federal site positions designated by GSA",GSA position list,Partially met,No risk designation for administrator and BAS positions,Low,"Designate positions (administrator, BAS technician, ROC operator)",HR Manager,2026-12-31,None
G-116,NIST SP 800-53 Rev. 5 (Release 5.2.0) Moderate baseline,PS-3,Personnel Screening,"Base control, Moderate baseline (SP 800-53B)",Yes: contract for CT-S scope; benchmark for the rest of the FOTP,GV.RR-04,PS-3,Author mapping (no NIST CSF 2.0 informative reference for this control),Fingerprint-based background checks before assignment for all staff; GSA investigations for PIV holders,HR checklist; GSA adjudication letters,Met,None,Low,Rescreen per contract terms,HR Manager,,None
G-117,NIST SP 800-53 Rev. 5 (Release 5.2.0) Moderate baseline,PS-4,Personnel Termination,"Base control, Moderate baseline (SP 800-53B)",Yes: contract for CT-S scope; benchmark for the rest of the FOTP,GV.RR-04,PS-4,Author mapping (no NIST CSF 2.0 informative reference for this control),HR emails IT at departure; accounts disabled in about 3 business days. 3 departed technicians active in the access control portal; 1 PIV card not returned,Termination tickets; P07,Partially met,No same-day disable; no PIV return step,Moderate,"Termination checklist: same-day disable, PIV return, shared password rotation",HR Manager,2026-09-30,None
G-118,NIST SP 800-53 Rev. 5 (Release 5.2.0) Moderate baseline,PS-5,Personnel Transfer,"Base control, Moderate baseline (SP 800-53B)",Yes: contract for CT-S scope; benchmark for the rest of the FOTP,GV.RR-04,PS-5,Author mapping (no NIST CSF 2.0 informative reference for this control),Transfers between contracts do not trigger access review,Interview,Not met,Access follows the person across contracts,Low,Transfer ticket triggers access review,HR Manager,2026-12-31,None
G-119,NIST SP 800-53 Rev. 5 (Release 5.2.0) Moderate baseline,PS-6,Access Agreements,"Base control, Moderate baseline (SP 800-53B)",Yes: contract for CT-S scope; benchmark for the rest of the FOTP,GV.RR-04,PS-6,Author mapping (no NIST CSF 2.0 informative reference for this control),Employment agreement includes confidentiality. No CUI or customer data handling acknowledgment,Employment agreement,Partially met,No specific access agreement,Low,Access agreement for CUI and customer data,HR Manager,2026-10-31,None
G-120,NIST SP 800-53 Rev. 5 (Release 5.2.0) Moderate baseline,PS-7,External Personnel Security,"Base control, Moderate baseline (SP 800-53B)",Yes: contract for CT-S scope; benchmark for the rest of the FOTP,DE.CM-06; GV.RR-04,PS-7,Official: NIST CSF 2.0 informative references to SP 800-53 Rev. 5.2.0 (00_universal/crosswalks/csf2_to_sp800-53r5.csv),Subcontract terms have no personnel security or notice requirements,Subcontracts,Not met,No external personnel security terms,Moderate,Subcontractor security addendum (R-019),Contracts Manager,2026-12-31,None
G-121,NIST SP 800-53 Rev. 5 (Release 5.2.0) Moderate baseline,PS-8,Personnel Sanctions,"Base control, Moderate baseline (SP 800-53B)",Yes: contract for CT-S scope; benchmark for the rest of the FOTP,GV.RR-04,PS-8,Author mapping (no NIST CSF 2.0 informative reference for this control),Employee handbook disciplinary policy; POL-01 adds security sanctions (approved 2026-08-31),POL-01,Partially met,Not yet applied,Low,Operate sanctions procedure,HR Manager,2026-11-30,None
G-122,NIST SP 800-53 Rev. 5 (Release 5.2.0) Moderate baseline,PS-9,Position Descriptions,"Base control, Moderate baseline (SP 800-53B)",Yes: contract for CT-S scope; benchmark for the rest of the FOTP,GV.RR-04,PS-9,Official: NIST CSF 2.0 informative references to SP 800-53 Rev. 5.2.0 (00_universal/crosswalks/csf2_to_sp800-53r5.csv),Job descriptions list duties but no security responsibilities,Job descriptions,Partially met,Security duties missing,Very Low,Add security duties to job descriptions,HR Manager,2027-03-31,None
G-123,NIST SP 800-53 Rev. 5 (Release 5.2.0) Moderate baseline,RA-1,Policy and Procedures,"Base control, Moderate baseline (SP 800-53B)",Yes: contract for CT-S scope; benchmark for the rest of the FOTP,GV.OC-03; GV.OV-01; GV.PO-01; GV.PO-02; GV.SC-03; ID.IM-01; ID.IM-02; ID.IM-03,RA-1,Official: NIST CSF 2.0 informative references to SP 800-53 Rev. 5.2.0 (00_universal/crosswalks/csf2_to_sp800-53r5.csv),Risk assessment policy in POL-01 section 4,POL-01,Met,None,Low,Annual review,IT Manager,,None
G-124,NIST SP 800-53 Rev. 5 (Release 5.2.0) Moderate baseline,RA-2,Security Categorization,"Base control, Moderate baseline (SP 800-53B)",Yes: contract for CT-S scope; benchmark for the rest of the FOTP,ID.AM-05; ID.RA-04; ID.RA-05,RA-2,Official: NIST CSF 2.0 informative references to SP 800-53 Rev. 5.2.0 (00_universal/crosswalks/csf2_to_sp800-53r5.csv),FOTP categorized Moderate (SSP section 6),P02,Met,None,Low,None,IT Manager,,None
G-125,NIST SP 800-53 Rev. 5 (Release 5.2.0) Moderate baseline,RA-3 with (1),Risk Assessment (with 1 Moderate enhancement),"Base control, Moderate baseline (SP 800-53B)",Yes: contract for CT-S scope; benchmark for the rest of the FOTP,DE.AE-07; GV.RM-06; GV.RM-07; GV.SC-03; GV.SC-09; GV.SC-10; ID.AM-05; ID.IM-01; ID.IM-02; ID.IM-03; ID.RA-01; ID.RA-03; ID.RA-04; ID.RA-05; RS.AN-08,RA-3,Official: NIST CSF 2.0 informative references to SP 800-53 Rev. 5.2.0 (00_universal/crosswalks/csf2_to_sp800-53r5.csv),Risk assessment completed 2026-07-24 using SP 800-30 Rev. 1 (P01); supply chain risks included; annual update,P01,Met,None,Low,Annual update,IT Manager,2027-07-31,None
G-126,NIST SP 800-53 Rev. 5 (Release 5.2.0) Moderate baseline,"RA-5 with (2), (5), (11)",Vulnerability Monitoring and Scanning (with 3 Moderate enhancements),"Base control, Moderate baseline (SP 800-53B)",Yes: contract for CT-S scope; benchmark for the rest of the FOTP,GV.SC-10; ID.IM-01; ID.IM-02; ID.IM-03; ID.RA-01; ID.RA-08,RA-5,Official: NIST CSF 2.0 informative references to SP 800-53 Rev. 5.2.0 (00_universal/crosswalks/csf2_to_sp800-53r5.csv),"No vulnerability scanning of the cloud tenant, edge firewalls, or OT networks",Interview,Not met,"No scanning; enhancements (2), (5), (11) unmet",High,Monthly authenticated scans of IT; passive OT discovery; OT-safe active scans only in approved windows,IT/OT Systems Administrator,2026-11-30,"SP 800-82 Rev. 4 initial public draft (2026-09-21) adds building automation guidance; draft only, not used as a requirement"
G-127,NIST SP 800-53 Rev. 5 (Release 5.2.0) Moderate baseline,RA-7,Risk Response,"Base control, Moderate baseline (SP 800-53B)",Yes: contract for CT-S scope; benchmark for the rest of the FOTP,GV.OC-05; GV.OV-01; GV.OV-02; GV.OV-03; GV.RM-01; GV.RM-03; GV.SC-03; GV.SC-09; GV.SC-10; ID.IM-01; ID.IM-02; ID.IM-03; ID.RA-05; ID.RA-06; RS.AN-08,RA-7,Official: NIST CSF 2.0 informative references to SP 800-53 Rev. 5.2.0 (00_universal/crosswalks/csf2_to_sp800-53r5.csv),Risk responses recorded in P01 and tracked in the P07 POA&M,P01; P07,Met,None,Low,None,Chief Operating Officer,,None
G-128,NIST SP 800-53 Rev. 5 (Release 5.2.0) Moderate baseline,RA-9,Criticality Analysis,"Base control, Moderate baseline (SP 800-53B)",Yes: contract for CT-S scope; benchmark for the rest of the FOTP,GV.OC-04; GV.SC-04; GV.SC-07; ID.AM-05; ID.RA-04,RA-9,Official: NIST CSF 2.0 informative references to SP 800-53 Rev. 5.2.0 (00_universal/crosswalks/csf2_to_sp800-53r5.csv),Critical processes and components identified in the BIA (P05),P05,Met,None,Low,Annual update,IT Manager,,None
G-129,NIST SP 800-53 Rev. 5 (Release 5.2.0) Moderate baseline,SA-1,Policy and Procedures,"Base control, Moderate baseline (SP 800-53B)",Yes: contract for CT-S scope; benchmark for the rest of the FOTP,GV.OC-03; GV.OV-01; GV.PO-01; GV.PO-02; GV.SC-03; ID.IM-01; ID.IM-02; ID.IM-03,SA-1,Official: NIST CSF 2.0 informative references to SP 800-53 Rev. 5.2.0 (00_universal/crosswalks/csf2_to_sp800-53r5.csv),Acquisition rules in POL-01 (vendor security review). No procedure,POL-01,Partially met,Procedure pending,Low,Acquisition security procedure,Contracts Manager,2026-12-31,None
G-130,NIST SP 800-53 Rev. 5 (Release 5.2.0) Moderate baseline,SA-2,Allocation of Resources,"Base control, Moderate baseline (SP 800-53B)",Yes: contract for CT-S scope; benchmark for the rest of the FOTP,GV.RR-03,SA-2,Author mapping (no NIST CSF 2.0 informative reference for this control),"Security budget approved for 2026 Q4 ($86,000)",Budget approval 2026-08-31,Met,None,Low,Annual budget,Chief Operating Officer,,None
G-131,NIST SP 800-53 Rev. 5 (Release 5.2.0) Moderate baseline,SA-3,System Development Life Cycle,"Base control, Moderate baseline (SP 800-53B)",Yes: contract for CT-S scope; benchmark for the rest of the FOTP,ID.AM-08; PR.PS-06,SA-3,Official: NIST CSF 2.0 informative references to SP 800-53 Rev. 5.2.0 (00_universal/crosswalks/csf2_to_sp800-53r5.csv),BAS projects follow the vendor commissioning process without security steps,Project files,Partially met,No security in the system life cycle,Low,"Security checklist in commissioning (default credentials, inventory, backups)",Controls Engineering Manager,2026-12-31,None
G-132,NIST SP 800-53 Rev. 5 (Release 5.2.0) Moderate baseline,"SA-4 with (1), (2), (9), (10)",Acquisition Process (with 4 Moderate enhancements),"Base control, Moderate baseline (SP 800-53B)",Yes: contract for CT-S scope; benchmark for the rest of the FOTP,DE.CM-06; GV.SC-05; GV.SC-06; GV.SC-07; GV.SC-08; GV.SC-09; GV.SC-10; ID.AM-08; ID.IM-03; ID.RA-09,SA-4,Official: NIST CSF 2.0 informative references to SP 800-53 Rev. 5.2.0 (00_universal/crosswalks/csf2_to_sp800-53r5.csv),"Customer contracts include security terms. Company purchases (BAS software, access control SaaS, CMMS) have no standard security terms",Contracts,Partially met,"No standard acquisition security terms; enhancements (1), (2), (9), (10) partly unmet",Moderate,Standard security terms for purchases and subcontracts,Contracts Manager,2026-12-31,None
G-133,NIST SP 800-53 Rev. 5 (Release 5.2.0) Moderate baseline,SA-5,System Documentation,"Base control, Moderate baseline (SP 800-53B)",Yes: contract for CT-S scope; benchmark for the rest of the FOTP,ID.AM-02; ID.RA-09,SA-5,Official: NIST CSF 2.0 informative references to SP 800-53 Rev. 5.2.0 (00_universal/crosswalks/csf2_to_sp800-53r5.csv),Vendor administrator and user documentation on file for BAS and access control platforms,Document library,Met,None,Very Low,None,Controls Engineering Manager,,None
G-134,NIST SP 800-53 Rev. 5 (Release 5.2.0) Moderate baseline,SA-8,Security and Privacy Engineering Principles,"Base control, Moderate baseline (SP 800-53B)",Yes: contract for CT-S scope; benchmark for the rest of the FOTP,ID.AM-08; ID.IM-01; ID.IM-02; ID.IM-03; PR.DS-10; PR.IR-03; PR.PS-06,SA-8,Official: NIST CSF 2.0 informative references to SP 800-53 Rev. 5.2.0 (00_universal/crosswalks/csf2_to_sp800-53r5.csv),Design principles not documented; jump host design follows least privilege,Interview,Partially met,Not documented,Very Low,Include in PL-8 architecture,IT Manager,2027-03-31,None
G-135,NIST SP 800-53 Rev. 5 (Release 5.2.0) Moderate baseline,SA-9 with (2),External System Services (with 1 Moderate enhancement),"Base control, Moderate baseline (SP 800-53B)",Yes: contract for CT-S scope; benchmark for the rest of the FOTP,DE.CM-06; GV.OC-05; GV.SC-04; GV.SC-05; GV.SC-06; GV.SC-07; GV.SC-08; GV.SC-09; GV.SC-10; ID.AM-02; ID.AM-04,SA-9,Official: NIST CSF 2.0 informative references to SP 800-53 Rev. 5.2.0 (00_universal/crosswalks/csf2_to_sp800-53r5.csv),Access control SaaS vendor SOC 2 Type 2 reviewed (P09). CMMS vendor SOC 2 on file. Integrator and mechanical subcontractors have no security terms or review,P09 vendor review; subcontracts,Partially met,External service providers not all bound or reviewed; enhancement (2) partly unmet,Moderate,Subcontractor addendum; annual vendor review,Contracts Manager,2026-12-31,None
G-136,NIST SP 800-53 Rev. 5 (Release 5.2.0) Moderate baseline,SA-10,Developer Configuration Management,"Base control, Moderate baseline (SP 800-53B)",Yes: contract for CT-S scope; benchmark for the rest of the FOTP,ID.RA-09; PR.PS-06,SA-10,Official: NIST CSF 2.0 informative references to SP 800-53 Rev. 5.2.0 (00_universal/crosswalks/csf2_to_sp800-53r5.csv),The company develops no systems. BAS and access control software vendors are not required by contract to perform configuration management; SaaS vendor practice is evidenced only by SOC 2 reports,Vendor SOC 2 reports,Partially met,No developer configuration management terms for the BAS software vendor,Low,Add developer terms to the next BAS software renewal (SA-4),Contracts Manager,2027-03-31,None
G-137,NIST SP 800-53 Rev. 5 (Release 5.2.0) Moderate baseline,SA-11,Developer Testing and Evaluation,"Base control, Moderate baseline (SP 800-53B)",Yes: contract for CT-S scope; benchmark for the rest of the FOTP,ID.IM-01; ID.IM-02; ID.IM-03; ID.RA-09; PR.PS-06,SA-11,Official: NIST CSF 2.0 informative references to SP 800-53 Rev. 5.2.0 (00_universal/crosswalks/csf2_to_sp800-53r5.csv),No company development. Vendor security testing evidence is available only for the SaaS vendors (SOC 2); none requested from the BAS software vendor,Vendor SOC 2 reports,Partially met,No developer testing evidence for BAS software,Low,Request vulnerability and security testing summary at BAS renewal,Contracts Manager,2027-03-31,None
G-138,NIST SP 800-53 Rev. 5 (Release 5.2.0) Moderate baseline,SA-15 with (3),"Development Process, Standards, and Tools (with 1 Moderate enhancement)","Base control, Moderate baseline (SP 800-53B)",Yes: contract for CT-S scope; benchmark for the rest of the FOTP,ID.RA-09; PR.PS-06,SA-15,Official: NIST CSF 2.0 informative references to SP 800-53 Rev. 5.2.0 (00_universal/crosswalks/csf2_to_sp800-53r5.csv),No company development. The BAS software vendor's development process is not assessed,Vendor documentation,Partially met,Developer process not assessed,Low,Vendor secure development attestation at renewal,Contracts Manager,2027-03-31,None
G-139,NIST SP 800-53 Rev. 5 (Release 5.2.0) Moderate baseline,SA-22,Unsupported System Components,"Base control, Moderate baseline (SP 800-53B)",Yes: contract for CT-S scope; benchmark for the rest of the FOTP,ID.AM-08,SA-22,Official: NIST CSF 2.0 informative references to SP 800-53 Rev. 5.2.0 (00_universal/crosswalks/csf2_to_sp800-53r5.csv),Two county engineering workstations run an unsupported OS required by a legacy BAS tool,Device record,Partially met,Unsupported components in use,Moderate,Isolate now; replace at next BAS upgrade (R-015),Controls Engineering Manager,2027-03-31,None
G-140,NIST SP 800-53 Rev. 5 (Release 5.2.0) Moderate baseline,SC-1,Policy and Procedures,"Base control, Moderate baseline (SP 800-53B)",Yes: contract for CT-S scope; benchmark for the rest of the FOTP,GV.OC-03; GV.OV-01; GV.PO-01; GV.PO-02; GV.SC-03; ID.IM-01; ID.IM-02; ID.IM-03,SC-1,Official: NIST CSF 2.0 informative references to SP 800-53 Rev. 5.2.0 (00_universal/crosswalks/csf2_to_sp800-53r5.csv),Communications protection rules in POL-04. No procedure,POL-04,Partially met,Procedure pending,Low,Network security procedure,IT Manager,2026-12-31,None
G-141,NIST SP 800-53 Rev. 5 (Release 5.2.0) Moderate baseline,SC-2,Separation of System and User Functionality,"Base control, Moderate baseline (SP 800-53B)",Yes: contract for CT-S scope; benchmark for the rest of the FOTP,PR.IR-01,SC-2,Author mapping (no NIST CSF 2.0 informative reference for this control),Administrator and user functions separated in the cloud and access control platforms; not on the BAS supervisory server,Role review,Partially met,BAS administration not separated,Low,BAS roles (AC-6),Controls Engineering Manager,2026-11-30,None
G-142,NIST SP 800-53 Rev. 5 (Release 5.2.0) Moderate baseline,SC-4,Information in Shared System Resources,"Base control, Moderate baseline (SP 800-53B)",Yes: contract for CT-S scope; benchmark for the rest of the FOTP,PR.DS-01; PR.DS-02; PR.DS-10; PR.IR-01,SC-4,Official: NIST CSF 2.0 informative references to SP 800-53 Rev. 5.2.0 (00_universal/crosswalks/csf2_to_sp800-53r5.csv),Shared resources isolated by the cloud provider,Provider SOC 2,Met,None,Very Low,None,IT/OT Systems Administrator,,None
G-143,NIST SP 800-53 Rev. 5 (Release 5.2.0) Moderate baseline,SC-5,Denial-of-service Protection,"Base control, Moderate baseline (SP 800-53B)",Yes: contract for CT-S scope; benchmark for the rest of the FOTP,DE.CM-01; PR.IR-01,SC-5,Official: NIST CSF 2.0 informative references to SP 800-53 Rev. 5.2.0 (00_universal/crosswalks/csf2_to_sp800-53r5.csv),Provider denial-of-service protection on cloud and SaaS; controllers operate locally if links fail,Provider documentation,Met,None,Low,None,IT/OT Systems Administrator,,None
G-144,NIST SP 800-53 Rev. 5 (Release 5.2.0) Moderate baseline,"SC-7 with (3), (4), (5), (7), (8)",Boundary Protection (with 5 Moderate enhancements),"Base control, Moderate baseline (SP 800-53B)",Yes: contract for CT-S scope; benchmark for the rest of the FOTP,DE.CM-01; PR.DS-01; PR.DS-02; PR.DS-10; PR.IR-01,SC-7,Official: NIST CSF 2.0 informative references to SP 800-53 Rev. 5.2.0 (00_universal/crosswalks/csf2_to_sp800-53r5.csv),Edge firewalls and VPNs at all sites; no inbound internet services. County service centers lack OT segmentation; an always-on remote-support tool bypasses the boundary,Firewall rule export; P07,Partially met,"Boundary bypassed; no OT segmentation at 4 sites; enhancements (3)-(5), (7), (8) partly unmet",High,"Remove the tool; OT VLANs; deny-by-default (R-001, R-004)",IT/OT Systems Administrator,2027-01-31,"SP 800-82 Rev. 4 initial public draft (2026-09-21) adds building automation guidance; draft only, not used as a requirement"
G-145,NIST SP 800-53 Rev. 5 (Release 5.2.0) Moderate baseline,SC-8 with (1),Transmission Confidentiality and Integrity (with 1 Moderate enhancement),"Base control, Moderate baseline (SP 800-53B)",Yes: contract for CT-S scope; benchmark for the rest of the FOTP,PR.DS-02,SC-8,Official: NIST CSF 2.0 informative references to SP 800-53 Rev. 5.2.0 (00_universal/crosswalks/csf2_to_sp800-53r5.csv),TLS 1.2+ to SaaS and cloud; IPsec site tunnels. BACnet on site networks is unencrypted (protocol limit); CUI drawings emailed unencrypted,TLS scan; email sample,Partially met,Unencrypted CUI email; enhancement (1) partly unmet,Moderate,Encrypted transfer for CUI; compensate for BACnet with segmentation,Contracts Manager,2026-11-30,None
G-146,NIST SP 800-53 Rev. 5 (Release 5.2.0) Moderate baseline,SC-10,Network Disconnect,"Base control, Moderate baseline (SP 800-53B)",Yes: contract for CT-S scope; benchmark for the rest of the FOTP,PR.IR-01,SC-10,Author mapping (no NIST CSF 2.0 informative reference for this control),Jump host sessions end after 15 minutes idle; VPN sessions from laptops stay up to 24 hours,VPN settings,Partially met,Long VPN sessions,Low,VPN idle timeout 30 minutes,IT/OT Systems Administrator,2026-10-31,None
G-147,NIST SP 800-53 Rev. 5 (Release 5.2.0) Moderate baseline,SC-12,Cryptographic Key Establishment and Management,"Base control, Moderate baseline (SP 800-53B)",Yes: contract for CT-S scope; benchmark for the rest of the FOTP,PR.DS-01; PR.DS-02,SC-12,Official: NIST CSF 2.0 informative references to SP 800-53 Rev. 5.2.0 (00_universal/crosswalks/csf2_to_sp800-53r5.csv),Keys managed by the cloud key management service,Key settings,Met,None,Very Low,None,IT/OT Systems Administrator,,None
G-148,NIST SP 800-53 Rev. 5 (Release 5.2.0) Moderate baseline,SC-13,Cryptographic Protection,"Base control, Moderate baseline (SP 800-53B)",Yes: contract for CT-S scope; benchmark for the rest of the FOTP,PR.DS-01; PR.DS-02; PR.DS-10,SC-13,Official: NIST CSF 2.0 informative references to SP 800-53 Rev. 5.2.0 (00_universal/crosswalks/csf2_to_sp800-53r5.csv),FIPS-validated cryptography per provider SOC 2 descriptions; edge firewalls run in FIPS mode,Vendor SOC 2; firewall settings,Met,None,Very Low,Annual review,IT/OT Systems Administrator,,None
G-149,NIST SP 800-53 Rev. 5 (Release 5.2.0) Moderate baseline,SC-15,Collaborative Computing Devices and Applications,"Base control, Moderate baseline (SP 800-53B)",Yes: contract for CT-S scope; benchmark for the rest of the FOTP,PR.PS-01,SC-15,Author mapping (no NIST CSF 2.0 informative reference for this control),ROC conference cameras and microphones are off by default and show an indicator light,Walkthrough,Met,None,Very Low,None,IT/OT Systems Administrator,,None
G-150,NIST SP 800-53 Rev. 5 (Release 5.2.0) Moderate baseline,SC-17,Public Key Infrastructure Certificates,"Base control, Moderate baseline (SP 800-53B)",Yes: contract for CT-S scope; benchmark for the rest of the FOTP,PR.DS-02,SC-17,Author mapping (no NIST CSF 2.0 informative reference for this control),Public certificates from a trusted certificate authority through the cloud certificate service,Certificate list,Met,None,Very Low,None,IT/OT Systems Administrator,,None
G-151,NIST SP 800-53 Rev. 5 (Release 5.2.0) Moderate baseline,SC-18,Mobile Code,"Base control, Moderate baseline (SP 800-53B)",Yes: contract for CT-S scope; benchmark for the rest of the FOTP,PR.PS-05,SC-18,Author mapping (no NIST CSF 2.0 informative reference for this control),Browser and office macro policies block unsigned mobile code on laptops,Endpoint policy,Met,None,Very Low,None,IT/OT Systems Administrator,,None
G-152,NIST SP 800-53 Rev. 5 (Release 5.2.0) Moderate baseline,SC-20,Secure Name/Address Resolution Service (Authoritative Source),"Base control, Moderate baseline (SP 800-53B)",Yes: contract for CT-S scope; benchmark for the rest of the FOTP,PR.IR-01,SC-20,Author mapping (no NIST CSF 2.0 informative reference for this control),Authoritative DNS hosted by the cloud provider with DNSSEC,DNS settings,Met,None,Very Low,None,IT/OT Systems Administrator,,None
G-153,NIST SP 800-53 Rev. 5 (Release 5.2.0) Moderate baseline,SC-21,Secure Name/Address Resolution Service (Recursive or Caching Resolver),"Base control, Moderate baseline (SP 800-53B)",Yes: contract for CT-S scope; benchmark for the rest of the FOTP,PR.IR-01,SC-21,Author mapping (no NIST CSF 2.0 informative reference for this control),Recursive resolution through the provider resolver that validates DNSSEC,DNS settings,Met,None,Very Low,None,IT/OT Systems Administrator,,None
G-154,NIST SP 800-53 Rev. 5 (Release 5.2.0) Moderate baseline,SC-22,Architecture and Provisioning for Name/Address Resolution Service,"Base control, Moderate baseline (SP 800-53B)",Yes: contract for CT-S scope; benchmark for the rest of the FOTP,PR.IR-01,SC-22,Author mapping (no NIST CSF 2.0 informative reference for this control),Redundant provider DNS,Provider documentation,Met,None,Very Low,None,IT/OT Systems Administrator,,None
G-155,NIST SP 800-53 Rev. 5 (Release 5.2.0) Moderate baseline,SC-23,Session Authenticity,"Base control, Moderate baseline (SP 800-53B)",Yes: contract for CT-S scope; benchmark for the rest of the FOTP,PR.DS-02,SC-23,Author mapping (no NIST CSF 2.0 informative reference for this control),Session authenticity through TLS and signed tokens,Provider documentation,Met,None,Very Low,None,IT/OT Systems Administrator,,None
G-156,NIST SP 800-53 Rev. 5 (Release 5.2.0) Moderate baseline,SC-28 with (1),Protection of Information at Rest (with 1 Moderate enhancement),"Base control, Moderate baseline (SP 800-53B)",Yes: contract for CT-S scope; benchmark for the rest of the FOTP,PR.DS-01,SC-28,Official: NIST CSF 2.0 informative references to SP 800-53 Rev. 5.2.0 (00_universal/crosswalks/csf2_to_sp800-53r5.csv),Cloud storage and SaaS encrypted at rest; laptops encrypted. County engineering workstations not encrypted,Encryption report,Partially met,OT workstations unencrypted; enhancement (1) partly unmet,Low,Encrypt county workstations where the BAS tool allows,IT/OT Systems Administrator,2027-03-31,None
G-157,NIST SP 800-53 Rev. 5 (Release 5.2.0) Moderate baseline,SC-39,Process Isolation,"Base control, Moderate baseline (SP 800-53B)",Yes: contract for CT-S scope; benchmark for the rest of the FOTP,PR.DS-01; PR.DS-10; PR.IR-03,SC-39,Official: NIST CSF 2.0 informative references to SP 800-53 Rev. 5.2.0 (00_universal/crosswalks/csf2_to_sp800-53r5.csv),Process isolation provided by supported operating systems,OS documentation,Met,None,Very Low,None,IT/OT Systems Administrator,,None
G-158,NIST SP 800-53 Rev. 5 (Release 5.2.0) Moderate baseline,SI-1,Policy and Procedures,"Base control, Moderate baseline (SP 800-53B)",Yes: contract for CT-S scope; benchmark for the rest of the FOTP,GV.OC-03; GV.OV-01; GV.PO-01; GV.PO-02; GV.SC-03; ID.IM-01; ID.IM-02; ID.IM-03,SI-1,Official: NIST CSF 2.0 informative references to SP 800-53 Rev. 5.2.0 (00_universal/crosswalks/csf2_to_sp800-53r5.csv),Integrity rules in POL-01. No procedure,POL-01,Partially met,Procedure pending,Low,Patch and malware procedure,IT Manager,2026-12-31,None
G-159,NIST SP 800-53 Rev. 5 (Release 5.2.0) Moderate baseline,SI-2 with (2),Flaw Remediation (with 1 Moderate enhancement),"Base control, Moderate baseline (SP 800-53B)",Yes: contract for CT-S scope; benchmark for the rest of the FOTP,ID.IM-01; ID.IM-02; ID.IM-03; PR.PS-02,SI-2,Official: NIST CSF 2.0 informative references to SP 800-53 Rev. 5.2.0 (00_universal/crosswalks/csf2_to_sp800-53r5.csv),Laptops patched automatically; supervisory server patched quarterly. Edge firewall firmware 3 releases behind; controller firmware never reviewed,Patch report; firmware versions,Partially met,OT and edge patching not managed; enhancement (2) unmet,High,Monthly firmware review; OT patch windows with customers (R-016),IT/OT Systems Administrator,2026-10-31,None
G-160,NIST SP 800-53 Rev. 5 (Release 5.2.0) Moderate baseline,SI-3,Malicious Code Protection,"Base control, Moderate baseline (SP 800-53B)",Yes: contract for CT-S scope; benchmark for the rest of the FOTP,PR.DS-01; PR.DS-02; PR.DS-10,SI-3,Official: NIST CSF 2.0 informative references to SP 800-53 Rev. 5.2.0 (00_universal/crosswalks/csf2_to_sp800-53r5.csv),EDR on laptops and ROC workstations. None on the supervisory server VMs or county engineering workstations,EDR console,Partially met,Gaps on OT hosts,Moderate,OT-compatible EDR or allow-listing on the supervisory server and workstations,IT/OT Systems Administrator,2026-12-31,None
G-161,NIST SP 800-53 Rev. 5 (Release 5.2.0) Moderate baseline,"SI-4 with (2), (4), (5)",System Monitoring (with 3 Moderate enhancements),"Base control, Moderate baseline (SP 800-53B)",Yes: contract for CT-S scope; benchmark for the rest of the FOTP,DE.AE-02; DE.AE-03; DE.CM-01; DE.CM-06; DE.CM-09; ID.IM-01; ID.IM-02; ID.IM-03; ID.RA-01; PR.DS-01; PR.DS-02; PR.DS-10,SI-4,Official: NIST CSF 2.0 informative references to SP 800-53 Rev. 5.2.0 (00_universal/crosswalks/csf2_to_sp800-53r5.csv),"EDR alerts watched during business hours only. No monitoring of OT networks, remote sessions, or administrator actions",EDR console; interview,Not met,"No system monitoring; enhancements (2), (4), (5) unmet",High,Log workspace alerts; passive OT network monitoring at the county government center,IT Manager,2027-01-31,"SP 800-82 Rev. 4 initial public draft (2026-09-21) adds building automation guidance; draft only, not used as a requirement"
G-162,NIST SP 800-53 Rev. 5 (Release 5.2.0) Moderate baseline,SI-5,"Security Alerts, Advisories, and Directives","Base control, Moderate baseline (SP 800-53B)",Yes: contract for CT-S scope; benchmark for the rest of the FOTP,ID.RA-01; ID.RA-02; ID.RA-03,SI-5,Official: NIST CSF 2.0 informative references to SP 800-53 Rev. 5.2.0 (00_universal/crosswalks/csf2_to_sp800-53r5.csv),IT Manager reads vendor bulletins informally; not subscribed to CISA ICS advisories,Interview,Partially met,No structured alert intake,Low,Subscribe to CISA ICS advisories and vendor bulletins; review weekly,IT Manager,2026-10-31,None
G-163,NIST SP 800-53 Rev. 5 (Release 5.2.0) Moderate baseline,"SI-7 with (1), (7)","Software, Firmware, and Information Integrity (with 2 Moderate enhancements)","Base control, Moderate baseline (SP 800-53B)",Yes: contract for CT-S scope; benchmark for the rest of the FOTP,DE.CM-09; ID.RA-09; PR.DS-01; PR.DS-02; PR.DS-10; PR.PS-02,SI-7,Official: NIST CSF 2.0 informative references to SP 800-53 Rev. 5.2.0 (00_universal/crosswalks/csf2_to_sp800-53r5.csv),SaaS integrity controls per vendor SOC 2. No integrity check of controller programs before download,Vendor SOC 2,Partially met,"Program integrity not verified; enhancement (1), (7) unmet",Moderate,Hash-checked program repository (R-007),Controls Engineering Manager,2026-12-31,None
G-164,NIST SP 800-53 Rev. 5 (Release 5.2.0) Moderate baseline,SI-8 with (2),Spam Protection (with 1 Moderate enhancement),"Base control, Moderate baseline (SP 800-53B)",Yes: contract for CT-S scope; benchmark for the rest of the FOTP,DE.CM-09,SI-8,Author mapping (no NIST CSF 2.0 informative reference for this control),Email spam and phishing filtering by the productivity suite,Mail settings,Met,None,Very Low,None,IT/OT Systems Administrator,,None
G-165,NIST SP 800-53 Rev. 5 (Release 5.2.0) Moderate baseline,SI-10,Information Input Validation,"Base control, Moderate baseline (SP 800-53B)",Yes: contract for CT-S scope; benchmark for the rest of the FOTP,PR.DS-10,SI-10,Official: NIST CSF 2.0 informative references to SP 800-53 Rev. 5.2.0 (00_universal/crosswalks/csf2_to_sp800-53r5.csv),Input validation in vendor applications (vendor documentation),Vendor documentation,Met,None,Very Low,None,Controls Engineering Manager,,None
G-166,NIST SP 800-53 Rev. 5 (Release 5.2.0) Moderate baseline,SI-11,Error Handling,"Base control, Moderate baseline (SP 800-53B)",Yes: contract for CT-S scope; benchmark for the rest of the FOTP,PR.DS-10,SI-11,Author mapping (no NIST CSF 2.0 informative reference for this control),Vendor applications show generic errors to users,Observation,Met,None,Very Low,None,Controls Engineering Manager,,None
G-167,NIST SP 800-53 Rev. 5 (Release 5.2.0) Moderate baseline,SI-12,Information Management and Retention,"Base control, Moderate baseline (SP 800-53B)",Yes: contract for CT-S scope; benchmark for the rest of the FOTP,ID.AM-07; ID.AM-08,SI-12,Official: NIST CSF 2.0 informative references to SP 800-53 Rev. 5.2.0 (00_universal/crosswalks/csf2_to_sp800-53r5.csv),"Contract records kept per contracts. No rule for cardholder data, face templates, video exports, or CUI after contract end (Fla. Stat. 119.0701(2)(b)4)",Contracts,Partially met,Retention and disposition not defined,Moderate,Retention schedule by contract; transfer or destroy at contract end,Contracts Manager,2026-12-31,None
G-168,NIST SP 800-53 Rev. 5 (Release 5.2.0) Moderate baseline,SI-16,Memory Protection,"Base control, Moderate baseline (SP 800-53B)",Yes: contract for CT-S scope; benchmark for the rest of the FOTP,PR.DS-10,SI-16,Official: NIST CSF 2.0 informative references to SP 800-53 Rev. 5.2.0 (00_universal/crosswalks/csf2_to_sp800-53r5.csv),Memory protection by supported operating systems,OS documentation,Met,None,Very Low,None,IT/OT Systems Administrator,,None
G-169,NIST SP 800-53 Rev. 5 (Release 5.2.0) Moderate baseline,SR-1,Policy and Procedures,"Base control, Moderate baseline (SP 800-53B)",Yes: contract for CT-S scope; benchmark for the rest of the FOTP,GV.OC-03; GV.OV-01; GV.PO-01; GV.PO-02; GV.SC-03; ID.IM-01; ID.IM-02; ID.IM-03,SR-1,Official: NIST CSF 2.0 informative references to SP 800-53 Rev. 5.2.0 (00_universal/crosswalks/csf2_to_sp800-53r5.csv),Supply chain rules in POL-01 (Section 889 and FASCSA checks). No procedure,POL-01,Partially met,Procedure pending,Low,Supply chain procedure,Contracts Manager,2026-11-30,None
G-170,NIST SP 800-53 Rev. 5 (Release 5.2.0) Moderate baseline,SR-2 with (1),Supply Chain Risk Management Plan (with 1 Moderate enhancement),"Base control, Moderate baseline (SP 800-53B)",Yes: contract for CT-S scope; benchmark for the rest of the FOTP,GV.RM-01; GV.RM-03; GV.RM-04; GV.SC-01; GV.SC-02; GV.SC-03; GV.SC-08; GV.SC-09; GV.SC-10; ID.AM-04; ID.IM-04,SR-2,Official: NIST CSF 2.0 informative references to SP 800-53 Rev. 5.2.0 (00_universal/crosswalks/csf2_to_sp800-53r5.csv),No supply chain risk management plan,Interview,Not met,No plan; enhancement (1) unmet,Moderate,"Short SCRM plan covering Section 889, FASCSA, and OT component sourcing",Contracts Manager,2026-12-31,None
G-171,NIST SP 800-53 Rev. 5 (Release 5.2.0) Moderate baseline,SR-3,Supply Chain Controls and Processes,"Base control, Moderate baseline (SP 800-53B)",Yes: contract for CT-S scope; benchmark for the rest of the FOTP,GV.OC-02; GV.SC-01; GV.SC-02; GV.SC-03; GV.SC-05; GV.SC-07; GV.SC-08; GV.SC-09; GV.SC-10; RS.CO-02; RS.CO-03; RS.MA-01,SR-3,Official: NIST CSF 2.0 informative references to SP 800-53 Rev. 5.2.0 (00_universal/crosswalks/csf2_to_sp800-53r5.csv),No screening of equipment and suppliers against FAR 52.204-25; no quarterly FASCSA check; HQ video system origin unconfirmed,Purchase records; P03 walkthrough,Not met,No supply chain controls,High,"Supplier screening; quarterly SAM check; replace HQ video system (R-009, R-029)",Contracts Manager,2026-10-31,None
G-172,NIST SP 800-53 Rev. 5 (Release 5.2.0) Moderate baseline,SR-5,"Acquisition Strategies, Tools, and Methods","Base control, Moderate baseline (SP 800-53B)",Yes: contract for CT-S scope; benchmark for the rest of the FOTP,GV.OC-02; GV.OC-05; GV.SC-02; GV.SC-05; GV.SC-06; GV.SC-09; GV.SC-10; ID.AM-08; ID.IM-01; ID.IM-02; ID.IM-03; ID.RA-09,SR-5,Official: NIST CSF 2.0 informative references to SP 800-53 Rev. 5.2.0 (00_universal/crosswalks/csf2_to_sp800-53r5.csv),Controllers bought through authorized distributors on customer projects; small items through general resellers,Purchase records,Partially met,Reseller purchases not controlled,Moderate,Authorized sources only for security and OT equipment,Contracts Manager,2026-12-31,None
G-173,NIST SP 800-53 Rev. 5 (Release 5.2.0) Moderate baseline,SR-6,Supplier Assessments and Reviews,"Base control, Moderate baseline (SP 800-53B)",Yes: contract for CT-S scope; benchmark for the rest of the FOTP,GV.OC-02; GV.OV-01; GV.OV-02; GV.OV-03; GV.SC-04; GV.SC-05; GV.SC-06; GV.SC-07; GV.SC-09; GV.SC-10; ID.RA-09; ID.RA-10,SR-6,Official: NIST CSF 2.0 informative references to SP 800-53 Rev. 5.2.0 (00_universal/crosswalks/csf2_to_sp800-53r5.csv),Vendor SOC 2 reviews for SaaS; no review of the integrator,P09,Partially met,Integrator not assessed,Moderate,Annual integrator questionnaire,Contracts Manager,2026-12-31,None
G-174,NIST SP 800-53 Rev. 5 (Release 5.2.0) Moderate baseline,SR-8,Notification Agreements,"Base control, Moderate baseline (SP 800-53B)",Yes: contract for CT-S scope; benchmark for the rest of the FOTP,GV.OC-02; GV.SC-08; RC.CO-03; RS.CO-02; RS.CO-03; RS.MA-01,SR-8,Official: NIST CSF 2.0 informative references to SP 800-53 Rev. 5.2.0 (00_universal/crosswalks/csf2_to_sp800-53r5.csv),No supplier agreement requires notice of supply chain compromise,Contracts,Not met,No notification agreements,Low,Add to supplier terms,Contracts Manager,2026-12-31,None
G-175,NIST SP 800-53 Rev. 5 (Release 5.2.0) Moderate baseline,SR-10,Inspection of Systems or Components,"Base control, Moderate baseline (SP 800-53B)",Yes: contract for CT-S scope; benchmark for the rest of the FOTP,GV.SC-05; ID.RA-09,SR-10,Official: NIST CSF 2.0 informative references to SP 800-53 Rev. 5.2.0 (00_universal/crosswalks/csf2_to_sp800-53r5.csv),No inspection of controllers or cameras on receipt,Interview,Not met,No inspection,Low,Receiving inspection checklist for OT and security equipment,Controls Engineering Manager,2027-03-31,None
G-176,NIST SP 800-53 Rev. 5 (Release 5.2.0) Moderate baseline,"SR-11 with (1), (2)",Component Authenticity (with 2 Moderate enhancements),"Base control, Moderate baseline (SP 800-53B)",Yes: contract for CT-S scope; benchmark for the rest of the FOTP,ID.RA-09,SR-11,Official: NIST CSF 2.0 informative references to SP 800-53 Rev. 5.2.0 (00_universal/crosswalks/csf2_to_sp800-53r5.csv),No anti-counterfeit steps,Interview,Not met,"No component authenticity controls; enhancements (1), (2) unmet",Low,Authorized sources and training (SR-5),Controls Engineering Manager,2027-03-31,None
G-177,NIST SP 800-53 Rev. 5 (Release 5.2.0) Moderate baseline,SR-12,Component Disposal,"Base control, Moderate baseline (SP 800-53B)",Yes: contract for CT-S scope; benchmark for the rest of the FOTP,ID.AM-08,SR-12,Official: NIST CSF 2.0 informative references to SP 800-53 Rev. 5.2.0 (00_universal/crosswalks/csf2_to_sp800-53r5.csv),Laptops wiped before disposal. Removed controllers and NVR drives returned to customers without wiping,Interview,Partially met,OT component disposal not controlled,Low,Wipe or hand over with customer sign-off,Controls Engineering Manager,2026-12-31,None
G-178,FAR 52.204-21 and related FAR clauses (CT-F),52.204-21(b)(1)(i),"Limit information system access to authorized users, processes acting for them, and devices",Contract clause (mandatory),Yes: CT-F contract clause; no size exemption,PR.AA-05,AC-2; AC-3; AC-17,Author mapping (FAR text to SP 800-53 via SP 800-171 Rev. 2 lineage),"Identity provider controls access to the CMMS, email, and file storage; guest accounts for subcontractors. Accounts disabled about 3 business days after departure",IdP export; termination tickets,Partially met,Late disablement,Moderate,Same-day disable (PS-4),HR Manager,2026-10-31,"RFO proposed rule (FR Doc. 2026-12559, 2026-06-23) would renumber 52.204-21 as 52.240-5; proposed only"
G-179,FAR 52.204-21 and related FAR clauses (CT-F),52.204-21(b)(1)(ii),Limit access to the types of transactions and functions users are permitted to execute,Contract clause (mandatory),Yes: CT-F contract clause; no size exemption,PR.AA-05,AC-3; AC-6,Author mapping (FAR text to SP 800-53 via SP 800-171 Rev. 2 lineage),"CMMS roles by job; file share open to all staff, including GSA CUI drawings",CMMS roles; file share permissions,Partially met,File share not restricted,Moderate,Restricted CUI library (MP-4),Contracts Manager,2026-11-30,"RFO proposed rule (FR Doc. 2026-12559, 2026-06-23) would renumber 52.204-21 as 52.240-5; proposed only"
G-180,FAR 52.204-21 and related FAR clauses (CT-F),52.204-21(b)(1)(iii),Verify and control or limit connections to and use of external information systems,Contract clause (mandatory),Yes: CT-F contract clause; no size exemption,PR.IR-01,AC-20,Author mapping (FAR text to SP 800-53 via SP 800-171 Rev. 2 lineage),6 technicians use unmanaged personal phones for the CMMS app; no rule for subcontractor systems,Device management report,Partially met,External systems not controlled,Moderate,App protection policy; POL-05 external systems rule,IT/OT Systems Administrator,2026-12-31,"RFO proposed rule (FR Doc. 2026-12559, 2026-06-23) would renumber 52.204-21 as 52.240-5; proposed only"
G-181,FAR 52.204-21 and related FAR clauses (CT-F),52.204-21(b)(1)(iv),Control information posted or processed on publicly accessible information systems,Contract clause (mandatory),Yes: CT-F contract clause; no size exemption,PR.DS-10,AC-22,Author mapping (FAR text to SP 800-53 via SP 800-171 Rev. 2 lineage),No contract information on the public website; posts approved by the COO,Website review,Met,None,Very Low,None,Chief Operating Officer,,"RFO proposed rule (FR Doc. 2026-12559, 2026-06-23) would renumber 52.204-21 as 52.240-5; proposed only"
G-182,FAR 52.204-21 and related FAR clauses (CT-F),52.204-21(b)(1)(v),"Identify information system users, processes acting for users, or devices",Contract clause (mandatory),Yes: CT-F contract clause; no size exemption,PR.AA-01,IA-2; IA-4,Author mapping (FAR text to SP 800-53 via SP 800-171 Rev. 2 lineage),Unique identity provider IDs for every user of FCI systems,IdP export,Met,None,Low,None,IT Manager,,"RFO proposed rule (FR Doc. 2026-12559, 2026-06-23) would renumber 52.204-21 as 52.240-5; proposed only"
G-183,FAR 52.204-21 and related FAR clauses (CT-F),52.204-21(b)(1)(vi),"Authenticate identities of users, processes, or devices before allowing access",Contract clause (mandatory),Yes: CT-F contract clause; no size exemption,PR.AA-03,IA-2; IA-5,Author mapping (FAR text to SP 800-53 via SP 800-171 Rev. 2 lineage),"MFA for email, CMMS, and file storage through the identity provider",Conditional access policy,Met,None,Low,None,IT Manager,,"RFO proposed rule (FR Doc. 2026-12559, 2026-06-23) would renumber 52.204-21 as 52.240-5; proposed only"
G-184,FAR 52.204-21 and related FAR clauses (CT-F),52.204-21(b)(1)(vii),Sanitize or destroy media containing FCI before disposal or reuse,Contract clause (mandatory),Yes: CT-F contract clause; no size exemption,ID.AM-08,MP-6,Author mapping (FAR text to SP 800-53 via SP 800-171 Rev. 2 lineage),Laptops wiped before reuse; paper shredded at HQ but not at site offices,Wipe records,Partially met,No shredding at site offices,Low,Locked shred bins at site offices,Site Managers,2026-12-31,"RFO proposed rule (FR Doc. 2026-12559, 2026-06-23) would renumber 52.204-21 as 52.240-5; proposed only"
G-185,FAR 52.204-21 and related FAR clauses (CT-F),52.204-21(b)(1)(viii),"Limit physical access to systems, equipment, and operating environments to authorized individuals",Contract clause (mandatory),Yes: CT-F contract clause; no size exemption,PR.AA-06,PE-2; PE-3,Author mapping (FAR text to SP 800-53 via SP 800-171 Rev. 2 lineage),ROC suite is badge-controlled; badge list not reviewed,Badge list,Partially met,No badge list review,Low,Quarterly badge list review,Director of Operations,2026-12-31,"RFO proposed rule (FR Doc. 2026-12559, 2026-06-23) would renumber 52.204-21 as 52.240-5; proposed only"
G-186,FAR 52.204-21 and related FAR clauses (CT-F),52.204-21(b)(1)(ix),"Escort visitors, monitor visitor activity, keep physical access logs, and manage physical access devices",Contract clause (mandatory),Yes: CT-F contract clause; no size exemption,PR.AA-06,PE-3; PE-8,Author mapping (FAR text to SP 800-53 via SP 800-171 Rev. 2 lineage),No visitor log at the ROC; no key log for BAS panel keys,Walkthrough 2026-07-17,Not met,No visitor or key records,Low,Visitor log and escort rule; key log,Director of Operations,2026-10-31,"RFO proposed rule (FR Doc. 2026-12559, 2026-06-23) would renumber 52.204-21 as 52.240-5; proposed only"
G-187,FAR 52.204-21 and related FAR clauses (CT-F),52.204-21(b)(1)(x),"Monitor, control, and protect communications at external and key internal boundaries",Contract clause (mandatory),Yes: CT-F contract clause; no size exemption,PR.IR-01,SC-7,Author mapping (FAR text to SP 800-53 via SP 800-171 Rev. 2 lineage),Cloud network rules and SaaS provider boundaries; no monitoring of boundary events,Network rule export,Partially met,Boundary events not monitored,Moderate,Log workspace alerts (SI-4),IT Manager,2027-01-31,"RFO proposed rule (FR Doc. 2026-12559, 2026-06-23) would renumber 52.204-21 as 52.240-5; proposed only"
G-188,FAR 52.204-21 and related FAR clauses (CT-F),52.204-21(b)(1)(xi),Implement subnetworks for publicly accessible system components,Contract clause (mandatory),Yes: CT-F contract clause; no size exemption,PR.IR-01,SC-7,Author mapping (FAR text to SP 800-53 via SP 800-171 Rev. 2 lineage),The company hosts no publicly accessible components; the website is on a SaaS web host,Scenario facts,Not applicable,N/A,,,,,"RFO proposed rule (FR Doc. 2026-12559, 2026-06-23) would renumber 52.204-21 as 52.240-5; proposed only"
G-189,FAR 52.204-21 and related FAR clauses (CT-F),52.204-21(b)(1)(xii),"Identify, report, and correct information and system flaws in a timely manner",Contract clause (mandatory),Yes: CT-F contract clause; no size exemption,ID.RA-01,SI-2; RA-5,Author mapping (FAR text to SP 800-53 via SP 800-171 Rev. 2 lineage),Laptops patched automatically; cloud VMs quarterly; no vulnerability scanning,Patch report,Partially met,No scanning; quarterly VM patching,Moderate,Monthly patching and scanning (RA-5),IT/OT Systems Administrator,2026-11-30,"RFO proposed rule (FR Doc. 2026-12559, 2026-06-23) would renumber 52.204-21 as 52.240-5; proposed only"
G-190,FAR 52.204-21 and related FAR clauses (CT-F),52.204-21(b)(1)(xiii),Provide protection from malicious code at appropriate locations,Contract clause (mandatory),Yes: CT-F contract clause; no size exemption,DE.CM-09,SI-3,Author mapping (FAR text to SP 800-53 via SP 800-171 Rev. 2 lineage),EDR on laptops and ROC workstations; email filtering,EDR console,Met,None,Low,None,IT/OT Systems Administrator,,"RFO proposed rule (FR Doc. 2026-12559, 2026-06-23) would renumber 52.204-21 as 52.240-5; proposed only"
G-191,FAR 52.204-21 and related FAR clauses (CT-F),52.204-21(b)(1)(xiv),Update malicious code protection mechanisms when new releases are available,Contract clause (mandatory),Yes: CT-F contract clause; no size exemption,DE.CM-09,SI-3,Author mapping (FAR text to SP 800-53 via SP 800-171 Rev. 2 lineage),EDR updates automatically,EDR console,Met,None,Very Low,None,IT/OT Systems Administrator,,"RFO proposed rule (FR Doc. 2026-12559, 2026-06-23) would renumber 52.204-21 as 52.240-5; proposed only"
G-192,FAR 52.204-21 and related FAR clauses (CT-F),52.204-21(b)(1)(xv),Perform periodic scans and real-time scans of files from external sources,Contract clause (mandatory),Yes: CT-F contract clause; no size exemption,DE.CM-09,SI-3,Author mapping (FAR text to SP 800-53 via SP 800-171 Rev. 2 lineage),EDR real-time protection and weekly full scans,EDR policy,Met,None,Very Low,None,IT/OT Systems Administrator,,"RFO proposed rule (FR Doc. 2026-12559, 2026-06-23) would renumber 52.204-21 as 52.240-5; proposed only"
G-193,FAR 52.204-21 and related FAR clauses (CT-F),52.204-21(c),Include the substance of the clause in subcontracts where FCI resides in or transits the subcontractor system,Contract clause (mandatory),Yes: CT-F contract clause; no size exemption,GV.SC-05,SA-9; SR-3,Author mapping (FAR text to SP 800-53 via SP 800-171 Rev. 2 lineage),Mechanical subcontractors receive GSA work orders and drawings; subcontracts do not include the clause,Subcontracts,Not met,No flow-down,Moderate,Subcontractor addendum with FAR flow-downs,Contracts Manager,2026-12-31,"RFO proposed rule (FR Doc. 2026-12559, 2026-06-23) would renumber 52.204-21 as 52.240-5; proposed only"
G-194,FAR 52.204-21 and related FAR clauses (CT-F),52.204-23(b)-(c),No Kaspersky covered articles; report within 3 business days of identification,Contract clause (mandatory),Yes: CT-F contract clause; no size exemption,GV.SC-05,SR-3; CM-8,Author mapping (FAR text to SP 800-53 via SP 800-171 Rev. 2 lineage),Endpoint software inventory shows no covered articles; no written check,Software inventory 2026-07-20,Met,None,Low,Add to the SR-3 supplier screening,Contracts Manager,,None
G-195,FAR 52.204-21 and related FAR clauses (CT-F),52.204-25(b)(2) and (d),"No use of covered telecommunications or video surveillance equipment; report within 1 business day of identification, details within 10 business days; flow down per (e)",Contract clause (mandatory),Yes: CT-F contract clause; no size exemption,GV.SC-05,SR-3; SR-5; CM-8,Author mapping (FAR text to SP 800-53 via SP 800-171 Rev. 2 lineage),No supplier screening. HQ NVR and 4 cameras have an unconfirmed manufacturer; clause not flowed down,Purchase records 2019; walkthrough 2026-07-17,Not met,Possible covered equipment in use; no screening or flow-down,High,Confirm by 2026-09-30; report if covered; replace by 2026-10-31; flow down,Contracts Manager,2026-10-31,None
G-196,FAR 52.204-21 and related FAR clauses (CT-F),52.204-30(c)(1)-(4),Check SAM.gov for FASCSA orders at least every three months; report within 3 business days,Contract clause (mandatory),Yes: CT-F contract clause; no size exemption,GV.SC-05,SR-3,Author mapping (FAR text to SP 800-53 via SP 800-171 Rev. 2 lineage),No SAM.gov FASCSA checks performed,Interview,Not met,No quarterly check,Low,Quarterly check logged,Contracts Manager,2026-09-30,None
G-197,FAR 52.204-21 and related FAR clauses (CT-F),52.204-9(b),Account for government-issued identification and return it when no longer needed,Contract clause (mandatory),Yes: CT-F contract clause; no size exemption,GV.RR-04,PS-4; PE-2,Author mapping (FAR text to SP 800-53 via SP 800-171 Rev. 2 lineage),16 PIV cards issued; 1 not returned after a 2026-06 departure,PIV roster; P07,Partially met,No PIV return step at termination,Low,PIV return on the last day; notify GSA sponsor,HR Manager,2026-09-30,None
