req_id,regulation,citation,requirement_summary,requirement_type,applies_at_this_tier,csf2_subcategories,sp800_53_controls,crosswalk_source,current_state,evidence,status,gap_description,gap_risk_level,remediation_action,owner,target_date,pending_rule_change
G-001,NIST SP 800-53 Rev. 5 (Release 5.2.0) Moderate baseline,AC-1,Policy and Procedures,"Base control, Moderate baseline (SP 800-53B)","Yes: contract for CT-S scope; benchmark for the rest of the IFOP (County A, County B, and City addenda require NIST CSF-based standards)",GV.OC-03; GV.OV-01; GV.PO-01; GV.PO-02; GV.SC-03; ID.IM-01; ID.IM-02; ID.IM-03; PR.AA-01; PR.AA-05,AC-1,Official: NIST CSF 2.0 informative references to SP 800-53 Rev. 5.2.0 (00_universal-framework/crosswalks/csf2_to_sp800-53r5.csv),"POL-02 Access Control Policy approved 2026-09-15, effective 2026-10-01 (P06), replacing the 2024 policy. IT account and remote access procedures exist; the OT remote access procedure for subcontractors is in draft",POL-02; 2024 IT procedures; draft OT remote access procedure,Partially met,OT remote access procedure not issued,Low,Issue the OT remote access procedure under STD-03,OT Security Engineer,2026-12-31,None
G-002,NIST SP 800-53 Rev. 5 (Release 5.2.0) Moderate baseline,"AC-2 with (1), (2), (3), (4), (5), (13)",Account Management (with 6 Moderate enhancements),"Base control, Moderate baseline (SP 800-53B)","Yes: contract for CT-S scope; benchmark for the rest of the IFOP (County A, County B, and City addenda require NIST CSF-based standards)",DE.CM-01; DE.CM-03; PR.AA-01; PR.AA-05; PR.DS-10,AC-2,Official: NIST CSF 2.0 informative references to SP 800-53 Rev. 5.2.0 (00_universal-framework/crosswalks/csf2_to_sp800-53r5.csv),"Workforce accounts are provisioned in the identity provider from the HR system feed and disabled automatically at termination. Accounts in the 4 customer access control tenants and on the 8 BAS supervisory clusters are created and removed by hand from CMMS tickets. P07 found 6 of 25 sampled terminations kept access control administrator access for more than 1 business day (longest 9 days). Tenant administrator accounts are reviewed twice a year, not quarterly",HR feed configuration; IdP export; tenant administrator lists; termination sample (25 of 96); Sample: 25 of 96 terminations (6 exceptions); 15 of 41 transfers,Partially met,"Manual removal in customer tenants and BAS clusters; semiannual reviews; enhancements (1), (3), (4), (13) partly unmet",Moderate,"Federate the 4 tenants and 8 BAS clusters to the identity provider with automated deprovisioning, or reconcile daily; quarterly reviews; same-day removal",Security Systems Manager,2027-03-31,None
G-003,NIST SP 800-53 Rev. 5 (Release 5.2.0) Moderate baseline,AC-3,Access Enforcement,"Base control, Moderate baseline (SP 800-53B)","Yes: contract for CT-S scope; benchmark for the rest of the IFOP (County A, County B, and City addenda require NIST CSF-based standards)",PR.AA-05; PR.DS-10; PR.IR-01,AC-3,Official: NIST CSF 2.0 informative references to SP 800-53 Rev. 5.2.0 (00_universal-framework/crosswalks/csf2_to_sp800-53r5.csv),"The identity provider, cloud IAM, broker, and access control tenants enforce role-based access. On 3 of 8 BAS clusters all technicians hold the engineer role. The CUI library enforces named access",Cloud IAM export; BAS role reports; CUI library permissions,Partially met,Coarse BAS roles on 3 clusters,Moderate,"Apply operator, technician, and engineer roles on all 8 clusters",Controls Engineering Manager,2026-12-31,None
G-004,NIST SP 800-53 Rev. 5 (Release 5.2.0) Moderate baseline,AC-4,Information Flow Enforcement,"Base control, Moderate baseline (SP 800-53B)","Yes: contract for CT-S scope; benchmark for the rest of the IFOP (County A, County B, and City addenda require NIST CSF-based standards)",DE.CM-09; ID.AM-03; PR.DS-10; PR.IR-01,AC-4,Official: NIST CSF 2.0 informative references to SP 800-53 Rev. 5.2.0 (00_universal-framework/crosswalks/csf2_to_sp800-53r5.csv),"Edge firewalls at 29 of 46 sites separate OT VLANs from the customer network with deny-by-default rules. At 17 sites (8 County B service centers, 9 City buildings) the edge firewall passes customer network traffic to controllers",Edge firewall rule exports,Partially met,No information flow control at 17 flat sites,High,"OT VLANs and deny-by-default rules at the 17 sites, coordinated with County B and City IT",OT Security Engineer,2027-06-30,None
G-005,NIST SP 800-53 Rev. 5 (Release 5.2.0) Moderate baseline,AC-5,Separation of Duties,"Base control, Moderate baseline (SP 800-53B)","Yes: contract for CT-S scope; benchmark for the rest of the IFOP (County A, County B, and City addenda require NIST CSF-based standards)",PR.AA-05,AC-5,Official: NIST CSF 2.0 informative references to SP 800-53 Rev. 5.2.0 (00_universal-framework/crosswalks/csf2_to_sp800-53r5.csv),Cloud and broker administration are separated from security monitoring. BAS engineers program and approve their own changes on 3 clusters. Gap at the County B access control tenant: one subcontractor administrator account is shared (P07),Role matrix; P07 finding,Partially met,Self-approval of BAS changes; shared subcontractor administrator,Moderate,Second-person approval for BAS program changes in the CMMS; named subcontractor accounts,Director of Building Technology,2026-12-31,None
G-006,NIST SP 800-53 Rev. 5 (Release 5.2.0) Moderate baseline,"AC-6 with (1), (2), (5), (7), (9), (10)",Least Privilege (with 6 Moderate enhancements),"Base control, Moderate baseline (SP 800-53B)","Yes: contract for CT-S scope; benchmark for the rest of the IFOP (County A, County B, and City addenda require NIST CSF-based standards)",PR.AA-05,AC-6,Official: NIST CSF 2.0 informative references to SP 800-53 Rev. 5.2.0 (00_universal-framework/crosswalks/csf2_to_sp800-53r5.csv),"Standard users have no local administrator rights. Cloud administrators use just-in-time elevation through the broker. Excess privilege remains on 3 BAS clusters and for 2 integrators with tenant administrator rights. Enhancements (1), (2), (5), (9) implemented for company IT; (7) and (10) partly unmet for OT",Endpoint policy; broker elevation logs; tenant role reports,Partially met,"Excess privilege on BAS clusters and for integrators; enhancements (7), (10) partly unmet",Moderate,Remove standing engineer rights on 3 clusters; integrators limited to device-level roles; semiannual privilege review across OT,Director of Building Technology,2027-03-31,None
G-007,NIST SP 800-53 Rev. 5 (Release 5.2.0) Moderate baseline,AC-7,Unsuccessful Logon Attempts,"Base control, Moderate baseline (SP 800-53B)","Yes: contract for CT-S scope; benchmark for the rest of the IFOP (County A, County B, and City addenda require NIST CSF-based standards)",PR.AA-03,AC-7,Official: NIST CSF 2.0 informative references to SP 800-53 Rev. 5.2.0 (00_universal-framework/crosswalks/csf2_to_sp800-53r5.csv),The identity provider locks accounts for 30 minutes after 10 failed attempts. The broker inherits this. BAS clusters lock after 5 failures on 5 of 8 clusters; field controllers have no lockout,IdP policy; cluster settings,Partially met,No lockout on 3 BAS clusters and on field controllers,Low,Enable lockout on the 3 clusters at their next upgrade; compensate at the controller level with broker-only access,Controls Engineering Manager,2027-03-31,None
G-008,NIST SP 800-53 Rev. 5 (Release 5.2.0) Moderate baseline,AC-8,System Use Notification,"Base control, Moderate baseline (SP 800-53B)","Yes: contract for CT-S scope; benchmark for the rest of the IFOP (County A, County B, and City addenda require NIST CSF-based standards)",PR.AA-05,AC-8,Author mapping (no official CSF 2.0 reference for this control),"The identity provider, broker, and access control portals show a system use notice. 3 of 8 BAS cluster login screens do not",Screenshots,Partially met,Banner missing on 3 BAS clusters,Very Low,Add the banner at the next cluster upgrade,Controls Engineering Manager,2027-03-31,None
G-009,NIST SP 800-53 Rev. 5 (Release 5.2.0) Moderate baseline,AC-11 with (1),Device Lock (with 1 Moderate enhancement),"Base control, Moderate baseline (SP 800-53B)","Yes: contract for CT-S scope; benchmark for the rest of the IFOP (County A, County B, and City addenda require NIST CSF-based standards)",PR.AA-05,AC-11,Author mapping (no official CSF 2.0 reference for this control),Laptops lock after 10 minutes and ROC workstations after 15 minutes; alarm walls keep displaying. 9 of 38 site engineering workstations have no lock because the legacy BAS tools need an always-on session,Endpoint policy report,Partially met,Lock exceptions on 9 engineering workstations without compensating control,Low,Physical lock boxes for the 9 workstations until replaced (SA-22),OT Security Engineer,2026-12-31,None
G-010,NIST SP 800-53 Rev. 5 (Release 5.2.0) Moderate baseline,AC-12,Session Termination,"Base control, Moderate baseline (SP 800-53B)","Yes: contract for CT-S scope; benchmark for the rest of the IFOP (County A, County B, and City addenda require NIST CSF-based standards)",PR.AA-03,AC-12,Official: NIST CSF 2.0 informative references to SP 800-53 Rev. 5.2.0 (00_universal-framework/crosswalks/csf2_to_sp800-53r5.csv),Identity provider sessions end after 12 hours; tenant portals after 30 minutes idle; broker sessions after 15 minutes idle,Session settings,Met,,,,,,None
G-011,NIST SP 800-53 Rev. 5 (Release 5.2.0) Moderate baseline,AC-14,Permitted Actions Without Identification or Authentication,"Base control, Moderate baseline (SP 800-53B)","Yes: contract for CT-S scope; benchmark for the rest of the IFOP (County A, County B, and City addenda require NIST CSF-based standards)",PR.AA-01,AC-14,Official: NIST CSF 2.0 informative references to SP 800-53 Rev. 5.2.0 (00_universal-framework/crosswalks/csf2_to_sp800-53r5.csv),No actions are allowed without identification except viewing the public company website,Website review,Met,,,,,,None
G-012,NIST SP 800-53 Rev. 5 (Release 5.2.0) Moderate baseline,"AC-17 with (1), (2), (3), (4)",Remote Access (with 4 Moderate enhancements),"Base control, Moderate baseline (SP 800-53B)","Yes: contract for CT-S scope; benchmark for the rest of the IFOP (County A, County B, and City addenda require NIST CSF-based standards)",PR.AA-05,AC-17,Official: NIST CSF 2.0 informative references to SP 800-53 Rev. 5.2.0 (00_universal-framework/crosswalks/csf2_to_sp800-53r5.csv),"Company staff reach site OT only through the broker with MFA, per-session approval, and recording at all 46 sites. 4 of 7 OT subcontractors still use their own remote-support tools at 11 County B and City sites, and 14 technicians held legacy VPN profiles that route to site edge firewalls (P07)",Broker session index; edge firewall rules; P07 connection tests,Partially met,Remote access outside the broker at 11 sites; legacy VPN profiles; enhancements (1)-(4) partly unmet,Very High,Move SUB-4 to SUB-7 onto the broker; remove their tools; revoke legacy VPN profiles; edge firewalls accept management traffic only from the broker,OT Security Engineer,2026-12-31,NIST SP 800-82 Rev. 4 initial public draft (2026-09-21; comments due 2026-11-30) would restructure the OT guidance used for tailoring; draft only
G-013,NIST SP 800-53 Rev. 5 (Release 5.2.0) Moderate baseline,"AC-18 with (1), (3)",Wireless Access (with 2 Moderate enhancements),"Base control, Moderate baseline (SP 800-53B)","Yes: contract for CT-S scope; benchmark for the rest of the IFOP (County A, County B, and City addenda require NIST CSF-based standards)",PR.AA-05,AC-18,Official: NIST CSF 2.0 informative references to SP 800-53 Rev. 5.2.0 (00_universal-framework/crosswalks/csf2_to_sp800-53r5.csv),Office Wi-Fi uses enterprise authentication. 6 City buildings have wireless BAS gateways installed by a prior contractor with a shared key,Wireless survey 2026-07-20,Partially met,Legacy wireless BAS gateways with shared keys,Moderate,Replace or re-key the 6 gateways with the City,Controls Engineering Manager,2027-03-31,None
G-014,NIST SP 800-53 Rev. 5 (Release 5.2.0) Moderate baseline,AC-19 with (5),Access Control for Mobile Devices (with 1 Moderate enhancement),"Base control, Moderate baseline (SP 800-53B)","Yes: contract for CT-S scope; benchmark for the rest of the IFOP (County A, County B, and City addenda require NIST CSF-based standards)",PR.AA-05,AC-19,Official: NIST CSF 2.0 informative references to SP 800-53 Rev. 5.2.0 (00_universal-framework/crosswalks/csf2_to_sp800-53r5.csv),"Laptops, rugged tablets, and 520 phones are enrolled in device management with encryption, PIN, and remote wipe; unmanaged phones cannot reach the CMMS or email",Device management report,Met,,,,,,None
G-015,NIST SP 800-53 Rev. 5 (Release 5.2.0) Moderate baseline,"AC-20 with (1), (2)",Use of External Systems (with 2 Moderate enhancements),"Base control, Moderate baseline (SP 800-53B)","Yes: contract for CT-S scope; benchmark for the rest of the IFOP (County A, County B, and City addenda require NIST CSF-based standards)",ID.AM-02; ID.AM-04,AC-20,Official: NIST CSF 2.0 informative references to SP 800-53 Rev. 5.2.0 (00_universal-framework/crosswalks/csf2_to_sp800-53r5.csv),Staff use GSA-furnished virtual desktops for GSA systems as required. Personal devices are blocked from company data by conditional access. Subcontractor systems that hold company or customer data are covered only for 3 of 7 OT subcontractors,POL-05; conditional access policy; subcontract register,Partially met,External system terms missing for 4 OT subcontractors,Moderate,Security addendum with external system terms for SUB-4 to SUB-7,Contracts Director,2026-12-31,None
G-016,NIST SP 800-53 Rev. 5 (Release 5.2.0) Moderate baseline,AC-21,Information Sharing,"Base control, Moderate baseline (SP 800-53B)","Yes: contract for CT-S scope; benchmark for the rest of the IFOP (County A, County B, and City addenda require NIST CSF-based standards)",PR.DS-10,AC-21,Author mapping (no official CSF 2.0 reference for this control),"Drawings, door schedules, and CUI are shared through the CUI library or a secure file transfer link approved by the program manager. P03 sample found 3 of 20 CUI drawing transfers sent by email outside the library",CUI library logs; email sample (20); Sample: 20 CUI drawing transfers (3 by email outside the library),Partially met,Sharing decisions bypassed for some CUI transfers,Moderate,Block outbound email attachments marked CUI; refresher training for federal program staff,Contracts Director,2026-12-31,None
G-017,NIST SP 800-53 Rev. 5 (Release 5.2.0) Moderate baseline,AC-22,Publicly Accessible Content,"Base control, Moderate baseline (SP 800-53B)","Yes: contract for CT-S scope; benchmark for the rest of the IFOP (County A, County B, and City addenda require NIST CSF-based standards)",PR.DS-10,AC-22,Author mapping (no official CSF 2.0 reference for this control),The company website carries no customer or building information. Marketing posts content and the COO approves it,Website review,Met,,,,,,None
G-018,NIST SP 800-53 Rev. 5 (Release 5.2.0) Moderate baseline,AT-1,Policy and Procedures,"Base control, Moderate baseline (SP 800-53B)","Yes: contract for CT-S scope; benchmark for the rest of the IFOP (County A, County B, and City addenda require NIST CSF-based standards)",GV.OC-03; GV.OV-01; GV.PO-01; GV.PO-02; GV.SC-03; ID.IM-01; ID.IM-02; ID.IM-03,AT-1,Official: NIST CSF 2.0 informative references to SP 800-53 Rev. 5.2.0 (00_universal-framework/crosswalks/csf2_to_sp800-53r5.csv),Awareness and training rules are in POL-05 (approved 2026-09-15). The training procedure covers IT roles; OT role-based training procedure pending,POL-05; training procedure 2024,Partially met,OT role-based training procedure pending,Low,Issue the OT training procedure,OT Security Engineer,2026-12-31,None
G-019,NIST SP 800-53 Rev. 5 (Release 5.2.0) Moderate baseline,"AT-2 with (2), (3)",Literacy Training and Awareness (with 2 Moderate enhancements),"Base control, Moderate baseline (SP 800-53B)","Yes: contract for CT-S scope; benchmark for the rest of the IFOP (County A, County B, and City addenda require NIST CSF-based standards)",PR.AT-01,AT-2,Official: NIST CSF 2.0 informative references to SP 800-53 Rev. 5.2.0 (00_universal-framework/crosswalks/csf2_to_sp800-53r5.csv),All staff complete annual awareness training at hire and yearly (98% completion in 2026). Monthly phishing simulations (June 2026 click rate 6.9%). Insider threat and social engineering modules included,Training roster; phishing reports; Population: all 600 staff (98% complete),Met,,,,,,None
G-020,NIST SP 800-53 Rev. 5 (Release 5.2.0) Moderate baseline,AT-3,Role-based Training,"Base control, Moderate baseline (SP 800-53B)","Yes: contract for CT-S scope; benchmark for the rest of the IFOP (County A, County B, and City addenda require NIST CSF-based standards)",PR.AT-01; PR.AT-02,AT-3,Official: NIST CSF 2.0 informative references to SP 800-53 Rev. 5.2.0 (00_universal-framework/crosswalks/csf2_to_sp800-53r5.csv),"Role-based training exists for IT administrators and CUI handlers. BAS technicians, security systems technicians, and ROC operators have no OT security training",Training records,Partially met,No role-based OT training for 80 OT staff,Moderate,"OT security curriculum for BAS, security systems, and ROC staff; annual",OT Security Engineer,2027-03-31,None
G-021,NIST SP 800-53 Rev. 5 (Release 5.2.0) Moderate baseline,AT-4,Training Records,"Base control, Moderate baseline (SP 800-53B)","Yes: contract for CT-S scope; benchmark for the rest of the IFOP (County A, County B, and City addenda require NIST CSF-based standards)",PR.AT-01,AT-4,Author mapping (no official CSF 2.0 reference for this control),Training completion is recorded in the HR suite and kept 3 years,HR suite report,Met,,,,,,None
G-022,NIST SP 800-53 Rev. 5 (Release 5.2.0) Moderate baseline,AU-1,Policy and Procedures,"Base control, Moderate baseline (SP 800-53B)","Yes: contract for CT-S scope; benchmark for the rest of the IFOP (County A, County B, and City addenda require NIST CSF-based standards)",GV.OC-03; GV.OV-01; GV.PO-01; GV.PO-02; GV.SC-03; ID.IM-01; ID.IM-02; ID.IM-03,AU-1,Official: NIST CSF 2.0 informative references to SP 800-53 Rev. 5.2.0 (00_universal-framework/crosswalks/csf2_to_sp800-53r5.csv),Logging rules are in POL-01 and POL-02. STD-02 Logging and monitoring standard in draft,POL-01; draft STD-02,Partially met,Logging standard not issued,Low,Issue STD-02,Security Manager,2027-01-31,None
G-023,NIST SP 800-53 Rev. 5 (Release 5.2.0) Moderate baseline,AU-2,Event Logging,"Base control, Moderate baseline (SP 800-53B)","Yes: contract for CT-S scope; benchmark for the rest of the IFOP (County A, County B, and City addenda require NIST CSF-based standards)",PR.PS-04,AU-2,Official: NIST CSF 2.0 informative references to SP 800-53 Rev. 5.2.0 (00_universal-framework/crosswalks/csf2_to_sp800-53r5.csv),"Event types are defined for IT sources (identity provider, cloud, EDR, broker, firewalls). Event types for BAS clusters, access control administrator actions, and OT sensors are not selected or forwarded",SIEM source list; vendor documentation,Partially met,OT event types not selected or collected,High,"Define OT event types in STD-02 and forward BAS, tenant audit, and OT sensor events to the SIEM",Security Manager,2027-01-31,NIST SP 800-82 Rev. 4 initial public draft (2026-09-21; comments due 2026-11-30) would restructure the OT guidance used for tailoring; draft only
G-024,NIST SP 800-53 Rev. 5 (Release 5.2.0) Moderate baseline,AU-3 with (1),Content of Audit Records (with 1 Moderate enhancement),"Base control, Moderate baseline (SP 800-53B)","Yes: contract for CT-S scope; benchmark for the rest of the IFOP (County A, County B, and City addenda require NIST CSF-based standards)",PR.PS-04,AU-3,Official: NIST CSF 2.0 informative references to SP 800-53 Rev. 5.2.0 (00_universal-framework/crosswalks/csf2_to_sp800-53r5.csv),"IT and tenant records include user, action, time, source, and outcome. On 3 BAS clusters, shared engineer sessions obscure the individual",Record samples,Partially met,Records do not identify the individual on 3 BAS clusters,Moderate,Named accounts on all clusters (AC-2),Controls Engineering Manager,2026-12-31,None
G-025,NIST SP 800-53 Rev. 5 (Release 5.2.0) Moderate baseline,AU-4,Audit Log Storage Capacity,"Base control, Moderate baseline (SP 800-53B)","Yes: contract for CT-S scope; benchmark for the rest of the IFOP (County A, County B, and City addenda require NIST CSF-based standards)",PR.PS-04,AU-4,Author mapping (no official CSF 2.0 reference for this control),SIEM and the locked log bucket scale automatically; edge firewalls forward logs and keep 14 days locally,SIEM capacity report,Met,,,,,,None
G-026,NIST SP 800-53 Rev. 5 (Release 5.2.0) Moderate baseline,AU-5,Response to Audit Logging Process Failures,"Base control, Moderate baseline (SP 800-53B)","Yes: contract for CT-S scope; benchmark for the rest of the IFOP (County A, County B, and City addenda require NIST CSF-based standards)",PR.PS-04,AU-5,Author mapping (no official CSF 2.0 reference for this control),The MSSP alerts when an IT log source stops sending for 4 hours. No alert for BAS or OT sources because they are not collected,MSSP source health report,Partially met,No failure alerts for OT sources,Low,Add OT sources to health monitoring with STD-02,Security Manager,2027-01-31,None
G-027,NIST SP 800-53 Rev. 5 (Release 5.2.0) Moderate baseline,"AU-6 with (1), (3)","Audit Record Review, Analysis, and Reporting (with 2 Moderate enhancements)","Base control, Moderate baseline (SP 800-53B)","Yes: contract for CT-S scope; benchmark for the rest of the IFOP (County A, County B, and City addenda require NIST CSF-based standards)",DE.AE-02; DE.AE-03; PR.PS-04,AU-6,Official: NIST CSF 2.0 informative references to SP 800-53 Rev. 5.2.0 (00_universal-framework/crosswalks/csf2_to_sp800-53r5.csv),"The MSSP reviews IT alerts 24x7 and the Security Manager reviews monthly reports. Nobody reviews BAS audit trails, access control administrator actions, or OT sensor alerts",MSSP monthly reports; interview,Partially met,"No review of OT and tenant administrator activity; enhancements (1), (3) partly unmet",High,Weekly OT review by the OT Security Engineer until SIEM onboarding; OT use cases in the SIEM,OT Security Engineer,2027-01-31,NIST SP 800-82 Rev. 4 initial public draft (2026-09-21; comments due 2026-11-30) would restructure the OT guidance used for tailoring; draft only
G-028,NIST SP 800-53 Rev. 5 (Release 5.2.0) Moderate baseline,AU-7 with (1),Audit Record Reduction and Report Generation (with 1 Moderate enhancement),"Base control, Moderate baseline (SP 800-53B)","Yes: contract for CT-S scope; benchmark for the rest of the IFOP (County A, County B, and City addenda require NIST CSF-based standards)",PR.PS-04; RS.AN-03; RS.AN-06; RS.AN-07,AU-7,Official: NIST CSF 2.0 informative references to SP 800-53 Rev. 5.2.0 (00_universal-framework/crosswalks/csf2_to_sp800-53r5.csv),SIEM search and reporting support investigations and monthly reports,SIEM reports,Met,,,,,,None
G-029,NIST SP 800-53 Rev. 5 (Release 5.2.0) Moderate baseline,AU-8,Time Stamps,"Base control, Moderate baseline (SP 800-53B)","Yes: contract for CT-S scope; benchmark for the rest of the IFOP (County A, County B, and City addenda require NIST CSF-based standards)",PR.PS-04,AU-8,Author mapping (no official CSF 2.0 reference for this control),"Company systems, edge firewalls, and BAS clusters sync to the cloud provider time service; field controllers sync from their clusters",NTP settings,Met,,,,,,None
G-030,NIST SP 800-53 Rev. 5 (Release 5.2.0) Moderate baseline,AU-9 with (4),Protection of Audit Information (with 1 Moderate enhancement),"Base control, Moderate baseline (SP 800-53B)","Yes: contract for CT-S scope; benchmark for the rest of the IFOP (County A, County B, and City addenda require NIST CSF-based standards)",PR.DS-10,AU-9,Official: NIST CSF 2.0 informative references to SP 800-53 Rev. 5.2.0 (00_universal-framework/crosswalks/csf2_to_sp800-53r5.csv),Cloud and SIEM logs go to a write-once log bucket. BAS cluster audit trails can be cleared by local engineer accounts on 3 clusters,Bucket lock settings; BAS settings,Partially met,BAS audit trails not protected on 3 clusters,Moderate,Restrict audit trail rights; forward to SIEM,Controls Engineering Manager,2027-01-31,None
G-031,NIST SP 800-53 Rev. 5 (Release 5.2.0) Moderate baseline,AU-11,Audit Record Retention,"Base control, Moderate baseline (SP 800-53B)","Yes: contract for CT-S scope; benchmark for the rest of the IFOP (County A, County B, and City addenda require NIST CSF-based standards)",PR.PS-04,AU-11,Official: NIST CSF 2.0 informative references to SP 800-53 Rev. 5.2.0 (00_universal-framework/crosswalks/csf2_to_sp800-53r5.csv),SIEM keeps 1 year searchable; the log bucket keeps 3 years. BAS clusters keep 90 days locally; access control tenants keep 1 year,Retention settings,Partially met,BAS records below 1 year,Low,Forward BAS records to the SIEM (AU-2),Security Manager,2027-01-31,None
G-032,NIST SP 800-53 Rev. 5 (Release 5.2.0) Moderate baseline,AU-12,Audit Record Generation,"Base control, Moderate baseline (SP 800-53B)","Yes: contract for CT-S scope; benchmark for the rest of the IFOP (County A, County B, and City addenda require NIST CSF-based standards)",DE.CM-01; DE.CM-03; DE.CM-09; PR.PS-04,AU-12,Official: NIST CSF 2.0 informative references to SP 800-53 Rev. 5.2.0 (00_universal-framework/crosswalks/csf2_to_sp800-53r5.csv),"Audit generation is on in cloud, SaaS, broker, and edge firewalls. BAS clusters log only logins and alarms, not program downloads",Settings,Partially met,BAS program downloads not logged,Moderate,Enable change auditing on all clusters,Controls Engineering Manager,2026-12-31,None
G-033,NIST SP 800-53 Rev. 5 (Release 5.2.0) Moderate baseline,CA-1,Policy and Procedures,"Base control, Moderate baseline (SP 800-53B)","Yes: contract for CT-S scope; benchmark for the rest of the IFOP (County A, County B, and City addenda require NIST CSF-based standards)",GV.OC-03; GV.OV-01; GV.PO-01; GV.PO-02; GV.SC-03; ID.IM-01; ID.IM-02; ID.IM-03,CA-1,Official: NIST CSF 2.0 informative references to SP 800-53 Rev. 5.2.0 (00_universal-framework/crosswalks/csf2_to_sp800-53r5.csv),Assessment rules are in POL-01. Assessment procedure written for the co-sourced audit; the continuous monitoring procedure is pending,POL-01; audit engagement letter,Partially met,Continuous monitoring procedure pending,Low,Issue the continuous monitoring procedure with CA-7,GRC Analyst,2027-03-31,None
G-034,NIST SP 800-53 Rev. 5 (Release 5.2.0) Moderate baseline,CA-2 with (1),Control Assessments (with 1 Moderate enhancement),"Base control, Moderate baseline (SP 800-53B)","Yes: contract for CT-S scope; benchmark for the rest of the IFOP (County A, County B, and City addenda require NIST CSF-based standards)",ID.IM-01; ID.IM-02; ID.IM-03; ID.RA-01,CA-2,Official: NIST CSF 2.0 informative references to SP 800-53 Rev. 5.2.0 (00_universal-framework/crosswalks/csf2_to_sp800-53r5.csv),Independent control assessment by the co-sourced internal audit firm 2026-08-03 to 2026-08-21 (P07); annual assessment required by the state exhibit,P07 plan and results,Met,,,,,,None
G-035,NIST SP 800-53 Rev. 5 (Release 5.2.0) Moderate baseline,CA-3,Information Exchange,"Base control, Moderate baseline (SP 800-53B)","Yes: contract for CT-S scope; benchmark for the rest of the IFOP (County A, County B, and City addenda require NIST CSF-based standards)",ID.AM-03; PR.DS-01; PR.DS-02; PR.DS-10,CA-3,Official: NIST CSF 2.0 informative references to SP 800-53 Rev. 5.2.0 (00_universal-framework/crosswalks/csf2_to_sp800-53r5.csv),"An interconnection security agreement with the state agency (2025) covers the site tunnels. County A, County B, City, and school district connections are covered only by general contract language",CT-S interconnection agreement; contract review,Partially met,No interconnection agreements with 4 customers,Moderate,"Interconnection agreements with County A, County B, the City, and the school district",Contracts Director,2027-03-31,None
G-036,NIST SP 800-53 Rev. 5 (Release 5.2.0) Moderate baseline,CA-5,Plan of Action and Milestones,"Base control, Moderate baseline (SP 800-53B)","Yes: contract for CT-S scope; benchmark for the rest of the IFOP (County A, County B, and City addenda require NIST CSF-based standards)",ID.IM-01; ID.IM-02; ID.IM-03,CA-5,Official: NIST CSF 2.0 informative references to SP 800-53 Rev. 5.2.0 (00_universal-framework/crosswalks/csf2_to_sp800-53r5.csv),POA&M kept in P07 with owners and dates; reported quarterly to the audit committee,P07 poam.csv,Met,,,,,,None
G-037,NIST SP 800-53 Rev. 5 (Release 5.2.0) Moderate baseline,CA-6,Authorization,"Base control, Moderate baseline (SP 800-53B)","Yes: contract for CT-S scope; benchmark for the rest of the IFOP (County A, County B, and City addenda require NIST CSF-based standards)",GV.RR-01,CA-6,Author mapping (no official CSF 2.0 reference for this control),The COO accepted operation of the IFOP on 2026-09-15 with POA&M conditions (internal authorization). The state agency reviews the SSP and POA&M under the contract exhibit but has not issued a formal acceptance,Decision record 2026-09-15,Partially met,No customer acceptance,Low,Send the SSP and POA&M to the state agency by 2026-10-31,IT Director (ISO),2026-10-31,None
G-038,NIST SP 800-53 Rev. 5 (Release 5.2.0) Moderate baseline,"CA-7 with (1), (4)",Continuous Monitoring (with 2 Moderate enhancements),"Base control, Moderate baseline (SP 800-53B)","Yes: contract for CT-S scope; benchmark for the rest of the IFOP (County A, County B, and City addenda require NIST CSF-based standards)",DE.AE-02; DE.AE-03; DE.CM-01; DE.CM-02; DE.CM-03; DE.CM-06; DE.CM-09; ID.IM-01; ID.IM-02; ID.IM-03; ID.RA-01; ID.RA-07,CA-7,Official: NIST CSF 2.0 informative references to SP 800-53 Rev. 5.2.0 (00_universal-framework/crosswalks/csf2_to_sp800-53r5.csv),"Monthly IT security metrics (scans, patching, MFA, EDR coverage) go to the COO. No OT metrics and no written continuous monitoring strategy",Monthly metrics pack,Partially met,No continuous monitoring strategy covering OT; enhancement (4) partly unmet,Moderate,"Continuous monitoring strategy with OT metrics (remote access, segmentation, firmware, inventory)",GRC Analyst,2027-03-31,None
G-039,NIST SP 800-53 Rev. 5 (Release 5.2.0) Moderate baseline,CA-9,Internal System Connections,"Base control, Moderate baseline (SP 800-53B)","Yes: contract for CT-S scope; benchmark for the rest of the IFOP (County A, County B, and City addenda require NIST CSF-based standards)",ID.AM-03,CA-9,Official: NIST CSF 2.0 informative references to SP 800-53 Rev. 5.2.0 (00_universal-framework/crosswalks/csf2_to_sp800-53r5.csv),"Internal connections (clusters to sites, broker to sites, tenants to door controllers) are documented for the state sites only",State network diagrams,Partially met,Internal connections not documented for 40 sites,Low,Document connections as each site is segmented,OT Security Engineer,2027-06-30,None
G-040,NIST SP 800-53 Rev. 5 (Release 5.2.0) Moderate baseline,CM-1,Policy and Procedures,"Base control, Moderate baseline (SP 800-53B)","Yes: contract for CT-S scope; benchmark for the rest of the IFOP (County A, County B, and City addenda require NIST CSF-based standards)",GV.OC-03; GV.OV-01; GV.PO-01; GV.PO-02; GV.SC-03; ID.IM-01; ID.IM-02; ID.IM-03; PR.PS-01,CM-1,Official: NIST CSF 2.0 informative references to SP 800-53 Rev. 5.2.0 (00_universal-framework/crosswalks/csf2_to_sp800-53r5.csv),Configuration rules in POL-01 and POL-02; IT configuration procedure exists; STD-01 OT hardening standard in draft,POL-01; IT procedure; draft STD-01,Partially met,OT configuration procedure pending,Low,Issue STD-01,OT Security Engineer,2027-03-31,None
G-041,NIST SP 800-53 Rev. 5 (Release 5.2.0) Moderate baseline,"CM-2 with (2), (3), (7)",Baseline Configuration (with 3 Moderate enhancements),"Base control, Moderate baseline (SP 800-53B)","Yes: contract for CT-S scope; benchmark for the rest of the IFOP (County A, County B, and City addenda require NIST CSF-based standards)",PR.PS-01,CM-2,Official: NIST CSF 2.0 informative references to SP 800-53 Rev. 5.2.0 (00_universal-framework/crosswalks/csf2_to_sp800-53r5.csv),"Benchmark-based baselines exist for laptops, ROC workstations, and cloud servers. No baselines for edge firewalls, engineering workstations, or BAS clusters",Baseline documents,Partially met,"No OT baselines; enhancements (2), (3), (7) partly unmet",Moderate,OT baselines in STD-01 with drift checks,OT Security Engineer,2027-03-31,NIST SP 800-82 Rev. 4 initial public draft (2026-09-21; comments due 2026-11-30) would restructure the OT guidance used for tailoring; draft only
G-042,NIST SP 800-53 Rev. 5 (Release 5.2.0) Moderate baseline,"CM-3 with (2), (4)",Configuration Change Control (with 2 Moderate enhancements),"Base control, Moderate baseline (SP 800-53B)","Yes: contract for CT-S scope; benchmark for the rest of the IFOP (County A, County B, and City addenda require NIST CSF-based standards)",DE.CM-01; DE.CM-09; ID.RA-07; PR.PS-01,CM-3,Official: NIST CSF 2.0 informative references to SP 800-53 Rev. 5.2.0 (00_universal-framework/crosswalks/csf2_to_sp800-53r5.csv),"IT and cloud changes go through a change advisory board. BAS program and door schedule changes are ticketed in the CMMS, but P07 found 9 of 25 sampled BAS program changes without approval",CAB minutes; CMMS change sample (25); Sample: 25 BAS program changes (9 without approval); 15 IT changes (0 exceptions),Partially met,"BAS and door schedule changes not consistently approved; enhancements (2), (4) partly unmet",Moderate,Approval step in the CMMS workflow; weekly change report,Director of Building Technology,2026-12-31,None
G-043,NIST SP 800-53 Rev. 5 (Release 5.2.0) Moderate baseline,CM-4 with (2),Impact Analyses (with 1 Moderate enhancement),"Base control, Moderate baseline (SP 800-53B)","Yes: contract for CT-S scope; benchmark for the rest of the IFOP (County A, County B, and City addenda require NIST CSF-based standards)",ID.RA-07; PR.PS-01,CM-4,Official: NIST CSF 2.0 informative references to SP 800-53 Rev. 5.2.0 (00_universal-framework/crosswalks/csf2_to_sp800-53r5.csv),Security impact analysis is part of IT change requests. No analysis for BAS and access control changes,CAB template,Partially met,No impact analysis for OT changes; enhancement (2) unmet,Low,Add an OT impact question set to the CMMS change ticket,OT Security Engineer,2027-03-31,None
G-044,NIST SP 800-53 Rev. 5 (Release 5.2.0) Moderate baseline,CM-5,Access Restrictions for Change,"Base control, Moderate baseline (SP 800-53B)","Yes: contract for CT-S scope; benchmark for the rest of the IFOP (County A, County B, and City addenda require NIST CSF-based standards)",PR.PS-01,CM-5,Official: NIST CSF 2.0 informative references to SP 800-53 Rev. 5.2.0 (00_universal-framework/crosswalks/csf2_to_sp800-53r5.csv),Cloud and firewall changes are limited to named administrators through the broker. Any engineer on 3 BAS clusters can change programs,Role reports,Partially met,BAS change rights not restricted on 3 clusters,Moderate,Restrict program change rights to engineers by cluster,Controls Engineering Manager,2026-12-31,None
G-045,NIST SP 800-53 Rev. 5 (Release 5.2.0) Moderate baseline,CM-6,Configuration Settings,"Base control, Moderate baseline (SP 800-53B)","Yes: contract for CT-S scope; benchmark for the rest of the IFOP (County A, County B, and City addenda require NIST CSF-based standards)",DE.CM-09; PR.PS-01,CM-6,Official: NIST CSF 2.0 informative references to SP 800-53 Rev. 5.2.0 (00_universal-framework/crosswalks/csf2_to_sp800-53r5.csv),Laptops and cloud servers are hardened to benchmarks. P07 found manufacturer default passwords on 14 of 60 sampled controllers and 2 of 12 NVRs at County B and City sites; OT settings are not defined,P07 results; benchmark scan reports,Partially met,OT configuration settings not defined or enforced,High,STD-01 OT settings; default credential removal at commissioning; quarterly checks,OT Security Engineer,2027-03-31,NIST SP 800-82 Rev. 4 initial public draft (2026-09-21; comments due 2026-11-30) would restructure the OT guidance used for tailoring; draft only
G-046,NIST SP 800-53 Rev. 5 (Release 5.2.0) Moderate baseline,"CM-7 with (1), (2), (5)",Least Functionality (with 3 Moderate enhancements),"Base control, Moderate baseline (SP 800-53B)","Yes: contract for CT-S scope; benchmark for the rest of the IFOP (County A, County B, and City addenda require NIST CSF-based standards)",PR.PS-01,CM-7,Official: NIST CSF 2.0 informative references to SP 800-53 Rev. 5.2.0 (00_universal-framework/crosswalks/csf2_to_sp800-53r5.csv),Unneeded services are disabled on laptops and cloud servers. BAS clusters run unused web services; 9 engineering workstations allow general internet browsing,Scan results,Partially met,"Unneeded functions on OT; enhancements (1), (2), (5) partly unmet",Moderate,Disable unused cluster services; block internet from engineering workstations,OT Security Engineer,2027-03-31,None
G-047,NIST SP 800-53 Rev. 5 (Release 5.2.0) Moderate baseline,"CM-8 with (1), (3)",System Component Inventory (with 2 Moderate enhancements),"Base control, Moderate baseline (SP 800-53B)","Yes: contract for CT-S scope; benchmark for the rest of the IFOP (County A, County B, and City addenda require NIST CSF-based standards)",ID.AM-01; ID.AM-02; PR.PS-01,CM-8,Official: NIST CSF 2.0 informative references to SP 800-53 Rev. 5.2.0 (00_universal-framework/crosswalks/csf2_to_sp800-53r5.csv),"IT assets are inventoried by device management and cloud tagging. The CMMS lists customer equipment for maintenance, not as a security inventory, and it is reconciled to the network only at state sites. P07 found 41 devices on County A networks missing from the CMMS",Device management; cloud inventory; P07 discovery results; Test: passive discovery at 3 County A sites (41 devices not in the CMMS),Partially met,"OT inventory not reconciled at 40 sites; enhancements (1), (3) partly unmet",High,Passive discovery at all 46 sites; reconcile with the CMMS quarterly,OT Security Engineer,2027-06-30,NIST SP 800-82 Rev. 4 initial public draft (2026-09-21; comments due 2026-11-30) would restructure the OT guidance used for tailoring; draft only
G-048,NIST SP 800-53 Rev. 5 (Release 5.2.0) Moderate baseline,CM-9,Configuration Management Plan,"Base control, Moderate baseline (SP 800-53B)","Yes: contract for CT-S scope; benchmark for the rest of the IFOP (County A, County B, and City addenda require NIST CSF-based standards)",ID.AM-08; PR.PS-01,CM-9,Official: NIST CSF 2.0 informative references to SP 800-53 Rev. 5.2.0 (00_universal-framework/crosswalks/csf2_to_sp800-53r5.csv),"An IT configuration management plan exists (2024). No plan for BAS clusters, edge firewalls, and controller programs",IT CM plan,Partially met,No OT configuration management plan,Low,Extend the plan to OT,OT Security Engineer,2027-03-31,None
G-049,NIST SP 800-53 Rev. 5 (Release 5.2.0) Moderate baseline,CM-10,Software Usage Restrictions,"Base control, Moderate baseline (SP 800-53B)","Yes: contract for CT-S scope; benchmark for the rest of the IFOP (County A, County B, and City addenda require NIST CSF-based standards)",DE.CM-03; DE.CM-09; PR.PS-01,CM-10,Official: NIST CSF 2.0 informative references to SP 800-53 Rev. 5.2.0 (00_universal-framework/crosswalks/csf2_to_sp800-53r5.csv),Software licenses tracked in the ERP; BAS software licensed to the company,License register,Met,,,,,,None
G-050,NIST SP 800-53 Rev. 5 (Release 5.2.0) Moderate baseline,CM-11,User-installed Software,"Base control, Moderate baseline (SP 800-53B)","Yes: contract for CT-S scope; benchmark for the rest of the IFOP (County A, County B, and City addenda require NIST CSF-based standards)",DE.CM-03; DE.CM-09; PR.PS-01; PR.PS-02,CM-11,Official: NIST CSF 2.0 informative references to SP 800-53 Rev. 5.2.0 (00_universal-framework/crosswalks/csf2_to_sp800-53r5.csv),Users cannot install software on laptops or ROC workstations. 9 engineering workstations allow installs because of legacy tools,Endpoint policy,Partially met,Installs allowed on 9 OT workstations,Low,Replace the 9 workstations (SA-22),OT Security Engineer,2027-06-30,None
G-051,NIST SP 800-53 Rev. 5 (Release 5.2.0) Moderate baseline,CM-12 with (1),Information Location (with 1 Moderate enhancement),"Base control, Moderate baseline (SP 800-53B)","Yes: contract for CT-S scope; benchmark for the rest of the IFOP (County A, County B, and City addenda require NIST CSF-based standards)",ID.AM-07,CM-12,Official: NIST CSF 2.0 informative references to SP 800-53 Rev. 5.2.0 (00_universal-framework/crosswalks/csf2_to_sp800-53r5.csv),"A data location register lists where CUI, cardholder data, and drawings are stored. It does not yet list subcontractor copies",Data location register,Partially met,Subcontractor copies not recorded; enhancement (1) partly unmet,Low,Add subcontractor data holdings to the register,Contracts Director,2026-12-31,None
G-052,NIST SP 800-53 Rev. 5 (Release 5.2.0) Moderate baseline,CP-1,Policy and Procedures,"Base control, Moderate baseline (SP 800-53B)","Yes: contract for CT-S scope; benchmark for the rest of the IFOP (County A, County B, and City addenda require NIST CSF-based standards)",GV.OC-03; GV.OV-01; GV.PO-01; GV.PO-02; GV.SC-03; GV.SC-08; ID.IM-01; ID.IM-02; ID.IM-03,CP-1,Official: NIST CSF 2.0 informative references to SP 800-53 Rev. 5.2.0 (00_universal-framework/crosswalks/csf2_to_sp800-53r5.csv),Contingency rules in POL-01; IT disaster recovery procedure (2024). STD-07 Contingency and recovery standard in draft,POL-01; IT DR procedure,Partially met,OT contingency procedure pending,Low,Issue STD-07,IT Director (ISO),2026-12-31,None
G-053,NIST SP 800-53 Rev. 5 (Release 5.2.0) Moderate baseline,"CP-2 with (1), (3), (8)",Contingency Plan (with 3 Moderate enhancements),"Base control, Moderate baseline (SP 800-53B)","Yes: contract for CT-S scope; benchmark for the rest of the IFOP (County A, County B, and City addenda require NIST CSF-based standards)",ID.IM-01; ID.IM-02; ID.IM-03; ID.IM-04; PR.IR-02; RC.CO-04; RC.RP-03,CP-2,Official: NIST CSF 2.0 informative references to SP 800-53 Rev. 5.2.0 (00_universal-framework/crosswalks/csf2_to_sp800-53r5.csv),"An IT disaster recovery plan covers the landing zone. Building recovery procedures exist for the 5 federal buildings (BTTRG) and the 6 state sites. There is no contingency plan for the whole IFOP and no manual-mode procedures for County A (including the EOC), County B, the City, or the school district. BIA completed 2026-09-15 (P05)",IT DR plan; BTTRG procedures; state site procedures; P05 BIA,Partially met,"No IFOP contingency plan; manual-mode procedures missing for 4 customers; enhancements (1), (3) partly unmet",High,"IFOP contingency plan from the BIA; manual-mode procedures for each customer, EOC first",IT Director (ISO),2027-03-31,NIST SP 800-82 Rev. 4 initial public draft (2026-09-21; comments due 2026-11-30) would restructure the OT guidance used for tailoring; draft only
G-054,NIST SP 800-53 Rev. 5 (Release 5.2.0) Moderate baseline,CP-3,Contingency Training,"Base control, Moderate baseline (SP 800-53B)","Yes: contract for CT-S scope; benchmark for the rest of the IFOP (County A, County B, and City addenda require NIST CSF-based standards)",PR.AT-02,CP-3,Author mapping (no official CSF 2.0 reference for this control),IT recovery staff and ROC operators are trained on their procedures. BAS technicians are not trained on manual-mode operation outside federal and state sites,Training records,Partially met,No contingency training for County and City field staff,Moderate,Manual-mode training with each new procedure,VP Operations,2027-03-31,None
G-055,NIST SP 800-53 Rev. 5 (Release 5.2.0) Moderate baseline,CP-4 with (1),Contingency Plan Testing (with 1 Moderate enhancement),"Base control, Moderate baseline (SP 800-53B)","Yes: contract for CT-S scope; benchmark for the rest of the IFOP (County A, County B, and City addenda require NIST CSF-based standards)",ID.IM-02; RC.RP-03,CP-4,Official: NIST CSF 2.0 informative references to SP 800-53 Rev. 5.2.0 (00_universal-framework/crosswalks/csf2_to_sp800-53r5.csv),The federal building recovery exercise ran with GSA in March 2026; state sites tested April 2026. One BAS cluster restore (CT-S) tested 2026-04-22 in 11 hours. The backup ROC failover drill took 2 hours 40 minutes against a 2-hour RTO,Exercise reports; restore record,Partially met,Recovery of 7 clusters and the ROC failover not proven; enhancement (1) partly unmet,High,Quarterly restore tests per cluster; semiannual ROC failover drill; customer exercises,IT Director (ISO),2027-03-31,None
G-056,NIST SP 800-53 Rev. 5 (Release 5.2.0) Moderate baseline,"CP-6 with (1), (3)",Alternate Storage Site (with 2 Moderate enhancements),"Base control, Moderate baseline (SP 800-53B)","Yes: contract for CT-S scope; benchmark for the rest of the IFOP (County A, County B, and City addenda require NIST CSF-based standards)",PR.DS-11; PR.IR-04,CP-6,Official: NIST CSF 2.0 informative references to SP 800-53 Rev. 5.2.0 (00_universal-framework/crosswalks/csf2_to_sp800-53r5.csv),Backups are stored in a separate backup account in a second region with 30-day write-once retention,Backup vault settings,Met,,,,,,None
G-057,NIST SP 800-53 Rev. 5 (Release 5.2.0) Moderate baseline,"CP-7 with (1), (2), (3)",Alternate Processing Site (with 3 Moderate enhancements),"Base control, Moderate baseline (SP 800-53B)","Yes: contract for CT-S scope; benchmark for the rest of the IFOP (County A, County B, and City addenda require NIST CSF-based standards)",PR.IR-04,CP-7,Official: NIST CSF 2.0 informative references to SP 800-53 Rev. 5.2.0 (00_universal-framework/crosswalks/csf2_to_sp800-53r5.csv),"The backup ROC is the alternate site for ROC operations. Cloud workloads can be rebuilt in the second region from backups, but no warm standby exists and rebuild has not been tested",ROC failover procedure,Partially met,Alternate processing for BAS clusters not tested; enhancements (1)-(3) partly unmet,Moderate,Test cluster rebuild in the second region annually,IT Director (ISO),2027-06-30,None
G-058,NIST SP 800-53 Rev. 5 (Release 5.2.0) Moderate baseline,"CP-8 with (1), (2)",Telecommunications Services (with 2 Moderate enhancements),"Base control, Moderate baseline (SP 800-53B)","Yes: contract for CT-S scope; benchmark for the rest of the IFOP (County A, County B, and City addenda require NIST CSF-based standards)",PR.IR-04,CP-8,Official: NIST CSF 2.0 informative references to SP 800-53 Rev. 5.2.0 (00_universal-framework/crosswalks/csf2_to_sp800-53r5.csv),Both ROCs have dual ISPs. 12 critical sites have cellular backup at the edge firewall; the other 34 sites have one circuit,Circuit inventory,Partially met,"Single circuits at 34 sites; enhancements (1), (2) partly unmet",Low,Cellular backup at County B and City critical buildings,IT Director (ISO),2027-06-30,None
G-059,NIST SP 800-53 Rev. 5 (Release 5.2.0) Moderate baseline,"CP-9 with (1), (8)",System Backup (with 2 Moderate enhancements),"Base control, Moderate baseline (SP 800-53B)","Yes: contract for CT-S scope; benchmark for the rest of the IFOP (County A, County B, and City addenda require NIST CSF-based standards)",PR.DS-01; PR.DS-10; PR.DS-11; RC.RP-03,CP-9,Official: NIST CSF 2.0 informative references to SP 800-53 Rev. 5.2.0 (00_universal-framework/crosswalks/csf2_to_sp800-53r5.csv),"Daily backups of BAS clusters, the broker, and file storage to the isolated backup account (30-day write-once). The access control vendor backs up its SaaS. The controller program repository holds current backups for about 55% of controllers",Backup job reports (30 of 30 days in July 2026); repository coverage report; Sample: 30 of 30 backup job days in July 2026 (all succeeded),Partially met,Controller program backups incomplete,Moderate,Collect current programs for the remaining controllers; quarterly coverage report,Controls Engineering Manager,2027-03-31,None
G-060,NIST SP 800-53 Rev. 5 (Release 5.2.0) Moderate baseline,CP-10 with (2),System Recovery and Reconstitution (with 1 Moderate enhancement),"Base control, Moderate baseline (SP 800-53B)","Yes: contract for CT-S scope; benchmark for the rest of the IFOP (County A, County B, and City addenda require NIST CSF-based standards)",RC.RP-01; RC.RP-02; RC.RP-05,CP-10,Official: NIST CSF 2.0 informative references to SP 800-53 Rev. 5.2.0 (00_universal-framework/crosswalks/csf2_to_sp800-53r5.csv),Rebuild procedures exist for cloud servers and the broker. No documented recovery procedure for BAS clusters or controllers beyond the CT-S test,Rebuild runbooks,Partially met,No documented OT recovery procedure; enhancement (2) partly unmet,High,Recovery procedures for each cluster and for controller restore with hash checks,Controls Engineering Manager,2027-03-31,NIST SP 800-82 Rev. 4 initial public draft (2026-09-21; comments due 2026-11-30) would restructure the OT guidance used for tailoring; draft only
G-061,NIST SP 800-53 Rev. 5 (Release 5.2.0) Moderate baseline,IA-1,Policy and Procedures,"Base control, Moderate baseline (SP 800-53B)","Yes: contract for CT-S scope; benchmark for the rest of the IFOP (County A, County B, and City addenda require NIST CSF-based standards)",GV.OC-03; GV.OV-01; GV.PO-01; GV.PO-02; GV.SC-03; ID.IM-01; ID.IM-02; ID.IM-03; PR.AA-01,IA-1,Official: NIST CSF 2.0 informative references to SP 800-53 Rev. 5.2.0 (00_universal-framework/crosswalks/csf2_to_sp800-53r5.csv),Identification rules in POL-02; IT procedure exists; authenticator standard STD-06 needs an OT section,POL-02; STD-06 (2024),Partially met,OT authenticator rules pending,Low,Update STD-06 with OT device credentials,OT Security Engineer,2027-03-31,None
G-062,NIST SP 800-53 Rev. 5 (Release 5.2.0) Moderate baseline,"IA-2 with (1), (2), (8), (12)",Identification and Authentication (Organizational Users) (with 4 Moderate enhancements),"Base control, Moderate baseline (SP 800-53B)","Yes: contract for CT-S scope; benchmark for the rest of the IFOP (County A, County B, and City addenda require NIST CSF-based standards)",PR.AA-01; PR.AA-03,IA-2,Official: NIST CSF 2.0 informative references to SP 800-53 Rev. 5.2.0 (00_universal-framework/crosswalks/csf2_to_sp800-53r5.csv),"All company users sign in to the identity provider with MFA. 3 BAS clusters still allow shared local engineer accounts, and one subcontractor administrator account in the County B tenant is shared (P07)",IdP export; cluster user lists; tenant user list; Test: 25 privileged accounts for MFA (all enforced); 8 cluster user lists,Partially met,Shared accounts on 3 clusters and in one tenant; enhancement (8) partly unmet,High,Named accounts federated to the identity provider; retire shared accounts,Controls Engineering Manager,2026-12-31,None
G-063,NIST SP 800-53 Rev. 5 (Release 5.2.0) Moderate baseline,IA-3,Device Identification and Authentication,"Base control, Moderate baseline (SP 800-53B)","Yes: contract for CT-S scope; benchmark for the rest of the IFOP (County A, County B, and City addenda require NIST CSF-based standards)",PR.AA-01; PR.AA-03,IA-3,Official: NIST CSF 2.0 informative references to SP 800-53 Rev. 5.2.0 (00_universal-framework/crosswalks/csf2_to_sp800-53r5.csv),Company endpoints authenticate with device certificates to the broker and Wi-Fi. Devices on site OT networks are not authenticated; any device plugged in can talk BACnet,Certificate configuration,Partially met,No device identification on OT networks,Moderate,Port security and passive alerting for new devices at segmented sites,OT Security Engineer,2027-06-30,None
G-064,NIST SP 800-53 Rev. 5 (Release 5.2.0) Moderate baseline,IA-4 with (4),Identifier Management (with 1 Moderate enhancement),"Base control, Moderate baseline (SP 800-53B)","Yes: contract for CT-S scope; benchmark for the rest of the IFOP (County A, County B, and City addenda require NIST CSF-based standards)",PR.AA-01,IA-4,Official: NIST CSF 2.0 informative references to SP 800-53 Rev. 5.2.0 (00_universal-framework/crosswalks/csf2_to_sp800-53r5.csv),Identity provider identifiers are unique and never reused. Shared identifiers remain on 3 BAS clusters and one tenant,IdP export,Partially met,Shared identifiers on OT,Moderate,Same as IA-2,Controls Engineering Manager,2026-12-31,None
G-065,NIST SP 800-53 Rev. 5 (Release 5.2.0) Moderate baseline,"IA-5 with (1), (2), (6)",Authenticator Management (with 3 Moderate enhancements),"Base control, Moderate baseline (SP 800-53B)","Yes: contract for CT-S scope; benchmark for the rest of the IFOP (County A, County B, and City addenda require NIST CSF-based standards)",PR.AA-01; PR.AA-03,IA-5,Official: NIST CSF 2.0 informative references to SP 800-53 Rev. 5.2.0 (00_universal-framework/crosswalks/csf2_to_sp800-53r5.csv),The identity provider enforces 14-character passwords with a banned list. The device credential vault covers 31 of 46 sites. P07 found default passwords on 14 of 60 sampled controllers and 2 of 12 NVRs at County B and City sites,IdP policy; vault coverage report; P07 results; Test: 60 controllers and 12 NVRs at 4 County B and City sites (P07),Partially met,"Default and shared device credentials outside the vault; enhancements (1), (6) partly unmet",High,Change all defaults; vault coverage for all 46 sites; rotate on staff exit,OT Security Engineer,2026-12-31,NIST SP 800-82 Rev. 4 initial public draft (2026-09-21; comments due 2026-11-30) would restructure the OT guidance used for tailoring; draft only
G-066,NIST SP 800-53 Rev. 5 (Release 5.2.0) Moderate baseline,IA-6,Authentication Feedback,"Base control, Moderate baseline (SP 800-53B)","Yes: contract for CT-S scope; benchmark for the rest of the IFOP (County A, County B, and City addenda require NIST CSF-based standards)",PR.AA-01,IA-6,Official: NIST CSF 2.0 informative references to SP 800-53 Rev. 5.2.0 (00_universal-framework/crosswalks/csf2_to_sp800-53r5.csv),Passwords are masked on all login screens tested,P07 observation,Met,,,,,,None
G-067,NIST SP 800-53 Rev. 5 (Release 5.2.0) Moderate baseline,IA-7,Cryptographic Module Authentication,"Base control, Moderate baseline (SP 800-53B)","Yes: contract for CT-S scope; benchmark for the rest of the IFOP (County A, County B, and City addenda require NIST CSF-based standards)",PR.AA-01; PR.AA-03,IA-7,Official: NIST CSF 2.0 informative references to SP 800-53 Rev. 5.2.0 (00_universal-framework/crosswalks/csf2_to_sp800-53r5.csv),Cryptographic modules used by the identity provider and cloud services are FIPS 140 validated per their SOC 2 system descriptions,Vendor SOC 2 reports,Met,,,,,,None
G-068,NIST SP 800-53 Rev. 5 (Release 5.2.0) Moderate baseline,"IA-8 with (1), (2), (4)",Identification and Authentication (Non-organizational Users) (with 3 Moderate enhancements),"Base control, Moderate baseline (SP 800-53B)","Yes: contract for CT-S scope; benchmark for the rest of the IFOP (County A, County B, and City addenda require NIST CSF-based standards)",PR.AA-01; PR.AA-03,IA-8,Official: NIST CSF 2.0 informative references to SP 800-53 Rev. 5.2.0 (00_universal-framework/crosswalks/csf2_to_sp800-53r5.csv),Subcontractor staff get guest accounts with MFA in the identity provider. 4 OT subcontractors use their own tools outside it,Guest account report,Partially met,4 OT subcontractors not identified through the identity provider,High,Same as AC-17,OT Security Engineer,2026-12-31,None
G-069,NIST SP 800-53 Rev. 5 (Release 5.2.0) Moderate baseline,IA-11,Re-authentication,"Base control, Moderate baseline (SP 800-53B)","Yes: contract for CT-S scope; benchmark for the rest of the IFOP (County A, County B, and City addenda require NIST CSF-based standards)",PR.AA-01; PR.AA-03,IA-11,Official: NIST CSF 2.0 informative references to SP 800-53 Rev. 5.2.0 (00_universal-framework/crosswalks/csf2_to_sp800-53r5.csv),"Re-authentication required for privileged role activation, broker sessions, and after 12-hour sessions",IdP policy,Met,,,,,,None
G-070,NIST SP 800-53 Rev. 5 (Release 5.2.0) Moderate baseline,"IA-12 with (2), (3), (5)",Identity Proofing (with 3 Moderate enhancements),"Base control, Moderate baseline (SP 800-53B)","Yes: contract for CT-S scope; benchmark for the rest of the IFOP (County A, County B, and City addenda require NIST CSF-based standards)",PR.AA-02,IA-12,Official: NIST CSF 2.0 informative references to SP 800-53 Rev. 5.2.0 (00_universal-framework/crosswalks/csf2_to_sp800-53r5.csv),Staff identity is proofed at hire with I-9 documents and fingerprint background checks. Subcontractor staff identity is proofed by their employer without company verification,HR records,Partially met,Subcontractor staff not verified,Moderate,"Subcontractor addendum requires proof of identity and background checks, verified before access",Contracts Director,2026-12-31,None
G-071,NIST SP 800-53 Rev. 5 (Release 5.2.0) Moderate baseline,IR-1,Policy and Procedures,"Base control, Moderate baseline (SP 800-53B)","Yes: contract for CT-S scope; benchmark for the rest of the IFOP (County A, County B, and City addenda require NIST CSF-based standards)",GV.OC-03; GV.OV-01; GV.PO-01; GV.PO-02; GV.SC-03; GV.SC-08; ID.IM-01; ID.IM-02; ID.IM-03; RC.RP-04,IR-1,Official: NIST CSF 2.0 informative references to SP 800-53 Rev. 5.2.0 (00_universal-framework/crosswalks/csf2_to_sp800-53r5.csv),"POL-03 Incident Response Policy approved 2026-09-15, effective 2026-10-01",POL-03,Met,,,,,,None
G-072,NIST SP 800-53 Rev. 5 (Release 5.2.0) Moderate baseline,IR-2,Incident Response Training,"Base control, Moderate baseline (SP 800-53B)","Yes: contract for CT-S scope; benchmark for the rest of the IFOP (County A, County B, and City addenda require NIST CSF-based standards)",PR.AT-02,IR-2,Author mapping (no official CSF 2.0 reference for this control),"IT incident responders and the MSSP are trained. ROC operators, program managers, and BAS staff have no incident response training",Training records,Partially met,No IR training for OT and customer-facing roles,Moderate,"IR training for ROC, program managers, and Building Technology",Security Manager,2027-03-31,None
G-073,NIST SP 800-53 Rev. 5 (Release 5.2.0) Moderate baseline,IR-3 with (2),Incident Response Testing (with 1 Moderate enhancement),"Base control, Moderate baseline (SP 800-53B)","Yes: contract for CT-S scope; benchmark for the rest of the IFOP (County A, County B, and City addenda require NIST CSF-based standards)",ID.IM-02,IR-3,Official: NIST CSF 2.0 informative references to SP 800-53 Rev. 5.2.0 (00_universal-framework/crosswalks/csf2_to_sp800-53r5.csv),An IT tabletop ran in 2025. No exercise has covered OT or included a customer,Tabletop report 2025,Partially met,No OT or customer exercise; enhancement (2) partly unmet,Moderate,OT tabletop with County A (2026-11-18) and ransomware tabletop with outside counsel (2026-12-09),Security Manager,2026-12-31,None
G-074,NIST SP 800-53 Rev. 5 (Release 5.2.0) Moderate baseline,IR-4 with (1),Incident Handling (with 1 Moderate enhancement),"Base control, Moderate baseline (SP 800-53B)","Yes: contract for CT-S scope; benchmark for the rest of the IFOP (County A, County B, and City addenda require NIST CSF-based standards)",DE.AE-02; DE.AE-03; DE.AE-06; DE.AE-08; ID.IM-01; ID.IM-02; ID.IM-03; RC.CO-03; RC.CO-04; RC.RP-01; RC.RP-02; RC.RP-06; RS.AN-03; RS.AN-06; RS.AN-07; RS.AN-08; RS.CO-02; RS.CO-03; RS.MA-02; RS.MA-03; RS.MA-04; RS.MA-05; RS.MI-01; RS.MI-02,IR-4,Official: NIST CSF 2.0 informative references to SP 800-53 Rev. 5.2.0 (00_universal-framework/crosswalks/csf2_to_sp800-53r5.csv),IT incidents are handled by the Security Manager with the MSSP under the 2024 plan. The OT intrusion and ransomware runbooks (P08) were approved 2026-09-15 and are untested,P08 runbooks; incident log,Partially met,OT handling untested; enhancement (1) partly unmet,Moderate,Exercise both runbooks; integrate OT sensor alerts,Security Manager,2026-12-31,None
G-075,NIST SP 800-53 Rev. 5 (Release 5.2.0) Moderate baseline,IR-5,Incident Monitoring,"Base control, Moderate baseline (SP 800-53B)","Yes: contract for CT-S scope; benchmark for the rest of the IFOP (County A, County B, and City addenda require NIST CSF-based standards)",DE.AE-03; RS.MA-02; RS.MA-03; RS.MA-04,IR-5,Official: NIST CSF 2.0 informative references to SP 800-53 Rev. 5.2.0 (00_universal-framework/crosswalks/csf2_to_sp800-53r5.csv),Incidents are tracked in the incident log with categories and closure dates (37 records in 12 months),Incident log; Sample: 10 of 37 incident records (all categorized and closed),Met,,,,,,None
G-076,NIST SP 800-53 Rev. 5 (Release 5.2.0) Moderate baseline,"IR-6 with (1), (3)",Incident Reporting (with 2 Moderate enhancements),"Base control, Moderate baseline (SP 800-53B)","Yes: contract for CT-S scope; benchmark for the rest of the IFOP (County A, County B, and City addenda require NIST CSF-based standards)",RC.CO-03; RS.AN-06; RS.AN-07; RS.CO-02; RS.CO-03; RS.MA-01; RS.MA-02; RS.MA-03; RS.MA-04,IR-6,Official: NIST CSF 2.0 informative references to SP 800-53 Rev. 5.2.0 (00_universal-framework/crosswalks/csf2_to_sp800-53r5.csv),Customer notice terms and legal duties are mapped in the P08 notification matrix (2026-09-15). P07 interviews found 5 of 15 field staff did not know the internal reporting line,P08 matrix; P07 interviews,Partially met,Reporting channel not known to all staff; enhancement (3) partly unmet,Low,Wallet cards and toolbox talks on the ROC reporting line,VP Operations,2026-12-31,None
G-077,NIST SP 800-53 Rev. 5 (Release 5.2.0) Moderate baseline,IR-7 with (1),Incident Response Assistance (with 1 Moderate enhancement),"Base control, Moderate baseline (SP 800-53B)","Yes: contract for CT-S scope; benchmark for the rest of the IFOP (County A, County B, and City addenda require NIST CSF-based standards)",RS.CO-02; RS.CO-03; RS.MA-01; RS.MA-04,IR-7,Official: NIST CSF 2.0 informative references to SP 800-53 Rev. 5.2.0 (00_universal-framework/crosswalks/csf2_to_sp800-53r5.csv),The MSSP and the insurer's panel (including an OT-capable responder) provide response support,Insurance policy; MSSP contract,Met,,,,,,None
G-078,NIST SP 800-53 Rev. 5 (Release 5.2.0) Moderate baseline,IR-8,Incident Response Plan,"Base control, Moderate baseline (SP 800-53B)","Yes: contract for CT-S scope; benchmark for the rest of the IFOP (County A, County B, and City addenda require NIST CSF-based standards)",DE.AE-03; DE.AE-08; ID.IM-01; ID.IM-02; ID.IM-03; ID.IM-04; RC.RP-01; RC.RP-02; RC.RP-04; RC.RP-06; RS.AN-08; RS.MA-01; RS.MA-05,IR-8,Official: NIST CSF 2.0 informative references to SP 800-53 Rev. 5.2.0 (00_universal-framework/crosswalks/csf2_to_sp800-53r5.csv),POL-03 and the P08 runbooks form the incident response plan; the plan has not been distributed to customers or exercised,POL-03; P08,Partially met,Plan not distributed or exercised,Low,Distribute to customers with the interconnection agreements,Security Manager,2027-03-31,None
G-079,NIST SP 800-53 Rev. 5 (Release 5.2.0) Moderate baseline,MA-1,Policy and Procedures,"Base control, Moderate baseline (SP 800-53B)","Yes: contract for CT-S scope; benchmark for the rest of the IFOP (County A, County B, and City addenda require NIST CSF-based standards)",GV.OC-03; GV.OV-01; GV.PO-01; GV.PO-02; GV.SC-03; ID.IM-01; ID.IM-02; ID.IM-03,MA-1,Official: NIST CSF 2.0 informative references to SP 800-53 Rev. 5.2.0 (00_universal-framework/crosswalks/csf2_to_sp800-53r5.csv),"Maintenance is the company's core business, run through the CMMS. Security rules for OT maintenance are in POL-02 4.4; the maintenance security procedure is pending",POL-02; CMMS procedures,Partially met,OT maintenance security procedure pending,Low,Issue with STD-01,Director of Building Technology,2027-03-31,None
G-080,NIST SP 800-53 Rev. 5 (Release 5.2.0) Moderate baseline,MA-2,Controlled Maintenance,"Base control, Moderate baseline (SP 800-53B)","Yes: contract for CT-S scope; benchmark for the rest of the IFOP (County A, County B, and City addenda require NIST CSF-based standards)",ID.AM-08,MA-2,Official: NIST CSF 2.0 informative references to SP 800-53 Rev. 5.2.0 (00_universal-framework/crosswalks/csf2_to_sp800-53r5.csv),All maintenance is logged in the CMMS. Firmware updates and program downloads are not logged separately,CMMS sample,Partially met,Firmware and program changes not recorded,Moderate,Separate CMMS task types for firmware and program changes,Controls Engineering Manager,2026-12-31,None
G-081,NIST SP 800-53 Rev. 5 (Release 5.2.0) Moderate baseline,"MA-3 with (1), (2), (3)",Maintenance Tools (with 3 Moderate enhancements),"Base control, Moderate baseline (SP 800-53B)","Yes: contract for CT-S scope; benchmark for the rest of the IFOP (County A, County B, and City addenda require NIST CSF-based standards)",PR.PS-03,MA-3,Author mapping (no official CSF 2.0 reference for this control),Technician laptops are company-managed. Subcontractor laptops used on site OT are not inspected,Interview,Partially met,Subcontractor tools not inspected; enhancements (1)-(3) partly unmet,Moderate,Subcontractor tool checks under the addendum; company loaner laptops for broker access,OT Security Engineer,2027-03-31,None
G-082,NIST SP 800-53 Rev. 5 (Release 5.2.0) Moderate baseline,MA-4,Nonlocal Maintenance,"Base control, Moderate baseline (SP 800-53B)","Yes: contract for CT-S scope; benchmark for the rest of the IFOP (County A, County B, and City addenda require NIST CSF-based standards)",PR.PS-03,MA-4,Author mapping (no official CSF 2.0 reference for this control),"Nonlocal maintenance by company staff goes through the broker with MFA, approval, and recording. 4 subcontractors use their own remote tools at 11 sites with no company approval or logging",Broker records; P07 tests,Partially met,Uncontrolled nonlocal maintenance at 11 sites,Very High,Same as AC-17,OT Security Engineer,2026-12-31,NIST SP 800-82 Rev. 4 initial public draft (2026-09-21; comments due 2026-11-30) would restructure the OT guidance used for tailoring; draft only
G-083,NIST SP 800-53 Rev. 5 (Release 5.2.0) Moderate baseline,MA-5,Maintenance Personnel,"Base control, Moderate baseline (SP 800-53B)","Yes: contract for CT-S scope; benchmark for the rest of the IFOP (County A, County B, and City addenda require NIST CSF-based standards)",PR.PS-03,MA-5,Author mapping (no official CSF 2.0 reference for this control),Company staff are background-checked. Subcontractor staff working unescorted at county and city sites are not verified by the company,Subcontract register,Partially met,Subcontractor personnel not verified,Moderate,Verification under the subcontractor addendum,Contracts Director,2026-12-31,None
G-084,NIST SP 800-53 Rev. 5 (Release 5.2.0) Moderate baseline,MA-6,Timely Maintenance,"Base control, Moderate baseline (SP 800-53B)","Yes: contract for CT-S scope; benchmark for the rest of the IFOP (County A, County B, and City addenda require NIST CSF-based standards)",ID.AM-08,MA-6,Official: NIST CSF 2.0 informative references to SP 800-53 Rev. 5.2.0 (00_universal-framework/crosswalks/csf2_to_sp800-53r5.csv),Spare controllers and edge firewalls are stocked at each regional office; BAS clusters can be rebuilt from images within 12 hours,Spares inventory; rebuild runbook,Met,,,,,,None
G-085,NIST SP 800-53 Rev. 5 (Release 5.2.0) Moderate baseline,MP-1,Policy and Procedures,"Base control, Moderate baseline (SP 800-53B)","Yes: contract for CT-S scope; benchmark for the rest of the IFOP (County A, County B, and City addenda require NIST CSF-based standards)",GV.OC-03; GV.OV-01; GV.PO-01; GV.PO-02; GV.SC-03; ID.IM-01; ID.IM-02; ID.IM-03,MP-1,Official: NIST CSF 2.0 informative references to SP 800-53 Rev. 5.2.0 (00_universal-framework/crosswalks/csf2_to_sp800-53r5.csv),Media handling rules in POL-04 approved 2026-09-15,POL-04,Met,,,,,,None
G-086,NIST SP 800-53 Rev. 5 (Release 5.2.0) Moderate baseline,MP-2,Media Access,"Base control, Moderate baseline (SP 800-53B)","Yes: contract for CT-S scope; benchmark for the rest of the IFOP (County A, County B, and City addenda require NIST CSF-based standards)",PR.DS-01,MP-2,Author mapping (no official CSF 2.0 reference for this control),Digital CUI is restricted to the CUI library. Printed CUI drawings were found in an unlocked job box at one federal building during walkthroughs,Walkthrough notes 2026-07-16,Partially met,Printed CUI not always restricted,Low,Locked drawing cabinets at each federal building,Federal Program Manager,2026-11-30,None
G-087,NIST SP 800-53 Rev. 5 (Release 5.2.0) Moderate baseline,MP-3,Media Marking,"Base control, Moderate baseline (SP 800-53B)","Yes: contract for CT-S scope; benchmark for the rest of the IFOP (County A, County B, and City addenda require NIST CSF-based standards)",PR.DS-01,MP-3,Author mapping (no official CSF 2.0 reference for this control),Files in the CUI library carry CUI markings. Copies emailed outside the library were not always marked,CUI library sample; email sample,Partially met,Marking not kept on derivative copies,Low,Marking check in CUI refresher training,Contracts Director,2026-12-31,None
G-088,NIST SP 800-53 Rev. 5 (Release 5.2.0) Moderate baseline,MP-4,Media Storage,"Base control, Moderate baseline (SP 800-53B)","Yes: contract for CT-S scope; benchmark for the rest of the IFOP (County A, County B, and City addenda require NIST CSF-based standards)",PR.DS-01,MP-4,Author mapping (no official CSF 2.0 reference for this control),CUI is stored in the CUI library with named access and a company-managed key. 3 of 20 sampled CUI transfers went by email and remained in mailboxes,Library permissions; email sample; Sample: 20 CUI drawing transfers (3 by email outside the library),Partially met,CUI copies outside controlled storage,Moderate,Data loss rule on CUI markings; mailbox clean-up,Contracts Director,2026-12-31,None
G-089,NIST SP 800-53 Rev. 5 (Release 5.2.0) Moderate baseline,MP-5,Media Transport,"Base control, Moderate baseline (SP 800-53B)","Yes: contract for CT-S scope; benchmark for the rest of the IFOP (County A, County B, and City addenda require NIST CSF-based standards)",PR.DS-01,MP-5,Author mapping (no official CSF 2.0 reference for this control),Laptops are encrypted; printed CUI travels in opaque envelopes with a cover sheet under the CUI procedure,CUI procedure,Met,,,,,,None
G-090,NIST SP 800-53 Rev. 5 (Release 5.2.0) Moderate baseline,MP-6,Media Sanitization,"Base control, Moderate baseline (SP 800-53B)","Yes: contract for CT-S scope; benchmark for the rest of the IFOP (County A, County B, and City addenda require NIST CSF-based standards)",ID.AM-08,MP-6,Author mapping (no official CSF 2.0 reference for this control),Devices are wiped under NIST SP 800-88 before reuse or destroyed with a certificate; paper is shredded at every office in locked bins,Destruction certificates; shred vendor records,Met,,,,,,None
G-091,NIST SP 800-53 Rev. 5 (Release 5.2.0) Moderate baseline,MP-7,Media Use,"Base control, Moderate baseline (SP 800-53B)","Yes: contract for CT-S scope; benchmark for the rest of the IFOP (County A, County B, and City addenda require NIST CSF-based standards)",PR.DS-01,MP-7,Author mapping (no official CSF 2.0 reference for this control),USB storage is blocked on laptops. Technicians move controller programs with company-issued scanned drives; subcontractors use their own drives,Kiosk logs,Partially met,Subcontractor removable media uncontrolled,Low,Same as MA-3,OT Security Engineer,2027-03-31,None
G-092,NIST SP 800-53 Rev. 5 (Release 5.2.0) Moderate baseline,PE-1,Policy and Procedures,"Base control, Moderate baseline (SP 800-53B)","Yes: contract for CT-S scope; benchmark for the rest of the IFOP (County A, County B, and City addenda require NIST CSF-based standards)",GV.OC-03; GV.OV-01; GV.PO-01; GV.PO-02; GV.SC-03; ID.IM-01; ID.IM-02; ID.IM-03,PE-1,Official: NIST CSF 2.0 informative references to SP 800-53 Rev. 5.2.0 (00_universal-framework/crosswalks/csf2_to_sp800-53r5.csv),Physical security rules in POL-01 and the ROC physical security procedure (2025),POL-01; ROC procedure,Met,,,,,,None
G-093,NIST SP 800-53 Rev. 5 (Release 5.2.0) Moderate baseline,PE-2,Physical Access Authorizations,"Base control, Moderate baseline (SP 800-53B)","Yes: contract for CT-S scope; benchmark for the rest of the IFOP (County A, County B, and City addenda require NIST CSF-based standards)",PR.AA-06,PE-2,Official: NIST CSF 2.0 informative references to SP 800-53 Rev. 5.2.0 (00_universal-framework/crosswalks/csf2_to_sp800-53r5.csv),"Badge lists for HQ, the ROCs, and regional offices are approved by managers and reviewed quarterly. 2 of 25 sampled departing PIV holders returned cards late (FAR 52.204-9(b))",Badge reviews; PIV return sample; Sample: 25 PIV holder departures (2 late),Partially met,Late PIV returns,Low,PIV return step in the termination checklist with GSA sponsor notice the same day,HR Director,2026-11-30,None
G-094,NIST SP 800-53 Rev. 5 (Release 5.2.0) Moderate baseline,PE-3,Physical Access Control,"Base control, Moderate baseline (SP 800-53B)","Yes: contract for CT-S scope; benchmark for the rest of the IFOP (County A, County B, and City addenda require NIST CSF-based standards)",DE.CM-02; PR.AA-06,PE-3,Official: NIST CSF 2.0 informative references to SP 800-53 Rev. 5.2.0 (00_universal-framework/crosswalks/csf2_to_sp800-53r5.csv),"HQ, ROC, and regional office doors are badge-controlled with a separate ROC zone. Company technicians hold keys to 64 BAS panels at County B and City sites without a key log",Badge system reports; walkthroughs,Partially met,No key log for panel keys at 2 customers,Low,Key log and quarterly key inventory,VP Operations,2026-12-31,None
G-095,NIST SP 800-53 Rev. 5 (Release 5.2.0) Moderate baseline,PE-4,Access Control for Transmission,"Base control, Moderate baseline (SP 800-53B)","Yes: contract for CT-S scope; benchmark for the rest of the IFOP (County A, County B, and City addenda require NIST CSF-based standards)",PR.AA-06,PE-4,Official: NIST CSF 2.0 informative references to SP 800-53 Rev. 5.2.0 (00_universal-framework/crosswalks/csf2_to_sp800-53r5.csv),Network cabling in office buildings runs in locked risers controlled by the landlords; site cabling is customer-owned,Lease terms,Met,,,,,,None
G-096,NIST SP 800-53 Rev. 5 (Release 5.2.0) Moderate baseline,PE-5,Access Control for Output Devices,"Base control, Moderate baseline (SP 800-53B)","Yes: contract for CT-S scope; benchmark for the rest of the IFOP (County A, County B, and City addenda require NIST CSF-based standards)",PR.AA-06,PE-5,Official: NIST CSF 2.0 informative references to SP 800-53 Rev. 5.2.0 (00_universal-framework/crosswalks/csf2_to_sp800-53r5.csv),ROC video walls and printers are inside the badge-controlled ROC zone,Walkthrough,Met,,,,,,None
G-097,NIST SP 800-53 Rev. 5 (Release 5.2.0) Moderate baseline,PE-6 with (1),Monitoring Physical Access (with 1 Moderate enhancement),"Base control, Moderate baseline (SP 800-53B)","Yes: contract for CT-S scope; benchmark for the rest of the IFOP (County A, County B, and City addenda require NIST CSF-based standards)",DE.CM-02; PR.AA-06,PE-6,Official: NIST CSF 2.0 informative references to SP 800-53 Rev. 5.2.0 (00_universal-framework/crosswalks/csf2_to_sp800-53r5.csv),The company monitors its own badge system for the ROC zone; door-forced alarms go to the ROC,Badge alarm records,Met,,,,,,None
G-098,NIST SP 800-53 Rev. 5 (Release 5.2.0) Moderate baseline,PE-8,Visitor Access Records,"Base control, Moderate baseline (SP 800-53B)","Yes: contract for CT-S scope; benchmark for the rest of the IFOP (County A, County B, and City addenda require NIST CSF-based standards)",PR.AA-06,PE-8,Official: NIST CSF 2.0 informative references to SP 800-53 Rev. 5.2.0 (00_universal-framework/crosswalks/csf2_to_sp800-53r5.csv),"Visitor logs at HQ, both ROCs, and regional offices, kept 1 year",Visitor logs,Met,,,,,,None
G-099,NIST SP 800-53 Rev. 5 (Release 5.2.0) Moderate baseline,PE-9,Power Equipment and Cabling,"Base control, Moderate baseline (SP 800-53B)","Yes: contract for CT-S scope; benchmark for the rest of the IFOP (County A, County B, and City addenda require NIST CSF-based standards)",PR.IR-02,PE-9,Official: NIST CSF 2.0 informative references to SP 800-53 Rev. 5.2.0 (00_universal-framework/crosswalks/csf2_to_sp800-53r5.csv),Power equipment and cabling protected by the landlords; the cloud provider protects its facilities,Lease terms; provider SOC 2,Met,,,,,,None
G-100,NIST SP 800-53 Rev. 5 (Release 5.2.0) Moderate baseline,PE-10,Emergency Shutoff,"Base control, Moderate baseline (SP 800-53B)","Yes: contract for CT-S scope; benchmark for the rest of the IFOP (County A, County B, and City addenda require NIST CSF-based standards)",PR.IR-02,PE-10,Official: NIST CSF 2.0 informative references to SP 800-53 Rev. 5.2.0 (00_universal-framework/crosswalks/csf2_to_sp800-53r5.csv),Emergency power shutoff is the landlord's; no company data center,Lease terms,Met,,,,,,None
G-101,NIST SP 800-53 Rev. 5 (Release 5.2.0) Moderate baseline,PE-11,Emergency Power,"Base control, Moderate baseline (SP 800-53B)","Yes: contract for CT-S scope; benchmark for the rest of the IFOP (County A, County B, and City addenda require NIST CSF-based standards)",PR.IR-02,PE-11,Official: NIST CSF 2.0 informative references to SP 800-53 Rev. 5.2.0 (00_universal-framework/crosswalks/csf2_to_sp800-53r5.csv),ROC workstations on a 30-minute UPS; the HQ building generator carries the ROC floor,Generator test records,Met,,,,,,None
G-102,NIST SP 800-53 Rev. 5 (Release 5.2.0) Moderate baseline,PE-12,Emergency Lighting,"Base control, Moderate baseline (SP 800-53B)","Yes: contract for CT-S scope; benchmark for the rest of the IFOP (County A, County B, and City addenda require NIST CSF-based standards)",PR.IR-02,PE-12,Official: NIST CSF 2.0 informative references to SP 800-53 Rev. 5.2.0 (00_universal-framework/crosswalks/csf2_to_sp800-53r5.csv),Emergency lighting provided by the buildings,Lease terms,Met,,,,,,None
G-103,NIST SP 800-53 Rev. 5 (Release 5.2.0) Moderate baseline,PE-13 with (1),Fire Protection (with 1 Moderate enhancement),"Base control, Moderate baseline (SP 800-53B)","Yes: contract for CT-S scope; benchmark for the rest of the IFOP (County A, County B, and City addenda require NIST CSF-based standards)",PR.IR-02,PE-13,Official: NIST CSF 2.0 informative references to SP 800-53 Rev. 5.2.0 (00_universal-framework/crosswalks/csf2_to_sp800-53r5.csv),Fire protection by the landlords and the cloud provider,Lease terms; provider SOC 2,Met,,,,,,None
G-104,NIST SP 800-53 Rev. 5 (Release 5.2.0) Moderate baseline,PE-14,Environmental Controls,"Base control, Moderate baseline (SP 800-53B)","Yes: contract for CT-S scope; benchmark for the rest of the IFOP (County A, County B, and City addenda require NIST CSF-based standards)",PR.IR-02,PE-14,Official: NIST CSF 2.0 informative references to SP 800-53 Rev. 5.2.0 (00_universal-framework/crosswalks/csf2_to_sp800-53r5.csv),Temperature and humidity managed by the landlords and the cloud provider,Lease terms,Met,,,,,,None
G-105,NIST SP 800-53 Rev. 5 (Release 5.2.0) Moderate baseline,PE-15,Water Damage Protection,"Base control, Moderate baseline (SP 800-53B)","Yes: contract for CT-S scope; benchmark for the rest of the IFOP (County A, County B, and City addenda require NIST CSF-based standards)",PR.IR-02,PE-15,Official: NIST CSF 2.0 informative references to SP 800-53 Rev. 5.2.0 (00_universal-framework/crosswalks/csf2_to_sp800-53r5.csv),Water damage protection by the landlords and the cloud provider,Lease terms,Met,,,,,,None
G-106,NIST SP 800-53 Rev. 5 (Release 5.2.0) Moderate baseline,PE-16,Delivery and Removal,"Base control, Moderate baseline (SP 800-53B)","Yes: contract for CT-S scope; benchmark for the rest of the IFOP (County A, County B, and City addenda require NIST CSF-based standards)",PR.AA-06,PE-16,Author mapping (no official CSF 2.0 reference for this control),"Deliveries of laptops, edge firewalls, and spares are logged at regional offices and HQ",Receiving logs,Met,,,,,,None
G-107,NIST SP 800-53 Rev. 5 (Release 5.2.0) Moderate baseline,PE-17,Alternate Work Site,"Base control, Moderate baseline (SP 800-53B)","Yes: contract for CT-S scope; benchmark for the rest of the IFOP (County A, County B, and City addenda require NIST CSF-based standards)",PR.AA-06,PE-17,Author mapping (no official CSF 2.0 reference for this control),"Technicians work from sites, vehicles, and homes under POL-05. No standard for site offices inside customer buildings",POL-05,Partially met,No controls for site offices,Low,"Site office checklist (locked storage, screen privacy)",VP Operations,2027-03-31,None
G-108,NIST SP 800-53 Rev. 5 (Release 5.2.0) Moderate baseline,PL-1,Policy and Procedures,"Base control, Moderate baseline (SP 800-53B)","Yes: contract for CT-S scope; benchmark for the rest of the IFOP (County A, County B, and City addenda require NIST CSF-based standards)",GV.OC-03; GV.OV-01; GV.PO-01; GV.PO-02; GV.SC-03; ID.IM-01; ID.IM-02; ID.IM-03,PL-1,Official: NIST CSF 2.0 informative references to SP 800-53 Rev. 5.2.0 (00_universal-framework/crosswalks/csf2_to_sp800-53r5.csv),The five-policy set and the standards index (P06) approved 2026-09-15 with annual review,P06 policies and standards index,Met,,,,,,None
G-109,NIST SP 800-53 Rev. 5 (Release 5.2.0) Moderate baseline,PL-2,System Security and Privacy Plans,"Base control, Moderate baseline (SP 800-53B)","Yes: contract for CT-S scope; benchmark for the rest of the IFOP (County A, County B, and City addenda require NIST CSF-based standards)",ID.AM-03; ID.AM-08; ID.IM-01; ID.IM-02; ID.IM-03; ID.IM-04,PL-2,Official: NIST CSF 2.0 informative references to SP 800-53 Rev. 5.2.0 (00_universal-framework/crosswalks/csf2_to_sp800-53r5.csv),"This SSP (P02), approved 2026-09-15 by the COO",P02,Met,,,,,,None
G-110,NIST SP 800-53 Rev. 5 (Release 5.2.0) Moderate baseline,PL-4 with (1),Rules of Behavior (with 1 Moderate enhancement),"Base control, Moderate baseline (SP 800-53B)","Yes: contract for CT-S scope; benchmark for the rest of the IFOP (County A, County B, and City addenda require NIST CSF-based standards)",PR.AT-01,PL-4,Author mapping (no official CSF 2.0 reference for this control),POL-05 Acceptable Use approved 2026-09-15. Acknowledgment under the 2024 policy was 97%; acknowledgments of the new policy are due 2026-11-30,Acknowledgment report,Partially met,New acknowledgments not yet collected; enhancement (1) partly unmet,Very Low,Collect acknowledgments in the HR suite,HR Director,2026-11-30,None
G-111,NIST SP 800-53 Rev. 5 (Release 5.2.0) Moderate baseline,PL-8,Security and Privacy Architectures,"Base control, Moderate baseline (SP 800-53B)","Yes: contract for CT-S scope; benchmark for the rest of the IFOP (County A, County B, and City addenda require NIST CSF-based standards)",ID.AM-03,PL-8,Official: NIST CSF 2.0 informative references to SP 800-53 Rev. 5.2.0 (00_universal-framework/crosswalks/csf2_to_sp800-53r5.csv),The landing zone architecture is documented (P04). No security architecture for site OT (zones and conduits),P04 cloud architecture,Partially met,No OT security architecture,Moderate,"OT reference architecture in STD-01 (zones, conduits, broker-only management)",OT Security Engineer,2027-03-31,None
G-112,NIST SP 800-53 Rev. 5 (Release 5.2.0) Moderate baseline,PL-10,Baseline Selection,"Base control, Moderate baseline (SP 800-53B)","Yes: contract for CT-S scope; benchmark for the rest of the IFOP (County A, County B, and City addenda require NIST CSF-based standards)",GV.PO-01,PL-10,Author mapping (no official CSF 2.0 reference for this control),SP 800-53 Rev. 5 Moderate baseline selected (the state exhibit requires it),SSP section 6,Met,,,,,,None
G-113,NIST SP 800-53 Rev. 5 (Release 5.2.0) Moderate baseline,PL-11,Baseline Tailoring,"Base control, Moderate baseline (SP 800-53B)","Yes: contract for CT-S scope; benchmark for the rest of the IFOP (County A, County B, and City addenda require NIST CSF-based standards)",GV.PO-01,PL-11,Author mapping (no official CSF 2.0 reference for this control),Baseline tailored for OT using SP 800-82 Rev. 3; tailoring decisions recorded in this SSP. The state agency has not yet reviewed them,SSP section 10,Partially met,Tailoring not reviewed by the state agency,Low,Include tailoring in the 2026-10-31 submission,IT Director (ISO),2026-10-31,None
G-114,NIST SP 800-53 Rev. 5 (Release 5.2.0) Moderate baseline,PS-1,Policy and Procedures,"Base control, Moderate baseline (SP 800-53B)","Yes: contract for CT-S scope; benchmark for the rest of the IFOP (County A, County B, and City addenda require NIST CSF-based standards)",GV.OC-03; GV.OV-01; GV.PO-01; GV.PO-02; GV.RR-04; GV.SC-03; ID.IM-01; ID.IM-02; ID.IM-03,PS-1,Official: NIST CSF 2.0 informative references to SP 800-53 Rev. 5.2.0 (00_universal-framework/crosswalks/csf2_to_sp800-53r5.csv),Personnel security rules in POL-01 and POL-02 and the HR screening procedure,POL-01; HR procedure,Met,,,,,,None
G-115,NIST SP 800-53 Rev. 5 (Release 5.2.0) Moderate baseline,PS-2,Position Risk Designation,"Base control, Moderate baseline (SP 800-53B)","Yes: contract for CT-S scope; benchmark for the rest of the IFOP (County A, County B, and City addenda require NIST CSF-based standards)",GV.RR-04,PS-2,Author mapping (no official CSF 2.0 reference for this control),"Positions are risk-designated: administrator, BAS engineer, security systems, ROC, and federal site positions are high-risk",Position risk list,Met,,,,,,None
G-116,NIST SP 800-53 Rev. 5 (Release 5.2.0) Moderate baseline,PS-3,Personnel Screening,"Base control, Moderate baseline (SP 800-53B)","Yes: contract for CT-S scope; benchmark for the rest of the IFOP (County A, County B, and City addenda require NIST CSF-based standards)",GV.RR-04,PS-3,Author mapping (no official CSF 2.0 reference for this control),Fingerprint-based background checks before assignment for all staff; GSA investigations for the 152 PIV holders,Screening records (sample 25 new hires); Sample: 25 of 118 new hires (all screened before assignment),Met,,,,,,None
G-117,NIST SP 800-53 Rev. 5 (Release 5.2.0) Moderate baseline,PS-4,Personnel Termination,"Base control, Moderate baseline (SP 800-53B)","Yes: contract for CT-S scope; benchmark for the rest of the IFOP (County A, County B, and City addenda require NIST CSF-based standards)",GV.RR-04,PS-4,Author mapping (no official CSF 2.0 reference for this control),HR opens termination tickets; the identity provider disables company access automatically. Removal from customer tenants and BAS clusters is manual (6 of 25 sampled late). 2 of 25 PIV cards returned late,Termination sample (25 of 96); Sample: 25 of 96 terminations; 25 PIV holder departures (2 late),Partially met,Late removal from customer tenants; late PIV returns,Moderate,Same-day removal across tenants; PIV return on the last day,HR Director,2026-12-31,None
G-118,NIST SP 800-53 Rev. 5 (Release 5.2.0) Moderate baseline,PS-5,Personnel Transfer,"Base control, Moderate baseline (SP 800-53B)","Yes: contract for CT-S scope; benchmark for the rest of the IFOP (County A, County B, and City addenda require NIST CSF-based standards)",GV.RR-04,PS-5,Author mapping (no official CSF 2.0 reference for this control),Transfers between contracts trigger an IdP group change. Access in the prior customer's tenant is not always removed,Transfer sample (15 of 41); Sample: 15 of 41 transfers (4 kept prior customer access),Partially met,Prior customer access retained after transfers,Moderate,Transfer checklist covering customer tenants,Security Systems Manager,2026-12-31,None
G-119,NIST SP 800-53 Rev. 5 (Release 5.2.0) Moderate baseline,PS-6,Access Agreements,"Base control, Moderate baseline (SP 800-53B)","Yes: contract for CT-S scope; benchmark for the rest of the IFOP (County A, County B, and City addenda require NIST CSF-based standards)",GV.RR-04,PS-6,Author mapping (no official CSF 2.0 reference for this control),Employment agreements include confidentiality; staff with CUI or customer data access sign a handling acknowledgment,Signed acknowledgments,Met,,,,,,None
G-120,NIST SP 800-53 Rev. 5 (Release 5.2.0) Moderate baseline,PS-7,External Personnel Security,"Base control, Moderate baseline (SP 800-53B)","Yes: contract for CT-S scope; benchmark for the rest of the IFOP (County A, County B, and City addenda require NIST CSF-based standards)",DE.CM-06; GV.RR-04,PS-7,Official: NIST CSF 2.0 informative references to SP 800-53 Rev. 5.2.0 (00_universal-framework/crosswalks/csf2_to_sp800-53r5.csv),Subcontracts with SUB-1 to SUB-3 include personnel security and notice terms. SUB-4 to SUB-7 and 6 of 9 trades subcontracts at federal sites have none,Subcontract register,Partially met,External personnel security terms missing,High,Security addendum for all OT and federal site subcontracts,Contracts Director,2026-12-31,None
G-121,NIST SP 800-53 Rev. 5 (Release 5.2.0) Moderate baseline,PS-8,Personnel Sanctions,"Base control, Moderate baseline (SP 800-53B)","Yes: contract for CT-S scope; benchmark for the rest of the IFOP (County A, County B, and City addenda require NIST CSF-based standards)",GV.RR-04,PS-8,Author mapping (no official CSF 2.0 reference for this control),Security sanctions are in POL-01 and applied through HR; 4 sanctions recorded in 2025-2026,Sanctions log,Met,,,,,,None
G-122,NIST SP 800-53 Rev. 5 (Release 5.2.0) Moderate baseline,PS-9,Position Descriptions,"Base control, Moderate baseline (SP 800-53B)","Yes: contract for CT-S scope; benchmark for the rest of the IFOP (County A, County B, and City addenda require NIST CSF-based standards)",GV.RR-04,PS-9,Official: NIST CSF 2.0 informative references to SP 800-53 Rev. 5.2.0 (00_universal-framework/crosswalks/csf2_to_sp800-53r5.csv),"Job descriptions for administrator, BAS, security systems, and ROC roles include security responsibilities",Job descriptions,Met,,,,,,None
G-123,NIST SP 800-53 Rev. 5 (Release 5.2.0) Moderate baseline,RA-1,Policy and Procedures,"Base control, Moderate baseline (SP 800-53B)","Yes: contract for CT-S scope; benchmark for the rest of the IFOP (County A, County B, and City addenda require NIST CSF-based standards)",GV.OC-03; GV.OV-01; GV.PO-01; GV.PO-02; GV.SC-03; ID.IM-01; ID.IM-02; ID.IM-03,RA-1,Official: NIST CSF 2.0 informative references to SP 800-53 Rev. 5.2.0 (00_universal-framework/crosswalks/csf2_to_sp800-53r5.csv),Risk assessment policy in POL-01 section 4,POL-01,Met,,,,,,None
G-124,NIST SP 800-53 Rev. 5 (Release 5.2.0) Moderate baseline,RA-2,Security Categorization,"Base control, Moderate baseline (SP 800-53B)","Yes: contract for CT-S scope; benchmark for the rest of the IFOP (County A, County B, and City addenda require NIST CSF-based standards)",ID.AM-05; ID.RA-04; ID.RA-05,RA-2,Official: NIST CSF 2.0 informative references to SP 800-53 Rev. 5.2.0 (00_universal-framework/crosswalks/csf2_to_sp800-53r5.csv),IFOP categorized Moderate (SSP section 6),P02,Met,,,,,,None
G-125,NIST SP 800-53 Rev. 5 (Release 5.2.0) Moderate baseline,RA-3 with (1),Risk Assessment (with 1 Moderate enhancement),"Base control, Moderate baseline (SP 800-53B)","Yes: contract for CT-S scope; benchmark for the rest of the IFOP (County A, County B, and City addenda require NIST CSF-based standards)",DE.AE-07; GV.RM-06; GV.RM-07; GV.SC-03; GV.SC-09; GV.SC-10; ID.AM-05; ID.IM-01; ID.IM-02; ID.IM-03; ID.RA-01; ID.RA-03; ID.RA-04; ID.RA-05; RS.AN-08,RA-3,Official: NIST CSF 2.0 informative references to SP 800-53 Rev. 5.2.0 (00_universal-framework/crosswalks/csf2_to_sp800-53r5.csv),"Risk assessment completed 2026-07-31 using SP 800-30 Rev. 1 (P01), with supply chain risks; second annual assessment",P01 risk register,Met,,,,,,None
G-126,NIST SP 800-53 Rev. 5 (Release 5.2.0) Moderate baseline,"RA-5 with (2), (5), (11)",Vulnerability Monitoring and Scanning (with 3 Moderate enhancements),"Base control, Moderate baseline (SP 800-53B)","Yes: contract for CT-S scope; benchmark for the rest of the IFOP (County A, County B, and City addenda require NIST CSF-based standards)",GV.SC-10; ID.IM-01; ID.IM-02; ID.IM-03; ID.RA-01; ID.RA-08,RA-5,Official: NIST CSF 2.0 informative references to SP 800-53 Rev. 5.2.0 (00_universal-framework/crosswalks/csf2_to_sp800-53r5.csv),Monthly authenticated scans of IT and cloud systems and external scans of edge firewalls. No vulnerability assessment of OT except passive sensor alerts at 12 sites,Scan reports (6 months); Sample: 6 monthly scan reports; 25 critical findings traced to closure,Partially met,No OT vulnerability assessment; enhancement (5) partly unmet,High,Passive OT vulnerability identification at all 46 sites; approved-window active checks for engineering workstations,OT Security Engineer,2027-06-30,NIST SP 800-82 Rev. 4 initial public draft (2026-09-21; comments due 2026-11-30) would restructure the OT guidance used for tailoring; draft only
G-127,NIST SP 800-53 Rev. 5 (Release 5.2.0) Moderate baseline,RA-7,Risk Response,"Base control, Moderate baseline (SP 800-53B)","Yes: contract for CT-S scope; benchmark for the rest of the IFOP (County A, County B, and City addenda require NIST CSF-based standards)",GV.OC-05; GV.OV-01; GV.OV-02; GV.OV-03; GV.RM-01; GV.RM-03; GV.SC-03; GV.SC-09; GV.SC-10; ID.IM-01; ID.IM-02; ID.IM-03; ID.RA-05; ID.RA-06; RS.AN-08,RA-7,Official: NIST CSF 2.0 informative references to SP 800-53 Rev. 5.2.0 (00_universal-framework/crosswalks/csf2_to_sp800-53r5.csv),Risk responses recorded in P01 and tracked in the P07 POA&M,P01; P07,Met,,,,,,None
G-128,NIST SP 800-53 Rev. 5 (Release 5.2.0) Moderate baseline,RA-9,Criticality Analysis,"Base control, Moderate baseline (SP 800-53B)","Yes: contract for CT-S scope; benchmark for the rest of the IFOP (County A, County B, and City addenda require NIST CSF-based standards)",GV.OC-04; GV.SC-04; GV.SC-07; ID.AM-05; ID.RA-04,RA-9,Official: NIST CSF 2.0 informative references to SP 800-53 Rev. 5.2.0 (00_universal-framework/crosswalks/csf2_to_sp800-53r5.csv),Critical processes and components identified in the BIA (P05),P05,Met,,,,,,None
G-129,NIST SP 800-53 Rev. 5 (Release 5.2.0) Moderate baseline,SA-1,Policy and Procedures,"Base control, Moderate baseline (SP 800-53B)","Yes: contract for CT-S scope; benchmark for the rest of the IFOP (County A, County B, and City addenda require NIST CSF-based standards)",GV.OC-03; GV.OV-01; GV.PO-01; GV.PO-02; GV.SC-03; ID.IM-01; ID.IM-02; ID.IM-03,SA-1,Official: NIST CSF 2.0 informative references to SP 800-53 Rev. 5.2.0 (00_universal-framework/crosswalks/csf2_to_sp800-53r5.csv),Acquisition rules in POL-01 and the procurement procedure with a security review step for IT purchases,POL-01; procurement procedure,Met,,,,,,None
G-130,NIST SP 800-53 Rev. 5 (Release 5.2.0) Moderate baseline,SA-2,Allocation of Resources,"Base control, Moderate baseline (SP 800-53B)","Yes: contract for CT-S scope; benchmark for the rest of the IFOP (County A, County B, and City addenda require NIST CSF-based standards)",GV.RR-03,SA-2,Author mapping (no official CSF 2.0 reference for this control),FY2027 security plan approved by the CEO 2026-09-15 (P01 section 4),Budget approval,Met,,,,,,None
G-131,NIST SP 800-53 Rev. 5 (Release 5.2.0) Moderate baseline,SA-3,System Development Life Cycle,"Base control, Moderate baseline (SP 800-53B)","Yes: contract for CT-S scope; benchmark for the rest of the IFOP (County A, County B, and City addenda require NIST CSF-based standards)",ID.AM-08; PR.PS-06,SA-3,Official: NIST CSF 2.0 informative references to SP 800-53 Rev. 5.2.0 (00_universal-framework/crosswalks/csf2_to_sp800-53r5.csv),IT projects follow a system life cycle with security gates. BAS and access control projects follow vendor commissioning without security steps,Project templates,Partially met,No security in the OT project life cycle,Moderate,"Security checkpoints in commissioning (defaults removed, inventory, broker enrollment)",Director of Building Technology,2027-03-31,None
G-132,NIST SP 800-53 Rev. 5 (Release 5.2.0) Moderate baseline,"SA-4 with (1), (2), (9), (10)",Acquisition Process (with 4 Moderate enhancements),"Base control, Moderate baseline (SP 800-53B)","Yes: contract for CT-S scope; benchmark for the rest of the IFOP (County A, County B, and City addenda require NIST CSF-based standards)",DE.CM-06; GV.SC-05; GV.SC-06; GV.SC-07; GV.SC-08; GV.SC-09; GV.SC-10; ID.AM-08; ID.IM-03; ID.RA-09,SA-4,Official: NIST CSF 2.0 informative references to SP 800-53 Rev. 5.2.0 (00_universal-framework/crosswalks/csf2_to_sp800-53r5.csv),Standard security terms are in IT and SaaS contracts. OT equipment and subcontract purchases lack them,Contract templates,Partially met,"No security terms for OT purchases; enhancements (1), (2), (9), (10) partly unmet",Moderate,"OT purchase security terms (no default credentials, documentation, ports and services, support period)",Contracts Director,2027-03-31,None
G-133,NIST SP 800-53 Rev. 5 (Release 5.2.0) Moderate baseline,SA-5,System Documentation,"Base control, Moderate baseline (SP 800-53B)","Yes: contract for CT-S scope; benchmark for the rest of the IFOP (County A, County B, and City addenda require NIST CSF-based standards)",ID.AM-02; ID.RA-09,SA-5,Official: NIST CSF 2.0 informative references to SP 800-53 Rev. 5.2.0 (00_universal-framework/crosswalks/csf2_to_sp800-53r5.csv),Vendor administrator and user documentation on file for BAS and access control platforms,Documentation library,Met,,,,,,None
G-134,NIST SP 800-53 Rev. 5 (Release 5.2.0) Moderate baseline,SA-8,Security and Privacy Engineering Principles,"Base control, Moderate baseline (SP 800-53B)","Yes: contract for CT-S scope; benchmark for the rest of the IFOP (County A, County B, and City addenda require NIST CSF-based standards)",ID.AM-08; ID.IM-01; ID.IM-02; ID.IM-03; PR.DS-10; PR.IR-03; PR.PS-06,SA-8,Official: NIST CSF 2.0 informative references to SP 800-53 Rev. 5.2.0 (00_universal-framework/crosswalks/csf2_to_sp800-53r5.csv),"The landing zone follows documented principles (least privilege, isolation, defense in depth). OT designs do not",P04,Partially met,OT design principles not documented,Low,Include principles in the OT reference architecture,OT Security Engineer,2027-03-31,None
G-135,NIST SP 800-53 Rev. 5 (Release 5.2.0) Moderate baseline,SA-9 with (2),External System Services (with 1 Moderate enhancement),"Base control, Moderate baseline (SP 800-53B)","Yes: contract for CT-S scope; benchmark for the rest of the IFOP (County A, County B, and City addenda require NIST CSF-based standards)",DE.CM-06; GV.OC-05; GV.SC-04; GV.SC-05; GV.SC-06; GV.SC-07; GV.SC-08; GV.SC-09; GV.SC-10; ID.AM-02; ID.AM-04,SA-9,Official: NIST CSF 2.0 informative references to SP 800-53 Rev. 5.2.0 (00_universal-framework/crosswalks/csf2_to_sp800-53r5.csv),"Tier 1 vendor SOC 2 reviews done for the access control SaaS vendor, cloud provider, identity provider, CMMS vendor, and MSSP (P09). 4 of 7 OT subcontractors are not bound by security terms or reviewed",P09 vendor-soc2-review.csv; subcontract register; Population: all 7 OT subcontractor files and 5 Tier 1 vendor files,Partially met,External service providers not all bound or reviewed; enhancement (2) partly unmet,High,Security addendum and annual review for every OT subcontractor,Contracts Director,2026-12-31,None
G-136,NIST SP 800-53 Rev. 5 (Release 5.2.0) Moderate baseline,SA-10,Developer Configuration Management,"Base control, Moderate baseline (SP 800-53B)","Yes: contract for CT-S scope; benchmark for the rest of the IFOP (County A, County B, and City addenda require NIST CSF-based standards)",ID.RA-09; PR.PS-06,SA-10,Official: NIST CSF 2.0 informative references to SP 800-53 Rev. 5.2.0 (00_universal-framework/crosswalks/csf2_to_sp800-53r5.csv),The company develops no systems. SaaS vendor configuration management is evidenced by SOC 2 reports. The BAS software vendor is not required by contract to perform configuration management,Vendor SOC 2 reports,Partially met,No developer configuration management terms for the BAS software vendor,Low,Add terms at renewal,Contracts Director,2027-06-30,None
G-137,NIST SP 800-53 Rev. 5 (Release 5.2.0) Moderate baseline,SA-11,Developer Testing and Evaluation,"Base control, Moderate baseline (SP 800-53B)","Yes: contract for CT-S scope; benchmark for the rest of the IFOP (County A, County B, and City addenda require NIST CSF-based standards)",ID.IM-01; ID.IM-02; ID.IM-03; ID.RA-09; PR.PS-06,SA-11,Official: NIST CSF 2.0 informative references to SP 800-53 Rev. 5.2.0 (00_universal-framework/crosswalks/csf2_to_sp800-53r5.csv),No company development. Vendor security testing evidence is available for SaaS vendors (SOC 2); none requested from the BAS software vendor,Vendor SOC 2 reports,Partially met,No developer testing evidence for BAS software,Low,Request testing attestation at renewal,Contracts Director,2027-06-30,None
G-138,NIST SP 800-53 Rev. 5 (Release 5.2.0) Moderate baseline,SA-15 with (3),"Development Process, Standards, and Tools (with 1 Moderate enhancement)","Base control, Moderate baseline (SP 800-53B)","Yes: contract for CT-S scope; benchmark for the rest of the IFOP (County A, County B, and City addenda require NIST CSF-based standards)",ID.RA-09; PR.PS-06,SA-15,Official: NIST CSF 2.0 informative references to SP 800-53 Rev. 5.2.0 (00_universal-framework/crosswalks/csf2_to_sp800-53r5.csv),No company development. The BAS software vendor's development process is not assessed,Vendor files,Partially met,Developer process not assessed; enhancement (3) unmet,Low,Vendor questionnaire at renewal,Contracts Director,2027-06-30,None
G-139,NIST SP 800-53 Rev. 5 (Release 5.2.0) Moderate baseline,SA-22,Unsupported System Components,"Base control, Moderate baseline (SP 800-53B)","Yes: contract for CT-S scope; benchmark for the rest of the IFOP (County A, County B, and City addenda require NIST CSF-based standards)",ID.AM-08,SA-22,Official: NIST CSF 2.0 informative references to SP 800-53 Rev. 5.2.0 (00_universal-framework/crosswalks/csf2_to_sp800-53r5.csv),9 engineering workstations run an unsupported OS required by legacy BAS tools. Compensating controls: broker-only access and no email; no EDR on them,Asset list,Partially met,Unsupported components in use,High,Replace or isolate the 9 workstations; vendor upgrade path for the legacy tools,OT Security Engineer,2027-06-30,None
G-140,NIST SP 800-53 Rev. 5 (Release 5.2.0) Moderate baseline,SC-1,Policy and Procedures,"Base control, Moderate baseline (SP 800-53B)","Yes: contract for CT-S scope; benchmark for the rest of the IFOP (County A, County B, and City addenda require NIST CSF-based standards)",GV.OC-03; GV.OV-01; GV.PO-01; GV.PO-02; GV.SC-03; ID.IM-01; ID.IM-02; ID.IM-03,SC-1,Official: NIST CSF 2.0 informative references to SP 800-53 Rev. 5.2.0 (00_universal-framework/crosswalks/csf2_to_sp800-53r5.csv),Communications protection rules in POL-04 and STD-08,POL-04; STD-08,Met,,,,,,None
G-141,NIST SP 800-53 Rev. 5 (Release 5.2.0) Moderate baseline,SC-2,Separation of System and User Functionality,"Base control, Moderate baseline (SP 800-53B)","Yes: contract for CT-S scope; benchmark for the rest of the IFOP (County A, County B, and City addenda require NIST CSF-based standards)",PR.IR-01,SC-2,Author mapping (no official CSF 2.0 reference for this control),"Administrator and user functions are separated in cloud, broker, and access control platforms. On 3 BAS clusters operator and engineer functions are not separated",Role tests,Partially met,BAS administration not separated on 3 clusters,Low,Same as AC-3,Controls Engineering Manager,2026-12-31,None
G-142,NIST SP 800-53 Rev. 5 (Release 5.2.0) Moderate baseline,SC-4,Information in Shared System Resources,"Base control, Moderate baseline (SP 800-53B)","Yes: contract for CT-S scope; benchmark for the rest of the IFOP (County A, County B, and City addenda require NIST CSF-based standards)",PR.DS-01; PR.DS-02; PR.DS-10; PR.IR-01,SC-4,Official: NIST CSF 2.0 informative references to SP 800-53 Rev. 5.2.0 (00_universal-framework/crosswalks/csf2_to_sp800-53r5.csv),Shared resources isolated by the cloud provider,Provider SOC 2,Met,,,,,,None
G-143,NIST SP 800-53 Rev. 5 (Release 5.2.0) Moderate baseline,SC-5,Denial-of-service Protection,"Base control, Moderate baseline (SP 800-53B)","Yes: contract for CT-S scope; benchmark for the rest of the IFOP (County A, County B, and City addenda require NIST CSF-based standards)",DE.CM-01; PR.IR-01,SC-5,Official: NIST CSF 2.0 informative references to SP 800-53 Rev. 5.2.0 (00_universal-framework/crosswalks/csf2_to_sp800-53r5.csv),Provider denial-of-service protection on cloud and SaaS; controllers operate locally if links fail,Provider SOC 2,Met,,,,,,None
G-144,NIST SP 800-53 Rev. 5 (Release 5.2.0) Moderate baseline,"SC-7 with (3), (4), (5), (7), (8)",Boundary Protection (with 5 Moderate enhancements),"Base control, Moderate baseline (SP 800-53B)","Yes: contract for CT-S scope; benchmark for the rest of the IFOP (County A, County B, and City addenda require NIST CSF-based standards)",DE.CM-01; PR.DS-01; PR.DS-02; PR.DS-10; PR.IR-01,SC-7,Official: NIST CSF 2.0 informative references to SP 800-53 Rev. 5.2.0 (00_universal-framework/crosswalks/csf2_to_sp800-53r5.csv),"Edge firewalls at all 46 sites; no inbound internet services; the landing zone uses a hub firewall. OT is not segmented at 17 sites, subcontractor tools bypass the boundary at 11 sites, and P07 found a cellular modem on a BAS panel at a City building",Edge firewall rules; P07 results,Partially met,"Boundary bypassed; no OT segmentation at 17 sites; enhancements (3), (4), (5), (7), (8) partly unmet",High,OT VLANs at the 17 sites; remove the modem and subcontractor tools; quarterly bypass checks,OT Security Engineer,2027-06-30,NIST SP 800-82 Rev. 4 initial public draft (2026-09-21; comments due 2026-11-30) would restructure the OT guidance used for tailoring; draft only
G-145,NIST SP 800-53 Rev. 5 (Release 5.2.0) Moderate baseline,SC-8 with (1),Transmission Confidentiality and Integrity (with 1 Moderate enhancement),"Base control, Moderate baseline (SP 800-53B)","Yes: contract for CT-S scope; benchmark for the rest of the IFOP (County A, County B, and City addenda require NIST CSF-based standards)",PR.DS-02,SC-8,Official: NIST CSF 2.0 informative references to SP 800-53 Rev. 5.2.0 (00_universal-framework/crosswalks/csf2_to_sp800-53r5.csv),"TLS 1.2 or higher to SaaS and cloud; IPsec site tunnels. BACnet on site networks is unencrypted (protocol limit), compensated by segmentation where it exists. CUI emailed outside the library was not always encrypted",TLS scans; tunnel settings; email sample,Partially met,Unencrypted BACnet on flat networks; CUI email; enhancement (1) partly unmet,Moderate,Segmentation (SC-7); CUI data loss rule,OT Security Engineer,2027-06-30,None
G-146,NIST SP 800-53 Rev. 5 (Release 5.2.0) Moderate baseline,SC-10,Network Disconnect,"Base control, Moderate baseline (SP 800-53B)","Yes: contract for CT-S scope; benchmark for the rest of the IFOP (County A, County B, and City addenda require NIST CSF-based standards)",PR.IR-01,SC-10,Author mapping (no official CSF 2.0 reference for this control),Broker sessions end after 15 minutes idle; VPN sessions after 30 minutes idle and 12 hours maximum,Broker and VPN settings,Met,,,,,,None
G-147,NIST SP 800-53 Rev. 5 (Release 5.2.0) Moderate baseline,SC-12,Cryptographic Key Establishment and Management,"Base control, Moderate baseline (SP 800-53B)","Yes: contract for CT-S scope; benchmark for the rest of the IFOP (County A, County B, and City addenda require NIST CSF-based standards)",PR.DS-01; PR.DS-02,SC-12,Official: NIST CSF 2.0 informative references to SP 800-53 Rev. 5.2.0 (00_universal-framework/crosswalks/csf2_to_sp800-53r5.csv),Keys managed in the cloud key management service with company-managed keys and annual rotation,Key policy,Met,,,,,,None
G-148,NIST SP 800-53 Rev. 5 (Release 5.2.0) Moderate baseline,SC-13,Cryptographic Protection,"Base control, Moderate baseline (SP 800-53B)","Yes: contract for CT-S scope; benchmark for the rest of the IFOP (County A, County B, and City addenda require NIST CSF-based standards)",PR.DS-01; PR.DS-02; PR.DS-10,SC-13,Official: NIST CSF 2.0 informative references to SP 800-53 Rev. 5.2.0 (00_universal-framework/crosswalks/csf2_to_sp800-53r5.csv),FIPS-validated cryptography per provider SOC 2 descriptions; edge firewalls run in FIPS mode,Provider SOC 2; firewall settings,Met,,,,,,None
G-149,NIST SP 800-53 Rev. 5 (Release 5.2.0) Moderate baseline,SC-15,Collaborative Computing Devices and Applications,"Base control, Moderate baseline (SP 800-53B)","Yes: contract for CT-S scope; benchmark for the rest of the IFOP (County A, County B, and City addenda require NIST CSF-based standards)",PR.PS-01,SC-15,Author mapping (no official CSF 2.0 reference for this control),ROC conference cameras and microphones are off by default and show an indicator light,Walkthrough,Met,,,,,,None
G-150,NIST SP 800-53 Rev. 5 (Release 5.2.0) Moderate baseline,SC-17,Public Key Infrastructure Certificates,"Base control, Moderate baseline (SP 800-53B)","Yes: contract for CT-S scope; benchmark for the rest of the IFOP (County A, County B, and City addenda require NIST CSF-based standards)",PR.DS-02,SC-17,Author mapping (no official CSF 2.0 reference for this control),Public certificates from a trusted certificate authority through the cloud certificate service; internal certificates from the company certificate authority,Certificate inventory,Met,,,,,,None
G-151,NIST SP 800-53 Rev. 5 (Release 5.2.0) Moderate baseline,SC-18,Mobile Code,"Base control, Moderate baseline (SP 800-53B)","Yes: contract for CT-S scope; benchmark for the rest of the IFOP (County A, County B, and City addenda require NIST CSF-based standards)",PR.PS-05,SC-18,Author mapping (no official CSF 2.0 reference for this control),Browser and office macro policies block unsigned mobile code on managed endpoints,Endpoint policy,Met,,,,,,None
G-152,NIST SP 800-53 Rev. 5 (Release 5.2.0) Moderate baseline,SC-20,Secure Name/Address Resolution Service (Authoritative Source),"Base control, Moderate baseline (SP 800-53B)","Yes: contract for CT-S scope; benchmark for the rest of the IFOP (County A, County B, and City addenda require NIST CSF-based standards)",PR.IR-01,SC-20,Author mapping (no official CSF 2.0 reference for this control),Authoritative DNS hosted by the cloud provider with DNSSEC,DNS settings,Met,,,,,,None
G-153,NIST SP 800-53 Rev. 5 (Release 5.2.0) Moderate baseline,SC-21,Secure Name/Address Resolution Service (Recursive or Caching Resolver),"Base control, Moderate baseline (SP 800-53B)","Yes: contract for CT-S scope; benchmark for the rest of the IFOP (County A, County B, and City addenda require NIST CSF-based standards)",PR.IR-01,SC-21,Author mapping (no official CSF 2.0 reference for this control),"Recursive resolution through the provider resolver, which validates DNSSEC",Resolver settings,Met,,,,,,None
G-154,NIST SP 800-53 Rev. 5 (Release 5.2.0) Moderate baseline,SC-22,Architecture and Provisioning for Name/Address Resolution Service,"Base control, Moderate baseline (SP 800-53B)","Yes: contract for CT-S scope; benchmark for the rest of the IFOP (County A, County B, and City addenda require NIST CSF-based standards)",PR.IR-01,SC-22,Author mapping (no official CSF 2.0 reference for this control),Redundant provider DNS,Provider documentation,Met,,,,,,None
G-155,NIST SP 800-53 Rev. 5 (Release 5.2.0) Moderate baseline,SC-23,Session Authenticity,"Base control, Moderate baseline (SP 800-53B)","Yes: contract for CT-S scope; benchmark for the rest of the IFOP (County A, County B, and City addenda require NIST CSF-based standards)",PR.DS-02,SC-23,Author mapping (no official CSF 2.0 reference for this control),Session authenticity through TLS and signed tokens,Configuration review,Met,,,,,,None
G-156,NIST SP 800-53 Rev. 5 (Release 5.2.0) Moderate baseline,SC-28 with (1),Protection of Information at Rest (with 1 Moderate enhancement),"Base control, Moderate baseline (SP 800-53B)","Yes: contract for CT-S scope; benchmark for the rest of the IFOP (County A, County B, and City addenda require NIST CSF-based standards)",PR.DS-01,SC-28,Official: NIST CSF 2.0 informative references to SP 800-53 Rev. 5.2.0 (00_universal-framework/crosswalks/csf2_to_sp800-53r5.csv),"Cloud storage and SaaS encrypted at rest; laptops, tablets, and phones encrypted. 9 of 38 engineering workstations are not encrypted",Encryption reports,Partially met,OT workstations unencrypted; enhancement (1) partly unmet,Low,Encrypt or replace the 9 workstations,OT Security Engineer,2027-06-30,None
G-157,NIST SP 800-53 Rev. 5 (Release 5.2.0) Moderate baseline,SC-39,Process Isolation,"Base control, Moderate baseline (SP 800-53B)","Yes: contract for CT-S scope; benchmark for the rest of the IFOP (County A, County B, and City addenda require NIST CSF-based standards)",PR.DS-01; PR.DS-10; PR.IR-03,SC-39,Official: NIST CSF 2.0 informative references to SP 800-53 Rev. 5.2.0 (00_universal-framework/crosswalks/csf2_to_sp800-53r5.csv),Process isolation provided by supported operating systems,Vendor documentation,Met,,,,,,None
G-158,NIST SP 800-53 Rev. 5 (Release 5.2.0) Moderate baseline,SI-1,Policy and Procedures,"Base control, Moderate baseline (SP 800-53B)","Yes: contract for CT-S scope; benchmark for the rest of the IFOP (County A, County B, and City addenda require NIST CSF-based standards)",GV.OC-03; GV.OV-01; GV.PO-01; GV.PO-02; GV.SC-03; ID.IM-01; ID.IM-02; ID.IM-03,SI-1,Official: NIST CSF 2.0 informative references to SP 800-53 Rev. 5.2.0 (00_universal-framework/crosswalks/csf2_to_sp800-53r5.csv),Integrity rules in POL-01 and STD-09,POL-01; STD-09,Met,,,,,,None
G-159,NIST SP 800-53 Rev. 5 (Release 5.2.0) Moderate baseline,SI-2 with (2),Flaw Remediation (with 1 Moderate enhancement),"Base control, Moderate baseline (SP 800-53B)","Yes: contract for CT-S scope; benchmark for the rest of the IFOP (County A, County B, and City addenda require NIST CSF-based standards)",ID.IM-01; ID.IM-02; ID.IM-03; PR.PS-02,SI-2,Official: NIST CSF 2.0 informative references to SP 800-53 Rev. 5.2.0 (00_universal-framework/crosswalks/csf2_to_sp800-53r5.csv),Laptops are patched within 14 days and cloud servers within 30 days. BAS clusters are patched quarterly. 14 of 46 edge firewalls are 2 or more firmware releases behind; controller and reader firmware is not reviewed,Patch reports; firmware inventory; Sample: 30 laptops and 10 cloud servers (all within target); firmware inventory of 46 edge firewalls,Partially met,OT and edge patching not managed; enhancement (2) partly unmet,High,Monthly edge firmware review; OT firmware program with customer windows,OT Security Engineer,2027-03-31,NIST SP 800-82 Rev. 4 initial public draft (2026-09-21; comments due 2026-11-30) would restructure the OT guidance used for tailoring; draft only
G-160,NIST SP 800-53 Rev. 5 (Release 5.2.0) Moderate baseline,SI-3,Malicious Code Protection,"Base control, Moderate baseline (SP 800-53B)","Yes: contract for CT-S scope; benchmark for the rest of the IFOP (County A, County B, and City addenda require NIST CSF-based standards)",PR.DS-01; PR.DS-02; PR.DS-10,SI-3,Official: NIST CSF 2.0 informative references to SP 800-53 Rev. 5.2.0 (00_universal-framework/crosswalks/csf2_to_sp800-53r5.csv),"EDR on laptops, ROC workstations, and cloud servers including the BAS clusters. Not on the 9 unsupported engineering workstations",EDR coverage report,Partially met,No malware protection on 9 OT workstations,Moderate,Replace the 9 workstations; application allow-listing meanwhile,OT Security Engineer,2027-06-30,None
G-161,NIST SP 800-53 Rev. 5 (Release 5.2.0) Moderate baseline,"SI-4 with (2), (4), (5)",System Monitoring (with 3 Moderate enhancements),"Base control, Moderate baseline (SP 800-53B)","Yes: contract for CT-S scope; benchmark for the rest of the IFOP (County A, County B, and City addenda require NIST CSF-based standards)",DE.AE-02; DE.AE-03; DE.CM-01; DE.CM-06; DE.CM-09; ID.IM-01; ID.IM-02; ID.IM-03; ID.RA-01; PR.DS-01; PR.DS-02; PR.DS-10,SI-4,Official: NIST CSF 2.0 informative references to SP 800-53 Rev. 5.2.0 (00_universal-framework/crosswalks/csf2_to_sp800-53r5.csv),24x7 MDR for IT through the MSSP. Passive OT sensors at 12 sites alert to a console the OT Security Engineer checks on workdays; no OT data reaches the SIEM,MSSP reports; sensor console,Partially met,"No 24x7 OT monitoring; enhancements (2), (4), (5) partly unmet",High,OT sensors at all 46 sites feeding the SIEM; OT detection use cases; ROC escalation,OT Security Engineer,2027-06-30,NIST SP 800-82 Rev. 4 initial public draft (2026-09-21; comments due 2026-11-30) would restructure the OT guidance used for tailoring; draft only
G-162,NIST SP 800-53 Rev. 5 (Release 5.2.0) Moderate baseline,SI-5,"Security Alerts, Advisories, and Directives","Base control, Moderate baseline (SP 800-53B)","Yes: contract for CT-S scope; benchmark for the rest of the IFOP (County A, County B, and City addenda require NIST CSF-based standards)",ID.RA-01; ID.RA-02; ID.RA-03,SI-5,Official: NIST CSF 2.0 informative references to SP 800-53 Rev. 5.2.0 (00_universal-framework/crosswalks/csf2_to_sp800-53r5.csv),The company subscribes to CISA alerts and ICS advisories and vendor bulletins; the OT Security Engineer reviews ICS advisories weekly,Advisory log,Met,,,,,,None
G-163,NIST SP 800-53 Rev. 5 (Release 5.2.0) Moderate baseline,"SI-7 with (1), (7)","Software, Firmware, and Information Integrity (with 2 Moderate enhancements)","Base control, Moderate baseline (SP 800-53B)","Yes: contract for CT-S scope; benchmark for the rest of the IFOP (County A, County B, and City addenda require NIST CSF-based standards)",DE.CM-09; ID.RA-09; PR.DS-01; PR.DS-02; PR.DS-10; PR.PS-02,SI-7,Official: NIST CSF 2.0 informative references to SP 800-53 Rev. 5.2.0 (00_universal-framework/crosswalks/csf2_to_sp800-53r5.csv),SaaS integrity controls per vendor SOC 2; cloud images are signed. Controller programs are not checked against a known-good hash before download,SOC 2 reports,Partially met,"Program integrity not verified; enhancements (1), (7) partly unmet",Moderate,Hashes in the program repository and a pre-download check,Controls Engineering Manager,2027-03-31,None
G-164,NIST SP 800-53 Rev. 5 (Release 5.2.0) Moderate baseline,SI-8 with (2),Spam Protection (with 1 Moderate enhancement),"Base control, Moderate baseline (SP 800-53B)","Yes: contract for CT-S scope; benchmark for the rest of the IFOP (County A, County B, and City addenda require NIST CSF-based standards)",DE.CM-09,SI-8,Author mapping (no official CSF 2.0 reference for this control),Email spam and phishing filtering by the productivity suite,Mail flow settings,Met,,,,,,None
G-165,NIST SP 800-53 Rev. 5 (Release 5.2.0) Moderate baseline,SI-10,Information Input Validation,"Base control, Moderate baseline (SP 800-53B)","Yes: contract for CT-S scope; benchmark for the rest of the IFOP (County A, County B, and City addenda require NIST CSF-based standards)",PR.DS-10,SI-10,Official: NIST CSF 2.0 informative references to SP 800-53 Rev. 5.2.0 (00_universal-framework/crosswalks/csf2_to_sp800-53r5.csv),Input validation in vendor applications (vendor documentation),Vendor documentation,Met,,,,,,None
G-166,NIST SP 800-53 Rev. 5 (Release 5.2.0) Moderate baseline,SI-11,Error Handling,"Base control, Moderate baseline (SP 800-53B)","Yes: contract for CT-S scope; benchmark for the rest of the IFOP (County A, County B, and City addenda require NIST CSF-based standards)",PR.DS-10,SI-11,Author mapping (no official CSF 2.0 reference for this control),Vendor applications show generic errors to users,Testing during P07,Met,,,,,,None
G-167,NIST SP 800-53 Rev. 5 (Release 5.2.0) Moderate baseline,SI-12,Information Management and Retention,"Base control, Moderate baseline (SP 800-53B)","Yes: contract for CT-S scope; benchmark for the rest of the IFOP (County A, County B, and City addenda require NIST CSF-based standards)",ID.AM-07; ID.AM-08,SI-12,Official: NIST CSF 2.0 informative references to SP 800-53 Rev. 5.2.0 (00_universal-framework/crosswalks/csf2_to_sp800-53r5.csv),"Contract records kept per contracts. Retention for cardholder data, face templates, video exports, and CUI after contract end is defined for CT-S only (Fla. Stat. 119.0701(2)(b))",Retention schedule,Partially met,Retention not defined for 4 customers,Low,Retention and disposition terms per customer,Contracts Director,2027-03-31,None
G-168,NIST SP 800-53 Rev. 5 (Release 5.2.0) Moderate baseline,SI-16,Memory Protection,"Base control, Moderate baseline (SP 800-53B)","Yes: contract for CT-S scope; benchmark for the rest of the IFOP (County A, County B, and City addenda require NIST CSF-based standards)",PR.DS-10,SI-16,Official: NIST CSF 2.0 informative references to SP 800-53 Rev. 5.2.0 (00_universal-framework/crosswalks/csf2_to_sp800-53r5.csv),Memory protection by supported operating systems,Vendor documentation,Met,,,,,,None
G-169,NIST SP 800-53 Rev. 5 (Release 5.2.0) Moderate baseline,SR-1,Policy and Procedures,"Base control, Moderate baseline (SP 800-53B)","Yes: contract for CT-S scope; benchmark for the rest of the IFOP (County A, County B, and City addenda require NIST CSF-based standards)",GV.OC-03; GV.OV-01; GV.PO-01; GV.PO-02; GV.SC-03; ID.IM-01; ID.IM-02; ID.IM-03,SR-1,Official: NIST CSF 2.0 informative references to SP 800-53 Rev. 5.2.0 (00_universal-framework/crosswalks/csf2_to_sp800-53r5.csv),Supply chain rules in POL-01 and the supplier screening procedure (2024),POL-01; procedure,Met,,,,,,None
G-170,NIST SP 800-53 Rev. 5 (Release 5.2.0) Moderate baseline,SR-2 with (1),Supply Chain Risk Management Plan (with 1 Moderate enhancement),"Base control, Moderate baseline (SP 800-53B)","Yes: contract for CT-S scope; benchmark for the rest of the IFOP (County A, County B, and City addenda require NIST CSF-based standards)",GV.RM-01; GV.RM-03; GV.RM-04; GV.SC-01; GV.SC-02; GV.SC-03; GV.SC-08; GV.SC-09; GV.SC-10; ID.AM-04; ID.IM-04,SR-2,Official: NIST CSF 2.0 informative references to SP 800-53 Rev. 5.2.0 (00_universal-framework/crosswalks/csf2_to_sp800-53r5.csv),Supplier screening exists. No written supply chain risk management plan covering subcontractors and OT components,Procedure,Partially met,No supply chain risk management plan; enhancement (1) partly unmet,Moderate,Write the plan with STD-03,Contracts Director,2027-03-31,None
G-171,NIST SP 800-53 Rev. 5 (Release 5.2.0) Moderate baseline,SR-3,Supply Chain Controls and Processes,"Base control, Moderate baseline (SP 800-53B)","Yes: contract for CT-S scope; benchmark for the rest of the IFOP (County A, County B, and City addenda require NIST CSF-based standards)",GV.OC-02; GV.SC-01; GV.SC-02; GV.SC-03; GV.SC-05; GV.SC-07; GV.SC-08; GV.SC-09; GV.SC-10; RS.CO-02; RS.CO-03; RS.MA-01,SR-3,Official: NIST CSF 2.0 informative references to SP 800-53 Rev. 5.2.0 (00_universal-framework/crosswalks/csf2_to_sp800-53r5.csv),Company purchases are screened against FAR 52.204-25 and 52.204-23; SAM.gov is checked quarterly for FASCSA orders (last 2026-07-01). Equipment brought in by subcontractors is not screened,Screening log; SAM.gov check records,Partially met,Subcontractor-supplied equipment not screened,High,Screening covers subcontractor-supplied equipment; flow-down of 52.204-25 and 52.204-30,Contracts Director,2026-12-31,None
G-172,NIST SP 800-53 Rev. 5 (Release 5.2.0) Moderate baseline,SR-5,"Acquisition Strategies, Tools, and Methods","Base control, Moderate baseline (SP 800-53B)","Yes: contract for CT-S scope; benchmark for the rest of the IFOP (County A, County B, and City addenda require NIST CSF-based standards)",GV.OC-02; GV.OC-05; GV.SC-02; GV.SC-05; GV.SC-06; GV.SC-09; GV.SC-10; ID.AM-08; ID.IM-01; ID.IM-02; ID.IM-03; ID.RA-09,SR-5,Official: NIST CSF 2.0 informative references to SP 800-53 Rev. 5.2.0 (00_universal-framework/crosswalks/csf2_to_sp800-53r5.csv),Controllers and readers are bought through authorized distributors; small items through general resellers,Purchase records,Partially met,Reseller purchases not controlled,Low,Approved supplier list for OT parts,Contracts Director,2027-03-31,None
G-173,NIST SP 800-53 Rev. 5 (Release 5.2.0) Moderate baseline,SR-6,Supplier Assessments and Reviews,"Base control, Moderate baseline (SP 800-53B)","Yes: contract for CT-S scope; benchmark for the rest of the IFOP (County A, County B, and City addenda require NIST CSF-based standards)",GV.OC-02; GV.OV-01; GV.OV-02; GV.OV-03; GV.SC-04; GV.SC-05; GV.SC-06; GV.SC-07; GV.SC-09; GV.SC-10; ID.RA-09; ID.RA-10,SR-6,Official: NIST CSF 2.0 informative references to SP 800-53 Rev. 5.2.0 (00_universal-framework/crosswalks/csf2_to_sp800-53r5.csv),Tier 1 vendor SOC 2 reviews (P09). No assessment of OT subcontractors,P09,Partially met,OT subcontractors not assessed,Moderate,Annual subcontractor review,Contracts Director,2027-03-31,None
G-174,NIST SP 800-53 Rev. 5 (Release 5.2.0) Moderate baseline,SR-8,Notification Agreements,"Base control, Moderate baseline (SP 800-53B)","Yes: contract for CT-S scope; benchmark for the rest of the IFOP (County A, County B, and City addenda require NIST CSF-based standards)",GV.OC-02; GV.SC-08; RC.CO-03; RS.CO-02; RS.CO-03; RS.MA-01,SR-8,Official: NIST CSF 2.0 informative references to SP 800-53 Rev. 5.2.0 (00_universal-framework/crosswalks/csf2_to_sp800-53r5.csv),The access control SaaS vendor and cloud provider must notify the company of security incidents. OT subcontractors and the BAS software vendor have no notice terms,Contracts,Partially met,No notification agreements with OT suppliers,Moderate,Notice terms in the subcontractor addendum and renewals,Contracts Director,2026-12-31,None
G-175,NIST SP 800-53 Rev. 5 (Release 5.2.0) Moderate baseline,SR-10,Inspection of Systems or Components,"Base control, Moderate baseline (SP 800-53B)","Yes: contract for CT-S scope; benchmark for the rest of the IFOP (County A, County B, and City addenda require NIST CSF-based standards)",GV.SC-05; ID.RA-09,SR-10,Official: NIST CSF 2.0 informative references to SP 800-53 Rev. 5.2.0 (00_universal-framework/crosswalks/csf2_to_sp800-53r5.csv),No inspection of controllers or cameras on receipt,Interview,Not met,No inspection,Low,Receiving inspection checklist for OT parts,Director of Building Technology,2027-03-31,None
G-176,NIST SP 800-53 Rev. 5 (Release 5.2.0) Moderate baseline,"SR-11 with (1), (2)",Component Authenticity (with 2 Moderate enhancements),"Base control, Moderate baseline (SP 800-53B)","Yes: contract for CT-S scope; benchmark for the rest of the IFOP (County A, County B, and City addenda require NIST CSF-based standards)",ID.RA-09,SR-11,Official: NIST CSF 2.0 informative references to SP 800-53 Rev. 5.2.0 (00_universal-framework/crosswalks/csf2_to_sp800-53r5.csv),Authorized distributors for major OT components. No anti-counterfeit training or reporting,Purchase records,Partially met,"No component authenticity controls; enhancements (1), (2) unmet",Low,Anti-counterfeit training and reporting to the Contracts Director,Contracts Director,2027-06-30,None
G-177,NIST SP 800-53 Rev. 5 (Release 5.2.0) Moderate baseline,SR-12,Component Disposal,"Base control, Moderate baseline (SP 800-53B)","Yes: contract for CT-S scope; benchmark for the rest of the IFOP (County A, County B, and City addenda require NIST CSF-based standards)",ID.AM-08,SR-12,Official: NIST CSF 2.0 informative references to SP 800-53 Rev. 5.2.0 (00_universal-framework/crosswalks/csf2_to_sp800-53r5.csv),Company devices wiped before disposal. Removed controllers and NVR drives are returned to customers without wiping,Disposal records,Partially met,OT component disposal not controlled,Low,Wipe or hand over with signed receipt,Security Systems Manager,2026-12-31,None
G-178,FAR clauses (CT-F),52.204-21(b)(1)(i),"Limit information system access to authorized users, processes acting for them, and devices",Contract clause (mandatory),Yes: CT-F contract clause; no size exemption,PR.AA-05,AC-2; AC-3; AC-17,Author mapping (FAR text to SP 800-53 via SP 800-171 Rev. 2 lineage),"FCI systems (CMMS, email, file storage, laptops) require identity provider sign-in with MFA; accounts disabled automatically at termination",IdP export; CMMS role export; termination sample (25 of 96),Met,,,,,,"RFO proposed rule (FR Doc. 2026-12559, 2026-06-23) would renumber 52.204-21 as 52.240-5; proposed only"
G-179,FAR clauses (CT-F),52.204-21(b)(1)(ii),Limit access to the types of transactions and functions users are permitted to execute,Contract clause (mandatory),Yes: CT-F contract clause; no size exemption,PR.AA-05,AC-3; AC-6,Author mapping (FAR text to SP 800-53 via SP 800-171 Rev. 2 lineage),CMMS roles by contract and job; administrators separated,CMMS role export,Met,,,,,,"RFO proposed rule (FR Doc. 2026-12559, 2026-06-23) would renumber 52.204-21 as 52.240-5; proposed only"
G-180,FAR clauses (CT-F),52.204-21(b)(1)(iii),Verify and control or limit connections to and use of external information systems,Contract clause (mandatory),Yes: CT-F contract clause; no size exemption,PR.IR-01,AC-20,Author mapping (FAR text to SP 800-53 via SP 800-171 Rev. 2 lineage),Personal devices blocked by conditional access. 4 of 9 trades subcontractors receiving FCI have no terms on their own systems,Conditional access policy; subcontract register (9 of 9 reviewed),Partially met,Subcontractor systems holding FCI not verified,Moderate,Security addendum with external system terms for the 4 subcontractors,Contracts Director,2026-12-31,"RFO proposed rule (FR Doc. 2026-12559, 2026-06-23) would renumber 52.204-21 as 52.240-5; proposed only"
G-181,FAR clauses (CT-F),52.204-21(b)(1)(iv),Control information posted or processed on publicly accessible information systems,Contract clause (mandatory),Yes: CT-F contract clause; no size exemption,PR.DS-10,AC-22,Author mapping (FAR text to SP 800-53 via SP 800-171 Rev. 2 lineage),Website carries no customer or building information; COO approves content,Website review,Met,,,,,,"RFO proposed rule (FR Doc. 2026-12559, 2026-06-23) would renumber 52.204-21 as 52.240-5; proposed only"
G-182,FAR clauses (CT-F),52.204-21(b)(1)(v),"Identify information system users, processes acting for users, or devices",Contract clause (mandatory),Yes: CT-F contract clause; no size exemption,PR.AA-01,IA-2; IA-4,Author mapping (FAR text to SP 800-53 via SP 800-171 Rev. 2 lineage),Unique identity provider accounts for all users of FCI systems; device certificates,IdP export,Met,,,,,,"RFO proposed rule (FR Doc. 2026-12559, 2026-06-23) would renumber 52.204-21 as 52.240-5; proposed only"
G-183,FAR clauses (CT-F),52.204-21(b)(1)(vi),"Authenticate identities of users, processes, or devices before allowing access",Contract clause (mandatory),Yes: CT-F contract clause; no size exemption,PR.AA-03,IA-2; IA-5,Author mapping (FAR text to SP 800-53 via SP 800-171 Rev. 2 lineage),MFA for all users; 14-character passwords with a banned list,Conditional access policy; MFA test of 25 privileged accounts,Met,,,,,,"RFO proposed rule (FR Doc. 2026-12559, 2026-06-23) would renumber 52.204-21 as 52.240-5; proposed only"
G-184,FAR clauses (CT-F),52.204-21(b)(1)(vii),Sanitize or destroy media containing FCI before disposal or reuse,Contract clause (mandatory),Yes: CT-F contract clause; no size exemption,ID.AM-08,MP-6,Author mapping (FAR text to SP 800-53 via SP 800-171 Rev. 2 lineage),Devices wiped under NIST SP 800-88 or destroyed with a certificate,Destruction certificates (sample 10),Met,,,,,,"RFO proposed rule (FR Doc. 2026-12559, 2026-06-23) would renumber 52.204-21 as 52.240-5; proposed only"
G-185,FAR clauses (CT-F),52.204-21(b)(1)(viii),"Limit physical access to systems, equipment, and operating environments to authorized individuals",Contract clause (mandatory),Yes: CT-F contract clause; no size exemption,PR.AA-06,PE-2; PE-3,Author mapping (FAR text to SP 800-53 via SP 800-171 Rev. 2 lineage),Badge-controlled offices and ROC zone; quarterly badge reviews,Badge reviews,Met,,,,,,"RFO proposed rule (FR Doc. 2026-12559, 2026-06-23) would renumber 52.204-21 as 52.240-5; proposed only"
G-186,FAR clauses (CT-F),52.204-21(b)(1)(ix),"Escort visitors, monitor visitor activity, keep physical access logs, and manage physical access devices",Contract clause (mandatory),Yes: CT-F contract clause; no size exemption,PR.AA-06,PE-3; PE-8,Author mapping (FAR text to SP 800-53 via SP 800-171 Rev. 2 lineage),Visitor logs and escorts at all company offices; badge system logs kept 1 year,Visitor logs; badge reports,Met,,,,,,"RFO proposed rule (FR Doc. 2026-12559, 2026-06-23) would renumber 52.204-21 as 52.240-5; proposed only"
G-187,FAR clauses (CT-F),52.204-21(b)(1)(x),"Monitor, control, and protect communications at external and key internal boundaries",Contract clause (mandatory),Yes: CT-F contract clause; no size exemption,PR.IR-01,SC-7,Author mapping (FAR text to SP 800-53 via SP 800-171 Rev. 2 lineage),Landing zone hub firewall and office firewalls with 24x7 MDR; FCI systems are SaaS or in the landing zone,Hub rules; MSSP reports,Met,,,,,,"RFO proposed rule (FR Doc. 2026-12559, 2026-06-23) would renumber 52.204-21 as 52.240-5; proposed only"
G-188,FAR clauses (CT-F),52.204-21(b)(1)(xi),Implement subnetworks for publicly accessible system components,Contract clause (mandatory),Yes: CT-F contract clause; no size exemption,PR.IR-01,SC-7,Author mapping (FAR text to SP 800-53 via SP 800-171 Rev. 2 lineage),The company hosts no publicly accessible components in its own networks; the website is hosted by a SaaS web host,Hosting contract,Not applicable,,,,,,"RFO proposed rule (FR Doc. 2026-12559, 2026-06-23) would renumber 52.204-21 as 52.240-5; proposed only"
G-189,FAR clauses (CT-F),52.204-21(b)(1)(xii),"Identify, report, and correct information and system flaws in a timely manner",Contract clause (mandatory),Yes: CT-F contract clause; no size exemption,ID.RA-01,SI-2; RA-5,Author mapping (FAR text to SP 800-53 via SP 800-171 Rev. 2 lineage),Laptops patched within 14 days and cloud servers within 30 days; monthly scans,Patch sample (30 laptops); scan reports,Met,,,,,,"RFO proposed rule (FR Doc. 2026-12559, 2026-06-23) would renumber 52.204-21 as 52.240-5; proposed only"
G-190,FAR clauses (CT-F),52.204-21(b)(1)(xiii),Provide protection from malicious code at appropriate locations,Contract clause (mandatory),Yes: CT-F contract clause; no size exemption,DE.CM-09,SI-3,Author mapping (FAR text to SP 800-53 via SP 800-171 Rev. 2 lineage),EDR on all laptops and cloud servers; email filtering,EDR coverage report,Met,,,,,,"RFO proposed rule (FR Doc. 2026-12559, 2026-06-23) would renumber 52.204-21 as 52.240-5; proposed only"
G-191,FAR clauses (CT-F),52.204-21(b)(1)(xiv),Update malicious code protection mechanisms when new releases are available,Contract clause (mandatory),Yes: CT-F contract clause; no size exemption,DE.CM-09,SI-3,Author mapping (FAR text to SP 800-53 via SP 800-171 Rev. 2 lineage),EDR updates automatically,EDR console,Met,,,,,,"RFO proposed rule (FR Doc. 2026-12559, 2026-06-23) would renumber 52.204-21 as 52.240-5; proposed only"
G-192,FAR clauses (CT-F),52.204-21(b)(1)(xv),Perform periodic scans and real-time scans of files from external sources,Contract clause (mandatory),Yes: CT-F contract clause; no size exemption,DE.CM-09,SI-3,Author mapping (FAR text to SP 800-53 via SP 800-171 Rev. 2 lineage),EDR real-time scanning and weekly full scans; email attachment scanning,EDR policy,Met,,,,,,"RFO proposed rule (FR Doc. 2026-12559, 2026-06-23) would renumber 52.204-21 as 52.240-5; proposed only"
G-193,FAR clauses (CT-F),52.204-21(c),Include the substance of the clause in subcontracts where FCI resides in or transits the subcontractor system,Contract clause (mandatory),Yes: CT-F contract clause; no size exemption,GV.SC-05,SA-9; SR-3,Author mapping (FAR text to SP 800-53 via SP 800-171 Rev. 2 lineage),Flowed down in 5 of the 9 subcontracts that receive FCI,Subcontract register (9 of 9 reviewed),Partially met,4 subcontracts lack the flow-down,Moderate,Amend the 4 subcontracts,Contracts Director,2026-12-31,"RFO proposed rule (FR Doc. 2026-12559, 2026-06-23) would renumber 52.204-21 as 52.240-5; proposed only"
G-194,FAR clauses (CT-F),52.204-23(b)-(c),No Kaspersky covered articles; report within 3 business days of identification,Contract clause (mandatory),Yes: CT-F contract clause; no size exemption,GV.SC-05,SR-3; CM-8,Author mapping (FAR text to SP 800-53 via SP 800-171 Rev. 2 lineage),Software inventory checked; none found; screening of purchases since 2024,Screening log; software inventory,Met,,,,,,None
G-195,FAR clauses (CT-F),52.204-25(b)(2) and (d),"No use of covered telecommunications or video surveillance equipment; report within 1 business day of identification, details within 10 business days",Contract clause (mandatory),Yes: CT-F contract clause; no size exemption,GV.SC-05,SR-3; SR-5; CM-8,Author mapping (FAR text to SP 800-53 via SP 800-171 Rev. 2 lineage),Company purchases screened since 2024. Equipment supplied by subcontractors is not screened,Screening log (sample 25 purchase orders),Partially met,Subcontractor-supplied equipment not screened,High,Screen subcontractor-supplied equipment before installation,Contracts Director,2026-12-31,None
G-196,FAR clauses (CT-F),52.204-30(b)-(c),No FASCSA-prohibited articles; check SAM.gov at least once every three months; report within 3 business days,Contract clause (mandatory),Yes: CT-F contract clause; no size exemption,GV.SC-05,SR-3,Author mapping (FAR text to SP 800-53 via SP 800-171 Rev. 2 lineage),Quarterly SAM.gov check logged since 2024 (last 2026-07-01); no matches,SAM.gov check records (8 quarters),Met,,,,,,None
G-197,FAR clauses (CT-F),52.204-23(d); 52.204-25(e); 52.204-30(e),Insert the substance of the supply chain clauses in subcontracts,Contract clause (mandatory),Yes: CT-F contract clause; no size exemption,GV.SC-05,SR-3; SA-4,Author mapping (FAR text to SP 800-53 via SP 800-171 Rev. 2 lineage),Flowed down in subcontracts signed since 2024; older subcontracts (SUB-4 to SUB-7 and 2 trades) lack them,Subcontract register,Partially met,6 older subcontracts lack the supply chain flow-downs,Moderate,Amend at renewal or by addendum,Contracts Director,2026-12-31,None
G-198,FAR clauses (CT-F),52.204-9(b),Account for government-issued identification and return it when no longer needed,Contract clause (mandatory),Yes: CT-F contract clause; no size exemption,GV.RR-04,PS-4; PE-2,Author mapping (FAR text to SP 800-53 via SP 800-171 Rev. 2 lineage),PIV cards tracked in the HR suite; 2 of 25 sampled departures returned late,PIV return sample (25),Partially met,Late PIV returns,Low,PIV return on the last day with GSA sponsor notice the same day,HR Director,2026-11-30,None
G-199,FAR clauses (CT-F),52.204-9(d),Insert the clause in subcontracts where subcontractor staff need routine access to a federal facility or system,Contract clause (mandatory),Yes: CT-F contract clause; no size exemption,GV.SC-05,PS-7; SA-9,Author mapping (FAR text to SP 800-53 via SP 800-171 Rev. 2 lineage),Flowed down in 5 of 9 trades subcontracts at federal sites,Subcontract register,Partially met,4 trades subcontracts lack the PIV clause,Moderate,Amend the 4 subcontracts,Contracts Director,2026-12-31,None
G-200,"CUI Program (32 CFR Part 2002), as applied to an authorized holder (CT-F)",32 CFR 2002.14(c)(1)-(3),Keep CUI in controlled environments; keep unauthorized people from seeing it; keep it under direct control or behind a physical barrier outside controlled environments,Regulation (authorized holder duty applied by contract),Yes: authorized holder of GSA CUI; GSA Order PBS 3490.3 flows the duties into the CT-F statement of work,PR.AA-06; PR.DS-01,PE-3; MP-2; MP-4,Author mapping,Digital CUI in the CUI library; printed drawings in locked cabinets at 4 of 5 federal buildings; an unlocked job box was found at the fifth,Walkthroughs at 3 federal buildings,Partially met,Printed CUI unsecured at one building,Low,Locked drawing cabinets at every federal building,Federal Program Manager,2026-11-30,RFO proposed 52.240-6/-7 would require NIST SP 800-171 Rev. 3 for CUI on contractor systems and CUI incident reporting within 72 hours; proposed only
G-201,"CUI Program (32 CFR Part 2002), as applied to an authorized holder (CT-F)",32 CFR 2002.14(d)(4),Mark packages that contain CUI when shipping,Regulation (authorized holder duty applied by contract),Yes: authorized holder of GSA CUI; GSA Order PBS 3490.3 flows the duties into the CT-F statement of work,PR.DS-01,MP-3; MP-5,Author mapping,Printed CUI travels in opaque envelopes with a cover sheet and marking,CUI procedure; observation,Met,,,,,,RFO proposed 52.240-6/-7 would require NIST SP 800-171 Rev. 3 for CUI on contractor systems and CUI incident reporting within 72 hours; proposed only
G-202,"CUI Program (32 CFR Part 2002), as applied to an authorized holder (CT-F)",32 CFR 2002.14(e)(2),"Make sure copiers and scanners used to reproduce CUI do not retain data, or sanitize them",Regulation (authorized holder duty applied by contract),Yes: authorized holder of GSA CUI; GSA Order PBS 3490.3 flows the duties into the CT-F statement of work,ID.AM-08,MP-6,Author mapping,Leased multifunction printers at regional offices have internal storage; wipe certificates were obtained for 3 of 5 lease returns in 2026,Lease return records (5),Partially met,Printer storage not always wiped at lease return,Low,Wipe certificate required at every lease return,IT Director (ISO),2026-12-31,RFO proposed 52.240-6/-7 would require NIST SP 800-171 Rev. 3 for CUI on contractor systems and CUI incident reporting within 72 hours; proposed only
G-203,"CUI Program (32 CFR Part 2002), as applied to an authorized holder (CT-F)",32 CFR 2002.14(f)(2),"Destroy CUI so it is unreadable, indecipherable, and irrecoverable (NIST SP 800-88 or an approved classified destruction method)",Regulation (authorized holder duty applied by contract),Yes: authorized holder of GSA CUI; GSA Order PBS 3490.3 flows the duties into the CT-F statement of work,ID.AM-08,MP-6,Author mapping,Locked shred bins at every office; devices wiped under NIST SP 800-88 or destroyed with certificates,Shred vendor certificates; destruction certificates,Met,,,,,,RFO proposed 52.240-6/-7 would require NIST SP 800-171 Rev. 3 for CUI on contractor systems and CUI incident reporting within 72 hours; proposed only
G-204,"CUI Program (32 CFR Part 2002), as applied to an authorized holder (CT-F)",32 CFR 2002.16(a)(3)-(4),Mark CUI before dissemination and reasonably expect that recipients are authorized and know how to handle it,Regulation (authorized holder duty applied by contract),Yes: authorized holder of GSA CUI; GSA Order PBS 3490.3 flows the duties into the CT-F statement of work,PR.DS-10,AC-21; MP-3; PS-7,Author mapping,"Library links go only to subcontractors with CUI terms. 3 of 20 sampled transfers went by email, and 4 trades subcontractors have no CUI handling terms",Email sample (20); subcontract register,Partially met,CUI shared outside the library and with subcontractors without CUI terms,Moderate,Data loss rule on CUI markings; CUI terms in the 4 subcontracts,Contracts Director,2026-12-31,RFO proposed 52.240-6/-7 would require NIST SP 800-171 Rev. 3 for CUI on contractor systems and CUI incident reporting within 72 hours; proposed only
G-205,"CUI Program (32 CFR Part 2002), as applied to an authorized holder (CT-F)",32 CFR 2002.20(a)(1),Apply CUI markings uniformly and conspicuously to all CUI,Regulation (authorized holder duty applied by contract),Yes: authorized holder of GSA CUI; GSA Order PBS 3490.3 flows the duties into the CT-F statement of work,PR.DS-01,MP-3,Author mapping,Library files carry GSA markings; derivative copies (marked-up drawings) were not always re-marked,CUI library sample (20 files),Partially met,Derivative copies not marked,Low,Marking check in CUI refresher training,Contracts Director,2026-12-31,RFO proposed 52.240-6/-7 would require NIST SP 800-171 Rev. 3 for CUI on contractor systems and CUI incident reporting within 72 hours; proposed only
G-206,Florida duties that reach a contractor,Fla. Stat. 501.171(2),"Take reasonable measures to protect and secure electronic personal information (as a third-party agent for customer cardholder data and face templates, and as a covered entity for employee data)",Statute,Yes: no size exemption,PR.DS-01; PR.AA-05,SC-28; AC-2; AC-3; SI-4,Author mapping,"Encryption at rest and in transit; MFA; vendor SOC 2. Customer tenant access lifecycle and monitoring gaps (AC-2, AU-6)",P02 statements; P07 results,Partially met,Access lifecycle and monitoring gaps for cardholder data and face templates,Moderate,Federated tenants; tenant audit monitoring; P10 conditions for face templates,Security Systems Manager,2027-03-31,None
G-207,Florida duties that reach a contractor,Fla. Stat. 501.171(6)(a),"As a third-party agent, notify the customer of a breach as expeditiously as practicable and no later than 10 days after determination, with all information it needs",Statute,"Yes: the company maintains personal information for state, county, and city customers",RS.CO-02,IR-6,Author mapping,Contract clocks (6 to 48 hours) run first; the P08 notification matrix and runbooks (2026-09-15) cover the 10-day duty; not yet exercised,P08 notification matrix,Partially met,Procedure untested,Low,Exercise in the County A tabletop (2026-11-18),General Counsel,2026-11-30,None
G-208,Florida duties that reach a contractor,Fla. Stat. 501.171(8),"Dispose of customer records containing personal information by shredding, erasing, or otherwise making them unreadable",Statute,Yes,ID.AM-08,MP-6; SR-12,Author mapping,Paper shredded; devices wiped. Removed NVR drives and controllers are returned to customers without wiping,Disposal records,Partially met,OT media with personal information returned unwiped,Low,Wipe or hand over with a signed receipt,Security Systems Manager,2026-12-31,None
G-209,Florida duties that reach a contractor,Fla. Stat. 501.171(3)-(5),"For the company's own data (employees, applicants): notify individuals within 30 days of determination, the Department of Legal Affairs if 500 or more Floridians, and consumer reporting agencies if more than 1,000",Statute,Yes: covered entity for its own employee data,RS.CO-03,IR-6; IR-8,Author mapping,Procedure in the P08 notification matrix with General Counsel as decision owner,P08 notification matrix,Met,,,,,,None
G-210,Florida duties that reach a contractor,Fla. Stat. 119.0701(2)(b)1.-4.; 119.071(3)(a),Keep and provide public records for each customer contract; keep exempt records (security system plans) confidential; transfer records at contract end and destroy exempt duplicates,Statute,Yes: contractor acting on behalf of public agencies,GV.OC-03,SI-12; AC-21,Author mapping,Contracts carry the 119.0701 clause. Records requests sometimes reach program managers directly; end-of-contract retention is defined for CT-S only,Contract review (5 state and local contracts),Partially met,Request routing and end-of-contract retention not defined for 4 customers,Low,Records request procedure; retention terms per customer,General Counsel,2027-03-31,None
