control_id,objective_id,determination_statement_summary,method,assessment_object,evidence_ref,finding,finding_detail,risk_level,poam_id
AC-2,AC-02a.[01],account types allowed for use within the system are defined and documented;,Examine; Interview; Test,"Identity governance workflows; ACMC user exports; HR and subcontractor termination records; AQ-1 directory export. Population: 1,412 workforce terminations and 96 subcontractor terminations (2026-01-01 to 2026-06-30); 2,860 ACMC account events. Sample: 60 workforce terminations (random); 20 subcontractor terminations (random); 60 account events (random)",EV-AC-2,Satisfied,Sampled events matched approved requests and role templates,,
AC-2,AC-02a.[02],account types specifically prohibited for use within the system are defined and documented;,Examine; Interview; Test,"Identity governance workflows; ACMC user exports; HR and subcontractor termination records; AQ-1 directory export. Population: 1,412 workforce terminations and 96 subcontractor terminations (2026-01-01 to 2026-06-30); 2,860 ACMC account events. Sample: 60 workforce terminations (random); 20 subcontractor terminations (random); 60 account events (random)",EV-AC-2,Satisfied,Sampled events matched approved requests and role templates,,
AC-2,AC-02b.,account managers are assigned;,Examine; Interview; Test,"Identity governance workflows; ACMC user exports; HR and subcontractor termination records; AQ-1 directory export. Population: 1,412 workforce terminations and 96 subcontractor terminations (2026-01-01 to 2026-06-30); 2,860 ACMC account events. Sample: 60 workforce terminations (random); 20 subcontractor terminations (random); 60 account events (random)",EV-AC-2,Satisfied,Sampled events matched approved requests and role templates,,
AC-2,AC-02c.,[organization-defined value] for group and role membership are required;,Examine; Interview; Test,"Identity governance workflows; ACMC user exports; HR and subcontractor termination records; AQ-1 directory export. Population: 1,412 workforce terminations and 96 subcontractor terminations (2026-01-01 to 2026-06-30); 2,860 ACMC account events. Sample: 60 workforce terminations (random); 20 subcontractor terminations (random); 60 account events (random)",EV-AC-2,Satisfied,Sampled events matched approved requests and role templates,,
AC-2,AC-02d.01,authorized users of the system are specified;,Examine; Interview; Test,"Identity governance workflows; ACMC user exports; HR and subcontractor termination records; AQ-1 directory export. Population: 1,412 workforce terminations and 96 subcontractor terminations (2026-01-01 to 2026-06-30); 2,860 ACMC account events. Sample: 60 workforce terminations (random); 20 subcontractor terminations (random); 60 account events (random)",EV-AC-2,Satisfied,Sampled events matched approved requests and role templates,,
AC-2,AC-02d.02,group and role membership are specified;,Examine; Interview; Test,"Identity governance workflows; ACMC user exports; HR and subcontractor termination records; AQ-1 directory export. Population: 1,412 workforce terminations and 96 subcontractor terminations (2026-01-01 to 2026-06-30); 2,860 ACMC account events. Sample: 60 workforce terminations (random); 20 subcontractor terminations (random); 60 account events (random)",EV-AC-2,Satisfied,Sampled events matched approved requests and role templates,,
AC-2,AC-02d.03[01],"access authorizations (i.e., privileges) are specified for each account;",Examine; Interview; Test,"Identity governance workflows; ACMC user exports; HR and subcontractor termination records; AQ-1 directory export. Population: 1,412 workforce terminations and 96 subcontractor terminations (2026-01-01 to 2026-06-30); 2,860 ACMC account events. Sample: 60 workforce terminations (random); 20 subcontractor terminations (random); 60 account events (random)",EV-AC-2,Satisfied,Sampled events matched approved requests and role templates,,
AC-2,AC-02d.03[02],[organization-defined value] are specified for each account;,Examine; Interview; Test,"Identity governance workflows; ACMC user exports; HR and subcontractor termination records; AQ-1 directory export. Population: 1,412 workforce terminations and 96 subcontractor terminations (2026-01-01 to 2026-06-30); 2,860 ACMC account events. Sample: 60 workforce terminations (random); 20 subcontractor terminations (random); 60 account events (random)",EV-AC-2,Satisfied,Sampled events matched approved requests and role templates,,
AC-2,AC-02e.,approvals are required by [organization-defined value] for requests to create accounts;,Examine; Interview; Test,"Identity governance workflows; ACMC user exports; HR and subcontractor termination records; AQ-1 directory export. Population: 1,412 workforce terminations and 96 subcontractor terminations (2026-01-01 to 2026-06-30); 2,860 ACMC account events. Sample: 60 workforce terminations (random); 20 subcontractor terminations (random); 60 account events (random)",EV-AC-2,Satisfied,Sampled events matched approved requests and role templates,,
AC-2,AC-02f.[01],accounts are created in accordance with [organization-defined value];,Examine; Interview; Test,"Identity governance workflows; ACMC user exports; HR and subcontractor termination records; AQ-1 directory export. Population: 1,412 workforce terminations and 96 subcontractor terminations (2026-01-01 to 2026-06-30); 2,860 ACMC account events. Sample: 60 workforce terminations (random); 20 subcontractor terminations (random); 60 account events (random)",EV-AC-2,Satisfied,Sampled events matched approved requests and role templates,,
AC-2,AC-02f.[02],accounts are enabled in accordance with [organization-defined value];,Examine; Interview; Test,"Identity governance workflows; ACMC user exports; HR and subcontractor termination records; AQ-1 directory export. Population: 1,412 workforce terminations and 96 subcontractor terminations (2026-01-01 to 2026-06-30); 2,860 ACMC account events. Sample: 60 workforce terminations (random); 20 subcontractor terminations (random); 60 account events (random)",EV-AC-2,Satisfied,Sampled events matched approved requests and role templates,,
AC-2,AC-02f.[03],accounts are modified in accordance with [organization-defined value];,Examine; Interview; Test,"Identity governance workflows; ACMC user exports; HR and subcontractor termination records; AQ-1 directory export. Population: 1,412 workforce terminations and 96 subcontractor terminations (2026-01-01 to 2026-06-30); 2,860 ACMC account events. Sample: 60 workforce terminations (random); 20 subcontractor terminations (random); 60 account events (random)",EV-AC-2,Satisfied,Sampled events matched approved requests and role templates,,
AC-2,AC-02f.[04],accounts are disabled in accordance with [organization-defined value];,Examine; Interview; Test,"Identity governance workflows; ACMC user exports; HR and subcontractor termination records; AQ-1 directory export. Population: 1,412 workforce terminations and 96 subcontractor terminations (2026-01-01 to 2026-06-30); 2,860 ACMC account events. Sample: 60 workforce terminations (random); 20 subcontractor terminations (random); 60 account events (random)",EV-AC-2,Other than satisfied,AQ-1 engineers with integration hub access are disabled manually from AQ-1's own directory; 2 of 20 sampled subcontractor accounts were disabled 4 and 9 days after termination,High,POAM-001
AC-2,AC-02f.[05],accounts are removed in accordance with [organization-defined value];,Examine; Interview; Test,"Identity governance workflows; ACMC user exports; HR and subcontractor termination records; AQ-1 directory export. Population: 1,412 workforce terminations and 96 subcontractor terminations (2026-01-01 to 2026-06-30); 2,860 ACMC account events. Sample: 60 workforce terminations (random); 20 subcontractor terminations (random); 60 account events (random)",EV-AC-2,Satisfied,Sampled events matched approved requests and role templates,,
AC-2,AC-02g.,the use of accounts is monitored;,Examine; Interview; Test,"Identity governance workflows; ACMC user exports; HR and subcontractor termination records; AQ-1 directory export. Population: 1,412 workforce terminations and 96 subcontractor terminations (2026-01-01 to 2026-06-30); 2,860 ACMC account events. Sample: 60 workforce terminations (random); 20 subcontractor terminations (random); 60 account events (random)",EV-AC-2,Satisfied,Sampled events matched approved requests and role templates,,
AC-2,AC-02h.01,account managers and [organization-defined value] are notified within [organization-defined value] when accounts are no longer required;,Examine; Interview; Test,"Identity governance workflows; ACMC user exports; HR and subcontractor termination records; AQ-1 directory export. Population: 1,412 workforce terminations and 96 subcontractor terminations (2026-01-01 to 2026-06-30); 2,860 ACMC account events. Sample: 60 workforce terminations (random); 20 subcontractor terminations (random); 60 account events (random)",EV-AC-2,Satisfied,Sampled events matched approved requests and role templates,,
AC-2,AC-02h.02,account managers and [organization-defined value] are notified within [organization-defined value] when users are terminated or transferred;,Examine; Interview; Test,"Identity governance workflows; ACMC user exports; HR and subcontractor termination records; AQ-1 directory export. Population: 1,412 workforce terminations and 96 subcontractor terminations (2026-01-01 to 2026-06-30); 2,860 ACMC account events. Sample: 60 workforce terminations (random); 20 subcontractor terminations (random); 60 account events (random)",EV-AC-2,Other than satisfied,"Subcontractors notified the company of terminations late (2 of 20 sampled), so account managers were not notified in time",Moderate,POAM-010
AC-2,AC-02h.03,account managers and [organization-defined value] are notified within [organization-defined value] when system usage or the need to know changes for an individual;,Examine; Interview; Test,"Identity governance workflows; ACMC user exports; HR and subcontractor termination records; AQ-1 directory export. Population: 1,412 workforce terminations and 96 subcontractor terminations (2026-01-01 to 2026-06-30); 2,860 ACMC account events. Sample: 60 workforce terminations (random); 20 subcontractor terminations (random); 60 account events (random)",EV-AC-2,Satisfied,Sampled events matched approved requests and role templates,,
AC-2,AC-02i.01,access to the system is authorized based on a valid access authorization;,Examine; Interview; Test,"Identity governance workflows; ACMC user exports; HR and subcontractor termination records; AQ-1 directory export. Population: 1,412 workforce terminations and 96 subcontractor terminations (2026-01-01 to 2026-06-30); 2,860 ACMC account events. Sample: 60 workforce terminations (random); 20 subcontractor terminations (random); 60 account events (random)",EV-AC-2,Satisfied,Sampled events matched approved requests and role templates,,
AC-2,AC-02i.02,access to the system is authorized based on intended system usage;,Examine; Interview; Test,"Identity governance workflows; ACMC user exports; HR and subcontractor termination records; AQ-1 directory export. Population: 1,412 workforce terminations and 96 subcontractor terminations (2026-01-01 to 2026-06-30); 2,860 ACMC account events. Sample: 60 workforce terminations (random); 20 subcontractor terminations (random); 60 account events (random)",EV-AC-2,Satisfied,Sampled events matched approved requests and role templates,,
AC-2,AC-02i.03,access to the system is authorized based on [organization-defined value];,Examine; Interview; Test,"Identity governance workflows; ACMC user exports; HR and subcontractor termination records; AQ-1 directory export. Population: 1,412 workforce terminations and 96 subcontractor terminations (2026-01-01 to 2026-06-30); 2,860 ACMC account events. Sample: 60 workforce terminations (random); 20 subcontractor terminations (random); 60 account events (random)",EV-AC-2,Satisfied,Sampled events matched approved requests and role templates,,
AC-2,AC-02j.,accounts are reviewed for compliance with account management requirements [organization-defined value];,Examine; Interview; Test,"Identity governance workflows; ACMC user exports; HR and subcontractor termination records; AQ-1 directory export. Population: 1,412 workforce terminations and 96 subcontractor terminations (2026-01-01 to 2026-06-30); 2,860 ACMC account events. Sample: 60 workforce terminations (random); 20 subcontractor terminations (random); 60 account events (random)",EV-AC-2,Satisfied,Sampled events matched approved requests and role templates,,
AC-2,AC-02k.[01],a process is established for changing shared or group account authenticators (if deployed) when individuals are removed from the group;,Examine; Interview; Test,"Identity governance workflows; ACMC user exports; HR and subcontractor termination records; AQ-1 directory export. Population: 1,412 workforce terminations and 96 subcontractor terminations (2026-01-01 to 2026-06-30); 2,860 ACMC account events. Sample: 60 workforce terminations (random); 20 subcontractor terminations (random); 60 account events (random)",EV-AC-2,Satisfied,Sampled events matched approved requests and role templates,,
AC-2,AC-02k.[02],a process is implemented for changing shared or group account authenticators (if deployed) when individuals are removed from the group;,Examine; Interview; Test,"Identity governance workflows; ACMC user exports; HR and subcontractor termination records; AQ-1 directory export. Population: 1,412 workforce terminations and 96 subcontractor terminations (2026-01-01 to 2026-06-30); 2,860 ACMC account events. Sample: 60 workforce terminations (random); 20 subcontractor terminations (random); 60 account events (random)",EV-AC-2,Satisfied,Sampled events matched approved requests and role templates,,
AC-2,AC-02l.[01],account management processes are aligned with personnel termination processes;,Examine; Interview; Test,"Identity governance workflows; ACMC user exports; HR and subcontractor termination records; AQ-1 directory export. Population: 1,412 workforce terminations and 96 subcontractor terminations (2026-01-01 to 2026-06-30); 2,860 ACMC account events. Sample: 60 workforce terminations (random); 20 subcontractor terminations (random); 60 account events (random)",EV-AC-2,Other than satisfied,The AQ-1 directory is not connected to the HR termination feed,High,POAM-001
AC-2,AC-02l.[02],account management processes are aligned with personnel transfer processes.,Examine; Interview; Test,"Identity governance workflows; ACMC user exports; HR and subcontractor termination records; AQ-1 directory export. Population: 1,412 workforce terminations and 96 subcontractor terminations (2026-01-01 to 2026-06-30); 2,860 ACMC account events. Sample: 60 workforce terminations (random); 20 subcontractor terminations (random); 60 account events (random)",EV-AC-2,Satisfied,Sampled events matched approved requests and role templates,,
AC-3,AC-03,approved authorizations for logical access to information and system resources are enforced in accordance with applicable access control policies.,Examine; Test,Role catalog; row-level security policies; test results. Population: 132 tenants. Sample: Cross-tenant tests from 25 test accounts in 5 tenants,EV-AC-3,Satisfied,Cross-tenant requests were denied; DPPA use codes recorded on AG-05 views,,
AC-6,AC-06,"the principle of least privilege is employed, allowing only authorized accesses for users (or processes acting on behalf of users) that are necessary to accomplish assigned...",Examine; Test,PAM reports; role assignment export. Population: All 412 ACMC support and administrator role assignments. Sample: 100% (data analytic),EV-AC-6,Other than satisfied,Two legacy support roles (46 users) keep standing read access to all CJI tenants,Moderate,POAM-016
AC-7,AC-07a.,a limit of [organization-defined value] consecutive invalid logon attempts by a user during [organization-defined value] is enforced;,Examine; Test,"Identity platform policy; ACMC local account policy. Population: n/a (configuration). Sample: Lockout tested with 3 test accounts (workforce, local agency, federated)",EV-AC-7,Satisfied,Accounts locked after 5 attempts in 15 minutes and stayed locked until an administrator released them,,
AC-7,AC-07b.,automatically [organization-defined value] when the maximum number of unsuccessful attempts is exceeded.,Examine; Test,"Identity platform policy; ACMC local account policy. Population: n/a (configuration). Sample: Lockout tested with 3 test accounts (workforce, local agency, federated)",EV-AC-7,Satisfied,Accounts locked after 5 attempts in 15 minutes and stayed locked until an administrator released them,,
AC-17,AC-17a.[01],usage restrictions are established and documented for each type of remote access allowed;,Examine; Test,Access broker and PAM configuration; session recordings. Population: 4 remote administration paths. Sample: 100%,EV-AC-17,Satisfied,All paths go through the broker and PAM from managed devices,,
AC-17,AC-17a.[02],configuration/connection requirements are established and documented for each type of remote access allowed;,Examine; Test,Access broker and PAM configuration; session recordings. Population: 4 remote administration paths. Sample: 100%,EV-AC-17,Satisfied,All paths go through the broker and PAM from managed devices,,
AC-17,AC-17a.[03],implementation guidance is established and documented for each type of remote access allowed;,Examine; Test,Access broker and PAM configuration; session recordings. Population: 4 remote administration paths. Sample: 100%,EV-AC-17,Satisfied,All paths go through the broker and PAM from managed devices,,
AC-17,AC-17b.,each type of remote access to the system is authorized prior to allowing such connections.,Examine; Test,Access broker and PAM configuration; session recordings. Population: 4 remote administration paths. Sample: 100%,EV-AC-17,Satisfied,All paths go through the broker and PAM from managed devices,,
AC-21,AC-21a.,authorized users are enabled to determine whether access authorizations assigned to a sharing partner match the information’s access and use restrictions for...,Examine; Test,"Ticket routing rules; ticket scan results; contract register. Population: About 52,000 tickets from FTI tenants (2026-H1). Sample: 100% (keyword and image scan)",EV-AC-21,Satisfied,Agency sharing decisions are recorded in contracts,,
AC-21,AC-21b.,[organization-defined value] are employed to assist users in making information-sharing and collaboration decisions.,Examine; Test,"Ticket routing rules; ticket scan results; contract register. Population: About 52,000 tickets from FTI tenants (2026-H1). Sample: 100% (keyword and image scan)",EV-AC-21,Other than satisfied,No mechanism stopped users from attaching FTI screenshots to tickets visible to the help desk subcontractor; 14 tickets with FTI found,High,POAM-009
AT-2,AT-02a.01[01],"security literacy training is provided to system users (including managers, senior executives, and contractors) as part of initial training for new users;",Examine; Interview,"Learning system reports; phishing simulation results. Population: About 12,000 workforce members (3,400 with CJI access). Sample: 60 training records (random); 6 months of phishing results",EV-AT-2,Satisfied,Training completed at hire and annually; CJIS course completed before access,,
AT-2,AT-02a.01[02],"privacy literacy training is provided to system users (including managers, senior executives, and contractors) as part of initial training for new users;",Examine; Interview,"Learning system reports; phishing simulation results. Population: About 12,000 workforce members (3,400 with CJI access). Sample: 60 training records (random); 6 months of phishing results",EV-AT-2,Satisfied,Training completed at hire and annually; CJIS course completed before access,,
AT-2,AT-02a.01[03],"security literacy training is provided to system users (including managers, senior executives, and contractors) [organization-defined value] thereafter;",Examine; Interview,"Learning system reports; phishing simulation results. Population: About 12,000 workforce members (3,400 with CJI access). Sample: 60 training records (random); 6 months of phishing results",EV-AT-2,Satisfied,Training completed at hire and annually; CJIS course completed before access,,
AT-2,AT-02a.01[04],"privacy literacy training is provided to system users (including managers, senior executives, and contractors) [organization-defined value] thereafter;",Examine; Interview,"Learning system reports; phishing simulation results. Population: About 12,000 workforce members (3,400 with CJI access). Sample: 60 training records (random); 6 months of phishing results",EV-AT-2,Satisfied,Training completed at hire and annually; CJIS course completed before access,,
AT-2,AT-02a.02[01],"security literacy training is provided to system users (including managers, senior executives, and contractors) when required by system changes or following...",Examine; Interview,"Learning system reports; phishing simulation results. Population: About 12,000 workforce members (3,400 with CJI access). Sample: 60 training records (random); 6 months of phishing results",EV-AT-2,Satisfied,Training completed at hire and annually; CJIS course completed before access,,
AT-2,AT-02a.02[02],"privacy literacy training is provided to system users (including managers, senior executives, and contractors) when required by system changes or following...",Examine; Interview,"Learning system reports; phishing simulation results. Population: About 12,000 workforce members (3,400 with CJI access). Sample: 60 training records (random); 6 months of phishing results",EV-AT-2,Satisfied,Training completed at hire and annually; CJIS course completed before access,,
AT-2,AT-02b.,[organization-defined value] are employed to increase the security and privacy awareness of system users;,Examine; Interview,"Learning system reports; phishing simulation results. Population: About 12,000 workforce members (3,400 with CJI access). Sample: 60 training records (random); 6 months of phishing results",EV-AT-2,Satisfied,Training completed at hire and annually; CJIS course completed before access,,
AT-2,AT-02c.[01],literacy training and awareness content is updated [organization-defined value];,Examine; Interview,"Learning system reports; phishing simulation results. Population: About 12,000 workforce members (3,400 with CJI access). Sample: 60 training records (random); 6 months of phishing results",EV-AT-2,Satisfied,Training completed at hire and annually; CJIS course completed before access,,
AT-2,AT-02c.[02],literacy training and awareness content is updated following [organization-defined value];,Examine; Interview,"Learning system reports; phishing simulation results. Population: About 12,000 workforce members (3,400 with CJI access). Sample: 60 training records (random); 6 months of phishing results",EV-AT-2,Satisfied,Training completed at hire and annually; CJIS course completed before access,,
AT-2,AT-02d.,lessons learned from internal or external security incidents or breaches are incorporated into literacy training and awareness techniques.,Examine; Interview,"Learning system reports; phishing simulation results. Population: About 12,000 workforce members (3,400 with CJI access). Sample: 60 training records (random); 6 months of phishing results",EV-AT-2,Satisfied,Training completed at hire and annually; CJIS course completed before access,,
AT-3,AT-03a.01[01],"role-based security training is provided to [organization-defined value] before authorizing access to the system, information, or performing assigned duties;",Examine; Interview,"Learning system reports; certification records. Population: About 1,900 staff with FTI access. Sample: 60 (random)",EV-AT-3,Satisfied,Role-based courses delivered and updated,,
AT-3,AT-03a.01[02],"role-based privacy training is provided to [organization-defined value] before authorizing access to the system, information, or performing assigned duties;",Examine; Interview,"Learning system reports; certification records. Population: About 1,900 staff with FTI access. Sample: 60 (random)",EV-AT-3,Satisfied,Role-based courses delivered and updated,,
AT-3,AT-03a.01[03],role-based security training is provided to [organization-defined value] [organization-defined value] thereafter;,Examine; Interview,"Learning system reports; certification records. Population: About 1,900 staff with FTI access. Sample: 60 (random)",EV-AT-3,Other than satisfied,3 of 60 sampled staff with FTI access were 15 to 40 days overdue for annual role training and recertification,Low,POAM-019
AT-3,AT-03a.01[04],role-based privacy training is provided to [organization-defined value] [organization-defined value] thereafter;,Examine; Interview,"Learning system reports; certification records. Population: About 1,900 staff with FTI access. Sample: 60 (random)",EV-AT-3,Satisfied,Role-based courses delivered and updated,,
AT-3,AT-03a.02[01],role-based security training is provided to personnel with assigned security roles and responsibilities when required by system changes;,Examine; Interview,"Learning system reports; certification records. Population: About 1,900 staff with FTI access. Sample: 60 (random)",EV-AT-3,Satisfied,Role-based courses delivered and updated,,
AT-3,AT-03a.02[02],role-based privacy training is provided to personnel with assigned security roles and responsibilities when required by system changes;,Examine; Interview,"Learning system reports; certification records. Population: About 1,900 staff with FTI access. Sample: 60 (random)",EV-AT-3,Satisfied,Role-based courses delivered and updated,,
AT-3,AT-03b.[01],role-based training content is updated [organization-defined value];,Examine; Interview,"Learning system reports; certification records. Population: About 1,900 staff with FTI access. Sample: 60 (random)",EV-AT-3,Satisfied,Role-based courses delivered and updated,,
AT-3,AT-03b.[02],role-based training content is updated following [organization-defined value];,Examine; Interview,"Learning system reports; certification records. Population: About 1,900 staff with FTI access. Sample: 60 (random)",EV-AT-3,Satisfied,Role-based courses delivered and updated,,
AT-3,AT-03c.,lessons learned from internal or external security incidents or breaches are incorporated into role-based training.,Examine; Interview,"Learning system reports; certification records. Population: About 1,900 staff with FTI access. Sample: 60 (random)",EV-AT-3,Satisfied,Role-based courses delivered and updated,,
AU-2,AU-02a.,[organization-defined value] that the system is capable of logging are identified in support of the audit logging function;,Examine; Test,STD-01.4; log source inventory; SIEM records. Population: n/a (configuration). Sample: 6 event types generated in test,EV-AU-2,Satisfied,All tested event types were recorded and reached the SIEM,,
AU-2,AU-02b.,the event logging function is coordinated with other organizational entities requiring audit-related information to guide and inform the selection criteria for events to be logged;,Examine; Test,STD-01.4; log source inventory; SIEM records. Population: n/a (configuration). Sample: 6 event types generated in test,EV-AU-2,Satisfied,All tested event types were recorded and reached the SIEM,,
AU-2,AU-02c.[01],[organization-defined value] are specified for logging within the system;,Examine; Test,STD-01.4; log source inventory; SIEM records. Population: n/a (configuration). Sample: 6 event types generated in test,EV-AU-2,Satisfied,All tested event types were recorded and reached the SIEM,,
AU-2,AU-02c.[02],the specified event types are logged within the system [organization-defined value];,Examine; Test,STD-01.4; log source inventory; SIEM records. Population: n/a (configuration). Sample: 6 event types generated in test,EV-AU-2,Satisfied,All tested event types were recorded and reached the SIEM,,
AU-2,AU-02d.,a rationale is provided for why the event types selected for logging are deemed to be adequate to support after-the-fact investigations of incidents;,Examine; Test,STD-01.4; log source inventory; SIEM records. Population: n/a (configuration). Sample: 6 event types generated in test,EV-AU-2,Satisfied,All tested event types were recorded and reached the SIEM,,
AU-2,AU-02e.,the event types selected for logging are reviewed and updated [organization-defined value].,Examine; Test,STD-01.4; log source inventory; SIEM records. Population: n/a (configuration). Sample: 6 event types generated in test,EV-AU-2,Satisfied,All tested event types were recorded and reached the SIEM,,
AU-6,AU-06a.,system audit records are reviewed and analyzed [organization-defined value] for indications of [organization-defined value] and the potential impact of the inappropriate or...,Examine; Interview,Weekly review records; SIEM use cases. Population: 26 weeks of FTI tenant reviews; 41 ACMC log sources. Sample: 13 weeks (random); 100% of log sources,EV-AU-6,Other than satisfied,2 of 13 sampled weeks had no evidence of the weekly FTI tenant access review,Moderate,POAM-025
AU-6,AU-06b.,findings are reported to [organization-defined value];,Examine; Interview,Weekly review records; SIEM use cases. Population: 26 weeks of FTI tenant reviews; 41 ACMC log sources. Sample: 13 weeks (random); 100% of log sources,EV-AU-6,Satisfied,SOC correlation and reporting operated as designed,,
AU-6,AU-06c.,"the level of audit record review, analysis, and reporting within the system is adjusted when there is a change in risk based on law enforcement information, intelligence...",Examine; Interview,Weekly review records; SIEM use cases. Population: 26 weeks of FTI tenant reviews; 41 ACMC log sources. Sample: 13 weeks (random); 100% of log sources,EV-AU-6,Satisfied,SOC correlation and reporting operated as designed,,
AU-9,AU-09a.,"audit information and audit logging tools are protected from unauthorized access, modification, and deletion;",Examine; Test,Archive account policy. Population: n/a (configuration). Sample: Archive settings inspected; deletion attempt tested,EV-AU-9,Satisfied,Write-once settings held; deletion attempt denied,,
AU-9,AU-09b.,"[organization-defined value] are alerted upon detection of unauthorized access, modification, or deletion of audit information.",Examine; Test,Archive account policy. Population: n/a (configuration). Sample: Archive settings inspected; deletion attempt tested,EV-AU-9,Satisfied,Write-once settings held; deletion attempt denied,,
AU-11,AU-11,audit records are retained for [organization-defined value] to provide support for after-the-fact investigations of incidents and to meet regulatory and organizational...,Examine; Interview,Retention configuration. Population: n/a (configuration). Sample: Retention settings inspected,EV-AU-11,Satisfied,1 year online and 7 years archived for ACMC,,
AU-12,AU-12a.,audit record generation capability for the event types the system is capable of auditing (defined in AU-02_ODP[01]) is provided by [organization-defined value];,Examine; Test,Logging configuration. Population: n/a (configuration). Sample: 8 ACMC components,EV-AU-12,Satisfied,Components generate the required events,,
AU-12,AU-12b.,[organization-defined value] is/are allowed to select the event types that are to be logged by specific components of the system;,Examine; Test,Logging configuration. Population: n/a (configuration). Sample: 8 ACMC components,EV-AU-12,Satisfied,Components generate the required events,,
AU-12,AU-12c.,audit records for the event types defined in AU-02_ODP[02] that include the audit record content defined in AU-03 are generated.,Examine; Test,Logging configuration. Population: n/a (configuration). Sample: 8 ACMC components,EV-AU-12,Satisfied,Components generate the required events,,
CA-2,CA-02a.,an appropriate assessor or assessment team is selected for the type of assessment to be conducted;,Examine; Interview,Assessment plans and reports; organization charts. Population: n/a (process). Sample: 2025 and 2026 assessments examined; interviews,EV-CA-2,Other than satisfied,"The 2025 ACMC assessment team (GRC) also designs the controls it assessed, so it was not independent; the 2026 assessment corrected this for ACMC only",Moderate,POAM-012
CA-2,CA-02b.01,"a control assessment plan is developed that describes the scope of the assessment, including controls and control enhancements under assessment;",Examine; Interview,Assessment plans and reports; organization charts. Population: n/a (process). Sample: 2025 and 2026 assessments examined; interviews,EV-CA-2,Satisfied,"Assessment plan, report, and distribution met the requirement",,
CA-2,CA-02b.02,"a control assessment plan is developed that describes the scope of the assessment, including assessment procedures to be used to determine control effectiveness;",Examine; Interview,Assessment plans and reports; organization charts. Population: n/a (process). Sample: 2025 and 2026 assessments examined; interviews,EV-CA-2,Satisfied,"Assessment plan, report, and distribution met the requirement",,
CA-2,CA-02b.03[01],"a control assessment plan is developed that describes the scope of the assessment, including the assessment environment;",Examine; Interview,Assessment plans and reports; organization charts. Population: n/a (process). Sample: 2025 and 2026 assessments examined; interviews,EV-CA-2,Satisfied,"Assessment plan, report, and distribution met the requirement",,
CA-2,CA-02b.03[02],"a control assessment plan is developed that describes the scope of the assessment, including the assessment team;",Examine; Interview,Assessment plans and reports; organization charts. Population: n/a (process). Sample: 2025 and 2026 assessments examined; interviews,EV-CA-2,Satisfied,"Assessment plan, report, and distribution met the requirement",,
CA-2,CA-02b.03[03],"a control assessment plan is developed that describes the scope of the assessment, including assessment roles and responsibilities;",Examine; Interview,Assessment plans and reports; organization charts. Population: n/a (process). Sample: 2025 and 2026 assessments examined; interviews,EV-CA-2,Satisfied,"Assessment plan, report, and distribution met the requirement",,
CA-2,CA-02c.,the control assessment plan is reviewed and approved by the authorizing official or designated representative prior to conducting the assessment;,Examine; Interview,Assessment plans and reports; organization charts. Population: n/a (process). Sample: 2025 and 2026 assessments examined; interviews,EV-CA-2,Satisfied,"Assessment plan, report, and distribution met the requirement",,
CA-2,CA-02d.[01],"controls are assessed in the system and its environment of operation [organization-defined value] to determine the extent to which the controls are implemented correctly,...",Examine; Interview,Assessment plans and reports; organization charts. Population: n/a (process). Sample: 2025 and 2026 assessments examined; interviews,EV-CA-2,Satisfied,"Assessment plan, report, and distribution met the requirement",,
CA-2,CA-02d.[02],"controls are assessed in the system and its environment of operation [organization-defined value] to determine the extent to which the controls are implemented correctly,...",Examine; Interview,Assessment plans and reports; organization charts. Population: n/a (process). Sample: 2025 and 2026 assessments examined; interviews,EV-CA-2,Satisfied,"Assessment plan, report, and distribution met the requirement",,
CA-2,CA-02e.,a control assessment report is produced that documents the results of the assessment;,Examine; Interview,Assessment plans and reports; organization charts. Population: n/a (process). Sample: 2025 and 2026 assessments examined; interviews,EV-CA-2,Satisfied,"Assessment plan, report, and distribution met the requirement",,
CA-2,CA-02f.,the results of the control assessment are provided to [organization-defined value].,Examine; Interview,Assessment plans and reports; organization charts. Population: n/a (process). Sample: 2025 and 2026 assessments examined; interviews,EV-CA-2,Satisfied,"Assessment plan, report, and distribution met the requirement",,
CA-7,CA-07[01],a system-level continuous monitoring strategy is developed;,Examine; Interview,Continuous monitoring reports; GovRAMP deliverables. Population: 12 monthly monitoring packages. Sample: 3 months (random),EV-CA-7,Satisfied,Monthly packages complete and on time,,
CA-7,CA-07[02],system-level continuous monitoring is implemented in accordance with the organization-level continuous monitoring strategy;,Examine; Interview,Continuous monitoring reports; GovRAMP deliverables. Population: 12 monthly monitoring packages. Sample: 3 months (random),EV-CA-7,Satisfied,Monthly packages complete and on time,,
CA-7,CA-07a.,system-level continuous monitoring includes establishment of the following system-level metrics to be monitored: [organization-defined value];,Examine; Interview,Continuous monitoring reports; GovRAMP deliverables. Population: 12 monthly monitoring packages. Sample: 3 months (random),EV-CA-7,Satisfied,Monthly packages complete and on time,,
CA-7,CA-07b.[01],system-level continuous monitoring includes established [organization-defined value] for monitoring;,Examine; Interview,Continuous monitoring reports; GovRAMP deliverables. Population: 12 monthly monitoring packages. Sample: 3 months (random),EV-CA-7,Satisfied,Monthly packages complete and on time,,
CA-7,CA-07b.[02],system-level continuous monitoring includes established [organization-defined value] for assessment of control effectiveness;,Examine; Interview,Continuous monitoring reports; GovRAMP deliverables. Population: 12 monthly monitoring packages. Sample: 3 months (random),EV-CA-7,Satisfied,Monthly packages complete and on time,,
CA-7,CA-07c.,system-level continuous monitoring includes ongoing control assessments in accordance with the continuous monitoring strategy;,Examine; Interview,Continuous monitoring reports; GovRAMP deliverables. Population: 12 monthly monitoring packages. Sample: 3 months (random),EV-CA-7,Satisfied,Monthly packages complete and on time,,
CA-7,CA-07d.,system-level continuous monitoring includes ongoing monitoring of system and organization-defined metrics in accordance with the continuous monitoring strategy;,Examine; Interview,Continuous monitoring reports; GovRAMP deliverables. Population: 12 monthly monitoring packages. Sample: 3 months (random),EV-CA-7,Satisfied,Monthly packages complete and on time,,
CA-7,CA-07e.,system-level continuous monitoring includes correlation and analysis of information generated by control assessments and monitoring;,Examine; Interview,Continuous monitoring reports; GovRAMP deliverables. Population: 12 monthly monitoring packages. Sample: 3 months (random),EV-CA-7,Satisfied,Monthly packages complete and on time,,
CA-7,CA-07f.,system-level continuous monitoring includes response actions to address the results of the analysis of control assessment and monitoring information;,Examine; Interview,Continuous monitoring reports; GovRAMP deliverables. Population: 12 monthly monitoring packages. Sample: 3 months (random),EV-CA-7,Satisfied,Monthly packages complete and on time,,
CA-7,CA-07g.[01],system-level continuous monitoring includes reporting the security status of the system to [organization-defined value] [organization-defined value];,Examine; Interview,Continuous monitoring reports; GovRAMP deliverables. Population: 12 monthly monitoring packages. Sample: 3 months (random),EV-CA-7,Satisfied,Monthly packages complete and on time,,
CA-7,CA-07g.[02],system-level continuous monitoring includes reporting the privacy status of the system to [organization-defined value] [organization-defined value].,Examine; Interview,Continuous monitoring reports; GovRAMP deliverables. Population: 12 monthly monitoring packages. Sample: 3 months (random),EV-CA-7,Satisfied,Monthly packages complete and on time,,
CM-2,CM-02a.[01],a current baseline configuration of the system is developed and documented;,Examine; Interview,Image and template repositories. Population: 14 ACMC image and template baselines. Sample: 100%,EV-CM-2,Satisfied,"Baselines current, reviewed, and versioned",,
CM-2,CM-02a.[02],a current baseline configuration of the system is maintained under configuration control;,Examine; Interview,Image and template repositories. Population: 14 ACMC image and template baselines. Sample: 100%,EV-CM-2,Satisfied,"Baselines current, reviewed, and versioned",,
CM-2,CM-02b.01,the baseline configuration of the system is reviewed and updated [organization-defined value];,Examine; Interview,Image and template repositories. Population: 14 ACMC image and template baselines. Sample: 100%,EV-CM-2,Satisfied,"Baselines current, reviewed, and versioned",,
CM-2,CM-02b.02,the baseline configuration of the system is reviewed and updated when required due to [organization-defined value];,Examine; Interview,Image and template repositories. Population: 14 ACMC image and template baselines. Sample: 100%,EV-CM-2,Satisfied,"Baselines current, reviewed, and versioned",,
CM-2,CM-02b.03,the baseline configuration of the system is reviewed and updated when system components are installed or upgraded.,Examine; Interview,Image and template repositories. Population: 14 ACMC image and template baselines. Sample: 100%,EV-CM-2,Satisfied,"Baselines current, reviewed, and versioned",,
CM-3,CM-03a.,the types of changes to the system that are configuration-controlled are determined and documented;,Examine; Interview; Test,"Change records; pipeline logs. Population: 412 ACMC changes (2026-01-01 to 2026-06-30), 48 emergency. Sample: 40 changes (random, 12 emergency)",EV-CM-3,Satisfied,"Sampled standard changes were reviewed, approved, and implemented through the pipeline",,
CM-3,CM-03b.[01],proposed configuration-controlled changes to the system are reviewed;,Examine; Interview; Test,"Change records; pipeline logs. Population: 412 ACMC changes (2026-01-01 to 2026-06-30), 48 emergency. Sample: 40 changes (random, 12 emergency)",EV-CM-3,Satisfied,"Sampled standard changes were reviewed, approved, and implemented through the pipeline",,
CM-3,CM-03b.[02],proposed configuration-controlled changes to the system are approved or disapproved with explicit consideration for security and privacy impact analyses;,Examine; Interview; Test,"Change records; pipeline logs. Population: 412 ACMC changes (2026-01-01 to 2026-06-30), 48 emergency. Sample: 40 changes (random, 12 emergency)",EV-CM-3,Satisfied,"Sampled standard changes were reviewed, approved, and implemented through the pipeline",,
CM-3,CM-03c.,configuration change decisions associated with the system are documented;,Examine; Interview; Test,"Change records; pipeline logs. Population: 412 ACMC changes (2026-01-01 to 2026-06-30), 48 emergency. Sample: 40 changes (random, 12 emergency)",EV-CM-3,Satisfied,"Sampled standard changes were reviewed, approved, and implemented through the pipeline",,
CM-3,CM-03d.,approved configuration-controlled changes to the system are implemented;,Examine; Interview; Test,"Change records; pipeline logs. Population: 412 ACMC changes (2026-01-01 to 2026-06-30), 48 emergency. Sample: 40 changes (random, 12 emergency)",EV-CM-3,Satisfied,"Sampled standard changes were reviewed, approved, and implemented through the pipeline",,
CM-3,CM-03e.,records of configuration-controlled changes to the system are retained for [organization-defined value];,Examine; Interview; Test,"Change records; pipeline logs. Population: 412 ACMC changes (2026-01-01 to 2026-06-30), 48 emergency. Sample: 40 changes (random, 12 emergency)",EV-CM-3,Satisfied,"Sampled standard changes were reviewed, approved, and implemented through the pipeline",,
CM-3,CM-03f.[01],activities associated with configuration-controlled changes to the system are monitored;,Examine; Interview; Test,"Change records; pipeline logs. Population: 412 ACMC changes (2026-01-01 to 2026-06-30), 48 emergency. Sample: 40 changes (random, 12 emergency)",EV-CM-3,Satisfied,"Sampled standard changes were reviewed, approved, and implemented through the pipeline",,
CM-3,CM-03f.[02],activities associated with configuration-controlled changes to the system are reviewed;,Examine; Interview; Test,"Change records; pipeline logs. Population: 412 ACMC changes (2026-01-01 to 2026-06-30), 48 emergency. Sample: 40 changes (random, 12 emergency)",EV-CM-3,Other than satisfied,3 of 12 sampled emergency changes had no post-implementation review within 5 business days,Low,POAM-018
CM-3,CM-03g.[01],configuration change control activities are coordinated and overseen by [organization-defined value];,Examine; Interview; Test,"Change records; pipeline logs. Population: 412 ACMC changes (2026-01-01 to 2026-06-30), 48 emergency. Sample: 40 changes (random, 12 emergency)",EV-CM-3,Satisfied,"Sampled standard changes were reviewed, approved, and implemented through the pipeline",,
CM-3,CM-03g.[02],the configuration control element convenes [organization-defined value].,Examine; Interview; Test,"Change records; pipeline logs. Population: 412 ACMC changes (2026-01-01 to 2026-06-30), 48 emergency. Sample: 40 changes (random, 12 emergency)",EV-CM-3,Satisfied,"Sampled standard changes were reviewed, approved, and implemented through the pipeline",,
CM-5,CM-05[01],physical access restrictions associated with changes to the system are defined and documented;,Examine; Test,Pipeline permissions; PAM logs. Population: 412 changes. Sample: 10 changes traced to pipeline and PAM records,EV-CM-5,Satisfied,Only the pipeline and PAM-elevated users changed production,,
CM-5,CM-05[02],physical access restrictions associated with changes to the system are approved;,Examine; Test,Pipeline permissions; PAM logs. Population: 412 changes. Sample: 10 changes traced to pipeline and PAM records,EV-CM-5,Satisfied,Only the pipeline and PAM-elevated users changed production,,
CM-5,CM-05[03],physical access restrictions associated with changes to the system are enforced;,Examine; Test,Pipeline permissions; PAM logs. Population: 412 changes. Sample: 10 changes traced to pipeline and PAM records,EV-CM-5,Satisfied,Only the pipeline and PAM-elevated users changed production,,
CM-5,CM-05[04],logical access restrictions associated with changes to the system are defined and documented;,Examine; Test,Pipeline permissions; PAM logs. Population: 412 changes. Sample: 10 changes traced to pipeline and PAM records,EV-CM-5,Satisfied,Only the pipeline and PAM-elevated users changed production,,
CM-5,CM-05[05],logical access restrictions associated with changes to the system are approved;,Examine; Test,Pipeline permissions; PAM logs. Population: 412 changes. Sample: 10 changes traced to pipeline and PAM records,EV-CM-5,Satisfied,Only the pipeline and PAM-elevated users changed production,,
CM-5,CM-05[06],logical access restrictions associated with changes to the system are enforced.,Examine; Test,Pipeline permissions; PAM logs. Population: 412 changes. Sample: 10 changes traced to pipeline and PAM records,EV-CM-5,Satisfied,Only the pipeline and PAM-elevated users changed production,,
CM-6,CM-06a.,configuration settings that reflect the most restrictive mode consistent with operational requirements are established and documented for components employed within the system...,Examine; Test,Posture management reports. Population: All ACMC accounts. Sample: 100% (posture scan),EV-CM-6,Satisfied,97% compliance; deviations tracked as findings,,
CM-6,CM-06b.,the configuration settings documented in CM-06a are implemented;,Examine; Test,Posture management reports. Population: All ACMC accounts. Sample: 100% (posture scan),EV-CM-6,Satisfied,97% compliance; deviations tracked as findings,,
CM-6,CM-06c.[01],any deviations from established configuration settings for [organization-defined value] are identified and documented based on [organization-defined value];,Examine; Test,Posture management reports. Population: All ACMC accounts. Sample: 100% (posture scan),EV-CM-6,Satisfied,97% compliance; deviations tracked as findings,,
CM-6,CM-06c.[02],any deviations from established configuration settings for [organization-defined value] are approved;,Examine; Test,Posture management reports. Population: All ACMC accounts. Sample: 100% (posture scan),EV-CM-6,Satisfied,97% compliance; deviations tracked as findings,,
CM-6,CM-06d.[01],changes to the configuration settings are monitored in accordance with organizational policies and procedures;,Examine; Test,Posture management reports. Population: All ACMC accounts. Sample: 100% (posture scan),EV-CM-6,Satisfied,97% compliance; deviations tracked as findings,,
CM-6,CM-06d.[02],changes to the configuration settings are controlled in accordance with organizational policies and procedures.,Examine; Test,Posture management reports. Population: All ACMC accounts. Sample: 100% (posture scan),EV-CM-6,Satisfied,97% compliance; deviations tracked as findings,,
CM-8,CM-08a.01,an inventory of system components that accurately reflects the system is developed and documented;,Examine; Test,"CMDB; provider inventory. Population: About 2,300 ACMC cloud resources and 14 DC-1 edge devices. Sample: 60 resources traced to the CMDB (random)",EV-CM-8,Satisfied,Sampled resources were in the CMDB with owners,,
CM-8,CM-08a.02,an inventory of system components that includes all components within the system is developed and documented;,Examine; Test,"CMDB; provider inventory. Population: About 2,300 ACMC cloud resources and 14 DC-1 edge devices. Sample: 60 resources traced to the CMDB (random)",EV-CM-8,Satisfied,Sampled resources were in the CMDB with owners,,
CM-8,CM-08a.03,an inventory of system components that does not include duplicate accounting of components or components assigned to any other system is developed and documented;,Examine; Test,"CMDB; provider inventory. Population: About 2,300 ACMC cloud resources and 14 DC-1 edge devices. Sample: 60 resources traced to the CMDB (random)",EV-CM-8,Satisfied,Sampled resources were in the CMDB with owners,,
CM-8,CM-08a.04,an inventory of system components that is at the level of granularity deemed necessary for tracking and reporting is developed and documented;,Examine; Test,"CMDB; provider inventory. Population: About 2,300 ACMC cloud resources and 14 DC-1 edge devices. Sample: 60 resources traced to the CMDB (random)",EV-CM-8,Satisfied,Sampled resources were in the CMDB with owners,,
CM-8,CM-08a.05,an inventory of system components that includes [organization-defined value] is developed and documented;,Examine; Test,"CMDB; provider inventory. Population: About 2,300 ACMC cloud resources and 14 DC-1 edge devices. Sample: 60 resources traced to the CMDB (random)",EV-CM-8,Satisfied,Sampled resources were in the CMDB with owners,,
CM-8,CM-08b.,the system component inventory is reviewed and updated [organization-defined value].,Examine; Test,"CMDB; provider inventory. Population: About 2,300 ACMC cloud resources and 14 DC-1 edge devices. Sample: 60 resources traced to the CMDB (random)",EV-CM-8,Satisfied,Sampled resources were in the CMDB with owners,,
CP-2,CP-02a.01,a contingency plan for the system is developed that identifies essential mission and business functions and associated contingency requirements;,Examine; Interview,ACMC contingency plan v5. Population: n/a (plan). Sample: Plan v5 examined; 3 interviews,EV-CP-2,Satisfied,Plan content met each objective,,
CP-2,CP-02a.02[01],a contingency plan for the system is developed that provides recovery objectives;,Examine; Interview,ACMC contingency plan v5. Population: n/a (plan). Sample: Plan v5 examined; 3 interviews,EV-CP-2,Satisfied,Plan content met each objective,,
CP-2,CP-02a.02[02],a contingency plan for the system is developed that provides restoration priorities;,Examine; Interview,ACMC contingency plan v5. Population: n/a (plan). Sample: Plan v5 examined; 3 interviews,EV-CP-2,Satisfied,Plan content met each objective,,
CP-2,CP-02a.02[03],a contingency plan for the system is developed that provides metrics;,Examine; Interview,ACMC contingency plan v5. Population: n/a (plan). Sample: Plan v5 examined; 3 interviews,EV-CP-2,Satisfied,Plan content met each objective,,
CP-2,CP-02a.03[01],a contingency plan for the system is developed that addresses contingency roles;,Examine; Interview,ACMC contingency plan v5. Population: n/a (plan). Sample: Plan v5 examined; 3 interviews,EV-CP-2,Satisfied,Plan content met each objective,,
CP-2,CP-02a.03[02],a contingency plan for the system is developed that addresses contingency responsibilities;,Examine; Interview,ACMC contingency plan v5. Population: n/a (plan). Sample: Plan v5 examined; 3 interviews,EV-CP-2,Satisfied,Plan content met each objective,,
CP-2,CP-02a.03[03],a contingency plan for the system is developed that addresses assigned individuals with contact information;,Examine; Interview,ACMC contingency plan v5. Population: n/a (plan). Sample: Plan v5 examined; 3 interviews,EV-CP-2,Satisfied,Plan content met each objective,,
CP-2,CP-02a.04,"a contingency plan for the system is developed that addresses maintaining essential mission and business functions despite a system disruption, compromise, or failure;",Examine; Interview,ACMC contingency plan v5. Population: n/a (plan). Sample: Plan v5 examined; 3 interviews,EV-CP-2,Satisfied,Plan content met each objective,,
CP-2,CP-02a.05,"a contingency plan for the system is developed that addresses eventual, full-system restoration without deterioration of the controls originally planned and implemented;",Examine; Interview,ACMC contingency plan v5. Population: n/a (plan). Sample: Plan v5 examined; 3 interviews,EV-CP-2,Satisfied,Plan content met each objective,,
CP-2,CP-02a.06,a contingency plan for the system is developed that addresses the sharing of contingency information;,Examine; Interview,ACMC contingency plan v5. Population: n/a (plan). Sample: Plan v5 examined; 3 interviews,EV-CP-2,Satisfied,Plan content met each objective,,
CP-2,CP-02a.07[01],a contingency plan for the system is developed that is reviewed by [organization-defined value];,Examine; Interview,ACMC contingency plan v5. Population: n/a (plan). Sample: Plan v5 examined; 3 interviews,EV-CP-2,Satisfied,Plan content met each objective,,
CP-2,CP-02a.07[02],a contingency plan for the system is developed that is approved by [organization-defined value];,Examine; Interview,ACMC contingency plan v5. Population: n/a (plan). Sample: Plan v5 examined; 3 interviews,EV-CP-2,Satisfied,Plan content met each objective,,
CP-2,CP-02b.[01],copies of the contingency plan are distributed to [organization-defined value];,Examine; Interview,ACMC contingency plan v5. Population: n/a (plan). Sample: Plan v5 examined; 3 interviews,EV-CP-2,Satisfied,Plan content met each objective,,
CP-2,CP-02b.[02],copies of the contingency plan are distributed to [organization-defined value];,Examine; Interview,ACMC contingency plan v5. Population: n/a (plan). Sample: Plan v5 examined; 3 interviews,EV-CP-2,Satisfied,Plan content met each objective,,
CP-2,CP-02c.,contingency planning activities are coordinated with incident handling activities;,Examine; Interview,ACMC contingency plan v5. Population: n/a (plan). Sample: Plan v5 examined; 3 interviews,EV-CP-2,Satisfied,Plan content met each objective,,
CP-2,CP-02d.,the contingency plan for the system is reviewed [organization-defined value];,Examine; Interview,ACMC contingency plan v5. Population: n/a (plan). Sample: Plan v5 examined; 3 interviews,EV-CP-2,Satisfied,Plan content met each objective,,
CP-2,CP-02e.[01],"the contingency plan is updated to address changes to the organization, system, or environment of operation;",Examine; Interview,ACMC contingency plan v5. Population: n/a (plan). Sample: Plan v5 examined; 3 interviews,EV-CP-2,Satisfied,Plan content met each objective,,
CP-2,CP-02e.[02],"the contingency plan is updated to address problems encountered during contingency plan implementation, execution, or testing;",Examine; Interview,ACMC contingency plan v5. Population: n/a (plan). Sample: Plan v5 examined; 3 interviews,EV-CP-2,Satisfied,Plan content met each objective,,
CP-2,CP-02f.[01],contingency plan changes are communicated to [organization-defined value];,Examine; Interview,ACMC contingency plan v5. Population: n/a (plan). Sample: Plan v5 examined; 3 interviews,EV-CP-2,Satisfied,Plan content met each objective,,
CP-2,CP-02f.[02],contingency plan changes are communicated to [organization-defined value];,Examine; Interview,ACMC contingency plan v5. Population: n/a (plan). Sample: Plan v5 examined; 3 interviews,EV-CP-2,Satisfied,Plan content met each objective,,
CP-2,CP-02g.[01],lessons learned from contingency plan testing or actual contingency activities are incorporated into contingency testing;,Examine; Interview,ACMC contingency plan v5. Population: n/a (plan). Sample: Plan v5 examined; 3 interviews,EV-CP-2,Satisfied,Plan content met each objective,,
CP-2,CP-02g.[02],lessons learned from contingency plan training or actual contingency activities are incorporated into contingency testing and training;,Examine; Interview,ACMC contingency plan v5. Population: n/a (plan). Sample: Plan v5 examined; 3 interviews,EV-CP-2,Satisfied,Plan content met each objective,,
CP-2,CP-02h.[01],the contingency plan is protected from unauthorized disclosure;,Examine; Interview,ACMC contingency plan v5. Population: n/a (plan). Sample: Plan v5 examined; 3 interviews,EV-CP-2,Satisfied,Plan content met each objective,,
CP-2,CP-02h.[02],the contingency plan is protected from unauthorized modification.,Examine; Interview,ACMC contingency plan v5. Population: n/a (plan). Sample: Plan v5 examined; 3 interviews,EV-CP-2,Satisfied,Plan content met each objective,,
CP-4,CP-04a.[01],the contingency plan for the system is tested [organization-defined value];,Examine; Interview,DR test report 2026-05-09. Population: 1 annual failover test. Sample: 100%,EV-CP-4,Satisfied,"Failover recovered in 3.2 hours against a 4-hour objective, with agency observers",,
CP-4,CP-04a.[02],[organization-defined value] are used to determine the effectiveness of the plan;,Examine; Interview,DR test report 2026-05-09. Population: 1 annual failover test. Sample: 100%,EV-CP-4,Satisfied,"Failover recovered in 3.2 hours against a 4-hour objective, with agency observers",,
CP-4,CP-04a.[03],[organization-defined value] are used to determine the readiness to execute the plan;,Examine; Interview,DR test report 2026-05-09. Population: 1 annual failover test. Sample: 100%,EV-CP-4,Satisfied,"Failover recovered in 3.2 hours against a 4-hour objective, with agency observers",,
CP-4,CP-04b.,the contingency plan test results are reviewed;,Examine; Interview,DR test report 2026-05-09. Population: 1 annual failover test. Sample: 100%,EV-CP-4,Satisfied,"Failover recovered in 3.2 hours against a 4-hour objective, with agency observers",,
CP-4,CP-04c.,"corrective actions are initiated, if needed.",Examine; Interview,DR test report 2026-05-09. Population: 1 annual failover test. Sample: 100%,EV-CP-4,Satisfied,"Failover recovered in 3.2 hours against a 4-hour objective, with agency observers",,
CP-9,CP-09a.,backups of user-level information contained in [organization-defined value] are conducted [organization-defined value];,Examine; Test,Backup reports; restore test. Population: 181 daily backup jobs. Sample: 25 jobs (random); 1 restore observed,EV-CP-9,Satisfied,Backups completed and the observed restore succeeded,,
CP-9,CP-09b.,backups of system-level information contained in the system are conducted [organization-defined value];,Examine; Test,Backup reports; restore test. Population: 181 daily backup jobs. Sample: 25 jobs (random); 1 restore observed,EV-CP-9,Satisfied,Backups completed and the observed restore succeeded,,
CP-9,CP-09c.,"backups of system documentation, including security- and privacy-related documentation are conducted [organization-defined value];",Examine; Test,Backup reports; restore test. Population: 181 daily backup jobs. Sample: 25 jobs (random); 1 restore observed,EV-CP-9,Satisfied,Backups completed and the observed restore succeeded,,
CP-9,CP-09d.[01],the confidentiality of backup information is protected;,Examine; Test,Backup reports; restore test. Population: 181 daily backup jobs. Sample: 25 jobs (random); 1 restore observed,EV-CP-9,Satisfied,Backups completed and the observed restore succeeded,,
CP-9,CP-09d.[02],the integrity of backup information is protected;,Examine; Test,Backup reports; restore test. Population: 181 daily backup jobs. Sample: 25 jobs (random); 1 restore observed,EV-CP-9,Satisfied,Backups completed and the observed restore succeeded,,
CP-9,CP-09d.[03],the availability of backup information is protected.,Examine; Test,Backup reports; restore test. Population: 181 daily backup jobs. Sample: 25 jobs (random); 1 restore observed,EV-CP-9,Satisfied,Backups completed and the observed restore succeeded,,
CP-10,CP-10[01],"the recovery of the system to a known state is provided within [organization-defined value] after a disruption, compromise, or failure;",Examine; Interview,DR test report. Population: 1 failover test. Sample: 100%,EV-CP-10,Satisfied,Recovery to a known state within the objective,,
CP-10,CP-10[02],"a reconstitution of the system to a known state is provided within [organization-defined value] after a disruption, compromise, or failure.",Examine; Interview,DR test report. Population: 1 failover test. Sample: 100%,EV-CP-10,Satisfied,Recovery to a known state within the objective,,
IA-2,IA-02[01],organizational users are uniquely identified and authenticated;,Examine; Test,"Sign-in logs; conditional access policy. Population: About 4,800 workforce accounts with ACMC access. Sample: 25 sign-ins (random)",EV-IA-2,Satisfied,MFA enforced for every sampled sign-in,,
IA-2,IA-02[02],the unique identification of authenticated organizational users is associated with processes acting on behalf of those users.,Examine; Test,"Sign-in logs; conditional access policy. Population: About 4,800 workforce accounts with ACMC access. Sample: 25 sign-ins (random)",EV-IA-2,Satisfied,MFA enforced for every sampled sign-in,,
IA-2(1),IA-02(01),multi-factor authentication is implemented for access to privileged accounts.,Examine; Test,PAM and identity platform reports. Population: 412 privileged ACMC role assignments. Sample: 100% (data analytic),EV-IA-2(1),Satisfied,All privileged access used phishing-resistant security keys,,
IA-5,IA-05a.,"system authenticators are managed through the verification of the identity of the individual, group, role, service, or device receiving the authenticator as part of the initial...",Examine; Test,Secrets manager; edge appliance configuration. Population: 14 DC-1 edge devices; 212 service credentials. Sample: 100% (default credential test; secrets manager report),EV-IA-5,Satisfied,Credential management met the requirement,,
IA-5,IA-05b.,system authenticators are managed through the establishment of initial authenticator content for any authenticators issued by the organization;,Examine; Test,Secrets manager; edge appliance configuration. Population: 14 DC-1 edge devices; 212 service credentials. Sample: 100% (default credential test; secrets manager report),EV-IA-5,Satisfied,Credential management met the requirement,,
IA-5,IA-05c.,system authenticators are managed to ensure that authenticators have sufficient strength of mechanism for their intended use;,Examine; Test,Secrets manager; edge appliance configuration. Population: 14 DC-1 edge devices; 212 service credentials. Sample: 100% (default credential test; secrets manager report),EV-IA-5,Satisfied,Credential management met the requirement,,
IA-5,IA-05d.,"system authenticators are managed through the establishment and implementation of administrative procedures for initial authenticator distribution; lost, compromised, or...",Examine; Test,Secrets manager; edge appliance configuration. Population: 14 DC-1 edge devices; 212 service credentials. Sample: 100% (default credential test; secrets manager report),EV-IA-5,Satisfied,Credential management met the requirement,,
IA-5,IA-05e.,system authenticators are managed through the change of default authenticators prior to first use;,Examine; Test,Secrets manager; edge appliance configuration. Population: 14 DC-1 edge devices; 212 service credentials. Sample: 100% (default credential test; secrets manager report),EV-IA-5,Other than satisfied,Default vendor administrator passwords were still set on 2 of the 7 legacy VPN appliances at the integration hub edge,High,POAM-007
IA-5,IA-05f.,system authenticators are managed through the change or refreshment of authenticators [organization-defined value] or when [organization-defined value] occur;,Examine; Test,Secrets manager; edge appliance configuration. Population: 14 DC-1 edge devices; 212 service credentials. Sample: 100% (default credential test; secrets manager report),EV-IA-5,Satisfied,Credential management met the requirement,,
IA-5,IA-05g.,system authenticators are managed through the protection of authenticator content from unauthorized disclosure and modification;,Examine; Test,Secrets manager; edge appliance configuration. Population: 14 DC-1 edge devices; 212 service credentials. Sample: 100% (default credential test; secrets manager report),EV-IA-5,Satisfied,Credential management met the requirement,,
IA-5,IA-05h.[01],system authenticators are managed through the requirement for individuals to take specific controls to protect authenticators;,Examine; Test,Secrets manager; edge appliance configuration. Population: 14 DC-1 edge devices; 212 service credentials. Sample: 100% (default credential test; secrets manager report),EV-IA-5,Satisfied,Credential management met the requirement,,
IA-5,IA-05h.[02],system authenticators are managed through the requirement for devices to implement specific controls to protect authenticators;,Examine; Test,Secrets manager; edge appliance configuration. Population: 14 DC-1 edge devices; 212 service credentials. Sample: 100% (default credential test; secrets manager report),EV-IA-5,Satisfied,Credential management met the requirement,,
IA-5,IA-05i.,system authenticators are managed through the change of authenticators for group or role accounts when membership to those accounts changes.,Examine; Test,Secrets manager; edge appliance configuration. Population: 14 DC-1 edge devices; 212 service credentials. Sample: 100% (default credential test; secrets manager report),EV-IA-5,Satisfied,Credential management met the requirement,,
IA-8,IA-08,non-organizational users or processes acting on behalf of non-organizational users are uniquely identified and authenticated.,Examine; Test,"Account analytics; federation configuration. Population: About 31,000 agency user accounts. Sample: 100% (data analytic)",EV-IA-8,Satisfied,Every agency user is unique and authenticated with MFA,,
IR-4,IR-04a.[01],an incident handling capability for incidents is implemented that is consistent with the incident response plan;,Examine; Interview,SOC case management; SOAR records. Population: 236 security incidents (2026-H1). Sample: 25 incidents (random),EV-IR-4,Satisfied,Handling steps documented for every sampled incident,,
IR-4,IR-04a.[02],the incident handling capability for incidents includes preparation;,Examine; Interview,SOC case management; SOAR records. Population: 236 security incidents (2026-H1). Sample: 25 incidents (random),EV-IR-4,Satisfied,Handling steps documented for every sampled incident,,
IR-4,IR-04a.[03],the incident handling capability for incidents includes detection and analysis;,Examine; Interview,SOC case management; SOAR records. Population: 236 security incidents (2026-H1). Sample: 25 incidents (random),EV-IR-4,Satisfied,Handling steps documented for every sampled incident,,
IR-4,IR-04a.[04],the incident handling capability for incidents includes containment;,Examine; Interview,SOC case management; SOAR records. Population: 236 security incidents (2026-H1). Sample: 25 incidents (random),EV-IR-4,Satisfied,Handling steps documented for every sampled incident,,
IR-4,IR-04a.[05],the incident handling capability for incidents includes eradication;,Examine; Interview,SOC case management; SOAR records. Population: 236 security incidents (2026-H1). Sample: 25 incidents (random),EV-IR-4,Satisfied,Handling steps documented for every sampled incident,,
IR-4,IR-04a.[06],the incident handling capability for incidents includes recovery;,Examine; Interview,SOC case management; SOAR records. Population: 236 security incidents (2026-H1). Sample: 25 incidents (random),EV-IR-4,Satisfied,Handling steps documented for every sampled incident,,
IR-4,IR-04b.,incident handling activities are coordinated with contingency planning activities;,Examine; Interview,SOC case management; SOAR records. Population: 236 security incidents (2026-H1). Sample: 25 incidents (random),EV-IR-4,Satisfied,Handling steps documented for every sampled incident,,
IR-4,IR-04c.[01],"lessons learned from ongoing incident handling activities are incorporated into incident response procedures, training, and testing;",Examine; Interview,SOC case management; SOAR records. Population: 236 security incidents (2026-H1). Sample: 25 incidents (random),EV-IR-4,Satisfied,Handling steps documented for every sampled incident,,
IR-4,IR-04c.[02],the changes resulting from the incorporated lessons learned are implemented accordingly;,Examine; Interview,SOC case management; SOAR records. Population: 236 security incidents (2026-H1). Sample: 25 incidents (random),EV-IR-4,Satisfied,Handling steps documented for every sampled incident,,
IR-4,IR-04d.[01],the rigor of incident handling activities is comparable and predictable across the organization;,Examine; Interview,SOC case management; SOAR records. Population: 236 security incidents (2026-H1). Sample: 25 incidents (random),EV-IR-4,Satisfied,Handling steps documented for every sampled incident,,
IR-4,IR-04d.[02],the intensity of incident handling activities is comparable and predictable across the organization;,Examine; Interview,SOC case management; SOAR records. Population: 236 security incidents (2026-H1). Sample: 25 incidents (random),EV-IR-4,Satisfied,Handling steps documented for every sampled incident,,
IR-4,IR-04d.[03],the scope of incident handling activities is comparable and predictable across the organization;,Examine; Interview,SOC case management; SOAR records. Population: 236 security incidents (2026-H1). Sample: 25 incidents (random),EV-IR-4,Satisfied,Handling steps documented for every sampled incident,,
IR-4,IR-04d.[04],the results of incident handling activities are comparable and predictable across the organization.,Examine; Interview,SOC case management; SOAR records. Population: 236 security incidents (2026-H1). Sample: 25 incidents (random),EV-IR-4,Satisfied,Handling steps documented for every sampled incident,,
IR-6,IR-06a.,personnel is/are required to report suspected incidents to the organizational incident response capability within [organization-defined value];,Examine; Interview,Incident records; agency notice log. Population: 41 incidents involving CJI or FTI tenants (2026-H1); 20 staff interviews. Sample: 25 incidents (random); 20 staff,EV-IR-6,Satisfied,Staff knew the 1-hour reporting rule,,
IR-6,IR-06b.,incident information is reported to [organization-defined value].,Examine; Interview,Incident records; agency notice log. Population: 41 incidents involving CJI or FTI tenants (2026-H1); 20 staff interviews. Sample: 25 incidents (random); 20 staff,EV-IR-6,Other than satisfied,2 of 25 sampled incidents involving CJI tenants were reported to the agency after 3 and 5 hours against the 1-hour requirement,Moderate,POAM-014
IR-8,IR-08a.01,an incident response plan is developed that provides the organization with a roadmap for implementing its incident response capability;,Examine; Interview,"Incident response plan; materiality playbook; committee charter. Population: n/a (plan). Sample: Plan and materiality playbook examined; interviews with the General Counsel, CFO, and CISO",EV-IR-8,Satisfied,Plan content met the objective,,
IR-8,IR-08a.02,an incident response plan is developed that describes the structure and organization of the incident response capability;,Examine; Interview,"Incident response plan; materiality playbook; committee charter. Population: n/a (plan). Sample: Plan and materiality playbook examined; interviews with the General Counsel, CFO, and CISO",EV-IR-8,Satisfied,Plan content met the objective,,
IR-8,IR-08a.03,an incident response plan is developed that provides a high-level approach for how the incident response capability fits into the overall organization;,Examine; Interview,"Incident response plan; materiality playbook; committee charter. Population: n/a (plan). Sample: Plan and materiality playbook examined; interviews with the General Counsel, CFO, and CISO",EV-IR-8,Satisfied,Plan content met the objective,,
IR-8,IR-08a.04,"an incident response plan is developed that meets the unique requirements of the organization with regard to mission, size, structure, and functions;",Examine; Interview,"Incident response plan; materiality playbook; committee charter. Population: n/a (plan). Sample: Plan and materiality playbook examined; interviews with the General Counsel, CFO, and CISO",EV-IR-8,Other than satisfied,"The materiality playbook does not address incidents whose main harm falls on agency customers (contract termination, public trust)",High,POAM-013
IR-8,IR-08a.05,an incident response plan is developed that defines reportable incidents;,Examine; Interview,"Incident response plan; materiality playbook; committee charter. Population: n/a (plan). Sample: Plan and materiality playbook examined; interviews with the General Counsel, CFO, and CISO",EV-IR-8,Satisfied,Plan content met the objective,,
IR-8,IR-08a.06,an incident response plan is developed that provides metrics for measuring the incident response capability within the organization;,Examine; Interview,"Incident response plan; materiality playbook; committee charter. Population: n/a (plan). Sample: Plan and materiality playbook examined; interviews with the General Counsel, CFO, and CISO",EV-IR-8,Satisfied,Plan content met the objective,,
IR-8,IR-08a.07,an incident response plan is developed that defines the resources and management support needed to effectively maintain and mature an incident response capability;,Examine; Interview,"Incident response plan; materiality playbook; committee charter. Population: n/a (plan). Sample: Plan and materiality playbook examined; interviews with the General Counsel, CFO, and CISO",EV-IR-8,Satisfied,Plan content met the objective,,
IR-8,IR-08a.08,an incident response plan is developed that addresses the sharing of incident information;,Examine; Interview,"Incident response plan; materiality playbook; committee charter. Population: n/a (plan). Sample: Plan and materiality playbook examined; interviews with the General Counsel, CFO, and CISO",EV-IR-8,Satisfied,Plan content met the objective,,
IR-8,IR-08a.09,an incident response plan is developed that is reviewed and approved by [organization-defined value] [organization-defined value];,Examine; Interview,"Incident response plan; materiality playbook; committee charter. Population: n/a (plan). Sample: Plan and materiality playbook examined; interviews with the General Counsel, CFO, and CISO",EV-IR-8,Satisfied,Plan content met the objective,,
IR-8,IR-08a.10,an incident response plan is developed that explicitly designates responsibility for incident response to [organization-defined value].,Examine; Interview,"Incident response plan; materiality playbook; committee charter. Population: n/a (plan). Sample: Plan and materiality playbook examined; interviews with the General Counsel, CFO, and CISO",EV-IR-8,Satisfied,Plan content met the objective,,
IR-8,IR-08b.[01],copies of the incident response plan are distributed to [organization-defined value];,Examine; Interview,"Incident response plan; materiality playbook; committee charter. Population: n/a (plan). Sample: Plan and materiality playbook examined; interviews with the General Counsel, CFO, and CISO",EV-IR-8,Satisfied,Plan content met the objective,,
IR-8,IR-08b.[02],copies of the incident response plan are distributed to [organization-defined value];,Examine; Interview,"Incident response plan; materiality playbook; committee charter. Population: n/a (plan). Sample: Plan and materiality playbook examined; interviews with the General Counsel, CFO, and CISO",EV-IR-8,Satisfied,Plan content met the objective,,
IR-8,IR-08c.,"the incident response plan is updated to address system and organizational changes or problems encountered during plan implementation, execution, or testing;",Examine; Interview,"Incident response plan; materiality playbook; committee charter. Population: n/a (plan). Sample: Plan and materiality playbook examined; interviews with the General Counsel, CFO, and CISO",EV-IR-8,Other than satisfied,The plan and playbook were not updated for the AQ-1 acquisition or the 2026 changes in disclosure committee membership,High,POAM-013
IR-8,IR-08d.[01],incident response plan changes are communicated to [organization-defined value];,Examine; Interview,"Incident response plan; materiality playbook; committee charter. Population: n/a (plan). Sample: Plan and materiality playbook examined; interviews with the General Counsel, CFO, and CISO",EV-IR-8,Satisfied,Plan content met the objective,,
IR-8,IR-08d.[02],incident response plan changes are communicated to [organization-defined value];,Examine; Interview,"Incident response plan; materiality playbook; committee charter. Population: n/a (plan). Sample: Plan and materiality playbook examined; interviews with the General Counsel, CFO, and CISO",EV-IR-8,Satisfied,Plan content met the objective,,
IR-8,IR-08e.[01],the incident response plan is protected from unauthorized disclosure;,Examine; Interview,"Incident response plan; materiality playbook; committee charter. Population: n/a (plan). Sample: Plan and materiality playbook examined; interviews with the General Counsel, CFO, and CISO",EV-IR-8,Satisfied,Plan content met the objective,,
IR-8,IR-08e.[02],the incident response plan is protected from unauthorized modification.,Examine; Interview,"Incident response plan; materiality playbook; committee charter. Population: n/a (plan). Sample: Plan and materiality playbook examined; interviews with the General Counsel, CFO, and CISO",EV-IR-8,Satisfied,Plan content met the objective,,
MP-6,MP-06a.[01],[organization-defined value] is sanitized using [organization-defined value] prior to disposal;,Examine; Interview,Contract-end records; destruction certificates. Population: 9 contract ends (2025-07 to 2026-06); DC-1 media disposal records. Sample: 100%,EV-MP-6,Satisfied,Media disposal certificates on file,,
MP-6,MP-06a.[02],[organization-defined value] is sanitized using [organization-defined value] prior to release from organizational control;,Examine; Interview,Contract-end records; destruction certificates. Population: 9 contract ends (2025-07 to 2026-06); DC-1 media disposal records. Sample: 100%,EV-MP-6,Other than satisfied,3 of 9 contract ends had no deletion certificate when agency data left company control,Moderate,POAM-020
MP-6,MP-06a.[03],[organization-defined value] is sanitized using [organization-defined value] prior to release for reuse;,Examine; Interview,Contract-end records; destruction certificates. Population: 9 contract ends (2025-07 to 2026-06); DC-1 media disposal records. Sample: 100%,EV-MP-6,Satisfied,Media disposal certificates on file,,
MP-6,MP-06b.,sanitization mechanisms with strength and integrity commensurate with the security category or classification of the information are employed.,Examine; Interview,Contract-end records; destruction certificates. Population: 9 contract ends (2025-07 to 2026-06); DC-1 media disposal records. Sample: 100%,EV-MP-6,Satisfied,Media disposal certificates on file,,
PS-3,PS-03a.,individuals are screened prior to authorizing access to the system;,Examine; Interview,"Screening records; agency certification lists. Population: About 3,400 staff with CJI access; 12 AQ-1 engineers with integration hub access. Sample: 60 (random); 12 (100%)",EV-PS-3,Other than satisfied,4 of 60 sampled staff with CJI access had no signed certification page held by the agency; 5 of 12 AQ-1 engineers with integration hub access had no fingerprint-based check (access suspended 2026-09-15),High,POAM-002
PS-3,PS-03b.[01],individuals are rescreened in accordance with [organization-defined value];,Examine; Interview,"Screening records; agency certification lists. Population: About 3,400 staff with CJI access; 12 AQ-1 engineers with integration hub access. Sample: 60 (random); 12 (100%)",EV-PS-3,Satisfied,Rescreening rules defined and followed,,
PS-3,PS-03b.[02],"where rescreening is so indicated, individuals are rescreened [organization-defined value].",Examine; Interview,"Screening records; agency certification lists. Population: About 3,400 staff with CJI access; 12 AQ-1 engineers with integration hub access. Sample: 60 (random); 12 (100%)",EV-PS-3,Satisfied,Rescreening rules defined and followed,,
PS-4,PS-04a.,"upon termination of individual employment, system access is disabled within [organization-defined value];",Examine; Test,"HR records; identity governance logs. Population: 1,412 workforce terminations. Sample: 60 (same sample as AC-2)",EV-PS-4,Satisfied,All 60 disabled the same business day,,
PS-4,PS-04b.,"upon termination of individual employment, any authenticators and credentials are terminated or revoked;",Examine; Test,"HR records; identity governance logs. Population: 1,412 workforce terminations. Sample: 60 (same sample as AC-2)",EV-PS-4,Satisfied,All 60 disabled the same business day,,
PS-4,PS-04c.,"upon termination of individual employment, exit interviews that include a discussion of [organization-defined value] are conducted;",Examine; Test,"HR records; identity governance logs. Population: 1,412 workforce terminations. Sample: 60 (same sample as AC-2)",EV-PS-4,Satisfied,All 60 disabled the same business day,,
PS-4,PS-04d.,"upon termination of individual employment, all security-related organizational system-related property is retrieved;",Examine; Test,"HR records; identity governance logs. Population: 1,412 workforce terminations. Sample: 60 (same sample as AC-2)",EV-PS-4,Satisfied,All 60 disabled the same business day,,
PS-4,PS-04e.,"upon termination of individual employment, access to organizational information and systems formerly controlled by the terminated individual are retained.",Examine; Test,"HR records; identity governance logs. Population: 1,412 workforce terminations. Sample: 60 (same sample as AC-2)",EV-PS-4,Satisfied,All 60 disabled the same business day,,
PS-7,PS-07a.,"personnel security requirements are established, including security roles and responsibilities for external providers;",Examine; Interview,Subcontracts; agency IRS notifications; termination notices. Population: 41 subcontractors with FTI or CJI access. Sample: 100% contracts; 20 terminations (random),EV-PS-7,Satisfied,Personnel security requirements documented in subcontracts,,
PS-7,PS-07b.,external providers are required to comply with personnel security policies and procedures established by the organization;,Examine; Interview,Subcontracts; agency IRS notifications; termination notices. Population: 41 subcontractors with FTI or CJI access. Sample: 100% contracts; 20 terminations (random),EV-PS-7,Satisfied,Personnel security requirements documented in subcontracts,,
PS-7,PS-07c.,personnel security requirements are documented;,Examine; Interview,Subcontracts; agency IRS notifications; termination notices. Population: 41 subcontractors with FTI or CJI access. Sample: 100% contracts; 20 terminations (random),EV-PS-7,Satisfied,Personnel security requirements documented in subcontracts,,
PS-7,PS-07d.,external providers are required to notify [organization-defined value] of any personnel transfers or terminations of external personnel who possess organizational credentials...,Examine; Interview,Subcontracts; agency IRS notifications; termination notices. Population: 41 subcontractors with FTI or CJI access. Sample: 100% contracts; 20 terminations (random),EV-PS-7,Other than satisfied,2 of 20 sampled subcontractor terminations were reported 4 and 9 days late,Moderate,POAM-010
PS-7,PS-07e.,provider compliance with personnel security requirements is monitored.,Examine; Interview,Subcontracts; agency IRS notifications; termination notices. Population: 41 subcontractors with FTI or CJI access. Sample: 100% contracts; 20 terminations (random),EV-PS-7,Other than satisfied,2 subcontractors supporting FTI tenants were not covered by the agencies' IRS notifications; monitoring did not detect it,High,POAM-010
RA-3,RA-03a.01,a risk assessment is conducted to identify threats to and vulnerabilities in the system;,Examine; Interview,P01 register and report. Population: n/a. Sample: 2026 risk assessment examined,EV-RA-3,Satisfied,Risk assessment met each objective for ACMC,,
RA-3,RA-03a.02,"a risk assessment is conducted to determine the likelihood and magnitude of harm from unauthorized access, use, disclosure, disruption, modification, or destruction of the...",Examine; Interview,P01 register and report. Population: n/a. Sample: 2026 risk assessment examined,EV-RA-3,Satisfied,Risk assessment met each objective for ACMC,,
RA-3,RA-03a.03,a risk assessment is conducted to determine the likelihood and impact of adverse effects on individuals arising from the processing of personally identifiable information;,Examine; Interview,P01 register and report. Population: n/a. Sample: 2026 risk assessment examined,EV-RA-3,Satisfied,Risk assessment met each objective for ACMC,,
RA-3,RA-03b.,risk assessment results and risk management decisions from the organization and mission or business process perspectives are integrated with system-level risk assessments;,Examine; Interview,P01 register and report. Population: n/a. Sample: 2026 risk assessment examined,EV-RA-3,Satisfied,Risk assessment met each objective for ACMC,,
RA-3,RA-03c.,risk assessment results are documented in [organization-defined value];,Examine; Interview,P01 register and report. Population: n/a. Sample: 2026 risk assessment examined,EV-RA-3,Satisfied,Risk assessment met each objective for ACMC,,
RA-3,RA-03d.,risk assessment results are reviewed [organization-defined value];,Examine; Interview,P01 register and report. Population: n/a. Sample: 2026 risk assessment examined,EV-RA-3,Satisfied,Risk assessment met each objective for ACMC,,
RA-3,RA-03e.,risk assessment results are disseminated to [organization-defined value];,Examine; Interview,P01 register and report. Population: n/a. Sample: 2026 risk assessment examined,EV-RA-3,Satisfied,Risk assessment met each objective for ACMC,,
RA-3,RA-03f.,"the risk assessment is updated [organization-defined value] or when there are significant changes to the system, its environment of operation, or other conditions that may...",Examine; Interview,P01 register and report. Population: n/a. Sample: 2026 risk assessment examined,EV-RA-3,Satisfied,Risk assessment met each objective for ACMC,,
RA-5,RA-05a.[01],systems and hosted applications are monitored for vulnerabilities [organization-defined value] and when new vulnerabilities potentially affecting the system are identified and...,Examine; Test,"Scanner reports; ticket records. Population: 2,214 critical and high findings on ACMC (2026-H1). Sample: 60 findings (random)",EV-RA-5,Satisfied,"Scanning, analysis, and sharing operated as designed",,
RA-5,RA-05a.[02],systems and hosted applications are scanned for vulnerabilities [organization-defined value] and when new vulnerabilities potentially affecting the system are identified and...,Examine; Test,"Scanner reports; ticket records. Population: 2,214 critical and high findings on ACMC (2026-H1). Sample: 60 findings (random)",EV-RA-5,Satisfied,"Scanning, analysis, and sharing operated as designed",,
RA-5,RA-05b.01,"vulnerability monitoring tools and techniques are employed to automate parts of the vulnerability management process by using standards for enumerating platforms, software...",Examine; Test,"Scanner reports; ticket records. Population: 2,214 critical and high findings on ACMC (2026-H1). Sample: 60 findings (random)",EV-RA-5,Satisfied,"Scanning, analysis, and sharing operated as designed",,
RA-5,RA-05b.02,vulnerability monitoring tools and techniques are employed to facilitate interoperability among tools and to automate parts of the vulnerability management process by using...,Examine; Test,"Scanner reports; ticket records. Population: 2,214 critical and high findings on ACMC (2026-H1). Sample: 60 findings (random)",EV-RA-5,Satisfied,"Scanning, analysis, and sharing operated as designed",,
RA-5,RA-05b.03,vulnerability monitoring tools and techniques are employed to facilitate interoperability among tools and to automate parts of the vulnerability management process by using...,Examine; Test,"Scanner reports; ticket records. Population: 2,214 critical and high findings on ACMC (2026-H1). Sample: 60 findings (random)",EV-RA-5,Satisfied,"Scanning, analysis, and sharing operated as designed",,
RA-5,RA-05c.,vulnerability scan reports and results from vulnerability monitoring are analyzed;,Examine; Test,"Scanner reports; ticket records. Population: 2,214 critical and high findings on ACMC (2026-H1). Sample: 60 findings (random)",EV-RA-5,Satisfied,"Scanning, analysis, and sharing operated as designed",,
RA-5,RA-05d.,legitimate vulnerabilities are remediated [organization-defined value] in accordance with an organizational assessment of risk;,Examine; Test,"Scanner reports; ticket records. Population: 2,214 critical and high findings on ACMC (2026-H1). Sample: 60 findings (random)",EV-RA-5,Other than satisfied,4 of 60 sampled critical or high findings were remediated after the 15-day due date (19 to 37 days),Moderate,POAM-017
RA-5,RA-05e.,information obtained from the vulnerability monitoring process and control assessments is shared with [organization-defined value] to help eliminate similar vulnerabilities in...,Examine; Test,"Scanner reports; ticket records. Population: 2,214 critical and high findings on ACMC (2026-H1). Sample: 60 findings (random)",EV-RA-5,Satisfied,"Scanning, analysis, and sharing operated as designed",,
RA-5,RA-05f.,vulnerability monitoring tools that include the capability to readily update the vulnerabilities to be scanned are employed.,Examine; Test,"Scanner reports; ticket records. Population: 2,214 critical and high findings on ACMC (2026-H1). Sample: 60 findings (random)",EV-RA-5,Satisfied,"Scanning, analysis, and sharing operated as designed",,
SA-9,SA-09a.[01],providers of external system services comply with organizational security requirements;,Examine; Interview,Vendor register; contracts; FedRAMP Marketplace records. Population: 11 external services supporting ACMC. Sample: 100%,EV-SA-9,Other than satisfied,"The help desk subcontractor's overnight tier outside the United States could view FTI tenant tickets, contrary to the U.S.-only requirement",High,POAM-009
SA-9,SA-09a.[02],providers of external system services comply with organizational privacy requirements;,Examine; Interview,Vendor register; contracts; FedRAMP Marketplace records. Population: 11 external services supporting ACMC. Sample: 100%,EV-SA-9,Satisfied,Oversight roles defined,,
SA-9,SA-09a.[03],providers of external system services employ [organization-defined value];,Examine; Interview,Vendor register; contracts; FedRAMP Marketplace records. Population: 11 external services supporting ACMC. Sample: 100%,EV-SA-9,Satisfied,Oversight roles defined,,
SA-9,SA-09b.[01],organizational oversight with regard to external system services are defined and documented;,Examine; Interview,Vendor register; contracts; FedRAMP Marketplace records. Population: 11 external services supporting ACMC. Sample: 100%,EV-SA-9,Satisfied,Oversight roles defined,,
SA-9,SA-09b.[02],user roles and responsibilities with regard to external system services are defined and documented;,Examine; Interview,Vendor register; contracts; FedRAMP Marketplace records. Population: 11 external services supporting ACMC. Sample: 100%,EV-SA-9,Satisfied,Oversight roles defined,,
SA-9,SA-09c.,[organization-defined value] are employed to monitor control compliance by external service providers on an ongoing basis.,Examine; Interview,Vendor register; contracts; FedRAMP Marketplace records. Population: 11 external services supporting ACMC. Sample: 100%,EV-SA-9,Other than satisfied,Ongoing monitoring of the help desk subcontractor did not detect the offshore routing; it was found by the P03 ticket scan,High,POAM-009
SC-7,SC-07a.[01],communications at external managed interfaces to the system are monitored;,Examine; Test,Firewall policies; peering configuration. Population: n/a (architecture). Sample: Reachability test from an AQ-1 host to hub subnets; firewall rule review,EV-SC-7,Satisfied,External interfaces monitored and controlled; public components separated,,
SC-7,SC-07a.[02],communications at external managed interfaces to the system are controlled;,Examine; Test,Firewall policies; peering configuration. Population: n/a (architecture). Sample: Reachability test from an AQ-1 host to hub subnets; firewall rule review,EV-SC-7,Satisfied,External interfaces monitored and controlled; public components separated,,
SC-7,SC-07a.[03],communications at key internal managed interfaces within the system are monitored;,Examine; Test,Firewall policies; peering configuration. Population: n/a (architecture). Sample: Reachability test from an AQ-1 host to hub subnets; firewall rule review,EV-SC-7,Satisfied,External interfaces monitored and controlled; public components separated,,
SC-7,SC-07a.[04],communications at key internal managed interfaces within the system are controlled;,Examine; Test,Firewall policies; peering configuration. Population: n/a (architecture). Sample: Reachability test from an AQ-1 host to hub subnets; firewall rule review,EV-SC-7,Other than satisfied,"From an AQ-1 test host, the assessors reached integration hub management ports through the peering; the internal interface is not restricted",High,POAM-004
SC-7,SC-07b.,subnetworks for publicly accessible system components are [organization-defined value] separated from internal organizational networks;,Examine; Test,Firewall policies; peering configuration. Population: n/a (architecture). Sample: Reachability test from an AQ-1 host to hub subnets; firewall rule review,EV-SC-7,Satisfied,External interfaces monitored and controlled; public components separated,,
SC-7,SC-07c.,external networks or systems are only connected to through managed interfaces consisting of boundary protection devices arranged in accordance with an organizational security...,Examine; Test,Firewall policies; peering configuration. Population: n/a (architecture). Sample: Reachability test from an AQ-1 host to hub subnets; firewall rule review,EV-SC-7,Satisfied,External interfaces monitored and controlled; public components separated,,
SC-8,SC-08,the [organization-defined value] of transmitted information is/are protected.,Examine; Test,TLS scan results; appliance certificates. Population: All ACMC endpoints and 31 VPN tunnels. Sample: 100% (TLS scan; appliance certificate review),EV-SC-8,Other than satisfied,7 of 31 VPN tunnels on CJI paths terminate on appliances with FIPS 140-2 modules; CJIS does not accept FIPS 140-2 certificates after 2026-09-21,High,POAM-006
SC-12,SC-12[01],cryptographic keys are established when cryptography is employed within the system in accordance with [organization-defined value];,Examine; Interview,Key policies; rotation records. Population: 6 FTI tenant keys. Sample: 100%,EV-SC-12,Satisfied,"Keys created, rotated, and co-controlled as designed",,
SC-12,SC-12[02],cryptographic keys are managed when cryptography is employed within the system in accordance with [organization-defined value].,Examine; Interview,Key policies; rotation records. Population: 6 FTI tenant keys. Sample: 100%,EV-SC-12,Satisfied,"Keys created, rotated, and co-controlled as designed",,
SC-13,SC-13a.,[organization-defined value] are identified;,Examine; Test,Module inventory; certificates. Population: Cryptographic modules on CJI and FTI paths. Sample: 100%,EV-SC-13,Satisfied,Cryptographic uses identified,,
SC-13,SC-13b.,[organization-defined value] for each specified cryptographic use (defined in SC-13_ODP[01]) are implemented.,Examine; Test,Module inventory; certificates. Population: Cryptographic modules on CJI and FTI paths. Sample: 100%,EV-SC-13,Other than satisfied,FIPS 140-3 certified modules are not yet implemented on 7 VPN appliances carrying CJI,High,POAM-006
SC-28,SC-28,the [organization-defined value] of [organization-defined value] is/are protected.,Examine; Test,"Encryption reports. Population: n/a (configuration). Sample: Database, storage, and backup encryption inspected",EV-SC-28,Satisfied,AES-256 at rest verified,,
SI-2,SI-02a.[01],system flaws are identified;,Examine; Test,Patch records. Population: 198 ACMC patch releases. Sample: 25 (random),EV-SI-2,Satisfied,Flaws remediated within due dates in the sample,,
SI-2,SI-02a.[02],system flaws are reported;,Examine; Test,Patch records. Population: 198 ACMC patch releases. Sample: 25 (random),EV-SI-2,Satisfied,Flaws remediated within due dates in the sample,,
SI-2,SI-02a.[03],system flaws are corrected;,Examine; Test,Patch records. Population: 198 ACMC patch releases. Sample: 25 (random),EV-SI-2,Satisfied,Flaws remediated within due dates in the sample,,
SI-2,SI-02b.[01],software updates related to flaw remediation are tested for effectiveness before installation;,Examine; Test,Patch records. Population: 198 ACMC patch releases. Sample: 25 (random),EV-SI-2,Satisfied,Flaws remediated within due dates in the sample,,
SI-2,SI-02b.[02],software updates related to flaw remediation are tested for potential side effects before installation;,Examine; Test,Patch records. Population: 198 ACMC patch releases. Sample: 25 (random),EV-SI-2,Satisfied,Flaws remediated within due dates in the sample,,
SI-2,SI-02b.[03],firmware updates related to flaw remediation are tested for effectiveness before installation;,Examine; Test,Patch records. Population: 198 ACMC patch releases. Sample: 25 (random),EV-SI-2,Satisfied,Flaws remediated within due dates in the sample,,
SI-2,SI-02b.[04],firmware updates related to flaw remediation are tested for potential side effects before installation;,Examine; Test,Patch records. Population: 198 ACMC patch releases. Sample: 25 (random),EV-SI-2,Satisfied,Flaws remediated within due dates in the sample,,
SI-2,SI-02c.[01],security-relevant software updates are installed within [organization-defined value] of the release of the updates;,Examine; Test,Patch records. Population: 198 ACMC patch releases. Sample: 25 (random),EV-SI-2,Satisfied,Flaws remediated within due dates in the sample,,
SI-2,SI-02c.[02],security-relevant firmware updates are installed within [organization-defined value] of the release of the updates;,Examine; Test,Patch records. Population: 198 ACMC patch releases. Sample: 25 (random),EV-SI-2,Satisfied,Flaws remediated within due dates in the sample,,
SI-2,SI-02d.,flaw remediation is incorporated into the organizational configuration management process.,Examine; Test,Patch records. Population: 198 ACMC patch releases. Sample: 25 (random),EV-SI-2,Satisfied,Flaws remediated within due dates in the sample,,
SI-4,SI-04a.01,the system is monitored to detect attacks and indicators of potential attacks in accordance with [organization-defined value];,Examine; Test,SOC alerts and cases. Population: n/a. Sample: Simulated exfiltration and privilege misuse in a test tenant,EV-SI-4,Satisfied,Simulations detected and triaged within 15 minutes,,
SI-4,SI-04a.02[01],the system is monitored to detect unauthorized local connections;,Examine; Test,SOC alerts and cases. Population: n/a. Sample: Simulated exfiltration and privilege misuse in a test tenant,EV-SI-4,Satisfied,Simulations detected and triaged within 15 minutes,,
SI-4,SI-04a.02[02],the system is monitored to detect unauthorized network connections;,Examine; Test,SOC alerts and cases. Population: n/a. Sample: Simulated exfiltration and privilege misuse in a test tenant,EV-SI-4,Satisfied,Simulations detected and triaged within 15 minutes,,
SI-4,SI-04a.02[03],the system is monitored to detect unauthorized remote connections;,Examine; Test,SOC alerts and cases. Population: n/a. Sample: Simulated exfiltration and privilege misuse in a test tenant,EV-SI-4,Satisfied,Simulations detected and triaged within 15 minutes,,
SI-4,SI-04b.,unauthorized use of the system is identified through [organization-defined value];,Examine; Test,SOC alerts and cases. Population: n/a. Sample: Simulated exfiltration and privilege misuse in a test tenant,EV-SI-4,Satisfied,Simulations detected and triaged within 15 minutes,,
SI-4,SI-04c.01,internal monitoring capabilities are invoked or monitoring devices are deployed strategically within the system to collect organization-determined essential information;,Examine; Test,SOC alerts and cases. Population: n/a. Sample: Simulated exfiltration and privilege misuse in a test tenant,EV-SI-4,Satisfied,Simulations detected and triaged within 15 minutes,,
SI-4,SI-04c.02,internal monitoring capabilities are invoked or monitoring devices are deployed at ad hoc locations within the system to track specific types of transactions of interest to the...,Examine; Test,SOC alerts and cases. Population: n/a. Sample: Simulated exfiltration and privilege misuse in a test tenant,EV-SI-4,Satisfied,Simulations detected and triaged within 15 minutes,,
SI-4,SI-04d.[01],detected events are analyzed;,Examine; Test,SOC alerts and cases. Population: n/a. Sample: Simulated exfiltration and privilege misuse in a test tenant,EV-SI-4,Satisfied,Simulations detected and triaged within 15 minutes,,
SI-4,SI-04d.[02],detected anomalies are analyzed;,Examine; Test,SOC alerts and cases. Population: n/a. Sample: Simulated exfiltration and privilege misuse in a test tenant,EV-SI-4,Satisfied,Simulations detected and triaged within 15 minutes,,
SI-4,SI-04e.,"the level of system monitoring activity is adjusted when there is a change in risk to organizational operations and assets, individuals, other organizations, or the Nation;",Examine; Test,SOC alerts and cases. Population: n/a. Sample: Simulated exfiltration and privilege misuse in a test tenant,EV-SI-4,Satisfied,Simulations detected and triaged within 15 minutes,,
SI-4,SI-04f.,a legal opinion regarding system monitoring activities is obtained;,Examine; Test,SOC alerts and cases. Population: n/a. Sample: Simulated exfiltration and privilege misuse in a test tenant,EV-SI-4,Satisfied,Simulations detected and triaged within 15 minutes,,
SI-4,SI-04g.,[organization-defined value] is provided to [organization-defined value] [organization-defined value].,Examine; Test,SOC alerts and cases. Population: n/a. Sample: Simulated exfiltration and privilege misuse in a test tenant,EV-SI-4,Satisfied,Simulations detected and triaged within 15 minutes,,
SR-6,SR-06,"the supply chain-related risks associated with suppliers or contractors and the systems, system components, or system services they provide are assessed and reviewed...",Examine; Interview,Vendor review register. Population: 11 suppliers supporting ACMC. Sample: 100%,EV-SR-6,Other than satisfied,"3 of 11 ACMC supplier reviews were overdue, including the help desk subcontractor",Moderate,POAM-011
