control_id,objective_id,determination_statement_summary,method,assessment_object,evidence_ref,finding,finding_detail,risk_level,poam_id
AC-2,AC-02a.[01],account types allowed for use within the system are defined and documented;,Examine; Interview; Test,"Identity governance workflows; repository and MES user exports; vendor rosters; Director of Identity and Access Management interview. Population: 1,410 repository, build, signing, and MES account events (2026-01-01 to 2026-06-30); 318 contractor departures with repository access; 400 MN-1 operators on shared logins. Sample: 60 account events (random); 60 contractor departures (random); MN-1 shared account register examined in full",EV-AC-2,Satisfied,Sampled events matched approved requests and role templates,,
AC-2,AC-02a.[02],account types specifically prohibited for use within the system are defined and documented;,Examine; Interview; Test,"Identity governance workflows; repository and MES user exports; vendor rosters; Director of Identity and Access Management interview. Population: 1,410 repository, build, signing, and MES account events (2026-01-01 to 2026-06-30); 318 contractor departures with repository access; 400 MN-1 operators on shared logins. Sample: 60 account events (random); 60 contractor departures (random); MN-1 shared account register examined in full",EV-AC-2,Satisfied,Sampled events matched approved requests and role templates,,
AC-2,AC-02b.,account managers are assigned;,Examine; Interview; Test,"Identity governance workflows; repository and MES user exports; vendor rosters; Director of Identity and Access Management interview. Population: 1,410 repository, build, signing, and MES account events (2026-01-01 to 2026-06-30); 318 contractor departures with repository access; 400 MN-1 operators on shared logins. Sample: 60 account events (random); 60 contractor departures (random); MN-1 shared account register examined in full",EV-AC-2,Satisfied,Sampled events matched approved requests and role templates,,
AC-2,AC-02c.,[organization-defined value] for group and role membership are required;,Examine; Interview; Test,"Identity governance workflows; repository and MES user exports; vendor rosters; Director of Identity and Access Management interview. Population: 1,410 repository, build, signing, and MES account events (2026-01-01 to 2026-06-30); 318 contractor departures with repository access; 400 MN-1 operators on shared logins. Sample: 60 account events (random); 60 contractor departures (random); MN-1 shared account register examined in full",EV-AC-2,Satisfied,Sampled events matched approved requests and role templates,,
AC-2,AC-02d.01,authorized users of the system are specified;,Examine; Interview; Test,"Identity governance workflows; repository and MES user exports; vendor rosters; Director of Identity and Access Management interview. Population: 1,410 repository, build, signing, and MES account events (2026-01-01 to 2026-06-30); 318 contractor departures with repository access; 400 MN-1 operators on shared logins. Sample: 60 account events (random); 60 contractor departures (random); MN-1 shared account register examined in full",EV-AC-2,Satisfied,Sampled events matched approved requests and role templates,,
AC-2,AC-02d.02,group and role membership are specified;,Examine; Interview; Test,"Identity governance workflows; repository and MES user exports; vendor rosters; Director of Identity and Access Management interview. Population: 1,410 repository, build, signing, and MES account events (2026-01-01 to 2026-06-30); 318 contractor departures with repository access; 400 MN-1 operators on shared logins. Sample: 60 account events (random); 60 contractor departures (random); MN-1 shared account register examined in full",EV-AC-2,Satisfied,Sampled events matched approved requests and role templates,,
AC-2,AC-02d.03[01],"access authorizations (i.e., privileges) are specified for each account;",Examine; Interview; Test,"Identity governance workflows; repository and MES user exports; vendor rosters; Director of Identity and Access Management interview. Population: 1,410 repository, build, signing, and MES account events (2026-01-01 to 2026-06-30); 318 contractor departures with repository access; 400 MN-1 operators on shared logins. Sample: 60 account events (random); 60 contractor departures (random); MN-1 shared account register examined in full",EV-AC-2,Satisfied,Sampled events matched approved requests and role templates,,
AC-2,AC-02d.03[02],[organization-defined value] are specified for each account;,Examine; Interview; Test,"Identity governance workflows; repository and MES user exports; vendor rosters; Director of Identity and Access Management interview. Population: 1,410 repository, build, signing, and MES account events (2026-01-01 to 2026-06-30); 318 contractor departures with repository access; 400 MN-1 operators on shared logins. Sample: 60 account events (random); 60 contractor departures (random); MN-1 shared account register examined in full",EV-AC-2,Satisfied,Sampled events matched approved requests and role templates,,
AC-2,AC-02e.,approvals are required by [organization-defined value] for requests to create accounts;,Examine; Interview; Test,"Identity governance workflows; repository and MES user exports; vendor rosters; Director of Identity and Access Management interview. Population: 1,410 repository, build, signing, and MES account events (2026-01-01 to 2026-06-30); 318 contractor departures with repository access; 400 MN-1 operators on shared logins. Sample: 60 account events (random); 60 contractor departures (random); MN-1 shared account register examined in full",EV-AC-2,Satisfied,Sampled events matched approved requests and role templates,,
AC-2,AC-02f.[01],accounts are created in accordance with [organization-defined value];,Examine; Interview; Test,"Identity governance workflows; repository and MES user exports; vendor rosters; Director of Identity and Access Management interview. Population: 1,410 repository, build, signing, and MES account events (2026-01-01 to 2026-06-30); 318 contractor departures with repository access; 400 MN-1 operators on shared logins. Sample: 60 account events (random); 60 contractor departures (random); MN-1 shared account register examined in full",EV-AC-2,Satisfied,Sampled events matched approved requests and role templates,,
AC-2,AC-02f.[02],accounts are enabled in accordance with [organization-defined value];,Examine; Interview; Test,"Identity governance workflows; repository and MES user exports; vendor rosters; Director of Identity and Access Management interview. Population: 1,410 repository, build, signing, and MES account events (2026-01-01 to 2026-06-30); 318 contractor departures with repository access; 400 MN-1 operators on shared logins. Sample: 60 account events (random); 60 contractor departures (random); MN-1 shared account register examined in full",EV-AC-2,Satisfied,Sampled events matched approved requests and role templates,,
AC-2,AC-02f.[03],accounts are modified in accordance with [organization-defined value];,Examine; Interview; Test,"Identity governance workflows; repository and MES user exports; vendor rosters; Director of Identity and Access Management interview. Population: 1,410 repository, build, signing, and MES account events (2026-01-01 to 2026-06-30); 318 contractor departures with repository access; 400 MN-1 operators on shared logins. Sample: 60 account events (random); 60 contractor departures (random); MN-1 shared account register examined in full",EV-AC-2,Satisfied,Sampled events matched approved requests and role templates,,
AC-2,AC-02f.[04],accounts are disabled in accordance with [organization-defined value];,Examine; Interview; Test,"Identity governance workflows; repository and MES user exports; vendor rosters; Director of Identity and Access Management interview. Population: 1,410 repository, build, signing, and MES account events (2026-01-01 to 2026-06-30); 318 contractor departures with repository access; 400 MN-1 operators on shared logins. Sample: 60 account events (random); 60 contractor departures (random); MN-1 shared account register examined in full",EV-AC-2,Other than satisfied,9 of 60 sampled contractor departures kept repository access 4 to 21 days after the contract end date,Moderate,POAM-002
AC-2,AC-02f.[05],accounts are removed in accordance with [organization-defined value];,Examine; Interview; Test,"Identity governance workflows; repository and MES user exports; vendor rosters; Director of Identity and Access Management interview. Population: 1,410 repository, build, signing, and MES account events (2026-01-01 to 2026-06-30); 318 contractor departures with repository access; 400 MN-1 operators on shared logins. Sample: 60 account events (random); 60 contractor departures (random); MN-1 shared account register examined in full",EV-AC-2,Satisfied,Sampled events matched approved requests and role templates,,
AC-2,AC-02g.,the use of accounts is monitored;,Examine; Interview; Test,"Identity governance workflows; repository and MES user exports; vendor rosters; Director of Identity and Access Management interview. Population: 1,410 repository, build, signing, and MES account events (2026-01-01 to 2026-06-30); 318 contractor departures with repository access; 400 MN-1 operators on shared logins. Sample: 60 account events (random); 60 contractor departures (random); MN-1 shared account register examined in full",EV-AC-2,Satisfied,Sampled events matched approved requests and role templates,,
AC-2,AC-02h.01,account managers and [organization-defined value] are notified within [organization-defined value] when accounts are no longer required;,Examine; Interview; Test,"Identity governance workflows; repository and MES user exports; vendor rosters; Director of Identity and Access Management interview. Population: 1,410 repository, build, signing, and MES account events (2026-01-01 to 2026-06-30); 318 contractor departures with repository access; 400 MN-1 operators on shared logins. Sample: 60 account events (random); 60 contractor departures (random); MN-1 shared account register examined in full",EV-AC-2,Satisfied,Sampled events matched approved requests and role templates,,
AC-2,AC-02h.02,account managers and [organization-defined value] are notified within [organization-defined value] when users are terminated or transferred;,Examine; Interview; Test,"Identity governance workflows; repository and MES user exports; vendor rosters; Director of Identity and Access Management interview. Population: 1,410 repository, build, signing, and MES account events (2026-01-01 to 2026-06-30); 318 contractor departures with repository access; 400 MN-1 operators on shared logins. Sample: 60 account events (random); 60 contractor departures (random); MN-1 shared account register examined in full",EV-AC-2,Other than satisfied,Account managers were not notified when contractor sponsors ended engagements early; notice depends on sponsors updating end dates,Moderate,POAM-002
AC-2,AC-02h.03,account managers and [organization-defined value] are notified within [organization-defined value] when system usage or the need to know changes for an individual;,Examine; Interview; Test,"Identity governance workflows; repository and MES user exports; vendor rosters; Director of Identity and Access Management interview. Population: 1,410 repository, build, signing, and MES account events (2026-01-01 to 2026-06-30); 318 contractor departures with repository access; 400 MN-1 operators on shared logins. Sample: 60 account events (random); 60 contractor departures (random); MN-1 shared account register examined in full",EV-AC-2,Satisfied,Sampled events matched approved requests and role templates,,
AC-2,AC-02i.01,access to the system is authorized based on a valid access authorization;,Examine; Interview; Test,"Identity governance workflows; repository and MES user exports; vendor rosters; Director of Identity and Access Management interview. Population: 1,410 repository, build, signing, and MES account events (2026-01-01 to 2026-06-30); 318 contractor departures with repository access; 400 MN-1 operators on shared logins. Sample: 60 account events (random); 60 contractor departures (random); MN-1 shared account register examined in full",EV-AC-2,Satisfied,Sampled events matched approved requests and role templates,,
AC-2,AC-02i.02,access to the system is authorized based on intended system usage;,Examine; Interview; Test,"Identity governance workflows; repository and MES user exports; vendor rosters; Director of Identity and Access Management interview. Population: 1,410 repository, build, signing, and MES account events (2026-01-01 to 2026-06-30); 318 contractor departures with repository access; 400 MN-1 operators on shared logins. Sample: 60 account events (random); 60 contractor departures (random); MN-1 shared account register examined in full",EV-AC-2,Satisfied,Sampled events matched approved requests and role templates,,
AC-2,AC-02i.03,access to the system is authorized based on [organization-defined value];,Examine; Interview; Test,"Identity governance workflows; repository and MES user exports; vendor rosters; Director of Identity and Access Management interview. Population: 1,410 repository, build, signing, and MES account events (2026-01-01 to 2026-06-30); 318 contractor departures with repository access; 400 MN-1 operators on shared logins. Sample: 60 account events (random); 60 contractor departures (random); MN-1 shared account register examined in full",EV-AC-2,Satisfied,Sampled events matched approved requests and role templates,,
AC-2,AC-02j.,accounts are reviewed for compliance with account management requirements [organization-defined value];,Examine; Interview; Test,"Identity governance workflows; repository and MES user exports; vendor rosters; Director of Identity and Access Management interview. Population: 1,410 repository, build, signing, and MES account events (2026-01-01 to 2026-06-30); 318 contractor departures with repository access; 400 MN-1 operators on shared logins. Sample: 60 account events (random); 60 contractor departures (random); MN-1 shared account register examined in full",EV-AC-2,Satisfied,Sampled events matched approved requests and role templates,,
AC-2,AC-02k.[01],a process is established for changing shared or group account authenticators (if deployed) when individuals are removed from the group;,Examine; Interview; Test,"Identity governance workflows; repository and MES user exports; vendor rosters; Director of Identity and Access Management interview. Population: 1,410 repository, build, signing, and MES account events (2026-01-01 to 2026-06-30); 318 contractor departures with repository access; 400 MN-1 operators on shared logins. Sample: 60 account events (random); 60 contractor departures (random); MN-1 shared account register examined in full",EV-AC-2,Satisfied,Sampled events matched approved requests and role templates,,
AC-2,AC-02k.[02],a process is implemented for changing shared or group account authenticators (if deployed) when individuals are removed from the group;,Examine; Interview; Test,"Identity governance workflows; repository and MES user exports; vendor rosters; Director of Identity and Access Management interview. Population: 1,410 repository, build, signing, and MES account events (2026-01-01 to 2026-06-30); 318 contractor departures with repository access; 400 MN-1 operators on shared logins. Sample: 60 account events (random); 60 contractor departures (random); MN-1 shared account register examined in full",EV-AC-2,Other than satisfied,MN-1 shared operator passwords were not changed when 31 operators left in the period,Moderate,POAM-007
AC-2,AC-02l.[01],account management processes are aligned with personnel termination processes;,Examine; Interview; Test,"Identity governance workflows; repository and MES user exports; vendor rosters; Director of Identity and Access Management interview. Population: 1,410 repository, build, signing, and MES account events (2026-01-01 to 2026-06-30); 318 contractor departures with repository access; 400 MN-1 operators on shared logins. Sample: 60 account events (random); 60 contractor departures (random); MN-1 shared account register examined in full",EV-AC-2,Satisfied,Sampled events matched approved requests and role templates,,
AC-2,AC-02l.[02],account management processes are aligned with personnel transfer processes.,Examine; Interview; Test,"Identity governance workflows; repository and MES user exports; vendor rosters; Director of Identity and Access Management interview. Population: 1,410 repository, build, signing, and MES account events (2026-01-01 to 2026-06-30); 318 contractor departures with repository access; 400 MN-1 operators on shared logins. Sample: 60 account events (random); 60 contractor departures (random); MN-1 shared account register examined in full",EV-AC-2,Satisfied,Sampled events matched approved requests and role templates,,
AC-3,AC-03,approved authorizations for logical access to information and system resources are enforced in accordance with applicable access control policies.,Examine; Test,"Branch protection exports; artifact repository permission export; test pushes with an auditor test account. Population: 2,600 repositories; artifact repository permissions. Sample: 25 device firmware repositories (random); release repository permissions in full",EV-AC-3,Satisfied,Branch protection and release repository permissions enforced as designed,,
AC-5,AC-05a.,[organization-defined value] are identified and documented;,Examine; Interview; Test,Signing portal approval rules; signing group roster; legacy workstation procedure; signing test with two auditor-observed approvers. Population: 12 signing approvers; 1 legacy signing workstation; 184 releases. Sample: 100% of approver assignments; 25 signing events (random),EV-AC-5,Satisfied,Signing portal enforces two approvers who did not submit the request,,
AC-5,AC-05b.,system access authorizations to support separation of duties are defined.,Examine; Interview; Test,Signing portal approval rules; signing group roster; legacy workstation procedure; signing test with two auditor-observed approvers. Population: 12 signing approvers; 1 legacy signing workstation; 184 releases. Sample: 100% of approver assignments; 25 signing events (random),EV-AC-5,Other than satisfied,Legacy IV-300 1.x signing workstation relies on email approval; the system does not enforce separation between requester and approver,High,POAM-001
AC-6,AC-06,"the principle of least privilege is employed, allowing only authorized accesses for users (or processes acting on behalf of users) that are necessary to accomplish assigned organizational tasks.",Examine; Test,Runner configuration; token inventory; token scope test. Population: All cloud runner and build service credentials (46). Sample: 100% (credential inventory analytics),EV-AC-6,Other than satisfied,"Cloud runners receive a 90-day token with write access to the artifact repository, more than builds need",Moderate,POAM-003
AC-17,AC-17a.[01],usage restrictions are established and documented for each type of remote access allowed;,Examine; Interview; Test,Remote access inventory; PAM configuration; MN-1 station vendor contracts. Population: 5 remote access paths into DSF-MES. Sample: 100%,EV-AC-17,Satisfied,Remote access paths documented with usage and configuration requirements,,
AC-17,AC-17a.[02],configuration/connection requirements are established and documented for each type of remote access allowed;,Examine; Interview; Test,Remote access inventory; PAM configuration; MN-1 station vendor contracts. Population: 5 remote access paths into DSF-MES. Sample: 100%,EV-AC-17,Satisfied,Remote access paths documented with usage and configuration requirements,,
AC-17,AC-17a.[03],implementation guidance is established and documented for each type of remote access allowed;,Examine; Interview; Test,Remote access inventory; PAM configuration; MN-1 station vendor contracts. Population: 5 remote access paths into DSF-MES. Sample: 100%,EV-AC-17,Satisfied,Remote access paths documented with usage and configuration requirements,,
AC-17,AC-17b.,each type of remote access to the system is authorized prior to allowing such connections.,Examine; Interview; Test,Remote access inventory; PAM configuration; MN-1 station vendor contracts. Population: 5 remote access paths into DSF-MES. Sample: 100%,EV-AC-17,Other than satisfied,Two MN-1 station vendors connect with their own remote tools without per-connection authorization or PAM,Moderate,POAM-007
AT-2,AT-02a.01[01],"security literacy training is provided to system users (including managers, senior executives, and contractors) as part of initial training for new users;",Examine,"Learning system reports; phishing campaign results. Population: About 3,400 DSF-MES users (engineering, release, plant supervisors). Sample: 60 training records (random); 6 months of phishing results",EV-AT-2,Satisfied,Awareness training current for all sampled users,,
AT-2,AT-02a.01[02],"privacy literacy training is provided to system users (including managers, senior executives, and contractors) as part of initial training for new users;",Examine,"Learning system reports; phishing campaign results. Population: About 3,400 DSF-MES users (engineering, release, plant supervisors). Sample: 60 training records (random); 6 months of phishing results",EV-AT-2,Satisfied,Awareness training current for all sampled users,,
AT-2,AT-02a.01[03],"security literacy training is provided to system users (including managers, senior executives, and contractors) [organization-defined value] thereafter;",Examine,"Learning system reports; phishing campaign results. Population: About 3,400 DSF-MES users (engineering, release, plant supervisors). Sample: 60 training records (random); 6 months of phishing results",EV-AT-2,Satisfied,Awareness training current for all sampled users,,
AT-2,AT-02a.01[04],"privacy literacy training is provided to system users (including managers, senior executives, and contractors) [organization-defined value] thereafter;",Examine,"Learning system reports; phishing campaign results. Population: About 3,400 DSF-MES users (engineering, release, plant supervisors). Sample: 60 training records (random); 6 months of phishing results",EV-AT-2,Satisfied,Awareness training current for all sampled users,,
AT-2,AT-02a.02[01],"security literacy training is provided to system users (including managers, senior executives, and contractors) when required by system changes or following [organization-defined value];",Examine,"Learning system reports; phishing campaign results. Population: About 3,400 DSF-MES users (engineering, release, plant supervisors). Sample: 60 training records (random); 6 months of phishing results",EV-AT-2,Satisfied,Awareness training current for all sampled users,,
AT-2,AT-02a.02[02],"privacy literacy training is provided to system users (including managers, senior executives, and contractors) when required by system changes or following [organization-defined value];",Examine,"Learning system reports; phishing campaign results. Population: About 3,400 DSF-MES users (engineering, release, plant supervisors). Sample: 60 training records (random); 6 months of phishing results",EV-AT-2,Satisfied,Awareness training current for all sampled users,,
AT-2,AT-02b.,[organization-defined value] are employed to increase the security and privacy awareness of system users;,Examine,"Learning system reports; phishing campaign results. Population: About 3,400 DSF-MES users (engineering, release, plant supervisors). Sample: 60 training records (random); 6 months of phishing results",EV-AT-2,Satisfied,Awareness training current for all sampled users,,
AT-2,AT-02c.[01],literacy training and awareness content is updated [organization-defined value];,Examine,"Learning system reports; phishing campaign results. Population: About 3,400 DSF-MES users (engineering, release, plant supervisors). Sample: 60 training records (random); 6 months of phishing results",EV-AT-2,Satisfied,Awareness training current for all sampled users,,
AT-2,AT-02c.[02],literacy training and awareness content is updated following [organization-defined value];,Examine,"Learning system reports; phishing campaign results. Population: About 3,400 DSF-MES users (engineering, release, plant supervisors). Sample: 60 training records (random); 6 months of phishing results",EV-AT-2,Satisfied,Awareness training current for all sampled users,,
AT-2,AT-02d.,lessons learned from internal or external security incidents or breaches are incorporated into literacy training and awareness techniques.,Examine,"Learning system reports; phishing campaign results. Population: About 3,400 DSF-MES users (engineering, release, plant supervisors). Sample: 60 training records (random); 6 months of phishing results",EV-AT-2,Satisfied,Awareness training current for all sampled users,,
AT-3,AT-03a.01[01],"role-based security training is provided to [organization-defined value] before authorizing access to the system, information, or performing assigned duties;",Examine; Interview,"Role-based training records; course content. Population: 1,100 device software engineers; 12 signing approvers; 6 HSM administrators; 40 plant OT engineers. Sample: 60 engineers (random); all approvers, HSM administrators, and OT engineers",EV-AT-3,Satisfied,Role-based content current and delivered before access,,
AT-3,AT-03a.01[02],"role-based privacy training is provided to [organization-defined value] before authorizing access to the system, information, or performing assigned duties;",Examine; Interview,"Role-based training records; course content. Population: 1,100 device software engineers; 12 signing approvers; 6 HSM administrators; 40 plant OT engineers. Sample: 60 engineers (random); all approvers, HSM administrators, and OT engineers",EV-AT-3,Satisfied,Role-based content current and delivered before access,,
AT-3,AT-03a.01[03],role-based security training is provided to [organization-defined value] [organization-defined value] thereafter;,Examine; Interview,"Role-based training records; course content. Population: 1,100 device software engineers; 12 signing approvers; 6 HSM administrators; 40 plant OT engineers. Sample: 60 engineers (random); all approvers, HSM administrators, and OT engineers",EV-AT-3,Other than satisfied,11 of 60 sampled engineers (18%) were overdue for the annual secure coding module,Low,POAM-016
AT-3,AT-03a.01[04],role-based privacy training is provided to [organization-defined value] [organization-defined value] thereafter;,Examine; Interview,"Role-based training records; course content. Population: 1,100 device software engineers; 12 signing approvers; 6 HSM administrators; 40 plant OT engineers. Sample: 60 engineers (random); all approvers, HSM administrators, and OT engineers",EV-AT-3,Satisfied,Role-based content current and delivered before access,,
AT-3,AT-03a.02[01],role-based security training is provided to personnel with assigned security roles and responsibilities when required by system changes;,Examine; Interview,"Role-based training records; course content. Population: 1,100 device software engineers; 12 signing approvers; 6 HSM administrators; 40 plant OT engineers. Sample: 60 engineers (random); all approvers, HSM administrators, and OT engineers",EV-AT-3,Satisfied,Role-based content current and delivered before access,,
AT-3,AT-03a.02[02],role-based privacy training is provided to personnel with assigned security roles and responsibilities when required by system changes;,Examine; Interview,"Role-based training records; course content. Population: 1,100 device software engineers; 12 signing approvers; 6 HSM administrators; 40 plant OT engineers. Sample: 60 engineers (random); all approvers, HSM administrators, and OT engineers",EV-AT-3,Satisfied,Role-based content current and delivered before access,,
AT-3,AT-03b.[01],role-based training content is updated [organization-defined value];,Examine; Interview,"Role-based training records; course content. Population: 1,100 device software engineers; 12 signing approvers; 6 HSM administrators; 40 plant OT engineers. Sample: 60 engineers (random); all approvers, HSM administrators, and OT engineers",EV-AT-3,Satisfied,Role-based content current and delivered before access,,
AT-3,AT-03b.[02],role-based training content is updated following [organization-defined value];,Examine; Interview,"Role-based training records; course content. Population: 1,100 device software engineers; 12 signing approvers; 6 HSM administrators; 40 plant OT engineers. Sample: 60 engineers (random); all approvers, HSM administrators, and OT engineers",EV-AT-3,Satisfied,Role-based content current and delivered before access,,
AT-3,AT-03c.,lessons learned from internal or external security incidents or breaches are incorporated into role-based training.,Examine; Interview,"Role-based training records; course content. Population: 1,100 device software engineers; 12 signing approvers; 6 HSM administrators; 40 plant OT engineers. Sample: 60 engineers (random); all approvers, HSM administrators, and OT engineers",EV-AT-3,Satisfied,Role-based content current and delivered before access,,
AU-2,AU-02a.,[organization-defined value] that the system is capable of logging are identified in support of the audit logging function;,Examine; Test,STD-01.4 event list; SIEM search results for generated events. Population: n/a (configuration). Sample: 6 event types generated in test,EV-AU-2,Satisfied,All tested event types were logged,,
AU-2,AU-02b.,the event logging function is coordinated with other organizational entities requiring audit-related information to guide and inform the selection criteria for events to be logged;,Examine; Test,STD-01.4 event list; SIEM search results for generated events. Population: n/a (configuration). Sample: 6 event types generated in test,EV-AU-2,Satisfied,All tested event types were logged,,
AU-2,AU-02c.[01],[organization-defined value] are specified for logging within the system;,Examine; Test,STD-01.4 event list; SIEM search results for generated events. Population: n/a (configuration). Sample: 6 event types generated in test,EV-AU-2,Satisfied,All tested event types were logged,,
AU-2,AU-02c.[02],the specified event types are logged within the system [organization-defined value];,Examine; Test,STD-01.4 event list; SIEM search results for generated events. Population: n/a (configuration). Sample: 6 event types generated in test,EV-AU-2,Satisfied,All tested event types were logged,,
AU-2,AU-02d.,a rationale is provided for why the event types selected for logging are deemed to be adequate to support after-the-fact investigations of incidents;,Examine; Test,STD-01.4 event list; SIEM search results for generated events. Population: n/a (configuration). Sample: 6 event types generated in test,EV-AU-2,Satisfied,All tested event types were logged,,
AU-2,AU-02e.,the event types selected for logging are reviewed and updated [organization-defined value].,Examine; Test,STD-01.4 event list; SIEM search results for generated events. Population: n/a (configuration). Sample: 6 event types generated in test,EV-AU-2,Satisfied,All tested event types were logged,,
AU-6,AU-06a.,system audit records are reviewed and analyzed [organization-defined value] for indications of [organization-defined value] and the potential impact of the inappropriate or unusual activity;,Examine; Interview,SOC review records; SIEM source list; monthly manual review notes for unconnected sources. Population: 26 weeks of SOC review records; 31 DSF-MES log sources. Sample: 5 weeks (random); 100% of log sources,EV-AU-6,Other than satisfied,The legacy signing workstation and MN-1 MES server do not send logs to the SIEM; their manual monthly reviews missed 2 of 6 months,Moderate,POAM-011
AU-6,AU-06b.,findings are reported to [organization-defined value];,Examine; Interview,SOC review records; SIEM source list; monthly manual review notes for unconnected sources. Population: 26 weeks of SOC review records; 31 DSF-MES log sources. Sample: 5 weeks (random); 100% of log sources,EV-AU-6,Satisfied,Signing and promotion events reviewed daily for connected sources,,
AU-6,AU-06c.,"the level of audit record review, analysis, and reporting within the system is adjusted when there is a change in risk based on law enforcement information, intelligence information, or other credible sources of information.",Examine; Interview,SOC review records; SIEM source list; monthly manual review notes for unconnected sources. Population: 26 weeks of SOC review records; 31 DSF-MES log sources. Sample: 5 weeks (random); 100% of log sources,EV-AU-6,Satisfied,Signing and promotion events reviewed daily for connected sources,,
AU-10,AU-10,irrefutable evidence is provided that an individual (or process acting on behalf of an individual) has performed [organization-defined value].,Examine; Test,"Signing portal records; HSM audit log; legacy signing log and approval emails. Population: 184 signing events (2026 H1), 9 on the legacy workstation. Sample: 25 events (random) plus all 9 legacy events",EV-AU-10,Other than satisfied,"Signing portal binds each signature to two named approvers, but the 9 legacy IV-300 signings have only an email trail that does not bind approvers to the signing act",High,POAM-001
AU-12,AU-12a.,audit record generation capability for the event types the system is capable of auditing (defined in AU-02_ODP[01]) is provided by [organization-defined value];,Examine; Test,"Logging configuration exports. Population: n/a (configuration). Sample: Repository tenant, build orchestrator, signing portal, HSMs, artifact repository, FL-1 and TX-1 MES",EV-AU-12,Satisfied,Audit generation enabled on all tested components,,
AU-12,AU-12b.,[organization-defined value] is/are allowed to select the event types that are to be logged by specific components of the system;,Examine; Test,"Logging configuration exports. Population: n/a (configuration). Sample: Repository tenant, build orchestrator, signing portal, HSMs, artifact repository, FL-1 and TX-1 MES",EV-AU-12,Satisfied,Audit generation enabled on all tested components,,
AU-12,AU-12c.,audit records for the event types defined in AU-02_ODP[02] that include the audit record content defined in AU-03 are generated.,Examine; Test,"Logging configuration exports. Population: n/a (configuration). Sample: Repository tenant, build orchestrator, signing portal, HSMs, artifact repository, FL-1 and TX-1 MES",EV-AU-12,Satisfied,Audit generation enabled on all tested components,,
CA-7,CA-07[01],a system-level continuous monitoring strategy is developed;,Examine; Interview,Monthly metrics packages; CISO interview. Population: 6 monthly metric packages. Sample: 3 months (random),EV-CA-7,Satisfied,"Metrics produced, reviewed, and acted on",,
CA-7,CA-07[02],system-level continuous monitoring is implemented in accordance with the organization-level continuous monitoring strategy;,Examine; Interview,Monthly metrics packages; CISO interview. Population: 6 monthly metric packages. Sample: 3 months (random),EV-CA-7,Satisfied,"Metrics produced, reviewed, and acted on",,
CA-7,CA-07a.,system-level continuous monitoring includes establishment of the following system-level metrics to be monitored: [organization-defined value];,Examine; Interview,Monthly metrics packages; CISO interview. Population: 6 monthly metric packages. Sample: 3 months (random),EV-CA-7,Satisfied,"Metrics produced, reviewed, and acted on",,
CA-7,CA-07b.[01],system-level continuous monitoring includes established [organization-defined value] for monitoring;,Examine; Interview,Monthly metrics packages; CISO interview. Population: 6 monthly metric packages. Sample: 3 months (random),EV-CA-7,Satisfied,"Metrics produced, reviewed, and acted on",,
CA-7,CA-07b.[02],system-level continuous monitoring includes established [organization-defined value] for assessment of control effectiveness;,Examine; Interview,Monthly metrics packages; CISO interview. Population: 6 monthly metric packages. Sample: 3 months (random),EV-CA-7,Satisfied,"Metrics produced, reviewed, and acted on",,
CA-7,CA-07c.,system-level continuous monitoring includes ongoing control assessments in accordance with the continuous monitoring strategy;,Examine; Interview,Monthly metrics packages; CISO interview. Population: 6 monthly metric packages. Sample: 3 months (random),EV-CA-7,Satisfied,"Metrics produced, reviewed, and acted on",,
CA-7,CA-07d.,system-level continuous monitoring includes ongoing monitoring of system and organization-defined metrics in accordance with the continuous monitoring strategy;,Examine; Interview,Monthly metrics packages; CISO interview. Population: 6 monthly metric packages. Sample: 3 months (random),EV-CA-7,Satisfied,"Metrics produced, reviewed, and acted on",,
CA-7,CA-07e.,system-level continuous monitoring includes correlation and analysis of information generated by control assessments and monitoring;,Examine; Interview,Monthly metrics packages; CISO interview. Population: 6 monthly metric packages. Sample: 3 months (random),EV-CA-7,Satisfied,"Metrics produced, reviewed, and acted on",,
CA-7,CA-07f.,system-level continuous monitoring includes response actions to address the results of the analysis of control assessment and monitoring information;,Examine; Interview,Monthly metrics packages; CISO interview. Population: 6 monthly metric packages. Sample: 3 months (random),EV-CA-7,Satisfied,"Metrics produced, reviewed, and acted on",,
CA-7,CA-07g.[01],system-level continuous monitoring includes reporting the security status of the system to [organization-defined value] [organization-defined value];,Examine; Interview,Monthly metrics packages; CISO interview. Population: 6 monthly metric packages. Sample: 3 months (random),EV-CA-7,Satisfied,"Metrics produced, reviewed, and acted on",,
CA-7,CA-07g.[02],system-level continuous monitoring includes reporting the privacy status of the system to [organization-defined value] [organization-defined value].,Examine; Interview,Monthly metrics packages; CISO interview. Population: 6 monthly metric packages. Sample: 3 months (random),EV-CA-7,Satisfied,"Metrics produced, reviewed, and acted on",,
CM-2,CM-02a.[01],a current baseline configuration of the system is developed and documented;,Examine; Test,"Baseline repository; drift reports; MN-1 server review. Population: 67 servers and nodes (64 build nodes, 3 MES). Sample: 100%",EV-CM-2,Other than satisfied,No documented baseline for the MN-1 MES server or MN-1 stations,High,POAM-009
CM-2,CM-02a.[02],a current baseline configuration of the system is maintained under configuration control;,Examine; Test,"Baseline repository; drift reports; MN-1 server review. Population: 67 servers and nodes (64 build nodes, 3 MES). Sample: 100%",EV-CM-2,Satisfied,Build nodes and FL-1 and TX-1 MES match documented baselines,,
CM-2,CM-02b.01,the baseline configuration of the system is reviewed and updated [organization-defined value];,Examine; Test,"Baseline repository; drift reports; MN-1 server review. Population: 67 servers and nodes (64 build nodes, 3 MES). Sample: 100%",EV-CM-2,Satisfied,Build nodes and FL-1 and TX-1 MES match documented baselines,,
CM-2,CM-02b.02,the baseline configuration of the system is reviewed and updated when required due to [organization-defined value];,Examine; Test,"Baseline repository; drift reports; MN-1 server review. Population: 67 servers and nodes (64 build nodes, 3 MES). Sample: 100%",EV-CM-2,Satisfied,Build nodes and FL-1 and TX-1 MES match documented baselines,,
CM-2,CM-02b.03,the baseline configuration of the system is reviewed and updated when system components are installed or upgraded.,Examine; Test,"Baseline repository; drift reports; MN-1 server review. Population: 67 servers and nodes (64 build nodes, 3 MES). Sample: 100%",EV-CM-2,Satisfied,Build nodes and FL-1 and TX-1 MES match documented baselines,,
CM-3,CM-03a.,the types of changes to the system that are configuration-controlled are determined and documented;,Examine; Interview; Test,PLM release records; artifact promotion logs; change board minutes. Population: 184 firmware and cloud releases (2026-01-01 to 2026-06-30). Sample: 40 releases (random),EV-CM-3,Satisfied,Sampled releases had change records with security impact analysis,,
CM-3,CM-03b.[01],proposed configuration-controlled changes to the system are reviewed;,Examine; Interview; Test,PLM release records; artifact promotion logs; change board minutes. Population: 184 firmware and cloud releases (2026-01-01 to 2026-06-30). Sample: 40 releases (random),EV-CM-3,Satisfied,Sampled releases had change records with security impact analysis,,
CM-3,CM-03b.[02],proposed configuration-controlled changes to the system are approved or disapproved with explicit consideration for security and privacy impact analyses;,Examine; Interview; Test,PLM release records; artifact promotion logs; change board minutes. Population: 184 firmware and cloud releases (2026-01-01 to 2026-06-30). Sample: 40 releases (random),EV-CM-3,Other than satisfied,"3 of 40 sampled firmware releases were promoted to the update service before the PLM release approval was recorded (1 IV-300 v2, 2 HB-40)",High,POAM-010
CM-3,CM-03c.,configuration change decisions associated with the system are documented;,Examine; Interview; Test,PLM release records; artifact promotion logs; change board minutes. Population: 184 firmware and cloud releases (2026-01-01 to 2026-06-30). Sample: 40 releases (random),EV-CM-3,Satisfied,Sampled releases had change records with security impact analysis,,
CM-3,CM-03d.,approved configuration-controlled changes to the system are implemented;,Examine; Interview; Test,PLM release records; artifact promotion logs; change board minutes. Population: 184 firmware and cloud releases (2026-01-01 to 2026-06-30). Sample: 40 releases (random),EV-CM-3,Satisfied,Sampled releases had change records with security impact analysis,,
CM-3,CM-03e.,records of configuration-controlled changes to the system are retained for [organization-defined value];,Examine; Interview; Test,PLM release records; artifact promotion logs; change board minutes. Population: 184 firmware and cloud releases (2026-01-01 to 2026-06-30). Sample: 40 releases (random),EV-CM-3,Satisfied,Sampled releases had change records with security impact analysis,,
CM-3,CM-03f.[01],activities associated with configuration-controlled changes to the system are monitored;,Examine; Interview; Test,PLM release records; artifact promotion logs; change board minutes. Population: 184 firmware and cloud releases (2026-01-01 to 2026-06-30). Sample: 40 releases (random),EV-CM-3,Satisfied,Sampled releases had change records with security impact analysis,,
CM-3,CM-03f.[02],activities associated with configuration-controlled changes to the system are reviewed;,Examine; Interview; Test,PLM release records; artifact promotion logs; change board minutes. Population: 184 firmware and cloud releases (2026-01-01 to 2026-06-30). Sample: 40 releases (random),EV-CM-3,Other than satisfied,"Promotion logs are not reconciled to PLM approvals, so the out-of-sequence promotions were not detected",High,POAM-010
CM-3,CM-03g.[01],configuration change control activities are coordinated and overseen by [organization-defined value];,Examine; Interview; Test,PLM release records; artifact promotion logs; change board minutes. Population: 184 firmware and cloud releases (2026-01-01 to 2026-06-30). Sample: 40 releases (random),EV-CM-3,Satisfied,Sampled releases had change records with security impact analysis,,
CM-3,CM-03g.[02],the configuration control element convenes [organization-defined value].,Examine; Interview; Test,PLM release records; artifact promotion logs; change board minutes. Population: 184 firmware and cloud releases (2026-01-01 to 2026-06-30). Sample: 40 releases (random),EV-CM-3,Satisfied,Sampled releases had change records with security impact analysis,,
CM-3(1),CM-03(01)(a),[organization-defined value] are used to document proposed changes to the system;,Examine; Test,Promotion gate configuration; test promotions without an approved record. Population: n/a (configuration). Sample: Promotion gate tested for each of 7 product lines,EV-CM-3(1),Satisfied,"Gate blocks promotion without approval for VM-700, DG-10, CR-100, US-20, and cloud software",,
CM-3(1),CM-03(01)(b),[organization-defined value] are used to notify [organization-defined value] of proposed changes to the system and request change approval;,Examine; Test,Promotion gate configuration; test promotions without an approved record. Population: n/a (configuration). Sample: Promotion gate tested for each of 7 product lines,EV-CM-3(1),Satisfied,"Gate blocks promotion without approval for VM-700, DG-10, CR-100, US-20, and cloud software",,
CM-3(1),CM-03(01)(c),[organization-defined value] are used to highlight proposed changes to the system that have not been approved or disapproved within [organization-defined value];,Examine; Test,Promotion gate configuration; test promotions without an approved record. Population: n/a (configuration). Sample: Promotion gate tested for each of 7 product lines,EV-CM-3(1),Satisfied,"Gate blocks promotion without approval for VM-700, DG-10, CR-100, US-20, and cloud software",,
CM-3(1),CM-03(01)(d),[organization-defined value] are used to prohibit changes to the system until designated approvals are received;,Examine; Test,Promotion gate configuration; test promotions without an approved record. Population: n/a (configuration). Sample: Promotion gate tested for each of 7 product lines,EV-CM-3(1),Other than satisfied,"Gate not enforced for IV-300 v2 and HB-40 lines, which use a manual checklist",High,POAM-010
CM-3(1),CM-03(01)(e),[organization-defined value] are used to document all changes to the system;,Examine; Test,Promotion gate configuration; test promotions without an approved record. Population: n/a (configuration). Sample: Promotion gate tested for each of 7 product lines,EV-CM-3(1),Satisfied,"Gate blocks promotion without approval for VM-700, DG-10, CR-100, US-20, and cloud software",,
CM-3(1),CM-03(01)(f),[organization-defined value] are used to notify [organization-defined value] when approved changes to the system are completed.,Examine; Test,Promotion gate configuration; test promotions without an approved record. Population: n/a (configuration). Sample: Promotion gate tested for each of 7 product lines,EV-CM-3(1),Satisfied,"Gate blocks promotion without approval for VM-700, DG-10, CR-100, US-20, and cloud software",,
CM-5,CM-05[01],physical access restrictions associated with changes to the system are defined and documented;,Examine; Test,PAM session records; MN-1 local administrator export. Population: 184 releases; 3 MES servers. Sample: 10 changes traced to PAM sessions; MN-1 local administrator list in full,EV-CM-5,Satisfied,Pipeline and signing policy changes went through PAM,,
CM-5,CM-05[02],physical access restrictions associated with changes to the system are approved;,Examine; Test,PAM session records; MN-1 local administrator export. Population: 184 releases; 3 MES servers. Sample: 10 changes traced to PAM sessions; MN-1 local administrator list in full,EV-CM-5,Satisfied,Pipeline and signing policy changes went through PAM,,
CM-5,CM-05[03],physical access restrictions associated with changes to the system are enforced;,Examine; Test,PAM session records; MN-1 local administrator export. Population: 184 releases; 3 MES servers. Sample: 10 changes traced to PAM sessions; MN-1 local administrator list in full,EV-CM-5,Satisfied,Pipeline and signing policy changes went through PAM,,
CM-5,CM-05[04],logical access restrictions associated with changes to the system are defined and documented;,Examine; Test,PAM session records; MN-1 local administrator export. Population: 184 releases; 3 MES servers. Sample: 10 changes traced to PAM sessions; MN-1 local administrator list in full,EV-CM-5,Satisfied,Pipeline and signing policy changes went through PAM,,
CM-5,CM-05[05],logical access restrictions associated with changes to the system are approved;,Examine; Test,PAM session records; MN-1 local administrator export. Population: 184 releases; 3 MES servers. Sample: 10 changes traced to PAM sessions; MN-1 local administrator list in full,EV-CM-5,Satisfied,Pipeline and signing policy changes went through PAM,,
CM-5,CM-05[06],logical access restrictions associated with changes to the system are enforced.,Examine; Test,PAM session records; MN-1 local administrator export. Population: 184 releases; 3 MES servers. Sample: 10 changes traced to PAM sessions; MN-1 local administrator list in full,EV-CM-5,Other than satisfied,All 58 MN-1 station operators have local administrator rights,High,POAM-009
CM-6,CM-06a.,configuration settings that reflect the most restrictive mode consistent with operational requirements are established and documented for components employed within the system using [organization-defined value];,Examine; Test,"Configuration compliance reports; station checks. Population: About 420 stations; 67 servers and nodes. Sample: 40 settings checked on 30 stations (10 per plant, random) and all servers",EV-CM-6,Satisfied,FL-1 and TX-1 stations and build nodes met the benchmark,,
CM-6,CM-06b.,the configuration settings documented in CM-06a are implemented;,Examine; Test,"Configuration compliance reports; station checks. Population: About 420 stations; 67 servers and nodes. Sample: 40 settings checked on 30 stations (10 per plant, random) and all servers",EV-CM-6,Other than satisfied,MN-1 stations deviated from 14 of 40 checked settings,High,POAM-009
CM-6,CM-06c.[01],any deviations from established configuration settings for [organization-defined value] are identified and documented based on [organization-defined value];,Examine; Test,"Configuration compliance reports; station checks. Population: About 420 stations; 67 servers and nodes. Sample: 40 settings checked on 30 stations (10 per plant, random) and all servers",EV-CM-6,Satisfied,FL-1 and TX-1 stations and build nodes met the benchmark,,
CM-6,CM-06c.[02],any deviations from established configuration settings for [organization-defined value] are approved;,Examine; Test,"Configuration compliance reports; station checks. Population: About 420 stations; 67 servers and nodes. Sample: 40 settings checked on 30 stations (10 per plant, random) and all servers",EV-CM-6,Other than satisfied,MN-1 deviations were not documented or approved,High,POAM-009
CM-6,CM-06d.[01],changes to the configuration settings are monitored in accordance with organizational policies and procedures;,Examine; Test,"Configuration compliance reports; station checks. Population: About 420 stations; 67 servers and nodes. Sample: 40 settings checked on 30 stations (10 per plant, random) and all servers",EV-CM-6,Satisfied,FL-1 and TX-1 stations and build nodes met the benchmark,,
CM-6,CM-06d.[02],changes to the configuration settings are controlled in accordance with organizational policies and procedures.,Examine; Test,"Configuration compliance reports; station checks. Population: About 420 stations; 67 servers and nodes. Sample: 40 settings checked on 30 stations (10 per plant, random) and all servers",EV-CM-6,Satisfied,FL-1 and TX-1 stations and build nodes met the benchmark,,
CM-7,CM-07a.,the system is configured to provide only [organization-defined value];,Examine; Test,"Station allowlist and USB policy checks. Population: About 420 stations. Sample: 30 stations (10 per plant, random)",EV-CM-7,Satisfied,FL-1 and TX-1 stations block USB storage and non-allowlisted software,,
CM-7,CM-07b.[01],the use of [organization-defined value] is prohibited or restricted;,Examine; Test,"Station allowlist and USB policy checks. Population: About 420 stations. Sample: 30 stations (10 per plant, random)",EV-CM-7,Other than satisfied,MN-1 stations allow USB storage devices,High,POAM-009
CM-7,CM-07b.[02],the use of [organization-defined value] is prohibited or restricted;,Examine; Test,"Station allowlist and USB policy checks. Population: About 420 stations. Sample: 30 stations (10 per plant, random)",EV-CM-7,Satisfied,FL-1 and TX-1 stations block USB storage and non-allowlisted software,,
CM-7,CM-07b.[03],the use of [organization-defined value] is prohibited or restricted;,Examine; Test,"Station allowlist and USB policy checks. Population: About 420 stations. Sample: 30 stations (10 per plant, random)",EV-CM-7,Satisfied,FL-1 and TX-1 stations block USB storage and non-allowlisted software,,
CM-7,CM-07b.[04],the use of [organization-defined value] is prohibited or restricted;,Examine; Test,"Station allowlist and USB policy checks. Population: About 420 stations. Sample: 30 stations (10 per plant, random)",EV-CM-7,Satisfied,FL-1 and TX-1 stations block USB storage and non-allowlisted software,,
CM-7,CM-07b.[05],the use of [organization-defined value] is prohibited or restricted.,Examine; Test,"Station allowlist and USB policy checks. Population: About 420 stations. Sample: 30 stations (10 per plant, random)",EV-CM-7,Satisfied,FL-1 and TX-1 stations block USB storage and non-allowlisted software,,
CM-8,CM-08a.01,an inventory of system components that accurately reflects the system is developed and documented;,Examine; Test,"CMDB; passive discovery reports; SBOM service; supplier SBOM register. Population: About 490 DSF-MES components; 7 released SBOMs; 38 third-party firmware modules. Sample: 60 physical components traced to the CMDB (20 per plant, random); all SBOMs; all modules",EV-CM-8,Satisfied,"Inventory accurate for FL-1, TX-1, and data center components",,
CM-8,CM-08a.02,an inventory of system components that includes all components within the system is developed and documented;,Examine; Test,"CMDB; passive discovery reports; SBOM service; supplier SBOM register. Population: About 490 DSF-MES components; 7 released SBOMs; 38 third-party firmware modules. Sample: 60 physical components traced to the CMDB (20 per plant, random); all SBOMs; all modules",EV-CM-8,Other than satisfied,5 of 20 sampled MN-1 components were not in the inventory (MN-1 inventory about 88% complete),Moderate,POAM-005
CM-8,CM-08a.03,an inventory of system components that does not include duplicate accounting of components or components assigned to any other system is developed and documented;,Examine; Test,"CMDB; passive discovery reports; SBOM service; supplier SBOM register. Population: About 490 DSF-MES components; 7 released SBOMs; 38 third-party firmware modules. Sample: 60 physical components traced to the CMDB (20 per plant, random); all SBOMs; all modules",EV-CM-8,Satisfied,"Inventory accurate for FL-1, TX-1, and data center components",,
CM-8,CM-08a.04,an inventory of system components that is at the level of granularity deemed necessary for tracking and reporting is developed and documented;,Examine; Test,"CMDB; passive discovery reports; SBOM service; supplier SBOM register. Population: About 490 DSF-MES components; 7 released SBOMs; 38 third-party firmware modules. Sample: 60 physical components traced to the CMDB (20 per plant, random); all SBOMs; all modules",EV-CM-8,Satisfied,"Inventory accurate for FL-1, TX-1, and data center components",,
CM-8,CM-08a.05,an inventory of system components that includes [organization-defined value] is developed and documented;,Examine; Test,"CMDB; passive discovery reports; SBOM service; supplier SBOM register. Population: About 490 DSF-MES components; 7 released SBOMs; 38 third-party firmware modules. Sample: 60 physical components traced to the CMDB (20 per plant, random); all SBOMs; all modules",EV-CM-8,Other than satisfied,"Supplier SBOMs received for 15 of 38 third-party firmware modules, so component-level detail is missing for the rest",Moderate,POAM-005
CM-8,CM-08b.,the system component inventory is reviewed and updated [organization-defined value].,Examine; Test,"CMDB; passive discovery reports; SBOM service; supplier SBOM register. Population: About 490 DSF-MES components; 7 released SBOMs; 38 third-party firmware modules. Sample: 60 physical components traced to the CMDB (20 per plant, random); all SBOMs; all modules",EV-CM-8,Satisfied,"Inventory accurate for FL-1, TX-1, and data center components",,
CM-14,CM-14[01],the installation of [organization-defined value] is prevented unless it is verified that the software has been digitally signed using a certificate recognized and approved by the organization;,Test,Station test results. Population: About 420 stations. Sample: Unsigned test image presented to 30 stations (10 per plant),EV-CM-14,Satisfied,FL-1 and TX-1 stations refused the unsigned test image,,
CM-14,CM-14[02],the installation of [organization-defined value] is prevented unless it is verified that the firmware has been digitally signed using a certificate recognized and approved by the organization.,Test,Station test results. Population: About 420 stations. Sample: Unsigned test image presented to 30 stations (10 per plant),EV-CM-14,Other than satisfied,All 10 tested MN-1 stations loaded the unsigned test image because they check only a checksum,High,POAM-019
CP-4,CP-04a.[01],the contingency plan for the system is tested [organization-defined value];,Examine; Interview,DR test report; test schedule. Population: Annual DSF-MES recovery test program. Sample: 2026-05 test report and HSM failover history,EV-CP-4,Other than satisfied,"Secondary HSM failover has not been tested since 2025-06, outside the annual requirement",Moderate,POAM-012
CP-4,CP-04a.[02],[organization-defined value] are used to determine the effectiveness of the plan;,Examine; Interview,DR test report; test schedule. Population: Annual DSF-MES recovery test program. Sample: 2026-05 test report and HSM failover history,EV-CP-4,Satisfied,Build farm and artifact repository tests run and reviewed,,
CP-4,CP-04a.[03],[organization-defined value] are used to determine the readiness to execute the plan;,Examine; Interview,DR test report; test schedule. Population: Annual DSF-MES recovery test program. Sample: 2026-05 test report and HSM failover history,EV-CP-4,Satisfied,Build farm and artifact repository tests run and reviewed,,
CP-4,CP-04b.,the contingency plan test results are reviewed;,Examine; Interview,DR test report; test schedule. Population: Annual DSF-MES recovery test program. Sample: 2026-05 test report and HSM failover history,EV-CP-4,Satisfied,Build farm and artifact repository tests run and reviewed,,
CP-4,CP-04c.,"corrective actions are initiated, if needed.",Examine; Interview,DR test report; test schedule. Population: Annual DSF-MES recovery test program. Sample: 2026-05 test report and HSM failover history,EV-CP-4,Satisfied,Build farm and artifact repository tests run and reviewed,,
CP-9,CP-09a.,backups of user-level information contained in [organization-defined value] are conducted [organization-defined value];,Examine; Test,Backup job reports; restore test records. Population: 181 nightly backup jobs per system (2026 H1). Sample: 25 jobs (random) across systems; restore records,EV-CP-9,Satisfied,Backups run and are protected; restores tested for FL-1 and TX-1 MES and the artifact repository,,
CP-9,CP-09b.,backups of system-level information contained in the system are conducted [organization-defined value];,Examine; Test,Backup job reports; restore test records. Population: 181 nightly backup jobs per system (2026 H1). Sample: 25 jobs (random) across systems; restore records,EV-CP-9,Satisfied,Backups run and are protected; restores tested for FL-1 and TX-1 MES and the artifact repository,,
CP-9,CP-09c.,"backups of system documentation, including security- and privacy-related documentation are conducted [organization-defined value];",Examine; Test,Backup job reports; restore test records. Population: 181 nightly backup jobs per system (2026 H1). Sample: 25 jobs (random) across systems; restore records,EV-CP-9,Satisfied,Backups run and are protected; restores tested for FL-1 and TX-1 MES and the artifact repository,,
CP-9,CP-09d.[01],the confidentiality of backup information is protected;,Examine; Test,Backup job reports; restore test records. Population: 181 nightly backup jobs per system (2026 H1). Sample: 25 jobs (random) across systems; restore records,EV-CP-9,Satisfied,Backups run and are protected; restores tested for FL-1 and TX-1 MES and the artifact repository,,
CP-9,CP-09d.[02],the integrity of backup information is protected;,Examine; Test,Backup job reports; restore test records. Population: 181 nightly backup jobs per system (2026 H1). Sample: 25 jobs (random) across systems; restore records,EV-CP-9,Satisfied,Backups run and are protected; restores tested for FL-1 and TX-1 MES and the artifact repository,,
CP-9,CP-09d.[03],the availability of backup information is protected.,Examine; Test,Backup job reports; restore test records. Population: 181 nightly backup jobs per system (2026 H1). Sample: 25 jobs (random) across systems; restore records,EV-CP-9,Other than satisfied,"MN-1 MES backups have never been restore-tested, so availability of the backup is not assured",High,POAM-009
CP-10,CP-10[01],"the recovery of the system to a known state is provided within [organization-defined value] after a disruption, compromise, or failure;",Examine,2026-05 DR test report. Population: 1 recovery test. Sample: 100%,EV-CP-10,Other than satisfied,Build farm recovery took 30 hours against the 24-hour RTO,Moderate,POAM-012
CP-10,CP-10[02],"a reconstitution of the system to a known state is provided within [organization-defined value] after a disruption, compromise, or failure.",Examine,2026-05 DR test report. Population: 1 recovery test. Sample: 100%,EV-CP-10,Satisfied,Artifact repository reconstituted to a known state,,
IA-2,IA-02[01],organizational users are uniquely identified and authenticated;,Examine; Test,"SSO logs; MN-1 account export. Population: About 3,400 DSF-MES users. Sample: 25 sign-ins (random); MN-1 shared account register",EV-IA-2,Other than satisfied,"MN-1 operators use 14 shared logins, so users are not uniquely identified",Moderate,POAM-007
IA-2,IA-02[02],the unique identification of authenticated organizational users is associated with processes acting on behalf of those users.,Examine; Test,"SSO logs; MN-1 account export. Population: About 3,400 DSF-MES users. Sample: 25 sign-ins (random); MN-1 shared account register",EV-IA-2,Satisfied,SSO with MFA for engineering and FL-1 and TX-1 plant users,,
IA-2(1),IA-02(01),multi-factor authentication is implemented for access to privileged accounts.,Examine; Test,"PAM MFA policy; privileged sign-in test. Population: 58 privileged accounts (build, HSM, MES). Sample: 100%",EV-IA-2(1),Satisfied,Phishing-resistant MFA enforced,,
IA-3,IA-03,[organization-defined value] are uniquely identified and authenticated before establishing a [organization-defined value] connection.,Examine; Test,Station certificate inventory; connection tests. Population: 330 programming stations at FL-1 and TX-1. Sample: 25 stations (random),EV-IA-3,Satisfied,Stations authenticate with PKI certificates,,
IA-5,IA-05a.,"system authenticators are managed through the verification of the identity of the individual, group, role, service, or device receiving the authenticator as part of the initial authenticator distribution;",Examine; Test,"Credential test results; authenticator standard. Population: 90 MN-1 fixtures and stations; 330 FL-1 and TX-1 stations. Sample: 100% default-credential test (after hours, with plant director approval)",EV-IA-5,Satisfied,Authenticators managed per STD-02.2 at FL-1 and TX-1,,
IA-5,IA-05b.,system authenticators are managed through the establishment of initial authenticator content for any authenticators issued by the organization;,Examine; Test,"Credential test results; authenticator standard. Population: 90 MN-1 fixtures and stations; 330 FL-1 and TX-1 stations. Sample: 100% default-credential test (after hours, with plant director approval)",EV-IA-5,Satisfied,Authenticators managed per STD-02.2 at FL-1 and TX-1,,
IA-5,IA-05c.,system authenticators are managed to ensure that authenticators have sufficient strength of mechanism for their intended use;,Examine; Test,"Credential test results; authenticator standard. Population: 90 MN-1 fixtures and stations; 330 FL-1 and TX-1 stations. Sample: 100% default-credential test (after hours, with plant director approval)",EV-IA-5,Satisfied,Authenticators managed per STD-02.2 at FL-1 and TX-1,,
IA-5,IA-05d.,"system authenticators are managed through the establishment and implementation of administrative procedures for initial authenticator distribution; lost, compromised, or damaged authenticators; and the revocation of authenticators;",Examine; Test,"Credential test results; authenticator standard. Population: 90 MN-1 fixtures and stations; 330 FL-1 and TX-1 stations. Sample: 100% default-credential test (after hours, with plant director approval)",EV-IA-5,Satisfied,Authenticators managed per STD-02.2 at FL-1 and TX-1,,
IA-5,IA-05e.,system authenticators are managed through the change of default authenticators prior to first use;,Examine; Test,"Credential test results; authenticator standard. Population: 90 MN-1 fixtures and stations; 330 FL-1 and TX-1 stations. Sample: 100% default-credential test (after hours, with plant director approval)",EV-IA-5,Other than satisfied,Default vendor passwords worked on 6 MN-1 programming fixture controllers (found 2026-08-11; changed 2026-08-12 as an interim step),Moderate,POAM-008
IA-5,IA-05f.,system authenticators are managed through the change or refreshment of authenticators [organization-defined value] or when [organization-defined value] occur;,Examine; Test,"Credential test results; authenticator standard. Population: 90 MN-1 fixtures and stations; 330 FL-1 and TX-1 stations. Sample: 100% default-credential test (after hours, with plant director approval)",EV-IA-5,Satisfied,Authenticators managed per STD-02.2 at FL-1 and TX-1,,
IA-5,IA-05g.,system authenticators are managed through the protection of authenticator content from unauthorized disclosure and modification;,Examine; Test,"Credential test results; authenticator standard. Population: 90 MN-1 fixtures and stations; 330 FL-1 and TX-1 stations. Sample: 100% default-credential test (after hours, with plant director approval)",EV-IA-5,Satisfied,Authenticators managed per STD-02.2 at FL-1 and TX-1,,
IA-5,IA-05h.[01],system authenticators are managed through the requirement for individuals to take specific controls to protect authenticators;,Examine; Test,"Credential test results; authenticator standard. Population: 90 MN-1 fixtures and stations; 330 FL-1 and TX-1 stations. Sample: 100% default-credential test (after hours, with plant director approval)",EV-IA-5,Satisfied,Authenticators managed per STD-02.2 at FL-1 and TX-1,,
IA-5,IA-05h.[02],system authenticators are managed through the requirement for devices to implement specific controls to protect authenticators;,Examine; Test,"Credential test results; authenticator standard. Population: 90 MN-1 fixtures and stations; 330 FL-1 and TX-1 stations. Sample: 100% default-credential test (after hours, with plant director approval)",EV-IA-5,Satisfied,Authenticators managed per STD-02.2 at FL-1 and TX-1,,
IA-5,IA-05i.,system authenticators are managed through the change of authenticators for group or role accounts when membership to those accounts changes.,Examine; Test,"Credential test results; authenticator standard. Population: 90 MN-1 fixtures and stations; 330 FL-1 and TX-1 stations. Sample: 100% default-credential test (after hours, with plant director approval)",EV-IA-5,Satisfied,Authenticators managed per STD-02.2 at FL-1 and TX-1,,
IR-4,IR-04a.[01],an incident handling capability for incidents is implemented that is consistent with the incident response plan;,Examine; Interview,SOC case records; PSIRT cases; lessons-learned records. Population: 37 security incidents touching DSF-MES (2026 H1). Sample: 25 incidents (random),EV-IR-4,Satisfied,Incidents handled through all phases,,
IR-4,IR-04a.[02],the incident handling capability for incidents includes preparation;,Examine; Interview,SOC case records; PSIRT cases; lessons-learned records. Population: 37 security incidents touching DSF-MES (2026 H1). Sample: 25 incidents (random),EV-IR-4,Satisfied,Incidents handled through all phases,,
IR-4,IR-04a.[03],the incident handling capability for incidents includes detection and analysis;,Examine; Interview,SOC case records; PSIRT cases; lessons-learned records. Population: 37 security incidents touching DSF-MES (2026 H1). Sample: 25 incidents (random),EV-IR-4,Satisfied,Incidents handled through all phases,,
IR-4,IR-04a.[04],the incident handling capability for incidents includes containment;,Examine; Interview,SOC case records; PSIRT cases; lessons-learned records. Population: 37 security incidents touching DSF-MES (2026 H1). Sample: 25 incidents (random),EV-IR-4,Satisfied,Incidents handled through all phases,,
IR-4,IR-04a.[05],the incident handling capability for incidents includes eradication;,Examine; Interview,SOC case records; PSIRT cases; lessons-learned records. Population: 37 security incidents touching DSF-MES (2026 H1). Sample: 25 incidents (random),EV-IR-4,Satisfied,Incidents handled through all phases,,
IR-4,IR-04a.[06],the incident handling capability for incidents includes recovery;,Examine; Interview,SOC case records; PSIRT cases; lessons-learned records. Population: 37 security incidents touching DSF-MES (2026 H1). Sample: 25 incidents (random),EV-IR-4,Satisfied,Incidents handled through all phases,,
IR-4,IR-04b.,incident handling activities are coordinated with contingency planning activities;,Examine; Interview,SOC case records; PSIRT cases; lessons-learned records. Population: 37 security incidents touching DSF-MES (2026 H1). Sample: 25 incidents (random),EV-IR-4,Satisfied,Incidents handled through all phases,,
IR-4,IR-04c.[01],"lessons learned from ongoing incident handling activities are incorporated into incident response procedures, training, and testing;",Examine; Interview,SOC case records; PSIRT cases; lessons-learned records. Population: 37 security incidents touching DSF-MES (2026 H1). Sample: 25 incidents (random),EV-IR-4,Satisfied,Incidents handled through all phases,,
IR-4,IR-04c.[02],the changes resulting from the incorporated lessons learned are implemented accordingly;,Examine; Interview,SOC case records; PSIRT cases; lessons-learned records. Population: 37 security incidents touching DSF-MES (2026 H1). Sample: 25 incidents (random),EV-IR-4,Satisfied,Incidents handled through all phases,,
IR-4,IR-04d.[01],the rigor of incident handling activities is comparable and predictable across the organization;,Examine; Interview,SOC case records; PSIRT cases; lessons-learned records. Population: 37 security incidents touching DSF-MES (2026 H1). Sample: 25 incidents (random),EV-IR-4,Satisfied,Incidents handled through all phases,,
IR-4,IR-04d.[02],the intensity of incident handling activities is comparable and predictable across the organization;,Examine; Interview,SOC case records; PSIRT cases; lessons-learned records. Population: 37 security incidents touching DSF-MES (2026 H1). Sample: 25 incidents (random),EV-IR-4,Satisfied,Incidents handled through all phases,,
IR-4,IR-04d.[03],the scope of incident handling activities is comparable and predictable across the organization;,Examine; Interview,SOC case records; PSIRT cases; lessons-learned records. Population: 37 security incidents touching DSF-MES (2026 H1). Sample: 25 incidents (random),EV-IR-4,Satisfied,Incidents handled through all phases,,
IR-4,IR-04d.[04],the results of incident handling activities are comparable and predictable across the organization.,Examine; Interview,SOC case records; PSIRT cases; lessons-learned records. Population: 37 security incidents touching DSF-MES (2026 H1). Sample: 25 incidents (random),EV-IR-4,Satisfied,Incidents handled through all phases,,
IR-6,IR-06a.,personnel is/are required to report suspected incidents to the organizational incident response capability within [organization-defined value];,Examine,PSIRT cases; eQMS 806 records. Population: 61 PSIRT cases closed with a field update. Sample: 25 cases (random),EV-IR-6,Satisfied,Incidents reported internally on time,,
IR-6,IR-06b.,incident information is reported to [organization-defined value].,Examine,PSIRT cases; eQMS 806 records. Population: 61 PSIRT cases closed with a field update. Sample: 25 cases (random),EV-IR-6,Other than satisfied,2 of 25 sampled PSIRT cases lacked a documented 806 reporting decision,Moderate,POAM-015
IR-8,IR-08a.01,an incident response plan is developed that provides the organization with a roadmap for implementing its incident response capability;,Examine; Interview,"Incident response plan v6; materiality playbook; disclosure committee minutes. Population: n/a (plan). Sample: Plan and materiality playbook examined; interviews with General Counsel, CFO, CISO, VP Product Security, CQRO",EV-IR-8,Satisfied,"Plan complete, approved, distributed, and protected",,
IR-8,IR-08a.02,an incident response plan is developed that describes the structure and organization of the incident response capability;,Examine; Interview,"Incident response plan v6; materiality playbook; disclosure committee minutes. Population: n/a (plan). Sample: Plan and materiality playbook examined; interviews with General Counsel, CFO, CISO, VP Product Security, CQRO",EV-IR-8,Satisfied,"Plan complete, approved, distributed, and protected",,
IR-8,IR-08a.03,an incident response plan is developed that provides a high-level approach for how the incident response capability fits into the overall organization;,Examine; Interview,"Incident response plan v6; materiality playbook; disclosure committee minutes. Population: n/a (plan). Sample: Plan and materiality playbook examined; interviews with General Counsel, CFO, CISO, VP Product Security, CQRO",EV-IR-8,Satisfied,"Plan complete, approved, distributed, and protected",,
IR-8,IR-08a.04,"an incident response plan is developed that meets the unique requirements of the organization with regard to mission, size, structure, and functions;",Examine; Interview,"Incident response plan v6; materiality playbook; disclosure committee minutes. Population: n/a (plan). Sample: Plan and materiality playbook examined; interviews with General Counsel, CFO, CISO, VP Product Security, CQRO",EV-IR-8,Other than satisfied,Plan does not define how a PSIRT severity-1 (fielded-device) incident reaches the disclosure committee or which product factors feed materiality,High,POAM-014
IR-8,IR-08a.05,an incident response plan is developed that defines reportable incidents;,Examine; Interview,"Incident response plan v6; materiality playbook; disclosure committee minutes. Population: n/a (plan). Sample: Plan and materiality playbook examined; interviews with General Counsel, CFO, CISO, VP Product Security, CQRO",EV-IR-8,Satisfied,"Plan complete, approved, distributed, and protected",,
IR-8,IR-08a.06,an incident response plan is developed that provides metrics for measuring the incident response capability within the organization;,Examine; Interview,"Incident response plan v6; materiality playbook; disclosure committee minutes. Population: n/a (plan). Sample: Plan and materiality playbook examined; interviews with General Counsel, CFO, CISO, VP Product Security, CQRO",EV-IR-8,Satisfied,"Plan complete, approved, distributed, and protected",,
IR-8,IR-08a.07,an incident response plan is developed that defines the resources and management support needed to effectively maintain and mature an incident response capability;,Examine; Interview,"Incident response plan v6; materiality playbook; disclosure committee minutes. Population: n/a (plan). Sample: Plan and materiality playbook examined; interviews with General Counsel, CFO, CISO, VP Product Security, CQRO",EV-IR-8,Satisfied,"Plan complete, approved, distributed, and protected",,
IR-8,IR-08a.08,an incident response plan is developed that addresses the sharing of incident information;,Examine; Interview,"Incident response plan v6; materiality playbook; disclosure committee minutes. Population: n/a (plan). Sample: Plan and materiality playbook examined; interviews with General Counsel, CFO, CISO, VP Product Security, CQRO",EV-IR-8,Satisfied,"Plan complete, approved, distributed, and protected",,
IR-8,IR-08a.09,an incident response plan is developed that is reviewed and approved by [organization-defined value] [organization-defined value];,Examine; Interview,"Incident response plan v6; materiality playbook; disclosure committee minutes. Population: n/a (plan). Sample: Plan and materiality playbook examined; interviews with General Counsel, CFO, CISO, VP Product Security, CQRO",EV-IR-8,Satisfied,"Plan complete, approved, distributed, and protected",,
IR-8,IR-08a.10,an incident response plan is developed that explicitly designates responsibility for incident response to [organization-defined value].,Examine; Interview,"Incident response plan v6; materiality playbook; disclosure committee minutes. Population: n/a (plan). Sample: Plan and materiality playbook examined; interviews with General Counsel, CFO, CISO, VP Product Security, CQRO",EV-IR-8,Satisfied,"Plan complete, approved, distributed, and protected",,
IR-8,IR-08b.[01],copies of the incident response plan are distributed to [organization-defined value];,Examine; Interview,"Incident response plan v6; materiality playbook; disclosure committee minutes. Population: n/a (plan). Sample: Plan and materiality playbook examined; interviews with General Counsel, CFO, CISO, VP Product Security, CQRO",EV-IR-8,Satisfied,"Plan complete, approved, distributed, and protected",,
IR-8,IR-08b.[02],copies of the incident response plan are distributed to [organization-defined value];,Examine; Interview,"Incident response plan v6; materiality playbook; disclosure committee minutes. Population: n/a (plan). Sample: Plan and materiality playbook examined; interviews with General Counsel, CFO, CISO, VP Product Security, CQRO",EV-IR-8,Satisfied,"Plan complete, approved, distributed, and protected",,
IR-8,IR-08c.,"the incident response plan is updated to address system and organizational changes or problems encountered during plan implementation, execution, or testing;",Examine; Interview,"Incident response plan v6; materiality playbook; disclosure committee minutes. Population: n/a (plan). Sample: Plan and materiality playbook examined; interviews with General Counsel, CFO, CISO, VP Product Security, CQRO",EV-IR-8,Other than satisfied,Plan not updated for the three disclosure committee members who joined in 2026,High,POAM-014
IR-8,IR-08d.[01],incident response plan changes are communicated to [organization-defined value];,Examine; Interview,"Incident response plan v6; materiality playbook; disclosure committee minutes. Population: n/a (plan). Sample: Plan and materiality playbook examined; interviews with General Counsel, CFO, CISO, VP Product Security, CQRO",EV-IR-8,Satisfied,"Plan complete, approved, distributed, and protected",,
IR-8,IR-08d.[02],incident response plan changes are communicated to [organization-defined value];,Examine; Interview,"Incident response plan v6; materiality playbook; disclosure committee minutes. Population: n/a (plan). Sample: Plan and materiality playbook examined; interviews with General Counsel, CFO, CISO, VP Product Security, CQRO",EV-IR-8,Satisfied,"Plan complete, approved, distributed, and protected",,
IR-8,IR-08e.[01],the incident response plan is protected from unauthorized disclosure;,Examine; Interview,"Incident response plan v6; materiality playbook; disclosure committee minutes. Population: n/a (plan). Sample: Plan and materiality playbook examined; interviews with General Counsel, CFO, CISO, VP Product Security, CQRO",EV-IR-8,Satisfied,"Plan complete, approved, distributed, and protected",,
IR-8,IR-08e.[02],the incident response plan is protected from unauthorized modification.,Examine; Interview,"Incident response plan v6; materiality playbook; disclosure committee minutes. Population: n/a (plan). Sample: Plan and materiality playbook examined; interviews with General Counsel, CFO, CISO, VP Product Security, CQRO",EV-IR-8,Satisfied,"Plan complete, approved, distributed, and protected",,
PS-4,PS-04a.,"upon termination of individual employment, system access is disabled within [organization-defined value];",Examine; Test,"HR termination records; account disablement logs. Population: 1,640 terminations of staff with DSF-MES access (212 at MN-1). Sample: 60 (stratified: 35 enterprise, 25 MN-1)",EV-PS-4,Other than satisfied,2 of 25 sampled MN-1 terminations were disabled 2 and 5 days late on the legacy directory,Moderate,POAM-017
PS-4,PS-04b.,"upon termination of individual employment, any authenticators and credentials are terminated or revoked;",Examine; Test,"HR termination records; account disablement logs. Population: 1,640 terminations of staff with DSF-MES access (212 at MN-1). Sample: 60 (stratified: 35 enterprise, 25 MN-1)",EV-PS-4,Satisfied,Enterprise terminations disabled the same day,,
PS-4,PS-04c.,"upon termination of individual employment, exit interviews that include a discussion of [organization-defined value] are conducted;",Examine; Test,"HR termination records; account disablement logs. Population: 1,640 terminations of staff with DSF-MES access (212 at MN-1). Sample: 60 (stratified: 35 enterprise, 25 MN-1)",EV-PS-4,Satisfied,Enterprise terminations disabled the same day,,
PS-4,PS-04d.,"upon termination of individual employment, all security-related organizational system-related property is retrieved;",Examine; Test,"HR termination records; account disablement logs. Population: 1,640 terminations of staff with DSF-MES access (212 at MN-1). Sample: 60 (stratified: 35 enterprise, 25 MN-1)",EV-PS-4,Satisfied,Enterprise terminations disabled the same day,,
PS-4,PS-04e.,"upon termination of individual employment, access to organizational information and systems formerly controlled by the terminated individual are retained.",Examine; Test,"HR termination records; account disablement logs. Population: 1,640 terminations of staff with DSF-MES access (212 at MN-1). Sample: 60 (stratified: 35 enterprise, 25 MN-1)",EV-PS-4,Satisfied,Enterprise terminations disabled the same day,,
RA-5,RA-05a.[01],systems and hosted applications are monitored for vulnerabilities [organization-defined value] and when new vulnerabilities potentially affecting the system are identified and reported;,Examine; Test,"Scan reports; coverage report. Population: 2,210 vulnerability findings on DSF-MES components. Sample: 60 findings (random); scan coverage analytics",EV-RA-5,Satisfied,Findings analyzed and remediated within SLA for scanned components,,
RA-5,RA-05a.[02],systems and hosted applications are scanned for vulnerabilities [organization-defined value] and when new vulnerabilities potentially affecting the system are identified and reported;,Examine; Test,"Scan reports; coverage report. Population: 2,210 vulnerability findings on DSF-MES components. Sample: 60 findings (random); scan coverage analytics",EV-RA-5,Other than satisfied,Authenticated scan coverage is 82% of build infrastructure; MN-1 OT has passive discovery only,Moderate,POAM-020
RA-5,RA-05b.01,"vulnerability monitoring tools and techniques are employed to automate parts of the vulnerability management process by using standards for enumerating platforms, software flaws, and improper configurations;",Examine; Test,"Scan reports; coverage report. Population: 2,210 vulnerability findings on DSF-MES components. Sample: 60 findings (random); scan coverage analytics",EV-RA-5,Satisfied,Findings analyzed and remediated within SLA for scanned components,,
RA-5,RA-05b.02,vulnerability monitoring tools and techniques are employed to facilitate interoperability among tools and to automate parts of the vulnerability management process by using standards for formatting checklists and test procedures;,Examine; Test,"Scan reports; coverage report. Population: 2,210 vulnerability findings on DSF-MES components. Sample: 60 findings (random); scan coverage analytics",EV-RA-5,Satisfied,Findings analyzed and remediated within SLA for scanned components,,
RA-5,RA-05b.03,vulnerability monitoring tools and techniques are employed to facilitate interoperability among tools and to automate parts of the vulnerability management process by using standards for measuring vulnerability impact;,Examine; Test,"Scan reports; coverage report. Population: 2,210 vulnerability findings on DSF-MES components. Sample: 60 findings (random); scan coverage analytics",EV-RA-5,Satisfied,Findings analyzed and remediated within SLA for scanned components,,
RA-5,RA-05c.,vulnerability scan reports and results from vulnerability monitoring are analyzed;,Examine; Test,"Scan reports; coverage report. Population: 2,210 vulnerability findings on DSF-MES components. Sample: 60 findings (random); scan coverage analytics",EV-RA-5,Satisfied,Findings analyzed and remediated within SLA for scanned components,,
RA-5,RA-05d.,legitimate vulnerabilities are remediated [organization-defined value] in accordance with an organizational assessment of risk;,Examine; Test,"Scan reports; coverage report. Population: 2,210 vulnerability findings on DSF-MES components. Sample: 60 findings (random); scan coverage analytics",EV-RA-5,Satisfied,Findings analyzed and remediated within SLA for scanned components,,
RA-5,RA-05e.,information obtained from the vulnerability monitoring process and control assessments is shared with [organization-defined value] to help eliminate similar vulnerabilities in other systems;,Examine; Test,"Scan reports; coverage report. Population: 2,210 vulnerability findings on DSF-MES components. Sample: 60 findings (random); scan coverage analytics",EV-RA-5,Satisfied,Findings analyzed and remediated within SLA for scanned components,,
RA-5,RA-05f.,vulnerability monitoring tools that include the capability to readily update the vulnerabilities to be scanned are employed.,Examine; Test,"Scan reports; coverage report. Population: 2,210 vulnerability findings on DSF-MES components. Sample: 60 findings (random); scan coverage analytics",EV-RA-5,Satisfied,Findings analyzed and remediated within SLA for scanned components,,
RA-5(11),RA-05(11),a public reporting channel is established for receiving reports of vulnerabilities in organizational systems and system components.,Examine,CVD policy; ISAO membership. Population: n/a (program). Sample: Published CVD policy examined,EV-RA-5(11),Satisfied,Public disclosure program in place,,
SA-9,SA-09a.[01],providers of external system services comply with organizational security requirements;,Examine,Vendor register; SOC report reviews; supplier assessments. Population: 9 external services supporting DSF-MES. Sample: 100%,EV-SA-9,Satisfied,Services assessed and monitored,,
SA-9,SA-09a.[02],providers of external system services comply with organizational privacy requirements;,Examine,Vendor register; SOC report reviews; supplier assessments. Population: 9 external services supporting DSF-MES. Sample: 100%,EV-SA-9,Satisfied,Services assessed and monitored,,
SA-9,SA-09a.[03],providers of external system services employ [organization-defined value];,Examine,Vendor register; SOC report reviews; supplier assessments. Population: 9 external services supporting DSF-MES. Sample: 100%,EV-SA-9,Satisfied,Services assessed and monitored,,
SA-9,SA-09b.[01],organizational oversight with regard to external system services are defined and documented;,Examine,Vendor register; SOC report reviews; supplier assessments. Population: 9 external services supporting DSF-MES. Sample: 100%,EV-SA-9,Satisfied,Services assessed and monitored,,
SA-9,SA-09b.[02],user roles and responsibilities with regard to external system services are defined and documented;,Examine,Vendor register; SOC report reviews; supplier assessments. Population: 9 external services supporting DSF-MES. Sample: 100%,EV-SA-9,Satisfied,Services assessed and monitored,,
SA-9,SA-09c.,[organization-defined value] are employed to monitor control compliance by external service providers on an ongoing basis.,Examine,Vendor register; SOC report reviews; supplier assessments. Population: 9 external services supporting DSF-MES. Sample: 100%,EV-SA-9,Other than satisfied,CMO-2 security assessment is 7 months overdue,Moderate,POAM-013
SA-11,SA-11a.[01],"the developer of the system, system component, or system service is required at all post-design stages of the system development life cycle to develop a plan for ongoing security assessments;",Examine; Interview,Test reports in design history files. Population: 184 releases. Sample: 25 releases (random),EV-SA-11,Satisfied,"Static analysis, composition analysis, and planned security tests executed",,
SA-11,SA-11a.[02],"the developer of the system, system component, or system service is required at all post-design stages of the system development life cycle to implement a plan for ongoing security assessments;",Examine; Interview,Test reports in design history files. Population: 184 releases. Sample: 25 releases (random),EV-SA-11,Satisfied,"Static analysis, composition analysis, and planned security tests executed",,
SA-11,SA-11a.[03],"the developer of the system, system component, or system service is required at all post-design stages of the system development life cycle to develop a plan for privacy assessments;",Examine; Interview,Test reports in design history files. Population: 184 releases. Sample: 25 releases (random),EV-SA-11,Satisfied,"Static analysis, composition analysis, and planned security tests executed",,
SA-11,SA-11a.[04],"the developer of the system, system component, or system service is required at all post-design stages of the system development life cycle to implement a plan for ongoing privacy assessments;",Examine; Interview,Test reports in design history files. Population: 184 releases. Sample: 25 releases (random),EV-SA-11,Satisfied,"Static analysis, composition analysis, and planned security tests executed",,
SA-11,SA-11b.,"the developer of the system, system component, or system service is required at all post-design stages of the system development life cycle to perform [organization-defined value] testing/evaluation [organization-defined value] at [organization-defined value];",Examine; Interview,Test reports in design history files. Population: 184 releases. Sample: 25 releases (random),EV-SA-11,Satisfied,"Static analysis, composition analysis, and planned security tests executed",,
SA-11,SA-11c.[01],"the developer of the system, system component, or system service is required at all post-design stages of the system development life cycle to produce evidence of the execution of the assessment plan;",Examine; Interview,Test reports in design history files. Population: 184 releases. Sample: 25 releases (random),EV-SA-11,Satisfied,"Static analysis, composition analysis, and planned security tests executed",,
SA-11,SA-11c.[02],"the developer of the system, system component, or system service is required at all post-design stages of the system development life cycle to produce the results of the testing and evaluation;",Examine; Interview,Test reports in design history files. Population: 184 releases. Sample: 25 releases (random),EV-SA-11,Satisfied,"Static analysis, composition analysis, and planned security tests executed",,
SA-11,SA-11d.,"the developer of the system, system component, or system service is required at all post-design stages of the system development life cycle to implement a verifiable flaw remediation process;",Examine; Interview,Test reports in design history files. Population: 184 releases. Sample: 25 releases (random),EV-SA-11,Satisfied,"Static analysis, composition analysis, and planned security tests executed",,
SA-11,SA-11e.,"the developer of the system, system component, or system service is required at all post-design stages of the system development life cycle to correct flaws identified during testing and evaluation.",Examine; Interview,Test reports in design history files. Population: 184 releases. Sample: 25 releases (random),EV-SA-11,Satisfied,"Static analysis, composition analysis, and planned security tests executed",,
SA-15,SA-15a.01[01],"the developer of the system, system component, or system service is required to follow a documented development process that explicitly addresses security requirements;",Examine; Test,Toolchain standard; provenance samples. Population: n/a (process). Sample: Toolchain standard and 25 builds examined,EV-SA-15,Satisfied,Development process and tools documented and controlled,,
SA-15,SA-15a.01[02],"the developer of the system, system component, or system service is required to follow a documented development process that explicitly addresses privacy requirements;",Examine; Test,Toolchain standard; provenance samples. Population: n/a (process). Sample: Toolchain standard and 25 builds examined,EV-SA-15,Satisfied,Development process and tools documented and controlled,,
SA-15,SA-15a.02[01],"the developer of the system, system component, or system service is required to follow a documented development process that identifies the standards used in the development process;",Examine; Test,Toolchain standard; provenance samples. Population: n/a (process). Sample: Toolchain standard and 25 builds examined,EV-SA-15,Satisfied,Development process and tools documented and controlled,,
SA-15,SA-15a.02[02],"the developer of the system, system component, or system service is required to follow a documented development process that identifies the tools used in the development process;",Examine; Test,Toolchain standard; provenance samples. Population: n/a (process). Sample: Toolchain standard and 25 builds examined,EV-SA-15,Satisfied,Development process and tools documented and controlled,,
SA-15,SA-15a.03[01],"the developer of the system, system component, or system service is required to follow a documented development process that documents the specific tool used in the development process;",Examine; Test,Toolchain standard; provenance samples. Population: n/a (process). Sample: Toolchain standard and 25 builds examined,EV-SA-15,Satisfied,Development process and tools documented and controlled,,
SA-15,SA-15a.03[02],"the developer of the system, system component, or system service is required to follow a documented development process that documents the specific tool configurations used in the development process;",Examine; Test,Toolchain standard; provenance samples. Population: n/a (process). Sample: Toolchain standard and 25 builds examined,EV-SA-15,Satisfied,Development process and tools documented and controlled,,
SA-15,SA-15a.04,"the developer of the system, system component, or system service is required to follow a documented development process that documents, manages, and ensures the integrity of changes to the process and/or tools used in development;",Examine; Test,Toolchain standard; provenance samples. Population: n/a (process). Sample: Toolchain standard and 25 builds examined,EV-SA-15,Other than satisfied,"Signed provenance attestations are produced for cloud software builds but not firmware builds, so tool and input integrity cannot be shown for firmware",High,POAM-004
SA-15,SA-15b.[01],"the developer of the system, system component, or system service is required to follow a documented development process in which the development process, standards, tools, tool options, and tool configurations are reviewed [organization-defined value] to determine that the process, standards, tools, tool options, and tool configurations selected and employed satisfy [organization-defined value];",Examine; Test,Toolchain standard; provenance samples. Population: n/a (process). Sample: Toolchain standard and 25 builds examined,EV-SA-15,Satisfied,Development process and tools documented and controlled,,
SA-15,SA-15b.[02],"the developer of the system, system component, or system service is required to follow a documented development process in which the development process, standards, tools, tool options, and tool configurations are reviewed [organization-defined value] to determine that the process, standards, tools, tool options, and tool configurations selected and employed satisfy [organization-defined value].",Examine; Test,Toolchain standard; provenance samples. Population: n/a (process). Sample: Toolchain standard and 25 builds examined,EV-SA-15,Satisfied,Development process and tools documented and controlled,,
SA-22,SA-22a.,"system components are replaced when support for the components is no longer available from the developer, vendor, or manufacturer;",Examine,Unsupported component register. Population: Unsupported component register. Sample: 100%,EV-SA-22,Other than satisfied,MN-1 MES servers run an unsupported operating system with no replacement date before 2027,High,POAM-009
SA-22,SA-22b.,[organization-defined value] provide options for alternative sources for continued support for unsupported components.,Examine,Unsupported component register. Population: Unsupported component register. Sample: 100%,EV-SA-22,Satisfied,Options for continued support documented,,
SC-7,SC-07a.[01],communications at external managed interfaces to the system are monitored;,Examine; Test,Network diagrams; firewall rules; reachability test results. Population: n/a (architecture). Sample: Reachability tests from the MN-1 and FL-1 office networks to MES and stations,EV-SC-7,Satisfied,FL-1 and TX-1 zones and data center segments control and monitor traffic,,
SC-7,SC-07a.[02],communications at external managed interfaces to the system are controlled;,Examine; Test,Network diagrams; firewall rules; reachability test results. Population: n/a (architecture). Sample: Reachability tests from the MN-1 and FL-1 office networks to MES and stations,EV-SC-7,Satisfied,FL-1 and TX-1 zones and data center segments control and monitor traffic,,
SC-7,SC-07a.[03],communications at key internal managed interfaces within the system are monitored;,Examine; Test,Network diagrams; firewall rules; reachability test results. Population: n/a (architecture). Sample: Reachability tests from the MN-1 and FL-1 office networks to MES and stations,EV-SC-7,Other than satisfied,No monitoring of traffic between the MN-1 office network and OT,High,POAM-006
SC-7,SC-07a.[04],communications at key internal managed interfaces within the system are controlled;,Examine; Test,Network diagrams; firewall rules; reachability test results. Population: n/a (architecture). Sample: Reachability tests from the MN-1 and FL-1 office networks to MES and stations,EV-SC-7,Other than satisfied,MN-1 MES and stations were reachable from the office network,High,POAM-006
SC-7,SC-07b.,subnetworks for publicly accessible system components are [organization-defined value] separated from internal organizational networks;,Examine; Test,Network diagrams; firewall rules; reachability test results. Population: n/a (architecture). Sample: Reachability tests from the MN-1 and FL-1 office networks to MES and stations,EV-SC-7,Satisfied,FL-1 and TX-1 zones and data center segments control and monitor traffic,,
SC-7,SC-07c.,external networks or systems are only connected to through managed interfaces consisting of boundary protection devices arranged in accordance with an organizational security and privacy architecture.,Examine; Test,Network diagrams; firewall rules; reachability test results. Population: n/a (architecture). Sample: Reachability tests from the MN-1 and FL-1 office networks to MES and stations,EV-SC-7,Satisfied,FL-1 and TX-1 zones and data center segments control and monitor traffic,,
SC-8,SC-08,the [organization-defined value] of transmitted information is/are protected.,Test,TLS scan; packet capture. Population: All DSF-MES interfaces. Sample: 100% (TLS scan; MN-1 packet capture),EV-SC-8,Other than satisfied,MN-1 MES-to-station traffic uses an unencrypted legacy protocol,Low,POAM-018
SC-12,SC-12[01],cryptographic keys are established when cryptography is employed within the system in accordance with [organization-defined value];,Examine; Interview,Key ceremony records; key inventory. Population: Key inventory (27 keys). Sample: 100%,EV-SC-12,Satisfied,Keys generated in HSMs under ceremonies,,
SC-12,SC-12[02],cryptographic keys are managed when cryptography is employed within the system in accordance with [organization-defined value].,Examine; Interview,Key ceremony records; key inventory. Population: Key inventory (27 keys). Sample: 100%,EV-SC-12,Other than satisfied,"IV-300 1.x key is managed on a standalone workstation with one copy and no backup share, outside STD-02.4",High,POAM-001
SI-2,SI-02a.[01],system flaws are identified;,Examine; Test,Patch reports. Population: 318 patches for DSF-MES components. Sample: 25 patches (random),EV-SI-2,Satisfied,Build nodes and FL-1 and TX-1 systems patched within SLA,,
SI-2,SI-02a.[02],system flaws are reported;,Examine; Test,Patch reports. Population: 318 patches for DSF-MES components. Sample: 25 patches (random),EV-SI-2,Satisfied,Build nodes and FL-1 and TX-1 systems patched within SLA,,
SI-2,SI-02a.[03],system flaws are corrected;,Examine; Test,Patch reports. Population: 318 patches for DSF-MES components. Sample: 25 patches (random),EV-SI-2,Satisfied,Build nodes and FL-1 and TX-1 systems patched within SLA,,
SI-2,SI-02b.[01],software updates related to flaw remediation are tested for effectiveness before installation;,Examine; Test,Patch reports. Population: 318 patches for DSF-MES components. Sample: 25 patches (random),EV-SI-2,Satisfied,Build nodes and FL-1 and TX-1 systems patched within SLA,,
SI-2,SI-02b.[02],software updates related to flaw remediation are tested for potential side effects before installation;,Examine; Test,Patch reports. Population: 318 patches for DSF-MES components. Sample: 25 patches (random),EV-SI-2,Satisfied,Build nodes and FL-1 and TX-1 systems patched within SLA,,
SI-2,SI-02b.[03],firmware updates related to flaw remediation are tested for effectiveness before installation;,Examine; Test,Patch reports. Population: 318 patches for DSF-MES components. Sample: 25 patches (random),EV-SI-2,Satisfied,Build nodes and FL-1 and TX-1 systems patched within SLA,,
SI-2,SI-02b.[04],firmware updates related to flaw remediation are tested for potential side effects before installation;,Examine; Test,Patch reports. Population: 318 patches for DSF-MES components. Sample: 25 patches (random),EV-SI-2,Satisfied,Build nodes and FL-1 and TX-1 systems patched within SLA,,
SI-2,SI-02c.[01],security-relevant software updates are installed within [organization-defined value] of the release of the updates;,Examine; Test,Patch reports. Population: 318 patches for DSF-MES components. Sample: 25 patches (random),EV-SI-2,Other than satisfied,MN-1 servers and stations were not patched within SLA (7 of 8 sampled MN-1 patches late),High,POAM-009
SI-2,SI-02c.[02],security-relevant firmware updates are installed within [organization-defined value] of the release of the updates;,Examine; Test,Patch reports. Population: 318 patches for DSF-MES components. Sample: 25 patches (random),EV-SI-2,Satisfied,Build nodes and FL-1 and TX-1 systems patched within SLA,,
SI-2,SI-02d.,flaw remediation is incorporated into the organizational configuration management process.,Examine; Test,Patch reports. Population: 318 patches for DSF-MES components. Sample: 25 patches (random),EV-SI-2,Satisfied,Build nodes and FL-1 and TX-1 systems patched within SLA,,
SI-4,SI-04a.01,the system is monitored to detect attacks and indicators of potential attacks in accordance with [organization-defined value];,Examine; Test,SOC monitoring coverage; test alert results. Population: 3 plants; data center segments. Sample: Monitoring coverage examined; test alerts generated,EV-SI-4,Satisfied,"Build, signing, and identity events monitored 24x7",,
SI-4,SI-04a.02[01],the system is monitored to detect unauthorized local connections;,Examine; Test,SOC monitoring coverage; test alert results. Population: 3 plants; data center segments. Sample: Monitoring coverage examined; test alerts generated,EV-SI-4,Satisfied,"Build, signing, and identity events monitored 24x7",,
SI-4,SI-04a.02[02],the system is monitored to detect unauthorized network connections;,Examine; Test,SOC monitoring coverage; test alert results. Population: 3 plants; data center segments. Sample: Monitoring coverage examined; test alerts generated,EV-SI-4,Satisfied,"Build, signing, and identity events monitored 24x7",,
SI-4,SI-04a.02[03],the system is monitored to detect unauthorized remote connections;,Examine; Test,SOC monitoring coverage; test alert results. Population: 3 plants; data center segments. Sample: Monitoring coverage examined; test alerts generated,EV-SI-4,Satisfied,"Build, signing, and identity events monitored 24x7",,
SI-4,SI-04b.,unauthorized use of the system is identified through [organization-defined value];,Examine; Test,SOC monitoring coverage; test alert results. Population: 3 plants; data center segments. Sample: Monitoring coverage examined; test alerts generated,EV-SI-4,Satisfied,"Build, signing, and identity events monitored 24x7",,
SI-4,SI-04c.01,internal monitoring capabilities are invoked or monitoring devices are deployed strategically within the system to collect organization-determined essential information;,Examine; Test,SOC monitoring coverage; test alert results. Population: 3 plants; data center segments. Sample: Monitoring coverage examined; test alerts generated,EV-SI-4,Other than satisfied,No OT monitoring sensors at MN-1,High,POAM-006
SI-4,SI-04c.02,internal monitoring capabilities are invoked or monitoring devices are deployed at ad hoc locations within the system to track specific types of transactions of interest to the organization;,Examine; Test,SOC monitoring coverage; test alert results. Population: 3 plants; data center segments. Sample: Monitoring coverage examined; test alerts generated,EV-SI-4,Satisfied,"Build, signing, and identity events monitored 24x7",,
SI-4,SI-04d.[01],detected events are analyzed;,Examine; Test,SOC monitoring coverage; test alert results. Population: 3 plants; data center segments. Sample: Monitoring coverage examined; test alerts generated,EV-SI-4,Satisfied,"Build, signing, and identity events monitored 24x7",,
SI-4,SI-04d.[02],detected anomalies are analyzed;,Examine; Test,SOC monitoring coverage; test alert results. Population: 3 plants; data center segments. Sample: Monitoring coverage examined; test alerts generated,EV-SI-4,Satisfied,"Build, signing, and identity events monitored 24x7",,
SI-4,SI-04e.,"the level of system monitoring activity is adjusted when there is a change in risk to organizational operations and assets, individuals, other organizations, or the Nation;",Examine; Test,SOC monitoring coverage; test alert results. Population: 3 plants; data center segments. Sample: Monitoring coverage examined; test alerts generated,EV-SI-4,Satisfied,"Build, signing, and identity events monitored 24x7",,
SI-4,SI-04f.,a legal opinion regarding system monitoring activities is obtained;,Examine; Test,SOC monitoring coverage; test alert results. Population: 3 plants; data center segments. Sample: Monitoring coverage examined; test alerts generated,EV-SI-4,Satisfied,"Build, signing, and identity events monitored 24x7",,
SI-4,SI-04g.,[organization-defined value] is provided to [organization-defined value] [organization-defined value].,Examine; Test,SOC monitoring coverage; test alert results. Population: 3 plants; data center segments. Sample: Monitoring coverage examined; test alerts generated,EV-SI-4,Satisfied,"Build, signing, and identity events monitored 24x7",,
SI-7,SI-07a.[01],integrity verification tools are employed to detect unauthorized changes to [organization-defined value];,Examine; Test,"Station verification logs; repository integrity jobs. Population: n/a. Sample: Integrity verification at stations, repository, and devices examined",EV-SI-7,Satisfied,Repository and FL-1 and TX-1 station verification in place,,
SI-7,SI-07a.[02],integrity verification tools are employed to detect unauthorized changes to [organization-defined value];,Examine; Test,"Station verification logs; repository integrity jobs. Population: n/a. Sample: Integrity verification at stations, repository, and devices examined",EV-SI-7,Other than satisfied,MN-1 stations verify IV-300 firmware with a checksum rather than a signature,High,POAM-019
SI-7,SI-07a.[03],integrity verification tools are employed to detect unauthorized changes to [organization-defined value];,Examine; Test,"Station verification logs; repository integrity jobs. Population: n/a. Sample: Integrity verification at stations, repository, and devices examined",EV-SI-7,Satisfied,Repository and FL-1 and TX-1 station verification in place,,
SI-7,SI-07b.[01],"[organization-defined value] are taken when unauthorized changes to the software, are detected;",Examine; Test,"Station verification logs; repository integrity jobs. Population: n/a. Sample: Integrity verification at stations, repository, and devices examined",EV-SI-7,Satisfied,Repository and FL-1 and TX-1 station verification in place,,
SI-7,SI-07b.[02],[organization-defined value] are taken when unauthorized changes to the firmware are detected;,Examine; Test,"Station verification logs; repository integrity jobs. Population: n/a. Sample: Integrity verification at stations, repository, and devices examined",EV-SI-7,Satisfied,Repository and FL-1 and TX-1 station verification in place,,
SI-7,SI-07b.[03],[organization-defined value] are taken when unauthorized changes to the information are detected.,Examine; Test,"Station verification logs; repository integrity jobs. Population: n/a. Sample: Integrity verification at stations, repository, and devices examined",EV-SI-7,Satisfied,Repository and FL-1 and TX-1 station verification in place,,
SR-3,SR-03a.[01],a process or processes is/are established to identify and address weaknesses or deficiencies in the supply chain elements and processes of [organization-defined value];,Examine,Supplier SBOM register; SCRM plan. Population: 38 third-party firmware modules. Sample: 100%,EV-SR-3,Satisfied,Supply chain process established,,
SR-3,SR-03a.[02],the process or processes to identify and address weaknesses or deficiencies in the supply chain elements and processes of [organization-defined value] is/are coordinated with [organization-defined value];,Examine,Supplier SBOM register; SCRM plan. Population: 38 third-party firmware modules. Sample: 100%,EV-SR-3,Other than satisfied,Process to address supplier software weaknesses not applied to 23 modules without SBOMs,Moderate,POAM-005
SR-3,SR-03b.,"[organization-defined value] are employed to protect against supply chain risks to the system, system component, or system service and to limit the harm or consequences from supply chain-related events;",Examine,Supplier SBOM register; SCRM plan. Population: 38 third-party firmware modules. Sample: 100%,EV-SR-3,Satisfied,Supply chain process established,,
SR-3,SR-03c.,the selected and implemented supply chain processes and controls are documented in [organization-defined value].,Examine,Supplier SBOM register; SCRM plan. Population: 38 third-party firmware modules. Sample: 100%,EV-SR-3,Satisfied,Supply chain process established,,
SR-11,SR-11a.[01],an anti-counterfeit policy is developed and implemented;,Examine; Interview,PKI issuance logs; CMO process reviews. Population: 2 contract manufacturers. Sample: 100%,EV-SR-11,Satisfied,Anti-counterfeit policy and procedures in place; CMO-1 uses the PKI,,
SR-11,SR-11a.[02],anti-counterfeit procedures are developed and implemented;,Examine; Interview,PKI issuance logs; CMO process reviews. Population: 2 contract manufacturers. Sample: 100%,EV-SR-11,Satisfied,Anti-counterfeit policy and procedures in place; CMO-1 uses the PKI,,
SR-11,SR-11a.[03],the anti-counterfeit procedures include the means to detect counterfeit components entering the system;,Examine; Interview,PKI issuance logs; CMO process reviews. Population: 2 contract manufacturers. Sample: 100%,EV-SR-11,Satisfied,Anti-counterfeit policy and procedures in place; CMO-1 uses the PKI,,
SR-11,SR-11a.[04],the anti-counterfeit procedures include the means to prevent counterfeit components from entering the system;,Examine; Interview,PKI issuance logs; CMO process reviews. Population: 2 contract manufacturers. Sample: 100%,EV-SR-11,Other than satisfied,"CMO-2 programs HB-40 boards outside the manufacturing PKI, so genuine boards cannot be distinguished by certificate",Moderate,POAM-013
SR-11,SR-11b.,counterfeit system components are reported to [organization-defined value].,Examine; Interview,PKI issuance logs; CMO process reviews. Population: 2 contract manufacturers. Sample: 100%,EV-SR-11,Satisfied,Anti-counterfeit policy and procedures in place; CMO-1 uses the PKI,,
