req_id,regulation,citation,requirement_summary,requirement_type,cmmc_id,point_value,applies_at_this_tier,csf2_subcategories,sp800_53_controls,crosswalk_source,current_state,evidence,status,level2_scope_status,gap_description,gap_risk_level,remediation_action,owner,target_date,pending_rule_change
G-001,NIST SP 800-171 Rev. 2 (CMMC Level 2),SP 800-171 Rev. 2 3.1.1,"Limit system access to authorized users, processes acting on behalf of authorized users, and devices (including other systems).",Basic,AC.L2-3.1.1,5,Yes,DE.CM-01; DE.CM-03; PR.AA-01; PR.AA-05; PR.DS-10,AC-2; AC-2(13); AC-2(3); AC-2(5),Derived from NIST official mappings via SP 800-171 Rev. 3 03.01.01 (NIST Rev. 2 to Rev. 3 change analysis; SP 800-171r3 CUI overlay for SP 800-53; CSF 2.0 to SP 800-171r3 mapping),GCEE and plants 1 to 8 use named SYS-G1 accounts after U.S.-person verification. Plant 9 file server uses shared local accounts,Identity export; Plant 9 walkthrough 2026-06-18,Partially met,Met,Plant 9 shared local accounts (outside the planned Level 2 scope),High,Named accounts federated to SYS-G1 at Plant 9 now; full migration by 2027-03-31,Aircraft Parts VP of operations,2026-12-31,None pending. Rev. 3 counterpart 03.01.01; Rev. 3 is not required for CMMC Level 2 (32 CFR 170.14(c)(3) fixes Rev. 2)
G-002,NIST SP 800-171 Rev. 2 (CMMC Level 2),SP 800-171 Rev. 2 3.1.2,Limit system access to the types of transactions and functions that authorized users are permitted to execute.,Basic,AC.L2-3.1.2,5,Yes,PR.AA-05; PR.DS-10; PR.IR-01,AC-3,Derived from NIST official mappings via SP 800-171 Rev. 3 03.01.02 (NIST Rev. 2 to Rev. 3 change analysis; SP 800-171r3 CUI overlay for SP 800-53; CSF 2.0 to SP 800-171r3 mapping),"PLM project roles (viewer, author, checker, release) limit what each user can do in each program space; administration is limited to PAM-elevated platform roles. Plants 1 to 8 use the same identity and access design (plant enclave SSPs).",PLM role matrix; plant enclave SSPs,Met,Met,None,Low,None,PLM administrators,,None pending. Rev. 3 counterpart 03.01.02; Rev. 3 is not required for CMMC Level 2 (32 CFR 170.14(c)(3) fixes Rev. 2)
G-003,NIST SP 800-171 Rev. 2 (CMMC Level 2),SP 800-171 Rev. 2 3.1.3,Control the flow of CUI in accordance with approved authorizations.,Derived,AC.L2-3.1.3,1,Yes,DE.CM-09; PR.DS-10; PR.IR-01,AC-4,Derived from NIST official mappings via SP 800-171 Rev. 3 03.01.03 (NIST Rev. 2 to Rev. 3 change analysis; SP 800-171r3 CUI overlay for SP 800-53; CSF 2.0 to SP 800-171r3 mapping),Approved flow paths documented; daily sustainment export to SYS-D4 continues without CSP equivalency evidence; Program H can push to general MES queues,Flow register; P07 AC-4 result,Partially met,Not met,Unapproved CUI flow to SYS-D4; Program H flows not separated,High,Stop the SYS-D4 export (POAM-006); Program H release queue at its cell only,Aircraft Parts VP of supply chain,2026-11-30,None pending. Rev. 3 counterpart 03.01.03; Rev. 3 is not required for CMMC Level 2 (32 CFR 170.14(c)(3) fixes Rev. 2)
G-004,NIST SP 800-171 Rev. 2 (CMMC Level 2),SP 800-171 Rev. 2 3.1.4,Separate the duties of individuals to reduce the risk of malevolent activity without collusion.,Derived,AC.L2-3.1.4,1,Yes,PR.AA-05,AC-5,Derived from NIST official mappings via SP 800-171 Rev. 3 03.01.04 (NIST Rev. 2 to Rev. 3 change analysis; SP 800-171r3 CUI overlay for SP 800-53; CSF 2.0 to SP 800-171r3 mapping),"Separation of duties in PLM (author, checker, release) and in platform administration (key, platform, and log administrators are different roles). Plants 1 to 8 use the same identity and access design (plant enclave SSPs).",Role separation matrix; plant enclave SSPs,Met,Met,None,Low,None,Group data and engineering platforms director,,None pending. Rev. 3 counterpart 03.01.04; Rev. 3 is not required for CMMC Level 2 (32 CFR 170.14(c)(3) fixes Rev. 2)
G-005,NIST SP 800-171 Rev. 2 (CMMC Level 2),SP 800-171 Rev. 2 3.1.5,"Employ the principle of least privilege, including for specific security functions and privileged accounts.",Derived,AC.L2-3.1.5,3,Yes,PR.AA-05,AC-6; AC-6(1); AC-6(7),Derived from NIST official mappings via SP 800-171 Rev. 3 03.01.05 (NIST Rev. 2 to Rev. 3 change analysis; SP 800-171r3 CUI overlay for SP 800-53; CSF 2.0 to SP 800-171r3 mapping),Least privilege through project roles certified every quarter; privileged roles only through PAM just in time. Plants 1 to 8 use the same identity and access design (plant enclave SSPs).,Certification results; PAM policy; plant enclave SSPs,Met,Met,None,Low,None,Group identity director,,None pending. Rev. 3 counterpart 03.01.05; Rev. 3 is not required for CMMC Level 2 (32 CFR 170.14(c)(3) fixes Rev. 2)
G-006,NIST SP 800-171 Rev. 2 (CMMC Level 2),SP 800-171 Rev. 2 3.1.6,Use non-privileged accounts or roles when accessing nonsecurity functions,Derived,AC.L2-3.1.6,1,Yes,PR.AA-05,AC-6(2),Derived from NIST official mappings via SP 800-171 Rev. 3 03.01.06 (NIST Rev. 2 to Rev. 3 change analysis; SP 800-171r3 CUI overlay for SP 800-53; CSF 2.0 to SP 800-171r3 mapping),Administrators use separate privileged accounts for administration only. Plants 1 to 8 use the same identity and access design (plant enclave SSPs).,PAM account register; plant enclave SSPs,Met,Met,None,Low,None,Group identity director,,None pending. Rev. 3 counterpart 03.01.06; Rev. 3 is not required for CMMC Level 2 (32 CFR 170.14(c)(3) fixes Rev. 2)
G-007,NIST SP 800-171 Rev. 2 (CMMC Level 2),SP 800-171 Rev. 2 3.1.7,Prevent non-privileged users from executing privileged functions and capture the execution of such functions in audit logs.,Derived,AC.L2-3.1.7,1,Yes,PR.AA-05,AC-6(10); AC-6(9),Derived from NIST official mappings via SP 800-171 Rev. 3 03.01.07 (NIST Rev. 2 to Rev. 3 change analysis; SP 800-171r3 CUI overlay for SP 800-53; CSF 2.0 to SP 800-171r3 mapping),Non-privileged users cannot run privileged functions; PAM logs every privileged command to the SIEM. Plants 1 to 8 use the same identity and access design (plant enclave SSPs).,PAM session logs; plant enclave SSPs,Met,Met,None,Low,None,GCEE platform engineering lead,,None pending. Rev. 3 counterpart 03.01.07; Rev. 3 is not required for CMMC Level 2 (32 CFR 170.14(c)(3) fixes Rev. 2)
G-008,NIST SP 800-171 Rev. 2 (CMMC Level 2),SP 800-171 Rev. 2 3.1.8,Limit unsuccessful logon attempts.,Derived,AC.L2-3.1.8,1,Yes,PR.AA-03,AC-7,Derived from NIST official mappings via SP 800-171 Rev. 3 03.01.08 (NIST Rev. 2 to Rev. 3 change analysis; SP 800-171r3 CUI overlay for SP 800-53; CSF 2.0 to SP 800-171r3 mapping; CSF 2.0 via NIST CSF 2.0 to SP 800-53 mapping because the CSF 2.0 to 800-171r3 mapping has no entry),Lockout after 10 failed attempts plus risk-based blocking. Plants 1 to 8 use the same identity and access design (plant enclave SSPs).,Authentication policy; plant enclave SSPs,Met,Met,None,Low,None,Group identity director,,None pending. Rev. 3 counterpart 03.01.08; Rev. 3 is not required for CMMC Level 2 (32 CFR 170.14(c)(3) fixes Rev. 2)
G-009,NIST SP 800-171 Rev. 2 (CMMC Level 2),SP 800-171 Rev. 2 3.1.9,Provide privacy and security notices consistent with applicable CUI rules.,Derived,AC.L2-3.1.9,1,Yes,PR.AA-05,AC-8,Derived from NIST official mappings via SP 800-171 Rev. 3 03.01.09 (NIST Rev. 2 to Rev. 3 change analysis; SP 800-171r3 CUI overlay for SP 800-53; CSF 2.0 to SP 800-171r3 mapping; CSF 2.0 via NIST CSF 2.0 to SP 800-53 mapping because the CSF 2.0 to 800-171r3 mapping has no entry); CSF author mapping,CUI banner at sign-in and on every CAD virtual workstation. Plants 1 to 8 use the same identity and access design (plant enclave SSPs).,Banner configuration; plant enclave SSPs,Met,Met,None,Low,None,Group identity director,,None pending. Rev. 3 counterpart 03.01.09; Rev. 3 is not required for CMMC Level 2 (32 CFR 170.14(c)(3) fixes Rev. 2)
G-010,NIST SP 800-171 Rev. 2 (CMMC Level 2),SP 800-171 Rev. 2 3.1.10,Use session lock with pattern-hiding displays to prevent access and viewing of data after a period of inactivity,Derived,AC.L2-3.1.10,1,Yes,PR.AA-05,AC-11; AC-11(1),Derived from NIST official mappings via SP 800-171 Rev. 3 03.01.10 (NIST Rev. 2 to Rev. 3 change analysis; SP 800-171r3 CUI overlay for SP 800-53; CSF 2.0 to SP 800-171r3 mapping; CSF 2.0 via NIST CSF 2.0 to SP 800-53 mapping because the CSF 2.0 to 800-171r3 mapping has no entry); CSF author mapping,Session lock after 15 minutes with a pattern-hiding screen on virtual and thick workstations. Plants 1 to 8 use the same identity and access design (plant enclave SSPs).,Endpoint baseline; plant enclave SSPs,Met,Met,None,Low,None,GCEE platform engineering lead,,None pending. Rev. 3 counterpart 03.01.10; Rev. 3 is not required for CMMC Level 2 (32 CFR 170.14(c)(3) fixes Rev. 2)
G-011,NIST SP 800-171 Rev. 2 (CMMC Level 2),SP 800-171 Rev. 2 3.1.11,Terminate (automatically) a user session after a defined condition.,Derived,AC.L2-3.1.11,1,Yes,PR.AA-03,AC-12,Derived from NIST official mappings via SP 800-171 Rev. 3 03.01.11 (NIST Rev. 2 to Rev. 3 change analysis; SP 800-171r3 CUI overlay for SP 800-53; CSF 2.0 to SP 800-171r3 mapping),"Sessions end after inactivity (15 minutes VDI, 30 minutes PLM web) or 12 hours. Plants 1 to 8 use the same identity and access design (plant enclave SSPs).",Session policy; plant enclave SSPs,Met,Met,None,Low,None,Group identity director,,None pending. Rev. 3 counterpart 03.01.11; Rev. 3 is not required for CMMC Level 2 (32 CFR 170.14(c)(3) fixes Rev. 2)
G-012,NIST SP 800-171 Rev. 2 (CMMC Level 2),SP 800-171 Rev. 2 3.1.12,Monitor and control remote access sessions.,Derived,AC.L2-3.1.12,5,Yes,PR.AA-05,AC-17; AC-17(3); AC-17(4),Derived from NIST official mappings via SP 800-171 Rev. 3 03.01.12 (NIST Rev. 2 to Rev. 3 change analysis; SP 800-171r3 CUI overlay for SP 800-53; CSF 2.0 to SP 800-171r3 mapping),Remote access only through the virtual desktop gateway or group VPN; sessions monitored by the SOC. Plants 1 to 8 use the same identity and access design (plant enclave SSPs).,SIEM remote access use cases; plant enclave SSPs,Met,Met,None,Low,None,Group SOC director,,None pending. Rev. 3 counterpart 03.01.12; Rev. 3 is not required for CMMC Level 2 (32 CFR 170.14(c)(3) fixes Rev. 2)
G-013,NIST SP 800-171 Rev. 2 (CMMC Level 2),SP 800-171 Rev. 2 3.1.13,Employ cryptographic mechanisms to protect the confidentiality of remote access sessions.,Derived,AC.L2-3.1.13,5,Yes,PR.AA-05,AC-17; AC-17(3); AC-17(4),Derived from NIST official mappings via SP 800-171 Rev. 3 03.01.12 (NIST Rev. 2 to Rev. 3 change analysis; SP 800-171r3 CUI overlay for SP 800-53; CSF 2.0 to SP 800-171r3 mapping),Remote sessions use TLS with FIPS-validated modules. Plants 1 to 8 use the same identity and access design (plant enclave SSPs).,Module certificates; plant enclave SSPs,Met,Met,None,Low,None,Group network director,,None pending. In SP 800-171 Rev. 3 this requirement is withdrawn (Incorporated into 03.01.12). Rev. 3 is not required for CMMC Level 2 (32 CFR 170.14(c)(3) fixes Rev. 2)
G-014,NIST SP 800-171 Rev. 2 (CMMC Level 2),SP 800-171 Rev. 2 3.1.14,Route remote access via managed access control points.,Derived,AC.L2-3.1.14,1,Yes,PR.AA-05,AC-17; AC-17(3); AC-17(4),Derived from NIST official mappings via SP 800-171 Rev. 3 03.01.12 (NIST Rev. 2 to Rev. 3 change analysis; SP 800-171r3 CUI overlay for SP 800-53; CSF 2.0 to SP 800-171r3 mapping),Remote access is routed through two managed gateways in the provider A hub. Plants 1 to 8 use the same identity and access design (plant enclave SSPs).,Network diagram (P04); plant enclave SSPs,Met,Met,None,Low,None,Group network director,,None pending. In SP 800-171 Rev. 3 this requirement is withdrawn (Incorporated into 03.01.12). Rev. 3 is not required for CMMC Level 2 (32 CFR 170.14(c)(3) fixes Rev. 2)
G-015,NIST SP 800-171 Rev. 2 (CMMC Level 2),SP 800-171 Rev. 2 3.1.15,Authorize remote execution of privileged commands and remote access to security-relevant information.,Derived,AC.L2-3.1.15,1,Yes,PR.AA-05,AC-17; AC-17(3); AC-17(4),Derived from NIST official mappings via SP 800-171 Rev. 3 03.01.12 (NIST Rev. 2 to Rev. 3 change analysis; SP 800-171r3 CUI overlay for SP 800-53; CSF 2.0 to SP 800-171r3 mapping),Remote privileged commands require PAM approval and are recorded. Plants 1 to 8 use the same identity and access design (plant enclave SSPs).,PAM approvals; plant enclave SSPs,Met,Met,None,Low,None,Group identity director,,None pending. In SP 800-171 Rev. 3 this requirement is withdrawn (Incorporated into 03.01.12). Rev. 3 is not required for CMMC Level 2 (32 CFR 170.14(c)(3) fixes Rev. 2)
G-016,NIST SP 800-171 Rev. 2 (CMMC Level 2),SP 800-171 Rev. 2 3.1.16,Authorize wireless access prior to allowing such connections,Derived,AC.L2-3.1.16,5,Yes,PR.AA-05,AC-18; AC-18(1); AC-18(3),Derived from NIST official mappings via SP 800-171 Rev. 3 03.01.16 (NIST Rev. 2 to Rev. 3 change analysis; SP 800-171r3 CUI overlay for SP 800-53; CSF 2.0 to SP 800-171r3 mapping),Wireless at plants and centers is authorized by the network team before use; certificate-based access only. Plants 1 to 8 use the same identity and access design (plant enclave SSPs).,Wireless standard; plant enclave SSPs,Met,Met,None,Low,None,Group network director,,None pending. Rev. 3 counterpart 03.01.16; Rev. 3 is not required for CMMC Level 2 (32 CFR 170.14(c)(3) fixes Rev. 2)
G-017,NIST SP 800-171 Rev. 2 (CMMC Level 2),SP 800-171 Rev. 2 3.1.17,Protect wireless access using authentication and encryption,Derived,AC.L2-3.1.17,5,Yes,PR.AA-05,AC-18; AC-18(1); AC-18(3),Derived from NIST official mappings via SP 800-171 Rev. 3 03.01.16 (NIST Rev. 2 to Rev. 3 change analysis; SP 800-171r3 CUI overlay for SP 800-53; CSF 2.0 to SP 800-171r3 mapping),WPA3-Enterprise with certificate authentication protects wireless used by thick CAD workstations. Plants 1 to 8 use the same identity and access design (plant enclave SSPs).,Wireless controller configuration; plant enclave SSPs,Met,Met,None,Low,None,Group network director,,None pending. In SP 800-171 Rev. 3 this requirement is withdrawn (Incorporated into 03.01.16). Rev. 3 is not required for CMMC Level 2 (32 CFR 170.14(c)(3) fixes Rev. 2)
G-018,NIST SP 800-171 Rev. 2 (CMMC Level 2),SP 800-171 Rev. 2 3.1.18,Control connection of mobile devices.,Derived,AC.L2-3.1.18,5,Yes,PR.AA-05,AC-19; AC-19(5),Derived from NIST official mappings via SP 800-171 Rev. 3 03.01.18 (NIST Rev. 2 to Rev. 3 change analysis; SP 800-171r3 CUI overlay for SP 800-53; CSF 2.0 to SP 800-171r3 mapping),Mobile devices reach only the CUI suite app with app protection; no PLM access. Plants 1 to 8 use the same identity and access design (plant enclave SSPs).,Mobile policy; plant enclave SSPs,Met,Met,None,Low,None,Group identity director,,None pending. Rev. 3 counterpart 03.01.18; Rev. 3 is not required for CMMC Level 2 (32 CFR 170.14(c)(3) fixes Rev. 2)
G-019,NIST SP 800-171 Rev. 2 (CMMC Level 2),SP 800-171 Rev. 2 3.1.19,Encrypt CUI on mobile devices and mobile computing platforms.[23],Derived,AC.L2-3.1.19,3,Yes,PR.AA-05,AC-19; AC-19(5),Derived from NIST official mappings via SP 800-171 Rev. 3 03.01.18 (NIST Rev. 2 to Rev. 3 change analysis; SP 800-171r3 CUI overlay for SP 800-53; CSF 2.0 to SP 800-171r3 mapping),"CUI on mobile devices stays inside the protected app container, encrypted with FIPS-validated modules; laptops have full-disk encryption. Plants 1 to 8 use the same identity and access design (plant enclave SSPs).",Mobile and endpoint encryption reports; plant enclave SSPs,Met,Met,None,Low,None,Group identity director,,None pending. In SP 800-171 Rev. 3 this requirement is withdrawn (Incorporated into 03.01.18). Rev. 3 is not required for CMMC Level 2 (32 CFR 170.14(c)(3) fixes Rev. 2)
G-020,NIST SP 800-171 Rev. 2 (CMMC Level 2),SP 800-171 Rev. 2 3.1.20,Verify and control/limit connections to and use of external systems.,Derived,AC.L2-3.1.20,1,Yes,ID.AM-02; ID.AM-04,AC-20; AC-20(1); AC-20(2),Derived from NIST official mappings via SP 800-171 Rev. 3 03.01.20 (NIST Rev. 2 to Rev. 3 change analysis; SP 800-171r3 CUI overlay for SP 800-53; CSF 2.0 to SP 800-171r3 mapping; CSF 2.0 via NIST CSF 2.0 to SP 800-53 mapping because the CSF 2.0 to 800-171r3 mapping has no entry),External systems register lists prime portals and gateway partners. SYS-D4 (sister-division CSP) receives CUI without FedRAMP Moderate equivalency evidence,External systems register; P07 AC-20 result,Partially met,Not met,External CSP use not verified; cannot be on a POA&M (32 CFR 170.21(a)(2)(iii)(A)),High,Move sustainment CUI into the GCEE; keep SYS-D4 for non-CUI data until equivalency is evidenced,Aircraft Parts VP of supply chain,2026-11-30,None pending. Rev. 3 counterpart 03.01.20; Rev. 3 is not required for CMMC Level 2 (32 CFR 170.14(c)(3) fixes Rev. 2)
G-021,NIST SP 800-171 Rev. 2 (CMMC Level 2),SP 800-171 Rev. 2 3.1.21,Limit use of portable storage devices on external systems.,Derived,AC.L2-3.1.21,1,Yes,ID.AM-02; ID.AM-04,AC-20; AC-20(1); AC-20(2),Derived from NIST official mappings via SP 800-171 Rev. 3 03.01.20 (NIST Rev. 2 to Rev. 3 change analysis; SP 800-171r3 CUI overlay for SP 800-53; CSF 2.0 to SP 800-171r3 mapping; CSF 2.0 via NIST CSF 2.0 to SP 800-53 mapping because the CSF 2.0 to 800-171r3 mapping has no entry),"Download and removable media are blocked on virtual workstations; on thick workstations only registered encrypted drives work, and never on external systems. Plants 1 to 8 use the same identity and access design (plant enclave SSPs).",Device control policy; plant enclave SSPs,Met,Met,None,Low,None,GCEE platform engineering lead,,None pending. In SP 800-171 Rev. 3 this requirement is withdrawn (Incorporated into 03.01.20). Rev. 3 is not required for CMMC Level 2 (32 CFR 170.14(c)(3) fixes Rev. 2)
G-022,NIST SP 800-171 Rev. 2 (CMMC Level 2),SP 800-171 Rev. 2 3.1.22,Control CUI posted or processed on publicly accessible systems.,Derived,AC.L2-3.1.22,1,Yes,PR.AA-05,AC-22,Derived from NIST official mappings via SP 800-171 Rev. 3 03.01.22 (NIST Rev. 2 to Rev. 3 change analysis; SP 800-171r3 CUI overlay for SP 800-53; CSF 2.0 to SP 800-171r3 mapping; CSF 2.0 via NIST CSF 2.0 to SP 800-53 mapping because the CSF 2.0 to 800-171r3 mapping has no entry); CSF author mapping,No GCEE content is posted publicly; public releases go through communications and export review. Plants 1 to 8 use the same identity and access design (plant enclave SSPs).,Release review log; plant enclave SSPs,Met,Met,None,Low,None,Group communications lead,,None pending. Rev. 3 counterpart 03.01.22; Rev. 3 is not required for CMMC Level 2 (32 CFR 170.14(c)(3) fixes Rev. 2)
G-023,NIST SP 800-171 Rev. 2 (CMMC Level 2),SP 800-171 Rev. 2 3.2.1,"Ensure that managers, systems administrators, and users of organizational systems are made aware of the security risks associated with their activities and of the applicable policies, standards, and procedures related to the security of those systems.",Basic,AT.L2-3.2.1,5,Yes,PR.AT-01,AT-2; AT-2(2); AT-2(3),Derived from NIST official mappings via SP 800-171 Rev. 3 03.02.01 (NIST Rev. 2 to Rev. 3 change analysis; SP 800-171r3 CUI overlay for SP 800-53; CSF 2.0 to SP 800-171r3 mapping; CSF 2.0 via NIST CSF 2.0 to SP 800-53 mapping because the CSF 2.0 to 800-171r3 mapping has no entry),"Annual awareness training including CUI handling, export control, and AI tool rules; 97% completion. Applies to plant and engineering staff alike.",Learning system report; plant enclave SSPs,Met,Met,None,Low,None,Group HR director,,None pending. Rev. 3 counterpart 03.02.01; Rev. 3 is not required for CMMC Level 2 (32 CFR 170.14(c)(3) fixes Rev. 2)
G-024,NIST SP 800-171 Rev. 2 (CMMC Level 2),SP 800-171 Rev. 2 3.2.2,Ensure that personnel are trained to carry out their assigned information security-related duties and responsibilities.,Basic,AT.L2-3.2.2,5,Yes,PR.AT-01; PR.AT-02,AT-3,Derived from NIST official mappings via SP 800-171 Rev. 3 03.02.02 (NIST Rev. 2 to Rev. 3 change analysis; SP 800-171r3 CUI overlay for SP 800-53; CSF 2.0 to SP 800-171r3 mapping),"Role-based training for PLM administrators, platform engineers, and export-tag owners every year. Applies to plant and engineering staff alike.",Role-based training records; plant enclave SSPs,Met,Met,None,Low,None,Group data and engineering platforms director,,None pending. Rev. 3 counterpart 03.02.02; Rev. 3 is not required for CMMC Level 2 (32 CFR 170.14(c)(3) fixes Rev. 2)
G-025,NIST SP 800-171 Rev. 2 (CMMC Level 2),SP 800-171 Rev. 2 3.2.3,Provide security awareness training on recognizing and reporting potential indicators of insider threat.,Derived,AT.L2-3.2.3,1,Yes,PR.AT-01,AT-2; AT-2(2); AT-2(3),Derived from NIST official mappings via SP 800-171 Rev. 3 03.02.01 (NIST Rev. 2 to Rev. 3 change analysis; SP 800-171r3 CUI overlay for SP 800-53; CSF 2.0 to SP 800-171r3 mapping; CSF 2.0 via NIST CSF 2.0 to SP 800-53 mapping because the CSF 2.0 to 800-171r3 mapping has no entry),Insider threat awareness for all GCEE users through the entity-wide insider threat program. Applies to plant and engineering staff alike.,Training completion; plant enclave SSPs,Met,Met,None,Low,None,Group ITPSO,,None pending. In SP 800-171 Rev. 3 this requirement is withdrawn (Incorporated into 03.02 01). Rev. 3 is not required for CMMC Level 2 (32 CFR 170.14(c)(3) fixes Rev. 2)
G-026,NIST SP 800-171 Rev. 2 (CMMC Level 2),SP 800-171 Rev. 2 3.3.1,"Create and retain system audit logs and records to the extent needed to enable the monitoring, analysis, investigation, and reporting of unlawful or unauthorized system activity",Basic,AU.L2-3.3.1,5,Yes,PR.PS-04,AU-2,Derived from NIST official mappings via SP 800-171 Rev. 3 03.03.01 (NIST Rev. 2 to Rev. 3 change analysis; SP 800-171r3 CUI overlay for SP 800-53; CSF 2.0 to SP 800-171r3 mapping; CSF 2.0 via NIST CSF 2.0 to SP 800-53 mapping because the CSF 2.0 to 800-171r3 mapping has no entry),"GCEE and plants 1, 2, 3, 5 send logs to the SIEM. MES and DNC logs at plants 4, 6, 7, 8 stay local for 30 days",Log source inventory; P07 AU-12 result,Partially met,Not met,Plant MES and DNC logs not retained or reviewed centrally,High,"Onboard plants 4, 6, 7, 8 MES and DNC logs (POAM-004)",Group SOC director,2026-11-20,None pending. Rev. 3 counterpart 03.03.01; Rev. 3 is not required for CMMC Level 2 (32 CFR 170.14(c)(3) fixes Rev. 2)
G-027,NIST SP 800-171 Rev. 2 (CMMC Level 2),SP 800-171 Rev. 2 3.3.2,"Ensure that the actions of individual system users can be uniquely traced to those users, so they can be held accountable for their actions.",Basic,AU.L2-3.3.2,3,Yes,PR.PS-04,AU-3; AU-3(1),Derived from NIST official mappings via SP 800-171 Rev. 3 03.03.02 (NIST Rev. 2 to Rev. 3 change analysis; SP 800-171r3 CUI overlay for SP 800-53; CSF 2.0 to SP 800-171r3 mapping),PLM and platform records tie every action to a named user or registered service account. Plant log coverage is tracked under 3.3.1.,Sample audit records; plant enclave SSPs,Met,Met,None,Low,None,GCEE platform engineering lead,,None pending. Rev. 3 counterpart 03.03.02; Rev. 3 is not required for CMMC Level 2 (32 CFR 170.14(c)(3) fixes Rev. 2)
G-028,NIST SP 800-171 Rev. 2 (CMMC Level 2),SP 800-171 Rev. 2 3.3.3,Review and update logged events.,Derived,AU.L2-3.3.3,1,Yes,DE.CM-01; DE.CM-03; DE.CM-09; PR.PS-04,AU-11; AU-12,Derived from NIST official mappings via SP 800-171 Rev. 3 03.03.03 (NIST Rev. 2 to Rev. 3 change analysis; SP 800-171r3 CUI overlay for SP 800-53; CSF 2.0 to SP 800-171r3 mapping),Logged events are reviewed every year and after major changes. Plant log coverage is tracked under 3.3.1.,Event list review 2026-06; plant enclave SSPs,Met,Met,None,Low,None,Group SOC director,,None pending. Rev. 3 counterpart 03.03.03; Rev. 3 is not required for CMMC Level 2 (32 CFR 170.14(c)(3) fixes Rev. 2)
G-029,NIST SP 800-171 Rev. 2 (CMMC Level 2),SP 800-171 Rev. 2 3.3.4,Alert in the event of an audit logging process failure.,Derived,AU.L2-3.3.4,1,Yes,PR.AA-05,AU-5,Derived from NIST official mappings via SP 800-171 Rev. 3 03.03.04 (NIST Rev. 2 to Rev. 3 change analysis; SP 800-171r3 CUI overlay for SP 800-53; CSF 2.0 to SP 800-171r3 mapping; CSF 2.0 via NIST CSF 2.0 to SP 800-53 mapping because the CSF 2.0 to 800-171r3 mapping has no entry); CSF author mapping,SIEM health alerts exist for GCEE sources only; plant log sources have no failure alerting,SIEM health rules,Not met,Not met,No alert when plant logging fails,Moderate,Health rules for every plant source as it is onboarded (POAM-004),Group SOC director,2026-11-20,None pending. Rev. 3 counterpart 03.03.04; Rev. 3 is not required for CMMC Level 2 (32 CFR 170.14(c)(3) fixes Rev. 2)
G-030,NIST SP 800-171 Rev. 2 (CMMC Level 2),SP 800-171 Rev. 2 3.3.5,"Correlate audit record review, analysis, and reporting processes for investigation and response to indications of unlawful, unauthorized, suspicious, or unusual activity.",Derived,AU.L2-3.3.5,5,Yes,DE.AE-02; DE.AE-03; PR.PS-04,AU-6; AU-6(3),Derived from NIST official mappings via SP 800-171 Rev. 3 03.03.05 (NIST Rev. 2 to Rev. 3 change analysis; SP 800-171r3 CUI overlay for SP 800-53; CSF 2.0 to SP 800-171r3 mapping),"24x7 SOC correlation of GCEE, identity, gateway, and EDR events. Plant log coverage is tracked under 3.3.1.",SIEM use cases; plant enclave SSPs,Met,Met,None,Low,None,Group SOC director,,None pending. Rev. 3 counterpart 03.03.05; Rev. 3 is not required for CMMC Level 2 (32 CFR 170.14(c)(3) fixes Rev. 2)
G-031,NIST SP 800-171 Rev. 2 (CMMC Level 2),SP 800-171 Rev. 2 3.3.6,Provide audit record reduction and report generation to support on-demand analysis and reporting.,Derived,AU.L2-3.3.6,1,Yes,PR.PS-04; RS.AN-03; RS.AN-06; RS.AN-07,AU-7,Derived from NIST official mappings via SP 800-171 Rev. 3 03.03.06 (NIST Rev. 2 to Rev. 3 change analysis; SP 800-171r3 CUI overlay for SP 800-53; CSF 2.0 to SP 800-171r3 mapping),SIEM search and report generation on demand. Plant log coverage is tracked under 3.3.1.,Saved searches; plant enclave SSPs,Met,Met,None,Low,None,Group SOC director,,None pending. Rev. 3 counterpart 03.03.06; Rev. 3 is not required for CMMC Level 2 (32 CFR 170.14(c)(3) fixes Rev. 2)
G-032,NIST SP 800-171 Rev. 2 (CMMC Level 2),SP 800-171 Rev. 2 3.3.7,Provide a system capability that compares and synchronizes internal system clocks with an authoritative source to generate time stamps for audit records,Derived,AU.L2-3.3.7,1,Yes,PR.AA-05,AU-8,Derived from NIST official mappings via SP 800-171 Rev. 3 03.03.07 (NIST Rev. 2 to Rev. 3 change analysis; SP 800-171r3 CUI overlay for SP 800-53; CSF 2.0 to SP 800-171r3 mapping; CSF 2.0 via NIST CSF 2.0 to SP 800-53 mapping because the CSF 2.0 to 800-171r3 mapping has no entry); CSF author mapping,Provider time service and group time servers. Plant log coverage is tracked under 3.3.1.,Time configuration; plant enclave SSPs,Met,Met,None,Low,None,Group cloud platform director,,None pending. Rev. 3 counterpart 03.03.07; Rev. 3 is not required for CMMC Level 2 (32 CFR 170.14(c)(3) fixes Rev. 2)
G-033,NIST SP 800-171 Rev. 2 (CMMC Level 2),SP 800-171 Rev. 2 3.3.8,"Protect audit information and audit logging tools from unauthorized access, modification, and deletion.",Derived,AU.L2-3.3.8,1,Yes,PR.DS-10,AU-9; AU-9(4),Derived from NIST official mappings via SP 800-171 Rev. 3 03.03.08 (NIST Rev. 2 to Rev. 3 change analysis; SP 800-171r3 CUI overlay for SP 800-53; CSF 2.0 to SP 800-171r3 mapping),Immutable log archive; only SOC engineering roles change log settings. Plant log coverage is tracked under 3.3.1.,Archive configuration; plant enclave SSPs,Met,Met,None,Low,None,Group SOC director,,None pending. Rev. 3 counterpart 03.03.08; Rev. 3 is not required for CMMC Level 2 (32 CFR 170.14(c)(3) fixes Rev. 2)
G-034,NIST SP 800-171 Rev. 2 (CMMC Level 2),SP 800-171 Rev. 2 3.3.9,Limit management of audit logging functionality to a subset of privileged users.,Derived,AU.L2-3.3.9,1,Yes,PR.DS-10,AU-9; AU-9(4),Derived from NIST official mappings via SP 800-171 Rev. 3 03.03.08 (NIST Rev. 2 to Rev. 3 change analysis; SP 800-171r3 CUI overlay for SP 800-53; CSF 2.0 to SP 800-171r3 mapping),Log configuration changes are limited to 6 SOC engineers through PAM. Plant log coverage is tracked under 3.3.1.,Role register; plant enclave SSPs,Met,Met,None,Low,None,Group SOC director,,None pending. In SP 800-171 Rev. 3 this requirement is withdrawn (Incorporated into 03.03.08). Rev. 3 is not required for CMMC Level 2 (32 CFR 170.14(c)(3) fixes Rev. 2)
G-035,NIST SP 800-171 Rev. 2 (CMMC Level 2),SP 800-171 Rev. 2 3.4.1,"Establish and maintain baseline configurations and inventories of organizational systems (including hardware, software, firmware, and documentation) throughout the respective system development life cycles.",Basic,CM.L2-3.4.1,5,Yes,PR.PS-01,CM-2,Derived from NIST official mappings via SP 800-171 Rev. 3 03.04.01 (NIST Rev. 2 to Rev. 3 change analysis; SP 800-171r3 CUI overlay for SP 800-53; CSF 2.0 to SP 800-171r3 mapping),"Cloud components and plants 1, 2, 3, 5, 6, 8 inventoried with CMMC categories. Thick CAD workstations at plants 4 and 7 lack categories; their plant diagrams predate the 2025 MES upgrade",Asset inventory export; plant diagrams,Partially met,Not met,Inventory and diagram incomplete at 2 plants,High,Tag and reconcile inventories; update diagrams (POAM-005),GCEE platform engineering lead,2026-10-31,None pending. Rev. 3 counterpart 03.04.01; Rev. 3 is not required for CMMC Level 2 (32 CFR 170.14(c)(3) fixes Rev. 2)
G-036,NIST SP 800-171 Rev. 2 (CMMC Level 2),SP 800-171 Rev. 2 3.4.2,Establish and enforce security configuration settings for information technology products employed in organizational systems.,Basic,CM.L2-3.4.2,5,Yes,DE.CM-09; PR.PS-01,CM-6,Derived from NIST official mappings via SP 800-171 Rev. 3 03.04.02 (NIST Rev. 2 to Rev. 3 change analysis; SP 800-171r3 CUI overlay for SP 800-53; CSF 2.0 to SP 800-171r3 mapping),Guardrail policies and hardened images enforce configuration settings; drift reported daily. Plant enclave SSPs apply the same standards to MES and DNC servers; machines are Specialized Assets.,Guardrail compliance report; plant enclave SSPs,Met,Met,None,Low,None,Group cloud platform director,,None pending. Rev. 3 counterpart 03.04.02; Rev. 3 is not required for CMMC Level 2 (32 CFR 170.14(c)(3) fixes Rev. 2)
G-037,NIST SP 800-171 Rev. 2 (CMMC Level 2),SP 800-171 Rev. 2 3.4.3,"Track, review, approve or disapprove, and log changes to organizational systems.",Derived,CM.L2-3.4.3,1,Yes,DE.CM-01; DE.CM-09; ID.RA-07; PR.PS-01,CM-3,Derived from NIST official mappings via SP 800-171 Rev. 3 03.04.03 (NIST Rev. 2 to Rev. 3 change analysis; SP 800-171r3 CUI overlay for SP 800-53; CSF 2.0 to SP 800-171r3 mapping),Changes go through the group change board with tickets and approvals. Plant enclave SSPs apply the same standards to MES and DNC servers; machines are Specialized Assets.,Change records; plant enclave SSPs,Met,Met,None,Low,None,GCEE platform engineering lead,,None pending. Rev. 3 counterpart 03.04.03; Rev. 3 is not required for CMMC Level 2 (32 CFR 170.14(c)(3) fixes Rev. 2)
G-038,NIST SP 800-171 Rev. 2 (CMMC Level 2),SP 800-171 Rev. 2 3.4.4,Analyze the security impact of changes prior to implementation.,Derived,CM.L2-3.4.4,1,Yes,ID.RA-07; PR.PS-01,CM-4; CM-4(2),Derived from NIST official mappings via SP 800-171 Rev. 3 03.04.04 (NIST Rev. 2 to Rev. 3 change analysis; SP 800-171r3 CUI overlay for SP 800-53; CSF 2.0 to SP 800-171r3 mapping),Security impact analysis on every normal change. Plant enclave SSPs apply the same standards to MES and DNC servers; machines are Specialized Assets.,Change ticket template; plant enclave SSPs,Met,Met,None,Low,None,GCEE platform engineering lead,,None pending. Rev. 3 counterpart 03.04.04; Rev. 3 is not required for CMMC Level 2 (32 CFR 170.14(c)(3) fixes Rev. 2)
G-039,NIST SP 800-171 Rev. 2 (CMMC Level 2),SP 800-171 Rev. 2 3.4.5,"Define, document, approve, and enforce physical and logical access restrictions associated with changes to organizational systems.",Derived,CM.L2-3.4.5,5,Yes,PR.PS-01,CM-5,Derived from NIST official mappings via SP 800-171 Rev. 3 03.04.05 (NIST Rev. 2 to Rev. 3 change analysis; SP 800-171r3 CUI overlay for SP 800-53; CSF 2.0 to SP 800-171r3 mapping),Only the pipeline and PAM-elevated engineers can change GCEE infrastructure. Plant enclave SSPs apply the same standards to MES and DNC servers; machines are Specialized Assets.,Pipeline permissions; plant enclave SSPs,Met,Met,None,Low,None,GCEE platform engineering lead,,None pending. Rev. 3 counterpart 03.04.05; Rev. 3 is not required for CMMC Level 2 (32 CFR 170.14(c)(3) fixes Rev. 2)
G-040,NIST SP 800-171 Rev. 2 (CMMC Level 2),SP 800-171 Rev. 2 3.4.6,Employ the principle of least functionality by configuring organizational systems to provide only essential capabilities.,Derived,CM.L2-3.4.6,5,Yes,PR.PS-01,CM-7; CM-7(1),Derived from NIST official mappings via SP 800-171 Rev. 3 03.04.06 (NIST Rev. 2 to Rev. 3 change analysis; SP 800-171r3 CUI overlay for SP 800-53; CSF 2.0 to SP 800-171r3 mapping),Images include only needed functions; unused CAD add-ins removed. Plant enclave SSPs apply the same standards to MES and DNC servers; machines are Specialized Assets.,Image checklist; plant enclave SSPs,Met,Met,None,Low,None,GCEE platform engineering lead,,None pending. Rev. 3 counterpart 03.04.06; Rev. 3 is not required for CMMC Level 2 (32 CFR 170.14(c)(3) fixes Rev. 2)
G-041,NIST SP 800-171 Rev. 2 (CMMC Level 2),SP 800-171 Rev. 2 3.4.7,"Restrict, disable, or prevent the use of nonessential programs, functions, ports, protocols, and services.",Derived,CM.L2-3.4.7,5,Yes,PR.PS-01,CM-7; CM-7(1); CM-7(5),"Derived from NIST official mappings via SP 800-171 Rev. 3 03.04.06, 03.04.08 (NIST Rev. 2 to Rev. 3 change analysis; SP 800-171r3 CUI overlay for SP 800-53; CSF 2.0 to SP 800-171r3 mapping)",Nonessential ports and protocols are blocked by security groups and the hub firewall. Plant enclave SSPs apply the same standards to MES and DNC servers; machines are Specialized Assets.,Policy export; plant enclave SSPs,Met,Met,None,Low,None,Group network director,,None pending. In SP 800-171 Rev. 3 this requirement is withdrawn (Incorporated into 03.04.06 and 03.04.08). Rev. 3 is not required for CMMC Level 2 (32 CFR 170.14(c)(3) fixes Rev. 2)
G-042,NIST SP 800-171 Rev. 2 (CMMC Level 2),SP 800-171 Rev. 2 3.4.8,"Apply deny-by-exception (blacklisting) policy to prevent the use of unauthorized software or deny-all, permit-by-exception (whitelisting) policy to allow the execution of authorized software.",Derived,CM.L2-3.4.8,5,Yes,PR.PS-01,CM-7(5),Derived from NIST official mappings via SP 800-171 Rev. 3 03.04.08 (NIST Rev. 2 to Rev. 3 change analysis; SP 800-171r3 CUI overlay for SP 800-53; CSF 2.0 to SP 800-171r3 mapping),Application allow-listing on virtual and thick CAD workstations. Plant enclave SSPs apply the same standards to MES and DNC servers; machines are Specialized Assets.,Allow-list policy; plant enclave SSPs,Met,Met,None,Low,None,Group SOC director,,None pending. Rev. 3 counterpart 03.04.08; Rev. 3 is not required for CMMC Level 2 (32 CFR 170.14(c)(3) fixes Rev. 2)
G-043,NIST SP 800-171 Rev. 2 (CMMC Level 2),SP 800-171 Rev. 2 3.4.9,Control and monitor user-installed software.,Derived,CM.L2-3.4.9,1,Yes,DE.AE-02; DE.AE-03; DE.CM-01; DE.CM-02; DE.CM-03; DE.CM-06,AC-6; AC-6(1); AC-6(10); AC-6(2); AC-6(7); AC-6(9); CA-7; CM-7(5),"Derived from NIST official mappings via SP 800-171 Rev. 3 03.01.05, 03.01.06, 03.01.07, 03.04.08, 03.12.03 (NIST Rev. 2 to Rev. 3 change analysis; SP 800-171r3 CUI overlay for SP 800-53; CSF 2.0 to SP 800-171r3 mapping)",Self-service catalog only; CAD plug-ins added without security review and installs not monitored,Catalog review; P07 CM-11 result,Partially met,Not met,User-installed plug-ins not controlled or monitored,Moderate,Security review of all plug-ins; install monitoring (POAM-008),GCEE platform engineering lead,2026-11-15,"None pending. In SP 800-171 Rev. 3 this requirement is withdrawn (Addressed by 03.01.05, 03.01.06, 03.01.07, 03.04.08, and 03.12.03). Rev. 3 is not required for CMMC Level 2 (32 CFR 170.14(c)(3) fixes Rev. 2)"
G-044,NIST SP 800-171 Rev. 2 (CMMC Level 2),SP 800-171 Rev. 2 3.5.1,"Identify system users, processes acting on behalf of users, and devices.",Basic,IA.L2-3.5.1,5,Yes,PR.AA-01; PR.AA-03,IA-2; IA-11,Derived from NIST official mappings via SP 800-171 Rev. 3 03.05.01 (NIST Rev. 2 to Rev. 3 change analysis; SP 800-171r3 CUI overlay for SP 800-53; CSF 2.0 to SP 800-171r3 mapping),"Users, service accounts, and devices are identified in SYS-G1 and device management. Plants 1 to 8 use SYS-G1, except MES local accounts (3.5.6).",Identity and device registers; plant enclave SSPs,Met,Met,None,Low,None,Group identity director,,None pending. Rev. 3 counterpart 03.05.01; Rev. 3 is not required for CMMC Level 2 (32 CFR 170.14(c)(3) fixes Rev. 2)
G-045,NIST SP 800-171 Rev. 2 (CMMC Level 2),SP 800-171 Rev. 2 3.5.2,"Authenticate (or verify) the identities of users, processes, or devices, as a prerequisite to allowing access to organizational systems.",Basic,IA.L2-3.5.2,5,Yes,PR.AA-01; PR.AA-03,IA-3,Derived from NIST official mappings via SP 800-171 Rev. 3 03.05.02 (NIST Rev. 2 to Rev. 3 change analysis; SP 800-171r3 CUI overlay for SP 800-53; CSF 2.0 to SP 800-171r3 mapping),"Users and devices authenticate before access; service accounts use workload identity or vaulted keys. Plants 1 to 8 use SYS-G1, except MES local accounts (3.5.6).",Authentication configuration; plant enclave SSPs,Met,Met,None,Low,None,Group identity director,,None pending. Rev. 3 counterpart 03.05.02; Rev. 3 is not required for CMMC Level 2 (32 CFR 170.14(c)(3) fixes Rev. 2)
G-046,NIST SP 800-171 Rev. 2 (CMMC Level 2),SP 800-171 Rev. 2 3.5.3,Use multifactor authentication for local and network access to privileged accounts and for network access to non-privileged accounts.[24] [25].,Derived,IA.L2-3.5.3,5 (3 if partially effective),Yes,PR.AA-01; PR.AA-03,IA-2(1); IA-2(2),Derived from NIST official mappings via SP 800-171 Rev. 3 03.05.03 (NIST Rev. 2 to Rev. 3 change analysis; SP 800-171r3 CUI overlay for SP 800-53; CSF 2.0 to SP 800-171r3 mapping),MFA for all GCEE and plant 1 to 8 access; hardware keys for administrators. Plant 9 file server has no MFA,Authentication methods report; Plant 9 walkthrough,Partially met,Met,No MFA at Plant 9 (outside the planned Level 2 scope),High,Interim MFA through SYS-G1 for Plant 9 file access; migration by 2027-03-31 (POAM-007),Aircraft Parts VP of operations,2026-12-31,None pending. Rev. 3 counterpart 03.05.03; Rev. 3 is not required for CMMC Level 2 (32 CFR 170.14(c)(3) fixes Rev. 2)
G-047,NIST SP 800-171 Rev. 2 (CMMC Level 2),SP 800-171 Rev. 2 3.5.4,Employ replay-resistant authentication mechanisms for network access to privileged and non-privileged accounts.,Derived,IA.L2-3.5.4,1,Yes,PR.AA-01; PR.AA-03,IA-2(8),Derived from NIST official mappings via SP 800-171 Rev. 3 03.05.04 (NIST Rev. 2 to Rev. 3 change analysis; SP 800-171r3 CUI overlay for SP 800-53; CSF 2.0 to SP 800-171r3 mapping),"Replay-resistant federation protocols and signed tokens. Plants 1 to 8 use SYS-G1, except MES local accounts (3.5.6).",Federation configuration; plant enclave SSPs,Met,Met,None,Low,None,Group identity director,,None pending. Rev. 3 counterpart 03.05.04; Rev. 3 is not required for CMMC Level 2 (32 CFR 170.14(c)(3) fixes Rev. 2)
G-048,NIST SP 800-171 Rev. 2 (CMMC Level 2),SP 800-171 Rev. 2 3.5.5,Prevent reuse of identifiers for a defined period.,Derived,IA.L2-3.5.5,1,Yes,PR.AA-01,IA-4; IA-4(4),Derived from NIST official mappings via SP 800-171 Rev. 3 03.05.05 (NIST Rev. 2 to Rev. 3 change analysis; SP 800-171r3 CUI overlay for SP 800-53; CSF 2.0 to SP 800-171r3 mapping),"Identifiers are not reused for 3 years. Plants 1 to 8 use SYS-G1, except MES local accounts (3.5.6).",Identity standard; plant enclave SSPs,Met,Met,None,Low,None,Group identity director,,None pending. Rev. 3 counterpart 03.05.05; Rev. 3 is not required for CMMC Level 2 (32 CFR 170.14(c)(3) fixes Rev. 2)
G-049,NIST SP 800-171 Rev. 2 (CMMC Level 2),SP 800-171 Rev. 2 3.5.6,Disable identifiers after a defined period of inactivity.,Derived,IA.L2-3.5.6,1,Yes,PR.AA-01,IA-4,Author mapping (Rev. 2 requirement withdrawn in Rev. 3 without a successor: Consistency with SP 800-53),"SYS-G1 disables inactive accounts after 45 days. MES local accounts at plants 3, 6, 8 are not disabled after inactivity",MES account review; P07 sample,Partially met,Not met,Inactive MES local accounts remain enabled,Low,Federate MES sign-in or automate local disable (POAM-011),Aircraft Parts manufacturing engineering director,2026-11-30,None pending. In SP 800-171 Rev. 3 this requirement is withdrawn (Consistency with SP 800-53). Rev. 3 is not required for CMMC Level 2 (32 CFR 170.14(c)(3) fixes Rev. 2)
G-050,NIST SP 800-171 Rev. 2 (CMMC Level 2),SP 800-171 Rev. 2 3.5.7,Enforce a minimum password complexity and change of characters when new passwords are created.,Derived,IA.L2-3.5.7,1,Yes,PR.AA-01; PR.AA-03,IA-5(1),Derived from NIST official mappings via SP 800-171 Rev. 3 03.05.07 (NIST Rev. 2 to Rev. 3 change analysis; SP 800-171r3 CUI overlay for SP 800-53; CSF 2.0 to SP 800-171r3 mapping),"Password length 14 with banned-password checks. Plants 1 to 8 use SYS-G1, except MES local accounts (3.5.6).",Password policy; plant enclave SSPs,Met,Met,None,Low,None,Group identity director,,None pending. Rev. 3 counterpart 03.05.07; Rev. 3 is not required for CMMC Level 2 (32 CFR 170.14(c)(3) fixes Rev. 2)
G-051,NIST SP 800-171 Rev. 2 (CMMC Level 2),SP 800-171 Rev. 2 3.5.8,Prohibit password reuse for a specified number of generations.,Derived,IA.L2-3.5.8,1,Yes,PR.AA-03,IA-5(1),Author mapping (Rev. 2 requirement withdrawn in Rev. 3 without a successor: Consistency with SP 800-53),"No reuse of the last 24 passwords. Plants 1 to 8 use SYS-G1, except MES local accounts (3.5.6).",Password policy; plant enclave SSPs,Met,Met,None,Low,None,Group identity director,,None pending. In SP 800-171 Rev. 3 this requirement is withdrawn (Consistency with SP 800-53). Rev. 3 is not required for CMMC Level 2 (32 CFR 170.14(c)(3) fixes Rev. 2)
G-052,NIST SP 800-171 Rev. 2 (CMMC Level 2),SP 800-171 Rev. 2 3.5.9,Allow temporary password use for system logons with an immediate change to a permanent password.,Derived,IA.L2-3.5.9,1,Yes,PR.AA-03,IA-5(1),Author mapping (Rev. 2 requirement withdrawn in Rev. 3 without a successor: Consistency with SP 800-53),"Temporary passwords must be changed at first sign-in. Plants 1 to 8 use SYS-G1, except MES local accounts (3.5.6).",Password policy; plant enclave SSPs,Met,Met,None,Low,None,Group identity director,,None pending. In SP 800-171 Rev. 3 this requirement is withdrawn (Consistency with SP 800-53). Rev. 3 is not required for CMMC Level 2 (32 CFR 170.14(c)(3) fixes Rev. 2)
G-053,NIST SP 800-171 Rev. 2 (CMMC Level 2),SP 800-171 Rev. 2 3.5.10,Store and transmit only cryptographically-protected passwords.,Derived,IA.L2-3.5.10,5,Yes,PR.AA-01; PR.AA-03,IA-5(1),Derived from NIST official mappings via SP 800-171 Rev. 3 03.05.07 (NIST Rev. 2 to Rev. 3 change analysis; SP 800-171r3 CUI overlay for SP 800-53; CSF 2.0 to SP 800-171r3 mapping),"Passwords are stored hashed and sent only over encrypted channels; service secrets are vaulted. Plants 1 to 8 use SYS-G1, except MES local accounts (3.5.6).",Identity service attestation; vault configuration; plant enclave SSPs,Met,Met,None,Low,None,Group identity director,,None pending. In SP 800-171 Rev. 3 this requirement is withdrawn (Incorporated into 03.05.07). Rev. 3 is not required for CMMC Level 2 (32 CFR 170.14(c)(3) fixes Rev. 2)
G-054,NIST SP 800-171 Rev. 2 (CMMC Level 2),SP 800-171 Rev. 2 3.5.11,Obscure feedback of authentication information,Derived,IA.L2-3.5.11,1,Yes,PR.AA-01,IA-6,Derived from NIST official mappings via SP 800-171 Rev. 3 03.05.11 (NIST Rev. 2 to Rev. 3 change analysis; SP 800-171r3 CUI overlay for SP 800-53; CSF 2.0 to SP 800-171r3 mapping),"Authentication feedback is obscured. Plants 1 to 8 use SYS-G1, except MES local accounts (3.5.6).",Sign-in page review; plant enclave SSPs,Met,Met,None,Low,None,Group identity director,,None pending. Rev. 3 counterpart 03.05.11; Rev. 3 is not required for CMMC Level 2 (32 CFR 170.14(c)(3) fixes Rev. 2)
G-055,NIST SP 800-171 Rev. 2 (CMMC Level 2),SP 800-171 Rev. 2 3.6.1,"Establish an operational incident-handling capability for organizational systems that includes preparation, detection, analysis, containment, recovery, and user response activities.",Basic,IR.L2-3.6.1,5,Yes,DE.AE-02; DE.AE-03; DE.AE-06; GV.SC-08; ID.IM-01; ID.IM-02,IR-4,Derived from NIST official mappings via SP 800-171 Rev. 3 03.06.01 (NIST Rev. 2 to Rev. 3 change analysis; SP 800-171r3 CUI overlay for SP 800-53; CSF 2.0 to SP 800-171r3 mapping),"24x7 SOC incident handling with forensic retainer support (group POL-03, IR plan). Plant incidents follow the same group process.",IR plan; case records; plant enclave SSPs,Met,Met,None,Low,None,Group SOC director,,None pending. Rev. 3 counterpart 03.06.01; Rev. 3 is not required for CMMC Level 2 (32 CFR 170.14(c)(3) fixes Rev. 2)
G-056,NIST SP 800-171 Rev. 2 (CMMC Level 2),SP 800-171 Rev. 2 3.6.2,"Track, document, and report incidents to designated officials and/or authorities both internal and external to the organization.",Basic,IR.L2-3.6.2,5,Yes,DE.AE-03; GV.SC-08; RC.CO-03; RS.AN-06; RS.AN-07; RS.CO-02,IR-5; IR-6; IR-7,Derived from NIST official mappings via SP 800-171 Rev. 3 03.06.02 (NIST Rev. 2 to Rev. 3 change analysis; SP 800-171r3 CUI overlay for SP 800-53; CSF 2.0 to SP 800-171r3 mapping),Incidents are tracked in the SOC case system; DIBNet reports for GCEE data are filed by Aircraft Parts and Engineering Services certificate holders. Plant incidents follow the same group process.,Certificate register; P08 matrix; plant enclave SSPs,Met,Met,None,Low,None,Group SOC director,,None pending. Rev. 3 counterpart 03.06.02; Rev. 3 is not required for CMMC Level 2 (32 CFR 170.14(c)(3) fixes Rev. 2)
G-057,NIST SP 800-171 Rev. 2 (CMMC Level 2),SP 800-171 Rev. 2 3.6.3,Test the organizational incident response capability.,Derived,IR.L2-3.6.3,1,Yes,ID.IM-02,IR-3,Derived from NIST official mappings via SP 800-171 Rev. 3 03.06.03 (NIST Rev. 2 to Rev. 3 change analysis; SP 800-171r3 CUI overlay for SP 800-53; CSF 2.0 to SP 800-171r3 mapping),"Technical playbooks tested every quarter, including a GCEE data-theft scenario in 2026-04. Plant incidents follow the same group process.",Exercise reports; plant enclave SSPs,Met,Met,None,Low,None,Group SOC director,,None pending. Rev. 3 counterpart 03.06.03; Rev. 3 is not required for CMMC Level 2 (32 CFR 170.14(c)(3) fixes Rev. 2)
G-058,NIST SP 800-171 Rev. 2 (CMMC Level 2),SP 800-171 Rev. 2 3.7.1,Perform maintenance on organizational systems.[26].,Basic,MA.L2-3.7.1,3,Yes,PR.PS-03,MA-2,Author mapping (Rev. 2 requirement withdrawn in Rev. 3 without a successor: Recategorized as NCO),Infrastructure maintenance by the provider; GCEE maintenance in monthly windows. Machine vendor maintenance at plants also runs through PAM.,Provider CRM; maintenance calendar; plant enclave SSPs,Met,Met,None,Low,None,Group cloud platform director,,None pending. In SP 800-171 Rev. 3 this requirement is withdrawn (Recategorized as NCO). Rev. 3 is not required for CMMC Level 2 (32 CFR 170.14(c)(3) fixes Rev. 2)
G-059,NIST SP 800-171 Rev. 2 (CMMC Level 2),SP 800-171 Rev. 2 3.7.2,"Provide controls on the tools, techniques, mechanisms, and personnel used to conduct system maintenance.",Basic,MA.L2-3.7.2,5,Yes,PR.PS-02,MA-3; MA-3(1); MA-3(2); MA-3(3); MA-5,"Derived from NIST official mappings via SP 800-171 Rev. 3 03.07.04, 03.07.06 (NIST Rev. 2 to Rev. 3 change analysis; SP 800-171r3 CUI overlay for SP 800-53; CSF 2.0 to SP 800-171r3 mapping; CSF 2.0 via NIST CSF 2.0 to SP 800-53 mapping because the CSF 2.0 to 800-171r3 mapping has no entry)",Maintenance tools are approved and scanned; vendor sessions only through PAM. Machine vendor maintenance at plants also runs through PAM.,Tool register; PAM records; plant enclave SSPs,Met,Met,None,Low,None,GCEE platform engineering lead,,None pending. In SP 800-171 Rev. 3 this requirement is withdrawn (Incorporated into 03.07.04 and 03.07.06). Rev. 3 is not required for CMMC Level 2 (32 CFR 170.14(c)(3) fixes Rev. 2)
G-060,NIST SP 800-171 Rev. 2 (CMMC Level 2),SP 800-171 Rev. 2 3.7.3,Ensure equipment removed for off-site maintenance is sanitized of any CUI.,Derived,MA.L2-3.7.3,1,Yes,PR.AA-05,MP-6,Derived from NIST official mappings via SP 800-171 Rev. 3 03.08.03 (NIST Rev. 2 to Rev. 3 change analysis; SP 800-171r3 CUI overlay for SP 800-53; CSF 2.0 to SP 800-171r3 mapping; CSF 2.0 via NIST CSF 2.0 to SP 800-53 mapping because the CSF 2.0 to 800-171r3 mapping has no entry); CSF author mapping,Thick workstation drives are removed or wiped before off-site repair. Machine vendor maintenance at plants also runs through PAM.,Repair log; plant enclave SSPs,Met,Met,None,Low,None,Group facilities security director,,None pending. In SP 800-171 Rev. 3 this requirement is withdrawn (Incorporated into 03.08.03). Rev. 3 is not required for CMMC Level 2 (32 CFR 170.14(c)(3) fixes Rev. 2)
G-061,NIST SP 800-171 Rev. 2 (CMMC Level 2),SP 800-171 Rev. 2 3.7.4,Check media containing diagnostic and test programs for malicious code before the media are used in organizational systems.,Derived,MA.L2-3.7.4,3,Yes,PR.PS-02,MA-3; MA-3(1); MA-3(2); MA-3(3),Derived from NIST official mappings via SP 800-171 Rev. 3 03.07.04 (NIST Rev. 2 to Rev. 3 change analysis; SP 800-171r3 CUI overlay for SP 800-53; CSF 2.0 to SP 800-171r3 mapping; CSF 2.0 via NIST CSF 2.0 to SP 800-53 mapping because the CSF 2.0 to 800-171r3 mapping has no entry),Diagnostic media are scanned by EDR before use. Machine vendor maintenance at plants also runs through PAM.,EDR scan records; plant enclave SSPs,Met,Met,None,Low,None,Group SOC director,,None pending. Rev. 3 counterpart 03.07.04; Rev. 3 is not required for CMMC Level 2 (32 CFR 170.14(c)(3) fixes Rev. 2)
G-062,NIST SP 800-171 Rev. 2 (CMMC Level 2),SP 800-171 Rev. 2 3.7.5,Require multifactor authentication to establish nonlocal maintenance sessions via external network connections and terminate such connections when nonlocal maintenance is complete.,Derived,MA.L2-3.7.5,5,Yes,PR.AA-05,MA-4,Derived from NIST official mappings via SP 800-171 Rev. 3 03.07.05 (NIST Rev. 2 to Rev. 3 change analysis; SP 800-171r3 CUI overlay for SP 800-53; CSF 2.0 to SP 800-171r3 mapping; CSF 2.0 via NIST CSF 2.0 to SP 800-53 mapping because the CSF 2.0 to 800-171r3 mapping has no entry); CSF author mapping,Nonlocal maintenance requires MFA through PAM. Machine vendor maintenance at plants also runs through PAM.,PAM policy; plant enclave SSPs,Met,Met,None,Low,None,Group identity director,,None pending. Rev. 3 counterpart 03.07.05; Rev. 3 is not required for CMMC Level 2 (32 CFR 170.14(c)(3) fixes Rev. 2)
G-063,NIST SP 800-171 Rev. 2 (CMMC Level 2),SP 800-171 Rev. 2 3.7.6,Supervise the maintenance activities of maintenance personnel without required access authorization.,Derived,MA.L2-3.7.6,1,Yes,PR.AA-05,MA-5,Derived from NIST official mappings via SP 800-171 Rev. 3 03.07.06 (NIST Rev. 2 to Rev. 3 change analysis; SP 800-171r3 CUI overlay for SP 800-53; CSF 2.0 to SP 800-171r3 mapping; CSF 2.0 via NIST CSF 2.0 to SP 800-53 mapping because the CSF 2.0 to 800-171r3 mapping has no entry); CSF author mapping,Vendor maintenance without access authorization is supervised live by a platform engineer. Machine vendor maintenance at plants also runs through PAM.,Session records; plant enclave SSPs,Met,Met,None,Low,None,GCEE platform engineering lead,,None pending. Rev. 3 counterpart 03.07.06; Rev. 3 is not required for CMMC Level 2 (32 CFR 170.14(c)(3) fixes Rev. 2)
G-064,NIST SP 800-171 Rev. 2 (CMMC Level 2),SP 800-171 Rev. 2 3.8.1,"Protect (i.e., physically control and securely store) system media containing CUI, both paper and digital.",Basic,MP.L2-3.8.1,3,Yes,PR.AA-05,MP-4,Derived from NIST official mappings via SP 800-171 Rev. 3 03.08.01 (NIST Rev. 2 to Rev. 3 change analysis; SP 800-171r3 CUI overlay for SP 800-53; CSF 2.0 to SP 800-171r3 mapping; CSF 2.0 via NIST CSF 2.0 to SP 800-53 mapping because the CSF 2.0 to 800-171r3 mapping has no entry); CSF author mapping,"Printed CUI at engineering centers is stored in locked cabinets; secure print release. Plants use marked prints, locked shred bins, and registered drives where device control is on.",Walkthrough notes; plant enclave SSPs,Met,Met,None,Low,None,Group facilities security director,,None pending. Rev. 3 counterpart 03.08.01; Rev. 3 is not required for CMMC Level 2 (32 CFR 170.14(c)(3) fixes Rev. 2)
G-065,NIST SP 800-171 Rev. 2 (CMMC Level 2),SP 800-171 Rev. 2 3.8.2,Limit access to CUI on system media to authorized users,Basic,MP.L2-3.8.2,3,Yes,PR.AA-05,MP-2,Derived from NIST official mappings via SP 800-171 Rev. 3 03.08.02 (NIST Rev. 2 to Rev. 3 change analysis; SP 800-171r3 CUI overlay for SP 800-53; CSF 2.0 to SP 800-171r3 mapping; CSF 2.0 via NIST CSF 2.0 to SP 800-53 mapping because the CSF 2.0 to 800-171r3 mapping has no entry); CSF author mapping,"Access to CUI on media follows PLM project access; only registered drives are usable. Plants use marked prints, locked shred bins, and registered drives where device control is on.",Device control policy; plant enclave SSPs,Met,Met,None,Low,None,PLM administrators,,None pending. Rev. 3 counterpart 03.08.02; Rev. 3 is not required for CMMC Level 2 (32 CFR 170.14(c)(3) fixes Rev. 2)
G-066,NIST SP 800-171 Rev. 2 (CMMC Level 2),SP 800-171 Rev. 2 3.8.3,Sanitize or destroy system media containing CUI before disposal or release for reuse.,Basic,MP.L2-3.8.3,5,Yes,PR.AA-05,MP-6,Derived from NIST official mappings via SP 800-171 Rev. 3 03.08.03 (NIST Rev. 2 to Rev. 3 change analysis; SP 800-171r3 CUI overlay for SP 800-53; CSF 2.0 to SP 800-171r3 mapping; CSF 2.0 via NIST CSF 2.0 to SP 800-53 mapping because the CSF 2.0 to 800-171r3 mapping has no entry); CSF author mapping,"Cloud media sanitization by the provider; endpoint drives wiped to SP 800-88; locked shred bins. Plants use marked prints, locked shred bins, and registered drives where device control is on.",Sanitization certificates; provider CRM; plant enclave SSPs,Met,Met,None,Low,None,Group facilities security director,,None pending. Rev. 3 counterpart 03.08.03; Rev. 3 is not required for CMMC Level 2 (32 CFR 170.14(c)(3) fixes Rev. 2)
G-067,NIST SP 800-171 Rev. 2 (CMMC Level 2),SP 800-171 Rev. 2 3.8.4,Mark media with necessary CUI markings and distribution limitations.[27],Derived,MP.L2-3.8.4,1,Yes,PR.AA-05,MP-3,Derived from NIST official mappings via SP 800-171 Rev. 3 03.08.04 (NIST Rev. 2 to Rev. 3 change analysis; SP 800-171r3 CUI overlay for SP 800-53; CSF 2.0 to SP 800-171r3 mapping; CSF 2.0 via NIST CSF 2.0 to SP 800-53 mapping because the CSF 2.0 to 800-171r3 mapping has no entry); CSF author mapping,"PLM stamps CUI and export markings on every released document. Plants use marked prints, locked shred bins, and registered drives where device control is on.",Marking configuration; plant enclave SSPs,Met,Met,None,Low,None,PLM administrators,,None pending. Rev. 3 counterpart 03.08.04; Rev. 3 is not required for CMMC Level 2 (32 CFR 170.14(c)(3) fixes Rev. 2)
G-068,NIST SP 800-171 Rev. 2 (CMMC Level 2),SP 800-171 Rev. 2 3.8.5,Control access to media containing CUI and maintain accountability for media during transport outside of controlled areas.,Derived,MP.L2-3.8.5,1,Yes,PR.AA-05,MP-5,Derived from NIST official mappings via SP 800-171 Rev. 3 03.08.05 (NIST Rev. 2 to Rev. 3 change analysis; SP 800-171r3 CUI overlay for SP 800-53; CSF 2.0 to SP 800-171r3 mapping; CSF 2.0 via NIST CSF 2.0 to SP 800-53 mapping because the CSF 2.0 to 800-171r3 mapping has no entry); CSF author mapping,"Paper CUI moved in sealed marked packages; digital CUI only on approved paths. Plants use marked prints, locked shred bins, and registered drives where device control is on.",Transport procedure; plant enclave SSPs,Met,Met,None,Low,None,Group facilities security director,,None pending. Rev. 3 counterpart 03.08.05; Rev. 3 is not required for CMMC Level 2 (32 CFR 170.14(c)(3) fixes Rev. 2)
G-069,NIST SP 800-171 Rev. 2 (CMMC Level 2),SP 800-171 Rev. 2 3.8.6,Implement cryptographic mechanisms to protect the confidentiality of CUI stored on digital media during transport unless otherwise protected by alternative physical safeguards.,Derived,MP.L2-3.8.6,1,Yes,PR.AA-05; PR.DS-01; PR.DS-02,AC-17(2); SC-8; SC-8(1); SC-28; SC-28(1),Derived from NIST official mappings via SP 800-171 Rev. 3 03.13.08 (NIST Rev. 2 to Rev. 3 change analysis; SP 800-171r3 CUI overlay for SP 800-53; CSF 2.0 to SP 800-171r3 mapping),"Registered drives are hardware-encrypted with FIPS-validated modules. Plants use marked prints, locked shred bins, and registered drives where device control is on.",Drive register; plant enclave SSPs,Met,Met,None,Low,None,GCEE platform engineering lead,,None pending. In SP 800-171 Rev. 3 this requirement is withdrawn (Addressed by 03.13.08). Rev. 3 is not required for CMMC Level 2 (32 CFR 170.14(c)(3) fixes Rev. 2)
G-070,NIST SP 800-171 Rev. 2 (CMMC Level 2),SP 800-171 Rev. 2 3.8.7,Control the use of removable media on system components.,Derived,MP.L2-3.8.7,5,Yes,PR.AA-05,MP-7,Derived from NIST official mappings via SP 800-171 Rev. 3 03.08.07 (NIST Rev. 2 to Rev. 3 change analysis; SP 800-171r3 CUI overlay for SP 800-53; CSF 2.0 to SP 800-171r3 mapping; CSF 2.0 via NIST CSF 2.0 to SP 800-53 mapping because the CSF 2.0 to 800-171r3 mapping has no entry); CSF author mapping,"Device control allows only registered encrypted drives at plants 1, 2, 5. Transfer workstations at plants 3, 6, 8 accept any USB drive to load 61 legacy machines",Device control report; P07 MP-7 result,Partially met,Not met,Removable media not controlled at 3 plants,High,Device control at all transfer workstations; DNC serial gateways (POAM-003),Aircraft Parts manufacturing engineering director,2026-11-30,None pending. Rev. 3 counterpart 03.08.07; Rev. 3 is not required for CMMC Level 2 (32 CFR 170.14(c)(3) fixes Rev. 2)
G-071,NIST SP 800-171 Rev. 2 (CMMC Level 2),SP 800-171 Rev. 2 3.8.8,Prohibit the use of portable storage devices when such devices have no identifiable owner.,Derived,MP.L2-3.8.8,3,Yes,PR.AA-05,MP-7,Derived from NIST official mappings via SP 800-171 Rev. 3 03.08.07 (NIST Rev. 2 to Rev. 3 change analysis; SP 800-171r3 CUI overlay for SP 800-53; CSF 2.0 to SP 800-171r3 mapping; CSF 2.0 via NIST CSF 2.0 to SP 800-53 mapping because the CSF 2.0 to 800-171r3 mapping has no entry); CSF author mapping,Unregistered drives are blocked where device control is on. 4 drives with no identifiable owner were found at plants 3 and 6,Walkthrough 2026-07-22; P07 MP-7 result,Partially met,Not met,Unowned portable storage in use at 2 plants,High,Collect and register drives; device control (POAM-003),Aircraft Parts manufacturing engineering director,2026-11-30,None pending. In SP 800-171 Rev. 3 this requirement is withdrawn (Incorporated into 03.08.07). Rev. 3 is not required for CMMC Level 2 (32 CFR 170.14(c)(3) fixes Rev. 2)
G-072,NIST SP 800-171 Rev. 2 (CMMC Level 2),SP 800-171 Rev. 2 3.8.9,Protect the confidentiality of backup CUI at storage locations.,Derived,MP.L2-3.8.9,1,Yes,PR.DS-01; PR.DS-10; PR.DS-11; RC.RP-03,CP-9; CP-9(8),Derived from NIST official mappings via SP 800-171 Rev. 3 03.08.09 (NIST Rev. 2 to Rev. 3 change analysis; SP 800-171r3 CUI overlay for SP 800-53; CSF 2.0 to SP 800-171r3 mapping),Plants 1 to 8 back up MES nightly to the encrypted provider A vault. Plant 9 backs up weekly to an unencrypted local disk,Backup reports; Plant 9 walkthrough,Partially met,Met,Unencrypted backup media at Plant 9,Moderate,Encrypt the Plant 9 backup disk now; retire after migration,Aircraft Parts VP of operations,2026-10-31,None pending. Rev. 3 counterpart 03.08.09; Rev. 3 is not required for CMMC Level 2 (32 CFR 170.14(c)(3) fixes Rev. 2)
G-073,NIST SP 800-171 Rev. 2 (CMMC Level 2),SP 800-171 Rev. 2 3.9.1,Screen individuals prior to authorizing access to organizational systems containing CUI.,Basic,PS.L2-3.9.1,3,Yes,PR.AA-05,PS-3,Derived from NIST official mappings via SP 800-171 Rev. 3 03.09.01 (NIST Rev. 2 to Rev. 3 change analysis; SP 800-171r3 CUI overlay for SP 800-53; CSF 2.0 to SP 800-171r3 mapping; CSF 2.0 via NIST CSF 2.0 to SP 800-53 mapping because the CSF 2.0 to 800-171r3 mapping has no entry); CSF author mapping,Background screening and U.S.-person verification before any CUI access. Group-wide HR process.,Screening records; plant enclave SSPs,Met,Met,None,Low,None,Group HR director,,None pending. Rev. 3 counterpart 03.09.01; Rev. 3 is not required for CMMC Level 2 (32 CFR 170.14(c)(3) fixes Rev. 2)
G-074,NIST SP 800-171 Rev. 2 (CMMC Level 2),SP 800-171 Rev. 2 3.9.2,Ensure that organizational systems containing CUI are protected during and after personnel actions such as terminations and transfers,Basic,PS.L2-3.9.2,5,Yes,PR.AA-05,PS-4; PS-5,Derived from NIST official mappings via SP 800-171 Rev. 3 03.09.02 (NIST Rev. 2 to Rev. 3 change analysis; SP 800-171r3 CUI overlay for SP 800-53; CSF 2.0 to SP 800-171r3 mapping; CSF 2.0 via NIST CSF 2.0 to SP 800-53 mapping because the CSF 2.0 to 800-171r3 mapping has no entry); CSF author mapping,Terminations disable access within 4 hours; transfers reviewed within 5 business days. Group-wide HR process.,Termination and transfer samples; plant enclave SSPs,Met,Met,None,Low,None,Group HR director,,None pending. Rev. 3 counterpart 03.09.02; Rev. 3 is not required for CMMC Level 2 (32 CFR 170.14(c)(3) fixes Rev. 2)
G-075,NIST SP 800-171 Rev. 2 (CMMC Level 2),SP 800-171 Rev. 2 3.10.1,"Limit physical access to organizational systems, equipment, and the respective operating environments to authorized individuals.",Basic,PE.L2-3.10.1,5,Yes,PR.AA-06,PE-2,Derived from NIST official mappings via SP 800-171 Rev. 3 03.10.01 (NIST Rev. 2 to Rev. 3 change analysis; SP 800-171r3 CUI overlay for SP 800-53; CSF 2.0 to SP 800-171r3 mapping),Data center access is the provider responsibility (CRM); engineering areas with thick workstations are badge controlled. Plants 1 to 8 use badge access and electronic visitor logs.,Provider CRM; badge reports; plant enclave SSPs,Met,Met,None,Low,None,Group cloud platform director,,None pending. Rev. 3 counterpart 03.10.01; Rev. 3 is not required for CMMC Level 2 (32 CFR 170.14(c)(3) fixes Rev. 2)
G-076,NIST SP 800-171 Rev. 2 (CMMC Level 2),SP 800-171 Rev. 2 3.10.2,Protect and monitor the physical facility and support infrastructure for organizational systems.,Basic,PE.L2-3.10.2,5,Yes,DE.CM-02; PR.AA-06,PE-6,Derived from NIST official mappings via SP 800-171 Rev. 3 03.10.02 (NIST Rev. 2 to Rev. 3 change analysis; SP 800-171r3 CUI overlay for SP 800-53; CSF 2.0 to SP 800-171r3 mapping),Engineering areas are monitored by cameras and alarms. Plants 1 to 8 use badge access and electronic visitor logs.,Facility security plan; plant enclave SSPs,Met,Met,None,Low,None,Group facilities security director,,None pending. Rev. 3 counterpart 03.10.02; Rev. 3 is not required for CMMC Level 2 (32 CFR 170.14(c)(3) fixes Rev. 2)
G-077,NIST SP 800-171 Rev. 2 (CMMC Level 2),SP 800-171 Rev. 2 3.10.3,Escort visitors and monitor visitor activity.,Derived,PE.L2-3.10.3,1,Yes,DE.CM-02; PR.AA-06,PE-3; PE-5,Derived from NIST official mappings via SP 800-171 Rev. 3 03.10.07 (NIST Rev. 2 to Rev. 3 change analysis; SP 800-171r3 CUI overlay for SP 800-53; CSF 2.0 to SP 800-171r3 mapping),Electronic visitor system and escort rules at plants 1 to 8. Plant 9 escort is inconsistent,Visitor records; Plant 9 walkthrough,Partially met,Met,Escort gaps at Plant 9 (cannot be on a POA&M if Plant 9 is in scope),High,Electronic visitor system and escort audits at Plant 9 before any scope change,Aircraft Parts VP of operations,2026-12-31,None pending. In SP 800-171 Rev. 3 this requirement is withdrawn (Incorporated into 03.10.07). Rev. 3 is not required for CMMC Level 2 (32 CFR 170.14(c)(3) fixes Rev. 2)
G-078,NIST SP 800-171 Rev. 2 (CMMC Level 2),SP 800-171 Rev. 2 3.10.4,Maintain audit logs of physical access.,Derived,PE.L2-3.10.4,1,Yes,DE.CM-02; PR.AA-06,PE-3; PE-5,Derived from NIST official mappings via SP 800-171 Rev. 3 03.10.07 (NIST Rev. 2 to Rev. 3 change analysis; SP 800-171r3 CUI overlay for SP 800-53; CSF 2.0 to SP 800-171r3 mapping),Electronic logs kept 3 years at plants 1 to 8. Plant 9 uses a paper log,Visitor records,Partially met,Met,Paper visitor log at Plant 9,Moderate,Electronic visitor system at Plant 9,Aircraft Parts VP of operations,2026-12-31,None pending. In SP 800-171 Rev. 3 this requirement is withdrawn (Incorporated into 03.10.07). Rev. 3 is not required for CMMC Level 2 (32 CFR 170.14(c)(3) fixes Rev. 2)
G-079,NIST SP 800-171 Rev. 2 (CMMC Level 2),SP 800-171 Rev. 2 3.10.5,Control and manage physical access devices.,Derived,PE.L2-3.10.5,1,Yes,DE.CM-02; PR.AA-06,PE-3; PE-5,Derived from NIST official mappings via SP 800-171 Rev. 3 03.10.07 (NIST Rev. 2 to Rev. 3 change analysis; SP 800-171r3 CUI overlay for SP 800-53; CSF 2.0 to SP 800-171r3 mapping),"Badges and keys are issued, recovered, and audited by group facilities. Plants 1 to 8 use badge access and electronic visitor logs.",Badge audit; plant enclave SSPs,Met,Met,None,Low,None,Group facilities security director,,None pending. In SP 800-171 Rev. 3 this requirement is withdrawn (Incorporated into 03.10.07). Rev. 3 is not required for CMMC Level 2 (32 CFR 170.14(c)(3) fixes Rev. 2)
G-080,NIST SP 800-171 Rev. 2 (CMMC Level 2),SP 800-171 Rev. 2 3.10.6,Enforce safeguarding measures for CUI at alternate work sites.,Derived,PE.L2-3.10.6,1,Yes,PR.AA-05,PE-17,Derived from NIST official mappings via SP 800-171 Rev. 3 03.10.06 (NIST Rev. 2 to Rev. 3 change analysis; SP 800-171r3 CUI overlay for SP 800-53; CSF 2.0 to SP 800-171r3 mapping; CSF 2.0 via NIST CSF 2.0 to SP 800-53 mapping because the CSF 2.0 to 800-171r3 mapping has no entry); CSF author mapping,Telework with CUI only through virtual workstations; no paper CUI at home. Plants 1 to 8 use badge access and electronic visitor logs.,Telework standard; plant enclave SSPs,Met,Met,None,Low,None,Division security and compliance leads,,None pending. Rev. 3 counterpart 03.10.06; Rev. 3 is not required for CMMC Level 2 (32 CFR 170.14(c)(3) fixes Rev. 2)
G-081,NIST SP 800-171 Rev. 2 (CMMC Level 2),SP 800-171 Rev. 2 3.11.1,"Periodically assess the risk to organizational operations (including mission, functions, image, or reputation), organizational assets, and individuals, resulting from the operation of organizational systems and the associated processing, storage, or transmission of CUI",Basic,RA.L2-3.11.1,3,Yes,DE.AE-07; GV.OC-02; GV.OV-01; GV.OV-02; GV.OV-03; GV.RM-06,RA-3; RA-3(1); SR-6,Derived from NIST official mappings via SP 800-171 Rev. 3 03.11.01 (NIST Rev. 2 to Rev. 3 change analysis; SP 800-171r3 CUI overlay for SP 800-53; CSF 2.0 to SP 800-171r3 mapping),Annual SP 800-30 risk assessment of the GCEE (P01). Plants 1 to 8 are scanned weekly.,P01 registers; plant enclave SSPs,Met,Met,None,Low,None,Group Chief Risk Officer,,None pending. Rev. 3 counterpart 03.11.01; Rev. 3 is not required for CMMC Level 2 (32 CFR 170.14(c)(3) fixes Rev. 2)
G-082,NIST SP 800-171 Rev. 2 (CMMC Level 2),SP 800-171 Rev. 2 3.11.2,Scan for vulnerabilities in organizational systems and applications periodically and when new vulnerabilities affecting those systems and applications are identified.,Derived,RA.L2-3.11.2,5,Yes,GV.SC-10; ID.IM-01; ID.IM-02; ID.IM-03; ID.RA-01; ID.RA-08,RA-5; RA-5(2),Derived from NIST official mappings via SP 800-171 Rev. 3 03.11.02 (NIST Rev. 2 to Rev. 3 change analysis; SP 800-171r3 CUI overlay for SP 800-53; CSF 2.0 to SP 800-171r3 mapping),Weekly authenticated scans of GCEE and plants 1 to 8. Plant 9 is not scanned,Scan reports,Partially met,Met,Plant 9 not scanned,Moderate,Add Plant 9 to scanning through the isolation link,Group SOC director,2026-11-15,None pending. Rev. 3 counterpart 03.11.02; Rev. 3 is not required for CMMC Level 2 (32 CFR 170.14(c)(3) fixes Rev. 2)
G-083,NIST SP 800-171 Rev. 2 (CMMC Level 2),SP 800-171 Rev. 2 3.11.3,Remediate vulnerabilities in accordance with risk assessments.,Derived,RA.L2-3.11.3,1,Yes,GV.SC-10; ID.IM-01; ID.IM-02; ID.IM-03; ID.RA-01; ID.RA-08,RA-5; RA-5(2),Derived from NIST official mappings via SP 800-171 Rev. 3 03.11.02 (NIST Rev. 2 to Rev. 3 change analysis; SP 800-171r3 CUI overlay for SP 800-53; CSF 2.0 to SP 800-171r3 mapping),"Findings fixed within group timelines (critical 14 days, high 30 days). Plants 1 to 8 are scanned weekly.",Remediation metrics; plant enclave SSPs,Met,Met,None,Low,None,GCEE platform engineering lead,,None pending. In SP 800-171 Rev. 3 this requirement is withdrawn (Withdrawn Incorporated into 03.11.02). Rev. 3 is not required for CMMC Level 2 (32 CFR 170.14(c)(3) fixes Rev. 2)
G-084,NIST SP 800-171 Rev. 2 (CMMC Level 2),SP 800-171 Rev. 2 3.12.1,Periodically assess the security controls in organizational systems to determine if the controls are effective in their application.,Basic,CA.L2-3.12.1,5,Yes,ID.IM-01; ID.IM-02; ID.IM-03; ID.RA-01,CA-2,Derived from NIST official mappings via SP 800-171 Rev. 3 03.12.01 (NIST Rev. 2 to Rev. 3 change analysis; SP 800-171r3 CUI overlay for SP 800-53; CSF 2.0 to SP 800-171r3 mapping),Annual assessment by group internal audit against SP 800-171A objectives (P07). Covers the GCEE and plant enclave SSPs.,P07 results; plant enclave SSPs,Met,Met,None,Low,None,Group CMMC program director,,None pending. Rev. 3 counterpart 03.12.01; Rev. 3 is not required for CMMC Level 2 (32 CFR 170.14(c)(3) fixes Rev. 2)
G-085,NIST SP 800-171 Rev. 2 (CMMC Level 2),SP 800-171 Rev. 2 3.12.2,Develop and implement plans of action designed to correct deficiencies and reduce or eliminate vulnerabilities in organizational systems.,Basic,CA.L2-3.12.2,3,Yes,ID.IM-01; ID.IM-02; ID.IM-03,CA-5,Derived from NIST official mappings via SP 800-171 Rev. 3 03.12.02 (NIST Rev. 2 to Rev. 3 change analysis; SP 800-171r3 CUI overlay for SP 800-53; CSF 2.0 to SP 800-171r3 mapping),"POA&M in the GRC tool, reviewed monthly. Covers the GCEE and plant enclave SSPs.",POA&M; plant enclave SSPs,Met,Met,None,Low,None,Group CMMC program director,,None pending. Rev. 3 counterpart 03.12.02; Rev. 3 is not required for CMMC Level 2 (32 CFR 170.14(c)(3) fixes Rev. 2)
G-086,NIST SP 800-171 Rev. 2 (CMMC Level 2),SP 800-171 Rev. 2 3.12.3,Monitor security controls on an ongoing basis to ensure the continued effectiveness of the controls.,Basic,CA.L2-3.12.3,5,Yes,DE.AE-02; DE.AE-03; DE.CM-01; DE.CM-02; DE.CM-03; DE.CM-06,CA-7,Derived from NIST official mappings via SP 800-171 Rev. 3 03.12.03 (NIST Rev. 2 to Rev. 3 change analysis; SP 800-171r3 CUI overlay for SP 800-53; CSF 2.0 to SP 800-171r3 mapping),Monthly control health dashboard. Covers the GCEE and plant enclave SSPs.,Dashboard; plant enclave SSPs,Met,Met,None,Low,None,Group CMMC program director,,None pending. Rev. 3 counterpart 03.12.03; Rev. 3 is not required for CMMC Level 2 (32 CFR 170.14(c)(3) fixes Rev. 2)
G-087,NIST SP 800-171 Rev. 2 (CMMC Level 2),SP 800-171 Rev. 2 3.12.4,"Develop, document, and periodically update system security plans that describe system boundaries, system environments of operation, how security requirements are implemented, and the relationships with or connections to other systems.[28]",Basic,CA.L2-3.12.4,No point value; SSP absence prevents assessment (170.24(c)(2)(i)(B)(5)),Yes,ID.AM-03; ID.AM-08; ID.IM-01; ID.IM-02; ID.IM-03; ID.IM-04,PL-2,Derived from NIST official mappings via SP 800-171 Rev. 3 03.15.02 (NIST Rev. 2 to Rev. 3 change analysis; SP 800-171r3 CUI overlay for SP 800-53; CSF 2.0 to SP 800-171r3 mapping),GCEE SSP v3.0 approved 2026-09-15. Plant 4 and 7 SSP annexes predate the 2025 MES upgrade; HPC and SYS-D4 dependencies not fully described,SSP; plant annexes,Partially met,Not met,SSP set incomplete; cannot be on a POA&M (32 CFR 170.21(a)(2)(iii)(C)),High,Update plant annexes and the GCEE SSP sections (POAM-005),Aircraft Parts security and compliance lead,2026-10-31,None pending. Rev. 3 counterpart 03.15.02; Rev. 3 is not required for CMMC Level 2 (32 CFR 170.14(c)(3) fixes Rev. 2)
G-088,NIST SP 800-171 Rev. 2 (CMMC Level 2),SP 800-171 Rev. 2 3.13.1,"Monitor, control, and protect communications (i.e., information transmitted or received by organizational systems) at the external boundaries and key internal boundaries of organizational systems.",Basic,SC.L2-3.13.1,5,Yes,DE.CM-01; PR.DS-01; PR.DS-02; PR.DS-10; PR.IR-01,SC-7,Derived from NIST official mappings via SP 800-171 Rev. 3 03.13.01 (NIST Rev. 2 to Rev. 3 change analysis; SP 800-171r3 CUI overlay for SP 800-53; CSF 2.0 to SP 800-171r3 mapping),The provider A hub monitors and controls communications at the GCEE boundary and key internal interfaces. Plant VPNs for plants 1 to 8 use FIPS-validated modules.,Firewall and flow logs; plant enclave SSPs,Met,Met,None,Low,None,Group network director,,None pending. Rev. 3 counterpart 03.13.01; Rev. 3 is not required for CMMC Level 2 (32 CFR 170.14(c)(3) fixes Rev. 2)
G-089,NIST SP 800-171 Rev. 2 (CMMC Level 2),SP 800-171 Rev. 2 3.13.2,"Employ architectural designs, software development techniques, and systems engineering principles that promote effective information security within organizational systems.",Basic,SC.L2-3.13.2,5,Yes,PR.IR-01,PL-8; SA-8,Author mapping (Rev. 2 requirement withdrawn in Rev. 3 without a successor: Recategorized as NCO),"Architecture uses defense in depth: identity, segmentation, project access, export tags, customer-managed keys. Plant VPNs for plants 1 to 8 use FIPS-validated modules.",Architecture document; plant enclave SSPs,Met,Met,None,Low,None,GCEE platform engineering lead,,None pending. In SP 800-171 Rev. 3 this requirement is withdrawn (Recategorized as NCO). Rev. 3 is not required for CMMC Level 2 (32 CFR 170.14(c)(3) fixes Rev. 2)
G-090,NIST SP 800-171 Rev. 2 (CMMC Level 2),SP 800-171 Rev. 2 3.13.3,Separate user functionality from system management functionality.,Derived,SC.L2-3.13.3,1,Yes,DE.CM-01; DE.CM-03; DE.CM-09; PR.AA-01; PR.AA-05; PR.DS-10,AC-2; AC-2(13); AC-2(3); AC-2(5); AC-3; AC-4; AC-5; AC-6; AC-6(1); AC-6(10); AC-6(2); AC-6(7); AC-6(9),"Derived from NIST official mappings via SP 800-171 Rev. 3 03.01.01, 03.01.02, 03.01.03, 03.01.04, 03.01.05, 03.01.06, 03.01.07 (NIST Rev. 2 to Rev. 3 change analysis; SP 800-171r3 CUI overlay for SP 800-53; CSF 2.0 to SP 800-171r3 mapping)",Administration only through PAM and separate management subnets. Plant VPNs for plants 1 to 8 use FIPS-validated modules.,Network design; plant enclave SSPs,Met,Met,None,Low,None,GCEE platform engineering lead,,"None pending. In SP 800-171 Rev. 3 this requirement is withdrawn (Addressed by 03.01.01, 03.01.02, 03.01.03, 03.01.04, 03.01.05, 03.01.06, and 03.01.07). Rev. 3 is not required for CMMC Level 2 (32 CFR 170.14(c)(3) fixes Rev. 2)"
G-091,NIST SP 800-171 Rev. 2 (CMMC Level 2),SP 800-171 Rev. 2 3.13.4,Prevent unauthorized and unintended information transfer via shared system resources.,Derived,SC.L2-3.13.4,1,Yes,PR.DS-01; PR.DS-02; PR.DS-10; PR.IR-01,SC-4,Derived from NIST official mappings via SP 800-171 Rev. 3 03.13.04 (NIST Rev. 2 to Rev. 3 change analysis; SP 800-171r3 CUI overlay for SP 800-53; CSF 2.0 to SP 800-171r3 mapping),Virtual workstations are non-persistent; no shared drives between projects. Plant VPNs for plants 1 to 8 use FIPS-validated modules.,VDI configuration; plant enclave SSPs,Met,Met,None,Low,None,GCEE platform engineering lead,,None pending. Rev. 3 counterpart 03.13.04; Rev. 3 is not required for CMMC Level 2 (32 CFR 170.14(c)(3) fixes Rev. 2)
G-092,NIST SP 800-171 Rev. 2 (CMMC Level 2),SP 800-171 Rev. 2 3.13.5,Implement subnetworks for publicly accessible system components that are physically or logically separated from internal networks.,Derived,SC.L2-3.13.5,5,Yes,DE.CM-01; PR.DS-01; PR.DS-02; PR.DS-10; PR.IR-01,SC-7,Derived from NIST official mappings via SP 800-171 Rev. 3 03.13.01 (NIST Rev. 2 to Rev. 3 change analysis; SP 800-171r3 CUI overlay for SP 800-53; CSF 2.0 to SP 800-171r3 mapping),The exchange gateway sits in a separate DMZ subnet. Plant VPNs for plants 1 to 8 use FIPS-validated modules.,Network diagram; plant enclave SSPs,Met,Met,None,Low,None,Group network director,,None pending. In SP 800-171 Rev. 3 this requirement is withdrawn (Incorporated into 03.13.01). Rev. 3 is not required for CMMC Level 2 (32 CFR 170.14(c)(3) fixes Rev. 2)
G-093,NIST SP 800-171 Rev. 2 (CMMC Level 2),SP 800-171 Rev. 2 3.13.6,"Deny network communications traffic by default and allow network communications traffic by exception (i.e., deny all, permit by exception).",Derived,SC.L2-3.13.6,5,Yes,DE.CM-01; PR.DS-01; PR.DS-02; PR.DS-10; PR.IR-01,SC-7(5),Derived from NIST official mappings via SP 800-171 Rev. 3 03.13.06 (NIST Rev. 2 to Rev. 3 change analysis; SP 800-171r3 CUI overlay for SP 800-53; CSF 2.0 to SP 800-171r3 mapping),"Deny by default, allow by exception. Plant VPNs for plants 1 to 8 use FIPS-validated modules.",Policy export; plant enclave SSPs,Met,Met,None,Low,None,Group network director,,None pending. Rev. 3 counterpart 03.13.06; Rev. 3 is not required for CMMC Level 2 (32 CFR 170.14(c)(3) fixes Rev. 2)
G-094,NIST SP 800-171 Rev. 2 (CMMC Level 2),SP 800-171 Rev. 2 3.13.7,"Prevent remote devices from simultaneously establishing non-remote connections with organizational systems and communicating via some other connection to resources in external networks (i.e., split tunneling).",Derived,SC.L2-3.13.7,1,Yes,DE.CM-09; PR.AA-05; PR.PS-01,AC-17; AC-17(3); AC-17(4); CM-6; CM-7; CM-7(1),"Derived from NIST official mappings via SP 800-171 Rev. 3 03.01.12, 03.04.02, 03.04.06 (NIST Rev. 2 to Rev. 3 change analysis; SP 800-171r3 CUI overlay for SP 800-53; CSF 2.0 to SP 800-171r3 mapping)",Split tunneling is disabled on the group VPN. Plant VPNs for plants 1 to 8 use FIPS-validated modules.,VPN configuration; plant enclave SSPs,Met,Met,None,Low,None,Group network director,,"None pending. In SP 800-171 Rev. 3 this requirement is withdrawn (Addressed by 03.01.12, 03.04.02 and 03.04.06). Rev. 3 is not required for CMMC Level 2 (32 CFR 170.14(c)(3) fixes Rev. 2)"
G-095,NIST SP 800-171 Rev. 2 (CMMC Level 2),SP 800-171 Rev. 2 3.13.8,Implement cryptographic mechanisms to prevent unauthorized disclosure of CUI during transmission unless otherwise protected by alternative physical safeguards.,Derived,SC.L2-3.13.8,3,Yes,PR.AA-05; PR.DS-01; PR.DS-02,AC-17(2); SC-8; SC-8(1); SC-28; SC-28(1),Derived from NIST official mappings via SP 800-171 Rev. 3 03.13.08 (NIST Rev. 2 to Rev. 3 change analysis; SP 800-171r3 CUI overlay for SP 800-53; CSF 2.0 to SP 800-171r3 mapping),All GCEE traffic is encrypted in transit with FIPS-validated modules. Plant VPNs for plants 1 to 8 use FIPS-validated modules.,TLS scan; module certificates; plant enclave SSPs,Met,Met,None,Low,None,Group network director,,None pending. Rev. 3 counterpart 03.13.08; Rev. 3 is not required for CMMC Level 2 (32 CFR 170.14(c)(3) fixes Rev. 2)
G-096,NIST SP 800-171 Rev. 2 (CMMC Level 2),SP 800-171 Rev. 2 3.13.9,Terminate network connections associated with communications sessions at the end of the sessions or after a defined period of inactivity.,Derived,SC.L2-3.13.9,1,Yes,PR.AA-05,SC-10,Derived from NIST official mappings via SP 800-171 Rev. 3 03.13.09 (NIST Rev. 2 to Rev. 3 change analysis; SP 800-171r3 CUI overlay for SP 800-53; CSF 2.0 to SP 800-171r3 mapping; CSF 2.0 via NIST CSF 2.0 to SP 800-53 mapping because the CSF 2.0 to 800-171r3 mapping has no entry); CSF author mapping,Sessions end at the gateway after inactivity or logout. Plant VPNs for plants 1 to 8 use FIPS-validated modules.,Gateway configuration; plant enclave SSPs,Met,Met,None,Low,None,Group network director,,None pending. Rev. 3 counterpart 03.13.09; Rev. 3 is not required for CMMC Level 2 (32 CFR 170.14(c)(3) fixes Rev. 2)
G-097,NIST SP 800-171 Rev. 2 (CMMC Level 2),SP 800-171 Rev. 2 3.13.10,Establish and manage cryptographic keys for cryptography employed in organizational systems.,Derived,SC.L2-3.13.10,1,Yes,PR.DS-01; PR.DS-02,SC-12,Derived from NIST official mappings via SP 800-171 Rev. 3 03.13.10 (NIST Rev. 2 to Rev. 3 change analysis; SP 800-171r3 CUI overlay for SP 800-53; CSF 2.0 to SP 800-171r3 mapping),"Customer-managed keys in an HSM-backed key service, rotated yearly. Plant VPNs for plants 1 to 8 use FIPS-validated modules.",Key configuration; plant enclave SSPs,Met,Met,None,Low,None,Group cloud platform director,,None pending. Rev. 3 counterpart 03.13.10; Rev. 3 is not required for CMMC Level 2 (32 CFR 170.14(c)(3) fixes Rev. 2)
G-098,NIST SP 800-171 Rev. 2 (CMMC Level 2),SP 800-171 Rev. 2 3.13.11,Employ FIPS-validated cryptography when used to protect the confidentiality of CUI.,Derived,SC.L2-3.13.11,5 (3 if partially effective),Yes,PR.DS-01; PR.DS-02; PR.DS-10,SC-13,Derived from NIST official mappings via SP 800-171 Rev. 3 03.13.11 (NIST Rev. 2 to Rev. 3 change analysis; SP 800-171r3 CUI overlay for SP 800-53; CSF 2.0 to SP 800-171r3 mapping),FIPS-validated modules on GCEE paths and plants 1 to 8 VPNs. Plant 9 legacy VPN not confirmed,Module certificates; Plant 9 VPN configuration,Partially met,Met,FIPS validation not confirmed at Plant 9,High,FIPS-mode VPN appliance at Plant 9 (POAM-007),Group network director,2026-12-31,None pending. Rev. 3 counterpart 03.13.11; Rev. 3 is not required for CMMC Level 2 (32 CFR 170.14(c)(3) fixes Rev. 2)
G-099,NIST SP 800-171 Rev. 2 (CMMC Level 2),SP 800-171 Rev. 2 3.13.12,Prohibit remote activation of collaborative computing devices and provide indication of devices in use to users present at the device.[29].,Derived,SC.L2-3.13.12,1,Yes,PR.AA-05,SC-15,Derived from NIST official mappings via SP 800-171 Rev. 3 03.13.12 (NIST Rev. 2 to Rev. 3 change analysis; SP 800-171r3 CUI overlay for SP 800-53; CSF 2.0 to SP 800-171r3 mapping; CSF 2.0 via NIST CSF 2.0 to SP 800-53 mapping because the CSF 2.0 to 800-171r3 mapping has no entry); CSF author mapping,Collaborative devices in engineering conference rooms show an indicator and cannot be activated remotely. Plant VPNs for plants 1 to 8 use FIPS-validated modules.,Room standard; plant enclave SSPs,Met,Met,None,Low,None,GCEE platform engineering lead,,None pending. Rev. 3 counterpart 03.13.12; Rev. 3 is not required for CMMC Level 2 (32 CFR 170.14(c)(3) fixes Rev. 2)
G-100,NIST SP 800-171 Rev. 2 (CMMC Level 2),SP 800-171 Rev. 2 3.13.13,Control and monitor the use of mobile code.,Derived,SC.L2-3.13.13,1,Yes,PR.AA-05,SC-18,Derived from NIST official mappings via SP 800-171 Rev. 3 03.13.13 (NIST Rev. 2 to Rev. 3 change analysis; SP 800-171r3 CUI overlay for SP 800-53; CSF 2.0 to SP 800-171r3 mapping; CSF 2.0 via NIST CSF 2.0 to SP 800-53 mapping because the CSF 2.0 to 800-171r3 mapping has no entry); CSF author mapping,Browser and EDR controls restrict mobile code on workstations. Plant VPNs for plants 1 to 8 use FIPS-validated modules.,Browser policy; plant enclave SSPs,Met,Met,None,Low,None,Group SOC director,,None pending. Rev. 3 counterpart 03.13.13; Rev. 3 is not required for CMMC Level 2 (32 CFR 170.14(c)(3) fixes Rev. 2)
G-101,NIST SP 800-171 Rev. 2 (CMMC Level 2),SP 800-171 Rev. 2 3.13.14,Control and monitor the use of Voice over Internet Protocol (VoIP) technologies.,Derived,SC.L2-3.13.14,1,Yes,PR.IR-01,SC-7; CM-7,Author mapping (Rev. 2 requirement withdrawn in Rev. 3 without a successor: Technology-specific),Softphones used in engineering areas run on the group VoIP platform with encryption and monitoring. Plant VPNs for plants 1 to 8 use FIPS-validated modules.,VoIP standard; plant enclave SSPs,Met,Met,None,Low,None,Group network director,,None pending. In SP 800-171 Rev. 3 this requirement is withdrawn (Technology-specific). Rev. 3 is not required for CMMC Level 2 (32 CFR 170.14(c)(3) fixes Rev. 2)
G-102,NIST SP 800-171 Rev. 2 (CMMC Level 2),SP 800-171 Rev. 2 3.13.15,Protect the authenticity of communications sessions.,Derived,SC.L2-3.13.15,5,Yes,PR.AA-05,SC-23,Derived from NIST official mappings via SP 800-171 Rev. 3 03.13.15 (NIST Rev. 2 to Rev. 3 change analysis; SP 800-171r3 CUI overlay for SP 800-53; CSF 2.0 to SP 800-171r3 mapping; CSF 2.0 via NIST CSF 2.0 to SP 800-53 mapping because the CSF 2.0 to 800-171r3 mapping has no entry); CSF author mapping,Session authenticity protected by TLS and signed tokens. Plant VPNs for plants 1 to 8 use FIPS-validated modules.,TLS configuration; plant enclave SSPs,Met,Met,None,Low,None,Group network director,,None pending. Rev. 3 counterpart 03.13.15; Rev. 3 is not required for CMMC Level 2 (32 CFR 170.14(c)(3) fixes Rev. 2)
G-103,NIST SP 800-171 Rev. 2 (CMMC Level 2),SP 800-171 Rev. 2 3.13.16,Protect the confidentiality of CUI at rest.,Derived,SC.L2-3.13.16,1,Yes,PR.AA-05; PR.DS-01; PR.DS-02,AC-17(2); SC-8; SC-8(1); SC-28; SC-28(1),Derived from NIST official mappings via SP 800-171 Rev. 3 03.13.08 (NIST Rev. 2 to Rev. 3 change analysis; SP 800-171r3 CUI overlay for SP 800-53; CSF 2.0 to SP 800-171r3 mapping),"CUI at rest encrypted in storage, databases, and backups. Plant VPNs for plants 1 to 8 use FIPS-validated modules.",Encryption configuration; plant enclave SSPs,Met,Met,None,Low,None,Group cloud platform director,,None pending. In SP 800-171 Rev. 3 this requirement is withdrawn (Incorporated into 03.13.08). Rev. 3 is not required for CMMC Level 2 (32 CFR 170.14(c)(3) fixes Rev. 2)
G-104,NIST SP 800-171 Rev. 2 (CMMC Level 2),SP 800-171 Rev. 2 3.14.1,"Identify, report, and correct system flaws in a timely manner.",Basic,SI.L2-3.14.1,5,Yes,ID.IM-01; ID.IM-02; ID.IM-03; PR.PS-02,SI-2,Derived from NIST official mappings via SP 800-171 Rev. 3 03.14.01 (NIST Rev. 2 to Rev. 3 change analysis; SP 800-171r3 CUI overlay for SP 800-53; CSF 2.0 to SP 800-171r3 mapping),GCEE and plants 1 to 8 patched monthly (critical in 14 days). Plant 9 file server missed 5 months of patches,Patch reports; Plant 9 scan,Partially met,Met,Unpatched Plant 9 server,High,Patch now; replace with GCEE storage at migration (POAM-007),Aircraft Parts VP of operations,2026-10-31,None pending. Rev. 3 counterpart 03.14.01; Rev. 3 is not required for CMMC Level 2 (32 CFR 170.14(c)(3) fixes Rev. 2)
G-105,NIST SP 800-171 Rev. 2 (CMMC Level 2),SP 800-171 Rev. 2 3.14.2,Provide protection from malicious code at designated locations within organizational systems.,Basic,SI.L2-3.14.2,5,Yes,PR.DS-01; PR.DS-02; PR.DS-10,SI-3,Derived from NIST official mappings via SP 800-171 Rev. 3 03.14.02 (NIST Rev. 2 to Rev. 3 change analysis; SP 800-171r3 CUI overlay for SP 800-53; CSF 2.0 to SP 800-171r3 mapping),EDR on all servers and workstations. Plants 1 to 8 patched monthly; machines handled as Specialized Assets.,EDR coverage; plant enclave SSPs,Met,Met,None,Low,None,Group SOC director,,None pending. Rev. 3 counterpart 03.14.02; Rev. 3 is not required for CMMC Level 2 (32 CFR 170.14(c)(3) fixes Rev. 2)
G-106,NIST SP 800-171 Rev. 2 (CMMC Level 2),SP 800-171 Rev. 2 3.14.3,Monitor system security alerts and advisories and take action in response.,Basic,SI.L2-3.14.3,5,Yes,ID.RA-01; ID.RA-03,SI-5,Derived from NIST official mappings via SP 800-171 Rev. 3 03.14.03 (NIST Rev. 2 to Rev. 3 change analysis; SP 800-171r3 CUI overlay for SP 800-53; CSF 2.0 to SP 800-171r3 mapping),Security advisories and DIB threat sharing feed the SOC and patch process. Plants 1 to 8 patched monthly; machines handled as Specialized Assets.,Threat intelligence log; plant enclave SSPs,Met,Met,None,Low,None,Group SOC director,,None pending. Rev. 3 counterpart 03.14.03; Rev. 3 is not required for CMMC Level 2 (32 CFR 170.14(c)(3) fixes Rev. 2)
G-107,NIST SP 800-171 Rev. 2 (CMMC Level 2),SP 800-171 Rev. 2 3.14.4,Update malicious code protection mechanisms when new releases are available.,Derived,SI.L2-3.14.4,5,Yes,PR.DS-01; PR.DS-02; PR.DS-10,SI-3,Derived from NIST official mappings via SP 800-171 Rev. 3 03.14.02 (NIST Rev. 2 to Rev. 3 change analysis; SP 800-171r3 CUI overlay for SP 800-53; CSF 2.0 to SP 800-171r3 mapping),EDR updates automatically. Plants 1 to 8 patched monthly; machines handled as Specialized Assets.,EDR status; plant enclave SSPs,Met,Met,None,Low,None,Group SOC director,,None pending. In SP 800-171 Rev. 3 this requirement is withdrawn (Incorporated into 03.14.02). Rev. 3 is not required for CMMC Level 2 (32 CFR 170.14(c)(3) fixes Rev. 2)
G-108,NIST SP 800-171 Rev. 2 (CMMC Level 2),SP 800-171 Rev. 2 3.14.5,"Perform periodic scans of organizational systems and real-time scans of files from external sources as files are downloaded, opened, or executed.",Derived,SI.L2-3.14.5,3,Yes,PR.DS-01; PR.DS-02; PR.DS-10,SI-3,Derived from NIST official mappings via SP 800-171 Rev. 3 03.14.02 (NIST Rev. 2 to Rev. 3 change analysis; SP 800-171r3 CUI overlay for SP 800-53; CSF 2.0 to SP 800-171r3 mapping),Real-time scanning of files and periodic full scans. Plants 1 to 8 patched monthly; machines handled as Specialized Assets.,EDR policy; plant enclave SSPs,Met,Met,None,Low,None,Group SOC director,,None pending. In SP 800-171 Rev. 3 this requirement is withdrawn (Addressed by 03.14.02). Rev. 3 is not required for CMMC Level 2 (32 CFR 170.14(c)(3) fixes Rev. 2)
G-109,NIST SP 800-171 Rev. 2 (CMMC Level 2),SP 800-171 Rev. 2 3.14.6,"Monitor organizational systems, including inbound and outbound communications traffic, to detect attacks and indicators of potential attacks.",Derived,SI.L2-3.14.6,5,Yes,DE.AE-02; DE.AE-03; DE.CM-01; DE.CM-06; DE.CM-09; ID.IM-01,SI-4; SI-4(4),Derived from NIST official mappings via SP 800-171 Rev. 3 03.14.06 (NIST Rev. 2 to Rev. 3 change analysis; SP 800-171r3 CUI overlay for SP 800-53; CSF 2.0 to SP 800-171r3 mapping),24x7 monitoring of inbound and outbound traffic and PLM download volumes. Tighter baselines for Program H are planned (P07 SI-4(4)). Plants 1 to 8 patched monthly; machines handled as Specialized Assets.,SIEM coverage; plant enclave SSPs,Met,Met,None,Low,None,Group SOC director,,None pending. Rev. 3 counterpart 03.14.06; Rev. 3 is not required for CMMC Level 2 (32 CFR 170.14(c)(3) fixes Rev. 2)
G-110,NIST SP 800-171 Rev. 2 (CMMC Level 2),SP 800-171 Rev. 2 3.14.7,Identify unauthorized use of organizational systems.,Derived,SI.L2-3.14.7,3,Yes,DE.AE-02; DE.AE-03; DE.CM-01; DE.CM-06; DE.CM-09; ID.IM-01,SI-4; SI-4(4),Derived from NIST official mappings via SP 800-171 Rev. 3 03.14.06 (NIST Rev. 2 to Rev. 3 change analysis; SP 800-171r3 CUI overlay for SP 800-53; CSF 2.0 to SP 800-171r3 mapping),"Use-based alerts (mass download, off-hours project access, export-tag violations). Plants 1 to 8 patched monthly; machines handled as Specialized Assets.",SIEM use cases; plant enclave SSPs,Met,Met,None,Low,None,Group SOC director,,None pending. In SP 800-171 Rev. 3 this requirement is withdrawn (Incorporated into 03.14.06). Rev. 3 is not required for CMMC Level 2 (32 CFR 170.14(c)(3) fixes Rev. 2)
G-111,DFARS 252.204-7012,252.204-7012(b)(2)(ii)(D),"An external cloud service provider used to store, process, or transmit CDI must meet security requirements equivalent to the FedRAMP Moderate baseline and comply with paragraphs (c) to (g)",Contract clause,,,Yes,GV.SC-05; GV.SC-07,SA-9; SA-4,Author mapping,"Provider A and the CUI suite are FedRAMP authorized (Marketplace checked 2026-07-14). SYS-D4, operated by the Defense Software division, holds Aircraft Parts sustainment CUI and has not shown equivalency (23 open 3PAO findings)",FedRAMP Marketplace records; SYS-D4 3PAO report 2026-06,Partially met,n/a,Sister-division CSP without equivalency evidence,High,Move the data into the GCEE (POAM-006); return only when SYS-D4 evidence is accepted by the Group CMMC program director,Aircraft Parts VP of supply chain,2026-11-30,None
G-112,DFARS 252.204-7012,252.204-7012(b)(3),Apply other security measures where needed for special circumstances; may be addressed in the SSP,Contract clause,,,Yes,GV.RM-04; ID.AM-08,PL-2; SA-22,Author mapping,"Specialized Assets (about 1,140 machines; 212 unsupported controllers) documented with compensating measures in the plant enclave SSPs",Plant enclave SSPs,Met,n/a,None,Low,None,Aircraft Parts security and compliance lead,,None
G-113,DFARS 252.204-7012,252.204-7012(c)(1)(i),"On discovering a cyber incident, review for evidence of compromise of CDI, including other systems that may have been accessed",Contract clause,,,Yes,RS.AN-03; RS.AN-06,IR-4,Author mapping,"Group SOC procedure covers the review, with the forensic retainer",IR plan; 2026-04 exercise,Met,n/a,None,Low,None,Group SOC director,,None
G-114,DFARS 252.204-7012,252.204-7012(c)(1)(ii),Rapidly report cyber incidents (within 72 hours of discovery) to DoD at https://dibnet.dod.mil,Contract clause,,,Yes,RS.CO-02,IR-6,Author mapping,Aircraft Parts reporters drilled in 2026-03. A GCEE incident also needs Engineering Services and Defense Software reports under their own contracts; the group matrix has not been exercised,Drill record; notification matrix (P08),Partially met,n/a,Cross-division reporting not exercised,Moderate,Cross-division tabletop with DIBNet drill on 2026-11-18,Aircraft Parts director of contracts,2026-11-18,None
G-115,DFARS 252.204-7012,252.204-7012(c)(3),Have or acquire a DoD-approved medium assurance certificate to report cyber incidents,Contract clause,,,Yes,RS.CO-02,IR-6; IA-5,Author mapping,4 Aircraft Parts certificate holders; certificates checked quarterly,Certificate register,Met,n/a,None,Low,None,Aircraft Parts director of contracts,,None
G-116,DFARS 252.204-7012,252.204-7012(d),"Submit malicious software isolated in connection with a reported incident to the DoD Cyber Crime Center (DC3), not to the Contracting Officer",Contract clause,,,Yes,RS.AN-06,IR-4; IR-6,Author mapping,SOC procedure includes the DC3 submission step,IR plan,Met,n/a,None,Low,None,Group SOC director,,None
G-117,DFARS 252.204-7012,252.204-7012(e),Preserve and protect images of affected systems and relevant monitoring and packet capture data for at least 90 days from report submission,Contract clause,,,Yes,RS.AN-07,IR-4; AU-11; AU-9,Author mapping,Forensic retainer; cloud snapshot procedure; 1-year online log retention. Plant MES logs at 4 plants are kept only 30 days locally (see 3.3.1),IR plan; retention settings,Met,n/a,None for the clause procedure; plant log retention is tracked under 3.3.1,Low,None,Group SOC director,,None
G-118,DFARS 252.204-7012,252.204-7012(f)-(g),"On request, give DoD access to additional information or equipment for forensic analysis and damage assessment information",Contract clause,,,Yes,RS.CO-02; RS.AN-07,IR-4; IR-7,Author mapping,Director of contracts named as DoD liaison; provider CRMs cover cloud forensic support,IR plan; CRMs,Met,n/a,None,Low,None,Aircraft Parts director of contracts,,None
G-119,DFARS 252.204-7012,252.204-7012(m)(1),"Flow the clause down to subcontracts involving CDI, including for commercial products or services, without alteration except to identify the parties",Contract clause,,,Yes,GV.SC-05,SA-4; SR-3,Author mapping,"Flowdown confirmed in 92% of about 1,450 CUI supplier orders; older outside processing orders lack it",Purchase order clause audit 2026-06,Partially met,n/a,About 115 suppliers without confirmed flowdown,Moderate,Amend remaining orders or stop CUI release to those suppliers,Aircraft Parts supplier quality director,2026-12-31,"FAR CUI proposed rule (90 FR 4278, 2025-01-15) not final; no change in force"
G-120,DFARS 252.204-7012,252.204-7012(m)(2)(ii),"When reporting a cyber incident, give the DoD-assigned incident report number to the prime (or next higher tier) as soon as practicable",Contract clause,,,Yes,RS.CO-03,IR-6,Author mapping,Step in the IR plan and P08 matrix for Primes A to D,IR plan; P08 matrix,Met,n/a,None,Low,None,Aircraft Parts director of contracts,,None
G-121,DFARS 252.204-7019/7020,252.204-7019(b); 252.204-7020(d),Have a current NIST SP 800-171 DoD Assessment (not more than 3 years old) posted in SPRS for each covered system,Contract clause,,,Yes,GV.OV-01; ID.IM-01,CA-2; CA-5,Author mapping,DCMA DIBCAC High Assessment score of 98 posted 2024-06-07 (current until 2027-06). It predates Plant 9 and the current scope; the 2026 self-assessment scores 87 for the Aircraft Parts portion,SPRS record; P03 score,Partially met,n/a,SPRS record no longer reflects the current environment,Moderate,Post the C3PAO result after 2026-12; until then counsel decides whether a Basic Assessment update is warranted,Group CMMC program director,2026-12-31,None
G-122,DFARS 252.204-7020,252.204-7020(c),"Provide access to facilities, systems, and personnel for a Government Medium or High Assessment if necessary",Contract clause,,,Yes,GV.OC-03,CA-2,Author mapping,Supported the 2024 DIBCAC High Assessment; POL-01 commits to support,2024 assessment records,Met,n/a,None,Low,None,Group CMMC program director,,None
G-123,DFARS 252.204-7020,252.204-7020(g)(2),Do not award a subcontract subject to SP 800-171 unless the subcontractor has at least a current Basic Assessment in SPRS,Contract clause,,,Yes,GV.SC-06,SR-6; SA-4,Author mapping,SPRS check in supplier onboarding since 2025; legacy suppliers not rechecked,Supplier onboarding records,Partially met,n/a,Legacy suppliers not rechecked,High,Recheck all CUI suppliers before the next order (POAM-014),Aircraft Parts supplier quality director,2027-03-31,None
G-124,DFARS 252.204-7021; 32 CFR Part 170,"252.204-7021(d)(1)(i), (d)(3); 32 CFR 170.17, 170.22","Have and maintain a current CMMC status at the required level for all systems that process CUI, with annual affirmation in SPRS",Contract clause and regulation,,,Yes,GV.OC-03; GV.OV-01,CA-2; CA-6; PM-9,Author mapping,"No Level 2 (C3PAO) status yet. Phase 2 (planned for 2026-11-10) is suspended by the 2026-07-13 CIO memorandum; until 2028-11-09 DoD includes 7021 only when a program office requires a specific level (DoD Class Deviation 2026-O0025, Revision 3, DFARS 240.371-5). Voluntary C3PAO window 2026-12-07 to 2026-12-18; Affirming Official is the Aircraft Parts president",C3PAO engagement letter; SPRS record,Not met,n/a,Not yet eligible for Level 2 (C3PAO) awards,High,Close readiness gaps; C3PAO assessment; affirmation,Aircraft Parts president,2026-12-18,None
G-125,DFARS 252.204-7021,252.204-7021(d)(2),"Process, store, or transmit FCI or CUI only on contractor systems with the required CMMC status",Contract clause,,,Yes,ID.AM-07; GV.OC-03,CM-12; PL-2,Author mapping,Plant 9 and SYS-D4 hold Aircraft Parts CUI and will be outside the Level 2 status,Data location register,Partially met,n/a,CUI outside the planned status scope,High,No new CUI work at Plant 9 until migrated; move SYS-D4 data into the GCEE,Aircraft Parts president,2026-11-30,None
G-126,DFARS 252.204-7021; 32 CFR Part 170,"252.204-7021(d)(1)(ii), (d)(4), (f); 32 CFR 170.23",Flow down the correct CMMC level and confirm subcontractor status and affirmation before award,Contract clause and regulation,,,Yes,GV.SC-05; GV.SC-06,SR-6; SA-4,Author mapping,Status verified for 38% of suppliers that would need Level 2 (C3PAO); 7021 flowdown in new orders since 2025-11-10,Supplier verification report,Partially met,n/a,Supplier status unverified for most subcontracts that would need Level 2 (C3PAO),High,Verify status before award; supplier outreach program (POAM-014),Aircraft Parts supplier quality director,2027-03-31,None
G-127,DFARS 252.204-7021,252.204-7021(e)(1)-(2),"Give the Contracting Officer the CMMC UIDs for systems that will process FCI or CUI, and enter current self-assessment results for UIDs not covered by a C3PAO or DIBCAC assessment",Contract clause,,,Yes,GV.OC-03,PL-2,Author mapping,UID plan drafted: one UID for the Enterprise CUI Environment; Plant 9 and SYS-D4 handling undecided,UID plan draft,Partially met,n/a,UID mapping incomplete,Low,Decide UIDs with the C3PAO engagement,Group CMMC program director,2026-12-18,None
G-128,32 CFR Part 170,32 CFR 170.19(c)(1),"Specify the Level 2 assessment scope: asset inventory, SSP treatment, and network diagram for each asset category",Regulation,,,Yes,ID.AM-01; ID.AM-03; ID.AM-08,CM-8; PL-2,Author mapping,"Asset categories recorded for the GCEE and plants 1, 2, 3, 5, 6, 8; plants 4 and 7 incomplete",Inventory; diagrams,Partially met,n/a,Scope documentation incomplete at 2 plants,Moderate,See 3.4.1 and 3.12.4 (POAM-005),GCEE platform engineering lead,2026-10-31,None
G-129,32 CFR Part 170,32 CFR 170.19(c)(2),"When an ESP is a CSP that processes, stores, or transmits CUI, the CSP must meet the FedRAMP requirements in DFARS 252.204-7012; ESP use is documented in the SSP and the ESP CRM",Regulation,,,Yes,GV.SC-05; GV.SC-07,SA-9,Author mapping,Provider A and the CUI suite CRMs referenced in the SSP. SYS-D4 has no CRM and no equivalency evidence,SSP section 7,Not met,n/a,SYS-D4 does not meet the ESP rule for CUI,High,Same action as G-111,Aircraft Parts VP of supply chain,2026-11-30,None
G-130,32 CFR Part 170,32 CFR 170.21(a)(2),"Conditional Level 2 status requires a score of at least 0.8 of 110 and a POA&M limited to eligible 1-point requirements (3.13.11 at 3 points only if encryption is used but not FIPS-validated), excluding 3.1.20, 3.1.22, 3.12.4, 3.10.3, 3.10.4, 3.10.5",Regulation,,,Yes,GV.OV-01,CA-5,Author mapping,"Aircraft Parts portion scores 87; the Enterprise CUI Environment scores 79. Open items not allowed on a POA&M: 3.1.20, 3.12.4, and the 3- and 5-point items (3.3.1, 3.4.1, 3.8.7, 3.8.8)",P03 score calculation,Not met,n/a,Would not achieve even Conditional status today,High,Close all ineligible items by 2026-11-30; only 1-point items may remain,Group CMMC program director,2026-11-30,None
G-131,32 CFR Part 170,32 CFR 170.18(a)(1); 170.19(e),"Level 3 (DIBCAC) needs Final Level 2 (C3PAO) status on the Level 3 scope first; the Level 3 scope equals or is a subset of the Level 2 scope, and Level 2 POA&M items must be closed before the Level 3 assessment",Regulation,,,"Yes (Program H; Level 3 expectation suspended under the deviation, readiness continues)",GV.OC-03,CA-2; PL-2,Author mapping,Program H enclave is a subset of the GCEE. No Level 2 status yet,Program H readiness plan,Not met,n/a,Prerequisite not yet met,Moderate,Final Level 2 (C3PAO) for the Enterprise CUI Environment by 2027-06; Level 3 readiness review 2027-09,Program H chief engineer,2027-09-30,None
G-132,32 CFR Part 170 (Level 3),32 CFR 170.14(c)(4) IR.L3-3.6.1e,"Establish and maintain a security operations center capability that operates 24/7, with allowance for remote or on-call staff (not allowed on a Level 3 POA&M, 170.21(a)(3))",Regulation,,,Yes (Program H),DE.CM-01; RS.MA-01,IR-4; SI-4,Author mapping,In-house 24x7 group SOC covers the GCEE and Program H enclave,SOC staffing roster; SIEM coverage,Met,n/a,None,Low,None,Group SOC director,,None
G-133,32 CFR Part 170 (Level 3),32 CFR 170.14(c)(4) IR.L3-3.6.2e,Establish and maintain a cyber incident response team that can be deployed within 24 hours (not allowed on a Level 3 POA&M),Regulation,,,Yes (Program H),RS.MA-01,IR-4; IR-7,Author mapping,Group incident response team plus forensic retainer with on-site deployment terms,Retainer contract; team roster,Met,n/a,None,Low,None,Group SOC director,,None
G-134,32 CFR Part 170 (Level 3),32 CFR 170.14(c)(4) RA.L3-3.11.1e,"Employ threat intelligence (open or commercial sources and any DoD-provided sources) as part of a risk assessment to guide system development, security architecture, monitoring, threat hunting, and response (not allowed on a Level 3 POA&M)",Regulation,,,Yes (Program H),ID.RA-02; ID.RA-03,RA-3; PM-16,Author mapping,Threat intelligence feeds the SOC; not yet formally used in Program H risk assessment and architecture decisions,Threat intelligence log,Partially met,n/a,Threat-informed risk assessment not documented for Program H,Moderate,Program H threat-informed risk assessment,Program H chief engineer,2027-06-30,None
G-135,32 CFR Part 170 (Level 3),32 CFR 170.14(c)(4) RA.L3-3.11.4e,"Document or reference in the SSP the security solution selected, the rationale, and the risk determination (not allowed on a Level 3 POA&M)",Regulation,,,Yes (Program H),ID.RA-06,PL-2; RA-3,Author mapping,GCEE SSP describes solutions but not the rationale and risk determination for Program H choices,SSP v3.0,Partially met,n/a,Rationale not documented,Moderate,Program H SSP annex with solution rationale,Program H chief engineer,2027-06-30,None
G-136,32 CFR Part 170 (Level 3),32 CFR 170.14(c)(4) RA.L3-3.11.6e,"Assess, respond to, and monitor supply chain risks associated with organizational systems and components (not allowed on a Level 3 POA&M)",Regulation,,,Yes (Program H),GV.SC-07,SR-6; RA-3,Author mapping,Supplier CUI controls exist; no monitoring of OT component suppliers for Program H cells,SCRM plan,Partially met,n/a,OT component supply chain not monitored,Moderate,Extend supply chain monitoring to Program H machines and spares,Group supply chain risk director,2027-06-30,None
G-137,32 CFR Part 170 (Level 3),32 CFR 170.14(c)(4) RA.L3-3.11.7e,Develop and update a plan for managing supply chain risks to organizational systems and components (not allowed on a Level 3 POA&M),Regulation,,,Yes (Program H),GV.SC-01; GV.SC-02,SR-2,Author mapping,Group SCRM plan covers IT and engineering services suppliers but not machine and controller suppliers,SCRM plan,Partially met,n/a,Plan does not cover OT components,Moderate,Revise the plan to cover OT components,Group supply chain risk director,2027-03-31,None
G-138,32 CFR Part 170 (Level 3),32 CFR 170.14(c)(4) SI.L3-3.14.3e,"Ensure Specialized Assets are included in the scope and protected, using intermediary devices where needed (not allowed on a Level 3 POA&M)",Regulation,,,Yes (Program H),PR.PS-01; PR.IR-01,SC-7; SI-4,Author mapping,Program H machines share VLANs with other programs; no intermediary devices,Plant 2 network diagram,Not met,n/a,Specialized Asset security for Program H not in place,Moderate,Dedicated Program H cell network with intermediary devices (AP-018),Program H chief engineer,2027-09-30,None
G-139,FAR 52.204-21,52.204-21(b)(1),Apply the 15 basic safeguarding requirements to contractor systems that process FCI (corporate network and ERP),Contract clause,,,Yes,PR.AA-01; PR.AA-06,AC-2; IA-2; PE-3; MP-6,Author mapping,Corporate systems and the ERP meet the 15 requirements through group common controls,Corporate controls review 2026-06,Met,n/a,None,Low,None,Group CISO,,"Revolutionary FAR Overhaul proposed rule (FR Doc. 2026-12559, 2026-06-23) would renumber this clause; not final"
G-140,ITAR; EAR,22 CFR 120.56; 15 CFR 734.13(a)(2) and 734.15 (deemed exports and release),"Release of technical data or technology to a foreign person, including by visual inspection, is an export",Regulation,,,Yes,GV.OC-03; PR.AA-05,AC-21; PE-3; PS-6,Author mapping,U.S.-person gating in SYS-G1; export tags in PLM; escort at plants 1 to 8. Gaps: Plant 9 escort; about 3% of sampled documents had no export tag,Export audit 2026-06; visitor records,Partially met,n/a,Release risk at Plant 9 and from untagged documents,Moderate,Plant 9 visitor system; default tags at check-in; monthly exception report,Aircraft Parts Empowered Official,2026-12-31,None
G-141,ITAR; EAR,22 CFR 120.54(a)(5); 15 CFR 734.18(a)(5),End-to-end encrypted technical data meeting the stated conditions is not an export (carve-out),Regulation,,,Yes,PR.DS-01; PR.DS-02,SC-13; SC-28,Author mapping,The group does not rely on the carve-out for the GCEE: it keeps CUI in U.S. government-community regions and gates access to U.S. persons,Export compliance procedure,Met,n/a,None,Low,None,Group export compliance director,,None
G-142,ITAR,22 CFR 122.1,Register with DDTC when manufacturing or exporting defense articles or furnishing defense services,Regulation,,,Yes,GV.OC-03,PM-1,Author mapping,Registration current,DDTC registration statement,Met,n/a,None,Low,None,Group export compliance director,,None
G-143,NISPOM,32 CFR Part 117,"Security program for cleared contractors, including cyber incident reporting on classified systems (117.8(f))",Regulation,,,No - Aircraft Parts holds no facility clearance,GV.OC-03,PM-1,Author mapping,Not applicable to Aircraft Parts; see the Engineering Services table for the cleared centers,Facility clearance register,Not applicable,n/a,None,Low,None,Group export compliance director,,None
