req_id,regulation,citation,requirement_summary,requirement_type,applies_at_this_tier,csf2_subcategories,sp800_53_controls,regulatory_driver,crosswalk_source,current_state,evidence,status,gap_description,gap_risk_level,remediation_action,owner,target_date,pending_rule_change
G-001,NIST SP 800-53 Rev. 5 (Release 5.2.0) Moderate baseline,SP 800-53 Rev. 5 AC-1,"Policy and Procedures: Access control policy and procedures, reviewed and updated",Base control (Moderate baseline),"Yes - AC-02, AC-03, and AC-04 contracts require the Moderate baseline",GV.OC-03; GV.OV-01; GV.PO-01; GV.PO-02; GV.SC-03; ID.IM-01; ID.IM-02; ID.IM-03; PR.AA-01; PR.AA-05,AC-1,Contract (SP 800-53 Moderate); N92-R02 (CJISSECPOL v6.1 AC-1),Official: NIST CSF 2.0 informative references to SP 800-53 Rev. 5.2.0 (00_universal-framework/crosswalks/csf2_to_sp800-53r5.csv),No written access control policy or procedure,"Interviews (owner, Operations Manager)",Not met,No policy or procedure before 2026-08-31,Low,POL-02 approved 2026-08-31; write the one-page account procedure,Operations Manager,2026-09-30,None known (Release 5.2.0 is current)
G-002,NIST SP 800-53 Rev. 5 (Release 5.2.0) Moderate baseline,SP 800-53 Rev. 5 AC-2 with Moderate enhancements (1)(2)(3)(4)(5)(13),"Account Management: Account management: account types, approvals, creation, disabling, review, and inactivity handling",Base control (Moderate baseline),"Yes - AC-02, AC-03, and AC-04 contracts require the Moderate baseline",DE.CM-01; DE.CM-03; PR.AA-01; PR.AA-05; PR.DS-10,AC-2; AC-2(1); AC-2(2); AC-2(3); AC-2(4); AC-2(5); AC-2(13),Contract (SP 800-53 Moderate); N92-R02 (CJISSECPOL v6.1 AC-2),Official: NIST CSF 2.0 informative references to SP 800-53 Rev. 5.2.0 (00_universal-framework/crosswalks/csf2_to_sp800-53r5.csv),Lead Platform Engineer creates platform accounts; MSP manages suite accounts; agency administrators manage their users; AC-01 users come from the sheriff's identity provider,Platform user and role export; suite user export,Partially met,No written account types or approvals; no periodic review; support role reached every workspace; AC-03 and AC-04 user lists never reconciled with the cities; no automatic disabling of inactive accounts (2 agency accounts unused for over 120 days),High,Quarterly account review by workspace with each agency; disable accounts inactive 90 days; account procedure (POL-02 B.1-B.5),Lead Platform Engineer,2026-10-31,None known (Release 5.2.0 is current)
G-003,NIST SP 800-53 Rev. 5 (Release 5.2.0) Moderate baseline,SP 800-53 Rev. 5 AC-3,Access Enforcement: Access enforcement,Base control (Moderate baseline),"Yes - AC-02, AC-03, and AC-04 contracts require the Moderate baseline",PR.AA-05; PR.DS-10; PR.IR-01,AC-3,Contract (SP 800-53 Moderate); N92-R02 (CJISSECPOL v6.1 AC-3),Official: NIST CSF 2.0 informative references to SP 800-53 Rev. 5.2.0 (00_universal-framework/crosswalks/csf2_to_sp800-53r5.csv),Platform enforces workspace separation and the role design per agency; within AC-01 records are limited by unit; AC-02 payment approval limited to supervisors,Role configuration export; platform vendor SOC 2 report,Met,None,Very Low,None,Lead Platform Engineer,,None known (Release 5.2.0 is current)
G-004,NIST SP 800-53 Rev. 5 (Release 5.2.0) Moderate baseline,SP 800-53 Rev. 5 AC-4,Information Flow Enforcement: Information flow enforcement between systems and workspaces,Base control (Moderate baseline),"Yes - AC-02, AC-03, and AC-04 contracts require the Moderate baseline",DE.CM-09; ID.AM-03; PR.DS-10; PR.IR-01,AC-4,Contract (SP 800-53 Moderate); N92-R02 (CJISSECPOL v6.1 AC-4),Official: NIST CSF 2.0 informative references to SP 800-53 Rev. 5.2.0 (00_universal-framework/crosswalks/csf2_to_sp800-53r5.csv),Platform separates workspaces (inherited). SYS-02 can send traffic anywhere. The AI add-on sends AC-02 documents to a model service outside the platform's FedRAMP scope,SYS-02 security group export; vendor letter on the AI add-on,Partially met,Unrestricted outbound traffic from the server that holds CHRI files; AC-02 data flowing to an unassessed service,Moderate,"Outbound allow-list on SYS-02 (platform API, sheriff drop, update mirrors); AI add-on off until P10 conditions are met",Lead Platform Engineer,2026-12-31,None known (Release 5.2.0 is current)
G-005,NIST SP 800-53 Rev. 5 (Release 5.2.0) Moderate baseline,SP 800-53 Rev. 5 AC-5,Separation of Duties: Separation of duties,Base control (Moderate baseline),"Yes - AC-02, AC-03, and AC-04 contracts require the Moderate baseline",PR.AA-05,AC-5,Contract (SP 800-53 Moderate); N92-R02 (CJISSECPOL v6.1 AC-5),Official: NIST CSF 2.0 informative references to SP 800-53 Rev. 5.2.0 (00_universal-framework/crosswalks/csf2_to_sp800-53r5.csv),"The Lead Platform Engineer designs, approves, promotes, and administers; a 7-person team cannot fully separate duties",Interviews,Partially met,No compensating review of the Lead Platform Engineer's own administrator actions,Low,Monthly review of administrator actions by the Operations Manager (who holds no administrator rights); owner approves security group and role changes,Owner,2026-12-31,None known (Release 5.2.0 is current)
G-006,NIST SP 800-53 Rev. 5 (Release 5.2.0) Moderate baseline,SP 800-53 Rev. 5 AC-6 with Moderate enhancements (1)(2)(5)(7)(9)(10),"Least Privilege: Least privilege, including privileged accounts, non-privileged use of privileged accounts, and logging of privileged functions",Base control (Moderate baseline),"Yes - AC-02, AC-03, and AC-04 contracts require the Moderate baseline",PR.AA-05,AC-6; AC-6(1); AC-6(2); AC-6(5); AC-6(7); AC-6(9); AC-6(10),Contract (SP 800-53 Moderate); N92-R02 (CJISSECPOL v6.1 AC-6),Official: NIST CSF 2.0 informative references to SP 800-53 Rev. 5.2.0 (00_universal-framework/crosswalks/csf2_to_sp800-53r5.csv),Staff have no local administrator rights on laptops (MSP policy),Platform role export; MSP endpoint policy,Partially met,Owner and Lead Platform Engineer use administrator accounts for daily work; both developers can promote to production and read production data; support role read every workspace including CJI until 2026-08-12,High,Separate administrator accounts used only for administration; developer production access limited to break-fix with a ticket; support role scoped per workspace,Lead Platform Engineer,2026-10-31,None known (Release 5.2.0 is current)
G-007,NIST SP 800-53 Rev. 5 (Release 5.2.0) Moderate baseline,SP 800-53 Rev. 5 AC-7,Unsuccessful Logon Attempts: Unsuccessful logon attempts,Base control (Moderate baseline),"Yes - AC-02, AC-03, and AC-04 contracts require the Moderate baseline",PR.AA-03,AC-7,Contract (SP 800-53 Moderate); N92-R02 (CJISSECPOL v6.1 AC-7),Official: NIST CSF 2.0 informative references to SP 800-53 Rev. 5.2.0 (00_universal-framework/crosswalks/csf2_to_sp800-53r5.csv),Platform locks a local account after 10 failed attempts in 30 minutes; sheriff's identity provider applies its own lockout for AC-01 users,Tenant security settings export,Partially met,Value is weaker than the CJIS value (5 in 15 minutes) that governs the AC-01 workspace,Low,Set the tenant to 5 attempts in 15 minutes with administrator release,Lead Platform Engineer,2026-09-30,None known (Release 5.2.0 is current)
G-008,NIST SP 800-53 Rev. 5 (Release 5.2.0) Moderate baseline,SP 800-53 Rev. 5 AC-8,System Use Notification: System use notification,Base control (Moderate baseline),"Yes - AC-02, AC-03, and AC-04 contracts require the Moderate baseline",None,AC-8,Contract (SP 800-53 Moderate); N92-R02 (CJISSECPOL v6.1 AC-8),Official crosswalk has no informative reference for this control,No sign-in banner on the platform workspaces or on SYS-02 SSH,Walkthrough 2026-08-04,Not met,No banner where CJI is reached,Low,Add a banner with the required elements to the AC-01 sign-in page and SYS-02; offer it to all agencies,Lead Platform Engineer,2026-10-31,None known (Release 5.2.0 is current)
G-009,NIST SP 800-53 Rev. 5 (Release 5.2.0) Moderate baseline,SP 800-53 Rev. 5 AC-11 with Moderate enhancements (1),Device Lock: Device lock with pattern-hiding display,Base control (Moderate baseline),"Yes - AC-02, AC-03, and AC-04 contracts require the Moderate baseline",None,AC-11; AC-11(1),Contract (SP 800-53 Moderate); N92-R02 (CJISSECPOL v6.1 AC-11),Official crosswalk has no informative reference for this control,Laptops lock after 15 minutes idle (MSP policy),MSP policy report,Partially met,Platform idle session for local accounts is 60 minutes; lock settings never checked against CJIS (30 minutes maximum),Low,Set platform idle timeout to 30 minutes; confirm laptop lock on all 8,Operations Manager (MSP performs),2026-09-30,None known (Release 5.2.0 is current)
G-010,NIST SP 800-53 Rev. 5 (Release 5.2.0) Moderate baseline,SP 800-53 Rev. 5 AC-12,Session Termination: Session termination,Base control (Moderate baseline),"Yes - AC-02, AC-03, and AC-04 contracts require the Moderate baseline",PR.AA-03,AC-12,Contract (SP 800-53 Moderate); N92-R02 (CJISSECPOL v6.1 AC-12),Official: NIST CSF 2.0 informative references to SP 800-53 Rev. 5.2.0 (00_universal-framework/crosswalks/csf2_to_sp800-53r5.csv),Platform ends idle sessions and enforces a 12-hour absolute session limit,Tenant session settings,Met,None,Very Low,None,Lead Platform Engineer,,None known (Release 5.2.0 is current)
G-011,NIST SP 800-53 Rev. 5 (Release 5.2.0) Moderate baseline,SP 800-53 Rev. 5 AC-14,Permitted Actions Without Identification or Authentication: Permitted actions without identification or authentication,Base control (Moderate baseline),"Yes - AC-02, AC-03, and AC-04 contracts require the Moderate baseline",PR.AA-01,AC-14,Contract (SP 800-53 Moderate); N92-R02 (CJISSECPOL v6.1 AC-14),Official: NIST CSF 2.0 informative references to SP 800-53 Rev. 5.2.0 (00_universal-framework/crosswalks/csf2_to_sp800-53r5.csv),No workspace content is reachable without sign-in; the public status message holds no agency data,Walkthrough 2026-08-04,Met,None,Very Low,None,Lead Platform Engineer,,None known (Release 5.2.0 is current)
G-012,NIST SP 800-53 Rev. 5 (Release 5.2.0) Moderate baseline,SP 800-53 Rev. 5 AC-17 with Moderate enhancements (1)(2)(3)(4),"Remote Access: Remote access: monitoring, encryption, managed access points, privileged commands",Base control (Moderate baseline),"Yes - AC-02, AC-03, and AC-04 contracts require the Moderate baseline",PR.AA-05,AC-17; AC-17(1); AC-17(2); AC-17(3); AC-17(4),Contract (SP 800-53 Moderate); N92-R02 (CJISSECPOL v6.1 AC-17),Official: NIST CSF 2.0 informative references to SP 800-53 Rev. 5.2.0 (00_universal-framework/crosswalks/csf2_to_sp800-53r5.csv),Staff reach the platform and suite over TLS with MFA from anywhere. SYS-02 is administered over SSH with keys only. The MSP reaches every laptop through its remote tool,SYS-02 SSH configuration; MSP contract,Partially met,No second factor for SSH; MSP remote access not limited or logged for the company,Moderate,SSH only through the IaaS provider's MFA-protected session service; MSP remote session logs monthly (R-012),Lead Platform Engineer,2026-12-31,None known (Release 5.2.0 is current)
G-013,NIST SP 800-53 Rev. 5 (Release 5.2.0) Moderate baseline,SP 800-53 Rev. 5 AC-18 with Moderate enhancements (1)(3),"Wireless Access: Wireless access with authentication, encryption, and configuration restrictions",Base control (Moderate baseline),"Yes - AC-02, AC-03, and AC-04 contracts require the Moderate baseline",PR.AA-05,AC-18; AC-18(1); AC-18(3),Contract (SP 800-53 Moderate); N92-R02 (CJISSECPOL v6.1 AC-18),Official: NIST CSF 2.0 informative references to SP 800-53 Rev. 5.2.0 (00_universal-framework/crosswalks/csf2_to_sp800-53r5.csv),Office staff Wi-Fi uses a shared password (unchanged since 2024); guest Wi-Fi separated,Firewall configuration (MSP),Partially met,Shared Wi-Fi password never rotated,Low,Rotate the staff Wi-Fi password yearly and when staff leave; MSP confirms encryption settings,Operations Manager (MSP performs),2026-10-31,None known (Release 5.2.0 is current)
G-014,NIST SP 800-53 Rev. 5 (Release 5.2.0) Moderate baseline,SP 800-53 Rev. 5 AC-19 with Moderate enhancements (5),"Access Control for Mobile Devices: Access control for mobile devices, with encryption of the device",Base control (Moderate baseline),"Yes - AC-02, AC-03, and AC-04 contracts require the Moderate baseline",PR.AA-05,AC-19; AC-19(5),Contract (SP 800-53 Moderate); N92-R02 (CJISSECPOL v6.1 AC-19),Official: NIST CSF 2.0 informative references to SP 800-53 Rev. 5.2.0 (00_universal-framework/crosswalks/csf2_to_sp800-53r5.csv),Staff phones receive suite email with MFA; no mobile device management,Interviews,Partially met,Phones can receive helpdesk notifications with CJI screenshots; no rules for phones,Low,Suite app protection rules on phones; no agency data saved to phones (POL-04),Operations Manager,2026-12-31,None known (Release 5.2.0 is current)
G-015,NIST SP 800-53 Rev. 5 (Release 5.2.0) Moderate baseline,SP 800-53 Rev. 5 AC-20 with Moderate enhancements (1)(2),"Use of External Systems: Use of external systems, with limits on authorized use and portable storage",Base control (Moderate baseline),"Yes - AC-02, AC-03, and AC-04 contracts require the Moderate baseline",ID.AM-02; ID.AM-04,AC-20; AC-20(1); AC-20(2),Contract (SP 800-53 Moderate); N92-R02 (CJISSECPOL v6.1 AC-20),Official: NIST CSF 2.0 informative references to SP 800-53 Rev. 5.2.0 (00_universal-framework/crosswalks/csf2_to_sp800-53r5.csv),Staff use company laptops for agency work by habit; the revenue agency approved 2 company laptops for SC-01,Agency CISO approval letter; connection report,Partially met,June 2026 connections from an unapproved laptop; personal devices not prohibited in writing for web access to the suite,Moderate,POL-02 Part C prohibits agency data on personal devices; SC-01 limited to approved laptops (see PB-06),Operations Manager,2026-09-30,None known (Release 5.2.0 is current)
G-016,NIST SP 800-53 Rev. 5 (Release 5.2.0) Moderate baseline,SP 800-53 Rev. 5 AC-21,Information Sharing: Information sharing decisions,Base control (Moderate baseline),"Yes - AC-02, AC-03, and AC-04 contracts require the Moderate baseline",None,AC-21,Contract (SP 800-53 Moderate); N92-R02 (CJISSECPOL v6.1 AC-21),Official crosswalk has no informative reference for this control,Agencies decide who sees their data; staff share files with vendors' support teams on request,Interviews,Partially met,No rule on sharing agency data with third parties such as vendor support,Low,POL-04 rule: no agency data to any third party without the agency's approval and a contract,Operations Manager,2026-12-31,None known (Release 5.2.0 is current)
G-017,NIST SP 800-53 Rev. 5 (Release 5.2.0) Moderate baseline,SP 800-53 Rev. 5 AC-22,Publicly Accessible Content: Publicly accessible content,Base control (Moderate baseline),"Yes - AC-02, AC-03, and AC-04 contracts require the Moderate baseline",None,AC-22,Contract (SP 800-53 Moderate); N92-R02 (CJISSECPOL v6.1 AC-22),Official crosswalk has no informative reference for this control,The company website holds no agency data; the owner approves posts,Website review 2026-08-04,Met,None,Very Low,None,Owner,,None known (Release 5.2.0 is current)
G-018,NIST SP 800-53 Rev. 5 (Release 5.2.0) Moderate baseline,SP 800-53 Rev. 5 AT-1,Policy and Procedures: Awareness and training policy and procedures,Base control (Moderate baseline),"Yes - AC-02, AC-03, and AC-04 contracts require the Moderate baseline",GV.OC-03; GV.OV-01; GV.PO-01; GV.PO-02; GV.SC-03; ID.IM-01; ID.IM-02; ID.IM-03,AT-1,Contract (SP 800-53 Moderate); N92-R02 (CJISSECPOL v6.1 AT-1),Official: NIST CSF 2.0 informative references to SP 800-53 Rev. 5.2.0 (00_universal-framework/crosswalks/csf2_to_sp800-53r5.csv),No training policy,Interviews,Not met,No policy,Low,Training rules in POL-02 C.4; one-page training plan,Operations Manager,2026-10-31,None known (Release 5.2.0 is current)
G-019,NIST SP 800-53 Rev. 5 (Release 5.2.0) Moderate baseline,SP 800-53 Rev. 5 AT-2 with Moderate enhancements (2)(3),"Literacy Training and Awareness: Literacy training and awareness, including insider threat and social engineering",Base control (Moderate baseline),"Yes - AC-02, AC-03, and AC-04 contracts require the Moderate baseline",PR.AT-01,AT-2; AT-2(2); AT-2(3),Contract (SP 800-53 Moderate); N92-R02 (CJISSECPOL v6.1 AT-2),Official: NIST CSF 2.0 informative references to SP 800-53 Rev. 5.2.0 (00_universal-framework/crosswalks/csf2_to_sp800-53r5.csv),CJIS awareness training for 4 staff through the sheriff; revenue agency disclosure awareness training for the Integration Consultant,Sheriff training records; agency certificate,Partially met,No training for the other staff; no phishing exercises; Lead Platform Engineer's FTI recertification overdue,Moderate,Annual training with phishing exercises for all 7 staff,Operations Manager,2026-10-31,None known (Release 5.2.0 is current)
G-020,NIST SP 800-53 Rev. 5 (Release 5.2.0) Moderate baseline,SP 800-53 Rev. 5 AT-3,Role-based Training: Role-based training,Base control (Moderate baseline),"Yes - AC-02, AC-03, and AC-04 contracts require the Moderate baseline",PR.AT-01; PR.AT-02,AT-3,Contract (SP 800-53 Moderate); N92-R02 (CJISSECPOL v6.1 AT-3),Official: NIST CSF 2.0 informative references to SP 800-53 Rev. 5.2.0 (00_universal-framework/crosswalks/csf2_to_sp800-53r5.csv),No role-based security training for administrators,Interviews,Partially met,Administrators of CJI systems have no role-based training,Low,Platform vendor's administrator security course for the Lead Platform Engineer and developers,Lead Platform Engineer,2026-12-31,None known (Release 5.2.0 is current)
G-021,NIST SP 800-53 Rev. 5 (Release 5.2.0) Moderate baseline,SP 800-53 Rev. 5 AT-4,Training Records: Training records,Base control (Moderate baseline),"Yes - AC-02, AC-03, and AC-04 contracts require the Moderate baseline",None,AT-4,Contract (SP 800-53 Moderate); N92-R02 (CJISSECPOL v6.1 AT-4),Official crosswalk has no informative reference for this control,Training records held by the sheriff and the revenue agency only,Agency records,Partially met,No company record of who completed what,Low,Training log kept by the Operations Manager for 3 years,Operations Manager,2026-10-31,None known (Release 5.2.0 is current)
G-022,NIST SP 800-53 Rev. 5 (Release 5.2.0) Moderate baseline,SP 800-53 Rev. 5 AU-1,Policy and Procedures: Audit and accountability policy and procedures,Base control (Moderate baseline),"Yes - AC-02, AC-03, and AC-04 contracts require the Moderate baseline",GV.OC-03; GV.OV-01; GV.PO-01; GV.PO-02; GV.SC-03; ID.IM-01; ID.IM-02; ID.IM-03,AU-1,Contract (SP 800-53 Moderate); N92-R02 (CJISSECPOL v6.1 AU-1),Official: NIST CSF 2.0 informative references to SP 800-53 Rev. 5.2.0 (00_universal-framework/crosswalks/csf2_to_sp800-53r5.csv),No logging policy,Interviews,Not met,No policy,Low,Logging rules in POL-02 and the monthly review checklist,Operations Manager,2026-10-31,None known (Release 5.2.0 is current)
G-023,NIST SP 800-53 Rev. 5 (Release 5.2.0) Moderate baseline,SP 800-53 Rev. 5 AU-2,Event Logging: Event logging,Base control (Moderate baseline),"Yes - AC-02, AC-03, and AC-04 contracts require the Moderate baseline",PR.PS-04,AU-2,Contract (SP 800-53 Moderate); N92-R02 (CJISSECPOL v6.1 AU-2),Official: NIST CSF 2.0 informative references to SP 800-53 Rev. 5.2.0 (00_universal-framework/crosswalks/csf2_to_sp800-53r5.csv),"Platform audit log records sign-ins, views, changes, exports, and administrator actions; SYS-02 writes system and SSH logs",Audit log sample; SYS-02 log configuration,Partially met,No logging of file access to the CHRI working folder; bucket access logging off,Moderate,Enable file access auditing on SYS-02 and bucket access logging,Lead Platform Engineer,2026-10-31,None known (Release 5.2.0 is current)
G-024,NIST SP 800-53 Rev. 5 (Release 5.2.0) Moderate baseline,SP 800-53 Rev. 5 AU-3 with Moderate enhancements (1),"Content of Audit Records: Content of audit records, with additional content",Base control (Moderate baseline),"Yes - AC-02, AC-03, and AC-04 contracts require the Moderate baseline",PR.PS-04,AU-3; AU-3(1),Contract (SP 800-53 Moderate); N92-R02 (CJISSECPOL v6.1 AU-3),Official: NIST CSF 2.0 informative references to SP 800-53 Rev. 5.2.0 (00_universal-framework/crosswalks/csf2_to_sp800-53r5.csv),"Platform records user, time, source address, record, and action; SYS-02 syslog records standard fields",Audit log sample,Met,None,Very Low,None,Lead Platform Engineer,,None known (Release 5.2.0 is current)
G-025,NIST SP 800-53 Rev. 5 (Release 5.2.0) Moderate baseline,SP 800-53 Rev. 5 AU-4,Audit Log Storage Capacity: Audit log storage capacity,Base control (Moderate baseline),"Yes - AC-02, AC-03, and AC-04 contracts require the Moderate baseline",None,AU-4,Contract (SP 800-53 Moderate); N92-R02 (CJISSECPOL v6.1 AU-4),Official crosswalk has no informative reference for this control,Platform storage is vendor-managed; SYS-02 rotates logs by size,Vendor documentation; log rotation file,Met,None,Very Low,None,Lead Platform Engineer,,None known (Release 5.2.0 is current)
G-026,NIST SP 800-53 Rev. 5 (Release 5.2.0) Moderate baseline,SP 800-53 Rev. 5 AU-5,Response to Audit Logging Process Failures: Response to audit logging process failures,Base control (Moderate baseline),"Yes - AC-02, AC-03, and AC-04 contracts require the Moderate baseline",None,AU-5,Contract (SP 800-53 Moderate); N92-R02 (CJISSECPOL v6.1 AU-5),Official crosswalk has no informative reference for this control,No alert if logging or the nightly export fails,Interviews,Not met,Failures go unnoticed,Low,Alert to the Lead Platform Engineer when the log export or nightly export fails,Lead Platform Engineer,2026-10-31,None known (Release 5.2.0 is current)
G-027,NIST SP 800-53 Rev. 5 (Release 5.2.0) Moderate baseline,SP 800-53 Rev. 5 AU-6 with Moderate enhancements (1)(3),"Audit Record Review, Analysis, and Reporting: Audit record review, analysis, and reporting, with automated integration and correlation",Base control (Moderate baseline),"Yes - AC-02, AC-03, and AC-04 contracts require the Moderate baseline",DE.AE-02; DE.AE-03; PR.PS-04,AU-6; AU-6(1); AU-6(3),Contract (SP 800-53 Moderate); N92-R02 (CJISSECPOL v6.1 AU-6),Official: NIST CSF 2.0 informative references to SP 800-53 Rev. 5.2.0 (00_universal-framework/crosswalks/csf2_to_sp800-53r5.csv),"No one reviews platform, SYS-02, or suite logs",Interviews,Not met,No review,Moderate,"Monthly review checklist (administrator actions, bulk exports, failed sign-ins, record views by staff)",Operations Manager,2026-10-31,None known (Release 5.2.0 is current)
G-028,NIST SP 800-53 Rev. 5 (Release 5.2.0) Moderate baseline,SP 800-53 Rev. 5 AU-7 with Moderate enhancements (1),Audit Record Reduction and Report Generation: Audit record reduction and report generation,Base control (Moderate baseline),"Yes - AC-02, AC-03, and AC-04 contracts require the Moderate baseline",PR.PS-04; RS.AN-03; RS.AN-06; RS.AN-07,AU-7; AU-7(1),Contract (SP 800-53 Moderate); N92-R02 (CJISSECPOL v6.1 AU-7),Official: NIST CSF 2.0 informative references to SP 800-53 Rev. 5.2.0 (00_universal-framework/crosswalks/csf2_to_sp800-53r5.csv),Platform audit search and filtered reports (inherited),Platform audit report sample,Met,None,Very Low,None,Lead Platform Engineer,,None known (Release 5.2.0 is current)
G-029,NIST SP 800-53 Rev. 5 (Release 5.2.0) Moderate baseline,SP 800-53 Rev. 5 AU-8,Time Stamps: Time stamps,Base control (Moderate baseline),"Yes - AC-02, AC-03, and AC-04 contracts require the Moderate baseline",None,AU-8,Contract (SP 800-53 Moderate); N92-R02 (CJISSECPOL v6.1 AU-8),Official crosswalk has no informative reference for this control,Platform and IaaS time sources are provider-managed and synchronized,Vendor documentation,Met,None,Very Low,None,Lead Platform Engineer,,None known (Release 5.2.0 is current)
G-030,NIST SP 800-53 Rev. 5 (Release 5.2.0) Moderate baseline,SP 800-53 Rev. 5 AU-9 with Moderate enhancements (4),"Protection of Audit Information: Protection of audit information, with access by a subset of privileged users",Base control (Moderate baseline),"Yes - AC-02, AC-03, and AC-04 contracts require the Moderate baseline",PR.DS-10,AU-9; AU-9(4),Contract (SP 800-53 Moderate); N92-R02 (CJISSECPOL v6.1 AU-9),Official: NIST CSF 2.0 informative references to SP 800-53 Rev. 5.2.0 (00_universal-framework/crosswalks/csf2_to_sp800-53r5.csv),Tenant administrators cannot delete platform audit records (vendor control),Vendor documentation,Partially met,SYS-02 logs can be changed by anyone with root,Low,Copy SYS-02 logs to write-once storage in a separate account,Lead Platform Engineer,2026-10-31,None known (Release 5.2.0 is current)
G-031,NIST SP 800-53 Rev. 5 (Release 5.2.0) Moderate baseline,SP 800-53 Rev. 5 AU-11,Audit Record Retention: Audit record retention,Base control (Moderate baseline),"Yes - AC-02, AC-03, and AC-04 contracts require the Moderate baseline",PR.PS-04,AU-11,Contract (SP 800-53 Moderate); N92-R02 (CJISSECPOL v6.1 AU-11),Official: NIST CSF 2.0 informative references to SP 800-53 Rev. 5.2.0 (00_universal-framework/crosswalks/csf2_to_sp800-53r5.csv),Platform keeps 90 days; SYS-02 keeps 14 days,Retention settings,Not met,Retention is shorter than the 1 year the CJIS Security Policy requires,High,"Weekly export of platform and SYS-02 logs to write-once storage, kept 1 year",Lead Platform Engineer,2026-10-31,None known (Release 5.2.0 is current)
G-032,NIST SP 800-53 Rev. 5 (Release 5.2.0) Moderate baseline,SP 800-53 Rev. 5 AU-12,Audit Record Generation: Audit record generation,Base control (Moderate baseline),"Yes - AC-02, AC-03, and AC-04 contracts require the Moderate baseline",DE.CM-01; DE.CM-03; DE.CM-09; PR.PS-04,AU-12,Contract (SP 800-53 Moderate); N92-R02 (CJISSECPOL v6.1 AU-12),Official: NIST CSF 2.0 informative references to SP 800-53 Rev. 5.2.0 (00_universal-framework/crosswalks/csf2_to_sp800-53r5.csv),Platform generates audit records for all workspaces,Audit log sample,Partially met,SYS-02 and the bucket do not generate the needed records (see AU-2),Moderate,Same as AU-2,Lead Platform Engineer,2026-10-31,None known (Release 5.2.0 is current)
G-033,NIST SP 800-53 Rev. 5 (Release 5.2.0) Moderate baseline,SP 800-53 Rev. 5 CA-1,"Policy and Procedures: Assessment, authorization, and monitoring policy and procedures",Base control (Moderate baseline),"Yes - AC-02, AC-03, and AC-04 contracts require the Moderate baseline",GV.OC-03; GV.OV-01; GV.PO-01; GV.PO-02; GV.SC-03; ID.IM-01; ID.IM-02; ID.IM-03,CA-1,Contract (SP 800-53 Moderate); N92-R02 (CJISSECPOL v6.1 CA-1),Official: NIST CSF 2.0 informative references to SP 800-53 Rev. 5.2.0 (00_universal-framework/crosswalks/csf2_to_sp800-53r5.csv),No policy,Interviews,Not met,No policy,Low,Assessment rules in POL-02 A.6,Operations Manager,2026-10-31,None known (Release 5.2.0 is current)
G-034,NIST SP 800-53 Rev. 5 (Release 5.2.0) Moderate baseline,SP 800-53 Rev. 5 CA-2 with Moderate enhancements (1),"Control Assessments: Control assessments, with independent assessors",Base control (Moderate baseline),"Yes - AC-02, AC-03, and AC-04 contracts require the Moderate baseline",ID.IM-01; ID.IM-02; ID.IM-03; ID.RA-01,CA-2; CA-2(1),Contract (SP 800-53 Moderate); N92-R02 (CJISSECPOL v6.1 CA-2),Official: NIST CSF 2.0 informative references to SP 800-53 Rev. 5.2.0 (00_universal-framework/crosswalks/csf2_to_sp800-53r5.csv),No assessment had ever been done,Interviews,Not met,No assessment,Moderate,Independent assessment of 14 controls completed 2026-08-19 (P07); repeat yearly,Owner,2026-08-31,None known (Release 5.2.0 is current)
G-035,NIST SP 800-53 Rev. 5 (Release 5.2.0) Moderate baseline,SP 800-53 Rev. 5 CA-3,Information Exchange: Information exchange,Base control (Moderate baseline),"Yes - AC-02, AC-03, and AC-04 contracts require the Moderate baseline",ID.AM-03; PR.DS-01; PR.DS-02; PR.DS-10,CA-3,Contract (SP 800-53 Moderate); N92-R02 (CJISSECPOL v6.1 CA-3),Official: NIST CSF 2.0 informative references to SP 800-53 Rev. 5.2.0 (00_universal-framework/crosswalks/csf2_to_sp800-53r5.csv),The sheriff file drop and identity federation are described only in the AC-01 contract statement of work,AC-01 contract,Partially met,"No interconnection details (data, ports, contacts, security duties) agreed with sheriff IT",Low,One-page interconnection record signed with the AC-01 LASO,Operations Manager,2026-12-31,None known (Release 5.2.0 is current)
G-036,NIST SP 800-53 Rev. 5 (Release 5.2.0) Moderate baseline,SP 800-53 Rev. 5 CA-5,Plan of Action and Milestones: Plan of action and milestones,Base control (Moderate baseline),"Yes - AC-02, AC-03, and AC-04 contracts require the Moderate baseline",ID.IM-01; ID.IM-02; ID.IM-03,CA-5,Contract (SP 800-53 Moderate); N92-R02 (CJISSECPOL v6.1 CA-5),Official: NIST CSF 2.0 informative references to SP 800-53 Rev. 5.2.0 (00_universal-framework/crosswalks/csf2_to_sp800-53r5.csv),No tracker of weaknesses,Interviews,Not met,No POA&M,Low,P07 POA&M approved 2026-08-31; reviewed at the monthly security meeting,Operations Manager,2026-08-31,None known (Release 5.2.0 is current)
G-037,NIST SP 800-53 Rev. 5 (Release 5.2.0) Moderate baseline,SP 800-53 Rev. 5 CA-6,Authorization: Authorization,Base control (Moderate baseline),"Yes - AC-02, AC-03, and AC-04 contracts require the Moderate baseline",None,CA-6,Contract (SP 800-53 Moderate); N92-R02 (CJISSECPOL v6.1 CA-6),Official crosswalk has no informative reference for this control,No authorization decision for the service,Interviews,Not met,No decision,Low,Owner's operating decision recorded in the SSP section 4.2 on 2026-08-31,Owner,2026-08-31,None known (Release 5.2.0 is current)
G-038,NIST SP 800-53 Rev. 5 (Release 5.2.0) Moderate baseline,SP 800-53 Rev. 5 CA-7 with Moderate enhancements (1)(4),"Continuous Monitoring: Continuous monitoring, with independent assessment and risk monitoring",Base control (Moderate baseline),"Yes - AC-02, AC-03, and AC-04 contracts require the Moderate baseline",DE.AE-02; DE.AE-03; DE.CM-01; DE.CM-02; DE.CM-03; DE.CM-06; DE.CM-09; ID.IM-01; ID.IM-02; ID.IM-03; ID.RA-01; ID.RA-07,CA-7; CA-7(1); CA-7(4),Contract (SP 800-53 Moderate); N92-R02 (CJISSECPOL v6.1 CA-7),Official: NIST CSF 2.0 informative references to SP 800-53 Rev. 5.2.0 (00_universal-framework/crosswalks/csf2_to_sp800-53r5.csv),No monitoring strategy,Interviews,Not met,No strategy,Moderate,"Monthly security meeting with POA&M, log review results, and MSP report",Operations Manager,2026-10-31,None known (Release 5.2.0 is current)
G-039,NIST SP 800-53 Rev. 5 (Release 5.2.0) Moderate baseline,SP 800-53 Rev. 5 CA-9,Internal System Connections: Internal system connections,Base control (Moderate baseline),"Yes - AC-02, AC-03, and AC-04 contracts require the Moderate baseline",ID.AM-03,CA-9,Contract (SP 800-53 Moderate); N92-R02 (CJISSECPOL v6.1 CA-9),Official: NIST CSF 2.0 informative references to SP 800-53 Rev. 5.2.0 (00_universal-framework/crosswalks/csf2_to_sp800-53r5.csv),SYS-02 connects to the platform API with a service account,Repository scripts,Partially met,Connection and its service account rights not documented,Low,Record the connection and limit the service account to the AC-01 import function,Lead Platform Engineer,2026-11-30,None known (Release 5.2.0 is current)
G-040,NIST SP 800-53 Rev. 5 (Release 5.2.0) Moderate baseline,SP 800-53 Rev. 5 CM-1,Policy and Procedures: Configuration management policy and procedures,Base control (Moderate baseline),"Yes - AC-02, AC-03, and AC-04 contracts require the Moderate baseline",GV.OC-03; GV.OV-01; GV.PO-01; GV.PO-02; GV.SC-03; ID.IM-01; ID.IM-02; ID.IM-03; PR.PS-01,CM-1,Contract (SP 800-53 Moderate); N92-R02 (CJISSECPOL v6.1 CM-1),Official: NIST CSF 2.0 informative references to SP 800-53 Rev. 5.2.0 (00_universal-framework/crosswalks/csf2_to_sp800-53r5.csv),No policy,Interviews,Not met,No policy,Low,Change rules in POL-02 and a one-page change procedure,Operations Manager,2026-11-30,None known (Release 5.2.0 is current)
G-041,NIST SP 800-53 Rev. 5 (Release 5.2.0) Moderate baseline,SP 800-53 Rev. 5 CM-2 with Moderate enhancements (2)(3)(7),"Baseline Configuration: Baseline configuration, with retention of previous configurations and controls for high-risk areas",Base control (Moderate baseline),"Yes - AC-02, AC-03, and AC-04 contracts require the Moderate baseline",PR.PS-01,CM-2; CM-2(2); CM-2(3); CM-2(7),Contract (SP 800-53 Moderate); N92-R02 (CJISSECPOL v6.1 CM-2),Official: NIST CSF 2.0 informative references to SP 800-53 Rev. 5.2.0 (00_universal-framework/crosswalks/csf2_to_sp800-53r5.csv),Platform configurations exported to the repository after releases,Repository exports,Partially met,SYS-02 has no baseline or image; laptops for travel have no special configuration,Moderate,Scripted SYS-02 build and image in the repository; keep the last 3 configurations,Lead Platform Engineer,2026-11-30,None known (Release 5.2.0 is current)
G-042,NIST SP 800-53 Rev. 5 (Release 5.2.0) Moderate baseline,SP 800-53 Rev. 5 CM-3 with Moderate enhancements (2)(4),"Configuration Change Control: Configuration change control, with testing and security representatives",Base control (Moderate baseline),"Yes - AC-02, AC-03, and AC-04 contracts require the Moderate baseline",DE.CM-01; DE.CM-09; ID.RA-07; PR.PS-01,CM-3; CM-3(2); CM-3(4),Contract (SP 800-53 Moderate); N92-R02 (CJISSECPOL v6.1 CM-3),Official: NIST CSF 2.0 informative references to SP 800-53 Rev. 5.2.0 (00_universal-framework/crosswalks/csf2_to_sp800-53r5.csv),Changes built in the sandbox and promoted after an informal check,Platform deployment history,Partially met,No change record or approval; agencies not told in advance; security group changes made without record (see R-024),Moderate,"Change ticket with approval for production promotions, role changes, and security group changes",Lead Platform Engineer,2026-10-31,None known (Release 5.2.0 is current)
G-043,NIST SP 800-53 Rev. 5 (Release 5.2.0) Moderate baseline,SP 800-53 Rev. 5 CM-4 with Moderate enhancements (2),"Impact Analyses: Impact analyses, with verification of controls",Base control (Moderate baseline),"Yes - AC-02, AC-03, and AC-04 contracts require the Moderate baseline",ID.RA-07; PR.PS-01,CM-4; CM-4(2),Contract (SP 800-53 Moderate); N92-R02 (CJISSECPOL v6.1 CM-4),Official: NIST CSF 2.0 informative references to SP 800-53 Rev. 5.2.0 (00_universal-framework/crosswalks/csf2_to_sp800-53r5.csv),Changes tested for function in the sandbox,Interviews,Partially met,"No security impact check (roles, exports, integrations)",Low,Add a security impact line to the change ticket,Lead Platform Engineer,2026-11-30,None known (Release 5.2.0 is current)
G-044,NIST SP 800-53 Rev. 5 (Release 5.2.0) Moderate baseline,SP 800-53 Rev. 5 CM-5,"Access Restrictions for Change: Access restrictions for change, with automated enforcement and audit records",Base control (Moderate baseline),"Yes - AC-02, AC-03, and AC-04 contracts require the Moderate baseline",PR.PS-01,CM-5,Contract (SP 800-53 Moderate); N92-R02 (CJISSECPOL v6.1 CM-5),Official: NIST CSF 2.0 informative references to SP 800-53 Rev. 5.2.0 (00_universal-framework/crosswalks/csf2_to_sp800-53r5.csv),Both developers can promote to production,Platform role export,Partially met,No restriction on who promotes,Moderate,Promotion rights limited to the Lead Platform Engineer and the owner,Lead Platform Engineer,2026-10-31,None known (Release 5.2.0 is current)
G-045,NIST SP 800-53 Rev. 5 (Release 5.2.0) Moderate baseline,SP 800-53 Rev. 5 CM-6,Configuration Settings: Configuration settings,Base control (Moderate baseline),"Yes - AC-02, AC-03, and AC-04 contracts require the Moderate baseline",DE.CM-09; PR.PS-01,CM-6,Contract (SP 800-53 Moderate); N92-R02 (CJISSECPOL v6.1 CM-6),Official: NIST CSF 2.0 informative references to SP 800-53 Rev. 5.2.0 (00_universal-framework/crosswalks/csf2_to_sp800-53r5.csv),Platform security settings left mostly at defaults; SYS-02 uses the default operating system build,Tenant settings export; SYS-02 build,Partially met,Settings not compared with CJIS values; no hardening benchmark for SYS-02,Moderate,Record tenant settings against CJIS values; apply a hardening benchmark to SYS-02,Lead Platform Engineer,2026-11-30,None known (Release 5.2.0 is current)
G-046,NIST SP 800-53 Rev. 5 (Release 5.2.0) Moderate baseline,SP 800-53 Rev. 5 CM-7 with Moderate enhancements (1)(2)(5),"Least Functionality: Least functionality, with periodic review and allow-listing",Base control (Moderate baseline),"Yes - AC-02, AC-03, and AC-04 contracts require the Moderate baseline",PR.PS-01,CM-7; CM-7(1); CM-7(2); CM-7(5),Contract (SP 800-53 Moderate); N92-R02 (CJISSECPOL v6.1 CM-7),Official: NIST CSF 2.0 informative references to SP 800-53 Rev. 5.2.0 (00_universal-framework/crosswalks/csf2_to_sp800-53r5.csv),SYS-02 runs the SFTP client and scripts,Service listing,Partially met,Default services left enabled,Low,Disable unused services; review yearly,Lead Platform Engineer,2026-11-30,None known (Release 5.2.0 is current)
G-047,NIST SP 800-53 Rev. 5 (Release 5.2.0) Moderate baseline,SP 800-53 Rev. 5 CM-8 with Moderate enhancements (1)(3),"System Component Inventory: System component inventory, with updates and detection of unauthorized components",Base control (Moderate baseline),"Yes - AC-02, AC-03, and AC-04 contracts require the Moderate baseline",ID.AM-01; ID.AM-02; PR.PS-01,CM-8; CM-8(1); CM-8(3),Contract (SP 800-53 Moderate); N92-R02 (CJISSECPOL v6.1 CM-8),Official: NIST CSF 2.0 informative references to SP 800-53 Rev. 5.2.0 (00_universal-framework/crosswalks/csf2_to_sp800-53r5.csv),"No inventory of devices, services, or agency data locations before the 2026-07-29 data inventory",Data inventory notes (2026-07-29),Not met,No inventory,Moderate,"One-page inventory of devices, SaaS services, and agency data locations",Operations Manager,2026-09-30,None known (Release 5.2.0 is current)
G-048,NIST SP 800-53 Rev. 5 (Release 5.2.0) Moderate baseline,SP 800-53 Rev. 5 CM-9,Configuration Management Plan: Configuration management plan,Base control (Moderate baseline),"Yes - AC-02, AC-03, and AC-04 contracts require the Moderate baseline",ID.AM-08; PR.PS-01,CM-9,Contract (SP 800-53 Moderate); N92-R02 (CJISSECPOL v6.1 CM-9),Official: NIST CSF 2.0 informative references to SP 800-53 Rev. 5.2.0 (00_universal-framework/crosswalks/csf2_to_sp800-53r5.csv),No plan,Interviews,Not met,No plan,Low,Short plan within the change procedure,Lead Platform Engineer,2026-11-30,None known (Release 5.2.0 is current)
G-049,NIST SP 800-53 Rev. 5 (Release 5.2.0) Moderate baseline,SP 800-53 Rev. 5 CM-10,Software Usage Restrictions: Software usage restrictions,Base control (Moderate baseline),"Yes - AC-02, AC-03, and AC-04 contracts require the Moderate baseline",DE.CM-03; DE.CM-09; PR.PS-01,CM-10,Contract (SP 800-53 Moderate); N92-R02 (CJISSECPOL v6.1 CM-10),Official: NIST CSF 2.0 informative references to SP 800-53 Rev. 5.2.0 (00_universal-framework/crosswalks/csf2_to_sp800-53r5.csv),MSP installs licensed software only,MSP software list,Partially met,Browser extensions not controlled,Low,MSP restricts browser extensions to an approved list,Operations Manager (MSP performs),2026-12-31,None known (Release 5.2.0 is current)
G-050,NIST SP 800-53 Rev. 5 (Release 5.2.0) Moderate baseline,SP 800-53 Rev. 5 CM-11,User-installed Software: User-installed software,Base control (Moderate baseline),"Yes - AC-02, AC-03, and AC-04 contracts require the Moderate baseline",DE.CM-03; DE.CM-09; PR.PS-01; PR.PS-02,CM-11,Contract (SP 800-53 Moderate); N92-R02 (CJISSECPOL v6.1 CM-11),Official: NIST CSF 2.0 informative references to SP 800-53 Rev. 5.2.0 (00_universal-framework/crosswalks/csf2_to_sp800-53r5.csv),Staff have no local administrator rights,MSP endpoint policy,Partially met,Browser extensions can be installed by users,Low,Same as CM-10,Operations Manager (MSP performs),2026-12-31,None known (Release 5.2.0 is current)
G-051,NIST SP 800-53 Rev. 5 (Release 5.2.0) Moderate baseline,SP 800-53 Rev. 5 CM-12 with Moderate enhancements (1),"Information Location: Information location, with automated tools to support location",Base control (Moderate baseline),"Yes - AC-02, AC-03, and AC-04 contracts require the Moderate baseline",ID.AM-07,CM-12; CM-12(1),Contract (SP 800-53 Moderate); N92-R02 (CJISSECPOL v6.1 CM-12),Official: NIST CSF 2.0 informative references to SP 800-53 Rev. 5.2.0 (00_universal-framework/crosswalks/csf2_to_sp800-53r5.csv),No record of where agency data lives,Data inventory notes,Not met,The FTI spill showed agency data can sit anywhere in the suite,Moderate,Agency data location list in the inventory (CM-8); quarterly suite scan for Social Security and taxpayer ID patterns,Operations Manager,2026-09-30,None known (Release 5.2.0 is current)
G-052,NIST SP 800-53 Rev. 5 (Release 5.2.0) Moderate baseline,SP 800-53 Rev. 5 CP-1,Policy and Procedures: Contingency planning policy and procedures,Base control (Moderate baseline),"Yes - AC-02, AC-03, and AC-04 contracts require the Moderate baseline",GV.OC-03; GV.OV-01; GV.PO-01; GV.PO-02; GV.SC-03; GV.SC-08; ID.IM-01; ID.IM-02; ID.IM-03,CP-1,Contract (SP 800-53 Moderate); N92-R02 (CJISSECPOL v6.1 CP-1),Official: NIST CSF 2.0 informative references to SP 800-53 Rev. 5.2.0 (00_universal-framework/crosswalks/csf2_to_sp800-53r5.csv),No policy,Interviews,Not met,No policy,Low,Contingency rules in POL-04 and the contingency plan,Operations Manager,2026-11-30,None known (Release 5.2.0 is current)
G-053,NIST SP 800-53 Rev. 5 (Release 5.2.0) Moderate baseline,SP 800-53 Rev. 5 CP-2 with Moderate enhancements (1)(3)(8),"Contingency Plan: Contingency plan, coordinated with related plans, resuming mission functions, identifying critical assets",Base control (Moderate baseline),"Yes - AC-02, AC-03, and AC-04 contracts require the Moderate baseline",ID.IM-01; ID.IM-02; ID.IM-03; ID.IM-04; PR.IR-02; RC.CO-04; RC.RP-03,CP-2; CP-2(1); CP-2(3); CP-2(8),Contract (SP 800-53 Moderate); N92-R02 (CJISSECPOL v6.1 CP-2),Official: NIST CSF 2.0 informative references to SP 800-53 Rev. 5.2.0 (00_universal-framework/crosswalks/csf2_to_sp800-53r5.csv),No contingency plan,Interviews,Not met,No plan,Moderate,"Short plan from the BIA (P05) with vendor restore steps, SYS-02 rebuild, and agency workarounds",Operations Manager,2026-11-30,None known (Release 5.2.0 is current)
G-054,NIST SP 800-53 Rev. 5 (Release 5.2.0) Moderate baseline,SP 800-53 Rev. 5 CP-3,Contingency Training: Contingency training,Base control (Moderate baseline),"Yes - AC-02, AC-03, and AC-04 contracts require the Moderate baseline",None,CP-3,Contract (SP 800-53 Moderate); N92-R02 (CJISSECPOL v6.1 CP-3),Official crosswalk has no informative reference for this control,No training,Interviews,Not met,No training,Low,Walk through the plan with all staff once a year,Operations Manager,2026-12-31,None known (Release 5.2.0 is current)
G-055,NIST SP 800-53 Rev. 5 (Release 5.2.0) Moderate baseline,SP 800-53 Rev. 5 CP-4 with Moderate enhancements (1),"Contingency Plan Testing: Contingency plan testing, coordinated with related plans",Base control (Moderate baseline),"Yes - AC-02, AC-03, and AC-04 contracts require the Moderate baseline",ID.IM-02; RC.RP-03,CP-4; CP-4(1),Contract (SP 800-53 Moderate); N92-R02 (CJISSECPOL v6.1 CP-4),Official: NIST CSF 2.0 informative references to SP 800-53 Rev. 5.2.0 (00_universal-framework/crosswalks/csf2_to_sp800-53r5.csv),No restore test ever,Interviews,Not met,Recovery unproven,High,First restore of the AC-01 export into the sandbox by 2026-10-31; quarterly after; yearly tabletop,Lead Platform Engineer,2026-10-31,None known (Release 5.2.0 is current)
G-056,NIST SP 800-53 Rev. 5 (Release 5.2.0) Moderate baseline,SP 800-53 Rev. 5 CP-6 with Moderate enhancements (1)(3),"Alternate Storage Site: Alternate storage site, separated from the primary site, with accessibility",Base control (Moderate baseline),"Yes - AC-02, AC-03, and AC-04 contracts require the Moderate baseline",PR.DS-11; PR.IR-04,CP-6; CP-6(1); CP-6(3),Contract (SP 800-53 Moderate); N92-R02 (CJISSECPOL v6.1 CP-6),Official: NIST CSF 2.0 informative references to SP 800-53 Rev. 5.2.0 (00_universal-framework/crosswalks/csf2_to_sp800-53r5.csv),Vendor keeps platform backups in a separate region (inherited),Vendor service description,Partially met,Company exports in the same account and region as SYS-02,Moderate,Write-once copies in a separate account and a second U.S. region,Lead Platform Engineer,2026-11-30,None known (Release 5.2.0 is current)
G-057,NIST SP 800-53 Rev. 5 (Release 5.2.0) Moderate baseline,SP 800-53 Rev. 5 CP-7 with Moderate enhancements (1)(2)(3),Alternate Processing Site: Alternate processing site,Base control (Moderate baseline),"Yes - AC-02, AC-03, and AC-04 contracts require the Moderate baseline",PR.IR-04,CP-7; CP-7(1); CP-7(2); CP-7(3),Contract (SP 800-53 Moderate); N92-R02 (CJISSECPOL v6.1 CP-7),Official: NIST CSF 2.0 informative references to SP 800-53 Rev. 5.2.0 (00_universal-framework/crosswalks/csf2_to_sp800-53r5.csv),Platform vendor runs across multiple zones (inherited),Vendor SOC 2 report,Partially met,No alternate for SYS-02,Low,Rebuild script that can run in a second U.S. region (CM-2),Lead Platform Engineer,2026-12-31,None known (Release 5.2.0 is current)
G-058,NIST SP 800-53 Rev. 5 (Release 5.2.0) Moderate baseline,SP 800-53 Rev. 5 CP-8 with Moderate enhancements (1)(2),"Telecommunications Services: Telecommunications services, with priority provisions and single points of failure",Base control (Moderate baseline),"Yes - AC-02, AC-03, and AC-04 contracts require the Moderate baseline",PR.IR-04,CP-8; CP-8(1); CP-8(2),Contract (SP 800-53 Moderate); N92-R02 (CJISSECPOL v6.1 CP-8),Official: NIST CSF 2.0 informative references to SP 800-53 Rev. 5.2.0 (00_universal-framework/crosswalks/csf2_to_sp800-53r5.csv),Office has one internet line; staff can work from home,Interviews,Partially met,Single office line,Low,Accepted: staff work from home; company phones as hotspots,Operations Manager,2026-12-31,None known (Release 5.2.0 is current)
G-059,NIST SP 800-53 Rev. 5 (Release 5.2.0) Moderate baseline,SP 800-53 Rev. 5 CP-9 with Moderate enhancements (1)(8),"System Backup: System backup, with testing and cryptographic protection",Base control (Moderate baseline),"Yes - AC-02, AC-03, and AC-04 contracts require the Moderate baseline",PR.DS-01; PR.DS-10; PR.DS-11; RC.RP-03,CP-9; CP-9(1); CP-9(8),Contract (SP 800-53 Moderate); N92-R02 (CJISSECPOL v6.1 CP-9),Official: NIST CSF 2.0 informative references to SP 800-53 Rev. 5.2.0 (00_universal-framework/crosswalks/csf2_to_sp800-53r5.csv),"Vendor platform backup (inherited); nightly company export to a bucket, 30 days",Vendor service description; bucket configuration,Partially met,"Export copy not immutable, shares keys with SYS-02, 24-hour recovery point against the 4-hour contract term, never restored",High,4-hourly exports for AC-01 and AC-02 to write-once storage in a separate account; encrypted with a company-managed key,Lead Platform Engineer,2026-11-30,None known (Release 5.2.0 is current)
G-060,NIST SP 800-53 Rev. 5 (Release 5.2.0) Moderate baseline,SP 800-53 Rev. 5 CP-10 with Moderate enhancements (2),"System Recovery and Reconstitution: System recovery and reconstitution, with transaction recovery",Base control (Moderate baseline),"Yes - AC-02, AC-03, and AC-04 contracts require the Moderate baseline",RC.RP-01; RC.RP-02; RC.RP-05,CP-10; CP-10(2),Contract (SP 800-53 Moderate); N92-R02 (CJISSECPOL v6.1 CP-10),Official: NIST CSF 2.0 informative references to SP 800-53 Rev. 5.2.0 (00_universal-framework/crosswalks/csf2_to_sp800-53r5.csv),Platform recovery by the vendor; SYS-02 rebuilt by hand,Repository scripts,Partially met,Only one person has rebuilt SYS-02,Moderate,Scripted rebuild; owner practice rebuild,Lead Platform Engineer,2026-11-30,None known (Release 5.2.0 is current)
G-061,NIST SP 800-53 Rev. 5 (Release 5.2.0) Moderate baseline,SP 800-53 Rev. 5 IA-1,Policy and Procedures: Identification and authentication policy and procedures,Base control (Moderate baseline),"Yes - AC-02, AC-03, and AC-04 contracts require the Moderate baseline",GV.OC-03; GV.OV-01; GV.PO-01; GV.PO-02; GV.SC-03; ID.IM-01; ID.IM-02; ID.IM-03; PR.AA-01,IA-1,Contract (SP 800-53 Moderate); N92-R02 (CJISSECPOL v6.1 IA-1),Official: NIST CSF 2.0 informative references to SP 800-53 Rev. 5.2.0 (00_universal-framework/crosswalks/csf2_to_sp800-53r5.csv),No policy,Interviews,Not met,No policy,Low,Identity rules in POL-02 Part B,Operations Manager,2026-09-30,None known (Release 5.2.0 is current)
G-062,NIST SP 800-53 Rev. 5 (Release 5.2.0) Moderate baseline,SP 800-53 Rev. 5 IA-2 with Moderate enhancements (1)(2)(8)(12),"Identification and Authentication (Organizational Users): Identification and authentication of organizational users, with MFA, replay resistance, and PIV acceptance",Base control (Moderate baseline),"Yes - AC-02, AC-03, and AC-04 contracts require the Moderate baseline",PR.AA-01; PR.AA-03,IA-2; IA-2(1); IA-2(2); IA-2(8); IA-2(12),Contract (SP 800-53 Moderate); N92-R02 (CJISSECPOL v6.1 IA-2),Official: NIST CSF 2.0 informative references to SP 800-53 Rev. 5.2.0 (00_universal-framework/crosswalks/csf2_to_sp800-53r5.csv),Named accounts for every staff member; MFA on platform and suite,Platform and suite MFA reports,Partially met,SYS-02 SSH has no second factor; PIV acceptance not applicable (no PIV credentials),Moderate,SSH through the MFA-protected session service,Lead Platform Engineer,2026-12-31,None known (Release 5.2.0 is current)
G-063,NIST SP 800-53 Rev. 5 (Release 5.2.0) Moderate baseline,SP 800-53 Rev. 5 IA-3,Device Identification and Authentication: Device identification and authentication,Base control (Moderate baseline),"Yes - AC-02, AC-03, and AC-04 contracts require the Moderate baseline",PR.AA-01; PR.AA-03,IA-3,Contract (SP 800-53 Moderate); N92-R02 (CJISSECPOL v6.1 IA-3),Official: NIST CSF 2.0 informative references to SP 800-53 Rev. 5.2.0 (00_universal-framework/crosswalks/csf2_to_sp800-53r5.csv),Platform and suite accept sign-ins from any device with MFA,Suite sign-in settings,Partially met,No device check for administrator access,Low,Allow administrator sign-in only from MSP-managed laptops,Lead Platform Engineer,2026-12-31,None known (Release 5.2.0 is current)
G-064,NIST SP 800-53 Rev. 5 (Release 5.2.0) Moderate baseline,SP 800-53 Rev. 5 IA-4 with Moderate enhancements (4),"Identifier Management: Identifier management, with user status identification",Base control (Moderate baseline),"Yes - AC-02, AC-03, and AC-04 contracts require the Moderate baseline",PR.AA-01,IA-4; IA-4(4),Contract (SP 800-53 Moderate); N92-R02 (CJISSECPOL v6.1 IA-4),Official: NIST CSF 2.0 informative references to SP 800-53 Rev. 5.2.0 (00_universal-framework/crosswalks/csf2_to_sp800-53r5.csv),Named identifiers; never reused; staff accounts marked as company staff in the platform,User exports,Met,None,Very Low,None,Lead Platform Engineer,,None known (Release 5.2.0 is current)
G-065,NIST SP 800-53 Rev. 5 (Release 5.2.0) Moderate baseline,SP 800-53 Rev. 5 IA-5 with Moderate enhancements (1)(2)(6),"Authenticator Management: Authenticator management, with password rules, PKI, and protection of authenticators",Base control (Moderate baseline),"Yes - AC-02, AC-03, and AC-04 contracts require the Moderate baseline",PR.AA-01; PR.AA-03,IA-5; IA-5(1); IA-5(2); IA-5(6),Contract (SP 800-53 Moderate); N92-R02 (CJISSECPOL v6.1 IA-5),Official: NIST CSF 2.0 informative references to SP 800-53 Rev. 5.2.0 (00_universal-framework/crosswalks/csf2_to_sp800-53r5.csv),Platform requires 12 characters and checks breached passwords,Platform password policy,Partially met,SSH private keys without passphrases on 2 laptops; sheriff file-drop credential not rotated since 2024 (P07 later found it in plain text in a script),Moderate,Passphrases on keys; credentials in the IaaS secrets service; yearly rotation,Lead Platform Engineer,2026-09-30,None known (Release 5.2.0 is current)
G-066,NIST SP 800-53 Rev. 5 (Release 5.2.0) Moderate baseline,SP 800-53 Rev. 5 IA-6,Authentication Feedback: Authentication feedback,Base control (Moderate baseline),"Yes - AC-02, AC-03, and AC-04 contracts require the Moderate baseline",PR.AA-01,IA-6,Contract (SP 800-53 Moderate); N92-R02 (CJISSECPOL v6.1 IA-6),Official: NIST CSF 2.0 informative references to SP 800-53 Rev. 5.2.0 (00_universal-framework/crosswalks/csf2_to_sp800-53r5.csv),Platform and suite mask passwords (inherited),Walkthrough 2026-08-04,Met,None,Very Low,None,Lead Platform Engineer,,None known (Release 5.2.0 is current)
G-067,NIST SP 800-53 Rev. 5 (Release 5.2.0) Moderate baseline,SP 800-53 Rev. 5 IA-7,Cryptographic Module Authentication: Cryptographic module authentication,Base control (Moderate baseline),"Yes - AC-02, AC-03, and AC-04 contracts require the Moderate baseline",PR.AA-01; PR.AA-03,IA-7,Contract (SP 800-53 Moderate); N92-R02 (CJISSECPOL v6.1 IA-7),Official: NIST CSF 2.0 informative references to SP 800-53 Rev. 5.2.0 (00_universal-framework/crosswalks/csf2_to_sp800-53r5.csv),Platform endpoints use FIPS 140-3 certified modules (vendor letter),Vendor letter,Partially met,SYS-02 SFTP and SSH use modules not confirmed as FIPS 140-3 certified,Moderate,Enable FIPS 140-3 mode on SYS-02 (see SC-13),Lead Platform Engineer,2026-09-18,None known (Release 5.2.0 is current)
G-068,NIST SP 800-53 Rev. 5 (Release 5.2.0) Moderate baseline,SP 800-53 Rev. 5 IA-8 with Moderate enhancements (1)(2)(4),Identification and Authentication (Non-organizational Users): Identification and authentication of non-organizational users (agency users),Base control (Moderate baseline),"Yes - AC-02, AC-03, and AC-04 contracts require the Moderate baseline",PR.AA-01; PR.AA-03,IA-8; IA-8(1); IA-8(2); IA-8(4),Contract (SP 800-53 Moderate); N92-R02 (CJISSECPOL v6.1 IA-8),Official: NIST CSF 2.0 informative references to SP 800-53 Rev. 5.2.0 (00_universal-framework/crosswalks/csf2_to_sp800-53r5.csv),AC-01 users through the sheriff's identity provider with MFA; AC-02 and AC-03 platform-local accounts with MFA,Workspace authentication settings,Partially met,AC-04 users sign in with a password only,Moderate,Enable MFA for AC-04,Lead Platform Engineer,2026-09-30,None known (Release 5.2.0 is current)
G-069,NIST SP 800-53 Rev. 5 (Release 5.2.0) Moderate baseline,SP 800-53 Rev. 5 IA-11,Re-authentication: Re-authentication,Base control (Moderate baseline),"Yes - AC-02, AC-03, and AC-04 contracts require the Moderate baseline",PR.AA-01; PR.AA-03,IA-11,Contract (SP 800-53 Moderate); N92-R02 (CJISSECPOL v6.1 IA-11),Official: NIST CSF 2.0 informative references to SP 800-53 Rev. 5.2.0 (00_universal-framework/crosswalks/csf2_to_sp800-53r5.csv),Platform requires sign-in again after idle and absolute timeouts,Tenant session settings,Met,None,Very Low,None,Lead Platform Engineer,,None known (Release 5.2.0 is current)
G-070,NIST SP 800-53 Rev. 5 (Release 5.2.0) Moderate baseline,SP 800-53 Rev. 5 IA-12 with Moderate enhancements (2)(3)(5),Identity Proofing: Identity proofing,Base control (Moderate baseline),"Yes - AC-02, AC-03, and AC-04 contracts require the Moderate baseline",PR.AA-02,IA-12; IA-12(2); IA-12(3); IA-12(5),Contract (SP 800-53 Moderate); N92-R02 (CJISSECPOL v6.1 IA-12),Official: NIST CSF 2.0 informative references to SP 800-53 Rev. 5.2.0 (00_universal-framework/crosswalks/csf2_to_sp800-53r5.csv),Staff identity verified at hire (employment eligibility and background check); agency administrators verify their own users before requesting accounts,HR files; agency request emails,Met,None,Very Low,None,Operations Manager,,None known (Release 5.2.0 is current)
G-071,NIST SP 800-53 Rev. 5 (Release 5.2.0) Moderate baseline,SP 800-53 Rev. 5 IR-1,Policy and Procedures: Incident response policy and procedures,Base control (Moderate baseline),"Yes - AC-02, AC-03, and AC-04 contracts require the Moderate baseline",GV.OC-03; GV.OV-01; GV.PO-01; GV.PO-02; GV.SC-03; GV.SC-08; ID.IM-01; ID.IM-02; ID.IM-03; RC.RP-04,IR-1,Contract (SP 800-53 Moderate); N92-R02 (CJISSECPOL v6.1 IR-1),Official: NIST CSF 2.0 informative references to SP 800-53 Rev. 5.2.0 (00_universal-framework/crosswalks/csf2_to_sp800-53r5.csv),No incident response policy,Interviews,Not met,No policy,Low,POL-03 approved 2026-08-31,Operations Manager,2026-08-31,None known (Release 5.2.0 is current)
G-072,NIST SP 800-53 Rev. 5 (Release 5.2.0) Moderate baseline,SP 800-53 Rev. 5 IR-2,Incident Response Training: Incident response training,Base control (Moderate baseline),"Yes - AC-02, AC-03, and AC-04 contracts require the Moderate baseline",None,IR-2,Contract (SP 800-53 Moderate); N92-R02 (CJISSECPOL v6.1 IR-2),Official crosswalk has no informative reference for this control,No training,Interviews,Not met,Staff do not know the 1-hour CJI rule or the FTI rule,Moderate,Briefing for all staff on POL-03 by 2026-09-15; yearly after,Operations Manager,2026-09-15,None known (Release 5.2.0 is current)
G-073,NIST SP 800-53 Rev. 5 (Release 5.2.0) Moderate baseline,SP 800-53 Rev. 5 IR-3 with Moderate enhancements (2),"Incident Response Testing: Incident response testing, coordinated with related plans",Base control (Moderate baseline),"Yes - AC-02, AC-03, and AC-04 contracts require the Moderate baseline",ID.IM-02,IR-3; IR-3(2),Contract (SP 800-53 Moderate); N92-R02 (CJISSECPOL v6.1 IR-3),Official: NIST CSF 2.0 informative references to SP 800-53 Rev. 5.2.0 (00_universal-framework/crosswalks/csf2_to_sp800-53r5.csv),No test,Interviews,Not met,No test,Moderate,Tabletop exercise with the MSP and the AC-01 LASO,Operations Manager,2026-11-30,None known (Release 5.2.0 is current)
G-074,NIST SP 800-53 Rev. 5 (Release 5.2.0) Moderate baseline,SP 800-53 Rev. 5 IR-4 with Moderate enhancements (1),"Incident Handling: Incident handling, with automated support",Base control (Moderate baseline),"Yes - AC-02, AC-03, and AC-04 contracts require the Moderate baseline",DE.AE-02; DE.AE-03; DE.AE-06; DE.AE-08; ID.IM-01; ID.IM-02; ID.IM-03; RC.CO-03; RC.CO-04; RC.RP-01; RC.RP-02; RC.RP-06; RS.AN-03; RS.AN-06; RS.AN-07; RS.AN-08; RS.CO-02; RS.CO-03; RS.MA-02; RS.MA-03; RS.MA-04; RS.MA-05; RS.MI-01; RS.MI-02,IR-4; IR-4(1),Contract (SP 800-53 Moderate); N92-R02 (CJISSECPOL v6.1 IR-4),Official: NIST CSF 2.0 informative references to SP 800-53 Rev. 5.2.0 (00_universal-framework/crosswalks/csf2_to_sp800-53r5.csv),No written incident handling process; the FTI spill was handled by phone calls,Operations Manager call notes,Not met,No process,High,P08 runbook approved 2026-08-31; tabletop 2026-11-30,Operations Manager,2026-08-31,None known (Release 5.2.0 is current)
G-075,NIST SP 800-53 Rev. 5 (Release 5.2.0) Moderate baseline,SP 800-53 Rev. 5 IR-5,Incident Monitoring: Incident monitoring,Base control (Moderate baseline),"Yes - AC-02, AC-03, and AC-04 contracts require the Moderate baseline",DE.AE-03; RS.MA-02; RS.MA-03; RS.MA-04,IR-5,Contract (SP 800-53 Moderate); N92-R02 (CJISSECPOL v6.1 IR-5),Official: NIST CSF 2.0 informative references to SP 800-53 Rev. 5.2.0 (00_universal-framework/crosswalks/csf2_to_sp800-53r5.csv),No incident log,Interviews,Not met,No log (the spill is the first recorded incident),Low,Incident log kept by the Operations Manager,Operations Manager,2026-09-30,None known (Release 5.2.0 is current)
G-076,NIST SP 800-53 Rev. 5 (Release 5.2.0) Moderate baseline,SP 800-53 Rev. 5 IR-6 with Moderate enhancements (1)(3),"Incident Reporting: Incident reporting, with automated reporting and supply chain coordination",Base control (Moderate baseline),"Yes - AC-02, AC-03, and AC-04 contracts require the Moderate baseline",RC.CO-03; RS.AN-06; RS.AN-07; RS.CO-02; RS.CO-03; RS.MA-01; RS.MA-02; RS.MA-03; RS.MA-04,IR-6; IR-6(1); IR-6(3),Contract (SP 800-53 Moderate); N92-R02 (CJISSECPOL v6.1 IR-6),Official: NIST CSF 2.0 informative references to SP 800-53 Rev. 5.2.0 (00_universal-framework/crosswalks/csf2_to_sp800-53r5.csv),The FTI spill was reported to the prime and the revenue agency the same day it was found,Call notes (2026-07-29),Partially met,No written reporting rules for any customer; staff not briefed; no agency contact list,High,POL-03 4.2 and 4.4; notification matrix (P08); staff briefing,Operations Manager,2026-09-15,None known (Release 5.2.0 is current)
G-077,NIST SP 800-53 Rev. 5 (Release 5.2.0) Moderate baseline,SP 800-53 Rev. 5 IR-7 with Moderate enhancements (1),"Incident Response Assistance: Incident response assistance, with automation support",Base control (Moderate baseline),"Yes - AC-02, AC-03, and AC-04 contracts require the Moderate baseline",RS.CO-02; RS.CO-03; RS.MA-01; RS.MA-04,IR-7; IR-7(1),Contract (SP 800-53 Moderate); N92-R02 (CJISSECPOL v6.1 IR-7),Official: NIST CSF 2.0 informative references to SP 800-53 Rev. 5.2.0 (00_universal-framework/crosswalks/csf2_to_sp800-53r5.csv),Cyber insurer's breach hotline and panel vendors,Insurance policy,Partially met,Hotline number not known to staff,Low,Contact card in the incident binder,Operations Manager,2026-09-30,None known (Release 5.2.0 is current)
G-078,NIST SP 800-53 Rev. 5 (Release 5.2.0) Moderate baseline,SP 800-53 Rev. 5 IR-8,Incident Response Plan: Incident response plan,Base control (Moderate baseline),"Yes - AC-02, AC-03, and AC-04 contracts require the Moderate baseline",DE.AE-03; DE.AE-08; ID.IM-01; ID.IM-02; ID.IM-03; ID.IM-04; RC.RP-01; RC.RP-02; RC.RP-04; RC.RP-06; RS.AN-08; RS.MA-01; RS.MA-05,IR-8,Contract (SP 800-53 Moderate); N92-R02 (CJISSECPOL v6.1 IR-8),Official: NIST CSF 2.0 informative references to SP 800-53 Rev. 5.2.0 (00_universal-framework/crosswalks/csf2_to_sp800-53r5.csv),No plan,Interviews,Not met,No plan,High,P08 runbook and notification matrix approved 2026-08-31,Operations Manager,2026-08-31,None known (Release 5.2.0 is current)
G-079,NIST SP 800-53 Rev. 5 (Release 5.2.0) Moderate baseline,SP 800-53 Rev. 5 MA-1,Policy and Procedures: Maintenance policy and procedures,Base control (Moderate baseline),"Yes - AC-02, AC-03, and AC-04 contracts require the Moderate baseline",GV.OC-03; GV.OV-01; GV.PO-01; GV.PO-02; GV.SC-03; ID.IM-01; ID.IM-02; ID.IM-03,MA-1,Contract (SP 800-53 Moderate); N92-R02 (CJISSECPOL v6.1 MA-1),Official: NIST CSF 2.0 informative references to SP 800-53 Rev. 5.2.0 (00_universal-framework/crosswalks/csf2_to_sp800-53r5.csv),No policy,Interviews,Not met,No policy,Low,Maintenance rules in the MSP contract amendment,Operations Manager,2026-12-31,None known (Release 5.2.0 is current)
G-080,NIST SP 800-53 Rev. 5 (Release 5.2.0) Moderate baseline,SP 800-53 Rev. 5 MA-2,Controlled Maintenance: Controlled maintenance,Base control (Moderate baseline),"Yes - AC-02, AC-03, and AC-04 contracts require the Moderate baseline",ID.AM-08,MA-2,Contract (SP 800-53 Moderate); N92-R02 (CJISSECPOL v6.1 MA-2),Official: NIST CSF 2.0 informative references to SP 800-53 Rev. 5.2.0 (00_universal-framework/crosswalks/csf2_to_sp800-53r5.csv),Platform and IaaS maintenance inherited; MSP maintains laptops,MSP monthly report,Partially met,No record of laptop maintenance or repairs,Low,Monthly MSP report lists repairs,Operations Manager (MSP performs),2026-12-31,None known (Release 5.2.0 is current)
G-081,NIST SP 800-53 Rev. 5 (Release 5.2.0) Moderate baseline,SP 800-53 Rev. 5 MA-3 with Moderate enhancements (1)(2)(3),"Maintenance Tools: Maintenance tools, with inspection and media checks",Base control (Moderate baseline),"Yes - AC-02, AC-03, and AC-04 contracts require the Moderate baseline",None,MA-3; MA-3(1); MA-3(2); MA-3(3),Contract (SP 800-53 Moderate); N92-R02 (CJISSECPOL v6.1 MA-3),Official crosswalk has no informative reference for this control,The MSP's remote tool can run any command on every laptop,MSP contract,Partially met,Tool not controlled by the company,Moderate,"MSP contract terms on the tool's MFA, logging, and named technicians (R-012)",Owner,2026-12-31,None known (Release 5.2.0 is current)
G-082,NIST SP 800-53 Rev. 5 (Release 5.2.0) Moderate baseline,SP 800-53 Rev. 5 MA-4,Nonlocal Maintenance: Nonlocal maintenance,Base control (Moderate baseline),"Yes - AC-02, AC-03, and AC-04 contracts require the Moderate baseline",None,MA-4,Contract (SP 800-53 Moderate); N92-R02 (CJISSECPOL v6.1 MA-4),Official crosswalk has no informative reference for this control,MSP remote sessions,MSP contract,Partially met,Sessions not logged for the company; MFA not evidenced,Moderate,Same as MA-3,Owner,2026-12-31,None known (Release 5.2.0 is current)
G-083,NIST SP 800-53 Rev. 5 (Release 5.2.0) Moderate baseline,SP 800-53 Rev. 5 MA-5,Maintenance Personnel: Maintenance personnel,Base control (Moderate baseline),"Yes - AC-02, AC-03, and AC-04 contracts require the Moderate baseline",None,MA-5,Contract (SP 800-53 Moderate); N92-R02 (CJISSECPOL v6.1 MA-5),Official crosswalk has no informative reference for this control,MSP technicians work on laptops that cache CJI,MSP contract,Not met,No screening of technicians who can reach CJI,Moderate,Keep CJI off laptops (POL-04); ask AC-01 whether named MSP technicians need fingerprint-based checks,Owner,2026-12-31,None known (Release 5.2.0 is current)
G-084,NIST SP 800-53 Rev. 5 (Release 5.2.0) Moderate baseline,SP 800-53 Rev. 5 MA-6,Timely Maintenance: Timely maintenance,Base control (Moderate baseline),"Yes - AC-02, AC-03, and AC-04 contracts require the Moderate baseline",ID.AM-08,MA-6,Contract (SP 800-53 Moderate); N92-R02 (CJISSECPOL v6.1 MA-6),Official: NIST CSF 2.0 informative references to SP 800-53 Rev. 5.2.0 (00_universal-framework/crosswalks/csf2_to_sp800-53r5.csv),Laptops under manufacturer warranty with a spare on hand; platform maintenance inherited,MSP asset list,Met,None,Very Low,None,Operations Manager (MSP performs),,None known (Release 5.2.0 is current)
G-085,NIST SP 800-53 Rev. 5 (Release 5.2.0) Moderate baseline,SP 800-53 Rev. 5 MP-1,Policy and Procedures: Media protection policy and procedures,Base control (Moderate baseline),"Yes - AC-02, AC-03, and AC-04 contracts require the Moderate baseline",GV.OC-03; GV.OV-01; GV.PO-01; GV.PO-02; GV.SC-03; ID.IM-01; ID.IM-02; ID.IM-03,MP-1,Contract (SP 800-53 Moderate); N92-R02 (CJISSECPOL v6.1 MP-1),Official: NIST CSF 2.0 informative references to SP 800-53 Rev. 5.2.0 (00_universal-framework/crosswalks/csf2_to_sp800-53r5.csv),No policy,Interviews,Not met,No policy,Low,POL-04 approved 2026-08-31,Operations Manager,2026-08-31,None known (Release 5.2.0 is current)
G-086,NIST SP 800-53 Rev. 5 (Release 5.2.0) Moderate baseline,SP 800-53 Rev. 5 MP-2,Media Access: Media access,Base control (Moderate baseline),"Yes - AC-02, AC-03, and AC-04 contracts require the Moderate baseline",None,MP-2,Contract (SP 800-53 Moderate); N92-R02 (CJISSECPOL v6.1 MP-2),Official crosswalk has no informative reference for this control,USB storage allowed on laptops,MSP endpoint policy,Partially met,No restriction,Low,Block USB storage except by exception,Operations Manager (MSP performs),2026-12-31,None known (Release 5.2.0 is current)
G-087,NIST SP 800-53 Rev. 5 (Release 5.2.0) Moderate baseline,SP 800-53 Rev. 5 MP-3,Media Marking: Media marking,Base control (Moderate baseline),"Yes - AC-02, AC-03, and AC-04 contracts require the Moderate baseline",None,MP-3,Contract (SP 800-53 Moderate); N92-R02 (CJISSECPOL v6.1 MP-3),Official crosswalk has no informative reference for this control,No removable media used for agency data; exports labeled by workspace,Interviews; bucket listing,Met,None,Very Low,None,Operations Manager,,None known (Release 5.2.0 is current)
G-088,NIST SP 800-53 Rev. 5 (Release 5.2.0) Moderate baseline,SP 800-53 Rev. 5 MP-4,Media Storage: Media storage,Base control (Moderate baseline),"Yes - AC-02, AC-03, and AC-04 contracts require the Moderate baseline",None,MP-4,Contract (SP 800-53 Moderate); N92-R02 (CJISSECPOL v6.1 MP-4),Official crosswalk has no informative reference for this control,Laptops store downloads and email attachments,MSP encryption report,Partially met,Agency files linger in download folders,Low,Monthly clean-up; POL-04 storage rule,Operations Manager (MSP performs),2026-09-30,None known (Release 5.2.0 is current)
G-089,NIST SP 800-53 Rev. 5 (Release 5.2.0) Moderate baseline,SP 800-53 Rev. 5 MP-5,Media Transport: Media transport,Base control (Moderate baseline),"Yes - AC-02, AC-03, and AC-04 contracts require the Moderate baseline",None,MP-5,Contract (SP 800-53 Moderate); N92-R02 (CJISSECPOL v6.1 MP-5),Official crosswalk has no informative reference for this control,No physical media leave the company; data moves by SFTP and TLS,Interviews,Met,None,Very Low,None,Operations Manager,,None known (Release 5.2.0 is current)
G-090,NIST SP 800-53 Rev. 5 (Release 5.2.0) Moderate baseline,SP 800-53 Rev. 5 MP-6,Media Sanitization: Media sanitization,Base control (Moderate baseline),"Yes - AC-02, AC-03, and AC-04 contracts require the Moderate baseline",None,MP-6,Contract (SP 800-53 Moderate); N92-R02 (CJISSECPOL v6.1 MP-6),Official crosswalk has no informative reference for this control,MSP wipes laptops before reuse,MSP ticket history,Partially met,No record of wipes; one laptop reissued in April 2026 without a record,Low,Wipe record for every reused or retired device,Operations Manager (MSP performs),2026-12-31,None known (Release 5.2.0 is current)
G-091,NIST SP 800-53 Rev. 5 (Release 5.2.0) Moderate baseline,SP 800-53 Rev. 5 MP-7,Media Use: Media use,Base control (Moderate baseline),"Yes - AC-02, AC-03, and AC-04 contracts require the Moderate baseline",None,MP-7,Contract (SP 800-53 Moderate); N92-R02 (CJISSECPOL v6.1 MP-7),Official crosswalk has no informative reference for this control,USB storage allowed,MSP endpoint policy,Partially met,No restriction,Low,Same as MP-2,Operations Manager (MSP performs),2026-12-31,None known (Release 5.2.0 is current)
G-092,NIST SP 800-53 Rev. 5 (Release 5.2.0) Moderate baseline,SP 800-53 Rev. 5 PE-1,Policy and Procedures: Physical and environmental protection policy and procedures,Base control (Moderate baseline),"Yes - AC-02, AC-03, and AC-04 contracts require the Moderate baseline",GV.OC-03; GV.OV-01; GV.PO-01; GV.PO-02; GV.SC-03; ID.IM-01; ID.IM-02; ID.IM-03,PE-1,Contract (SP 800-53 Moderate); N92-R02 (CJISSECPOL v6.1 PE-1),Official: NIST CSF 2.0 informative references to SP 800-53 Rev. 5.2.0 (00_universal-framework/crosswalks/csf2_to_sp800-53r5.csv),No policy for the office,Interviews,Not met,No policy,Low,Office rules in POL-04 (no agency data in the office),Operations Manager,2026-11-30,None known (Release 5.2.0 is current)
G-093,NIST SP 800-53 Rev. 5 (Release 5.2.0) Moderate baseline,SP 800-53 Rev. 5 PE-2,Physical Access Authorizations: Physical access authorizations,Base control (Moderate baseline),"Yes - AC-02, AC-03, and AC-04 contracts require the Moderate baseline",PR.AA-06,PE-2,Contract (SP 800-53 Moderate); N92-R02 (CJISSECPOL v6.1 PE-2),Official: NIST CSF 2.0 informative references to SP 800-53 Rev. 5.2.0 (00_universal-framework/crosswalks/csf2_to_sp800-53r5.csv),Data centers inherited; office keys held by the owner and Operations Manager,FedRAMP listings; key list,Met,None,Very Low,None,Operations Manager,,None known (Release 5.2.0 is current)
G-094,NIST SP 800-53 Rev. 5 (Release 5.2.0) Moderate baseline,SP 800-53 Rev. 5 PE-3,Physical Access Control: Physical access control,Base control (Moderate baseline),"Yes - AC-02, AC-03, and AC-04 contracts require the Moderate baseline",DE.CM-02; PR.AA-06,PE-3,Contract (SP 800-53 Moderate); N92-R02 (CJISSECPOL v6.1 PE-3),Official: NIST CSF 2.0 informative references to SP 800-53 Rev. 5.2.0 (00_universal-framework/crosswalks/csf2_to_sp800-53r5.csv),Data centers inherited; office keyed entry and locked network closet,FedRAMP listings; walkthrough 2026-08-04,Met,None,Very Low,None,Operations Manager,,None known (Release 5.2.0 is current)
G-095,NIST SP 800-53 Rev. 5 (Release 5.2.0) Moderate baseline,SP 800-53 Rev. 5 PE-4,Access Control for Transmission: Access control for transmission,Base control (Moderate baseline),"Yes - AC-02, AC-03, and AC-04 contracts require the Moderate baseline",PR.AA-06,PE-4,Contract (SP 800-53 Moderate); N92-R02 (CJISSECPOL v6.1 PE-4),Official: NIST CSF 2.0 informative references to SP 800-53 Rev. 5.2.0 (00_universal-framework/crosswalks/csf2_to_sp800-53r5.csv),Inherited from the platform vendor and IaaS provider,FedRAMP listings,Met,None,Very Low,None,Operations Manager,,None known (Release 5.2.0 is current)
G-096,NIST SP 800-53 Rev. 5 (Release 5.2.0) Moderate baseline,SP 800-53 Rev. 5 PE-5,Access Control for Output Devices: Access control for output devices,Base control (Moderate baseline),"Yes - AC-02, AC-03, and AC-04 contracts require the Moderate baseline",PR.AA-06,PE-5,Contract (SP 800-53 Moderate); N92-R02 (CJISSECPOL v6.1 PE-5),Official: NIST CSF 2.0 informative references to SP 800-53 Rev. 5.2.0 (00_universal-framework/crosswalks/csf2_to_sp800-53r5.csv),"No printing of agency data in the office (office printer in the closet area, used for business documents)",Walkthrough 2026-08-04,Met,None,Very Low,None,Operations Manager,,None known (Release 5.2.0 is current)
G-097,NIST SP 800-53 Rev. 5 (Release 5.2.0) Moderate baseline,SP 800-53 Rev. 5 PE-6 with Moderate enhancements (1),"Monitoring Physical Access: Monitoring physical access, with intrusion alarms",Base control (Moderate baseline),"Yes - AC-02, AC-03, and AC-04 contracts require the Moderate baseline",DE.CM-02; PR.AA-06,PE-6; PE-6(1),Contract (SP 800-53 Moderate); N92-R02 (CJISSECPOL v6.1 PE-6),Official: NIST CSF 2.0 informative references to SP 800-53 Rev. 5.2.0 (00_universal-framework/crosswalks/csf2_to_sp800-53r5.csv),Inherited for data centers; office alarm monitored by the landlord,FedRAMP listings; lease,Met,None,Very Low,None,Operations Manager,,None known (Release 5.2.0 is current)
G-098,NIST SP 800-53 Rev. 5 (Release 5.2.0) Moderate baseline,SP 800-53 Rev. 5 PE-8,Visitor Access Records: Visitor access records,Base control (Moderate baseline),"Yes - AC-02, AC-03, and AC-04 contracts require the Moderate baseline",PR.AA-06,PE-8,Contract (SP 800-53 Moderate); N92-R02 (CJISSECPOL v6.1 PE-8),Official: NIST CSF 2.0 informative references to SP 800-53 Rev. 5.2.0 (00_universal-framework/crosswalks/csf2_to_sp800-53r5.csv),Inherited for data centers; no agency data in the office,FedRAMP listings,Met,None,Very Low,None,Operations Manager,,None known (Release 5.2.0 is current)
G-099,NIST SP 800-53 Rev. 5 (Release 5.2.0) Moderate baseline,SP 800-53 Rev. 5 PE-9,Power Equipment and Cabling: Power equipment and cabling,Base control (Moderate baseline),"Yes - AC-02, AC-03, and AC-04 contracts require the Moderate baseline",PR.IR-02,PE-9,Contract (SP 800-53 Moderate); N92-R02 (CJISSECPOL v6.1 PE-9),Official: NIST CSF 2.0 informative references to SP 800-53 Rev. 5.2.0 (00_universal-framework/crosswalks/csf2_to_sp800-53r5.csv),Inherited,FedRAMP listings,Met,None,Very Low,None,Operations Manager,,None known (Release 5.2.0 is current)
G-100,NIST SP 800-53 Rev. 5 (Release 5.2.0) Moderate baseline,SP 800-53 Rev. 5 PE-10,Emergency Shutoff: Emergency shutoff,Base control (Moderate baseline),"Yes - AC-02, AC-03, and AC-04 contracts require the Moderate baseline",PR.IR-02,PE-10,Contract (SP 800-53 Moderate); N92-R02 (CJISSECPOL v6.1 PE-10),Official: NIST CSF 2.0 informative references to SP 800-53 Rev. 5.2.0 (00_universal-framework/crosswalks/csf2_to_sp800-53r5.csv),Inherited,FedRAMP listings,Met,None,Very Low,None,Operations Manager,,None known (Release 5.2.0 is current)
G-101,NIST SP 800-53 Rev. 5 (Release 5.2.0) Moderate baseline,SP 800-53 Rev. 5 PE-11,Emergency Power: Emergency power,Base control (Moderate baseline),"Yes - AC-02, AC-03, and AC-04 contracts require the Moderate baseline",PR.IR-02,PE-11,Contract (SP 800-53 Moderate); N92-R02 (CJISSECPOL v6.1 PE-11),Official: NIST CSF 2.0 informative references to SP 800-53 Rev. 5.2.0 (00_universal-framework/crosswalks/csf2_to_sp800-53r5.csv),Inherited,FedRAMP listings,Met,None,Very Low,None,Operations Manager,,None known (Release 5.2.0 is current)
G-102,NIST SP 800-53 Rev. 5 (Release 5.2.0) Moderate baseline,SP 800-53 Rev. 5 PE-12,Emergency Lighting: Emergency lighting,Base control (Moderate baseline),"Yes - AC-02, AC-03, and AC-04 contracts require the Moderate baseline",PR.IR-02,PE-12,Contract (SP 800-53 Moderate); N92-R02 (CJISSECPOL v6.1 PE-12),Official: NIST CSF 2.0 informative references to SP 800-53 Rev. 5.2.0 (00_universal-framework/crosswalks/csf2_to_sp800-53r5.csv),Inherited,FedRAMP listings,Met,None,Very Low,None,Operations Manager,,None known (Release 5.2.0 is current)
G-103,NIST SP 800-53 Rev. 5 (Release 5.2.0) Moderate baseline,SP 800-53 Rev. 5 PE-13 with Moderate enhancements (1),"Fire Protection: Fire protection, with detection systems",Base control (Moderate baseline),"Yes - AC-02, AC-03, and AC-04 contracts require the Moderate baseline",PR.IR-02,PE-13; PE-13(1),Contract (SP 800-53 Moderate); N92-R02 (CJISSECPOL v6.1 PE-13),Official: NIST CSF 2.0 informative references to SP 800-53 Rev. 5.2.0 (00_universal-framework/crosswalks/csf2_to_sp800-53r5.csv),Inherited,FedRAMP listings,Met,None,Very Low,None,Operations Manager,,None known (Release 5.2.0 is current)
G-104,NIST SP 800-53 Rev. 5 (Release 5.2.0) Moderate baseline,SP 800-53 Rev. 5 PE-14,Environmental Controls: Environmental controls,Base control (Moderate baseline),"Yes - AC-02, AC-03, and AC-04 contracts require the Moderate baseline",PR.IR-02,PE-14,Contract (SP 800-53 Moderate); N92-R02 (CJISSECPOL v6.1 PE-14),Official: NIST CSF 2.0 informative references to SP 800-53 Rev. 5.2.0 (00_universal-framework/crosswalks/csf2_to_sp800-53r5.csv),Inherited,FedRAMP listings,Met,None,Very Low,None,Operations Manager,,None known (Release 5.2.0 is current)
G-105,NIST SP 800-53 Rev. 5 (Release 5.2.0) Moderate baseline,SP 800-53 Rev. 5 PE-15,Water Damage Protection: Water damage protection,Base control (Moderate baseline),"Yes - AC-02, AC-03, and AC-04 contracts require the Moderate baseline",PR.IR-02,PE-15,Contract (SP 800-53 Moderate); N92-R02 (CJISSECPOL v6.1 PE-15),Official: NIST CSF 2.0 informative references to SP 800-53 Rev. 5.2.0 (00_universal-framework/crosswalks/csf2_to_sp800-53r5.csv),Inherited,FedRAMP listings,Met,None,Very Low,None,Operations Manager,,None known (Release 5.2.0 is current)
G-106,NIST SP 800-53 Rev. 5 (Release 5.2.0) Moderate baseline,SP 800-53 Rev. 5 PE-16,Delivery and Removal: Delivery and removal,Base control (Moderate baseline),"Yes - AC-02, AC-03, and AC-04 contracts require the Moderate baseline",None,PE-16,Contract (SP 800-53 Moderate); N92-R02 (CJISSECPOL v6.1 PE-16),Official crosswalk has no informative reference for this control,Inherited; laptops delivered by the MSP,FedRAMP listings; MSP asset list,Met,None,Very Low,None,Operations Manager,,None known (Release 5.2.0 is current)
G-107,NIST SP 800-53 Rev. 5 (Release 5.2.0) Moderate baseline,SP 800-53 Rev. 5 PE-17,Alternate Work Site: Alternate work site,Base control (Moderate baseline),"Yes - AC-02, AC-03, and AC-04 contracts require the Moderate baseline",None,PE-17,Contract (SP 800-53 Moderate); N92-R02 (CJISSECPOL v6.1 PE-17),Official crosswalk has no informative reference for this control,Staff work from home,Interviews,Partially met,"No written rules for home work (screen privacy, no printing of agency data, no family use of laptops)",Low,Home work rules in POL-02 Part C,Operations Manager,2026-10-31,None known (Release 5.2.0 is current)
G-108,NIST SP 800-53 Rev. 5 (Release 5.2.0) Moderate baseline,SP 800-53 Rev. 5 PL-1,Policy and Procedures: Planning policy and procedures,Base control (Moderate baseline),"Yes - AC-02, AC-03, and AC-04 contracts require the Moderate baseline",GV.OC-03; GV.OV-01; GV.PO-01; GV.PO-02; GV.SC-03; ID.IM-01; ID.IM-02; ID.IM-03,PL-1,Contract (SP 800-53 Moderate); N92-R02 (CJISSECPOL v6.1 PL-1),Official: NIST CSF 2.0 informative references to SP 800-53 Rev. 5.2.0 (00_universal-framework/crosswalks/csf2_to_sp800-53r5.csv),No policy,Interviews,Not met,No policy,Low,Planning rules in POL-02 Part A,Operations Manager,2026-08-31,None known (Release 5.2.0 is current)
G-109,NIST SP 800-53 Rev. 5 (Release 5.2.0) Moderate baseline,SP 800-53 Rev. 5 PL-2,System Security and Privacy Plans: System security and privacy plans,Base control (Moderate baseline),"Yes - AC-02, AC-03, and AC-04 contracts require the Moderate baseline",ID.AM-03; ID.AM-08; ID.IM-01; ID.IM-02; ID.IM-03; ID.IM-04,PL-2,Contract (SP 800-53 Moderate); N92-R02 (CJISSECPOL v6.1 PL-2),Official: NIST CSF 2.0 informative references to SP 800-53 Rev. 5.2.0 (00_universal-framework/crosswalks/csf2_to_sp800-53r5.csv),No SSP; only 2024 proposal answers,Proposal answers (2024),Not met,No plan,Moderate,SSP approved 2026-08-31 (P02),Operations Manager,2026-08-31,None known (Release 5.2.0 is current)
G-110,NIST SP 800-53 Rev. 5 (Release 5.2.0) Moderate baseline,SP 800-53 Rev. 5 PL-4 with Moderate enhancements (1),"Rules of Behavior: Rules of behavior, with social media and external site restrictions",Base control (Moderate baseline),"Yes - AC-02, AC-03, and AC-04 contracts require the Moderate baseline",None,PL-4; PL-4(1),Contract (SP 800-53 Moderate); N92-R02 (CJISSECPOL v6.1 PL-4),Official crosswalk has no informative reference for this control,No rules of behavior,Interviews,Not met,No rules,Low,POL-02 Part C; signed acknowledgments,Operations Manager,2026-09-30,None known (Release 5.2.0 is current)
G-111,NIST SP 800-53 Rev. 5 (Release 5.2.0) Moderate baseline,SP 800-53 Rev. 5 PL-8,Security and Privacy Architectures: Security and privacy architectures,Base control (Moderate baseline),"Yes - AC-02, AC-03, and AC-04 contracts require the Moderate baseline",ID.AM-03,PL-8,Contract (SP 800-53 Moderate); N92-R02 (CJISSECPOL v6.1 PL-8),Official: NIST CSF 2.0 informative references to SP 800-53 Rev. 5.2.0 (00_universal-framework/crosswalks/csf2_to_sp800-53r5.csv),Architecture drawn for the first time in P04,P04 diagram,Partially met,No security architecture decisions recorded,Low,Keep the P04 diagram current with each change,Lead Platform Engineer,2026-12-31,None known (Release 5.2.0 is current)
G-112,NIST SP 800-53 Rev. 5 (Release 5.2.0) Moderate baseline,SP 800-53 Rev. 5 PL-10,Baseline Selection: Baseline selection,Base control (Moderate baseline),"Yes - AC-02, AC-03, and AC-04 contracts require the Moderate baseline",None,PL-10,Contract (SP 800-53 Moderate); N92-R02 (CJISSECPOL v6.1 PL-10),Official crosswalk has no informative reference for this control,Moderate baseline selected by the agency contracts,AC-02 contract,Met,None,Very Low,None,Operations Manager,,None known (Release 5.2.0 is current)
G-113,NIST SP 800-53 Rev. 5 (Release 5.2.0) Moderate baseline,SP 800-53 Rev. 5 PL-11,Baseline Tailoring: Baseline tailoring,Base control (Moderate baseline),"Yes - AC-02, AC-03, and AC-04 contracts require the Moderate baseline",None,PL-11,Contract (SP 800-53 Moderate); N92-R02 (CJISSECPOL v6.1 PL-11),Official crosswalk has no informative reference for this control,No tailoring record,Interviews,Not met,CJIS values not recorded as organization-defined values,Low,Record organization-defined values in the SSP at its next review,Operations Manager,2026-12-31,None known (Release 5.2.0 is current)
G-114,NIST SP 800-53 Rev. 5 (Release 5.2.0) Moderate baseline,SP 800-53 Rev. 5 PS-1,Policy and Procedures: Personnel security policy and procedures,Base control (Moderate baseline),"Yes - AC-02, AC-03, and AC-04 contracts require the Moderate baseline",GV.OC-03; GV.OV-01; GV.PO-01; GV.PO-02; GV.RR-04; GV.SC-03; ID.IM-01; ID.IM-02; ID.IM-03,PS-1,Contract (SP 800-53 Moderate); N92-R02 (CJISSECPOL v6.1 PS-1),Official: NIST CSF 2.0 informative references to SP 800-53 Rev. 5.2.0 (00_universal-framework/crosswalks/csf2_to_sp800-53r5.csv),No policy,Interviews,Not met,No policy,Low,Screening rules in POL-02 B.2,Operations Manager,2026-10-31,None known (Release 5.2.0 is current)
G-115,NIST SP 800-53 Rev. 5 (Release 5.2.0) Moderate baseline,SP 800-53 Rev. 5 PS-2,Position Risk Designation: Position risk designation,Base control (Moderate baseline),"Yes - AC-02, AC-03, and AC-04 contracts require the Moderate baseline",None,PS-2,Contract (SP 800-53 Moderate); N92-R02 (CJISSECPOL v6.1 PS-2),Official crosswalk has no informative reference for this control,No designation of which roles need fingerprint-based checks or agency investigations,Interviews,Not met,The support role was given CJI access without a screening decision,Moderate,Designate CJI and FTI positions in POL-02,Operations Manager,2026-09-30,None known (Release 5.2.0 is current)
G-116,NIST SP 800-53 Rev. 5 (Release 5.2.0) Moderate baseline,SP 800-53 Rev. 5 PS-3,Personnel Screening: Personnel screening,Base control (Moderate baseline),"Yes - AC-02, AC-03, and AC-04 contracts require the Moderate baseline",None,PS-3,Contract (SP 800-53 Moderate); N92-R02 (CJISSECPOL v6.1 PS-3),Official crosswalk has no informative reference for this control,Commercial background check at hire for all; fingerprint-based checks for 4 staff (AC-01); agency investigations for 2 SC-01 staff,HR files; agency confirmations,Partially met,Support Analyst reached CJI without fingerprint-based checks,High,Screening through AC-01; screening gate before any CJI or FTI role,Operations Manager,2026-10-15,None known (Release 5.2.0 is current)
G-117,NIST SP 800-53 Rev. 5 (Release 5.2.0) Moderate baseline,SP 800-53 Rev. 5 PS-4,Personnel Termination: Personnel termination,Base control (Moderate baseline),"Yes - AC-02, AC-03, and AC-04 contracts require the Moderate baseline",None,PS-4,Contract (SP 800-53 Moderate); N92-R02 (CJISSECPOL v6.1 PS-4),Official crosswalk has no informative reference for this control,No departures since 2024,Interviews,Partially met,No termination checklist,Low,"POL-02 B.4 checklist, including notice to AC-01 and the prime",Operations Manager,2026-09-30,None known (Release 5.2.0 is current)
G-118,NIST SP 800-53 Rev. 5 (Release 5.2.0) Moderate baseline,SP 800-53 Rev. 5 PS-5,Personnel Transfer: Personnel transfer,Base control (Moderate baseline),"Yes - AC-02, AC-03, and AC-04 contracts require the Moderate baseline",None,PS-5,Contract (SP 800-53 Moderate); N92-R02 (CJISSECPOL v6.1 PS-5),Official crosswalk has no informative reference for this control,Role changes handled informally,Interviews,Partially met,"No review when duties change (for example, SC-01 backup duties)",Low,Access review at every role change,Operations Manager,2026-09-30,None known (Release 5.2.0 is current)
G-119,NIST SP 800-53 Rev. 5 (Release 5.2.0) Moderate baseline,SP 800-53 Rev. 5 PS-6,Access Agreements: Access agreements,Base control (Moderate baseline),"Yes - AC-02, AC-03, and AC-04 contracts require the Moderate baseline",None,PS-6,Contract (SP 800-53 Moderate); N92-R02 (CJISSECPOL v6.1 PS-6),Official crosswalk has no informative reference for this control,4 CJIS Security Addendum certifications; Integration Consultant's FTI confidentiality statement,Agency confirmations,Partially met,No company confidentiality agreement; Support Analyst has no Addendum certification,Moderate,Company confidentiality agreement for all staff; Addendum certification for the Support Analyst,Operations Manager,2026-10-15,None known (Release 5.2.0 is current)
G-120,NIST SP 800-53 Rev. 5 (Release 5.2.0) Moderate baseline,SP 800-53 Rev. 5 PS-7,External Personnel Security: External personnel security,Base control (Moderate baseline),"Yes - AC-02, AC-03, and AC-04 contracts require the Moderate baseline",DE.CM-06; GV.RR-04,PS-7,Contract (SP 800-53 Moderate); N92-R02 (CJISSECPOL v6.1 PS-7),Official: NIST CSF 2.0 informative references to SP 800-53 Rev. 5.2.0 (00_universal-framework/crosswalks/csf2_to_sp800-53r5.csv),MSP and helpdesk vendor staff can reach company systems or agency data,Contracts,Not met,No personnel security terms for external providers,Moderate,Terms in the MSP amendment and the helpdesk change,Owner,2026-12-31,None known (Release 5.2.0 is current)
G-121,NIST SP 800-53 Rev. 5 (Release 5.2.0) Moderate baseline,SP 800-53 Rev. 5 PS-8,Personnel Sanctions: Personnel sanctions,Base control (Moderate baseline),"Yes - AC-02, AC-03, and AC-04 contracts require the Moderate baseline",None,PS-8,Contract (SP 800-53 Moderate); N92-R02 (CJISSECPOL v6.1 PS-8),Official crosswalk has no informative reference for this control,No sanctions rule,Interviews,Not met,No rule,Low,POL-02 A.4 approved 2026-08-31,Owner,2026-08-31,None known (Release 5.2.0 is current)
G-122,NIST SP 800-53 Rev. 5 (Release 5.2.0) Moderate baseline,SP 800-53 Rev. 5 PS-9,Position Descriptions: Position descriptions,Base control (Moderate baseline),"Yes - AC-02, AC-03, and AC-04 contracts require the Moderate baseline",GV.RR-04,PS-9,Contract (SP 800-53 Moderate); N92-R02 (CJISSECPOL v6.1 PS-9),Official: NIST CSF 2.0 informative references to SP 800-53 Rev. 5.2.0 (00_universal-framework/crosswalks/csf2_to_sp800-53r5.csv),Job descriptions exist,HR files,Partially met,No security duties in job descriptions,Low,Add security duties when job descriptions are next updated,Operations Manager,2026-12-31,None known (Release 5.2.0 is current)
G-123,NIST SP 800-53 Rev. 5 (Release 5.2.0) Moderate baseline,SP 800-53 Rev. 5 RA-1,Policy and Procedures: Risk assessment policy and procedures,Base control (Moderate baseline),"Yes - AC-02, AC-03, and AC-04 contracts require the Moderate baseline",GV.OC-03; GV.OV-01; GV.PO-01; GV.PO-02; GV.SC-03; ID.IM-01; ID.IM-02; ID.IM-03,RA-1,Contract (SP 800-53 Moderate); N92-R02 (CJISSECPOL v6.1 RA-1),Official: NIST CSF 2.0 informative references to SP 800-53 Rev. 5.2.0 (00_universal-framework/crosswalks/csf2_to_sp800-53r5.csv),No policy,Interviews,Not met,No policy,Low,POL-02 A.2 approved 2026-08-31,Operations Manager,2026-08-31,None known (Release 5.2.0 is current)
G-124,NIST SP 800-53 Rev. 5 (Release 5.2.0) Moderate baseline,SP 800-53 Rev. 5 RA-2,Security Categorization: Security categorization,Base control (Moderate baseline),"Yes - AC-02, AC-03, and AC-04 contracts require the Moderate baseline",ID.AM-05; ID.RA-04; ID.RA-05,RA-2,Contract (SP 800-53 Moderate); N92-R02 (CJISSECPOL v6.1 RA-2),Official: NIST CSF 2.0 informative references to SP 800-53 Rev. 5.2.0 (00_universal-framework/crosswalks/csf2_to_sp800-53r5.csv),No categorization,Interviews,Not met,No categorization,Low,SSP section 6 (Moderate) approved 2026-08-31,Operations Manager,2026-08-31,None known (Release 5.2.0 is current)
G-125,NIST SP 800-53 Rev. 5 (Release 5.2.0) Moderate baseline,SP 800-53 Rev. 5 RA-3 with Moderate enhancements (1),"Risk Assessment: Risk assessment, with supply chain risk assessment",Base control (Moderate baseline),"Yes - AC-02, AC-03, and AC-04 contracts require the Moderate baseline",DE.AE-07; GV.RM-06; GV.RM-07; GV.SC-03; GV.SC-09; GV.SC-10; ID.AM-05; ID.IM-01; ID.IM-02; ID.IM-03; ID.RA-01; ID.RA-03; ID.RA-04; ID.RA-05; RS.AN-08,RA-3; RA-3(1),Contract (SP 800-53 Moderate); N92-R02 (CJISSECPOL v6.1 RA-3),Official: NIST CSF 2.0 informative references to SP 800-53 Rev. 5.2.0 (00_universal-framework/crosswalks/csf2_to_sp800-53r5.csv),First risk assessment completed 2026-08-07 (P01),P01 risk register,Partially met,"No supply chain risk assessment of the platform vendor, MSP, helpdesk, or AI add-on",Moderate,Supplier reviews (SR-6) feed the July 2027 risk update,Operations Manager,2026-12-31,None known (Release 5.2.0 is current)
G-126,NIST SP 800-53 Rev. 5 (Release 5.2.0) Moderate baseline,SP 800-53 Rev. 5 RA-5 with Moderate enhancements (2)(5)(11),"Vulnerability Monitoring and Scanning: Vulnerability monitoring and scanning, with update of vulnerabilities, privileged access, and public disclosure program",Base control (Moderate baseline),"Yes - AC-02, AC-03, and AC-04 contracts require the Moderate baseline",GV.SC-10; ID.IM-01; ID.IM-02; ID.IM-03; ID.RA-01; ID.RA-08,RA-5; RA-5(2); RA-5(5); RA-5(11),Contract (SP 800-53 Moderate); N92-R02 (CJISSECPOL v6.1 RA-5),Official: NIST CSF 2.0 informative references to SP 800-53 Rev. 5.2.0 (00_universal-framework/crosswalks/csf2_to_sp800-53r5.csv),Platform scanning by the vendor (inherited),Vendor SOC 2 report,Partially met,No scanning of SYS-02; no way for outsiders to report a vulnerability,Moderate,Monthly authenticated scan of SYS-02; security contact address on the website,Lead Platform Engineer,2026-10-31,None known (Release 5.2.0 is current)
G-127,NIST SP 800-53 Rev. 5 (Release 5.2.0) Moderate baseline,SP 800-53 Rev. 5 RA-7,Risk Response: Risk response,Base control (Moderate baseline),"Yes - AC-02, AC-03, and AC-04 contracts require the Moderate baseline",GV.OC-05; GV.OV-01; GV.OV-02; GV.OV-03; GV.RM-01; GV.RM-03; GV.SC-03; GV.SC-09; GV.SC-10; ID.IM-01; ID.IM-02; ID.IM-03; ID.RA-05; ID.RA-06; RS.AN-08,RA-7,Contract (SP 800-53 Moderate); N92-R02 (CJISSECPOL v6.1 RA-7),Official: NIST CSF 2.0 informative references to SP 800-53 Rev. 5.2.0 (00_universal-framework/crosswalks/csf2_to_sp800-53r5.csv),Risk responses approved 2026-08-31,P01,Partially met,Responses not yet carried out,Low,Track in the monthly security meeting,Owner,2026-08-31,None known (Release 5.2.0 is current)
G-128,NIST SP 800-53 Rev. 5 (Release 5.2.0) Moderate baseline,SP 800-53 Rev. 5 RA-9,Criticality Analysis: Criticality analysis,Base control (Moderate baseline),"Yes - AC-02, AC-03, and AC-04 contracts require the Moderate baseline",GV.OC-04; GV.SC-04; GV.SC-07; ID.AM-05; ID.RA-04,RA-9,Contract (SP 800-53 Moderate); N92-R02 (CJISSECPOL v6.1 RA-9),Official: NIST CSF 2.0 informative references to SP 800-53 Rev. 5.2.0 (00_universal-framework/crosswalks/csf2_to_sp800-53r5.csv),BIA completed 2026-08-07 (P05),P05 BIA,Met,None,Very Low,None,Operations Manager,,None known (Release 5.2.0 is current)
G-129,NIST SP 800-53 Rev. 5 (Release 5.2.0) Moderate baseline,SP 800-53 Rev. 5 SA-1,Policy and Procedures: System and services acquisition policy and procedures,Base control (Moderate baseline),"Yes - AC-02, AC-03, and AC-04 contracts require the Moderate baseline",GV.OC-03; GV.OV-01; GV.PO-01; GV.PO-02; GV.SC-03; ID.IM-01; ID.IM-02; ID.IM-03,SA-1,Contract (SP 800-53 Moderate); N92-R02 (CJISSECPOL v6.1 SA-1),Official: NIST CSF 2.0 informative references to SP 800-53 Rev. 5.2.0 (00_universal-framework/crosswalks/csf2_to_sp800-53r5.csv),No policy,Interviews,Not met,No policy,Low,Vendor rules in POL-02 A.5,Operations Manager,2026-12-31,None known (Release 5.2.0 is current)
G-130,NIST SP 800-53 Rev. 5 (Release 5.2.0) Moderate baseline,SP 800-53 Rev. 5 SA-2,Allocation of Resources: Allocation of resources,Base control (Moderate baseline),"Yes - AC-02, AC-03, and AC-04 contracts require the Moderate baseline",None,SA-2,Contract (SP 800-53 Moderate); N92-R02 (CJISSECPOL v6.1 SA-2),Official crosswalk has no informative reference for this control,No security budget before 2026 Q4,Interviews,Partially met,No budget line,Low,2026 Q4 budget approved 2026-08-31 (P01),Owner,2026-08-31,None known (Release 5.2.0 is current)
G-131,NIST SP 800-53 Rev. 5 (Release 5.2.0) Moderate baseline,SP 800-53 Rev. 5 SA-3,System Development Life Cycle: System development life cycle,Base control (Moderate baseline),"Yes - AC-02, AC-03, and AC-04 contracts require the Moderate baseline",ID.AM-08; PR.PS-06,SA-3,Contract (SP 800-53 Moderate); N92-R02 (CJISSECPOL v6.1 SA-3),Official: NIST CSF 2.0 informative references to SP 800-53 Rev. 5.2.0 (00_universal-framework/crosswalks/csf2_to_sp800-53r5.csv),Sandbox-to-production process,Platform deployment history,Partially met,No security steps in the life cycle,Low,"Security checks in the change ticket (CM-3, CM-4)",Lead Platform Engineer,2026-12-31,None known (Release 5.2.0 is current)
G-132,NIST SP 800-53 Rev. 5 (Release 5.2.0) Moderate baseline,SP 800-53 Rev. 5 SA-4 with Moderate enhancements (1)(2)(9)(10),"Acquisition Process: Acquisition process, with functional properties, design information, functions in use, and FIPS 201 products",Base control (Moderate baseline),"Yes - AC-02, AC-03, and AC-04 contracts require the Moderate baseline",DE.CM-06; GV.SC-05; GV.SC-06; GV.SC-07; GV.SC-08; GV.SC-09; GV.SC-10; ID.AM-08; ID.IM-03; ID.RA-09,SA-4; SA-4(1); SA-4(2); SA-4(9); SA-4(10),Contract (SP 800-53 Moderate); N92-R02 (CJISSECPOL v6.1 SA-4),Official: NIST CSF 2.0 informative references to SP 800-53 Rev. 5.2.0 (00_universal-framework/crosswalks/csf2_to_sp800-53r5.csv),Helpdesk and AI add-on bought without security requirements,Purchase records,Not met,No security requirements in purchases,Moderate,Security questions and contract terms before any purchase that touches agency data,Operations Manager,2026-12-31,None known (Release 5.2.0 is current)
G-133,NIST SP 800-53 Rev. 5 (Release 5.2.0) Moderate baseline,SP 800-53 Rev. 5 SA-5,System Documentation: System documentation,Base control (Moderate baseline),"Yes - AC-02, AC-03, and AC-04 contracts require the Moderate baseline",ID.AM-02; ID.RA-09,SA-5,Contract (SP 800-53 Moderate); N92-R02 (CJISSECPOL v6.1 SA-5),Official: NIST CSF 2.0 informative references to SP 800-53 Rev. 5.2.0 (00_universal-framework/crosswalks/csf2_to_sp800-53r5.csv),Vendor documentation; SYS-02 undocumented,Interviews,Partially met,No SYS-02 documentation,Low,Document SYS-02 with the rebuild script,Lead Platform Engineer,2026-11-30,None known (Release 5.2.0 is current)
G-134,NIST SP 800-53 Rev. 5 (Release 5.2.0) Moderate baseline,SP 800-53 Rev. 5 SA-8,Security and Privacy Engineering Principles: Security and privacy engineering principles,Base control (Moderate baseline),"Yes - AC-02, AC-03, and AC-04 contracts require the Moderate baseline",ID.AM-08; ID.IM-01; ID.IM-02; ID.IM-03; PR.DS-10; PR.IR-03; PR.PS-06,SA-8,Contract (SP 800-53 Moderate); N92-R02 (CJISSECPOL v6.1 SA-8),Official: NIST CSF 2.0 informative references to SP 800-53 Rev. 5.2.0 (00_universal-framework/crosswalks/csf2_to_sp800-53r5.csv),Workspace separation and role design follow vendor guidance,Vendor documentation,Partially met,"Principles not applied to SYS-02 (secrets in scripts, keys on laptops)",Low,Apply least privilege and secrets management to SYS-02,Lead Platform Engineer,2026-12-31,None known (Release 5.2.0 is current)
G-135,NIST SP 800-53 Rev. 5 (Release 5.2.0) Moderate baseline,SP 800-53 Rev. 5 SA-9 with Moderate enhancements (2),"External System Services: External system services, with risk assessments and approvals",Base control (Moderate baseline),"Yes - AC-02, AC-03, and AC-04 contracts require the Moderate baseline",DE.CM-06; GV.OC-05; GV.SC-04; GV.SC-05; GV.SC-06; GV.SC-07; GV.SC-08; GV.SC-09; GV.SC-10; ID.AM-02; ID.AM-04,SA-9; SA-9(2),Contract (SP 800-53 Moderate); N92-R02 (CJISSECPOL v6.1 SA-9),Official: NIST CSF 2.0 informative references to SP 800-53 Rev. 5.2.0 (00_universal-framework/crosswalks/csf2_to_sp800-53r5.csv),Platform and IaaS services FedRAMP Moderate authorized (listings checked June 2026),FedRAMP listings; contracts,Partially met,"No review of the platform vendor's SOC 2 report, the MSP, the helpdesk vendor, or the AI add-on; helpdesk receives CJI without a Security Addendum; AI add-on outside FedRAMP scope",High,Yearly supplier reviews; helpdesk attachments blocked; AI add-on conditions (P10),Operations Manager,2026-12-31,None known (Release 5.2.0 is current)
G-136,NIST SP 800-53 Rev. 5 (Release 5.2.0) Moderate baseline,SP 800-53 Rev. 5 SA-10,Developer Configuration Management: Developer configuration management,Base control (Moderate baseline),"Yes - AC-02, AC-03, and AC-04 contracts require the Moderate baseline",ID.RA-09; PR.PS-06,SA-10,Contract (SP 800-53 Moderate); N92-R02 (CJISSECPOL v6.1 SA-10),Official: NIST CSF 2.0 informative references to SP 800-53 Rev. 5.2.0 (00_universal-framework/crosswalks/csf2_to_sp800-53r5.csv),Configurations exported to the repository,Repository,Partially met,No link between changes and exported configurations,Low,Export with each change ticket,Lead Platform Engineer,2026-11-30,None known (Release 5.2.0 is current)
G-137,NIST SP 800-53 Rev. 5 (Release 5.2.0) Moderate baseline,SP 800-53 Rev. 5 SA-11,Developer Testing and Evaluation: Developer testing and evaluation,Base control (Moderate baseline),"Yes - AC-02, AC-03, and AC-04 contracts require the Moderate baseline",ID.IM-01; ID.IM-02; ID.IM-03; ID.RA-09; PR.PS-06,SA-11,Contract (SP 800-53 Moderate); N92-R02 (CJISSECPOL v6.1 SA-11),Official: NIST CSF 2.0 informative references to SP 800-53 Rev. 5.2.0 (00_universal-framework/crosswalks/csf2_to_sp800-53r5.csv),Functional testing in the sandbox,Interviews,Partially met,No security testing of role designs or interface scripts,Moderate,Role leakage test per release; yearly review of scripts for secrets,Lead Platform Engineer,2026-12-31,None known (Release 5.2.0 is current)
G-138,NIST SP 800-53 Rev. 5 (Release 5.2.0) Moderate baseline,SP 800-53 Rev. 5 SA-15 with Moderate enhancements (3),"Development Process, Standards, and Tools: Development process, standards, and tools, with criticality analysis",Base control (Moderate baseline),"Yes - AC-02, AC-03, and AC-04 contracts require the Moderate baseline",ID.RA-09; PR.PS-06,SA-15; SA-15(3),Contract (SP 800-53 Moderate); N92-R02 (CJISSECPOL v6.1 SA-15),Official: NIST CSF 2.0 informative references to SP 800-53 Rev. 5.2.0 (00_universal-framework/crosswalks/csf2_to_sp800-53r5.csv),Informal process,Interviews,Partially met,No written process,Low,Short process in the change procedure,Lead Platform Engineer,2026-12-31,None known (Release 5.2.0 is current)
G-139,NIST SP 800-53 Rev. 5 (Release 5.2.0) Moderate baseline,SP 800-53 Rev. 5 SA-22,Unsupported System Components: Unsupported system components,Base control (Moderate baseline),"Yes - AC-02, AC-03, and AC-04 contracts require the Moderate baseline",ID.AM-08,SA-22,Contract (SP 800-53 Moderate); N92-R02 (CJISSECPOL v6.1 SA-22),Official: NIST CSF 2.0 informative references to SP 800-53 Rev. 5.2.0 (00_universal-framework/crosswalks/csf2_to_sp800-53r5.csv),Platform supported by the vendor; SYS-02 operating system is a supported release,Version listing,Met,None,Very Low,None,Lead Platform Engineer,,None known (Release 5.2.0 is current)
G-140,NIST SP 800-53 Rev. 5 (Release 5.2.0) Moderate baseline,SP 800-53 Rev. 5 SC-1,Policy and Procedures: System and communications protection policy and procedures,Base control (Moderate baseline),"Yes - AC-02, AC-03, and AC-04 contracts require the Moderate baseline",GV.OC-03; GV.OV-01; GV.PO-01; GV.PO-02; GV.SC-03; ID.IM-01; ID.IM-02; ID.IM-03,SC-1,Contract (SP 800-53 Moderate); N92-R02 (CJISSECPOL v6.1 SC-1),Official: NIST CSF 2.0 informative references to SP 800-53 Rev. 5.2.0 (00_universal-framework/crosswalks/csf2_to_sp800-53r5.csv),No policy,Interviews,Not met,No policy,Low,Encryption and network rules in POL-04,Operations Manager,2026-11-30,None known (Release 5.2.0 is current)
G-141,NIST SP 800-53 Rev. 5 (Release 5.2.0) Moderate baseline,SP 800-53 Rev. 5 SC-2,Separation of System and User Functionality: Separation of system and user functionality,Base control (Moderate baseline),"Yes - AC-02, AC-03, and AC-04 contracts require the Moderate baseline",None,SC-2,Contract (SP 800-53 Moderate); N92-R02 (CJISSECPOL v6.1 SC-2),Official crosswalk has no informative reference for this control,Platform administration console separate from user workspaces (inherited),Vendor documentation,Met,None,Very Low,None,Lead Platform Engineer,,None known (Release 5.2.0 is current)
G-142,NIST SP 800-53 Rev. 5 (Release 5.2.0) Moderate baseline,SP 800-53 Rev. 5 SC-4,Information in Shared System Resources: Information in shared system resources,Base control (Moderate baseline),"Yes - AC-02, AC-03, and AC-04 contracts require the Moderate baseline",PR.DS-01; PR.DS-02; PR.DS-10; PR.IR-01,SC-4,Contract (SP 800-53 Moderate); N92-R02 (CJISSECPOL v6.1 SC-4),Official: NIST CSF 2.0 informative references to SP 800-53 Rev. 5.2.0 (00_universal-framework/crosswalks/csf2_to_sp800-53r5.csv),Inherited from the platform vendor,SOC 2 report,Met,None,Very Low,None,Lead Platform Engineer,,None known (Release 5.2.0 is current)
G-143,NIST SP 800-53 Rev. 5 (Release 5.2.0) Moderate baseline,SP 800-53 Rev. 5 SC-5,Denial-of-service Protection: Denial-of-service protection,Base control (Moderate baseline),"Yes - AC-02, AC-03, and AC-04 contracts require the Moderate baseline",DE.CM-01; PR.IR-01,SC-5,Contract (SP 800-53 Moderate); N92-R02 (CJISSECPOL v6.1 SC-5),Official: NIST CSF 2.0 informative references to SP 800-53 Rev. 5.2.0 (00_universal-framework/crosswalks/csf2_to_sp800-53r5.csv),Inherited from the platform vendor and IaaS provider,SOC 2 report,Met,None,Very Low,None,Lead Platform Engineer,,None known (Release 5.2.0 is current)
G-144,NIST SP 800-53 Rev. 5 (Release 5.2.0) Moderate baseline,SP 800-53 Rev. 5 SC-7 with Moderate enhancements (3)(4)(5)(7)(8),"Boundary Protection: Boundary protection, with access points, external services, split tunneling, and proxy",Base control (Moderate baseline),"Yes - AC-02, AC-03, and AC-04 contracts require the Moderate baseline",DE.CM-01; PR.DS-01; PR.DS-02; PR.DS-10; PR.IR-01,SC-7; SC-7(3); SC-7(4); SC-7(5); SC-7(7); SC-7(8),Contract (SP 800-53 Moderate); N92-R02 (CJISSECPOL v6.1 SC-7),Official: NIST CSF 2.0 informative references to SP 800-53 Rev. 5.2.0 (00_universal-framework/crosswalks/csf2_to_sp800-53r5.csv),Platform boundary inherited; SYS-02 inbound SSH only through a security group; office firewall,Security group export,Partially met,Outbound traffic from SYS-02 unrestricted (P07 later found SSH open to any address),Moderate,Outbound allow-list; no public SSH (session service),Lead Platform Engineer,2026-12-31,None known (Release 5.2.0 is current)
G-145,NIST SP 800-53 Rev. 5 (Release 5.2.0) Moderate baseline,SP 800-53 Rev. 5 SC-8 with Moderate enhancements (1),"Transmission Confidentiality and Integrity: Transmission confidentiality and integrity, with cryptographic protection",Base control (Moderate baseline),"Yes - AC-02, AC-03, and AC-04 contracts require the Moderate baseline",PR.DS-02,SC-8; SC-8(1),Contract (SP 800-53 Moderate); N92-R02 (CJISSECPOL v6.1 SC-8),Official: NIST CSF 2.0 informative references to SP 800-53 Rev. 5.2.0 (00_universal-framework/crosswalks/csf2_to_sp800-53r5.csv),TLS 1.2 or higher on the platform; SFTP from the sheriff; TLS to the platform API,Vendor documentation; SYS-02 configuration,Met,None (module certification is rated under SC-13),Very Low,None,Lead Platform Engineer,,None known (Release 5.2.0 is current)
G-146,NIST SP 800-53 Rev. 5 (Release 5.2.0) Moderate baseline,SP 800-53 Rev. 5 SC-10,Network Disconnect: Network disconnect,Base control (Moderate baseline),"Yes - AC-02, AC-03, and AC-04 contracts require the Moderate baseline",None,SC-10,Contract (SP 800-53 Moderate); N92-R02 (CJISSECPOL v6.1 SC-10),Official crosswalk has no informative reference for this control,Platform sessions end on timeout,Tenant settings,Partially met,No SSH idle timeout on SYS-02,Low,Set SSH idle timeout,Lead Platform Engineer,2026-10-31,None known (Release 5.2.0 is current)
G-147,NIST SP 800-53 Rev. 5 (Release 5.2.0) Moderate baseline,SP 800-53 Rev. 5 SC-12,Cryptographic Key Establishment and Management: Cryptographic key establishment and management,Base control (Moderate baseline),"Yes - AC-02, AC-03, and AC-04 contracts require the Moderate baseline",PR.DS-01; PR.DS-02,SC-12,Contract (SP 800-53 Moderate); N92-R02 (CJISSECPOL v6.1 SC-12),Official: NIST CSF 2.0 informative references to SP 800-53 Rev. 5.2.0 (00_universal-framework/crosswalks/csf2_to_sp800-53r5.csv),Platform keys vendor-managed,Vendor documentation,Partially met,SSH keys and the bucket access key unmanaged,Moderate,Keys in the IaaS key and secrets services; yearly rotation,Lead Platform Engineer,2026-12-31,None known (Release 5.2.0 is current)
G-148,NIST SP 800-53 Rev. 5 (Release 5.2.0) Moderate baseline,SP 800-53 Rev. 5 SC-13,Cryptographic Protection: Cryptographic protection,Base control (Moderate baseline),"Yes - AC-02, AC-03, and AC-04 contracts require the Moderate baseline",PR.DS-01; PR.DS-02; PR.DS-10,SC-13,Contract (SP 800-53 Moderate); N92-R02 (CJISSECPOL v6.1 SC-13),Official: NIST CSF 2.0 informative references to SP 800-53 Rev. 5.2.0 (00_universal-framework/crosswalks/csf2_to_sp800-53r5.csv),Platform endpoints use FIPS 140-3 certified modules (vendor letter),Vendor letter; SYS-02 crypto policy output,Partially met,SFTP on SYS-02 not running a FIPS 140-3 certified module; CJIS cutoff for FIPS 140-2 certificates is 2026-09-21,High,Enable FIPS mode on SYS-02 and verify the cipher list with sheriff IT,Lead Platform Engineer,2026-09-18,None known (Release 5.2.0 is current)
G-149,NIST SP 800-53 Rev. 5 (Release 5.2.0) Moderate baseline,SP 800-53 Rev. 5 SC-15,Collaborative Computing Devices and Applications: Collaborative computing devices and applications,Base control (Moderate baseline),"Yes - AC-02, AC-03, and AC-04 contracts require the Moderate baseline",None,SC-15,Contract (SP 800-53 Moderate); N92-R02 (CJISSECPOL v6.1 SC-15),Official crosswalk has no informative reference for this control,Laptop cameras and microphones activate only when a user starts a meeting,MSP policy,Met,None,Very Low,None,Operations Manager (MSP performs),,None known (Release 5.2.0 is current)
G-150,NIST SP 800-53 Rev. 5 (Release 5.2.0) Moderate baseline,SP 800-53 Rev. 5 SC-17,Public Key Infrastructure Certificates: Public key infrastructure certificates,Base control (Moderate baseline),"Yes - AC-02, AC-03, and AC-04 contracts require the Moderate baseline",None,SC-17,Contract (SP 800-53 Moderate); N92-R02 (CJISSECPOL v6.1 SC-17),Official crosswalk has no informative reference for this control,Platform certificates issued and managed by the vendor,Vendor documentation,Met,None,Very Low,None,Lead Platform Engineer,,None known (Release 5.2.0 is current)
G-151,NIST SP 800-53 Rev. 5 (Release 5.2.0) Moderate baseline,SP 800-53 Rev. 5 SC-18,Mobile Code: Mobile code,Base control (Moderate baseline),"Yes - AC-02, AC-03, and AC-04 contracts require the Moderate baseline",None,SC-18,Contract (SP 800-53 Moderate); N92-R02 (CJISSECPOL v6.1 SC-18),Official crosswalk has no informative reference for this control,Platform controls code in workspaces; browsers kept current by the MSP,Vendor documentation,Met,None,Very Low,None,Lead Platform Engineer,,None known (Release 5.2.0 is current)
G-152,NIST SP 800-53 Rev. 5 (Release 5.2.0) Moderate baseline,SP 800-53 Rev. 5 SC-20,Secure Name/Address Resolution Service (Authoritative Source): Secure name and address resolution service (authoritative source),Base control (Moderate baseline),"Yes - AC-02, AC-03, and AC-04 contracts require the Moderate baseline",None,SC-20,Contract (SP 800-53 Moderate); N92-R02 (CJISSECPOL v6.1 SC-20),Official crosswalk has no informative reference for this control,Inherited from the platform vendor and IaaS provider,FedRAMP listings,Met,None,Very Low,None,Lead Platform Engineer,,None known (Release 5.2.0 is current)
G-153,NIST SP 800-53 Rev. 5 (Release 5.2.0) Moderate baseline,SP 800-53 Rev. 5 SC-21,Secure Name/Address Resolution Service (Recursive or Caching Resolver): Secure name and address resolution service (recursive or caching resolver),Base control (Moderate baseline),"Yes - AC-02, AC-03, and AC-04 contracts require the Moderate baseline",None,SC-21,Contract (SP 800-53 Moderate); N92-R02 (CJISSECPOL v6.1 SC-21),Official crosswalk has no informative reference for this control,Inherited from the IaaS provider,FedRAMP listings,Met,None,Very Low,None,Lead Platform Engineer,,None known (Release 5.2.0 is current)
G-154,NIST SP 800-53 Rev. 5 (Release 5.2.0) Moderate baseline,SP 800-53 Rev. 5 SC-22,Architecture and Provisioning for Name/Address Resolution Service: Architecture and provisioning for name and address resolution service,Base control (Moderate baseline),"Yes - AC-02, AC-03, and AC-04 contracts require the Moderate baseline",None,SC-22,Contract (SP 800-53 Moderate); N92-R02 (CJISSECPOL v6.1 SC-22),Official crosswalk has no informative reference for this control,Inherited,FedRAMP listings,Met,None,Very Low,None,Lead Platform Engineer,,None known (Release 5.2.0 is current)
G-155,NIST SP 800-53 Rev. 5 (Release 5.2.0) Moderate baseline,SP 800-53 Rev. 5 SC-23,Session Authenticity: Session authenticity,Base control (Moderate baseline),"Yes - AC-02, AC-03, and AC-04 contracts require the Moderate baseline",None,SC-23,Contract (SP 800-53 Moderate); N92-R02 (CJISSECPOL v6.1 SC-23),Official crosswalk has no informative reference for this control,Inherited from the platform vendor,SOC 2 report,Met,None,Very Low,None,Lead Platform Engineer,,None known (Release 5.2.0 is current)
G-156,NIST SP 800-53 Rev. 5 (Release 5.2.0) Moderate baseline,SP 800-53 Rev. 5 SC-28 with Moderate enhancements (1),"Protection of Information at Rest: Protection of information at rest, with cryptographic protection",Base control (Moderate baseline),"Yes - AC-02, AC-03, and AC-04 contracts require the Moderate baseline",PR.DS-01,SC-28; SC-28(1),Contract (SP 800-53 Moderate); N92-R02 (CJISSECPOL v6.1 SC-28),Official: NIST CSF 2.0 informative references to SP 800-53 Rev. 5.2.0 (00_universal-framework/crosswalks/csf2_to_sp800-53r5.csv),Platform data encrypted by the vendor; SYS-02 disk and bucket use provider default encryption; laptops encrypted,Vendor documentation; MSP encryption report,Partially met,CHRI files kept 30 days in the SYS-02 working folder after load (P07 later found 3 laptops with 128-bit keys),Moderate,Delete CHRI files after each load; 256-bit encryption on all laptops,Lead Platform Engineer,2026-09-30,None known (Release 5.2.0 is current)
G-157,NIST SP 800-53 Rev. 5 (Release 5.2.0) Moderate baseline,SP 800-53 Rev. 5 SC-39,Process Isolation: Process isolation,Base control (Moderate baseline),"Yes - AC-02, AC-03, and AC-04 contracts require the Moderate baseline",PR.DS-01; PR.DS-10; PR.IR-03,SC-39,Contract (SP 800-53 Moderate); N92-R02 (CJISSECPOL v6.1 SC-39),Official: NIST CSF 2.0 informative references to SP 800-53 Rev. 5.2.0 (00_universal-framework/crosswalks/csf2_to_sp800-53r5.csv),Inherited from the platform and the operating system,Vendor documentation,Met,None,Very Low,None,Lead Platform Engineer,,None known (Release 5.2.0 is current)
G-158,NIST SP 800-53 Rev. 5 (Release 5.2.0) Moderate baseline,SP 800-53 Rev. 5 SI-1,Policy and Procedures: System and information integrity policy and procedures,Base control (Moderate baseline),"Yes - AC-02, AC-03, and AC-04 contracts require the Moderate baseline",GV.OC-03; GV.OV-01; GV.PO-01; GV.PO-02; GV.SC-03; ID.IM-01; ID.IM-02; ID.IM-03,SI-1,Contract (SP 800-53 Moderate); N92-R02 (CJISSECPOL v6.1 SI-1),Official: NIST CSF 2.0 informative references to SP 800-53 Rev. 5.2.0 (00_universal-framework/crosswalks/csf2_to_sp800-53r5.csv),No policy,Interviews,Not met,No policy,Low,Patching and malware rules in POL-02 and the MSP contract,Operations Manager,2026-11-30,None known (Release 5.2.0 is current)
G-159,NIST SP 800-53 Rev. 5 (Release 5.2.0) Moderate baseline,SP 800-53 Rev. 5 SI-2 with Moderate enhancements (2),"Flaw Remediation: Flaw remediation, with automated status",Base control (Moderate baseline),"Yes - AC-02, AC-03, and AC-04 contracts require the Moderate baseline",ID.IM-01; ID.IM-02; ID.IM-03; PR.PS-02,SI-2; SI-2(2),Contract (SP 800-53 Moderate); N92-R02 (CJISSECPOL v6.1 SI-2),Official: NIST CSF 2.0 informative references to SP 800-53 Rev. 5.2.0 (00_universal-framework/crosswalks/csf2_to_sp800-53r5.csv),Platform patched by the vendor; laptops patched monthly by the MSP,MSP patch report (July 2026); SYS-02 package report,Partially met,SYS-02 patched by hand and 3 months behind,High,Automatic security updates on SYS-02; critical patches within 15 days,Lead Platform Engineer,2026-10-31,None known (Release 5.2.0 is current)
G-160,NIST SP 800-53 Rev. 5 (Release 5.2.0) Moderate baseline,SP 800-53 Rev. 5 SI-3,Malicious Code Protection: Malicious code protection,Base control (Moderate baseline),"Yes - AC-02, AC-03, and AC-04 contracts require the Moderate baseline",PR.DS-01; PR.DS-02; PR.DS-10,SI-3,Contract (SP 800-53 Moderate); N92-R02 (CJISSECPOL v6.1 SI-3),Official: NIST CSF 2.0 informative references to SP 800-53 Rev. 5.2.0 (00_universal-framework/crosswalks/csf2_to_sp800-53r5.csv),Next-generation antivirus on laptops,MSP antivirus console export,Partially met,No protection on SYS-02; alerts reviewed in business hours only,Moderate,Malware protection on SYS-02; EDR with after-hours alerting on laptops,Operations Manager (MSP performs),2026-12-31,None known (Release 5.2.0 is current)
G-161,NIST SP 800-53 Rev. 5 (Release 5.2.0) Moderate baseline,SP 800-53 Rev. 5 SI-4 with Moderate enhancements (2)(4)(5),"System Monitoring: System monitoring, with automated tools, traffic monitoring, and alerts",Base control (Moderate baseline),"Yes - AC-02, AC-03, and AC-04 contracts require the Moderate baseline",DE.AE-02; DE.AE-03; DE.CM-01; DE.CM-06; DE.CM-09; ID.IM-01; ID.IM-02; ID.IM-03; ID.RA-01; PR.DS-01; PR.DS-02; PR.DS-10,SI-4; SI-4(2); SI-4(4); SI-4(5),Contract (SP 800-53 Moderate); N92-R02 (CJISSECPOL v6.1 SI-4),Official: NIST CSF 2.0 informative references to SP 800-53 Rev. 5.2.0 (00_universal-framework/crosswalks/csf2_to_sp800-53r5.csv),No monitoring by the company,Interviews,Not met,"No alerts for administrator sign-ins, bulk exports, or SSH",High,Alerts routed to the Lead Platform Engineer and the Operations Manager; MSP after-hours alerting (SI-3),Lead Platform Engineer,2026-10-31,None known (Release 5.2.0 is current)
G-162,NIST SP 800-53 Rev. 5 (Release 5.2.0) Moderate baseline,SP 800-53 Rev. 5 SI-5,"Security Alerts, Advisories, and Directives: Security alerts, advisories, and directives",Base control (Moderate baseline),"Yes - AC-02, AC-03, and AC-04 contracts require the Moderate baseline",ID.RA-01; ID.RA-02; ID.RA-03,SI-5,Contract (SP 800-53 Moderate); N92-R02 (CJISSECPOL v6.1 SI-5),Official: NIST CSF 2.0 informative references to SP 800-53 Rev. 5.2.0 (00_universal-framework/crosswalks/csf2_to_sp800-53r5.csv),Lead Platform Engineer reads vendor notices,Interviews,Partially met,No subscription to CISA advisories; no record of actions,Low,Subscribe to CISA advisories; record actions in the monthly meeting,Lead Platform Engineer,2026-10-31,None known (Release 5.2.0 is current)
G-163,NIST SP 800-53 Rev. 5 (Release 5.2.0) Moderate baseline,SP 800-53 Rev. 5 SI-7 with Moderate enhancements (1)(7),"Software, Firmware, and Information Integrity: Software, firmware, and information integrity, with integrity checks and response",Base control (Moderate baseline),"Yes - AC-02, AC-03, and AC-04 contracts require the Moderate baseline",DE.CM-09; ID.RA-09; PR.DS-01; PR.DS-02; PR.DS-10; PR.PS-02,SI-7; SI-7(1); SI-7(7),Contract (SP 800-53 Moderate); N92-R02 (CJISSECPOL v6.1 SI-7),Official: NIST CSF 2.0 informative references to SP 800-53 Rev. 5.2.0 (00_universal-framework/crosswalks/csf2_to_sp800-53r5.csv),Platform integrity inherited,Vendor documentation,Partially met,No integrity check on SYS-02 scripts or the nightly file,Low,File hash check on the nightly file; scripts deployed only from the repository,Lead Platform Engineer,2026-12-31,None known (Release 5.2.0 is current)
G-164,NIST SP 800-53 Rev. 5 (Release 5.2.0) Moderate baseline,SP 800-53 Rev. 5 SI-8 with Moderate enhancements (2),"Spam Protection: Spam protection, with automatic updates",Base control (Moderate baseline),"Yes - AC-02, AC-03, and AC-04 contracts require the Moderate baseline",None,SI-8; SI-8(2),Contract (SP 800-53 Moderate); N92-R02 (CJISSECPOL v6.1 SI-8),Official crosswalk has no informative reference for this control,Suite spam filtering (inherited),Suite settings,Met,None,Very Low,None,Operations Manager (MSP performs),,None known (Release 5.2.0 is current)
G-165,NIST SP 800-53 Rev. 5 (Release 5.2.0) Moderate baseline,SP 800-53 Rev. 5 SI-10,Information Input Validation: Information input validation,Base control (Moderate baseline),"Yes - AC-02, AC-03, and AC-04 contracts require the Moderate baseline",PR.DS-10,SI-10,Contract (SP 800-53 Moderate); N92-R02 (CJISSECPOL v6.1 SI-10),Official: NIST CSF 2.0 informative references to SP 800-53 Rev. 5.2.0 (00_universal-framework/crosswalks/csf2_to_sp800-53r5.csv),Platform validates field formats; interface script checks file layout,Repository scripts,Partially met,Script does not reject out-of-range values,Low,Add value checks to the import,Lead Platform Engineer,2026-12-31,None known (Release 5.2.0 is current)
G-166,NIST SP 800-53 Rev. 5 (Release 5.2.0) Moderate baseline,SP 800-53 Rev. 5 SI-11,Error Handling: Error handling,Base control (Moderate baseline),"Yes - AC-02, AC-03, and AC-04 contracts require the Moderate baseline",None,SI-11,Contract (SP 800-53 Moderate); N92-R02 (CJISSECPOL v6.1 SI-11),Official crosswalk has no informative reference for this control,Platform error messages reveal no sensitive data (inherited),Walkthrough 2026-08-04,Met,None,Very Low,None,Lead Platform Engineer,,None known (Release 5.2.0 is current)
G-167,NIST SP 800-53 Rev. 5 (Release 5.2.0) Moderate baseline,SP 800-53 Rev. 5 SI-12,Information Management and Retention: Information management and retention,Base control (Moderate baseline),"Yes - AC-02, AC-03, and AC-04 contracts require the Moderate baseline",ID.AM-07; ID.AM-08,SI-12,Contract (SP 800-53 Moderate); N92-R02 (CJISSECPOL v6.1 SI-12),Official: NIST CSF 2.0 informative references to SP 800-53 Rev. 5.2.0 (00_universal-framework/crosswalks/csf2_to_sp800-53r5.csv),Agency contracts set retention for workspace data,Contracts,Partially met,"No retention schedule for working files, exports, tickets, or email; CHRI files kept 30 days; FTI found in a suite file",Moderate,Retention schedule in POL-04; working files deleted after use,Operations Manager,2026-09-30,None known (Release 5.2.0 is current)
G-168,NIST SP 800-53 Rev. 5 (Release 5.2.0) Moderate baseline,SP 800-53 Rev. 5 SI-16,Memory Protection: Memory protection,Base control (Moderate baseline),"Yes - AC-02, AC-03, and AC-04 contracts require the Moderate baseline",PR.DS-10,SI-16,Contract (SP 800-53 Moderate); N92-R02 (CJISSECPOL v6.1 SI-16),Official: NIST CSF 2.0 informative references to SP 800-53 Rev. 5.2.0 (00_universal-framework/crosswalks/csf2_to_sp800-53r5.csv),Inherited from the platform and the operating system,Vendor documentation,Met,None,Very Low,None,Lead Platform Engineer,,None known (Release 5.2.0 is current)
G-169,NIST SP 800-53 Rev. 5 (Release 5.2.0) Moderate baseline,SP 800-53 Rev. 5 SR-1,Policy and Procedures: Supply chain risk management policy and procedures,Base control (Moderate baseline),"Yes - AC-02, AC-03, and AC-04 contracts require the Moderate baseline",GV.OC-03; GV.OV-01; GV.PO-01; GV.PO-02; GV.SC-03; ID.IM-01; ID.IM-02; ID.IM-03,SR-1,Contract (SP 800-53 Moderate); N92-R02 (CJISSECPOL v6.1 SR-1),Official: NIST CSF 2.0 informative references to SP 800-53 Rev. 5.2.0 (00_universal-framework/crosswalks/csf2_to_sp800-53r5.csv),No policy,Interviews,Not met,No policy,Low,Supplier rules in POL-02 A.5,Operations Manager,2026-12-31,None known (Release 5.2.0 is current)
G-170,NIST SP 800-53 Rev. 5 (Release 5.2.0) Moderate baseline,SP 800-53 Rev. 5 SR-2 with Moderate enhancements (1),"Supply Chain Risk Management Plan: Supply chain risk management plan, with team",Base control (Moderate baseline),"Yes - AC-02, AC-03, and AC-04 contracts require the Moderate baseline",GV.RM-01; GV.RM-03; GV.RM-04; GV.SC-01; GV.SC-02; GV.SC-03; GV.SC-08; GV.SC-09; GV.SC-10; ID.AM-04; ID.IM-04,SR-2; SR-2(1),Contract (SP 800-53 Moderate); N92-R02 (CJISSECPOL v6.1 SR-2),Official: NIST CSF 2.0 informative references to SP 800-53 Rev. 5.2.0 (00_universal-framework/crosswalks/csf2_to_sp800-53r5.csv),No plan,Interviews,Not met,No plan,Low,One-page supplier list with review dates,Operations Manager,2026-12-31,None known (Release 5.2.0 is current)
G-171,NIST SP 800-53 Rev. 5 (Release 5.2.0) Moderate baseline,SP 800-53 Rev. 5 SR-3,Supply Chain Controls and Processes: Supply chain controls and processes,Base control (Moderate baseline),"Yes - AC-02, AC-03, and AC-04 contracts require the Moderate baseline",GV.OC-02; GV.SC-01; GV.SC-02; GV.SC-03; GV.SC-05; GV.SC-07; GV.SC-08; GV.SC-09; GV.SC-10; RS.CO-02; RS.CO-03; RS.MA-01,SR-3,Contract (SP 800-53 Moderate); N92-R02 (CJISSECPOL v6.1 SR-3),Official: NIST CSF 2.0 informative references to SP 800-53 Rev. 5.2.0 (00_universal-framework/crosswalks/csf2_to_sp800-53r5.csv),No supplier controls,Interviews,Not met,Suppliers chosen without security review,Moderate,Supplier review before purchase (SA-4),Operations Manager,2026-12-31,None known (Release 5.2.0 is current)
G-172,NIST SP 800-53 Rev. 5 (Release 5.2.0) Moderate baseline,SP 800-53 Rev. 5 SR-5,"Acquisition Strategies, Tools, and Methods: Acquisition strategies, tools, and methods",Base control (Moderate baseline),"Yes - AC-02, AC-03, and AC-04 contracts require the Moderate baseline",GV.OC-02; GV.OC-05; GV.SC-02; GV.SC-05; GV.SC-06; GV.SC-09; GV.SC-10; ID.AM-08; ID.IM-01; ID.IM-02; ID.IM-03; ID.RA-09,SR-5,Contract (SP 800-53 Moderate); N92-R02 (CJISSECPOL v6.1 SR-5),Official: NIST CSF 2.0 informative references to SP 800-53 Rev. 5.2.0 (00_universal-framework/crosswalks/csf2_to_sp800-53r5.csv),No strategy,Interviews,Not met,No strategy,Low,Covered by the supplier review,Operations Manager,2026-12-31,None known (Release 5.2.0 is current)
G-173,NIST SP 800-53 Rev. 5 (Release 5.2.0) Moderate baseline,SP 800-53 Rev. 5 SR-6,Supplier Assessments and Reviews: Supplier assessments and reviews,Base control (Moderate baseline),"Yes - AC-02, AC-03, and AC-04 contracts require the Moderate baseline",GV.OC-02; GV.OV-01; GV.OV-02; GV.OV-03; GV.SC-04; GV.SC-05; GV.SC-06; GV.SC-07; GV.SC-09; GV.SC-10; ID.RA-09; ID.RA-10,SR-6,Contract (SP 800-53 Moderate); N92-R02 (CJISSECPOL v6.1 SR-6),Official: NIST CSF 2.0 informative references to SP 800-53 Rev. 5.2.0 (00_universal-framework/crosswalks/csf2_to_sp800-53r5.csv),No supplier has ever been reviewed,Interviews,Not met,"No reviews of the platform vendor, MSP, helpdesk vendor, or AI add-on",High,Yearly reviews; first in P09 (platform vendor SOC 2 report),Operations Manager,2026-12-31,None known (Release 5.2.0 is current)
G-174,NIST SP 800-53 Rev. 5 (Release 5.2.0) Moderate baseline,SP 800-53 Rev. 5 SR-8,Notification Agreements: Notification agreements,Base control (Moderate baseline),"Yes - AC-02, AC-03, and AC-04 contracts require the Moderate baseline",GV.OC-02; GV.SC-08; RC.CO-03; RS.CO-02; RS.CO-03; RS.MA-01,SR-8,Contract (SP 800-53 Moderate); N92-R02 (CJISSECPOL v6.1 SR-8),Official: NIST CSF 2.0 informative references to SP 800-53 Rev. 5.2.0 (00_universal-framework/crosswalks/csf2_to_sp800-53r5.csv),"No incident notice terms with the MSP, helpdesk vendor, or AI add-on",Contracts,Not met,Company might learn of a vendor breach late,Moderate,24-hour incident notice terms at each renewal,Owner,2026-12-31,None known (Release 5.2.0 is current)
G-175,NIST SP 800-53 Rev. 5 (Release 5.2.0) Moderate baseline,SP 800-53 Rev. 5 SR-10,Inspection of Systems or Components: Inspection of systems or components,Base control (Moderate baseline),Yes (control in baseline; no components to which it applies),GV.SC-05; ID.RA-09,SR-10,Contract (SP 800-53 Moderate); N92-R02 (CJISSECPOL v6.1 SR-10),Official: NIST CSF 2.0 informative references to SP 800-53 Rev. 5.2.0 (00_universal-framework/crosswalks/csf2_to_sp800-53r5.csv),"The company buys no system components other than standard laptops, which the MSP sources new from authorized resellers",MSP asset list,Not applicable,None (not applicable),Very Low,None,Operations Manager,,None known (Release 5.2.0 is current)
G-176,NIST SP 800-53 Rev. 5 (Release 5.2.0) Moderate baseline,SP 800-53 Rev. 5 SR-11 with Moderate enhancements (1)(2),"Component Authenticity: Component authenticity, with anti-counterfeit training and configuration control for service",Base control (Moderate baseline),"Yes - AC-02, AC-03, and AC-04 contracts require the Moderate baseline",ID.RA-09,SR-11; SR-11(1); SR-11(2),Contract (SP 800-53 Moderate); N92-R02 (CJISSECPOL v6.1 SR-11),Official: NIST CSF 2.0 informative references to SP 800-53 Rev. 5.2.0 (00_universal-framework/crosswalks/csf2_to_sp800-53r5.csv),Laptops bought new from authorized resellers by the MSP; repairs by the manufacturer under warranty,MSP asset list,Met,None,Very Low,None,Operations Manager (MSP performs),,None known (Release 5.2.0 is current)
G-177,NIST SP 800-53 Rev. 5 (Release 5.2.0) Moderate baseline,SP 800-53 Rev. 5 SR-12,Component Disposal: Component disposal,Base control (Moderate baseline),"Yes - AC-02, AC-03, and AC-04 contracts require the Moderate baseline",ID.AM-08,SR-12,Contract (SP 800-53 Moderate); N92-R02 (CJISSECPOL v6.1 SR-12),Official: NIST CSF 2.0 informative references to SP 800-53 Rev. 5.2.0 (00_universal-framework/crosswalks/csf2_to_sp800-53r5.csv),MSP disposes of old equipment,MSP ticket history,Partially met,No disposal records,Low,Certificate of destruction for each disposed device,Operations Manager (MSP performs),2026-12-31,None known (Release 5.2.0 is current)
CJ-01,FBI CJIS Security Policy v6.1 (overlay for AC-01),"SA-9 a.2 and Appendix H (Security Addendum sec. 2.01, certification page); 28 CFR 20.33(a)(7)",Private contractors performing criminal justice functions acknowledge the Security Addendum by signing its certification page; the agency keeps the signed acknowledgments,Overlay requirement (CJISSECPOL v6.1),Yes - AC-01 contract incorporates the CJIS Security Addendum (28 CFR 20.33(a)(7)),GV.SC-05,SA-9; PS-6,"N92-R02 (CJISSECPOL v6.1 SA-9 a.2 and Appendix H (Security Addendum sec. 2.01, certification page); 28 CFR 20.33(a)(7))",Author mapping (overlay row mapped to SP 800-53 by the author),"4 certification pages signed (owner, Lead Platform Engineer, 2 Platform Developers), held by AC-01",AC-01 confirmation email,Partially met,The Support Analyst reached the AC-01 workspace through the support role without a signed certification,High,Support role narrowed 2026-08-12; certification for the Support Analyst through AC-01,Operations Manager,2026-10-15,CJIS zero-cycle for [Priority 2]-[Priority 4] requirements ends 2027-09-30; new policy versions bind through Addendum sec. 3.01
CJ-02,FBI CJIS Security Policy v6.1 (overlay for AC-01),"Appendix H, Security Addendum sec. 3.01",Contractor maintains a security program consistent with the CJIS Security Policy in effect when the contract was executed and all subsequent versions,Overlay requirement (CJISSECPOL v6.1),Yes - AC-01 contract incorporates the CJIS Security Addendum (28 CFR 20.33(a)(7)),GV.PO-01,PL-2; PM-1,"N92-R02 (CJISSECPOL v6.1 Appendix H, Security Addendum sec. 3.01)",Author mapping (overlay row mapped to SP 800-53 by the author),No written program before 2026-08-31; nobody tracks new policy versions,Interviews,Partially met,No program documents and no version tracking (v6.1 was issued 06/25/2026),Moderate,Policies and SSP approved 2026-08-31; review each new CJISSECPOL version within 60 days,Operations Manager,2026-10-31,CJIS zero-cycle for [Priority 2]-[Priority 4] requirements ends 2027-09-30; new policy versions bind through Addendum sec. 3.01
CJ-03,FBI CJIS Security Policy v6.1 (overlay for AC-01),PS-3 a.1,Screen individuals before authorizing access: state of residency and national fingerprint-based record checks,Overlay requirement (CJISSECPOL v6.1),Yes - AC-01 contract incorporates the CJIS Security Addendum (28 CFR 20.33(a)(7)),GV.RR-04,PS-3,N92-R02 (CJISSECPOL v6.1 PS-3 a.1),Author mapping (overlay row mapped to SP 800-53 by the author),Fingerprint-based checks for 4 staff through AC-01,AC-01 screening confirmations,Partially met,1 of 5 staff with access was not screened,High,Screening for the Support Analyst; gate in POL-02 B.2,Operations Manager,2026-10-15,CJIS zero-cycle for [Priority 2]-[Priority 4] requirements ends 2027-09-30; new policy versions bind through Addendum sec. 3.01
CJ-04,FBI CJIS Security Policy v6.1 (overlay for AC-01),AT-2 a.1-a.2,"Security and privacy literacy training before accessing CJI and annually, and within 30 days of any security incident for individuals involved",Overlay requirement (CJISSECPOL v6.1),Yes - AC-01 contract incorporates the CJIS Security Addendum (28 CFR 20.33(a)(7)),PR.AT-01,AT-2; AT-3,N92-R02 (CJISSECPOL v6.1 AT-2 a.1-a.2),Author mapping (overlay row mapped to SP 800-53 by the author),Sheriff's online CJIS training for the 4 screened staff,Sheriff training records,Partially met,Support Analyst untrained; no tracking of the 30-day post-incident rule,Moderate,Training before any CJI access; training log (AT-4),Operations Manager,2026-10-15,CJIS zero-cycle for [Priority 2]-[Priority 4] requirements ends 2027-09-30; new policy versions bind through Addendum sec. 3.01
CJ-05,FBI CJIS Security Policy v6.1 (overlay for AC-01),IA-2(1) and IA-2(2),Multi-factor authentication for access to privileged and non-privileged accounts,Overlay requirement (CJISSECPOL v6.1),Yes - AC-01 contract incorporates the CJIS Security Addendum (28 CFR 20.33(a)(7)),PR.AA-03,IA-2(1); IA-2(2),N92-R02 (CJISSECPOL v6.1 IA-2(1) and IA-2(2)),Author mapping (overlay row mapped to SP 800-53 by the author),MFA for staff platform accounts; sheriff enforces MFA for AC-01 users,Platform MFA report,Partially met,"SYS-02, which holds CHRI files, is administered with SSH keys only",Moderate,SSH through the MFA-protected session service,Lead Platform Engineer,2026-12-31,CJIS zero-cycle for [Priority 2]-[Priority 4] requirements ends 2027-09-30; new policy versions bind through Addendum sec. 3.01
CJ-06,FBI CJIS Security Policy v6.1 (overlay for AC-01),AC-7 a.-b.,Limit of 5 consecutive invalid logon attempts in 15 minutes; lock the account until released by an administrator,Overlay requirement (CJISSECPOL v6.1),Yes - AC-01 contract incorporates the CJIS Security Addendum (28 CFR 20.33(a)(7)),PR.AA-03,AC-7,N92-R02 (CJISSECPOL v6.1 AC-7 a.-b.),Author mapping (overlay row mapped to SP 800-53 by the author),Platform setting is 10 attempts in 30 minutes,Tenant settings export,Partially met,Weaker than the CJIS value,Low,Change the tenant setting,Lead Platform Engineer,2026-09-30,CJIS zero-cycle for [Priority 2]-[Priority 4] requirements ends 2027-09-30; new policy versions bind through Addendum sec. 3.01
CJ-07,FBI CJIS Security Policy v6.1 (overlay for AC-01),AC-11 a.-b.,"Device lock after a maximum of 30 minutes of inactivity, retained until the user re-authenticates",Overlay requirement (CJISSECPOL v6.1),Yes - AC-01 contract incorporates the CJIS Security Addendum (28 CFR 20.33(a)(7)),None,AC-11,N92-R02 (CJISSECPOL v6.1 AC-11 a.-b.),Author mapping (overlay row mapped to SP 800-53 by the author),Laptops lock after 15 minutes,MSP policy report,Met,None,Very Low,None,Operations Manager (MSP performs),,CJIS zero-cycle for [Priority 2]-[Priority 4] requirements ends 2027-09-30; new policy versions bind through Addendum sec. 3.01
CJ-08,FBI CJIS Security Policy v6.1 (overlay for AC-01),AU-11,Retain audit records for a minimum of one year or until no longer needed,Overlay requirement (CJISSECPOL v6.1),Yes - AC-01 contract incorporates the CJIS Security Addendum (28 CFR 20.33(a)(7)),PR.PS-04,AU-11,N92-R02 (CJISSECPOL v6.1 AU-11),Author mapping (overlay row mapped to SP 800-53 by the author),Platform keeps 90 days; SYS-02 keeps 14 days,Retention settings,Not met,Retention below 1 year,High,1-year write-once log archive,Lead Platform Engineer,2026-10-31,CJIS zero-cycle for [Priority 2]-[Priority 4] requirements ends 2027-09-30; new policy versions bind through Addendum sec. 3.01
CJ-09,FBI CJIS Security Policy v6.1 (overlay for AC-01),IR-6 a.-b.,"Personnel report suspected incidents immediately and not more than 1 hour after discovery; incident information goes to the CSO, SIB Chief, or Interface Agency Official and the FBI CJIS ISO",Overlay requirement (CJISSECPOL v6.1),Yes - AC-01 contract incorporates the CJIS Security Addendum (28 CFR 20.33(a)(7)),RS.MA-01; RS.CO-02,IR-6,N92-R02 (CJISSECPOL v6.1 IR-6 a.-b.),Author mapping (overlay row mapped to SP 800-53 by the author),No written rule; staff not briefed; no AC-01 contact list,Interviews,Not met,The company could not meet the 1-hour rule today,High,POL-03 4.2 and 4.4; staff briefing; P08 contact card,Operations Manager,2026-09-15,CJIS zero-cycle for [Priority 2]-[Priority 4] requirements ends 2027-09-30; new policy versions bind through Addendum sec. 3.01
CJ-10,FBI CJIS Security Policy v6.1 (overlay for AC-01),SC-13 a.-b.,Encrypt CJI in transit outside a physically secure location with FIPS 140-3 certified modules (or FIPS 197 AES with 256-bit keys); FIPS 140-2 certificates not acceptable after 2026-09-21,Overlay requirement (CJISSECPOL v6.1),Yes - AC-01 contract incorporates the CJIS Security Addendum (28 CFR 20.33(a)(7)),PR.DS-02,SC-13; SC-8,N92-R02 (CJISSECPOL v6.1 SC-13 a.-b.),Author mapping (overlay row mapped to SP 800-53 by the author),Platform endpoints FIPS 140-3 (vendor letter); SYS-02 SFTP on the default library,Vendor letter; SYS-02 crypto policy output,Partially met,SFTP pull of CJI not confirmed on a FIPS 140-3 certified module,High,FIPS mode on SYS-02 before the cutoff,Lead Platform Engineer,2026-09-18,CJIS zero-cycle for [Priority 2]-[Priority 4] requirements ends 2027-09-30; new policy versions bind through Addendum sec. 3.01
CJ-11,FBI CJIS Security Policy v6.1 (overlay for AC-01),SC-28,Protect CJI at rest outside physically secure locations with FIPS 140-3 certified modules or FIPS 197 AES with 256-bit keys; store CJI only in clouds within APB-member countries,Overlay requirement (CJISSECPOL v6.1),Yes - AC-01 contract incorporates the CJIS Security Addendum (28 CFR 20.33(a)(7)),PR.DS-01,SC-28; SC-28(1),N92-R02 (CJISSECPOL v6.1 SC-28),Author mapping (overlay row mapped to SP 800-53 by the author),Platform and IaaS in U.S. regions with provider encryption; laptops encrypted (updated 2026-08-19: P07 found 3 laptops with 128-bit keys),Vendor documentation; MSP encryption report; P07 test,Partially met,3 laptops that can cache CJI screenshots use 128-bit keys,Moderate,Re-encrypt with 256-bit keys; keep CJI off laptops,Operations Manager (MSP performs),2026-09-30,CJIS zero-cycle for [Priority 2]-[Priority 4] requirements ends 2027-09-30; new policy versions bind through Addendum sec. 3.01
CJ-12,FBI CJIS Security Policy v6.1 (overlay for AC-01),Section 1.4,"Since 2024-10-01, audits sanction pre-modernization (existing) and [Priority 1] requirements; [Priority 2]-[Priority 4] requirements are in a zero-cycle that ends 2027-09-30",Overlay requirement (CJISSECPOL v6.1),Yes - AC-01 contract incorporates the CJIS Security Addendum (28 CFR 20.33(a)(7)),None,PL-2,N92-R02 (CJISSECPOL v6.1 Section 1.4),Author mapping (overlay row mapped to SP 800-53 by the author),Informational row,CJISSECPOL v6.1 sec. 1.4,Not applicable,"None (the AC-01 contract requires the whole policy now, so every CJIS row is rated today)",Very Low,None,Operations Manager,,CJIS zero-cycle for [Priority 2]-[Priority 4] requirements ends 2027-09-30; new policy versions bind through Addendum sec. 3.01
PB-01,IRS Publication 1075 (Rev. 11-2021) (overlay for SC-01),Exhibit 7 I(2); sec. 2.C.3,"Contractor staff with FTI access meet the background investigation minimum (FBI fingerprinting, local law enforcement check, citizenship or residency check) before access; contractor keeps a list of authorized staff for the agency and the IRS",Overlay requirement (Pub. 1075 contractor terms),Yes - SC-01 subcontract carries Exhibit 7 unchanged; scope is the 2 named staff and 2 approved laptops (no company system stores FTI),GV.RR-04,PS-3; PS-6,N92-R01 (Pub. 1075 Exhibit 7 I(2); sec. 2.C.3),Author mapping (overlay row mapped to SP 800-53 by the author),Agency investigations completed for the Integration Consultant and the Lead Platform Engineer,Prime's confirmation,Partially met,The company keeps no list of its own staff authorized for FTI,Low,Authorized-staff list kept by the Operations Manager and sent to the prime yearly,Operations Manager,2026-09-30,None known (Rev. 11-2021 is the edition at irs.gov)
PB-02,IRS Publication 1075 (Rev. 11-2021) (overlay for SC-01),Exhibit 7 II(4); sec. 2.D.2.1,"Initial certification before access and annual recertification of each person's understanding of FTI safeguards, with disclosure awareness training and a signed confidentiality statement",Overlay requirement (Pub. 1075 contractor terms),Yes - SC-01 subcontract carries Exhibit 7 unchanged; scope is the 2 named staff and 2 approved laptops (no company system stores FTI),PR.AT-01,AT-2; PS-6,N92-R01 (Pub. 1075 Exhibit 7 II(4); sec. 2.D.2.1),Author mapping (overlay row mapped to SP 800-53 by the author),Integration Consultant current; Lead Platform Engineer's recertification due June 2026 not done,Agency training certificates,Partially met,One of 2 named staff overdue,Moderate,Lead Platform Engineer suspended from SC-01 on 2026-08-12 until recertified,Operations Manager,2026-09-15,None known (Rev. 11-2021 is the edition at irs.gov)
PB-03,IRS Publication 1075 (Rev. 11-2021) (overlay for SC-01),Exhibit 7 II(1)-(3); 26 CFR 301.6103(n)-1(d),"Written notice to each person of the penalties for unauthorized inspection or disclosure of FTI (IRC 7213, 7213A, 7431)",Overlay requirement (Pub. 1075 contractor terms),Yes - SC-01 subcontract carries Exhibit 7 unchanged; scope is the 2 named staff and 2 approved laptops (no company system stores FTI),GV.RR-04,PS-6; PL-4,N92-R01 (Pub. 1075 Exhibit 7 II(1)-(3); 26 CFR 301.6103(n)-1(d)),Author mapping (overlay row mapped to SP 800-53 by the author),Both named staff received the written notice at initial certification,Signed notices held by the revenue agency,Met,None,Very Low,None,Operations Manager,,None known (Rev. 11-2021 is the edition at irs.gov)
PB-04,IRS Publication 1075 (Rev. 11-2021) (overlay for SC-01),Exhibit 7 I(8)-(9); sec. 2.E.6,No work involving FTI is subcontracted without prior written IRS approval; approved subcontracts carry the Exhibit 7 terms unchanged,Overlay requirement (Pub. 1075 contractor terms),Yes - SC-01 subcontract carries Exhibit 7 unchanged; scope is the 2 named staff and 2 approved laptops (no company system stores FTI),GV.SC-05,SA-9; SR-6,N92-R01 (Pub. 1075 Exhibit 7 I(8)-(9); sec. 2.E.6),Author mapping (overlay row mapped to SP 800-53 by the author),The agency's notification to the IRS Office of Safeguards names the company; the subcontract carries Exhibit 7 unchanged; the company does not further subcontract,Subcontract; prime's confirmation of IRS approval,Met,None,Very Low,None,Operations Manager,,None known (Rev. 11-2021 is the edition at irs.gov)
PB-05,IRS Publication 1075 (Rev. 11-2021) (overlay for SC-01),Exhibit 7 I(3); sec. 1.8.2 (information spillage),"FTI is used only to perform the contract and not disclosed; FTI placed on a system not authorized for it must be removed and, unless FTI involvement is ruled out within 24 hours, reported",Overlay requirement (Pub. 1075 contractor terms),Yes - SC-01 subcontract carries Exhibit 7 unchanged; scope is the 2 named staff and 2 approved laptops (no company system stores FTI),PR.DS-01,SI-12; AC-21,N92-R01 (Pub. 1075 Exhibit 7 I(3); sec. 1.8.2 (information spillage)),Author mapping (overlay row mapped to SP 800-53 by the author),A defect log in the productivity suite held 14 taxpayer identification numbers typed in from the agency virtual desktop in May 2026 (found 2026-07-29),"Data inventory notes; call notes; purge records (2026-07-30, 2026-08-05)",Not met,FTI reached a company system; no rule prevented it,High,Spill reported 2026-07-29 and purged; no-FTI rule (POL-04 4.5); record-key-only defect template; quarterly suite scan,Operations Manager,2026-10-31,None known (Rev. 11-2021 is the edition at irs.gov)
PB-06,IRS Publication 1075 (Rev. 11-2021) (overlay for SC-01),Sec. 4 AC-20 (IRS-defined); sec. 2.B.7.1; sec. 3.3.7,Agency CISO approval is required before contractor-owned devices connect to agency systems that handle FTI; remote access from non-agency devices only through a virtual desktop meeting sec. 3.3.7,Overlay requirement (Pub. 1075 contractor terms),Yes - SC-01 subcontract carries Exhibit 7 unchanged; scope is the 2 named staff and 2 approved laptops (no company system stores FTI),ID.AM-02,AC-20; AC-17,N92-R01 (Pub. 1075 Sec. 4 AC-20 (IRS-defined); sec. 2.B.7.1; sec. 3.3.7),Author mapping (overlay row mapped to SP 800-53 by the author),Access only through the agency virtual desktop; 2 company laptops approved by the agency CISO,Agency CISO approval letter; agency connection report,Partially met,Two June 2026 connections from a laptop not on the approved list,High,Disclosed to the prime and agency 2026-08-14; spare laptop submitted for approval; connection check in the monthly meeting,Operations Manager,2026-09-30,None known (Rev. 11-2021 is the edition at irs.gov)
PB-07,IRS Publication 1075 (Rev. 11-2021) (overlay for SC-01),Sec. 2.B.7,"Alternate work sites (homes) give FTI the same safeguards as the agency, including the physical security rules of sec. 2.B.5",Overlay requirement (Pub. 1075 contractor terms),Yes - SC-01 subcontract carries Exhibit 7 unchanged; scope is the 2 named staff and 2 approved laptops (no company system stores FTI),PR.AA-06,PE-17; AC-11,N92-R01 (Pub. 1075 Sec. 2.B.7),Author mapping (overlay row mapped to SP 800-53 by the author),Both named staff connect from home,Interviews,Partially met,"No written home work rules (screen privacy, no printing, no shared use of the laptop)",Low,Home work rules in POL-02 Part C,Operations Manager,2026-10-31,None known (Rev. 11-2021 is the edition at irs.gov)
PB-08,IRS Publication 1075 (Rev. 11-2021) (overlay for SC-01),Sec. 1.8.2-1.8.4 (agency duty supported by the subcontract),"Anyone who discovers a possible improper inspection or disclosure of FTI contacts TIGTA within 24 hours, and the agency contacts TIGTA and the Office of Safeguards within 24 hours without waiting for an internal investigation; the company must tell the prime and the agency at once",Overlay requirement (Pub. 1075 contractor terms),Yes - SC-01 subcontract carries Exhibit 7 unchanged; scope is the 2 named staff and 2 approved laptops (no company system stores FTI),RS.CO-02,IR-6; IR-8,N92-R01 (Pub. 1075 Sec. 1.8.2-1.8.4 (agency duty supported by the subcontract)),Author mapping (overlay row mapped to SP 800-53 by the author),The spill was reported to the prime and the agency about 3 hours after discovery,Call notes (2026-07-29),Partially met,Done once by instinct; no written procedure or contact list,Moderate,POL-03 4.4 and the P08 notification matrix,Operations Manager,2026-08-31,None known (Rev. 11-2021 is the edition at irs.gov)
PB-09,IRS Publication 1075 (Rev. 11-2021) (overlay for SC-01),Exhibit 7 I(5)-(6),Contractor certifies that FTI is purged from all storage when the work is completed; spoilage is returned or destroyed with a written statement,Overlay requirement (Pub. 1075 contractor terms),Yes - SC-01 subcontract carries Exhibit 7 unchanged; scope is the 2 named staff and 2 approved laptops (no company system stores FTI),PR.DS-11,MP-6; SI-12,N92-R01 (Pub. 1075 Exhibit 7 I(5)-(6)),Author mapping (overlay row mapped to SP 800-53 by the author),The spill purge was recorded in writing for the agency,Purge record (2026-07-30),Partially met,No end-of-work certification process for 2027-06-30,Low,Contract-end checklist (R-023) includes an FTI purge certification,Operations Manager,2026-12-31,None known (Rev. 11-2021 is the edition at irs.gov)
PB-10,IRS Publication 1075 (Rev. 11-2021) (overlay for SC-01),Exhibit 7 III,"IRS and agency inspectors may inspect facilities and operations with 24 hours' notice, including automated scanning of IT assets that access FTI",Overlay requirement (Pub. 1075 contractor terms),Yes - SC-01 subcontract carries Exhibit 7 unchanged; scope is the 2 named staff and 2 approved laptops (no company system stores FTI),ID.IM-01,CA-2; CA-7,N92-R01 (Pub. 1075 Exhibit 7 III),Author mapping (overlay row mapped to SP 800-53 by the author),The 2 approved laptops are on the MSP asset list and can be presented,MSP asset list,Met,None,Very Low,None,Operations Manager,,None known (Rev. 11-2021 is the edition at irs.gov)
