control_id,objective_id,determination_statement_summary,method,assessment_object,evidence_ref,finding,finding_detail,risk_level,poam_id
AC-2,AC-02a.[01],account types allowed for use within the system are defined and documented;,Examine; Interview; Test,"Identity governance workflows; ERP and payment hub user exports; SYS-01 external user export; project closeout records; break-glass account log; Vice President, Project Controls and Systems interview. Population: 2,412 workforce account events in the ERP and payment hub (2026-01-01 to 2026-06-30); about 41,000 external SYS-01 accounts; 1,108 terminations of staff with PDPP access (96 at AQ-1). Sample: 60 workforce account events (random); 25 closed projects (random) for external accounts; external-account analytic (100%)",EV-AC-2,Satisfied,Sampled events matched approved requests and role templates,,
AC-2,AC-02a.[02],account types specifically prohibited for use within the system are defined and documented;,Examine; Interview; Test,"Identity governance workflows; ERP and payment hub user exports; SYS-01 external user export; project closeout records; break-glass account log; Vice President, Project Controls and Systems interview. Population: 2,412 workforce account events in the ERP and payment hub (2026-01-01 to 2026-06-30); about 41,000 external SYS-01 accounts; 1,108 terminations of staff with PDPP access (96 at AQ-1). Sample: 60 workforce account events (random); 25 closed projects (random) for external accounts; external-account analytic (100%)",EV-AC-2,Satisfied,Sampled events matched approved requests and role templates,,
AC-2,AC-02b.,account managers are assigned;,Examine; Interview; Test,"Identity governance workflows; ERP and payment hub user exports; SYS-01 external user export; project closeout records; break-glass account log; Vice President, Project Controls and Systems interview. Population: 2,412 workforce account events in the ERP and payment hub (2026-01-01 to 2026-06-30); about 41,000 external SYS-01 accounts; 1,108 terminations of staff with PDPP access (96 at AQ-1). Sample: 60 workforce account events (random); 25 closed projects (random) for external accounts; external-account analytic (100%)",EV-AC-2,Satisfied,Sampled events matched approved requests and role templates,,
AC-2,AC-02c.,[organization-defined value] for group and role membership are required;,Examine; Interview; Test,"Identity governance workflows; ERP and payment hub user exports; SYS-01 external user export; project closeout records; break-glass account log; Vice President, Project Controls and Systems interview. Population: 2,412 workforce account events in the ERP and payment hub (2026-01-01 to 2026-06-30); about 41,000 external SYS-01 accounts; 1,108 terminations of staff with PDPP access (96 at AQ-1). Sample: 60 workforce account events (random); 25 closed projects (random) for external accounts; external-account analytic (100%)",EV-AC-2,Satisfied,Sampled events matched approved requests and role templates,,
AC-2,AC-02d.01,authorized users of the system are specified;,Examine; Interview; Test,"Identity governance workflows; ERP and payment hub user exports; SYS-01 external user export; project closeout records; break-glass account log; Vice President, Project Controls and Systems interview. Population: 2,412 workforce account events in the ERP and payment hub (2026-01-01 to 2026-06-30); about 41,000 external SYS-01 accounts; 1,108 terminations of staff with PDPP access (96 at AQ-1). Sample: 60 workforce account events (random); 25 closed projects (random) for external accounts; external-account analytic (100%)",EV-AC-2,Satisfied,Sampled events matched approved requests and role templates,,
AC-2,AC-02d.02,group and role membership are specified;,Examine; Interview; Test,"Identity governance workflows; ERP and payment hub user exports; SYS-01 external user export; project closeout records; break-glass account log; Vice President, Project Controls and Systems interview. Population: 2,412 workforce account events in the ERP and payment hub (2026-01-01 to 2026-06-30); about 41,000 external SYS-01 accounts; 1,108 terminations of staff with PDPP access (96 at AQ-1). Sample: 60 workforce account events (random); 25 closed projects (random) for external accounts; external-account analytic (100%)",EV-AC-2,Satisfied,Sampled events matched approved requests and role templates,,
AC-2,AC-02d.03[01],"access authorizations (i.e., privileges) are specified for each account;",Examine; Interview; Test,"Identity governance workflows; ERP and payment hub user exports; SYS-01 external user export; project closeout records; break-glass account log; Vice President, Project Controls and Systems interview. Population: 2,412 workforce account events in the ERP and payment hub (2026-01-01 to 2026-06-30); about 41,000 external SYS-01 accounts; 1,108 terminations of staff with PDPP access (96 at AQ-1). Sample: 60 workforce account events (random); 25 closed projects (random) for external accounts; external-account analytic (100%)",EV-AC-2,Satisfied,Sampled events matched approved requests and role templates,,
AC-2,AC-02d.03[02],[organization-defined value] are specified for each account;,Examine; Interview; Test,"Identity governance workflows; ERP and payment hub user exports; SYS-01 external user export; project closeout records; break-glass account log; Vice President, Project Controls and Systems interview. Population: 2,412 workforce account events in the ERP and payment hub (2026-01-01 to 2026-06-30); about 41,000 external SYS-01 accounts; 1,108 terminations of staff with PDPP access (96 at AQ-1). Sample: 60 workforce account events (random); 25 closed projects (random) for external accounts; external-account analytic (100%)",EV-AC-2,Satisfied,Sampled events matched approved requests and role templates,,
AC-2,AC-02e.,approvals are required by [organization-defined value] for requests to create accounts;,Examine; Interview; Test,"Identity governance workflows; ERP and payment hub user exports; SYS-01 external user export; project closeout records; break-glass account log; Vice President, Project Controls and Systems interview. Population: 2,412 workforce account events in the ERP and payment hub (2026-01-01 to 2026-06-30); about 41,000 external SYS-01 accounts; 1,108 terminations of staff with PDPP access (96 at AQ-1). Sample: 60 workforce account events (random); 25 closed projects (random) for external accounts; external-account analytic (100%)",EV-AC-2,Satisfied,Sampled events matched approved requests and role templates,,
AC-2,AC-02f.[01],accounts are created in accordance with [organization-defined value];,Examine; Interview; Test,"Identity governance workflows; ERP and payment hub user exports; SYS-01 external user export; project closeout records; break-glass account log; Vice President, Project Controls and Systems interview. Population: 2,412 workforce account events in the ERP and payment hub (2026-01-01 to 2026-06-30); about 41,000 external SYS-01 accounts; 1,108 terminations of staff with PDPP access (96 at AQ-1). Sample: 60 workforce account events (random); 25 closed projects (random) for external accounts; external-account analytic (100%)",EV-AC-2,Satisfied,Sampled events matched approved requests and role templates,,
AC-2,AC-02f.[02],accounts are enabled in accordance with [organization-defined value];,Examine; Interview; Test,"Identity governance workflows; ERP and payment hub user exports; SYS-01 external user export; project closeout records; break-glass account log; Vice President, Project Controls and Systems interview. Population: 2,412 workforce account events in the ERP and payment hub (2026-01-01 to 2026-06-30); about 41,000 external SYS-01 accounts; 1,108 terminations of staff with PDPP access (96 at AQ-1). Sample: 60 workforce account events (random); 25 closed projects (random) for external accounts; external-account analytic (100%)",EV-AC-2,Satisfied,Sampled events matched approved requests and role templates,,
AC-2,AC-02f.[03],accounts are modified in accordance with [organization-defined value];,Examine; Interview; Test,"Identity governance workflows; ERP and payment hub user exports; SYS-01 external user export; project closeout records; break-glass account log; Vice President, Project Controls and Systems interview. Population: 2,412 workforce account events in the ERP and payment hub (2026-01-01 to 2026-06-30); about 41,000 external SYS-01 accounts; 1,108 terminations of staff with PDPP access (96 at AQ-1). Sample: 60 workforce account events (random); 25 closed projects (random) for external accounts; external-account analytic (100%)",EV-AC-2,Satisfied,Sampled events matched approved requests and role templates,,
AC-2,AC-02f.[04],accounts are disabled in accordance with [organization-defined value];,Examine; Interview; Test,"Identity governance workflows; ERP and payment hub user exports; SYS-01 external user export; project closeout records; break-glass account log; Vice President, Project Controls and Systems interview. Population: 2,412 workforce account events in the ERP and payment hub (2026-01-01 to 2026-06-30); about 41,000 external SYS-01 accounts; 1,108 terminations of staff with PDPP access (96 at AQ-1). Sample: 60 workforce account events (random); 25 closed projects (random) for external accounts; external-account analytic (100%)",EV-AC-2,Other than satisfied,"Data analytic: 1,140 external SYS-01 accounts on projects closed more than 90 days earlier were still active (POL-02 4.6 requires removal within 30 days of closeout)",Moderate,POAM-001
AC-2,AC-02f.[05],accounts are removed in accordance with [organization-defined value];,Examine; Interview; Test,"Identity governance workflows; ERP and payment hub user exports; SYS-01 external user export; project closeout records; break-glass account log; Vice President, Project Controls and Systems interview. Population: 2,412 workforce account events in the ERP and payment hub (2026-01-01 to 2026-06-30); about 41,000 external SYS-01 accounts; 1,108 terminations of staff with PDPP access (96 at AQ-1). Sample: 60 workforce account events (random); 25 closed projects (random) for external accounts; external-account analytic (100%)",EV-AC-2,Satisfied,Sampled events matched approved requests and role templates,,
AC-2,AC-02g.,the use of accounts is monitored;,Examine; Interview; Test,"Identity governance workflows; ERP and payment hub user exports; SYS-01 external user export; project closeout records; break-glass account log; Vice President, Project Controls and Systems interview. Population: 2,412 workforce account events in the ERP and payment hub (2026-01-01 to 2026-06-30); about 41,000 external SYS-01 accounts; 1,108 terminations of staff with PDPP access (96 at AQ-1). Sample: 60 workforce account events (random); 25 closed projects (random) for external accounts; external-account analytic (100%)",EV-AC-2,Satisfied,Sampled events matched approved requests and role templates,,
AC-2,AC-02h.01,account managers and [organization-defined value] are notified within [organization-defined value] when accounts are no longer required;,Examine; Interview; Test,"Identity governance workflows; ERP and payment hub user exports; SYS-01 external user export; project closeout records; break-glass account log; Vice President, Project Controls and Systems interview. Population: 2,412 workforce account events in the ERP and payment hub (2026-01-01 to 2026-06-30); about 41,000 external SYS-01 accounts; 1,108 terminations of staff with PDPP access (96 at AQ-1). Sample: 60 workforce account events (random); 25 closed projects (random) for external accounts; external-account analytic (100%)",EV-AC-2,Other than satisfied,Project closeout in SYS-01 does not notify account managers that external accounts are no longer required; removal depends on project teams,Moderate,POAM-001
AC-2,AC-02h.02,account managers and [organization-defined value] are notified within [organization-defined value] when users are terminated or transferred;,Examine; Interview; Test,"Identity governance workflows; ERP and payment hub user exports; SYS-01 external user export; project closeout records; break-glass account log; Vice President, Project Controls and Systems interview. Population: 2,412 workforce account events in the ERP and payment hub (2026-01-01 to 2026-06-30); about 41,000 external SYS-01 accounts; 1,108 terminations of staff with PDPP access (96 at AQ-1). Sample: 60 workforce account events (random); 25 closed projects (random) for external accounts; external-account analytic (100%)",EV-AC-2,Satisfied,Sampled events matched approved requests and role templates,,
AC-2,AC-02h.03,account managers and [organization-defined value] are notified within [organization-defined value] when system usage or the need to know changes for an individual;,Examine; Interview; Test,"Identity governance workflows; ERP and payment hub user exports; SYS-01 external user export; project closeout records; break-glass account log; Vice President, Project Controls and Systems interview. Population: 2,412 workforce account events in the ERP and payment hub (2026-01-01 to 2026-06-30); about 41,000 external SYS-01 accounts; 1,108 terminations of staff with PDPP access (96 at AQ-1). Sample: 60 workforce account events (random); 25 closed projects (random) for external accounts; external-account analytic (100%)",EV-AC-2,Satisfied,Sampled events matched approved requests and role templates,,
AC-2,AC-02i.01,access to the system is authorized based on a valid access authorization;,Examine; Interview; Test,"Identity governance workflows; ERP and payment hub user exports; SYS-01 external user export; project closeout records; break-glass account log; Vice President, Project Controls and Systems interview. Population: 2,412 workforce account events in the ERP and payment hub (2026-01-01 to 2026-06-30); about 41,000 external SYS-01 accounts; 1,108 terminations of staff with PDPP access (96 at AQ-1). Sample: 60 workforce account events (random); 25 closed projects (random) for external accounts; external-account analytic (100%)",EV-AC-2,Satisfied,Sampled events matched approved requests and role templates,,
AC-2,AC-02i.02,access to the system is authorized based on intended system usage;,Examine; Interview; Test,"Identity governance workflows; ERP and payment hub user exports; SYS-01 external user export; project closeout records; break-glass account log; Vice President, Project Controls and Systems interview. Population: 2,412 workforce account events in the ERP and payment hub (2026-01-01 to 2026-06-30); about 41,000 external SYS-01 accounts; 1,108 terminations of staff with PDPP access (96 at AQ-1). Sample: 60 workforce account events (random); 25 closed projects (random) for external accounts; external-account analytic (100%)",EV-AC-2,Satisfied,Sampled events matched approved requests and role templates,,
AC-2,AC-02i.03,access to the system is authorized based on [organization-defined value];,Examine; Interview; Test,"Identity governance workflows; ERP and payment hub user exports; SYS-01 external user export; project closeout records; break-glass account log; Vice President, Project Controls and Systems interview. Population: 2,412 workforce account events in the ERP and payment hub (2026-01-01 to 2026-06-30); about 41,000 external SYS-01 accounts; 1,108 terminations of staff with PDPP access (96 at AQ-1). Sample: 60 workforce account events (random); 25 closed projects (random) for external accounts; external-account analytic (100%)",EV-AC-2,Satisfied,Sampled events matched approved requests and role templates,,
AC-2,AC-02j.,accounts are reviewed for compliance with account management requirements [organization-defined value];,Examine; Interview; Test,"Identity governance workflows; ERP and payment hub user exports; SYS-01 external user export; project closeout records; break-glass account log; Vice President, Project Controls and Systems interview. Population: 2,412 workforce account events in the ERP and payment hub (2026-01-01 to 2026-06-30); about 41,000 external SYS-01 accounts; 1,108 terminations of staff with PDPP access (96 at AQ-1). Sample: 60 workforce account events (random); 25 closed projects (random) for external accounts; external-account analytic (100%)",EV-AC-2,Other than satisfied,The monthly external-user report was not worked on 9 of 25 sampled closed projects,Moderate,POAM-001
AC-2,AC-02k.[01],a process is established for changing shared or group account authenticators (if deployed) when individuals are removed from the group;,Examine; Interview; Test,"Identity governance workflows; ERP and payment hub user exports; SYS-01 external user export; project closeout records; break-glass account log; Vice President, Project Controls and Systems interview. Population: 2,412 workforce account events in the ERP and payment hub (2026-01-01 to 2026-06-30); about 41,000 external SYS-01 accounts; 1,108 terminations of staff with PDPP access (96 at AQ-1). Sample: 60 workforce account events (random); 25 closed projects (random) for external accounts; external-account analytic (100%)",EV-AC-2,Satisfied,Sampled events matched approved requests and role templates,,
AC-2,AC-02k.[02],a process is implemented for changing shared or group account authenticators (if deployed) when individuals are removed from the group;,Examine; Interview; Test,"Identity governance workflows; ERP and payment hub user exports; SYS-01 external user export; project closeout records; break-glass account log; Vice President, Project Controls and Systems interview. Population: 2,412 workforce account events in the ERP and payment hub (2026-01-01 to 2026-06-30); about 41,000 external SYS-01 accounts; 1,108 terminations of staff with PDPP access (96 at AQ-1). Sample: 60 workforce account events (random); 25 closed projects (random) for external accounts; external-account analytic (100%)",EV-AC-2,Satisfied,Sampled events matched approved requests and role templates,,
AC-2,AC-02l.[01],account management processes are aligned with personnel termination processes;,Examine; Interview; Test,"Identity governance workflows; ERP and payment hub user exports; SYS-01 external user export; project closeout records; break-glass account log; Vice President, Project Controls and Systems interview. Population: 2,412 workforce account events in the ERP and payment hub (2026-01-01 to 2026-06-30); about 41,000 external SYS-01 accounts; 1,108 terminations of staff with PDPP access (96 at AQ-1). Sample: 60 workforce account events (random); 25 closed projects (random) for external accounts; external-account analytic (100%)",EV-AC-2,Other than satisfied,"AQ-1 staff reach SYS-01 with local accounts outside identity governance, so their accounts are not tied to the enterprise termination process (see PS-4)",Moderate,POAM-014
AC-2,AC-02l.[02],account management processes are aligned with personnel transfer processes.,Examine; Interview; Test,"Identity governance workflows; ERP and payment hub user exports; SYS-01 external user export; project closeout records; break-glass account log; Vice President, Project Controls and Systems interview. Population: 2,412 workforce account events in the ERP and payment hub (2026-01-01 to 2026-06-30); about 41,000 external SYS-01 accounts; 1,108 terminations of staff with PDPP access (96 at AQ-1). Sample: 60 workforce account events (random); 25 closed projects (random) for external accounts; external-account analytic (100%)",EV-AC-2,Satisfied,Sampled events matched approved requests and role templates,,
AC-2(3),AC-02(03)(a),accounts are disabled within [organization-defined value] when the accounts have expired;,Examine; Test,"Identity governance inactivity job; SYS-01 last-sign-in export. Population: About 3,600 ERP accounts; about 9,200 workforce and about 41,000 external SYS-01 accounts. Sample: 100% (data analytic)",EV-AC-2(3),Satisfied,Workforce accounts inactive for 60 days were disabled automatically in all cases,,
AC-2(3),AC-02(03)(b),accounts are disabled within [organization-defined value] when the accounts are no longer associated with a user or individual;,Examine; Test,"Identity governance inactivity job; SYS-01 last-sign-in export. Population: About 3,600 ERP accounts; about 9,200 workforce and about 41,000 external SYS-01 accounts. Sample: 100% (data analytic)",EV-AC-2(3),Satisfied,Workforce accounts inactive for 60 days were disabled automatically in all cases,,
AC-2(3),AC-02(03)(c),accounts are disabled within [organization-defined value] when the accounts are in violation of organizational policy;,Examine; Test,"Identity governance inactivity job; SYS-01 last-sign-in export. Population: About 3,600 ERP accounts; about 9,200 workforce and about 41,000 external SYS-01 accounts. Sample: 100% (data analytic)",EV-AC-2(3),Satisfied,Workforce accounts inactive for 60 days were disabled automatically in all cases,,
AC-2(3),AC-02(03)(d),accounts are disabled within [organization-defined value] when the accounts have been inactive for [organization-defined value].,Examine; Test,"Identity governance inactivity job; SYS-01 last-sign-in export. Population: About 3,600 ERP accounts; about 9,200 workforce and about 41,000 external SYS-01 accounts. Sample: 100% (data analytic)",EV-AC-2(3),Other than satisfied,"SYS-01 cannot disable inactive external users automatically; 2,870 external accounts had no sign-in for more than 90 days and were still enabled",Moderate,POAM-001
AC-2(12),AC-02(12)(a),system accounts are monitored for [organization-defined value];,Examine; Test,SIEM rule catalog; test alerts; SOC tickets. Population: Behavior analytics rules for payment-role and project manager accounts. Sample: All 14 rules examined; 5 test scenarios run,EV-AC-2(12),Other than satisfied,AQ-1 accounts (email tenant and AQ-1 ERP) are not monitored for atypical usage,High,POAM-004
AC-2(12),AC-02(12)(b),atypical usage of system accounts is reported to [organization-defined value].,Examine; Test,SIEM rule catalog; test alerts; SOC tickets. Population: Behavior analytics rules for payment-role and project manager accounts. Sample: All 14 rules examined; 5 test scenarios run,EV-AC-2(12),Satisfied,Rules for the enterprise tenant fired and were triaged within the SOC target in every test,,
AC-3,AC-03,approved authorizations for logical access to information and system resources are enforced in accordance with applicable access control policies.,Examine; Test,"SYS-01 permission matrix; ERP role catalog; certified payroll folder permissions. Population: About 9,200 workforce SYS-01 users; ERP role assignments. Sample: 25 users (random) traced to project and role assignments",EV-AC-3,Satisfied,Access matched assigned projects and roles; certified payroll attachments were restricted to payroll and project accounting roles,,
AC-5,AC-05a.,[organization-defined value] are identified and documented;,Examine; Interview; Test,"ERP role catalog; SoD conflict report; payment hub approval matrix; Director of Payment Operations interview. Population: About 3,600 ERP users; 61 users with vendor master or payment release rights. Sample: 100% of users with vendor master or payment release rights (data analytic of conflicting role pairs)",EV-AC-5,Satisfied,Duties are identified and documented in the payment SoD matrix,,
AC-5,AC-05b.,system access authorizations to support separation of duties are defined.,Examine; Interview; Test,"ERP role catalog; SoD conflict report; payment hub approval matrix; Director of Payment Operations interview. Population: About 3,600 ERP users; 61 users with vendor master or payment release rights. Sample: 100% of users with vendor master or payment release rights (data analytic of conflicting role pairs)",EV-AC-5,Other than satisfied,"4 enterprise users kept emergency vendor-master rights after the 2026-03 cutover alongside payment approval rights; AQ-1 AP staff can create payees and release payments in the AQ-1 ERP, whose files the hub accepts",High,POAM-002
AC-6,AC-06,"the principle of least privilege is employed, allowing only authorized accesses for users (or processes acting on behalf of users) that are necessary to accomplish assigned organizational tasks.",Examine; Test,"PAM approvals; session records. Population: 1,512 PAM elevation sessions to ERP and payment hub servers (2026-01-01 to 2026-06-30). Sample: 25 sessions (random)",EV-AC-6,Satisfied,Each sampled elevation had an approved request and stayed within its window,,
AC-6(9),AC-06(09),the execution of privileged functions is logged.,Examine; Test,PAM session recordings; SIEM reports. Population: Same as AC-6. Sample: Same 25 sessions traced to SIEM records,EV-AC-6(9),Satisfied,Privileged functions were logged and attributable for every sampled session,,
AC-17,AC-17a.[01],usage restrictions are established and documented for each type of remote access allowed;,Examine; Test,"Zero-trust access policies; vendor support session records; external port scan. Population: 4 remote access paths to PDPP administration (zero-trust access, PAM, payment gateway vendor support, ERP vendor support). Sample: 100%",EV-AC-17,Satisfied,All paths required device checks and MFA; vendor support sessions needed approval and were recorded; no direct internet exposure found,,
AC-17,AC-17a.[02],configuration/connection requirements are established and documented for each type of remote access allowed;,Examine; Test,"Zero-trust access policies; vendor support session records; external port scan. Population: 4 remote access paths to PDPP administration (zero-trust access, PAM, payment gateway vendor support, ERP vendor support). Sample: 100%",EV-AC-17,Satisfied,All paths required device checks and MFA; vendor support sessions needed approval and were recorded; no direct internet exposure found,,
AC-17,AC-17a.[03],implementation guidance is established and documented for each type of remote access allowed;,Examine; Test,"Zero-trust access policies; vendor support session records; external port scan. Population: 4 remote access paths to PDPP administration (zero-trust access, PAM, payment gateway vendor support, ERP vendor support). Sample: 100%",EV-AC-17,Satisfied,All paths required device checks and MFA; vendor support sessions needed approval and were recorded; no direct internet exposure found,,
AC-17,AC-17b.,each type of remote access to the system is authorized prior to allowing such connections.,Examine; Test,"Zero-trust access policies; vendor support session records; external port scan. Population: 4 remote access paths to PDPP administration (zero-trust access, PAM, payment gateway vendor support, ERP vendor support). Sample: 100%",EV-AC-17,Satisfied,All paths required device checks and MFA; vendor support sessions needed approval and were recorded; no direct internet exposure found,,
AT-2,AT-02a.01[01],"security literacy training is provided to system users (including managers, senior executives, and contractors) as part of initial training for new users;",Examine,"Learning system completion report; phishing simulation metrics. Population: 12,000 workforce (about 900 at AQ-1). Sample: 60 training records (random); 6 months of phishing results",EV-AT-2,Satisfied,Training complete for all sampled staff; 2026 click rate 3.1% and report rate 64%,,
AT-2,AT-02a.01[02],"privacy literacy training is provided to system users (including managers, senior executives, and contractors) as part of initial training for new users;",Examine,"Learning system completion report; phishing simulation metrics. Population: 12,000 workforce (about 900 at AQ-1). Sample: 60 training records (random); 6 months of phishing results",EV-AT-2,Satisfied,Training complete for all sampled staff; 2026 click rate 3.1% and report rate 64%,,
AT-2,AT-02a.01[03],"security literacy training is provided to system users (including managers, senior executives, and contractors) [organization-defined value] thereafter;",Examine,"Learning system completion report; phishing simulation metrics. Population: 12,000 workforce (about 900 at AQ-1). Sample: 60 training records (random); 6 months of phishing results",EV-AT-2,Satisfied,Training complete for all sampled staff; 2026 click rate 3.1% and report rate 64%,,
AT-2,AT-02a.01[04],"privacy literacy training is provided to system users (including managers, senior executives, and contractors) [organization-defined value] thereafter;",Examine,"Learning system completion report; phishing simulation metrics. Population: 12,000 workforce (about 900 at AQ-1). Sample: 60 training records (random); 6 months of phishing results",EV-AT-2,Satisfied,Training complete for all sampled staff; 2026 click rate 3.1% and report rate 64%,,
AT-2,AT-02a.02[01],"security literacy training is provided to system users (including managers, senior executives, and contractors) when required by system changes or following [organization-defined value];",Examine,"Learning system completion report; phishing simulation metrics. Population: 12,000 workforce (about 900 at AQ-1). Sample: 60 training records (random); 6 months of phishing results",EV-AT-2,Satisfied,Training complete for all sampled staff; 2026 click rate 3.1% and report rate 64%,,
AT-2,AT-02a.02[02],"privacy literacy training is provided to system users (including managers, senior executives, and contractors) when required by system changes or following [organization-defined value];",Examine,"Learning system completion report; phishing simulation metrics. Population: 12,000 workforce (about 900 at AQ-1). Sample: 60 training records (random); 6 months of phishing results",EV-AT-2,Satisfied,Training complete for all sampled staff; 2026 click rate 3.1% and report rate 64%,,
AT-2,AT-02b.,[organization-defined value] are employed to increase the security and privacy awareness of system users;,Examine,"Learning system completion report; phishing simulation metrics. Population: 12,000 workforce (about 900 at AQ-1). Sample: 60 training records (random); 6 months of phishing results",EV-AT-2,Satisfied,Training complete for all sampled staff; 2026 click rate 3.1% and report rate 64%,,
AT-2,AT-02c.[01],literacy training and awareness content is updated [organization-defined value];,Examine,"Learning system completion report; phishing simulation metrics. Population: 12,000 workforce (about 900 at AQ-1). Sample: 60 training records (random); 6 months of phishing results",EV-AT-2,Satisfied,Training complete for all sampled staff; 2026 click rate 3.1% and report rate 64%,,
AT-2,AT-02c.[02],literacy training and awareness content is updated following [organization-defined value];,Examine,"Learning system completion report; phishing simulation metrics. Population: 12,000 workforce (about 900 at AQ-1). Sample: 60 training records (random); 6 months of phishing results",EV-AT-2,Satisfied,Training complete for all sampled staff; 2026 click rate 3.1% and report rate 64%,,
AT-2,AT-02d.,lessons learned from internal or external security incidents or breaches are incorporated into literacy training and awareness techniques.,Examine,"Learning system completion report; phishing simulation metrics. Population: 12,000 workforce (about 900 at AQ-1). Sample: 60 training records (random); 6 months of phishing results",EV-AT-2,Satisfied,Training complete for all sampled staff; 2026 click rate 3.1% and report rate 64%,,
AT-3,AT-03a.01[01],"role-based security training is provided to [organization-defined value] before authorizing access to the system, information, or performing assigned duties;",Examine; Interview,"Role-based training assignments and completions; course content; AQ-1 AP manager interview. Population: About 3,400 staff in payment-related roles (project managers, project accountants, AP, Payment Operations, Treasury). Sample: 60 role-holders (random, stratified: 50 enterprise, 10 AQ-1)",EV-AT-3,Other than satisfied,AQ-1 AP staff were given payee-change duties without the role-based payment fraud course (10 of 10 sampled AQ-1 staff untrained),Moderate,POAM-011
AT-3,AT-03a.01[02],"role-based privacy training is provided to [organization-defined value] before authorizing access to the system, information, or performing assigned duties;",Examine; Interview,"Role-based training assignments and completions; course content; AQ-1 AP manager interview. Population: About 3,400 staff in payment-related roles (project managers, project accountants, AP, Payment Operations, Treasury). Sample: 60 role-holders (random, stratified: 50 enterprise, 10 AQ-1)",EV-AT-3,Satisfied,"Content covers payment fraud, call-back rules, and lookalike domains; updated after EV-2026-04",,
AT-3,AT-03a.01[03],role-based security training is provided to [organization-defined value] [organization-defined value] thereafter;,Examine; Interview,"Role-based training assignments and completions; course content; AQ-1 AP manager interview. Population: About 3,400 staff in payment-related roles (project managers, project accountants, AP, Payment Operations, Treasury). Sample: 60 role-holders (random, stratified: 50 enterprise, 10 AQ-1)",EV-AT-3,Other than satisfied,"Annual completion among project managers was 81% against a 100% requirement (9 of the 50 sampled enterprise role-holders were overdue, all of them project managers)",Moderate,POAM-011
AT-3,AT-03a.01[04],role-based privacy training is provided to [organization-defined value] [organization-defined value] thereafter;,Examine; Interview,"Role-based training assignments and completions; course content; AQ-1 AP manager interview. Population: About 3,400 staff in payment-related roles (project managers, project accountants, AP, Payment Operations, Treasury). Sample: 60 role-holders (random, stratified: 50 enterprise, 10 AQ-1)",EV-AT-3,Satisfied,"Content covers payment fraud, call-back rules, and lookalike domains; updated after EV-2026-04",,
AT-3,AT-03a.02[01],role-based security training is provided to personnel with assigned security roles and responsibilities when required by system changes;,Examine; Interview,"Role-based training assignments and completions; course content; AQ-1 AP manager interview. Population: About 3,400 staff in payment-related roles (project managers, project accountants, AP, Payment Operations, Treasury). Sample: 60 role-holders (random, stratified: 50 enterprise, 10 AQ-1)",EV-AT-3,Satisfied,"Content covers payment fraud, call-back rules, and lookalike domains; updated after EV-2026-04",,
AT-3,AT-03a.02[02],role-based privacy training is provided to personnel with assigned security roles and responsibilities when required by system changes;,Examine; Interview,"Role-based training assignments and completions; course content; AQ-1 AP manager interview. Population: About 3,400 staff in payment-related roles (project managers, project accountants, AP, Payment Operations, Treasury). Sample: 60 role-holders (random, stratified: 50 enterprise, 10 AQ-1)",EV-AT-3,Satisfied,"Content covers payment fraud, call-back rules, and lookalike domains; updated after EV-2026-04",,
AT-3,AT-03b.[01],role-based training content is updated [organization-defined value];,Examine; Interview,"Role-based training assignments and completions; course content; AQ-1 AP manager interview. Population: About 3,400 staff in payment-related roles (project managers, project accountants, AP, Payment Operations, Treasury). Sample: 60 role-holders (random, stratified: 50 enterprise, 10 AQ-1)",EV-AT-3,Satisfied,"Content covers payment fraud, call-back rules, and lookalike domains; updated after EV-2026-04",,
AT-3,AT-03b.[02],role-based training content is updated following [organization-defined value];,Examine; Interview,"Role-based training assignments and completions; course content; AQ-1 AP manager interview. Population: About 3,400 staff in payment-related roles (project managers, project accountants, AP, Payment Operations, Treasury). Sample: 60 role-holders (random, stratified: 50 enterprise, 10 AQ-1)",EV-AT-3,Satisfied,"Content covers payment fraud, call-back rules, and lookalike domains; updated after EV-2026-04",,
AT-3,AT-03c.,lessons learned from internal or external security incidents or breaches are incorporated into role-based training.,Examine; Interview,"Role-based training assignments and completions; course content; AQ-1 AP manager interview. Population: About 3,400 staff in payment-related roles (project managers, project accountants, AP, Payment Operations, Treasury). Sample: 60 role-holders (random, stratified: 50 enterprise, 10 AQ-1)",EV-AT-3,Satisfied,"Content covers payment fraud, call-back rules, and lookalike domains; updated after EV-2026-04",,
AU-2,AU-02a.,[organization-defined value] that the system is capable of logging are identified in support of the audit logging function;,Examine; Test,"Logging standard STD-01.4; SIEM source list; SYS-01 audit settings. Population: n/a (configuration). Sample: Event types generated in test for SYS-01, ERP, and payment hub",EV-AU-2,Satisfied,"ERP, payment hub, and identity events were logged and reached the SIEM",,
AU-2,AU-02b.,the event logging function is coordinated with other organizational entities requiring audit-related information to guide and inform the selection criteria for events to be logged;,Examine; Test,"Logging standard STD-01.4; SIEM source list; SYS-01 audit settings. Population: n/a (configuration). Sample: Event types generated in test for SYS-01, ERP, and payment hub",EV-AU-2,Satisfied,"ERP, payment hub, and identity events were logged and reached the SIEM",,
AU-2,AU-02c.[01],[organization-defined value] are specified for logging within the system;,Examine; Test,"Logging standard STD-01.4; SIEM source list; SYS-01 audit settings. Population: n/a (configuration). Sample: Event types generated in test for SYS-01, ERP, and payment hub",EV-AU-2,Satisfied,"ERP, payment hub, and identity events were logged and reached the SIEM",,
AU-2,AU-02c.[02],the specified event types are logged within the system [organization-defined value];,Examine; Test,"Logging standard STD-01.4; SIEM source list; SYS-01 audit settings. Population: n/a (configuration). Sample: Event types generated in test for SYS-01, ERP, and payment hub",EV-AU-2,Other than satisfied,"SYS-01 download and permission-change events are kept by the vendor for 90 days and are not forwarded to the SIEM, so they are not available for the 1-year period in STD-01.4",Moderate,POAM-018
AU-2,AU-02d.,a rationale is provided for why the event types selected for logging are deemed to be adequate to support after-the-fact investigations of incidents;,Examine; Test,"Logging standard STD-01.4; SIEM source list; SYS-01 audit settings. Population: n/a (configuration). Sample: Event types generated in test for SYS-01, ERP, and payment hub",EV-AU-2,Satisfied,"ERP, payment hub, and identity events were logged and reached the SIEM",,
AU-2,AU-02e.,the event types selected for logging are reviewed and updated [organization-defined value].,Examine; Test,"Logging standard STD-01.4; SIEM source list; SYS-01 audit settings. Population: n/a (configuration). Sample: Event types generated in test for SYS-01, ERP, and payment hub",EV-AU-2,Satisfied,"ERP, payment hub, and identity events were logged and reached the SIEM",,
AU-6,AU-06a.,system audit records are reviewed and analyzed [organization-defined value] for indications of [organization-defined value] and the potential impact of the inappropriate or unusual activity;,Examine; Interview; Test,SOC review records; SIEM source inventory; Director of Security Operations interview. Population: 26 weeks of SOC review records; 37 log sources on the PDPP payment path. Sample: 5 weeks (random); 100% of log sources,EV-AU-6,Other than satisfied,"The AQ-1 email tenant and AQ-1 ERP send no logs to the SIEM, so payee-change requests reaching AQ-1 by email are not reviewed",High,POAM-004
AU-6,AU-06b.,findings are reported to [organization-defined value];,Examine; Interview; Test,SOC review records; SIEM source inventory; Director of Security Operations interview. Population: 26 weeks of SOC review records; 37 log sources on the PDPP payment path. Sample: 5 weeks (random); 100% of log sources,EV-AU-6,Satisfied,Findings were reported to the CISO and Treasury; review was increased after EV-2026-04,,
AU-6,AU-06c.,"the level of audit record review, analysis, and reporting within the system is adjusted when there is a change in risk based on law enforcement information, intelligence information, or other credible sources of information.",Examine; Interview; Test,SOC review records; SIEM source inventory; Director of Security Operations interview. Population: 26 weeks of SOC review records; 37 log sources on the PDPP payment path. Sample: 5 weeks (random); 100% of log sources,EV-AU-6,Satisfied,Findings were reported to the CISO and Treasury; review was increased after EV-2026-04,,
AU-9,AU-09a.,"audit information and audit logging tools are protected from unauthorized access, modification, and deletion;",Examine; Test,Log archive configuration. Population: n/a (configuration). Sample: Write-once settings inspected; deletion attempt tested,EV-AU-9,Satisfied,Logs were write-once and could not be deleted by PDPP administrators,,
AU-9,AU-09b.,"[organization-defined value] are alerted upon detection of unauthorized access, modification, or deletion of audit information.",Examine; Test,Log archive configuration. Population: n/a (configuration). Sample: Write-once settings inspected; deletion attempt tested,EV-AU-9,Satisfied,Logs were write-once and could not be deleted by PDPP administrators,,
AU-10,AU-10,irrefutable evidence is provided that an individual (or process acting on behalf of an individual) has performed [organization-defined value].,Examine; Test,"ERP change log; call-back records; payment hub approvals. Population: About 1,960 vendor master bank changes (2026-01-01 to 2026-06-30). Sample: 60 changes (random)",EV-AU-10,Other than satisfied,"Bank changes and approvals are bound to named users, but the call-back record is free text: 4 of 60 sampled changes had no attributable record of who called whom at which number",High,POAM-003
CA-7,CA-07[01],a system-level continuous monitoring strategy is developed;,Examine,Monthly continuous monitoring packages; risk committee reports. Population: 6 monthly metric packages. Sample: 3 months (random),EV-CA-7,Satisfied,"Payment exceptions, access certification, SIEM coverage, and vulnerability SLAs were reported monthly and escalated as required",,
CA-7,CA-07[02],system-level continuous monitoring is implemented in accordance with the organization-level continuous monitoring strategy;,Examine,Monthly continuous monitoring packages; risk committee reports. Population: 6 monthly metric packages. Sample: 3 months (random),EV-CA-7,Satisfied,"Payment exceptions, access certification, SIEM coverage, and vulnerability SLAs were reported monthly and escalated as required",,
CA-7,CA-07a.,system-level continuous monitoring includes establishment of the following system-level metrics to be monitored: [organization-defined value];,Examine,Monthly continuous monitoring packages; risk committee reports. Population: 6 monthly metric packages. Sample: 3 months (random),EV-CA-7,Satisfied,"Payment exceptions, access certification, SIEM coverage, and vulnerability SLAs were reported monthly and escalated as required",,
CA-7,CA-07b.[01],system-level continuous monitoring includes established [organization-defined value] for monitoring;,Examine,Monthly continuous monitoring packages; risk committee reports. Population: 6 monthly metric packages. Sample: 3 months (random),EV-CA-7,Satisfied,"Payment exceptions, access certification, SIEM coverage, and vulnerability SLAs were reported monthly and escalated as required",,
CA-7,CA-07b.[02],system-level continuous monitoring includes established [organization-defined value] for assessment of control effectiveness;,Examine,Monthly continuous monitoring packages; risk committee reports. Population: 6 monthly metric packages. Sample: 3 months (random),EV-CA-7,Satisfied,"Payment exceptions, access certification, SIEM coverage, and vulnerability SLAs were reported monthly and escalated as required",,
CA-7,CA-07c.,system-level continuous monitoring includes ongoing control assessments in accordance with the continuous monitoring strategy;,Examine,Monthly continuous monitoring packages; risk committee reports. Population: 6 monthly metric packages. Sample: 3 months (random),EV-CA-7,Satisfied,"Payment exceptions, access certification, SIEM coverage, and vulnerability SLAs were reported monthly and escalated as required",,
CA-7,CA-07d.,system-level continuous monitoring includes ongoing monitoring of system and organization-defined metrics in accordance with the continuous monitoring strategy;,Examine,Monthly continuous monitoring packages; risk committee reports. Population: 6 monthly metric packages. Sample: 3 months (random),EV-CA-7,Satisfied,"Payment exceptions, access certification, SIEM coverage, and vulnerability SLAs were reported monthly and escalated as required",,
CA-7,CA-07e.,system-level continuous monitoring includes correlation and analysis of information generated by control assessments and monitoring;,Examine,Monthly continuous monitoring packages; risk committee reports. Population: 6 monthly metric packages. Sample: 3 months (random),EV-CA-7,Satisfied,"Payment exceptions, access certification, SIEM coverage, and vulnerability SLAs were reported monthly and escalated as required",,
CA-7,CA-07f.,system-level continuous monitoring includes response actions to address the results of the analysis of control assessment and monitoring information;,Examine,Monthly continuous monitoring packages; risk committee reports. Population: 6 monthly metric packages. Sample: 3 months (random),EV-CA-7,Satisfied,"Payment exceptions, access certification, SIEM coverage, and vulnerability SLAs were reported monthly and escalated as required",,
CA-7,CA-07g.[01],system-level continuous monitoring includes reporting the security status of the system to [organization-defined value] [organization-defined value];,Examine,Monthly continuous monitoring packages; risk committee reports. Population: 6 monthly metric packages. Sample: 3 months (random),EV-CA-7,Satisfied,"Payment exceptions, access certification, SIEM coverage, and vulnerability SLAs were reported monthly and escalated as required",,
CA-7,CA-07g.[02],system-level continuous monitoring includes reporting the privacy status of the system to [organization-defined value] [organization-defined value].,Examine,Monthly continuous monitoring packages; risk committee reports. Population: 6 monthly metric packages. Sample: 3 months (random),EV-CA-7,Satisfied,"Payment exceptions, access certification, SIEM coverage, and vulnerability SLAs were reported monthly and escalated as required",,
CM-3,CM-03a.,the types of changes to the system that are configuration-controlled are determined and documented;,Examine; Interview,"Change tickets; change advisory board minutes; pipeline logs. Population: 212 integration, payment mapping, and ERP change records (2026-01-01 to 2026-06-30). Sample: 40 changes (random)",EV-CM-3,Satisfied,"Sampled standard and normal changes were reviewed, approved with security impact, implemented, and retained",,
CM-3,CM-03b.[01],proposed configuration-controlled changes to the system are reviewed;,Examine; Interview,"Change tickets; change advisory board minutes; pipeline logs. Population: 212 integration, payment mapping, and ERP change records (2026-01-01 to 2026-06-30). Sample: 40 changes (random)",EV-CM-3,Satisfied,"Sampled standard and normal changes were reviewed, approved with security impact, implemented, and retained",,
CM-3,CM-03b.[02],proposed configuration-controlled changes to the system are approved or disapproved with explicit consideration for security and privacy impact analyses;,Examine; Interview,"Change tickets; change advisory board minutes; pipeline logs. Population: 212 integration, payment mapping, and ERP change records (2026-01-01 to 2026-06-30). Sample: 40 changes (random)",EV-CM-3,Other than satisfied,3 of 40 sampled integration changes were emergency changes that were not approved afterward with a security impact review,Moderate,POAM-005
CM-3,CM-03c.,configuration change decisions associated with the system are documented;,Examine; Interview,"Change tickets; change advisory board minutes; pipeline logs. Population: 212 integration, payment mapping, and ERP change records (2026-01-01 to 2026-06-30). Sample: 40 changes (random)",EV-CM-3,Satisfied,"Sampled standard and normal changes were reviewed, approved with security impact, implemented, and retained",,
CM-3,CM-03d.,approved configuration-controlled changes to the system are implemented;,Examine; Interview,"Change tickets; change advisory board minutes; pipeline logs. Population: 212 integration, payment mapping, and ERP change records (2026-01-01 to 2026-06-30). Sample: 40 changes (random)",EV-CM-3,Satisfied,"Sampled standard and normal changes were reviewed, approved with security impact, implemented, and retained",,
CM-3,CM-03e.,records of configuration-controlled changes to the system are retained for [organization-defined value];,Examine; Interview,"Change tickets; change advisory board minutes; pipeline logs. Population: 212 integration, payment mapping, and ERP change records (2026-01-01 to 2026-06-30). Sample: 40 changes (random)",EV-CM-3,Satisfied,"Sampled standard and normal changes were reviewed, approved with security impact, implemented, and retained",,
CM-3,CM-03f.[01],activities associated with configuration-controlled changes to the system are monitored;,Examine; Interview,"Change tickets; change advisory board minutes; pipeline logs. Population: 212 integration, payment mapping, and ERP change records (2026-01-01 to 2026-06-30). Sample: 40 changes (random)",EV-CM-3,Satisfied,"Sampled standard and normal changes were reviewed, approved with security impact, implemented, and retained",,
CM-3,CM-03f.[02],activities associated with configuration-controlled changes to the system are reviewed;,Examine; Interview,"Change tickets; change advisory board minutes; pipeline logs. Population: 212 integration, payment mapping, and ERP change records (2026-01-01 to 2026-06-30). Sample: 40 changes (random)",EV-CM-3,Satisfied,"Sampled standard and normal changes were reviewed, approved with security impact, implemented, and retained",,
CM-3,CM-03g.[01],configuration change control activities are coordinated and overseen by [organization-defined value];,Examine; Interview,"Change tickets; change advisory board minutes; pipeline logs. Population: 212 integration, payment mapping, and ERP change records (2026-01-01 to 2026-06-30). Sample: 40 changes (random)",EV-CM-3,Satisfied,"Sampled standard and normal changes were reviewed, approved with security impact, implemented, and retained",,
CM-3,CM-03g.[02],the configuration control element convenes [organization-defined value].,Examine; Interview,"Change tickets; change advisory board minutes; pipeline logs. Population: 212 integration, payment mapping, and ERP change records (2026-01-01 to 2026-06-30). Sample: 40 changes (random)",EV-CM-3,Satisfied,"Sampled standard and normal changes were reviewed, approved with security impact, implemented, and retained",,
CM-6,CM-06a.,configuration settings that reflect the most restrictive mode consistent with operational requirements are established and documented for components employed within the system using [organization-defined value];,Examine; Test,"Configuration compliance report; benchmark scans. Population: 24 PDPP components (ERP servers, integration services, gateway cluster). Sample: 100%",EV-CM-6,Satisfied,Settings matched the enterprise hardening standard; SYS-01 sharing defaults restricted to project members,,
CM-6,CM-06b.,the configuration settings documented in CM-06a are implemented;,Examine; Test,"Configuration compliance report; benchmark scans. Population: 24 PDPP components (ERP servers, integration services, gateway cluster). Sample: 100%",EV-CM-6,Satisfied,Settings matched the enterprise hardening standard; SYS-01 sharing defaults restricted to project members,,
CM-6,CM-06c.[01],any deviations from established configuration settings for [organization-defined value] are identified and documented based on [organization-defined value];,Examine; Test,"Configuration compliance report; benchmark scans. Population: 24 PDPP components (ERP servers, integration services, gateway cluster). Sample: 100%",EV-CM-6,Satisfied,Settings matched the enterprise hardening standard; SYS-01 sharing defaults restricted to project members,,
CM-6,CM-06c.[02],any deviations from established configuration settings for [organization-defined value] are approved;,Examine; Test,"Configuration compliance report; benchmark scans. Population: 24 PDPP components (ERP servers, integration services, gateway cluster). Sample: 100%",EV-CM-6,Satisfied,Settings matched the enterprise hardening standard; SYS-01 sharing defaults restricted to project members,,
CM-6,CM-06d.[01],changes to the configuration settings are monitored in accordance with organizational policies and procedures;,Examine; Test,"Configuration compliance report; benchmark scans. Population: 24 PDPP components (ERP servers, integration services, gateway cluster). Sample: 100%",EV-CM-6,Satisfied,Settings matched the enterprise hardening standard; SYS-01 sharing defaults restricted to project members,,
CM-6,CM-06d.[02],changes to the configuration settings are controlled in accordance with organizational policies and procedures.,Examine; Test,"Configuration compliance report; benchmark scans. Population: 24 PDPP components (ERP servers, integration services, gateway cluster). Sample: 100%",EV-CM-6,Satisfied,Settings matched the enterprise hardening standard; SYS-01 sharing defaults restricted to project members,,
CM-8,CM-08a.01,an inventory of system components that accurately reflects the system is developed and documented;,Examine; Test,"CMDB; device management export; jobsite walkthroughs. Population: About 3,200 rugged jobsite tablets that reach SYS-01; 24 PDPP server components. Sample: 60 tablets (random, 6 jobsites) traced to device management; 100% of servers",EV-CM-8,Satisfied,Server components were complete and correctly attributed,,
CM-8,CM-08a.02,an inventory of system components that includes all components within the system is developed and documented;,Examine; Test,"CMDB; device management export; jobsite walkthroughs. Population: About 3,200 rugged jobsite tablets that reach SYS-01; 24 PDPP server components. Sample: 60 tablets (random, 6 jobsites) traced to device management; 100% of servers",EV-CM-8,Other than satisfied,About 18% of rugged jobsite tablets (about 580) are not enrolled in device management; 11 of 60 sampled tablets were missing from the inventory,Low,POAM-013
CM-8,CM-08a.03,an inventory of system components that does not include duplicate accounting of components or components assigned to any other system is developed and documented;,Examine; Test,"CMDB; device management export; jobsite walkthroughs. Population: About 3,200 rugged jobsite tablets that reach SYS-01; 24 PDPP server components. Sample: 60 tablets (random, 6 jobsites) traced to device management; 100% of servers",EV-CM-8,Satisfied,Server components were complete and correctly attributed,,
CM-8,CM-08a.04,an inventory of system components that is at the level of granularity deemed necessary for tracking and reporting is developed and documented;,Examine; Test,"CMDB; device management export; jobsite walkthroughs. Population: About 3,200 rugged jobsite tablets that reach SYS-01; 24 PDPP server components. Sample: 60 tablets (random, 6 jobsites) traced to device management; 100% of servers",EV-CM-8,Satisfied,Server components were complete and correctly attributed,,
CM-8,CM-08a.05,an inventory of system components that includes [organization-defined value] is developed and documented;,Examine; Test,"CMDB; device management export; jobsite walkthroughs. Population: About 3,200 rugged jobsite tablets that reach SYS-01; 24 PDPP server components. Sample: 60 tablets (random, 6 jobsites) traced to device management; 100% of servers",EV-CM-8,Satisfied,Server components were complete and correctly attributed,,
CM-8,CM-08b.,the system component inventory is reviewed and updated [organization-defined value].,Examine; Test,"CMDB; device management export; jobsite walkthroughs. Population: About 3,200 rugged jobsite tablets that reach SYS-01; 24 PDPP server components. Sample: 60 tablets (random, 6 jobsites) traced to device management; 100% of servers",EV-CM-8,Satisfied,Server components were complete and correctly attributed,,
CP-2,CP-02a.01,a contingency plan for the system is developed that identifies essential mission and business functions and associated contingency requirements;,Examine; Interview,PDPP contingency plan v3; BIA (P05); recovery roster. Population: n/a (plan). Sample: Contingency plan v3 examined; 4 interviews,EV-CP-2,Satisfied,"Plan v3 has BIA-based objectives, roles, alternate procedures, and review records",,
CP-2,CP-02a.02[01],a contingency plan for the system is developed that provides recovery objectives;,Examine; Interview,PDPP contingency plan v3; BIA (P05); recovery roster. Population: n/a (plan). Sample: Contingency plan v3 examined; 4 interviews,EV-CP-2,Satisfied,"Plan v3 has BIA-based objectives, roles, alternate procedures, and review records",,
CP-2,CP-02a.02[02],a contingency plan for the system is developed that provides restoration priorities;,Examine; Interview,PDPP contingency plan v3; BIA (P05); recovery roster. Population: n/a (plan). Sample: Contingency plan v3 examined; 4 interviews,EV-CP-2,Satisfied,"Plan v3 has BIA-based objectives, roles, alternate procedures, and review records",,
CP-2,CP-02a.02[03],a contingency plan for the system is developed that provides metrics;,Examine; Interview,PDPP contingency plan v3; BIA (P05); recovery roster. Population: n/a (plan). Sample: Contingency plan v3 examined; 4 interviews,EV-CP-2,Satisfied,"Plan v3 has BIA-based objectives, roles, alternate procedures, and review records",,
CP-2,CP-02a.03[01],a contingency plan for the system is developed that addresses contingency roles;,Examine; Interview,PDPP contingency plan v3; BIA (P05); recovery roster. Population: n/a (plan). Sample: Contingency plan v3 examined; 4 interviews,EV-CP-2,Satisfied,"Plan v3 has BIA-based objectives, roles, alternate procedures, and review records",,
CP-2,CP-02a.03[02],a contingency plan for the system is developed that addresses contingency responsibilities;,Examine; Interview,PDPP contingency plan v3; BIA (P05); recovery roster. Population: n/a (plan). Sample: Contingency plan v3 examined; 4 interviews,EV-CP-2,Satisfied,"Plan v3 has BIA-based objectives, roles, alternate procedures, and review records",,
CP-2,CP-02a.03[03],a contingency plan for the system is developed that addresses assigned individuals with contact information;,Examine; Interview,PDPP contingency plan v3; BIA (P05); recovery roster. Population: n/a (plan). Sample: Contingency plan v3 examined; 4 interviews,EV-CP-2,Satisfied,"Plan v3 has BIA-based objectives, roles, alternate procedures, and review records",,
CP-2,CP-02a.04,"a contingency plan for the system is developed that addresses maintaining essential mission and business functions despite a system disruption, compromise, or failure;",Examine; Interview,PDPP contingency plan v3; BIA (P05); recovery roster. Population: n/a (plan). Sample: Contingency plan v3 examined; 4 interviews,EV-CP-2,Satisfied,"Plan v3 has BIA-based objectives, roles, alternate procedures, and review records",,
CP-2,CP-02a.05,"a contingency plan for the system is developed that addresses eventual, full-system restoration without deterioration of the controls originally planned and implemented;",Examine; Interview,PDPP contingency plan v3; BIA (P05); recovery roster. Population: n/a (plan). Sample: Contingency plan v3 examined; 4 interviews,EV-CP-2,Satisfied,"Plan v3 has BIA-based objectives, roles, alternate procedures, and review records",,
CP-2,CP-02a.06,a contingency plan for the system is developed that addresses the sharing of contingency information;,Examine; Interview,PDPP contingency plan v3; BIA (P05); recovery roster. Population: n/a (plan). Sample: Contingency plan v3 examined; 4 interviews,EV-CP-2,Satisfied,"Plan v3 has BIA-based objectives, roles, alternate procedures, and review records",,
CP-2,CP-02a.07[01],a contingency plan for the system is developed that is reviewed by [organization-defined value];,Examine; Interview,PDPP contingency plan v3; BIA (P05); recovery roster. Population: n/a (plan). Sample: Contingency plan v3 examined; 4 interviews,EV-CP-2,Satisfied,"Plan v3 has BIA-based objectives, roles, alternate procedures, and review records",,
CP-2,CP-02a.07[02],a contingency plan for the system is developed that is approved by [organization-defined value];,Examine; Interview,PDPP contingency plan v3; BIA (P05); recovery roster. Population: n/a (plan). Sample: Contingency plan v3 examined; 4 interviews,EV-CP-2,Satisfied,"Plan v3 has BIA-based objectives, roles, alternate procedures, and review records",,
CP-2,CP-02b.[01],copies of the contingency plan are distributed to [organization-defined value];,Examine; Interview,PDPP contingency plan v3; BIA (P05); recovery roster. Population: n/a (plan). Sample: Contingency plan v3 examined; 4 interviews,EV-CP-2,Satisfied,"Plan v3 has BIA-based objectives, roles, alternate procedures, and review records",,
CP-2,CP-02b.[02],copies of the contingency plan are distributed to [organization-defined value];,Examine; Interview,PDPP contingency plan v3; BIA (P05); recovery roster. Population: n/a (plan). Sample: Contingency plan v3 examined; 4 interviews,EV-CP-2,Satisfied,"Plan v3 has BIA-based objectives, roles, alternate procedures, and review records",,
CP-2,CP-02c.,contingency planning activities are coordinated with incident handling activities;,Examine; Interview,PDPP contingency plan v3; BIA (P05); recovery roster. Population: n/a (plan). Sample: Contingency plan v3 examined; 4 interviews,EV-CP-2,Satisfied,"Plan v3 has BIA-based objectives, roles, alternate procedures, and review records",,
CP-2,CP-02d.,the contingency plan for the system is reviewed [organization-defined value];,Examine; Interview,PDPP contingency plan v3; BIA (P05); recovery roster. Population: n/a (plan). Sample: Contingency plan v3 examined; 4 interviews,EV-CP-2,Satisfied,"Plan v3 has BIA-based objectives, roles, alternate procedures, and review records",,
CP-2,CP-02e.[01],"the contingency plan is updated to address changes to the organization, system, or environment of operation;",Examine; Interview,PDPP contingency plan v3; BIA (P05); recovery roster. Population: n/a (plan). Sample: Contingency plan v3 examined; 4 interviews,EV-CP-2,Satisfied,"Plan v3 has BIA-based objectives, roles, alternate procedures, and review records",,
CP-2,CP-02e.[02],"the contingency plan is updated to address problems encountered during contingency plan implementation, execution, or testing;",Examine; Interview,PDPP contingency plan v3; BIA (P05); recovery roster. Population: n/a (plan). Sample: Contingency plan v3 examined; 4 interviews,EV-CP-2,Satisfied,"Plan v3 has BIA-based objectives, roles, alternate procedures, and review records",,
CP-2,CP-02f.[01],contingency plan changes are communicated to [organization-defined value];,Examine; Interview,PDPP contingency plan v3; BIA (P05); recovery roster. Population: n/a (plan). Sample: Contingency plan v3 examined; 4 interviews,EV-CP-2,Satisfied,"Plan v3 has BIA-based objectives, roles, alternate procedures, and review records",,
CP-2,CP-02f.[02],contingency plan changes are communicated to [organization-defined value];,Examine; Interview,PDPP contingency plan v3; BIA (P05); recovery roster. Population: n/a (plan). Sample: Contingency plan v3 examined; 4 interviews,EV-CP-2,Satisfied,"Plan v3 has BIA-based objectives, roles, alternate procedures, and review records",,
CP-2,CP-02g.[01],lessons learned from contingency plan testing or actual contingency activities are incorporated into contingency testing;,Examine; Interview,PDPP contingency plan v3; BIA (P05); recovery roster. Population: n/a (plan). Sample: Contingency plan v3 examined; 4 interviews,EV-CP-2,Satisfied,"Plan v3 has BIA-based objectives, roles, alternate procedures, and review records",,
CP-2,CP-02g.[02],lessons learned from contingency plan training or actual contingency activities are incorporated into contingency testing and training;,Examine; Interview,PDPP contingency plan v3; BIA (P05); recovery roster. Population: n/a (plan). Sample: Contingency plan v3 examined; 4 interviews,EV-CP-2,Satisfied,"Plan v3 has BIA-based objectives, roles, alternate procedures, and review records",,
CP-2,CP-02h.[01],the contingency plan is protected from unauthorized disclosure;,Examine; Interview,PDPP contingency plan v3; BIA (P05); recovery roster. Population: n/a (plan). Sample: Contingency plan v3 examined; 4 interviews,EV-CP-2,Satisfied,"Plan v3 has BIA-based objectives, roles, alternate procedures, and review records",,
CP-2,CP-02h.[02],the contingency plan is protected from unauthorized modification.,Examine; Interview,PDPP contingency plan v3; BIA (P05); recovery roster. Population: n/a (plan). Sample: Contingency plan v3 examined; 4 interviews,EV-CP-2,Satisfied,"Plan v3 has BIA-based objectives, roles, alternate procedures, and review records",,
CP-4,CP-04a.[01],the contingency plan for the system is tested [organization-defined value];,Examine,DR test report; corrective action log. Population: 1 annual tier-1 DR test (2026-05-09). Sample: 100%,EV-CP-4,Other than satisfied,"The SYS-01 nightly export has never been restored into a usable read-only copy, so the plan is not tested for the field execution workload",Moderate,POAM-008
CP-4,CP-04a.[02],[organization-defined value] are used to determine the effectiveness of the plan;,Examine,DR test report; corrective action log. Population: 1 annual tier-1 DR test (2026-05-09). Sample: 100%,EV-CP-4,Satisfied,ERP and payment hub recovery were tested and results reviewed,,
CP-4,CP-04a.[03],[organization-defined value] are used to determine the readiness to execute the plan;,Examine,DR test report; corrective action log. Population: 1 annual tier-1 DR test (2026-05-09). Sample: 100%,EV-CP-4,Satisfied,ERP and payment hub recovery were tested and results reviewed,,
CP-4,CP-04b.,the contingency plan test results are reviewed;,Examine,DR test report; corrective action log. Population: 1 annual tier-1 DR test (2026-05-09). Sample: 100%,EV-CP-4,Satisfied,ERP and payment hub recovery were tested and results reviewed,,
CP-4,CP-04c.,"corrective actions are initiated, if needed.",Examine,DR test report; corrective action log. Population: 1 annual tier-1 DR test (2026-05-09). Sample: 100%,EV-CP-4,Satisfied,ERP and payment hub recovery were tested and results reviewed,,
CP-9,CP-09a.,backups of user-level information contained in [organization-defined value] are conducted [organization-defined value];,Examine; Test,Backup job reports; immutability settings; restore observation. Population: 181 daily ERP backup jobs. Sample: 25 jobs (random); 1 restore observed,EV-CP-9,Satisfied,"Backups completed, were immutable, and a restore was observed",,
CP-9,CP-09b.,backups of system-level information contained in the system are conducted [organization-defined value];,Examine; Test,Backup job reports; immutability settings; restore observation. Population: 181 daily ERP backup jobs. Sample: 25 jobs (random); 1 restore observed,EV-CP-9,Satisfied,"Backups completed, were immutable, and a restore was observed",,
CP-9,CP-09c.,"backups of system documentation, including security- and privacy-related documentation are conducted [organization-defined value];",Examine; Test,Backup job reports; immutability settings; restore observation. Population: 181 daily ERP backup jobs. Sample: 25 jobs (random); 1 restore observed,EV-CP-9,Satisfied,"Backups completed, were immutable, and a restore was observed",,
CP-9,CP-09d.[01],the confidentiality of backup information is protected;,Examine; Test,Backup job reports; immutability settings; restore observation. Population: 181 daily ERP backup jobs. Sample: 25 jobs (random); 1 restore observed,EV-CP-9,Satisfied,"Backups completed, were immutable, and a restore was observed",,
CP-9,CP-09d.[02],the integrity of backup information is protected;,Examine; Test,Backup job reports; immutability settings; restore observation. Population: 181 daily ERP backup jobs. Sample: 25 jobs (random); 1 restore observed,EV-CP-9,Satisfied,"Backups completed, were immutable, and a restore was observed",,
CP-9,CP-09d.[03],the availability of backup information is protected.,Examine; Test,Backup job reports; immutability settings; restore observation. Population: 181 daily ERP backup jobs. Sample: 25 jobs (random); 1 restore observed,EV-CP-9,Satisfied,"Backups completed, were immutable, and a restore was observed",,
CP-10,CP-10[01],"the recovery of the system to a known state is provided within [organization-defined value] after a disruption, compromise, or failure;",Examine; Interview,DR test report; vendor contract. Population: 1 DR test. Sample: 100%,EV-CP-10,Other than satisfied,SYS-01 recovery depends on the vendor contract RTO of 24 hours against the BIA RTO of 8 hours for field execution (P05 BP-01),Moderate,POAM-008
CP-10,CP-10[02],"a reconstitution of the system to a known state is provided within [organization-defined value] after a disruption, compromise, or failure.",Examine; Interview,DR test report; vendor contract. Population: 1 DR test. Sample: 100%,EV-CP-10,Satisfied,ERP reconstitution met its 24-hour RTO (19 hours),,
IA-2,IA-02[01],organizational users are uniquely identified and authenticated;,Examine; Test,"SSO configuration; sign-in logs. Population: About 3,600 ERP and 9,200 workforce SYS-01 accounts. Sample: 25 sign-ins (random)",EV-IA-2,Satisfied,Unique identifiers and SSO for every sampled sign-in,,
IA-2,IA-02[02],the unique identification of authenticated organizational users is associated with processes acting on behalf of those users.,Examine; Test,"SSO configuration; sign-in logs. Population: About 3,600 ERP and 9,200 workforce SYS-01 accounts. Sample: 25 sign-ins (random)",EV-IA-2,Satisfied,Unique identifiers and SSO for every sampled sign-in,,
IA-2(1),IA-02(01),multi-factor authentication is implemented for access to privileged accounts.,Examine; Test,PAM authentication policy; account export. Population: 38 privileged PDPP accounts. Sample: 100%,EV-IA-2(1),Satisfied,All privileged accounts used FIDO2 security keys,,
IA-2(2),IA-02(02),multi-factor authentication for access to non-privileged accounts is implemented.,Examine; Test,"Conditional access policies; authentication method report. Population: About 12,000 non-privileged workforce accounts. Sample: 100% (conditional access analytic)",EV-IA-2(2),Satisfied,"MFA is enforced for every non-privileged account. Observation: about 2,900 project management staff use number-matching push, which meets this statement but not the phishing-resistant requirement in STD-02.2 (POAM-017)",,
IA-5,IA-05a.,"system authenticators are managed through the verification of the identity of the individual, group, role, service, or device receiving the authenticator as part of the initial authenticator distribution;",Examine; Test,"PAM vault report; secret rotation report; console login tests with the vendor present. Population: PDPP authenticators: 38 administrator accounts, 46 service account secrets, 6 appliance management consoles. Sample: 100%",EV-IA-5,Satisfied,"Password rules, vaulting, and rotation were in place",,
IA-5,IA-05b.,system authenticators are managed through the establishment of initial authenticator content for any authenticators issued by the organization;,Examine; Test,"PAM vault report; secret rotation report; console login tests with the vendor present. Population: PDPP authenticators: 38 administrator accounts, 46 service account secrets, 6 appliance management consoles. Sample: 100%",EV-IA-5,Satisfied,"Password rules, vaulting, and rotation were in place",,
IA-5,IA-05c.,system authenticators are managed to ensure that authenticators have sufficient strength of mechanism for their intended use;,Examine; Test,"PAM vault report; secret rotation report; console login tests with the vendor present. Population: PDPP authenticators: 38 administrator accounts, 46 service account secrets, 6 appliance management consoles. Sample: 100%",EV-IA-5,Satisfied,"Password rules, vaulting, and rotation were in place",,
IA-5,IA-05d.,"system authenticators are managed through the establishment and implementation of administrative procedures for initial authenticator distribution; lost, compromised, or damaged authenticators; and the revocation of authenticators;",Examine; Test,"PAM vault report; secret rotation report; console login tests with the vendor present. Population: PDPP authenticators: 38 administrator accounts, 46 service account secrets, 6 appliance management consoles. Sample: 100%",EV-IA-5,Satisfied,"Password rules, vaulting, and rotation were in place",,
IA-5,IA-05e.,system authenticators are managed through the change of default authenticators prior to first use;,Examine; Test,"PAM vault report; secret rotation report; console login tests with the vendor present. Population: PDPP authenticators: 38 administrator accounts, 46 service account secrets, 6 appliance management consoles. Sample: 100%",EV-IA-5,Other than satisfied,"The payment file transfer gateway management console still had the vendor default password (found 2026-08-12, changed 2026-08-13); the build checklist did not include the console",Moderate,POAM-007
IA-5,IA-05f.,system authenticators are managed through the change or refreshment of authenticators [organization-defined value] or when [organization-defined value] occur;,Examine; Test,"PAM vault report; secret rotation report; console login tests with the vendor present. Population: PDPP authenticators: 38 administrator accounts, 46 service account secrets, 6 appliance management consoles. Sample: 100%",EV-IA-5,Satisfied,"Password rules, vaulting, and rotation were in place",,
IA-5,IA-05g.,system authenticators are managed through the protection of authenticator content from unauthorized disclosure and modification;,Examine; Test,"PAM vault report; secret rotation report; console login tests with the vendor present. Population: PDPP authenticators: 38 administrator accounts, 46 service account secrets, 6 appliance management consoles. Sample: 100%",EV-IA-5,Satisfied,"Password rules, vaulting, and rotation were in place",,
IA-5,IA-05h.[01],system authenticators are managed through the requirement for individuals to take specific controls to protect authenticators;,Examine; Test,"PAM vault report; secret rotation report; console login tests with the vendor present. Population: PDPP authenticators: 38 administrator accounts, 46 service account secrets, 6 appliance management consoles. Sample: 100%",EV-IA-5,Satisfied,"Password rules, vaulting, and rotation were in place",,
IA-5,IA-05h.[02],system authenticators are managed through the requirement for devices to implement specific controls to protect authenticators;,Examine; Test,"PAM vault report; secret rotation report; console login tests with the vendor present. Population: PDPP authenticators: 38 administrator accounts, 46 service account secrets, 6 appliance management consoles. Sample: 100%",EV-IA-5,Satisfied,"Password rules, vaulting, and rotation were in place",,
IA-5,IA-05i.,system authenticators are managed through the change of authenticators for group or role accounts when membership to those accounts changes.,Examine; Test,"PAM vault report; secret rotation report; console login tests with the vendor present. Population: PDPP authenticators: 38 administrator accounts, 46 service account secrets, 6 appliance management consoles. Sample: 100%",EV-IA-5,Satisfied,"Password rules, vaulting, and rotation were in place",,
IA-12,IA-12a.,users who require accounts for logical access to systems based on appropriate identity assurance level requirements as specified in applicable standards and guidelines are identity proofed;,Examine,Payee onboarding checklist; validation service results. Population: About 640 new payees activated (2026-01-01 to 2026-06-30). Sample: 60 payees (random),EV-IA-12,Satisfied,"Every sampled enterprise payee had tax ID, registration, and bank ownership checks before activation",,
IA-12,IA-12b.,user identities are resolved to a unique individual;,Examine,Payee onboarding checklist; validation service results. Population: About 640 new payees activated (2026-01-01 to 2026-06-30). Sample: 60 payees (random),EV-IA-12,Satisfied,"Every sampled enterprise payee had tax ID, registration, and bank ownership checks before activation",,
IA-12,IA-12c.[01],identity evidence is collected;,Examine,Payee onboarding checklist; validation service results. Population: About 640 new payees activated (2026-01-01 to 2026-06-30). Sample: 60 payees (random),EV-IA-12,Satisfied,"Every sampled enterprise payee had tax ID, registration, and bank ownership checks before activation",,
IA-12,IA-12c.[02],identity evidence is validated;,Examine,Payee onboarding checklist; validation service results. Population: About 640 new payees activated (2026-01-01 to 2026-06-30). Sample: 60 payees (random),EV-IA-12,Satisfied,"Every sampled enterprise payee had tax ID, registration, and bank ownership checks before activation",,
IA-12,IA-12c.[03],identity evidence is verified.,Examine,Payee onboarding checklist; validation service results. Population: About 640 new payees activated (2026-01-01 to 2026-06-30). Sample: 60 payees (random),EV-IA-12,Satisfied,"Every sampled enterprise payee had tax ID, registration, and bank ownership checks before activation",,
IR-3,IR-03,the effectiveness of the incident response capability for the system is tested [organization-defined value] using [organization-defined value].,Examine,Tabletop report and after-action items. Population: 1 annual tabletop (2026-02-24). Sample: 100%,EV-IR-3,Satisfied,The BEC runbook was exercised and actions tracked,,
IR-4,IR-04a.[01],an incident handling capability for incidents is implemented that is consistent with the incident response plan;,Examine; Interview,"SOC case records; EV-2026-04 and EV-2026-06 timelines; AQ-1 finance interview. Population: 184 security incidents (11 payment fraud attempts, 2 at AQ-1). Sample: 25 incidents (random) plus all 11 payment fraud cases",EV-IR-4,Satisfied,Enterprise cases followed the runbook phases and lessons were recorded,,
IR-4,IR-04a.[02],the incident handling capability for incidents includes preparation;,Examine; Interview,"SOC case records; EV-2026-04 and EV-2026-06 timelines; AQ-1 finance interview. Population: 184 security incidents (11 payment fraud attempts, 2 at AQ-1). Sample: 25 incidents (random) plus all 11 payment fraud cases",EV-IR-4,Satisfied,Enterprise cases followed the runbook phases and lessons were recorded,,
IR-4,IR-04a.[03],the incident handling capability for incidents includes detection and analysis;,Examine; Interview,"SOC case records; EV-2026-04 and EV-2026-06 timelines; AQ-1 finance interview. Population: 184 security incidents (11 payment fraud attempts, 2 at AQ-1). Sample: 25 incidents (random) plus all 11 payment fraud cases",EV-IR-4,Satisfied,Enterprise cases followed the runbook phases and lessons were recorded,,
IR-4,IR-04a.[04],the incident handling capability for incidents includes containment;,Examine; Interview,"SOC case records; EV-2026-04 and EV-2026-06 timelines; AQ-1 finance interview. Population: 184 security incidents (11 payment fraud attempts, 2 at AQ-1). Sample: 25 incidents (random) plus all 11 payment fraud cases",EV-IR-4,Satisfied,Enterprise cases followed the runbook phases and lessons were recorded,,
IR-4,IR-04a.[05],the incident handling capability for incidents includes eradication;,Examine; Interview,"SOC case records; EV-2026-04 and EV-2026-06 timelines; AQ-1 finance interview. Population: 184 security incidents (11 payment fraud attempts, 2 at AQ-1). Sample: 25 incidents (random) plus all 11 payment fraud cases",EV-IR-4,Satisfied,Enterprise cases followed the runbook phases and lessons were recorded,,
IR-4,IR-04a.[06],the incident handling capability for incidents includes recovery;,Examine; Interview,"SOC case records; EV-2026-04 and EV-2026-06 timelines; AQ-1 finance interview. Population: 184 security incidents (11 payment fraud attempts, 2 at AQ-1). Sample: 25 incidents (random) plus all 11 payment fraud cases",EV-IR-4,Satisfied,Enterprise cases followed the runbook phases and lessons were recorded,,
IR-4,IR-04b.,incident handling activities are coordinated with contingency planning activities;,Examine; Interview,"SOC case records; EV-2026-04 and EV-2026-06 timelines; AQ-1 finance interview. Population: 184 security incidents (11 payment fraud attempts, 2 at AQ-1). Sample: 25 incidents (random) plus all 11 payment fraud cases",EV-IR-4,Satisfied,Enterprise cases followed the runbook phases and lessons were recorded,,
IR-4,IR-04c.[01],"lessons learned from ongoing incident handling activities are incorporated into incident response procedures, training, and testing;",Examine; Interview,"SOC case records; EV-2026-04 and EV-2026-06 timelines; AQ-1 finance interview. Population: 184 security incidents (11 payment fraud attempts, 2 at AQ-1). Sample: 25 incidents (random) plus all 11 payment fraud cases",EV-IR-4,Satisfied,Enterprise cases followed the runbook phases and lessons were recorded,,
IR-4,IR-04c.[02],the changes resulting from the incorporated lessons learned are implemented accordingly;,Examine; Interview,"SOC case records; EV-2026-04 and EV-2026-06 timelines; AQ-1 finance interview. Population: 184 security incidents (11 payment fraud attempts, 2 at AQ-1). Sample: 25 incidents (random) plus all 11 payment fraud cases",EV-IR-4,Satisfied,Enterprise cases followed the runbook phases and lessons were recorded,,
IR-4,IR-04d.[01],the rigor of incident handling activities is comparable and predictable across the organization;,Examine; Interview,"SOC case records; EV-2026-04 and EV-2026-06 timelines; AQ-1 finance interview. Population: 184 security incidents (11 payment fraud attempts, 2 at AQ-1). Sample: 25 incidents (random) plus all 11 payment fraud cases",EV-IR-4,Other than satisfied,"EV-2026-04 was handled by AQ-1 finance for 6 days before reaching the SOC, without the runbook steps (no 1-hour recall request, no evidence export)",Moderate,POAM-010
IR-4,IR-04d.[02],the intensity of incident handling activities is comparable and predictable across the organization;,Examine; Interview,"SOC case records; EV-2026-04 and EV-2026-06 timelines; AQ-1 finance interview. Population: 184 security incidents (11 payment fraud attempts, 2 at AQ-1). Sample: 25 incidents (random) plus all 11 payment fraud cases",EV-IR-4,Satisfied,Enterprise cases followed the runbook phases and lessons were recorded,,
IR-4,IR-04d.[03],the scope of incident handling activities is comparable and predictable across the organization;,Examine; Interview,"SOC case records; EV-2026-04 and EV-2026-06 timelines; AQ-1 finance interview. Population: 184 security incidents (11 payment fraud attempts, 2 at AQ-1). Sample: 25 incidents (random) plus all 11 payment fraud cases",EV-IR-4,Other than satisfied,Incident scope and handling at AQ-1 are not comparable with the enterprise: AQ-1 has no SOC reporting path for payment fraud attempts,Moderate,POAM-010
IR-4,IR-04d.[04],the results of incident handling activities are comparable and predictable across the organization.,Examine; Interview,"SOC case records; EV-2026-04 and EV-2026-06 timelines; AQ-1 finance interview. Population: 184 security incidents (11 payment fraud attempts, 2 at AQ-1). Sample: 25 incidents (random) plus all 11 payment fraud cases",EV-IR-4,Satisfied,Enterprise cases followed the runbook phases and lessons were recorded,,
IR-6,IR-06a.,personnel is/are required to report suspected incidents to the organizational incident response capability within [organization-defined value];,Examine; Interview,SOC case records; DIBNet report of 2026-07-11; staff interviews. Population: 184 incidents; 20 staff interviews. Sample: 25 incidents; 20 staff (random),EV-IR-6,Satisfied,Staff knew the 1-hour reporting rule; the CUI report reached DoD within 72 hours,,
IR-6,IR-06b.,incident information is reported to [organization-defined value].,Examine; Interview,SOC case records; DIBNet report of 2026-07-11; staff interviews. Population: 184 incidents; 20 staff interviews. Sample: 25 incidents; 20 staff (random),EV-IR-6,Satisfied,Staff knew the 1-hour reporting rule; the CUI report reached DoD within 72 hours,,
IR-8,IR-08a.01,an incident response plan is developed that provides the organization with a roadmap for implementing its incident response capability;,Examine; Interview,"Incident response plan v5; PRC-03.2; disclosure committee minutes of 2026-05-06. Population: n/a (plan). Sample: Plan v5 examined; interviews with the General Counsel, CFO, and CISO",EV-IR-8,Satisfied,"Plan v5 is approved, distributed, protected, and assigns responsibility",,
IR-8,IR-08a.02,an incident response plan is developed that describes the structure and organization of the incident response capability;,Examine; Interview,"Incident response plan v5; PRC-03.2; disclosure committee minutes of 2026-05-06. Population: n/a (plan). Sample: Plan v5 examined; interviews with the General Counsel, CFO, and CISO",EV-IR-8,Satisfied,"Plan v5 is approved, distributed, protected, and assigns responsibility",,
IR-8,IR-08a.03,an incident response plan is developed that provides a high-level approach for how the incident response capability fits into the overall organization;,Examine; Interview,"Incident response plan v5; PRC-03.2; disclosure committee minutes of 2026-05-06. Population: n/a (plan). Sample: Plan v5 examined; interviews with the General Counsel, CFO, and CISO",EV-IR-8,Satisfied,"Plan v5 is approved, distributed, protected, and assigns responsibility",,
IR-8,IR-08a.04,"an incident response plan is developed that meets the unique requirements of the organization with regard to mission, size, structure, and functions;",Examine; Interview,"Incident response plan v5; PRC-03.2; disclosure committee minutes of 2026-05-06. Population: n/a (plan). Sample: Plan v5 examined; interviews with the General Counsel, CFO, and CISO",EV-IR-8,Satisfied,"Plan v5 is approved, distributed, protected, and assigns responsibility",,
IR-8,IR-08a.05,an incident response plan is developed that defines reportable incidents;,Examine; Interview,"Incident response plan v5; PRC-03.2; disclosure committee minutes of 2026-05-06. Population: n/a (plan). Sample: Plan v5 examined; interviews with the General Counsel, CFO, and CISO",EV-IR-8,Other than satisfied,"Reportable incidents do not include payment fraud in the materiality playbook, and there is no rule for assessing related occurrences together (17 CFR 229.106(a))",High,POAM-009
IR-8,IR-08a.06,an incident response plan is developed that provides metrics for measuring the incident response capability within the organization;,Examine; Interview,"Incident response plan v5; PRC-03.2; disclosure committee minutes of 2026-05-06. Population: n/a (plan). Sample: Plan v5 examined; interviews with the General Counsel, CFO, and CISO",EV-IR-8,Satisfied,"Plan v5 is approved, distributed, protected, and assigns responsibility",,
IR-8,IR-08a.07,an incident response plan is developed that defines the resources and management support needed to effectively maintain and mature an incident response capability;,Examine; Interview,"Incident response plan v5; PRC-03.2; disclosure committee minutes of 2026-05-06. Population: n/a (plan). Sample: Plan v5 examined; interviews with the General Counsel, CFO, and CISO",EV-IR-8,Satisfied,"Plan v5 is approved, distributed, protected, and assigns responsibility",,
IR-8,IR-08a.08,an incident response plan is developed that addresses the sharing of incident information;,Examine; Interview,"Incident response plan v5; PRC-03.2; disclosure committee minutes of 2026-05-06. Population: n/a (plan). Sample: Plan v5 examined; interviews with the General Counsel, CFO, and CISO",EV-IR-8,Satisfied,"Plan v5 is approved, distributed, protected, and assigns responsibility",,
IR-8,IR-08a.09,an incident response plan is developed that is reviewed and approved by [organization-defined value] [organization-defined value];,Examine; Interview,"Incident response plan v5; PRC-03.2; disclosure committee minutes of 2026-05-06. Population: n/a (plan). Sample: Plan v5 examined; interviews with the General Counsel, CFO, and CISO",EV-IR-8,Satisfied,"Plan v5 is approved, distributed, protected, and assigns responsibility",,
IR-8,IR-08a.10,an incident response plan is developed that explicitly designates responsibility for incident response to [organization-defined value].,Examine; Interview,"Incident response plan v5; PRC-03.2; disclosure committee minutes of 2026-05-06. Population: n/a (plan). Sample: Plan v5 examined; interviews with the General Counsel, CFO, and CISO",EV-IR-8,Satisfied,"Plan v5 is approved, distributed, protected, and assigns responsibility",,
IR-8,IR-08b.[01],copies of the incident response plan are distributed to [organization-defined value];,Examine; Interview,"Incident response plan v5; PRC-03.2; disclosure committee minutes of 2026-05-06. Population: n/a (plan). Sample: Plan v5 examined; interviews with the General Counsel, CFO, and CISO",EV-IR-8,Satisfied,"Plan v5 is approved, distributed, protected, and assigns responsibility",,
IR-8,IR-08b.[02],copies of the incident response plan are distributed to [organization-defined value];,Examine; Interview,"Incident response plan v5; PRC-03.2; disclosure committee minutes of 2026-05-06. Population: n/a (plan). Sample: Plan v5 examined; interviews with the General Counsel, CFO, and CISO",EV-IR-8,Satisfied,"Plan v5 is approved, distributed, protected, and assigns responsibility",,
IR-8,IR-08c.,"the incident response plan is updated to address system and organizational changes or problems encountered during plan implementation, execution, or testing;",Examine; Interview,"Incident response plan v5; PRC-03.2; disclosure committee minutes of 2026-05-06. Population: n/a (plan). Sample: Plan v5 examined; interviews with the General Counsel, CFO, and CISO",EV-IR-8,Other than satisfied,The plan was not updated after EV-2026-04 to bring AQ-1 and the disclosure committee into the payment fraud path,High,POAM-009
IR-8,IR-08d.[01],incident response plan changes are communicated to [organization-defined value];,Examine; Interview,"Incident response plan v5; PRC-03.2; disclosure committee minutes of 2026-05-06. Population: n/a (plan). Sample: Plan v5 examined; interviews with the General Counsel, CFO, and CISO",EV-IR-8,Satisfied,"Plan v5 is approved, distributed, protected, and assigns responsibility",,
IR-8,IR-08d.[02],incident response plan changes are communicated to [organization-defined value];,Examine; Interview,"Incident response plan v5; PRC-03.2; disclosure committee minutes of 2026-05-06. Population: n/a (plan). Sample: Plan v5 examined; interviews with the General Counsel, CFO, and CISO",EV-IR-8,Satisfied,"Plan v5 is approved, distributed, protected, and assigns responsibility",,
IR-8,IR-08e.[01],the incident response plan is protected from unauthorized disclosure;,Examine; Interview,"Incident response plan v5; PRC-03.2; disclosure committee minutes of 2026-05-06. Population: n/a (plan). Sample: Plan v5 examined; interviews with the General Counsel, CFO, and CISO",EV-IR-8,Satisfied,"Plan v5 is approved, distributed, protected, and assigns responsibility",,
IR-8,IR-08e.[02],the incident response plan is protected from unauthorized modification.,Examine; Interview,"Incident response plan v5; PRC-03.2; disclosure committee minutes of 2026-05-06. Population: n/a (plan). Sample: Plan v5 examined; interviews with the General Counsel, CFO, and CISO",EV-IR-8,Satisfied,"Plan v5 is approved, distributed, protected, and assigns responsibility",,
PS-4,PS-04a.,"upon termination of individual employment, system access is disabled within [organization-defined value];",Examine; Test,"HR termination records; identity platform disable times. Population: 1,108 terminations of staff with PDPP access. Sample: 60 (same sample as AC-2, stratified: 50 enterprise, 10 AQ-1)",EV-PS-4,Other than satisfied,"3 of 60 sampled terminations were disabled late: 2 AQ-1 staff by 4 and 7 days, 1 field engineer by 2 days",Moderate,POAM-014
PS-4,PS-04b.,"upon termination of individual employment, any authenticators and credentials are terminated or revoked;",Examine; Test,"HR termination records; identity platform disable times. Population: 1,108 terminations of staff with PDPP access. Sample: 60 (same sample as AC-2, stratified: 50 enterprise, 10 AQ-1)",EV-PS-4,Satisfied,Credentials were revoked and equipment recovered for every sampled termination,,
PS-4,PS-04c.,"upon termination of individual employment, exit interviews that include a discussion of [organization-defined value] are conducted;",Examine; Test,"HR termination records; identity platform disable times. Population: 1,108 terminations of staff with PDPP access. Sample: 60 (same sample as AC-2, stratified: 50 enterprise, 10 AQ-1)",EV-PS-4,Satisfied,Credentials were revoked and equipment recovered for every sampled termination,,
PS-4,PS-04d.,"upon termination of individual employment, all security-related organizational system-related property is retrieved;",Examine; Test,"HR termination records; identity platform disable times. Population: 1,108 terminations of staff with PDPP access. Sample: 60 (same sample as AC-2, stratified: 50 enterprise, 10 AQ-1)",EV-PS-4,Satisfied,Credentials were revoked and equipment recovered for every sampled termination,,
PS-4,PS-04e.,"upon termination of individual employment, access to organizational information and systems formerly controlled by the terminated individual are retained.",Examine; Test,"HR termination records; identity platform disable times. Population: 1,108 terminations of staff with PDPP access. Sample: 60 (same sample as AC-2, stratified: 50 enterprise, 10 AQ-1)",EV-PS-4,Satisfied,Credentials were revoked and equipment recovered for every sampled termination,,
RA-3,RA-03a.01,a risk assessment is conducted to identify threats to and vulnerabilities in the system;,Examine,P01 register and report. Population: n/a. Sample: 2026 enterprise risk analysis examined,EV-RA-3,Satisfied,"The analysis covers PDPP risks, is documented, reviewed, and shared",,
RA-3,RA-03a.02,"a risk assessment is conducted to determine the likelihood and magnitude of harm from unauthorized access, use, disclosure, disruption, modification, or destruction of the system; the information it processes, stores, or transmits; and any related information;",Examine,P01 register and report. Population: n/a. Sample: 2026 enterprise risk analysis examined,EV-RA-3,Satisfied,"The analysis covers PDPP risks, is documented, reviewed, and shared",,
RA-3,RA-03a.03,a risk assessment is conducted to determine the likelihood and impact of adverse effects on individuals arising from the processing of personally identifiable information;,Examine,P01 register and report. Population: n/a. Sample: 2026 enterprise risk analysis examined,EV-RA-3,Satisfied,"The analysis covers PDPP risks, is documented, reviewed, and shared",,
RA-3,RA-03b.,risk assessment results and risk management decisions from the organization and mission or business process perspectives are integrated with system-level risk assessments;,Examine,P01 register and report. Population: n/a. Sample: 2026 enterprise risk analysis examined,EV-RA-3,Satisfied,"The analysis covers PDPP risks, is documented, reviewed, and shared",,
RA-3,RA-03c.,risk assessment results are documented in [organization-defined value];,Examine,P01 register and report. Population: n/a. Sample: 2026 enterprise risk analysis examined,EV-RA-3,Satisfied,"The analysis covers PDPP risks, is documented, reviewed, and shared",,
RA-3,RA-03d.,risk assessment results are reviewed [organization-defined value];,Examine,P01 register and report. Population: n/a. Sample: 2026 enterprise risk analysis examined,EV-RA-3,Satisfied,"The analysis covers PDPP risks, is documented, reviewed, and shared",,
RA-3,RA-03e.,risk assessment results are disseminated to [organization-defined value];,Examine,P01 register and report. Population: n/a. Sample: 2026 enterprise risk analysis examined,EV-RA-3,Satisfied,"The analysis covers PDPP risks, is documented, reviewed, and shared",,
RA-3,RA-03f.,"the risk assessment is updated [organization-defined value] or when there are significant changes to the system, its environment of operation, or other conditions that may impact the security or privacy state of the system.",Examine,P01 register and report. Population: n/a. Sample: 2026 enterprise risk analysis examined,EV-RA-3,Satisfied,"The analysis covers PDPP risks, is documented, reviewed, and shared",,
RA-5,RA-05a.[01],systems and hosted applications are monitored for vulnerabilities [organization-defined value] and when new vulnerabilities potentially affecting the system are identified and reported;,Examine; Test,"Scan reports; remediation tickets. Population: 1,286 vulnerability findings on PDPP components (2026-01-01 to 2026-06-30). Sample: 60 findings (random)",EV-RA-5,Satisfied,Weekly authenticated scans; results analyzed and shared,,
RA-5,RA-05a.[02],systems and hosted applications are scanned for vulnerabilities [organization-defined value] and when new vulnerabilities potentially affecting the system are identified and reported;,Examine; Test,"Scan reports; remediation tickets. Population: 1,286 vulnerability findings on PDPP components (2026-01-01 to 2026-06-30). Sample: 60 findings (random)",EV-RA-5,Satisfied,Weekly authenticated scans; results analyzed and shared,,
RA-5,RA-05b.01,"vulnerability monitoring tools and techniques are employed to automate parts of the vulnerability management process by using standards for enumerating platforms, software flaws, and improper configurations;",Examine; Test,"Scan reports; remediation tickets. Population: 1,286 vulnerability findings on PDPP components (2026-01-01 to 2026-06-30). Sample: 60 findings (random)",EV-RA-5,Satisfied,Weekly authenticated scans; results analyzed and shared,,
RA-5,RA-05b.02,vulnerability monitoring tools and techniques are employed to facilitate interoperability among tools and to automate parts of the vulnerability management process by using standards for formatting checklists and test procedures;,Examine; Test,"Scan reports; remediation tickets. Population: 1,286 vulnerability findings on PDPP components (2026-01-01 to 2026-06-30). Sample: 60 findings (random)",EV-RA-5,Satisfied,Weekly authenticated scans; results analyzed and shared,,
RA-5,RA-05b.03,vulnerability monitoring tools and techniques are employed to facilitate interoperability among tools and to automate parts of the vulnerability management process by using standards for measuring vulnerability impact;,Examine; Test,"Scan reports; remediation tickets. Population: 1,286 vulnerability findings on PDPP components (2026-01-01 to 2026-06-30). Sample: 60 findings (random)",EV-RA-5,Satisfied,Weekly authenticated scans; results analyzed and shared,,
RA-5,RA-05c.,vulnerability scan reports and results from vulnerability monitoring are analyzed;,Examine; Test,"Scan reports; remediation tickets. Population: 1,286 vulnerability findings on PDPP components (2026-01-01 to 2026-06-30). Sample: 60 findings (random)",EV-RA-5,Satisfied,Weekly authenticated scans; results analyzed and shared,,
RA-5,RA-05d.,legitimate vulnerabilities are remediated [organization-defined value] in accordance with an organizational assessment of risk;,Examine; Test,"Scan reports; remediation tickets. Population: 1,286 vulnerability findings on PDPP components (2026-01-01 to 2026-06-30). Sample: 60 findings (random)",EV-RA-5,Other than satisfied,4 of 60 sampled findings on the integration platform were remediated after the 30-day high SLA (by 9 to 26 days),Moderate,POAM-015
RA-5,RA-05e.,information obtained from the vulnerability monitoring process and control assessments is shared with [organization-defined value] to help eliminate similar vulnerabilities in other systems;,Examine; Test,"Scan reports; remediation tickets. Population: 1,286 vulnerability findings on PDPP components (2026-01-01 to 2026-06-30). Sample: 60 findings (random)",EV-RA-5,Satisfied,Weekly authenticated scans; results analyzed and shared,,
RA-5,RA-05f.,vulnerability monitoring tools that include the capability to readily update the vulnerabilities to be scanned are employed.,Examine; Test,"Scan reports; remediation tickets. Population: 1,286 vulnerability findings on PDPP components (2026-01-01 to 2026-06-30). Sample: 60 findings (random)",EV-RA-5,Satisfied,Weekly authenticated scans; results analyzed and shared,,
SA-9,SA-09a.[01],providers of external system services comply with organizational security requirements;,Examine,Vendor register; SOC report reviews; contracts. Population: 9 external services supporting the PDPP. Sample: 100%,EV-SA-9,Satisfied,Security requirements are in contracts and oversight roles are defined,,
SA-9,SA-09a.[02],providers of external system services comply with organizational privacy requirements;,Examine,Vendor register; SOC report reviews; contracts. Population: 9 external services supporting the PDPP. Sample: 100%,EV-SA-9,Satisfied,Security requirements are in contracts and oversight roles are defined,,
SA-9,SA-09a.[03],providers of external system services employ [organization-defined value];,Examine,Vendor register; SOC report reviews; contracts. Population: 9 external services supporting the PDPP. Sample: 100%,EV-SA-9,Satisfied,Security requirements are in contracts and oversight roles are defined,,
SA-9,SA-09b.[01],organizational oversight with regard to external system services are defined and documented;,Examine,Vendor register; SOC report reviews; contracts. Population: 9 external services supporting the PDPP. Sample: 100%,EV-SA-9,Satisfied,Security requirements are in contracts and oversight roles are defined,,
SA-9,SA-09b.[02],user roles and responsibilities with regard to external system services are defined and documented;,Examine,Vendor register; SOC report reviews; contracts. Population: 9 external services supporting the PDPP. Sample: 100%,EV-SA-9,Satisfied,Security requirements are in contracts and oversight roles are defined,,
SA-9,SA-09c.,[organization-defined value] are employed to monitor control compliance by external service providers on an ongoing basis.,Examine,Vendor register; SOC report reviews; contracts. Population: 9 external services supporting the PDPP. Sample: 100%,EV-SA-9,Other than satisfied,No current SOC report review for the e-signature and lien waiver service or the bank account validation service,Low,POAM-012
SC-7,SC-07a.[01],communications at external managed interfaces to the system are monitored;,Examine; Test,Network diagrams; firewall policies; test results. Population: n/a (architecture). Sample: Reachability test from an AQ-1 site network to the integration platform,EV-SC-7,Satisfied,External interfaces are managed and deny by default,,
SC-7,SC-07a.[02],communications at external managed interfaces to the system are controlled;,Examine; Test,Network diagrams; firewall policies; test results. Population: n/a (architecture). Sample: Reachability test from an AQ-1 site network to the integration platform,EV-SC-7,Satisfied,External interfaces are managed and deny by default,,
SC-7,SC-07a.[03],communications at key internal managed interfaces within the system are monitored;,Examine; Test,Network diagrams; firewall policies; test results. Population: n/a (architecture). Sample: Reachability test from an AQ-1 site network to the integration platform,EV-SC-7,Satisfied,External interfaces are managed and deny by default,,
SC-7,SC-07a.[04],communications at key internal managed interfaces within the system are controlled;,Examine; Test,Network diagrams; firewall policies; test results. Population: n/a (architecture). Sample: Reachability test from an AQ-1 site network to the integration platform,EV-SC-7,Other than satisfied,"Three AQ-1 VPN subnets can reach the integration platform directly, bypassing SD-WAN segmentation",High,POAM-016
SC-7,SC-07b.,subnetworks for publicly accessible system components are [organization-defined value] separated from internal organizational networks;,Examine; Test,Network diagrams; firewall policies; test results. Population: n/a (architecture). Sample: Reachability test from an AQ-1 site network to the integration platform,EV-SC-7,Satisfied,External interfaces are managed and deny by default,,
SC-7,SC-07c.,external networks or systems are only connected to through managed interfaces consisting of boundary protection devices arranged in accordance with an organizational security and privacy architecture.,Examine; Test,Network diagrams; firewall policies; test results. Population: n/a (architecture). Sample: Reachability test from an AQ-1 site network to the integration platform,EV-SC-7,Satisfied,External interfaces are managed and deny by default,,
SC-8,SC-08,the [organization-defined value] of transmitted information is/are protected.,Examine; Test,"Gateway configuration; bank connectivity agreements. Population: All PDPP external connections, including 3 bank connections. Sample: 100% (TLS and SFTP configuration review)",EV-SC-8,Other than satisfied,"Confidentiality is protected for all connections, but integrity of payment files to bank 3 is not protected end to end (no signing or hash verification)",High,POAM-006
SC-28,SC-28,the [organization-defined value] of [organization-defined value] is/are protected.,Examine,"Encryption settings; key policy. Population: n/a (configuration). Sample: Database, backup, and gateway storage encryption inspected",EV-SC-28,Satisfied,Encrypted at rest with customer-managed keys,,
SI-2,SI-02a.[01],system flaws are identified;,Examine,Patch reports; change tickets. Population: 164 patches on PDPP components. Sample: 25 patches (random),EV-SI-2,Satisfied,Patches applied within STD-01.5 timelines,,
SI-2,SI-02a.[02],system flaws are reported;,Examine,Patch reports; change tickets. Population: 164 patches on PDPP components. Sample: 25 patches (random),EV-SI-2,Satisfied,Patches applied within STD-01.5 timelines,,
SI-2,SI-02a.[03],system flaws are corrected;,Examine,Patch reports; change tickets. Population: 164 patches on PDPP components. Sample: 25 patches (random),EV-SI-2,Satisfied,Patches applied within STD-01.5 timelines,,
SI-2,SI-02b.[01],software updates related to flaw remediation are tested for effectiveness before installation;,Examine,Patch reports; change tickets. Population: 164 patches on PDPP components. Sample: 25 patches (random),EV-SI-2,Satisfied,Patches applied within STD-01.5 timelines,,
SI-2,SI-02b.[02],software updates related to flaw remediation are tested for potential side effects before installation;,Examine,Patch reports; change tickets. Population: 164 patches on PDPP components. Sample: 25 patches (random),EV-SI-2,Satisfied,Patches applied within STD-01.5 timelines,,
SI-2,SI-02b.[03],firmware updates related to flaw remediation are tested for effectiveness before installation;,Examine,Patch reports; change tickets. Population: 164 patches on PDPP components. Sample: 25 patches (random),EV-SI-2,Satisfied,Patches applied within STD-01.5 timelines,,
SI-2,SI-02b.[04],firmware updates related to flaw remediation are tested for potential side effects before installation;,Examine,Patch reports; change tickets. Population: 164 patches on PDPP components. Sample: 25 patches (random),EV-SI-2,Satisfied,Patches applied within STD-01.5 timelines,,
SI-2,SI-02c.[01],security-relevant software updates are installed within [organization-defined value] of the release of the updates;,Examine,Patch reports; change tickets. Population: 164 patches on PDPP components. Sample: 25 patches (random),EV-SI-2,Satisfied,Patches applied within STD-01.5 timelines,,
SI-2,SI-02c.[02],security-relevant firmware updates are installed within [organization-defined value] of the release of the updates;,Examine,Patch reports; change tickets. Population: 164 patches on PDPP components. Sample: 25 patches (random),EV-SI-2,Satisfied,Patches applied within STD-01.5 timelines,,
SI-2,SI-02d.,flaw remediation is incorporated into the organizational configuration management process.,Examine,Patch reports; change tickets. Population: 164 patches on PDPP components. Sample: 25 patches (random),EV-SI-2,Satisfied,Patches applied within STD-01.5 timelines,,
SI-4,SI-04a.01,the system is monitored to detect attacks and indicators of potential attacks in accordance with [organization-defined value];,Examine; Test,SIEM use case list; test alerts. Population: BEC use cases and monitored sources. Sample: All use cases examined; 5 test scenarios,EV-SI-4,Other than satisfied,"The AQ-1 email tenant is not monitored for inbox rules, risky sign-ins, or adversary-in-the-middle token use",High,POAM-004
SI-4,SI-04a.02[01],the system is monitored to detect unauthorized local connections;,Examine; Test,SIEM use case list; test alerts. Population: BEC use cases and monitored sources. Sample: All use cases examined; 5 test scenarios,EV-SI-4,Satisfied,Monitoring for the enterprise tenant detected every test scenario,,
SI-4,SI-04a.02[02],the system is monitored to detect unauthorized network connections;,Examine; Test,SIEM use case list; test alerts. Population: BEC use cases and monitored sources. Sample: All use cases examined; 5 test scenarios,EV-SI-4,Satisfied,Monitoring for the enterprise tenant detected every test scenario,,
SI-4,SI-04a.02[03],the system is monitored to detect unauthorized remote connections;,Examine; Test,SIEM use case list; test alerts. Population: BEC use cases and monitored sources. Sample: All use cases examined; 5 test scenarios,EV-SI-4,Satisfied,Monitoring for the enterprise tenant detected every test scenario,,
SI-4,SI-04b.,unauthorized use of the system is identified through [organization-defined value];,Examine; Test,SIEM use case list; test alerts. Population: BEC use cases and monitored sources. Sample: All use cases examined; 5 test scenarios,EV-SI-4,Satisfied,Monitoring for the enterprise tenant detected every test scenario,,
SI-4,SI-04c.01,internal monitoring capabilities are invoked or monitoring devices are deployed strategically within the system to collect organization-determined essential information;,Examine; Test,SIEM use case list; test alerts. Population: BEC use cases and monitored sources. Sample: All use cases examined; 5 test scenarios,EV-SI-4,Satisfied,Monitoring for the enterprise tenant detected every test scenario,,
SI-4,SI-04c.02,internal monitoring capabilities are invoked or monitoring devices are deployed at ad hoc locations within the system to track specific types of transactions of interest to the organization;,Examine; Test,SIEM use case list; test alerts. Population: BEC use cases and monitored sources. Sample: All use cases examined; 5 test scenarios,EV-SI-4,Satisfied,Monitoring for the enterprise tenant detected every test scenario,,
SI-4,SI-04d.[01],detected events are analyzed;,Examine; Test,SIEM use case list; test alerts. Population: BEC use cases and monitored sources. Sample: All use cases examined; 5 test scenarios,EV-SI-4,Satisfied,Monitoring for the enterprise tenant detected every test scenario,,
SI-4,SI-04d.[02],detected anomalies are analyzed;,Examine; Test,SIEM use case list; test alerts. Population: BEC use cases and monitored sources. Sample: All use cases examined; 5 test scenarios,EV-SI-4,Satisfied,Monitoring for the enterprise tenant detected every test scenario,,
SI-4,SI-04e.,"the level of system monitoring activity is adjusted when there is a change in risk to organizational operations and assets, individuals, other organizations, or the Nation;",Examine; Test,SIEM use case list; test alerts. Population: BEC use cases and monitored sources. Sample: All use cases examined; 5 test scenarios,EV-SI-4,Satisfied,Monitoring for the enterprise tenant detected every test scenario,,
SI-4,SI-04f.,a legal opinion regarding system monitoring activities is obtained;,Examine; Test,SIEM use case list; test alerts. Population: BEC use cases and monitored sources. Sample: All use cases examined; 5 test scenarios,EV-SI-4,Satisfied,Monitoring for the enterprise tenant detected every test scenario,,
SI-4,SI-04g.,[organization-defined value] is provided to [organization-defined value] [organization-defined value].,Examine; Test,SIEM use case list; test alerts. Population: BEC use cases and monitored sources. Sample: All use cases examined; 5 test scenarios,EV-SI-4,Satisfied,Monitoring for the enterprise tenant detected every test scenario,,
SI-7,SI-07a.[01],integrity verification tools are employed to detect unauthorized changes to [organization-defined value];,Examine; Test,Payment hub hashing logs; gateway verification logs. Population: n/a. Sample: Payment file integrity controls for 3 banks examined,EV-SI-7,Satisfied,Software and firmware integrity monitoring is in place; banks 1 and 2 files verified,,
SI-7,SI-07a.[02],integrity verification tools are employed to detect unauthorized changes to [organization-defined value];,Examine; Test,Payment hub hashing logs; gateway verification logs. Population: n/a. Sample: Payment file integrity controls for 3 banks examined,EV-SI-7,Satisfied,Software and firmware integrity monitoring is in place; banks 1 and 2 files verified,,
SI-7,SI-07a.[03],integrity verification tools are employed to detect unauthorized changes to [organization-defined value];,Examine; Test,Payment hub hashing logs; gateway verification logs. Population: n/a. Sample: Payment file integrity controls for 3 banks examined,EV-SI-7,Other than satisfied,No integrity verification detects changes to payment files sent to bank 3,High,POAM-006
SI-7,SI-07b.[01],"[organization-defined value] are taken when unauthorized changes to the software, are detected;",Examine; Test,Payment hub hashing logs; gateway verification logs. Population: n/a. Sample: Payment file integrity controls for 3 banks examined,EV-SI-7,Satisfied,Software and firmware integrity monitoring is in place; banks 1 and 2 files verified,,
SI-7,SI-07b.[02],[organization-defined value] are taken when unauthorized changes to the firmware are detected;,Examine; Test,Payment hub hashing logs; gateway verification logs. Population: n/a. Sample: Payment file integrity controls for 3 banks examined,EV-SI-7,Satisfied,Software and firmware integrity monitoring is in place; banks 1 and 2 files verified,,
SI-7,SI-07b.[03],[organization-defined value] are taken when unauthorized changes to the information are detected.,Examine; Test,Payment hub hashing logs; gateway verification logs. Population: n/a. Sample: Payment file integrity controls for 3 banks examined,EV-SI-7,Satisfied,Software and firmware integrity monitoring is in place; banks 1 and 2 files verified,,
SI-7(1),SI-07(01)[01],an integrity check of [organization-defined value] is performed [organization-defined value];,Examine,Gateway verification logs. Population: Gateway integrity check logs. Sample: 30 days of logs,EV-SI-7(1),Satisfied,Checks run on every file to banks 1 and 2,,
SI-7(1),SI-07(01)[02],an integrity check of [organization-defined value] is performed [organization-defined value];,Examine,Gateway verification logs. Population: Gateway integrity check logs. Sample: 30 days of logs,EV-SI-7(1),Satisfied,Checks run on every file to banks 1 and 2,,
SI-7(1),SI-07(01)[03],an integrity check of [organization-defined value] is performed [organization-defined value].,Examine,Gateway verification logs. Population: Gateway integrity check logs. Sample: 30 days of logs,EV-SI-7(1),Other than satisfied,No integrity check is performed on payment files to bank 3,High,POAM-006
SI-10,SI-10,the validity of the [organization-defined value] is checked.,Examine; Test,"Payment hub intake rules; validation service results; call-back records. Population: Payment files from 2 sources (enterprise ERP and AQ-1 ERP); 1,960 bank changes. Sample: 60 bank changes (same sample as AU-10); 100% of file sources",EV-SI-10,Other than satisfied,"Payment files from the AQ-1 ERP are accepted without enterprise payee verification, and 4 of 60 sampled enterprise bank changes lacked a recorded call-back",High,POAM-003
SR-6,SR-06,"the supply chain-related risks associated with suppliers or contractors and the systems, system components, or system services they provide are assessed and reviewed [organization-defined value].",Examine,Supplier review records. Population: 6 tier-1 PDPP suppliers. Sample: 100%,EV-SR-6,Satisfied,Annual reviews completed for all tier-1 suppliers,,
