req_id,regulation,regulatory_driver,citation,requirement_summary,requirement_type,applies_at_this_tier,csf2_subcategories,sp800_53_controls,nist_official_sp800_53r5,crosswalk_source,current_state,evidence,status,gap_description,gap_risk_level,remediation_action,owner,target_date,llc_differences,pending_rule_change
G-001,NIST CSF 2.0 portfolio profile (voluntary benchmark),CSF 2.0 portfolio profile GV.OC-01 (voluntary),CSF 2.0 GV.OC-01 (Govern; Organizational Context),The organizational mission is understood and informs cybersecurity risk management,CSF 2.0 subcategory (voluntary),Yes (voluntary benchmark),GV.OC-01,PM-11,PM-11,CSF 2.0 to SP 800-53: official NIST informative reference (SRC-OLIR-CSF-53) in column nist_official_sp800_53r5; key-control subset selected by the author,Mission is plain: run three small businesses profitably from one back office and keep tenants and customers served. The BIA (2026-07-28) ties each system to the function it supports,P05 BIA,Met,None,Very Low,Restate in POL-01 section 1,Owner-manager,,Same for all three LLCs (delivered by the shared back office),None
G-002,NIST CSF 2.0 portfolio profile (voluntary benchmark),CSF 2.0 portfolio profile GV.OC-02 (voluntary),CSF 2.0 GV.OC-02 (Govern; Organizational Context),"Internal and external stakeholders are understood, and their needs and expectations regarding cybersecurity risk management are understood and considered",CSF 2.0 subcategory (voluntary),Yes (voluntary benchmark),GV.OC-02,PM-9; PM-18,PM-9; PM-18; PM-30; SR-3; SR-5; SR-6; SR-8,CSF 2.0 to SP 800-53: official NIST informative reference (SRC-OLIR-CSF-53) in column nist_official_sp800_53r5; key-control subset selected by the author,"Stakeholders are known (tenants, applicants, laundry customers, three LLC employees, the bank, the processors, the bookkeeper, the successor manager); their security expectations were never written down",Self-attestation,Partially met,Expectations not recorded,Low,Record stakeholder expectations in POL-01 section 2 and the P01 scope,Owner-manager,2026-12-31,Rentals applicants and tenants expect screening data to be protected; Laundry customers mostly expect working machines,None
G-003,NIST CSF 2.0 portfolio profile (voluntary benchmark),CSF 2.0 portfolio profile GV.OC-03 (voluntary),CSF 2.0 GV.OC-03 (Govern; Organizational Context),"Legal, regulatory, and contractual requirements regarding cybersecurity - including privacy and civil liberties obligations - are understood and managed",CSF 2.0 subcategory (voluntary),Yes (voluntary benchmark),GV.OC-03,PM-28; PL-1,AC-1; AT-1; AU-1; CA-1; CM-1; CP-1; IA-1; IR-1; MA-1; MP-1; PE-1; PL-1; PM-1; PS-1; PT-1; RA-1; SA-1; SC-1; SI-1; SR-1; PM-28; PT,CSF 2.0 to SP 800-53: official NIST informative reference (SRC-OLIR-CSF-53) in column nist_official_sp800_53r5; key-control subset selected by the author,"Legal and contractual duties identified for the first time in this checklist: Fla. Stat. 501.171 for each LLC and for the sole proprietorship as third-party agent, FCRA user duties and the Disposal Rule for Rentals, the Fair Housing Act, and processor terms",This workbook; merchant agreements,Partially met,No maintained register of requirements; the owner did not know each LLC is a separate covered entity,Moderate,Keep this workbook as the requirements register; review it each July and when an LLC is bought or sold,Owner-manager,2026-08-31,"Rentals carries the most federal duties (FCRA, Disposal Rule, Fair Housing Act)",None
G-004,NIST CSF 2.0 portfolio profile (voluntary benchmark),CSF 2.0 portfolio profile GV.OC-04 (voluntary),CSF 2.0 GV.OC-04 (Govern; Organizational Context),"Critical objectives, capabilities, and services that external stakeholders depend on or expect from the organization are understood and communicated",CSF 2.0 subcategory (voluntary),Yes (voluntary benchmark),GV.OC-04,PM-8; CP-2,PM-8; PM-11; CP-2(8); PM-30(1); RA-9,CSF 2.0 to SP 800-53: official NIST informative reference (SRC-OLIR-CSF-53) in column nist_official_sp800_53r5; key-control subset selected by the author,"What tenants and customers depend on is known informally: gate access, rent portals, working machines, and wash-and-fold pickup. The BIA now records MTDs",P05 BIA,Partially met,Not communicated to the LLC staff,Low,"Brief the Storage manager and attendants on the BIA fallbacks (paper forms, coin-only mode)",Owner-manager,2026-11-30,Same for all three LLCs (delivered by the shared back office),None
G-005,NIST CSF 2.0 portfolio profile (voluntary benchmark),CSF 2.0 portfolio profile GV.OC-05 (voluntary),CSF 2.0 GV.OC-05 (Govern; Organizational Context),"Outcomes, capabilities, and services that the organization depends on are understood and communicated",CSF 2.0 subcategory (voluntary),Yes (voluntary benchmark),GV.OC-05,PM-30; SA-9,PM-11; PM-30; RA-7; SA-9; SR-5,CSF 2.0 to SP 800-53: official NIST informative reference (SRC-OLIR-CSF-53) in column nist_official_sp800_53r5; key-control subset selected by the author,"The BIA shows every function depends on the owner's email account, the bank, and seven SaaS vendors; this dependency was never written down before July 2026",P05 BIA; P04 map,Partially met,Dependency on one identity not yet reduced,Moderate,Treat the email account as the top dependency (P01 R-001); vendor list (GV.SC-04),Owner-manager,2026-10-31,Same for all three LLCs (delivered by the shared back office),None
G-006,NIST CSF 2.0 portfolio profile (voluntary benchmark),CSF 2.0 portfolio profile GV.RM-01 (voluntary),CSF 2.0 GV.RM-01 (Govern; Risk Management Strategy),Risk management objectives are established and agreed to by organizational stakeholders,CSF 2.0 subcategory (voluntary),Yes (voluntary benchmark),GV.RM-01,PM-9,PM-9; RA-7; SR-2,CSF 2.0 to SP 800-53: official NIST informative reference (SRC-OLIR-CSF-53) in column nist_official_sp800_53r5; key-control subset selected by the author,Objectives set for the first time in POL-01 4.1 and the P01 tolerance rules,P01 section 1; POL-01,Partially met,Not yet tested against a real decision,Low,Apply at the first significant change (backup service purchase),Owner-manager,2026-10-31,Same for all three LLCs (delivered by the shared back office),None
G-007,NIST CSF 2.0 portfolio profile (voluntary benchmark),CSF 2.0 portfolio profile GV.RM-02 (voluntary),CSF 2.0 GV.RM-02 (Govern; Risk Management Strategy),"Risk appetite and risk tolerance statements are established, communicated, and maintained",CSF 2.0 subcategory (voluntary),Yes (voluntary benchmark),GV.RM-02,PM-9,PM-9,CSF 2.0 to SP 800-53: official NIST informative reference (SRC-OLIR-CSF-53) in column nist_official_sp800_53r5; key-control subset selected by the author,Risk tolerance written in P01 section 1 and POL-01 4.4 (High never accepted as-is). Before July 2026 there was no stated tolerance,P01; POL-01,Partially met,New; not yet communicated to the bookkeeper or staff,Low,Share the payment and access rules that follow from the tolerance with the bookkeeper and staff,Owner-manager,2026-11-30,Same for all three LLCs (delivered by the shared back office),None
G-008,NIST CSF 2.0 portfolio profile (voluntary benchmark),CSF 2.0 portfolio profile GV.RM-03 (voluntary),CSF 2.0 GV.RM-03 (Govern; Risk Management Strategy),Cybersecurity risk management activities and outcomes are included in enterprise risk management processes,CSF 2.0 subcategory (voluntary),Yes (voluntary benchmark),GV.RM-03,PM-9; PM-3,PM-3; PM-9; PM-30; RA-7; SA-24; SR-2,CSF 2.0 to SP 800-53: official NIST informative reference (SRC-OLIR-CSF-53) in column nist_official_sp800_53r5; key-control subset selected by the author,There is no separate enterprise risk process: the owner's business decisions are the enterprise process. Cyber risks now sit in the same annual review as insurance and leases,P01; self-attestation,Partially met,Insurance review did not consider cyber coverage,Low,Add cyber insurance quotes to the annual insurance review (P01 section 4),Owner-manager,2026-12-31,Same for all three LLCs (delivered by the shared back office),None
G-009,NIST CSF 2.0 portfolio profile (voluntary benchmark),CSF 2.0 portfolio profile GV.RM-04 (voluntary),CSF 2.0 GV.RM-04 (Govern; Risk Management Strategy),Strategic direction that describes appropriate risk response options is established and communicated,CSF 2.0 subcategory (voluntary),Yes (voluntary benchmark),GV.RM-04,PM-9,PM-9; PM-28; PM-30; SR-2,CSF 2.0 to SP 800-53: official NIST informative reference (SRC-OLIR-CSF-53) in column nist_official_sp800_53r5; key-control subset selected by the author,"Response options (accept, avoid, mitigate, share) are defined in P01; sharing through insurance has never been considered",P01,Partially met,No cyber insurance considered,Low,Obtain quotes for one policy covering all four entities,Owner-manager,2026-12-31,Same for all three LLCs (delivered by the shared back office),None
G-010,NIST CSF 2.0 portfolio profile (voluntary benchmark),CSF 2.0 portfolio profile GV.RM-05 (voluntary),CSF 2.0 GV.RM-05 (Govern; Risk Management Strategy),"Lines of communication across the organization are established for cybersecurity risks, including risks from suppliers and other third parties",CSF 2.0 subcategory (voluntary),Yes (voluntary benchmark),GV.RM-05,PM-9; IR-6,PM-9; PM-30,CSF 2.0 to SP 800-53: official NIST informative reference (SRC-OLIR-CSF-53) in column nist_official_sp800_53r5; key-control subset selected by the author,"No way for the Storage manager, attendants, or bookkeeper to report a security concern other than calling the owner, and no rule that they must",Self-attestation,Not met,No reporting line for staff and contractors,Moderate,POL-01 10.2: everyone reports suspected incidents to the owner the same day by phone; posted at both sites,Owner-manager,2026-09-30,Storage and Laundry staff are the first to see a suspicious email or device problem at their site,None
G-011,NIST CSF 2.0 portfolio profile (voluntary benchmark),CSF 2.0 portfolio profile GV.RM-06 (voluntary),CSF 2.0 GV.RM-06 (Govern; Risk Management Strategy),"A standardized method for calculating, documenting, categorizing, and prioritizing cybersecurity risks is established and communicated",CSF 2.0 subcategory (voluntary),Yes (voluntary benchmark),GV.RM-06,PM-9; RA-3,PM-9; PM-18; PM-28; PM-30; RA-3,CSF 2.0 to SP 800-53: official NIST informative reference (SRC-OLIR-CSF-53) in column nist_official_sp800_53r5; key-control subset selected by the author,"SP 800-30 Rev. 1 Tables G-5 and I-2 used for the first risk assessment (2026-07-31), computed by script",P01 risk register,Met,None,Very Low,Use the same method each July,Owner-manager,2027-07-31,Same for all three LLCs (delivered by the shared back office),None
G-012,NIST CSF 2.0 portfolio profile (voluntary benchmark),CSF 2.0 portfolio profile GV.RM-07 (voluntary),CSF 2.0 GV.RM-07 (Govern; Risk Management Strategy),"Strategic opportunities (i.e., positive risks) are characterized and are included in organizational cybersecurity risk discussions",CSF 2.0 subcategory (voluntary),Yes (voluntary benchmark),GV.RM-07,PM-9,PM-9; PM-18; PM-28; PM-30; RA-3,CSF 2.0 to SP 800-53: official NIST informative reference (SRC-OLIR-CSF-53) in column nist_official_sp800_53r5; key-control subset selected by the author,"Opportunities noted informally: moving all LLCs to the same suite, password manager, and backup service lowers cost and risk together",Self-attestation,Partially met,Not recorded,Low,Record in the P01 annual review,Owner-manager,2027-07-31,Same for all three LLCs (delivered by the shared back office),None
G-013,NIST CSF 2.0 portfolio profile (voluntary benchmark),CSF 2.0 portfolio profile GV.RR-01 (voluntary),"CSF 2.0 GV.RR-01 (Govern; Roles, Responsibilities, and Authorities)","Organizational leadership is responsible and accountable for cybersecurity risk and fosters a culture that is risk-aware, ethical, and continually improving",CSF 2.0 subcategory (voluntary),Yes (voluntary benchmark),GV.RR-01,PM-2; PM-13,PM-2; PM-19; PM-23; PM-24; PM-29,CSF 2.0 to SP 800-53: official NIST informative reference (SRC-OLIR-CSF-53) in column nist_official_sp800_53r5; key-control subset selected by the author,The owner is accountable for every entity and set the tone by commissioning this work; no security training yet,Self-attestation; POL-01 section 3,Partially met,Owner has no security training; staff have never heard security expectations,Moderate,Owner course and staff briefing (PR.AT-01),Owner-manager,2026-11-30,Same for all three LLCs (delivered by the shared back office),None
G-014,NIST CSF 2.0 portfolio profile (voluntary benchmark),CSF 2.0 portfolio profile GV.RR-02 (voluntary),"CSF 2.0 GV.RR-02 (Govern; Roles, Responsibilities, and Authorities)","Roles, responsibilities, and authorities related to cybersecurity risk management are established, communicated, understood, and enforced",CSF 2.0 subcategory (voluntary),Yes (voluntary benchmark),GV.RR-02,PM-2; PS-9,PM-2; PM-13; PM-19; PM-23; PM-24; PM-29,CSF 2.0 to SP 800-53: official NIST informative reference (SRC-OLIR-CSF-53) in column nist_official_sp800_53r5; key-control subset selected by the author,The owner holds every role; written for the first time in POL-01 section 3. The Storage manager's and attendants' duties are not written,POL-01,Partially met,Staff security duties not written,Low,One-paragraph security duties in each staff member's job description,Owner-manager,2026-11-30,"Storage manager and Laundry attendants need written duties (gate codes, PINs, reporting)",None
G-015,NIST CSF 2.0 portfolio profile (voluntary benchmark),CSF 2.0 portfolio profile GV.RR-03 (voluntary),"CSF 2.0 GV.RR-03 (Govern; Roles, Responsibilities, and Authorities)","Adequate resources are allocated commensurate with the cybersecurity risk strategy, roles, responsibilities, and policies",CSF 2.0 subcategory (voluntary),Yes (voluntary benchmark),GV.RR-03,PM-3,PM-3,CSF 2.0 to SP 800-53: official NIST informative reference (SRC-OLIR-CSF-53) in column nist_official_sp800_53r5; key-control subset selected by the author,Budget of about $500 a year approved in P01 section 4; owner time is the main resource,P01 section 4,Partially met,Budget new; owner time is the constraint,Low,Track actions in the POA&M; revisit budget each July,Owner-manager,2027-07-31,Same for all three LLCs (delivered by the shared back office),None
G-016,NIST CSF 2.0 portfolio profile (voluntary benchmark),CSF 2.0 portfolio profile GV.RR-04 (voluntary),"CSF 2.0 GV.RR-04 (Govern; Roles, Responsibilities, and Authorities)",Cybersecurity is included in human resources practices,CSF 2.0 subcategory (voluntary),Yes (voluntary benchmark),GV.RR-04,PS-4; PS-7; PS-9,PM-13; PS-1; PS-7; PS-9,CSF 2.0 to SP 800-53: official NIST informative reference (SRC-OLIR-CSF-53) in column nist_official_sp800_53r5; key-control subset selected by the author,"LLC hiring and departures have no security steps: no briefing at hire, no access removal at departure (a former storage assistant's account stayed active for six months; the Laundry PIN was not changed)",P07 AC-2 results,Not met,No onboarding or offboarding security steps,Moderate,"Hire and departure checklist in POL-01 7.4 (accounts, PINs, keys, gate codes), used by the owner for every LLC",Owner-manager,2026-09-30,Storage (1 employee) and Laundry (2 employees); Rentals has none,None
G-017,NIST CSF 2.0 portfolio profile (voluntary benchmark),CSF 2.0 portfolio profile GV.PO-01 (voluntary),CSF 2.0 GV.PO-01 (Govern; Policy),"Policy for managing cybersecurity risks is established based on organizational context, cybersecurity strategy, and priorities and is communicated and enforced",CSF 2.0 subcategory (voluntary),Yes (voluntary benchmark),GV.PO-01,PL-1; PM-1,AC-1; AT-1; AU-1; CA-1; CM-1; CP-1; IA-1; IR-1; MA-1; MP-1; PE-1; PL-1; PM-1; PS-1; PT-1; RA-1; SA-1; SC-1; SI-1; SR-1,CSF 2.0 to SP 800-53: official NIST informative reference (SRC-OLIR-CSF-53) in column nist_official_sp800_53r5; key-control subset selected by the author,No written policy existed for any entity before POL-01 was adopted on 2026-08-31,POL-01 (P06),Partially met,Policy new; not yet followed in practice,Moderate,Follow POL-01; check compliance in the July assessment,Owner-manager,2026-08-31,Same for all three LLCs (delivered by the shared back office),None
G-018,NIST CSF 2.0 portfolio profile (voluntary benchmark),CSF 2.0 portfolio profile GV.PO-02 (voluntary),CSF 2.0 GV.PO-02 (Govern; Policy),"Policy for managing cybersecurity risks is reviewed, updated, communicated, and enforced to reflect changes in requirements, threats, technology, and organizational mission",CSF 2.0 subcategory (voluntary),Yes (voluntary benchmark),GV.PO-02,PL-1,AC-1; AT-1; AU-1; CA-1; CM-1; CP-1; IA-1; IR-1; MA-1; MP-1; PE-1; PL-1; PM-1; PS-1; PT-1; RA-1; SA-1; SC-1; SI-1; SR-1,CSF 2.0 to SP 800-53: official NIST informative reference (SRC-OLIR-CSF-53) in column nist_official_sp800_53r5; key-control subset selected by the author,POL-01 4.6 sets an annual review and review after major change,POL-01,Partially met,Never reviewed yet,Low,First review July 2027,Owner-manager,2027-07-31,Same for all three LLCs (delivered by the shared back office),None
G-019,NIST CSF 2.0 portfolio profile (voluntary benchmark),CSF 2.0 portfolio profile GV.OV-01 (voluntary),CSF 2.0 GV.OV-01 (Govern; Oversight),Cybersecurity risk management strategy outcomes are reviewed to inform and adjust strategy and direction,CSF 2.0 subcategory (voluntary),Yes (voluntary benchmark),GV.OV-01,PM-9; CA-7,AC-1; AT-1; AU-1; CA-1; CM-1; CP-1; IA-1; IR-1; MA-1; MP-1; PE-1; PL-1; PM-1; PS-1; PT-1; RA-1; SA-1; SC-1; SI-1; SR-1; PM-9; PM-18; PM-30; PM-31; RA-7; SR-6,CSF 2.0 to SP 800-53: official NIST informative reference (SRC-OLIR-CSF-53) in column nist_official_sp800_53r5; key-control subset selected by the author,No review of whether the security work is producing results,Self-attestation,Not met,No review,Low,"Annual review of P01, P03, and the POA&M each July",Owner-manager,2027-07-31,Same for all three LLCs (delivered by the shared back office),None
G-020,NIST CSF 2.0 portfolio profile (voluntary benchmark),CSF 2.0 portfolio profile GV.OV-02 (voluntary),CSF 2.0 GV.OV-02 (Govern; Oversight),The cybersecurity risk management strategy is reviewed and adjusted to ensure coverage of organizational requirements and risks,CSF 2.0 subcategory (voluntary),Yes (voluntary benchmark),GV.OV-02,PM-9,PM-9; PM-19; PM-30; PM-31; RA-7; SR-6,CSF 2.0 to SP 800-53: official NIST informative reference (SRC-OLIR-CSF-53) in column nist_official_sp800_53r5; key-control subset selected by the author,No review of whether the approach covers new requirements (for example a new LLC),Self-attestation,Not met,No review,Low,Annual review; trigger review before buying a business,Owner-manager,2027-07-31,Same for all three LLCs (delivered by the shared back office),None
G-021,NIST CSF 2.0 portfolio profile (voluntary benchmark),CSF 2.0 portfolio profile GV.OV-03 (voluntary),CSF 2.0 GV.OV-03 (Govern; Oversight),Organizational cybersecurity risk management performance is evaluated and reviewed for adjustments needed,CSF 2.0 subcategory (voluntary),Yes (voluntary benchmark),GV.OV-03,PM-6,PM-4; PM-6; RA-7; SR-6,CSF 2.0 to SP 800-53: official NIST informative reference (SRC-OLIR-CSF-53) in column nist_official_sp800_53r5; key-control subset selected by the author,No measures of performance,Self-attestation,Not met,No measures,Low,Track POA&M items closed on time and the monthly review log,Owner-manager,2027-07-31,Same for all three LLCs (delivered by the shared back office),None
G-022,NIST CSF 2.0 portfolio profile (voluntary benchmark),CSF 2.0 portfolio profile GV.SC-01 (voluntary),CSF 2.0 GV.SC-01 (Govern; Cybersecurity Supply Chain Risk Management),"A cybersecurity supply chain risk management program, strategy, objectives, policies, and processes are established and agreed to by organizational stakeholders",CSF 2.0 subcategory (voluntary),Yes (voluntary benchmark),GV.SC-01,SR-1; SR-2,PM-30; SR-2; SR-3,CSF 2.0 to SP 800-53: official NIST informative reference (SRC-OLIR-CSF-53) in column nist_official_sp800_53r5; key-control subset selected by the author,"No supplier risk approach. Seven SaaS vendors, a bank, two processors, and three contractors were chosen on price and convenience",Self-attestation,Not met,No supplier risk approach,Moderate,POL-01 section 6 vendor rules,Owner-manager,2026-10-31,Same for all three LLCs (delivered by the shared back office),None
G-023,NIST CSF 2.0 portfolio profile (voluntary benchmark),CSF 2.0 portfolio profile GV.SC-02 (voluntary),CSF 2.0 GV.SC-02 (Govern; Cybersecurity Supply Chain Risk Management),"Cybersecurity roles and responsibilities for suppliers, customers, and partners are established, communicated, and coordinated internally and externally",CSF 2.0 subcategory (voluntary),Yes (voluntary benchmark),GV.SC-02,SA-9; PS-7,SR-2; SR-3; SR-5,CSF 2.0 to SP 800-53: official NIST informative reference (SRC-OLIR-CSF-53) in column nist_official_sp800_53r5; key-control subset selected by the author,Vendor roles are set by each vendor's terms; the bookkeeper's and IT technician's roles are informal (technician agreement signed 2026-07-24),Agreements folder,Partially met,Bookkeeper has no written security duties,Moderate,Confidentiality and security terms with the bookkeeper,Owner-manager,2026-10-31,Same for all three LLCs (delivered by the shared back office),None
G-024,NIST CSF 2.0 portfolio profile (voluntary benchmark),CSF 2.0 portfolio profile GV.SC-03 (voluntary),CSF 2.0 GV.SC-03 (Govern; Cybersecurity Supply Chain Risk Management),"Cybersecurity supply chain risk management is integrated into cybersecurity and enterprise risk management, risk assessment, and improvement processes",CSF 2.0 subcategory (voluntary),Yes (voluntary benchmark),GV.SC-03,SR-2; PM-30,AC-1; AT-1; AU-1; CA-1; CM-1; CP-1; IA-1; IR-1; MA-1; MP-1; PE-1; PL-1; PM-1; PS-1; PT-1; RA-1; SA-1; SC-1; SI-1; SR-1; PM-9; PM-18; PM-30; PM-31; SR-2; SR-3; RA-3; RA-7,CSF 2.0 to SP 800-53: official NIST informative reference (SRC-OLIR-CSF-53) in column nist_official_sp800_53r5; key-control subset selected by the author,Supplier risks are now in P01 (R-011) for the first time,P01,Partially met,Not yet integrated into purchasing,Low,Use the vendor checklist in POL-01 6.3 before any new tool,Owner-manager,2026-10-31,Same for all three LLCs (delivered by the shared back office),None
G-025,NIST CSF 2.0 portfolio profile (voluntary benchmark),CSF 2.0 portfolio profile GV.SC-04 (voluntary),CSF 2.0 GV.SC-04 (Govern; Cybersecurity Supply Chain Risk Management),Suppliers are known and prioritized by criticality,CSF 2.0 subcategory (voluntary),Yes (voluntary benchmark),GV.SC-04,SR-2; SA-9,RA-9; SA-9; SR-6,CSF 2.0 to SP 800-53: official NIST informative reference (SRC-OLIR-CSF-53) in column nist_official_sp800_53r5; key-control subset selected by the author,No vendor list. Vendors and what data each holds are known only to the owner,Self-attestation,Not met,No vendor list or criticality,Moderate,"Vendor list in POL-01 Appendix A with data held, criticality, and notice contact",Owner-manager,2026-10-31,"Each LLC has one critical vendor (storage system, property management platform, laundry platform)",None
G-026,NIST CSF 2.0 portfolio profile (voluntary benchmark),CSF 2.0 portfolio profile GV.SC-05 (voluntary),CSF 2.0 GV.SC-05 (Govern; Cybersecurity Supply Chain Risk Management),"Requirements to address cybersecurity risks in supply chains are established, prioritized, and integrated into contracts and other types of agreements with suppliers and other relevant third parties",CSF 2.0 subcategory (voluntary),Yes (voluntary benchmark),GV.SC-05,SA-4; SA-9; SR-3,SA-4; SA-9; SR-3; SR-5; SR-6; SR-10,CSF 2.0 to SP 800-53: official NIST informative reference (SRC-OLIR-CSF-53) in column nist_official_sp800_53r5; key-control subset selected by the author,No security requirements in any vendor contract the owner negotiated; vendor terms accepted as offered,Agreements folder,Not met,No requirements set,Moderate,Require breach notice to the owner within 10 days (mirrors Fla. Stat. 501.171(6)) and confidentiality from the bookkeeper and IT technician; check vendor terms for the same,Owner-manager,2026-10-31,Same for all three LLCs (delivered by the shared back office),None
G-027,NIST CSF 2.0 portfolio profile (voluntary benchmark),CSF 2.0 portfolio profile GV.SC-06 (voluntary),CSF 2.0 GV.SC-06 (Govern; Cybersecurity Supply Chain Risk Management),Planning and due diligence are performed to reduce risks before entering into formal supplier or other third-party relationships,CSF 2.0 subcategory (voluntary),Yes (voluntary benchmark),GV.SC-06,SA-4; SR-5; SR-6,SA-4; SA-9; SR-5; SR-6,CSF 2.0 to SP 800-53: official NIST informative reference (SRC-OLIR-CSF-53) in column nist_official_sp800_53r5; key-control subset selected by the author,No due diligence before choosing vendors; the AI assistant was turned on without reading its terms,Self-attestation,Not met,No due diligence,Moderate,"Vendor checklist before purchase: MFA, data location, breach notice, export, SOC 2 if offered",Owner-manager,2026-10-31,Same for all three LLCs (delivered by the shared back office),None
G-028,NIST CSF 2.0 portfolio profile (voluntary benchmark),CSF 2.0 portfolio profile GV.SC-07 (voluntary),CSF 2.0 GV.SC-07 (Govern; Cybersecurity Supply Chain Risk Management),"The risks posed by a supplier, their products and services, and other third parties are understood, recorded, prioritized, assessed, responded to, and monitored over the course of the relationship",CSF 2.0 subcategory (voluntary),Yes (voluntary benchmark),GV.SC-07,SA-9; RA-3,RA-9; SA-4; SA-9; SR-3; SR-6,CSF 2.0 to SP 800-53: official NIST informative reference (SRC-OLIR-CSF-53) in column nist_official_sp800_53r5; key-control subset selected by the author,The accounting service's SOC 2 Type 2 report was reviewed on 2026-07-29 (P09); no other vendor reviewed,P09 vendor review,Partially met,Only one vendor reviewed,Low,Annual review of the accounting service report; ask the storage and property management vendors for their reports,Owner-manager,2027-07-31,Same for all three LLCs (delivered by the shared back office),None
G-029,NIST CSF 2.0 portfolio profile (voluntary benchmark),CSF 2.0 portfolio profile GV.SC-08 (voluntary),CSF 2.0 GV.SC-08 (Govern; Cybersecurity Supply Chain Risk Management),"Relevant suppliers and other third parties are included in incident planning, response, and recovery activities",CSF 2.0 subcategory (voluntary),Yes (voluntary benchmark),GV.SC-08,IR-4; IR-6; SR-8,SA-4; SA-9; SR-2; SR-3; SR-8; CP-1; IR-1,CSF 2.0 to SP 800-53: official NIST informative reference (SRC-OLIR-CSF-53) in column nist_official_sp800_53r5; key-control subset selected by the author,"Vendors are not in incident planning; their security notices go to the owner's mailbox, which is itself a likely target",Self-attestation,Not met,No vendor incident contacts,Moderate,Vendor support and fraud lines in the P08 printed contact list,Owner-manager,2026-09-30,Same for all three LLCs (delivered by the shared back office),None
G-030,NIST CSF 2.0 portfolio profile (voluntary benchmark),CSF 2.0 portfolio profile GV.SC-09 (voluntary),CSF 2.0 GV.SC-09 (Govern; Cybersecurity Supply Chain Risk Management),"Supply chain security practices are integrated into cybersecurity and enterprise risk management programs, and their performance is monitored throughout the technology product and service life cycle",CSF 2.0 subcategory (voluntary),Yes (voluntary benchmark),GV.SC-09,SR-1; PM-30,PM-9; PM-19; PM-28; PM-30; PM-31; RA-3; RA-7; SA-4; SA-9; SR-2; SR-3; SR-5; SR-6,CSF 2.0 to SP 800-53: official NIST informative reference (SRC-OLIR-CSF-53) in column nist_official_sp800_53r5; key-control subset selected by the author,Supply chain practices are not monitored,Self-attestation,Not met,No monitoring,Low,Annual vendor list review each July,Owner-manager,2027-07-31,Same for all three LLCs (delivered by the shared back office),None
G-031,NIST CSF 2.0 portfolio profile (voluntary benchmark),CSF 2.0 portfolio profile GV.SC-10 (voluntary),CSF 2.0 GV.SC-10 (Govern; Cybersecurity Supply Chain Risk Management),Cybersecurity supply chain risk management plans include provisions for activities that occur after the conclusion of a partnership or service agreement,CSF 2.0 subcategory (voluntary),Yes (voluntary benchmark),GV.SC-10,SA-9; SR-12,PM-31; RA-3; RA-5; RA-7; SA-4; SA-9; SR-2; SR-3; SR-5; SR-6,CSF 2.0 to SP 800-53: official NIST informative reference (SRC-OLIR-CSF-53) in column nist_official_sp800_53r5; key-control subset selected by the author,"No exit steps: the payroll provider the LLCs used until 2024 still holds former employees' records, and the account was never closed",Self-attestation; account review 2026-07-29,Not met,Old vendor account still holds employee data,Moderate,"Confirm the former provider's retention terms, export what must be kept, and close the account; add an exit step (export, delete, confirm) to POL-01 6.4",Owner-manager,2026-10-31,Storage and Laundry (former payroll provider),None
G-032,NIST CSF 2.0 portfolio profile (voluntary benchmark),CSF 2.0 portfolio profile ID.AM-01 (voluntary),CSF 2.0 ID.AM-01 (Identify; Asset Management),Inventories of hardware managed by the organization are maintained,CSF 2.0 subcategory (voluntary),Yes (voluntary benchmark),ID.AM-01,CM-8,CM-8; PM-5,CSF 2.0 to SP 800-53: official NIST informative reference (SRC-OLIR-CSF-53) in column nist_official_sp800_53r5; key-control subset selected by the author,"Hardware listed for the first time in the scenario facts (laptop, phone, Storage desktop, POS tablet, three routers, gate controller)",Scenario facts section 3,Partially met,No maintained inventory,Low,"POL-01 Appendix A as the inventory, updated each July",Owner-manager,2026-09-30,Same for all three LLCs (delivered by the shared back office),None
G-033,NIST CSF 2.0 portfolio profile (voluntary benchmark),CSF 2.0 portfolio profile ID.AM-02 (voluntary),CSF 2.0 ID.AM-02 (Identify; Asset Management),"Inventories of software, services, and systems managed by the organization are maintained",CSF 2.0 subcategory (voluntary),Yes (voluntary benchmark),ID.AM-02,CM-8,AC-20; CM-8; PM-5; SA-5; SA-9,CSF 2.0 to SP 800-53: official NIST informative reference (SRC-OLIR-CSF-53) in column nist_official_sp800_53r5; key-control subset selected by the author,Ten systems listed in the scenario facts; the AI assistant and the former payroll account were found only during this review,Scenario facts section 3,Partially met,Inventory incomplete until July 2026,Moderate,Keep the POL-01 Appendix A list current; add any new SaaS before use,Owner-manager,2026-09-30,Same for all three LLCs (delivered by the shared back office),None
G-034,NIST CSF 2.0 portfolio profile (voluntary benchmark),CSF 2.0 portfolio profile ID.AM-03 (voluntary),CSF 2.0 ID.AM-03 (Identify; Asset Management),Representations of the organization's authorized network communication and internal and external network data flows are maintained,CSF 2.0 subcategory (voluntary),Yes (voluntary benchmark),ID.AM-03,PL-8; AC-4,AC-4; CA-3; CA-9; PL-2; PL-8; PM-7,CSF 2.0 to SP 800-53: official NIST informative reference (SRC-OLIR-CSF-53) in column nist_official_sp800_53r5; key-control subset selected by the author,The P04 diagram shows data flows for the first time,P04 cloud-architecture.md,Partially met,Network maps for the two sites not drawn,Low,Add a one-line network note per site to POL-01 Appendix A,Owner-manager,2026-12-31,Laundromat flat network (R-006),None
G-035,NIST CSF 2.0 portfolio profile (voluntary benchmark),CSF 2.0 portfolio profile ID.AM-04 (voluntary),CSF 2.0 ID.AM-04 (Identify; Asset Management),Inventories of services provided by suppliers are maintained,CSF 2.0 subcategory (voluntary),Yes (voluntary benchmark),ID.AM-04,SA-9,AC-20; SA-9; SR-2,CSF 2.0 to SP 800-53: official NIST informative reference (SRC-OLIR-CSF-53) in column nist_official_sp800_53r5; key-control subset selected by the author,No list of services provided by suppliers,Self-attestation,Not met,No supplier service inventory,Moderate,Vendor list (GV.SC-04),Owner-manager,2026-10-31,Same for all three LLCs (delivered by the shared back office),None
G-036,NIST CSF 2.0 portfolio profile (voluntary benchmark),CSF 2.0 portfolio profile ID.AM-05 (voluntary),CSF 2.0 ID.AM-05 (Identify; Asset Management),"Assets are prioritized based on classification, criticality, resources, and impact on the mission",CSF 2.0 subcategory (voluntary),Yes (voluntary benchmark),ID.AM-05,RA-2; RA-9,RA-3; RA-9; RA-2,CSF 2.0 to SP 800-53: official NIST informative reference (SRC-OLIR-CSF-53) in column nist_official_sp800_53r5; key-control subset selected by the author,"Assets prioritized by the BIA (2026-07-28): owner email first, then Storage, payments, Laundry, Rentals",P05 BIA,Met,None,Very Low,Review with the BIA each July,Owner-manager,2027-07-31,Same for all three LLCs (delivered by the shared back office),None
G-037,NIST CSF 2.0 portfolio profile (voluntary benchmark),CSF 2.0 portfolio profile ID.AM-07 (voluntary),CSF 2.0 ID.AM-07 (Identify; Asset Management),Inventories of data and corresponding metadata for designated data types are maintained,CSF 2.0 subcategory (voluntary),Yes (voluntary benchmark),ID.AM-07,CM-12; CM-13,CM-12; CM-13; SI-12,CSF 2.0 to SP 800-53: official NIST informative reference (SRC-OLIR-CSF-53) in column nist_official_sp800_53r5; key-control subset selected by the author,No data inventory; the owner did not know how many application files and license scans were in storage until this review (47 and about 230),File listing 2026-07-29,Not met,No data inventory,Moderate,Data locations table in POL-01 Appendix A,Owner-manager,2026-09-30,Rentals applications and Storage license scans are the largest Restricted holdings,None
G-038,NIST CSF 2.0 portfolio profile (voluntary benchmark),CSF 2.0 portfolio profile ID.AM-08 (voluntary),CSF 2.0 ID.AM-08 (Identify; Asset Management),"Systems, hardware, software, services, and data are managed throughout their life cycles",CSF 2.0 subcategory (voluntary),Yes (voluntary benchmark),ID.AM-08,SI-12; MP-6; SA-22,CM-9; CM-13; MA-2; MA-6; PL-2; PM-22; PM-23; SA-3; SA-4; SA-8; SA-22; SI-12; SI-18; SR-5; SR-12,CSF 2.0 to SP 800-53: official NIST informative reference (SRC-OLIR-CSF-53) in column nist_official_sp800_53r5; key-control subset selected by the author,"No life-cycle rules: data is kept forever, old vendor accounts stay open, and there is no device disposal procedure",Self-attestation,Not met,"No retention, exit, or disposal rules",Moderate,POL-01 8.7 retention and disposal; first clean-up,Owner-manager,2026-10-31,Rentals consumer reports must be disposed of properly (16 CFR 682.3),None
G-039,NIST CSF 2.0 portfolio profile (voluntary benchmark),CSF 2.0 portfolio profile ID.RA-01 (voluntary),CSF 2.0 ID.RA-01 (Identify; Risk Assessment),"Vulnerabilities in assets are identified, validated, and recorded",CSF 2.0 subcategory (voluntary),Yes (voluntary benchmark),ID.RA-01,RA-5; SI-2,CA-2; CA-7; CA-8; RA-3; RA-5; SA-11(2); SA-15(7); SA-15(8); SI-4; SI-5,CSF 2.0 to SP 800-53: official NIST informative reference (SRC-OLIR-CSF-53) in column nist_official_sp800_53r5; key-control subset selected by the author,"Vulnerabilities identified once, in this review (default gate password, flat laundromat network, router firmware never updated); no scanning",P01; P07,Partially met,No ongoing vulnerability identification,Moderate,IT technician checks router and gate firmware and settings each July,Owner-manager,2027-07-31,Site devices at Storage and Laundry,None
G-040,NIST CSF 2.0 portfolio profile (voluntary benchmark),CSF 2.0 portfolio profile ID.RA-02 (voluntary),CSF 2.0 ID.RA-02 (Identify; Risk Assessment),Cyber threat intelligence is received from information sharing forums and sources,CSF 2.0 subcategory (voluntary),Yes (voluntary benchmark),ID.RA-02,PM-15; PM-16,SI-5; PM-15; PM-16,CSF 2.0 to SP 800-53: official NIST informative reference (SRC-OLIR-CSF-53) in column nist_official_sp800_53r5; key-control subset selected by the author,No threat information received,Self-attestation,Not met,No threat information,Low,Subscribe to free government alerts for small businesses and the bank's fraud alerts,Owner-manager,2026-10-31,Same for all three LLCs (delivered by the shared back office),None
G-041,NIST CSF 2.0 portfolio profile (voluntary benchmark),CSF 2.0 portfolio profile ID.RA-03 (voluntary),CSF 2.0 ID.RA-03 (Identify; Risk Assessment),Internal and external threats to the organization are identified and recorded,CSF 2.0 subcategory (voluntary),Yes (voluntary benchmark),ID.RA-03,RA-3; PM-16,PM-12; PM-16; RA-3; SI-5,CSF 2.0 to SP 800-53: official NIST informative reference (SRC-OLIR-CSF-53) in column nist_official_sp800_53r5; key-control subset selected by the author,Threats identified and recorded in the first risk assessment (2026-07-31),P01 risk register,Met,None,Very Low,Update each July,Owner-manager,2027-07-31,Same for all three LLCs (delivered by the shared back office),None
G-042,NIST CSF 2.0 portfolio profile (voluntary benchmark),CSF 2.0 portfolio profile ID.RA-04 (voluntary),CSF 2.0 ID.RA-04 (Identify; Risk Assessment),Potential impacts and likelihoods of threats exploiting vulnerabilities are identified and recorded,CSF 2.0 subcategory (voluntary),Yes (voluntary benchmark),ID.RA-04,RA-3,PM-9; PM-11; RA-2; RA-3; RA-8; RA-9,CSF 2.0 to SP 800-53: official NIST informative reference (SRC-OLIR-CSF-53) in column nist_official_sp800_53r5; key-control subset selected by the author,Likelihood and impact recorded for 15 risks using SP 800-30 tables,P01 risk register,Met,None,Very Low,Update each July,Owner-manager,2027-07-31,Same for all three LLCs (delivered by the shared back office),None
G-043,NIST CSF 2.0 portfolio profile (voluntary benchmark),CSF 2.0 portfolio profile ID.RA-05 (voluntary),CSF 2.0 ID.RA-05 (Identify; Risk Assessment),"Threats, vulnerabilities, likelihoods, and impacts are used to understand inherent risk and inform risk response prioritization",CSF 2.0 subcategory (voluntary),Yes (voluntary benchmark),ID.RA-05,RA-3; PM-9,PM-16; RA-2; RA-3; RA-7,CSF 2.0 to SP 800-53: official NIST informative reference (SRC-OLIR-CSF-53) in column nist_official_sp800_53r5; key-control subset selected by the author,Inherent risk computed with Tables G-5 and I-2 and used to set treatment order,P01 risk register,Met,None,Very Low,Update each July,Owner-manager,2027-07-31,Same for all three LLCs (delivered by the shared back office),None
G-044,NIST CSF 2.0 portfolio profile (voluntary benchmark),CSF 2.0 portfolio profile ID.RA-06 (voluntary),CSF 2.0 ID.RA-06 (Identify; Risk Assessment),"Risk responses are chosen, prioritized, planned, tracked, and communicated",CSF 2.0 subcategory (voluntary),Yes (voluntary benchmark),ID.RA-06,PM-9; CA-5,PM-9; PM-18; PM-30; RA-7,CSF 2.0 to SP 800-53: official NIST informative reference (SRC-OLIR-CSF-53) in column nist_official_sp800_53r5; key-control subset selected by the author,"Treatment plans set and tracked in P01 and the POA&M; most not yet implemented, including the High risks",P01; P07 POA&M,Partially met,Three High risks untreated at fieldwork,High,"Complete High-risk treatments first (MFA, callback rule, successor access)",Owner-manager,2026-12-31,Same for all three LLCs (delivered by the shared back office),None
G-045,NIST CSF 2.0 portfolio profile (voluntary benchmark),CSF 2.0 portfolio profile ID.RA-07 (voluntary),CSF 2.0 ID.RA-07 (Identify; Risk Assessment),"Changes and exceptions are managed, assessed for risk impact, recorded, and tracked",CSF 2.0 subcategory (voluntary),Yes (voluntary benchmark),ID.RA-07,CM-3; CM-4,CA-7; CM-3; CM-4,CSF 2.0 to SP 800-53: official NIST informative reference (SRC-OLIR-CSF-53) in column nist_official_sp800_53r5; key-control subset selected by the author,Changes are not assessed: the AI assistant was turned on with no review,Self-attestation,Not met,No change review,Low,"POL-01 4.3 change triggers: new system, new vendor, new LLC, new employee",Owner-manager,2026-09-30,Buying or selling an LLC is the biggest change trigger,None
G-046,NIST CSF 2.0 portfolio profile (voluntary benchmark),CSF 2.0 portfolio profile ID.RA-08 (voluntary),CSF 2.0 ID.RA-08 (Identify; Risk Assessment),"Processes for receiving, analyzing, and responding to vulnerability disclosures are established",CSF 2.0 subcategory (voluntary),No - not applicable at this tier (see current_state),ID.RA-08,RA-5,RA-5,CSF 2.0 to SP 800-53: official NIST informative reference (SRC-OLIR-CSF-53) in column nist_official_sp800_53r5; key-control subset selected by the author,Not applicable: no entity develops or publishes software or products that others could report vulnerabilities in,Scenario facts,Not applicable,,,,,,Same for all three LLCs (delivered by the shared back office),None
G-047,NIST CSF 2.0 portfolio profile (voluntary benchmark),CSF 2.0 portfolio profile ID.RA-09 (voluntary),CSF 2.0 ID.RA-09 (Identify; Risk Assessment),The authenticity and integrity of hardware and software are assessed prior to acquisition and use,CSF 2.0 subcategory (voluntary),Yes (voluntary benchmark),ID.RA-09,SR-11; SI-7,SA-4; SA-5; SA-10; SA-11; SA-15; SA-17; SI-7; SR-5; SR-6; SR-10; SR-11,CSF 2.0 to SP 800-53: official NIST informative reference (SRC-OLIR-CSF-53) in column nist_official_sp800_53r5; key-control subset selected by the author,Software comes from official app stores and vendor sites; the POS tablet and gate controller were set up by vendors,Self-attestation,Partially met,No check of vendor-installed devices,Low,Ask the installer and laundry vendor to confirm firmware source at the July check,Owner-manager,2027-07-31,Gate controller (Storage) and POS tablet (Laundry),None
G-048,NIST CSF 2.0 portfolio profile (voluntary benchmark),CSF 2.0 portfolio profile ID.RA-10 (voluntary),CSF 2.0 ID.RA-10 (Identify; Risk Assessment),Critical suppliers are assessed prior to acquisition,CSF 2.0 subcategory (voluntary),Yes (voluntary benchmark),ID.RA-10,SA-4; SR-6,SR-6,CSF 2.0 to SP 800-53: official NIST informative reference (SRC-OLIR-CSF-53) in column nist_official_sp800_53r5; key-control subset selected by the author,Critical suppliers were not assessed before use,Self-attestation,Not met,No assessment before acquisition,Moderate,Vendor checklist (GV.SC-06) before any new critical vendor,Owner-manager,2026-10-31,Same for all three LLCs (delivered by the shared back office),None
G-049,NIST CSF 2.0 portfolio profile (voluntary benchmark),CSF 2.0 portfolio profile ID.IM-01 (voluntary),CSF 2.0 ID.IM-01 (Identify; Improvement),Improvements are identified from evaluations,CSF 2.0 subcategory (voluntary),Yes (voluntary benchmark),ID.IM-01,CA-2; CA-5,AC-1; AT-1; AU-1; CA-1; CM-1; CP-1; IA-1; IR-1; MA-1; MP-1; PE-1; PL-1; PM-1; PS-1; PT-1; RA-1; SA-1; SC-1; SI-1; SR-1; CA-2; CA-5; CA-7; CA-8; CP-2; IR-4; IR-8; PL-2; RA-3; RA-5; RA-7; SA-8; SA-11; SA-17(6); SI-2; SI-4; SR-5,CSF 2.0 to SP 800-53: official NIST informative reference (SRC-OLIR-CSF-53) in column nist_official_sp800_53r5; key-control subset selected by the author,Improvements identified from this self-assessment are in the POA&M,P07 POA&M,Partially met,First cycle only,Low,Annual July assessment,Owner-manager,2027-07-31,Same for all three LLCs (delivered by the shared back office),None
G-050,NIST CSF 2.0 portfolio profile (voluntary benchmark),CSF 2.0 portfolio profile ID.IM-02 (voluntary),CSF 2.0 ID.IM-02 (Identify; Improvement),"Improvements are identified from security tests and exercises, including those done in coordination with suppliers and relevant third parties",CSF 2.0 subcategory (voluntary),Yes (voluntary benchmark),ID.IM-02,CA-8; IR-3; CP-4,AC-1; AT-1; AU-1; CA-1; CM-1; CP-1; IA-1; IR-1; MA-1; MP-1; PE-1; PL-1; PM-1; PS-1; PT-1; RA-1; SA-1; SC-1; SI-1; SR-1; CA-2; CA-5; CA-7; CA-8; CP-2; CP-4; IR-3; IR-4; IR-8; PL-2; PM-4; PM-31; RA-3; RA-5; RA-7; SA-8; SA-11; SI-2; SI-4; SR-5,CSF 2.0 to SP 800-53: official NIST informative reference (SRC-OLIR-CSF-53) in column nist_official_sp800_53r5; key-control subset selected by the author,No tests or exercises; nothing has been restored and the incident plan has not been walked through,Self-attestation,Not met,No exercises,Moderate,Walk through P08 with the IT technician; first restore test after the backup service starts,Owner-manager,2026-10-31,Same for all three LLCs (delivered by the shared back office),None
G-051,NIST CSF 2.0 portfolio profile (voluntary benchmark),CSF 2.0 portfolio profile ID.IM-03 (voluntary),CSF 2.0 ID.IM-03 (Identify; Improvement),"Improvements are identified from execution of operational processes, procedures, and activities",CSF 2.0 subcategory (voluntary),Yes (voluntary benchmark),ID.IM-03,PM-4; CA-5,AC-1; AT-1; AU-1; CA-1; CM-1; CP-1; IA-1; IR-1; MA-1; MP-1; PE-1; PL-1; PM-1; PS-1; PT-1; RA-1; SA-1; SC-1; SI-1; SR-1; CA-2; CA-5; CA-7; CA-8; CP-2; IR-4; IR-8; PL-2; PM-4; PM-31; RA-3; RA-5; RA-7; SA-4; SA-8; SA-11; SI-2; SI-4; SR-5,CSF 2.0 to SP 800-53: official NIST informative reference (SRC-OLIR-CSF-53) in column nist_official_sp800_53r5; key-control subset selected by the author,Lessons from daily operations (for example the former assistant's account) are not captured,Self-attestation,Not met,No lessons-learned habit,Low,Security log entry for each problem found; reviewed each July,Owner-manager,2026-10-31,Same for all three LLCs (delivered by the shared back office),None
G-052,NIST CSF 2.0 portfolio profile (voluntary benchmark),CSF 2.0 portfolio profile ID.IM-04 (voluntary),CSF 2.0 ID.IM-04 (Identify; Improvement),"Incident response plans and other cybersecurity plans that affect operations are established, communicated, maintained, and improved",CSF 2.0 subcategory (voluntary),Yes (voluntary benchmark),ID.IM-04,IR-8; CP-2,CP-2; IR-8; PL-2; SR-2,CSF 2.0 to SP 800-53: official NIST informative reference (SRC-OLIR-CSF-53) in column nist_official_sp800_53r5; key-control subset selected by the author,P08 runbook adopted 2026-08-31; no plan for the owner's unavailability beyond the operating agreements,P08; LLC operating agreements,Partially met,Successor has authority but no access path; runbook untested,High,Sealed access sheet and recovery codes; Storage manager authority; walkthrough (P05),Owner-manager,2026-12-31,Same for all three LLCs (delivered by the shared back office),None
G-053,NIST CSF 2.0 portfolio profile (voluntary benchmark),CSF 2.0 portfolio profile PR.AA-01 (voluntary),"CSF 2.0 PR.AA-01 (Protect; Identity Management, Authentication, and Access Control)","Identities and credentials for authorized users, services, and hardware are managed by the organization",CSF 2.0 subcategory (voluntary),Yes (voluntary benchmark),PR.AA-01,IA-2; IA-4; IA-5; AC-2,AC-1; AC-2; AC-14; IA-1; IA-2; IA-3; IA-4; IA-5; IA-6; IA-7; IA-8; IA-9; IA-10; IA-11,CSF 2.0 to SP 800-53: official NIST informative reference (SRC-OLIR-CSF-53) in column nist_official_sp800_53r5; key-control subset selected by the author,Each person has an account except the two Laundry attendants (shared PIN and mailbox). Passwords saved in the browser and reused across two LLC systems; gate controller on the installer default,P07 IA-2 and IA-5 results,Partially met,"Shared credentials, reuse, default password",High,Password manager; individual PINs; delegated mailbox; change the gate password,Owner-manager,2026-09-30,Laundry (shared PIN and mailbox); Storage (gate default password),None
G-054,NIST CSF 2.0 portfolio profile (voluntary benchmark),CSF 2.0 portfolio profile PR.AA-02 (voluntary),"CSF 2.0 PR.AA-02 (Protect; Identity Management, Authentication, and Access Control)",Identities are proofed and bound to credentials based on the context of interactions,CSF 2.0 subcategory (voluntary),Yes (voluntary benchmark),PR.AA-02,IA-12,IA-12,CSF 2.0 to SP 800-53: official NIST informative reference (SRC-OLIR-CSF-53) in column nist_official_sp800_53r5; key-control subset selected by the author,Staff identity checked at hire by the owner (I-9 process); applicants' identity checked by the screening service,Self-attestation,Partially met,Not tied to account creation,Low,Create accounts only after hire paperwork is complete (POL-01 7.4),Owner-manager,2026-09-30,Storage and Laundry hires,None
G-055,NIST CSF 2.0 portfolio profile (voluntary benchmark),CSF 2.0 portfolio profile PR.AA-03 (voluntary),"CSF 2.0 PR.AA-03 (Protect; Identity Management, Authentication, and Access Control)","Users, services, and hardware are authenticated",CSF 2.0 subcategory (voluntary),Yes (voluntary benchmark),PR.AA-03,IA-2(1); IA-2(2); IA-5,AC-7; AC-12; IA-2; IA-3; IA-5; IA-7; IA-8; IA-9; IA-10; IA-11,CSF 2.0 to SP 800-53: official NIST informative reference (SRC-OLIR-CSF-53) in column nist_official_sp800_53r5; key-control subset selected by the author,"App-based MFA on the accounting and payroll services; text-message MFA on the owner's email and property management accounts; none on the storage system, laundry platform, manager's mailbox, or shared Laundry mailbox",P07 IA-2(1) and IA-2(2) results,Partially met,Phishable or missing MFA on the accounts that matter most,High,App-based MFA everywhere; hardware key for email and banking,Owner-manager,2026-09-15,Storage system and laundry platform have no MFA,None
G-056,NIST CSF 2.0 portfolio profile (voluntary benchmark),CSF 2.0 portfolio profile PR.AA-04 (voluntary),"CSF 2.0 PR.AA-04 (Protect; Identity Management, Authentication, and Access Control)","Identity assertions are protected, conveyed, and verified",CSF 2.0 subcategory (voluntary),No - not applicable at this tier (see current_state),PR.AA-04,IA-8; SC-23,IA-13,CSF 2.0 to SP 800-53: official NIST informative reference (SRC-OLIR-CSF-53) in column nist_official_sp800_53r5; key-control subset selected by the author,Not applicable: no federated sign-on or identity assertions are used; each service has its own sign-in,Scenario facts section 3,Not applicable,,,,,,Same for all three LLCs (delivered by the shared back office),None
G-057,NIST CSF 2.0 portfolio profile (voluntary benchmark),CSF 2.0 portfolio profile PR.AA-05 (voluntary),"CSF 2.0 PR.AA-05 (Protect; Identity Management, Authentication, and Access Control)","Access permissions, entitlements, and authorizations are defined in a policy, managed, enforced, and reviewed, and incorporate the principles of least privilege and separation of duties",CSF 2.0 subcategory (voluntary),Yes (voluntary benchmark),PR.AA-05,AC-2; AC-3; AC-6,AC-1; AC-2; AC-3; AC-5; AC-6; AC-10; AC-16; AC-17; AC-18; AC-19; AC-24; IA-13,CSF 2.0 to SP 800-53: official NIST informative reference (SRC-OLIR-CSF-53) in column nist_official_sp800_53r5; key-control subset selected by the author,"Each system enforces roles, but the bookkeeper has full access to all four company files, the owner administers everything from the daily email account, a former employee's account stayed active for six months, and no account is ever reviewed",P07 AC-2 results; user lists,Partially met,Excess and stale access; no reviews,High,Reduce the bookkeeper's role; separate administrator account; quarterly account review,Owner-manager,2026-10-31,Storage (stale account); all four company files (bookkeeper),None
G-058,NIST CSF 2.0 portfolio profile (voluntary benchmark),CSF 2.0 portfolio profile PR.AA-06 (voluntary),"CSF 2.0 PR.AA-06 (Protect; Identity Management, Authentication, and Access Control)","Physical access to assets is managed, monitored, and enforced commensurate with risk",CSF 2.0 subcategory (voluntary),Yes (voluntary benchmark),PR.AA-06,PE-2; PE-3,PE-2; PE-3; PE-4; PE-5; PE-6; PE-8; PE-18; PE-19; PE-20,CSF 2.0 to SP 800-53: official NIST informative reference (SRC-OLIR-CSF-53) in column nist_official_sp800_53r5; key-control subset selected by the author,Storage office and laundromat are locked after hours; the Storage desktop sits in the office; the gate logs every code entry,Walkthrough 2026-07-28,Partially met,Storage desktop reachable by anyone in the office while the manager is out,Low,Screen lock and individual sign-in (PR.AA-01),Owner-manager,2026-09-15,Storage office desktop,None
G-059,NIST CSF 2.0 portfolio profile (voluntary benchmark),CSF 2.0 portfolio profile PR.AT-01 (voluntary),CSF 2.0 PR.AT-01 (Protect; Awareness and Training),Personnel are provided with awareness and training so that they possess the knowledge and skills to perform general tasks with cybersecurity risks in mind,CSF 2.0 subcategory (voluntary),Yes (voluntary benchmark),PR.AT-01,AT-2,AT-2; AT-3,CSF 2.0 to SP 800-53: official NIST informative reference (SRC-OLIR-CSF-53) in column nist_official_sp800_53r5; key-control subset selected by the author,No security training for the owner or the LLC staff,Self-attestation,Not met,No training,Moderate,Free online course for the owner; 30-minute briefing for the Storage manager and attendants; then yearly,Owner-manager,2026-11-30,Same for all three LLCs (delivered by the shared back office),None
G-060,NIST CSF 2.0 portfolio profile (voluntary benchmark),CSF 2.0 portfolio profile PR.AT-02 (voluntary),CSF 2.0 PR.AT-02 (Protect; Awareness and Training),Individuals in specialized roles are provided with awareness and training so that they possess the knowledge and skills to perform relevant tasks with cybersecurity risks in mind,CSF 2.0 subcategory (voluntary),Yes (voluntary benchmark),PR.AT-02,AT-3; AT-2(3),AT-3,CSF 2.0 to SP 800-53: official NIST informative reference (SRC-OLIR-CSF-53) in column nist_official_sp800_53r5; key-control subset selected by the author,"Nobody with payment duties (owner, bookkeeper) has been trained on payment change fraud",Self-attestation,Not met,No training for payment roles,High,Payment fraud briefing for the owner and bookkeeper with the callback rule,Owner-manager,2026-09-30,Same for all three LLCs (delivered by the shared back office),None
G-061,NIST CSF 2.0 portfolio profile (voluntary benchmark),CSF 2.0 portfolio profile PR.DS-01 (voluntary),CSF 2.0 PR.DS-01 (Protect; Data Security),"The confidentiality, integrity, and availability of data-at-rest are protected",CSF 2.0 subcategory (voluntary),Yes (voluntary benchmark),PR.DS-01,SC-28; SC-28(1),CA-3; CP-9; MP-8; SC-4; SC-7; SC-12; SC-13; SC-28; SC-32; SC-39; SC-43; SI-3; SI-4; SI-7,CSF 2.0 to SP 800-53: official NIST informative reference (SRC-OLIR-CSF-53) in column nist_official_sp800_53r5; key-control subset selected by the author,Vendors encrypt stored data; the laptop and phone are encrypted. The Storage desktop is not encrypted. Applications and license scans sit in general file storage,P07 SC-28 results,Partially met,Unencrypted Storage desktop; Restricted files in shared folders,Moderate,Encrypt the Storage desktop; move Restricted files to one restricted folder,Owner-manager,2026-09-30,Storage desktop,None
G-062,NIST CSF 2.0 portfolio profile (voluntary benchmark),CSF 2.0 portfolio profile PR.DS-02 (voluntary),CSF 2.0 PR.DS-02 (Protect; Data Security),"The confidentiality, integrity, and availability of data-in-transit are protected",CSF 2.0 subcategory (voluntary),Yes (voluntary benchmark),PR.DS-02,SC-8; SC-8(1),AU-16; CA-3; SC-4; SC-7; SC-8; SC-11; SC-12; SC-13; SC-16; SC-40; SC-43; SI-3; SI-4; SI-7,CSF 2.0 to SP 800-53: official NIST informative reference (SRC-OLIR-CSF-53) in column nist_official_sp800_53r5; key-control subset selected by the author,"All SaaS, banking, and payment traffic uses TLS; card data is encrypted by processor fields and readers; rental documents go only through the platform or encrypted links",Vendor documentation; P04,Met,None,Very Low,Keep using platform messaging for applicants,Owner-manager,,Same for all three LLCs (delivered by the shared back office),None
G-063,NIST CSF 2.0 portfolio profile (voluntary benchmark),CSF 2.0 portfolio profile PR.DS-10 (voluntary),CSF 2.0 PR.DS-10 (Protect; Data Security),"The confidentiality, integrity, and availability of data-in-use are protected",CSF 2.0 subcategory (voluntary),Yes (voluntary benchmark),PR.DS-10,AC-11; SC-4,AC-2; AC-3; AC-4; AU-9; AU-13; CA-3; CP-9; SA-8; SC-4; SC-7; SC-11; SC-13; SC-24; SC-32; SC-39; SC-40; SC-43; SI-3; SI-4; SI-7; SI-10; SI-16,CSF 2.0 to SP 800-53: official NIST informative reference (SRC-OLIR-CSF-53) in column nist_official_sp800_53r5; key-control subset selected by the author,Data in use is on the owner's laptop and the Storage desktop; screens lock on the laptop but not on the desktop,Device settings,Partially met,Storage desktop has no screen lock,Low,Screen lock on the Storage desktop,Owner-manager,2026-09-15,Storage desktop,None
G-064,NIST CSF 2.0 portfolio profile (voluntary benchmark),CSF 2.0 portfolio profile PR.DS-11 (voluntary),CSF 2.0 PR.DS-11 (Protect; Data Security),"Backups of data are created, protected, maintained, and tested",CSF 2.0 subcategory (voluntary),Yes (voluntary benchmark),PR.DS-11,CP-9; CP-6,CP-6; CP-9,CSF 2.0 to SP 800-53: official NIST informative reference (SRC-OLIR-CSF-53) in column nist_official_sp800_53r5; key-control subset selected by the author,No backup of mail and files beyond 30-day deleted-item retention; no exports from LLC systems; nothing has ever been restored,P07 CP-9 results,Not met,No customer-side backup,High,Backup service for the suite; monthly exports; restore test,Owner-manager,2026-10-31,Same for all three LLCs (delivered by the shared back office),None
G-065,NIST CSF 2.0 portfolio profile (voluntary benchmark),CSF 2.0 portfolio profile PR.PS-01 (voluntary),CSF 2.0 PR.PS-01 (Protect; Platform Security),Configuration management practices are established and applied,CSF 2.0 subcategory (voluntary),Yes (voluntary benchmark),PR.PS-01,CM-2; CM-6,CM-1; CM-2; CM-3; CM-4; CM-5; CM-6; CM-7; CM-8; CM-9; CM-10; CM-11,CSF 2.0 to SP 800-53: official NIST informative reference (SRC-OLIR-CSF-53) in column nist_official_sp800_53r5; key-control subset selected by the author,No configuration standards; settings depend on vendor defaults,Self-attestation,Not met,No baseline,Low,"Record key settings (MFA, lock, encryption, guest Wi-Fi) in POL-01 Appendix A",Owner-manager,2026-12-31,Same for all three LLCs (delivered by the shared back office),None
G-066,NIST CSF 2.0 portfolio profile (voluntary benchmark),CSF 2.0 portfolio profile PR.PS-02 (voluntary),CSF 2.0 PR.PS-02 (Protect; Platform Security),"Software is maintained, replaced, and removed commensurate with risk",CSF 2.0 subcategory (voluntary),Yes (voluntary benchmark),PR.PS-02,SI-2; CM-11,CM-11; MA-3(6); SA-10(1); SI-2; SI-7,CSF 2.0 to SP 800-53: official NIST informative reference (SRC-OLIR-CSF-53) in column nist_official_sp800_53r5; key-control subset selected by the author,"Automatic updates on the laptop, phone, Storage desktop, and POS tablet; router firmware and the gate controller never updated",Update history; router status pages,Partially met,Network and gate devices not patched,Moderate,IT technician checks and updates them each July,Owner-manager,2026-10-31,Gate controller (Storage); laundromat router,None
G-067,NIST CSF 2.0 portfolio profile (voluntary benchmark),CSF 2.0 portfolio profile PR.PS-03 (voluntary),CSF 2.0 PR.PS-03 (Protect; Platform Security),"Hardware is maintained, replaced, and removed commensurate with risk",CSF 2.0 subcategory (voluntary),Yes (voluntary benchmark),PR.PS-03,MA-2; SA-22,CM-7(9); SA-10(3); SC-3(1); SC-39(1); SC-49; SC-51,CSF 2.0 to SP 800-53: official NIST informative reference (SRC-OLIR-CSF-53) in column nist_official_sp800_53r5; key-control subset selected by the author,Laptop and phone replaced every few years; the Storage desktop is 7 years old,Self-attestation,Partially met,Old Storage desktop,Low,Replace the Storage desktop with the next budget cycle; wipe the old one,Owner-manager,2027-07-31,Storage desktop,None
G-068,NIST CSF 2.0 portfolio profile (voluntary benchmark),CSF 2.0 portfolio profile PR.PS-04 (voluntary),CSF 2.0 PR.PS-04 (Protect; Platform Security),Log records are generated and made available for continuous monitoring,CSF 2.0 subcategory (voluntary),Yes (voluntary benchmark),PR.PS-04,AU-2; AU-12,AU-2; AU-3; AU-6; AU-7; AU-11; AU-12; SA-15(13),CSF 2.0 to SP 800-53: official NIST informative reference (SRC-OLIR-CSF-53) in column nist_official_sp800_53r5; key-control subset selected by the author,Vendors keep sign-in and admin logs; the bank emails an alert for every outgoing payment,Vendor log screens 2026-07-29,Met,None (review is DE.CM-03),Very Low,None,Owner-manager,,Same for all three LLCs (delivered by the shared back office),None
G-069,NIST CSF 2.0 portfolio profile (voluntary benchmark),CSF 2.0 portfolio profile PR.PS-05 (voluntary),CSF 2.0 PR.PS-05 (Protect; Platform Security),Installation and execution of unauthorized software are prevented,CSF 2.0 subcategory (voluntary),Yes (voluntary benchmark),PR.PS-05,CM-7; CM-11,CM-7(2); CM-7(4); CM-7(5); SC-34,CSF 2.0 to SP 800-53: official NIST informative reference (SRC-OLIR-CSF-53) in column nist_official_sp800_53r5; key-control subset selected by the author,Software only from official stores; the Storage desktop's shared account can install anything,Device settings,Partially met,No restriction on the Storage desktop,Low,Standard (non-administrator) account for the manager,Owner-manager,2026-09-15,Storage desktop,None
G-070,NIST CSF 2.0 portfolio profile (voluntary benchmark),CSF 2.0 portfolio profile PR.PS-06 (voluntary),CSF 2.0 PR.PS-06 (Protect; Platform Security),"Secure software development practices are integrated, and their performance is monitored throughout the software development life cycle",CSF 2.0 subcategory (voluntary),No - not applicable at this tier (see current_state),PR.PS-06,SA-8; SA-15,SA-3; SA-8; SA-10; SA-11; SA-15; SA-15(13); SA-17; SA-24,CSF 2.0 to SP 800-53: official NIST informative reference (SRC-OLIR-CSF-53) in column nist_official_sp800_53r5; key-control subset selected by the author,Not applicable: no entity develops software,Scenario facts,Not applicable,,,,,,Same for all three LLCs (delivered by the shared back office),None
G-071,NIST CSF 2.0 portfolio profile (voluntary benchmark),CSF 2.0 portfolio profile PR.IR-01 (voluntary),CSF 2.0 PR.IR-01 (Protect; Technology Infrastructure Resilience),Networks and environments are protected from unauthorized logical access and usage,CSF 2.0 subcategory (voluntary),Yes (voluntary benchmark),PR.IR-01,SC-7; AC-4,AC-3; AC-4; SC-4; SC-5; SC-7,CSF 2.0 to SP 800-53: official NIST informative reference (SRC-OLIR-CSF-53) in column nist_official_sp800_53r5; key-control subset selected by the author,Routers block inbound connections and host firewalls are on; the laundromat customer Wi-Fi shares the POS network,Router settings 2026-07-29,Partially met,Flat network at the laundromat,Moderate,Guest network for customers,Owner-manager,2026-10-31,Laundromat,None
G-072,NIST CSF 2.0 portfolio profile (voluntary benchmark),CSF 2.0 portfolio profile PR.IR-02 (voluntary),CSF 2.0 PR.IR-02 (Protect; Technology Infrastructure Resilience),The organization's technology assets are protected from environmental threats,CSF 2.0 subcategory (voluntary),Yes (voluntary benchmark),PR.IR-02,PE-9; PE-13; PE-15,CP-2; PE-9; PE-10; PE-11; PE-12; PE-13; PE-14; PE-15; PE-18; PE-23,CSF 2.0 to SP 800-53: official NIST informative reference (SRC-OLIR-CSF-53) in column nist_official_sp800_53r5; key-control subset selected by the author,Sites are in a hurricane area; site equipment is on the floor at the Storage office; no surge protection at the laundromat router,Walkthrough 2026-07-28,Partially met,Minor environmental exposure,Low,Surge protector and shelf for site equipment,Owner-manager,2026-12-31,Storage office; laundromat,None
G-073,NIST CSF 2.0 portfolio profile (voluntary benchmark),CSF 2.0 portfolio profile PR.IR-03 (voluntary),CSF 2.0 PR.IR-03 (Protect; Technology Infrastructure Resilience),Mechanisms are implemented to achieve resilience requirements in normal and adverse situations,CSF 2.0 subcategory (voluntary),Yes (voluntary benchmark),PR.IR-03,CP-2; CP-7,CP; IR; SA-8; SA-24; SC-6; SC-24; SC-36; SC-39; SI-13,CSF 2.0 to SP 800-53: official NIST informative reference (SRC-OLIR-CSF-53) in column nist_official_sp800_53r5; key-control subset selected by the author,"Manual fallbacks exist (gate stored codes, coin machines, paper forms); no fallback for the owner's identity",P05 BIA,Partially met,Owner identity has no resilience,Moderate,Spare hardware key and recovery codes in the sealed envelope,Owner-manager,2026-12-31,Same for all three LLCs (delivered by the shared back office),None
G-074,NIST CSF 2.0 portfolio profile (voluntary benchmark),CSF 2.0 portfolio profile PR.IR-04 (voluntary),CSF 2.0 PR.IR-04 (Protect; Technology Infrastructure Resilience),Adequate resource capacity to ensure availability is maintained,CSF 2.0 subcategory (voluntary),Yes (voluntary benchmark),PR.IR-04,CP-2; SC-5,CP-6; CP-7; CP-8; PM-3; PM-9,CSF 2.0 to SP 800-53: official NIST informative reference (SRC-OLIR-CSF-53) in column nist_official_sp800_53r5; key-control subset selected by the author,Capacity is managed by the SaaS vendors; site internet is adequate for the POS and storage system,Self-attestation,Met,None,Very Low,None,Owner-manager,,Same for all three LLCs (delivered by the shared back office),None
G-075,NIST CSF 2.0 portfolio profile (voluntary benchmark),CSF 2.0 portfolio profile DE.CM-01 (voluntary),CSF 2.0 DE.CM-01 (Detect; Continuous Monitoring),Networks and network services are monitored to find potentially adverse events,CSF 2.0 subcategory (voluntary),Yes (voluntary benchmark),DE.CM-01,SI-4,AC-2; AU-12; CA-7; CM-3; SC-5; SC-7; SI-4,CSF 2.0 to SP 800-53: official NIST informative reference (SRC-OLIR-CSF-53) in column nist_official_sp800_53r5; key-control subset selected by the author,No network monitoring at any site,Self-attestation,Not met,No monitoring,Low,Accept for site networks (no servers); rely on SaaS vendor monitoring; recheck yearly,Owner-manager,2027-07-31,Same for all three LLCs (delivered by the shared back office),None
G-076,NIST CSF 2.0 portfolio profile (voluntary benchmark),CSF 2.0 portfolio profile DE.CM-02 (voluntary),CSF 2.0 DE.CM-02 (Detect; Continuous Monitoring),The physical environment is monitored to find potentially adverse events,CSF 2.0 subcategory (voluntary),Yes (voluntary benchmark),DE.CM-02,PE-6,CA-7; PE-3; PE-6; PE-20,CSF 2.0 to SP 800-53: official NIST informative reference (SRC-OLIR-CSF-53) in column nist_official_sp800_53r5; key-control subset selected by the author,The gate logs each code entry in the storage system; the owner looks only after a tenant complaint,Storage system gate log,Partially met,No routine review,Low,Look at after-hours gate entries in the monthly review,Owner-manager,2026-10-31,Storage,None
G-077,NIST CSF 2.0 portfolio profile (voluntary benchmark),CSF 2.0 portfolio profile DE.CM-03 (voluntary),CSF 2.0 DE.CM-03 (Detect; Continuous Monitoring),Personnel activity and technology usage are monitored to find potentially adverse events,CSF 2.0 subcategory (voluntary),Yes (voluntary benchmark),DE.CM-03,AU-6; AC-2(12),AC-2; AU-12; AU-13; CA-7; CM-10; CM-11,CSF 2.0 to SP 800-53: official NIST informative reference (SRC-OLIR-CSF-53) in column nist_official_sp800_53r5; key-control subset selected by the author,Nobody has ever reviewed a sign-in log or mailbox rule change,P07 AU-6 results,Not met,No activity review,Moderate,"Monthly review of suite sign-ins and mailbox rules, storage system users, and bank alerts (POL-01 7.7)",Owner-manager,2026-10-31,Same for all three LLCs (delivered by the shared back office),None
G-078,NIST CSF 2.0 portfolio profile (voluntary benchmark),CSF 2.0 portfolio profile DE.CM-06 (voluntary),CSF 2.0 DE.CM-06 (Detect; Continuous Monitoring),External service provider activities and services are monitored to find potentially adverse events,CSF 2.0 subcategory (voluntary),Yes (voluntary benchmark),DE.CM-06,SA-9; AU-6,CA-7; PS-7; SA-4; SA-9; SI-4,CSF 2.0 to SP 800-53: official NIST informative reference (SRC-OLIR-CSF-53) in column nist_official_sp800_53r5; key-control subset selected by the author,Vendor activity is not watched; the bookkeeper's changes in the accounting files are not reviewed,Self-attestation,Not met,No review of vendor or bookkeeper activity,Moderate,Monthly look at the accounting service's audit trail for payee changes,Owner-manager,2026-10-31,Same for all three LLCs (delivered by the shared back office),None
G-079,NIST CSF 2.0 portfolio profile (voluntary benchmark),CSF 2.0 portfolio profile DE.CM-09 (voluntary),CSF 2.0 DE.CM-09 (Detect; Continuous Monitoring),"Computing hardware and software, runtime environments, and their data are monitored to find potentially adverse events",CSF 2.0 subcategory (voluntary),Yes (voluntary benchmark),DE.CM-09,SI-3; SI-4,AC-4; AC-9; AU-12; CA-7; CM-3; CM-6; CM-10; CM-11; SC-34; SC-35; SI-4; SI-7,CSF 2.0 to SP 800-53: official NIST informative reference (SRC-OLIR-CSF-53) in column nist_official_sp800_53r5; key-control subset selected by the author,Built-in antivirus on the laptop and Storage desktop with real-time scanning,Antivirus status 2026-07-30,Partially met,No check of the POS tablet,Low,Confirm the POS tablet's protection with the laundry vendor,Owner-manager,2026-12-31,Laundry POS tablet,None
G-080,NIST CSF 2.0 portfolio profile (voluntary benchmark),CSF 2.0 portfolio profile DE.AE-02 (voluntary),CSF 2.0 DE.AE-02 (Detect; Adverse Event Analysis),Potentially adverse events are analyzed to better understand associated activities,CSF 2.0 subcategory (voluntary),Yes (voluntary benchmark),DE.AE-02,AU-6; IR-4,AU-6; CA-7; IR-4; SI-4,CSF 2.0 to SP 800-53: official NIST informative reference (SRC-OLIR-CSF-53) in column nist_official_sp800_53r5; key-control subset selected by the author,No analysis of events; an unfamiliar sign-in alert in May 2026 was deleted unread,Self-attestation,Not met,No analysis,Moderate,Monthly review notes; any alert checked the same day,Owner-manager,2026-10-31,Same for all three LLCs (delivered by the shared back office),None
G-081,NIST CSF 2.0 portfolio profile (voluntary benchmark),CSF 2.0 portfolio profile DE.AE-03 (voluntary),CSF 2.0 DE.AE-03 (Detect; Adverse Event Analysis),Information is correlated from multiple sources,CSF 2.0 subcategory (voluntary),Yes (voluntary benchmark),DE.AE-03,AU-6(3),AU-6; CA-7; PM-16; IR-4; IR-5; IR-8; SI-4,CSF 2.0 to SP 800-53: official NIST informative reference (SRC-OLIR-CSF-53) in column nist_official_sp800_53r5; key-control subset selected by the author,No correlation across sources,Self-attestation,Not met,No correlation,Low,Accept at this size: the monthly review looks at all sources side by side,Owner-manager,2027-07-31,Same for all three LLCs (delivered by the shared back office),None
G-082,NIST CSF 2.0 portfolio profile (voluntary benchmark),CSF 2.0 portfolio profile DE.AE-04 (voluntary),CSF 2.0 DE.AE-04 (Detect; Adverse Event Analysis),The estimated impact and scope of adverse events are understood,CSF 2.0 subcategory (voluntary),Yes (voluntary benchmark),DE.AE-04,IR-4; RA-3,PM-9; PM-11; PM-18; PM-28; PM-30,CSF 2.0 to SP 800-53: official NIST informative reference (SRC-OLIR-CSF-53) in column nist_official_sp800_53r5; key-control subset selected by the author,No method to judge which entity and how many people an event affects,Self-attestation,Not met,No impact method,Moderate,P08 step: count affected people per LLC and per state,Owner-manager,2026-09-30,Same for all three LLCs (delivered by the shared back office),None
G-083,NIST CSF 2.0 portfolio profile (voluntary benchmark),CSF 2.0 portfolio profile DE.AE-06 (voluntary),CSF 2.0 DE.AE-06 (Detect; Adverse Event Analysis),Information on adverse events is provided to authorized staff and tools,CSF 2.0 subcategory (voluntary),Yes (voluntary benchmark),DE.AE-06,IR-6; SI-4(5),IR-4; PM-15; PM-16; RA-4; RA-10,CSF 2.0 to SP 800-53: official NIST informative reference (SRC-OLIR-CSF-53) in column nist_official_sp800_53r5; key-control subset selected by the author,Alerts go only to the owner's mailbox,Self-attestation,Not met,Alerts can be missed or hidden by an attacker,Low,Send bank and suite security alerts to the phone as well,Owner-manager,2026-09-30,Same for all three LLCs (delivered by the shared back office),None
G-084,NIST CSF 2.0 portfolio profile (voluntary benchmark),CSF 2.0 portfolio profile DE.AE-07 (voluntary),CSF 2.0 DE.AE-07 (Detect; Adverse Event Analysis),Cyber threat intelligence and other contextual information are integrated into the analysis,CSF 2.0 subcategory (voluntary),Yes (voluntary benchmark),DE.AE-07,PM-16,PM-16; RA-3; RA-10,CSF 2.0 to SP 800-53: official NIST informative reference (SRC-OLIR-CSF-53) in column nist_official_sp800_53r5; key-control subset selected by the author,No threat context used,Self-attestation,Not met,None,Low,Use bank and government alerts (ID.RA-02),Owner-manager,2026-10-31,Same for all three LLCs (delivered by the shared back office),None
G-085,NIST CSF 2.0 portfolio profile (voluntary benchmark),CSF 2.0 portfolio profile DE.AE-08 (voluntary),CSF 2.0 DE.AE-08 (Detect; Adverse Event Analysis),Incidents are declared when adverse events meet the defined incident criteria,CSF 2.0 subcategory (voluntary),Yes (voluntary benchmark),DE.AE-08,IR-4; IR-8,IR-4; IR-8,CSF 2.0 to SP 800-53: official NIST informative reference (SRC-OLIR-CSF-53) in column nist_official_sp800_53r5; key-control subset selected by the author,No definition of when an event is an incident,Self-attestation,Not met,No criteria,Moderate,P08 section 2 declaration criteria,Owner-manager,2026-08-31,Same for all three LLCs (delivered by the shared back office),None
G-086,NIST CSF 2.0 portfolio profile (voluntary benchmark),CSF 2.0 portfolio profile RS.MA-01 (voluntary),CSF 2.0 RS.MA-01 (Respond; Incident Management),The incident response plan is executed in coordination with relevant third parties once an incident is declared,CSF 2.0 subcategory (voluntary),Yes (voluntary benchmark),RS.MA-01,IR-4; IR-8,IR-6; IR-7; IR-8; SR-3; SR-8,CSF 2.0 to SP 800-53: official NIST informative reference (SRC-OLIR-CSF-53) in column nist_official_sp800_53r5; key-control subset selected by the author,No incident plan before 2026-08-31; the P08 runbook is adopted but untested,P08,Not met,Untested,Moderate,Walkthrough with the IT technician,Owner-manager,2026-09-30,Same for all three LLCs (delivered by the shared back office),None
G-087,NIST CSF 2.0 portfolio profile (voluntary benchmark),CSF 2.0 portfolio profile RS.MA-02 (voluntary),CSF 2.0 RS.MA-02 (Respond; Incident Management),Incident reports are triaged and validated,CSF 2.0 subcategory (voluntary),Yes (voluntary benchmark),RS.MA-02,IR-4; IR-5,IR-4; IR-5; IR-6,CSF 2.0 to SP 800-53: official NIST informative reference (SRC-OLIR-CSF-53) in column nist_official_sp800_53r5; key-control subset selected by the author,No triage step,Self-attestation,Not met,No triage,Low,P08 first-hour steps,Owner-manager,2026-09-30,Same for all three LLCs (delivered by the shared back office),None
G-088,NIST CSF 2.0 portfolio profile (voluntary benchmark),CSF 2.0 portfolio profile RS.MA-03 (voluntary),CSF 2.0 RS.MA-03 (Respond; Incident Management),Incidents are categorized and prioritized,CSF 2.0 subcategory (voluntary),Yes (voluntary benchmark),RS.MA-03,IR-4; IR-5,IR-4; IR-5; IR-6,CSF 2.0 to SP 800-53: official NIST informative reference (SRC-OLIR-CSF-53) in column nist_official_sp800_53r5; key-control subset selected by the author,No categories or priorities,Self-attestation,Not met,None,Low,P08 uses one incident type with BIA priorities,Owner-manager,2026-09-30,Same for all three LLCs (delivered by the shared back office),None
G-089,NIST CSF 2.0 portfolio profile (voluntary benchmark),CSF 2.0 portfolio profile RS.MA-04 (voluntary),CSF 2.0 RS.MA-04 (Respond; Incident Management),Incidents are escalated or elevated as needed,CSF 2.0 subcategory (voluntary),Yes (voluntary benchmark),RS.MA-04,IR-4; IR-7,IR-4; IR-5; IR-6; IR-7,CSF 2.0 to SP 800-53: official NIST informative reference (SRC-OLIR-CSF-53) in column nist_official_sp800_53r5; key-control subset selected by the author,"No escalation path: staff do not know to call the owner, and the owner has no list of who to call",Self-attestation,Not met,No escalation,Moderate,P08 contact list; POL-01 10.2 posted at both sites,Owner-manager,2026-09-30,Same for all three LLCs (delivered by the shared back office),None
G-090,NIST CSF 2.0 portfolio profile (voluntary benchmark),CSF 2.0 portfolio profile RS.MA-05 (voluntary),CSF 2.0 RS.MA-05 (Respond; Incident Management),The criteria for initiating incident recovery are applied,CSF 2.0 subcategory (voluntary),Yes (voluntary benchmark),RS.MA-05,IR-4; CP-10,IR-4; IR-8,CSF 2.0 to SP 800-53: official NIST informative reference (SRC-OLIR-CSF-53) in column nist_official_sp800_53r5; key-control subset selected by the author,No recovery criteria,Self-attestation,Not met,None,Low,P08 section 7 recovery order from the BIA,Owner-manager,2026-09-30,Same for all three LLCs (delivered by the shared back office),None
G-091,NIST CSF 2.0 portfolio profile (voluntary benchmark),CSF 2.0 portfolio profile RS.AN-03 (voluntary),CSF 2.0 RS.AN-03 (Respond; Incident Analysis),Analysis is performed to establish what has taken place during an incident and the root cause of the incident,CSF 2.0 subcategory (voluntary),Yes (voluntary benchmark),RS.AN-03,IR-4; AU-6,AU-7; IR-4; SI-2(7),CSF 2.0 to SP 800-53: official NIST informative reference (SRC-OLIR-CSF-53) in column nist_official_sp800_53r5; key-control subset selected by the author,No ability to investigate; no forensic contact,Self-attestation,Not met,No investigation capability,Moderate,IT technician for first steps; breach counsel names a forensic firm if needed (P08),Owner-manager,2026-09-30,Same for all three LLCs (delivered by the shared back office),None
G-092,NIST CSF 2.0 portfolio profile (voluntary benchmark),CSF 2.0 portfolio profile RS.AN-06 (voluntary),CSF 2.0 RS.AN-06 (Respond; Incident Analysis),"Actions performed during an investigation are recorded, and the records' integrity and provenance are preserved",CSF 2.0 subcategory (voluntary),Yes (voluntary benchmark),RS.AN-06,IR-5; AU-9,AU-7; IR-4; IR-6,CSF 2.0 to SP 800-53: official NIST informative reference (SRC-OLIR-CSF-53) in column nist_official_sp800_53r5; key-control subset selected by the author,No incident log,Self-attestation,Not met,No record of actions,Low,Paper incident log (P08 step 5),Owner-manager,2026-09-30,Same for all three LLCs (delivered by the shared back office),None
G-093,NIST CSF 2.0 portfolio profile (voluntary benchmark),CSF 2.0 portfolio profile RS.AN-07 (voluntary),CSF 2.0 RS.AN-07 (Respond; Incident Analysis),"Incident data and metadata are collected, and their integrity and provenance are preserved",CSF 2.0 subcategory (voluntary),Yes (voluntary benchmark),RS.AN-07,IR-4; AU-11,AU-7; IR-4; IR-6,CSF 2.0 to SP 800-53: official NIST informative reference (SRC-OLIR-CSF-53) in column nist_official_sp800_53r5; key-control subset selected by the author,Logs would roll over before anyone saved them (30-day sign-in history),Self-attestation,Not met,Evidence could be lost,Low,P08 step: export sign-in and mailbox audit logs on day one,Owner-manager,2026-09-30,Same for all three LLCs (delivered by the shared back office),None
G-094,NIST CSF 2.0 portfolio profile (voluntary benchmark),CSF 2.0 portfolio profile RS.AN-08 (voluntary),CSF 2.0 RS.AN-08 (Respond; Incident Analysis),An incident's magnitude is estimated and validated,CSF 2.0 subcategory (voluntary),Yes (voluntary benchmark),RS.AN-08,IR-4,IR-4; IR-8; RA-3; RA-7,CSF 2.0 to SP 800-53: official NIST informative reference (SRC-OLIR-CSF-53) in column nist_official_sp800_53r5; key-control subset selected by the author,No way to count affected people per LLC,Self-attestation,Not met,No magnitude estimate,Moderate,Data locations table (ID.AM-07) and P08 counting step,Owner-manager,2026-09-30,Same for all three LLCs (delivered by the shared back office),None
G-095,NIST CSF 2.0 portfolio profile (voluntary benchmark),CSF 2.0 portfolio profile RS.CO-02 (voluntary),CSF 2.0 RS.CO-02 (Respond; Incident Response Reporting and Communication),Internal and external stakeholders are notified of incidents,CSF 2.0 subcategory (voluntary),Yes (voluntary benchmark),RS.CO-02,IR-6; IR-7,IR-4; IR-6; IR-7; SR-3; SR-8,CSF 2.0 to SP 800-53: official NIST informative reference (SRC-OLIR-CSF-53) in column nist_official_sp800_53r5; key-control subset selected by the author,"No notice procedure; the owner did not know each LLC is a separate covered entity with its own 30-day clock, or that the sole proprietorship must tell each LLC within 10 days as third-party agent",Self-attestation,Not met,No notice procedure,High,P08 notification matrix with the four-entity notice map; counsel confirms each notice,Owner-manager,2026-09-30,Same for all three LLCs (delivered by the shared back office),None
G-096,NIST CSF 2.0 portfolio profile (voluntary benchmark),CSF 2.0 portfolio profile RS.CO-03 (voluntary),CSF 2.0 RS.CO-03 (Respond; Incident Response Reporting and Communication),Information is shared with designated internal and external stakeholders,CSF 2.0 subcategory (voluntary),Yes (voluntary benchmark),RS.CO-03,IR-6; PM-15,IR-4; IR-6; IR-7; SR-3; SR-8,CSF 2.0 to SP 800-53: official NIST informative reference (SRC-OLIR-CSF-53) in column nist_official_sp800_53r5; key-control subset selected by the author,No information sharing,Self-attestation,Not met,None,Low,FBI internet crime report and bank fraud report steps in P08,Owner-manager,2026-09-30,Same for all three LLCs (delivered by the shared back office),None
G-097,NIST CSF 2.0 portfolio profile (voluntary benchmark),CSF 2.0 portfolio profile RS.MI-01 (voluntary),CSF 2.0 RS.MI-01 (Respond; Incident Mitigation),Incidents are contained,CSF 2.0 subcategory (voluntary),Yes (voluntary benchmark),RS.MI-01,IR-4,IR-4,CSF 2.0 to SP 800-53: official NIST informative reference (SRC-OLIR-CSF-53) in column nist_official_sp800_53r5; key-control subset selected by the author,No containment steps written,Self-attestation,Not met,None,Moderate,"P08 first-hour steps (sessions, forwarding rules, payment hold)",Owner-manager,2026-09-30,Same for all three LLCs (delivered by the shared back office),None
G-098,NIST CSF 2.0 portfolio profile (voluntary benchmark),CSF 2.0 portfolio profile RS.MI-02 (voluntary),CSF 2.0 RS.MI-02 (Respond; Incident Mitigation),Incidents are eradicated,CSF 2.0 subcategory (voluntary),Yes (voluntary benchmark),RS.MI-02,IR-4,IR-4,CSF 2.0 to SP 800-53: official NIST informative reference (SRC-OLIR-CSF-53) in column nist_official_sp800_53r5; key-control subset selected by the author,No eradication steps written,Self-attestation,Not met,None,Low,P08 hours 8-24 steps,Owner-manager,2026-09-30,Same for all three LLCs (delivered by the shared back office),None
G-099,NIST CSF 2.0 portfolio profile (voluntary benchmark),CSF 2.0 portfolio profile RC.RP-01 (voluntary),CSF 2.0 RC.RP-01 (Recover; Incident Recovery Plan Execution),The recovery portion of the incident response plan is executed once initiated from the incident response process,CSF 2.0 subcategory (voluntary),Yes (voluntary benchmark),RC.RP-01,CP-10; IR-4,CP-10; IR-4; IR-8,CSF 2.0 to SP 800-53: official NIST informative reference (SRC-OLIR-CSF-53) in column nist_official_sp800_53r5; key-control subset selected by the author,No recovery plan before P08,Self-attestation,Not met,None,Moderate,P08 section 7 and BIA recovery order,Owner-manager,2026-09-30,Same for all three LLCs (delivered by the shared back office),None
G-100,NIST CSF 2.0 portfolio profile (voluntary benchmark),CSF 2.0 portfolio profile RC.RP-02 (voluntary),CSF 2.0 RC.RP-02 (Recover; Incident Recovery Plan Execution),"Recovery actions are selected, scoped, prioritized, and performed",CSF 2.0 subcategory (voluntary),Yes (voluntary benchmark),RC.RP-02,CP-2; CP-10,CP-10; IR-4; IR-8,CSF 2.0 to SP 800-53: official NIST informative reference (SRC-OLIR-CSF-53) in column nist_official_sp800_53r5; key-control subset selected by the author,Recovery priorities set in the BIA,P05 BIA,Partially met,Not exercised,Low,Walkthrough,Owner-manager,2026-10-31,Same for all three LLCs (delivered by the shared back office),None
G-101,NIST CSF 2.0 portfolio profile (voluntary benchmark),CSF 2.0 portfolio profile RC.RP-03 (voluntary),CSF 2.0 RC.RP-03 (Recover; Incident Recovery Plan Execution),The integrity of backups and other restoration assets is verified before using them for restoration,CSF 2.0 subcategory (voluntary),Yes (voluntary benchmark),RC.RP-03,CP-9; CP-4,CP-2; CP-4; CP-9,CSF 2.0 to SP 800-53: official NIST informative reference (SRC-OLIR-CSF-53) in column nist_official_sp800_53r5; key-control subset selected by the author,No backups to verify,P07 CP-9 results,Not met,No backups,Moderate,Restore test after the backup service starts,Owner-manager,2026-10-31,Same for all three LLCs (delivered by the shared back office),None
G-102,NIST CSF 2.0 portfolio profile (voluntary benchmark),CSF 2.0 portfolio profile RC.RP-04 (voluntary),CSF 2.0 RC.RP-04 (Recover; Incident Recovery Plan Execution),Critical mission functions and cybersecurity risk management are considered to establish post-incident operational norms,CSF 2.0 subcategory (voluntary),Yes (voluntary benchmark),RC.RP-04,CP-2,PM-8; PM-9; PM-11; IR-1; IR-8,CSF 2.0 to SP 800-53: official NIST informative reference (SRC-OLIR-CSF-53) in column nist_official_sp800_53r5; key-control subset selected by the author,"BIA fallbacks keep the LLCs running during recovery (gate codes, coin mode, paper)",P05 BIA,Partially met,Not exercised,Low,Brief staff on fallbacks,Owner-manager,2026-11-30,Same for all three LLCs (delivered by the shared back office),None
G-103,NIST CSF 2.0 portfolio profile (voluntary benchmark),CSF 2.0 portfolio profile RC.RP-05 (voluntary),CSF 2.0 RC.RP-05 (Recover; Incident Recovery Plan Execution),"The integrity of restored assets is verified, systems and services are restored, and normal operating status is confirmed",CSF 2.0 subcategory (voluntary),Yes (voluntary benchmark),RC.RP-05,CP-10; SI-7,CP-10,CSF 2.0 to SP 800-53: official NIST informative reference (SRC-OLIR-CSF-53) in column nist_official_sp800_53r5; key-control subset selected by the author,No check that restored systems are clean,Self-attestation,Not met,None,Low,IT technician reinstalls from clean media; owner confirms MFA and forwarding rules,Owner-manager,2026-09-30,Same for all three LLCs (delivered by the shared back office),None
G-104,NIST CSF 2.0 portfolio profile (voluntary benchmark),CSF 2.0 portfolio profile RC.RP-06 (voluntary),CSF 2.0 RC.RP-06 (Recover; Incident Recovery Plan Execution),"The end of incident recovery is declared based on criteria, and incident-related documentation is completed",CSF 2.0 subcategory (voluntary),Yes (voluntary benchmark),RC.RP-06,IR-4; CP-10,IR-4; IR-8,CSF 2.0 to SP 800-53: official NIST informative reference (SRC-OLIR-CSF-53) in column nist_official_sp800_53r5; key-control subset selected by the author,No criteria for ending recovery,Self-attestation,Not met,None,Low,P08 section 7: lessons learned within 30 days,Owner-manager,2026-09-30,Same for all three LLCs (delivered by the shared back office),None
G-105,NIST CSF 2.0 portfolio profile (voluntary benchmark),CSF 2.0 portfolio profile RC.CO-03 (voluntary),CSF 2.0 RC.CO-03 (Recover; Incident Recovery Communication),Recovery activities and progress in restoring operational capabilities are communicated to designated internal and external stakeholders,CSF 2.0 subcategory (voluntary),Yes (voluntary benchmark),RC.CO-03,CP-2; IR-4,IR-4; IR-6; SR-8,CSF 2.0 to SP 800-53: official NIST informative reference (SRC-OLIR-CSF-53) in column nist_official_sp800_53r5; key-control subset selected by the author,"No plan to tell staff, the bookkeeper, or tenants about recovery progress",Self-attestation,Not met,None,Low,P08 section 5 messages to staff and the bookkeeper,Owner-manager,2026-09-30,Same for all three LLCs (delivered by the shared back office),None
G-106,NIST CSF 2.0 portfolio profile (voluntary benchmark),CSF 2.0 portfolio profile RC.CO-04 (voluntary),CSF 2.0 RC.CO-04 (Recover; Incident Recovery Communication),Public updates on incident recovery are shared using approved methods and messaging,CSF 2.0 subcategory (voluntary),Yes (voluntary benchmark),RC.CO-04,IR-4,CP-2; IR-4,CSF 2.0 to SP 800-53: official NIST informative reference (SRC-OLIR-CSF-53) in column nist_official_sp800_53r5; key-control subset selected by the author,No approved public messaging,Self-attestation,Not met,None,Low,Counsel-approved notice templates; a sign at each site for outages,Owner-manager,2026-10-31,Same for all three LLCs (delivered by the shared back office),None
G-107,Florida Information Protection Act (data security),Fla. Stat. 501.171(2),"Fla. Stat. 501.171(2); 501.171(1)(b), (h)",Each covered entity and third-party agent must take reasonable measures to protect and secure data in electronic form containing personal information,"Data security (state, binding)",Yes - each LLC is a covered entity; the sole proprietorship (named in the definition) is a covered entity for its own records and the LLCs' third-party agent under the management agreements,PR.DS-01; PR.AA-03,SC-28; IA-2(1); IA-5,Not mapped by NIST,Author mapping (regulation rows; no official NIST mapping exists),"Vendors encrypt and some MFA is in place, but the owner's email uses text-message MFA, two LLC systems have no MFA, passwords are reused, and the Storage desktop is unencrypted",P07; P04,Partially met,Measures fall short on the accounts that reach all four entities' personal information,Moderate,"Complete the PR.AA-03, PR.AA-01, and PR.DS-01 actions; this statute is the legal reason they are required",Owner-manager,2026-09-30,Applies to each LLC separately; Storage holds the most records (about 610),None
G-108,Florida Information Protection Act (breach notice to the Department),Fla. Stat. 501.171(3),Fla. Stat. 501.171(3)(a)-(b),Notify the Department of Legal Affairs of a breach affecting 500 or more individuals in Florida as expeditiously as practicable and no later than 30 days after determination of the breach or reason to believe a breach occurred,"Breach notice (state, binding)",Yes - reachable: a breach of the storage system would affect about 610 Storage tenants,RS.CO-02,IR-6,Not mapped by NIST,Author mapping (regulation rows; no official NIST mapping exists),No procedure,Self-attestation,Not met,No procedure; the owner did not know the 500 threshold is counted per covered entity (each LLC),Moderate,P08 notification matrix and four-entity notice map,Owner-manager,2026-08-31,Storage can reach 500; Rentals (47 applicants) and the LLC employees (8) cannot alone,None
G-109,Florida Information Protection Act (breach notice to individuals),Fla. Stat. 501.171(4),Fla. Stat. 501.171(4)(a)-(e),"Notify each affected individual in Florida no later than 30 days after determination of the breach or reason to believe a breach occurred, by mail or email, with the date range, the information involved, and a contact; delay only on written law enforcement request; a documented no-harm determination is the only alternative","Breach notice (state, binding)","Yes - each LLC for its own tenants, applicants, customers, and employees",RS.CO-02,IR-6,Not mapped by NIST,Author mapping (regulation rows; no official NIST mapping exists),No procedure or notice template,Self-attestation,Not met,No procedure,Moderate,P08 notification matrix; counsel-reviewed notice template per LLC,Owner-manager,2026-09-30,Each LLC sends its own notices; the owner signs for each as manager,None
G-110,Florida Information Protection Act (consumer reporting agencies),Fla. Stat. 501.171(5),Fla. Stat. 501.171(5),"If notice is required to more than 1,000 individuals at a single time, also notify the nationwide consumer reporting agencies without unreasonable delay","Breach notice (state, binding)",Yes - but not reachable today: no single LLC holds personal information on more than about 610 individuals,RS.CO-02,IR-6,Not mapped by NIST,Author mapping (regulation rows; no official NIST mapping exists),No procedure,Self-attestation,Not met,No procedure,Low,"P08 notification matrix (recheck if an LLC grows past 1,000)",Owner-manager,2026-08-31,"Recheck when Storage or a new LLC approaches 1,000 records",None
G-111,Florida Information Protection Act (third-party agents),Fla. Stat. 501.171(6),Fla. Stat. 501.171(6)(a)-(b),"A third-party agent must notify the covered entity of a breach of a system it maintains no later than 10 days after determination and give it the information it needs; the agent may send the notices for the covered entity, but the covered entity stays responsible","Breach notice (state, binding)",Yes - the sole proprietorship is each LLC's third-party agent; the SaaS vendors and the bookkeeper are agents too,GV.SC-08; RS.CO-02,SA-9; IR-6,Not mapped by NIST,Author mapping (regulation rows; no official NIST mapping exists),"The owner is both agent and covered entity, so the 10-day notice is in practice immediate; vendors would notify the owner's mailbox only",Vendor account settings,Partially met,Vendor notices could be missed if the mailbox is the thing compromised; no written record that each LLC was told,Low,Written same-day internal notice record per LLC (P08); register a security contact and phone with each vendor,Owner-manager,2026-09-30,Same for all three LLCs (delivered by the shared back office),None
G-112,Florida Information Protection Act (disposal),Fla. Stat. 501.171(8),Fla. Stat. 501.171(8),"Take all reasonable measures to dispose of customer records containing personal information when they are no longer to be retained, by shredding, erasing, or otherwise making them unreadable","Disposal (state, binding)",Yes - each LLC and the sole proprietorship as agent,ID.AM-08,MP-6; SI-12,Not mapped by NIST,Author mapping (regulation rows; no official NIST mapping exists),"Paper move-in forms shredded at the Storage office; electronic records kept indefinitely (47 applications, about 230 license scans)",File listing 2026-07-29,Not met,No electronic disposal,Moderate,Retention schedule in POL-01 8.7; first clean-up; deletion record,Owner-manager,2026-10-31,Rentals applications and Storage license scans,None
G-113,Fair Credit Reporting Act (user duties; Rentals),15 U.S.C. 1681b(a)(3)(F)(i); 1681b(f),"15 U.S.C. 1681b(a)(3)(F)(i), (f)","A person may obtain and use a consumer report only for a permissible purpose, such as a legitimate business need in connection with a business transaction initiated by the consumer, certified to the consumer reporting agency",Federal statute (binding),Yes - Rentals orders tenant screening reports for applicants through the property management platform,GV.OC-03,PM-28; PT-2,Not mapped by NIST,Author mapping (regulation rows; no official NIST mapping exists),Reports ordered only after an applicant applies and consents in the platform; the owner accepted the agency's user certification in the platform,Platform order history; user certification,Met,None for obtaining; using reports in an AI tool is handled under POL-01 9.5 (R-009),Very Low,Keep ordering only through the platform for applicants who apply,Owner-manager,,Rentals only,None
G-114,Fair Credit Reporting Act (adverse action; Rentals),15 U.S.C. 1681m(a),15 U.S.C. 1681m(a),"A person who takes adverse action based in whole or in part on a consumer report must give the consumer notice, the agency's contact details, a statement that the agency did not make the decision, and notice of the right to a free report and to dispute",Federal statute (binding),Yes - Rentals declines or conditions applicants partly on screening reports,RS.CO-02,PT-5,Not mapped by NIST,Author mapping (regulation rows; no official NIST mapping exists),"The platform sends the notice when the owner marks a decline as report-based; there are no written selection criteria, so whether a decline was report-based depends on the owner's judgment at the time","Platform decision history (unit 4B, 2026-07-16)",Partially met,No written tenant selection criteria; risk that a report-based decline is not marked,Moderate,Written tenant selection criteria; send the platform notice whenever a report contributed to the decision,Owner-manager,2026-09-30,Rentals only,None
G-115,FTC Disposal Rule (Rentals),16 CFR 682.3(a),16 CFR 682.3(a)-(b),Any person who maintains or possesses consumer information for a business purpose must properly dispose of it by taking reasonable measures to protect against unauthorized access to or use of the information in connection with its disposal,Federal rule (binding),Yes - Rentals keeps screening reports (consumer information under 16 CFR 682.1(b)) as downloaded PDFs,ID.AM-08,MP-6; SI-12,Not mapped by NIST,Author mapping (regulation rows; no official NIST mapping exists),Screening reports downloaded to file storage and kept since 2023; never disposed of; old laptops not wiped before trade-in (one in 2025),File listing 2026-07-29; self-attestation,Not met,No disposal rule or record for consumer reports,Moderate,Keep reports only in the platform; delete downloads past the retention period with a deletion record; wipe devices before disposal (POL-01 8.7),Owner-manager,2026-10-31,Rentals only,None
G-116,Fair Housing Act (Rentals),"42 U.S.C. 3604(a)-(c), (f)",42 U.S.C. 3604; 3603(b),"It is unlawful to refuse to rent, or to discriminate in terms or conditions, because of race, color, religion, sex, handicap, familial status, or national origin, or to publish a rental notice indicating such a preference",Federal statute (binding),"Yes - the units are in duplexes, not single-family houses, and the owner lives in none of them, so neither 3603(b) exemption fits",GV.OC-03,PM-28,Not mapped by NIST,Author mapping (regulation rows; no official NIST mapping exists),No written tenant selection criteria; the AI assistant was asked to suggest an applicant for unit 4B on 2026-07-14; the owner re-checked the decision against criteria written afterward on 2026-07-30,P10 assessment,Partially met,No written criteria applied the same way to every applicant; AI suggestion used,Moderate,Written criteria applied to every applicant; no AI in applicant selection or listing text without owner review (POL-01 9.5),Owner-manager,2026-09-30,Rentals only,None
G-117,"Card processor merchant terms (Storage, Laundry; contractual)",Merchant agreements,Card processor merchant terms,"Protect the payment environment and report suspected compromise; PCI DSS applies through the processor contracts, not by law (requirement text not reproduced; copyrighted standard)",Contract,Yes - contract,PR.DS-02; PR.IR-01,SC-8; SC-7,Not mapped by NIST,Author mapping (regulation rows; no official NIST mapping exists),Storage card data entered only in the processor's hosted fields; Laundry readers encrypted by the vendor; the laundromat POS shares a network with customer Wi-Fi,Processor terms; router settings,Partially met,Flat laundromat network,Low,Guest network for customers (PR.IR-01),Owner-manager,2026-10-31,Storage and Laundry,None
G-118,SEC Regulation S-K Item 106 (N55-R01),N55-R01 (17 CFR 229.106),17 CFR 229.106,"Annual disclosure of cybersecurity risk management, strategy, and governance by SEC registrants",Federal rule or statute,No - Regulation S-K applies to registration statements and Exchange Act reports (17 CFR 229.10(a)); the sole proprietorship and the LLCs have registered no securities and file no reports,GV.OC-03,PM-28,Not mapped by NIST,Author mapping (regulation rows; no official NIST mapping exists),Not applicable (see applies_at_this_tier),P03 section 1,Not applicable,,,,,,Not applicable to any entity,"Recheck if an entity registers securities, acquires a bank, sponsors a health plan, or CIRCIA is finalized"
G-119,SEC Form 8-K Item 1.05 (N55-R02),N55-R02 (Form 8-K Item 1.05),"Form 8-K Item 1.05 (Release 33-11216, 88 FR 51896)",Disclose a material cybersecurity incident within four business days after determining materiality,Federal rule or statute,No - applies only to SEC registrants; same reason as N55-R01,GV.OC-03,PM-28,Not mapped by NIST,Author mapping (regulation rows; no official NIST mapping exists),Not applicable (see applies_at_this_tier),P03 section 1,Not applicable,,,,,,Not applicable to any entity,"Recheck if an entity registers securities, acquires a bank, sponsors a health plan, or CIRCIA is finalized"
G-120,SOX section 404 (N55-R03),N55-R03 (15 U.S.C. 7262),15 U.S.C. 7262,Management report on internal control over financial reporting by issuers,Federal rule or statute,No - not an issuer filing Exchange Act reports,GV.OC-03,PM-28,Not mapped by NIST,Author mapping (regulation rows; no official NIST mapping exists),Not applicable (see applies_at_this_tier),P03 section 1,Not applicable,,,,,,Not applicable to any entity,"Recheck if an entity registers securities, acquires a bank, sponsors a health plan, or CIRCIA is finalized"
G-121,Federal Reserve incident notification (N55-R04),N55-R04 (12 CFR 225.300-225.303),12 CFR 225.300-225.303,Notify the Federal Reserve of a notification incident within 36 hours,Federal rule or statute,No - not a bank holding company: no entity controls a bank (12 CFR 225.2(c)),GV.OC-03,PM-28,Not mapped by NIST,Author mapping (regulation rows; no official NIST mapping exists),Not applicable (see applies_at_this_tier),P03 section 1,Not applicable,,,,,,Not applicable to any entity,"Recheck if an entity registers securities, acquires a bank, sponsors a health plan, or CIRCIA is finalized"
G-122,"Interagency Guidelines, 12 CFR Part 225 Appendix F (N55-R05)","N55-R05 (12 CFR Part 225, Appendix F)","12 CFR Part 225, Appendix F",Information security program for customer information of bank holding companies,Federal rule or statute,"No - not a bank holding company; and no LLC is a financial institution under 16 CFR 314.2(h), so the FTC Safeguards Rule does not apply either",GV.OC-03,PM-28,Not mapped by NIST,Author mapping (regulation rows; no official NIST mapping exists),Not applicable (see applies_at_this_tier),P03 section 1,Not applicable,,,,,,Not applicable to any entity,"Recheck if an entity registers securities, acquires a bank, sponsors a health plan, or CIRCIA is finalized"
G-123,"HIPAA, group health plans (N55-R06)","N55-R06 (45 CFR Part 164, Subpart E)",45 CFR 160.103; Part 164 Subpart E,Plan sponsor duties for a group health plan,Federal rule or statute,"No - no entity sponsors a group health plan, and no LLC is a health care provider",GV.OC-03,PM-28,Not mapped by NIST,Author mapping (regulation rows; no official NIST mapping exists),Not applicable (see applies_at_this_tier),P03 section 1,Not applicable,,,,,,Not applicable to any entity,"Recheck if an entity registers securities, acquires a bank, sponsors a health plan, or CIRCIA is finalized"
G-124,"CIRCIA (N55-R07, proposed)",N55-R07 (6 U.S.C. 681-681g; proposed 6 CFR Part 226),Proposed 6 CFR Part 226 (89 FR 23644),Report covered cyber incidents within 72 hours and ransom payments within 24 hours (proposed),Federal rule or statute,No - proposed only; no final rule as of 2026-09-25. Recheck when final,GV.OC-03,PM-28,Not mapped by NIST,Author mapping (regulation rows; no official NIST mapping exists),Not applicable (see applies_at_this_tier),P03 section 1,Not applicable,,,,,,Not applicable to any entity,CIRCIA final rule pending; recheck applicability when published
