req_id,regulation,regulatory_driver,citation,requirement_summary,requirement_type,applies_at_this_tier,csf2_subcategories,sp800_53_controls,nist_official_sp800_53r5,crosswalk_source,target_profile_priority,current_state,evidence,status,gap_description,gap_risk_level,remediation_action,owner,target_date,pending_rule_change
G-001,NIST CSF 2.0 (voluntary benchmark),N56-BM (GV.OC-01),CSF 2.0 GV.OC-01 (Govern; Organizational Context),The organizational mission is understood and informs cybersecurity risk management,CSF 2.0 subcategory (voluntary),Yes (voluntary benchmark),GV.OC-01,PM-11,PM-11,CSF 2.0 to SP 800-53: official NIST informative reference (SRC-OLIR-CSF-53) in column nist_official_sp800_53r5; key-control subset selected by the author,Medium,Mission (fill client orders with reliable associates and pay everyone accurately every Friday) is stated in the business plan; the 2026 risk assessment ties cyber risk to payroll and onboarding,Business plan 2026; P01 section 1,Met,None,Very Low,Keep in the annual risk review,Owner,,None
G-002,NIST CSF 2.0 (voluntary benchmark),N56-BM (GV.OC-02),CSF 2.0 GV.OC-02 (Govern; Organizational Context),"Internal and external stakeholders are understood, and their needs and expectations regarding cybersecurity risk management are understood and considered",CSF 2.0 subcategory (voluntary),Yes (voluntary benchmark),GV.OC-02,PM-9; PM-30,PM-9; PM-18; PM-30; SR-3; SR-5; SR-6; SR-8,CSF 2.0 to SP 800-53: official NIST informative reference (SRC-OLIR-CSF-53) in column nist_official_sp800_53r5; key-control subset selected by the author,Medium,"Stakeholders are known: associates, candidates, clients, the payroll vendor, DHS E-Verify, the cyber insurer. Client security expectations arrive as ad hoc questionnaires and contract clauses that nobody tracks",Client questionnaire (June 2026); interview Account Manager 2026-07-23,Partially met,Stakeholder security expectations not recorded,Low,Keep a one-page register of client security terms and questionnaire commitments,Account Manager,2026-12-31,None
G-003,NIST CSF 2.0 (voluntary benchmark),N56-BM (GV.OC-03),CSF 2.0 GV.OC-03 (Govern; Organizational Context),"Legal, regulatory, and contractual requirements regarding cybersecurity - including privacy and civil liberties obligations - are understood and managed",CSF 2.0 subcategory (voluntary),Yes (voluntary benchmark),GV.OC-03,PM-28; PL-2,AC-1; AT-1; AU-1; CA-1; CM-1; CP-1; IA-1; IR-1; MA-1; MP-1; PE-1; PL-1; PM-1; PS-1; PT-1; RA-1; SA-1; SC-1; SI-1; SR-1; PM-28; PT,CSF 2.0 to SP 800-53: official NIST informative reference (SRC-OLIR-CSF-53) in column nist_official_sp800_53r5; key-control subset selected by the author,High,"Form I-9, E-Verify, and FCRA steps are followed hire by hire. The firm did not know the Florida 30-day breach clocks, the E-Verify MOU duty to notify DHS immediately of a breach, or that scanned document images bring in the electronic I-9 standards",Interviews Owner and Operations Manager 2026-07-21; this workbook,Partially met,Legal and contractual security duties never listed,Moderate,Use this workbook as the requirements register; review it each July with breach counsel,Operations Manager,2026-12-31,None
G-004,NIST CSF 2.0 (voluntary benchmark),N56-BM (GV.OC-04),CSF 2.0 GV.OC-04 (Govern; Organizational Context),"Critical objectives, capabilities, and services that external stakeholders depend on or expect from the organization are understood and communicated",CSF 2.0 subcategory (voluntary),Yes (voluntary benchmark),GV.OC-04,CP-2; PM-11,PM-8; PM-11; CP-2(8); PM-30(1); RA-9,CSF 2.0 to SP 800-53: official NIST informative reference (SRC-OLIR-CSF-53) in column nist_official_sp800_53r5; key-control subset selected by the author,Medium,"The BIA (P05, drafted 2026-07-31) names the two services others depend on: next-day staffing for clients and Friday pay for associates",P05 draft,Partially met,Not yet approved or communicated,Low,Approve the BIA; brief staff on the downtime roster,Operations Manager,2026-09-30,None
G-005,NIST CSF 2.0 (voluntary benchmark),N56-BM (GV.OC-05),CSF 2.0 GV.OC-05 (Govern; Organizational Context),"Outcomes, capabilities, and services that the organization depends on are understood and communicated",CSF 2.0 subcategory (voluntary),Yes (voluntary benchmark),GV.OC-05,SA-9; RA-7,PM-11; PM-30; RA-7; SA-9; SR-5,CSF 2.0 to SP 800-53: official NIST informative reference (SRC-OLIR-CSF-53) in column nist_official_sp800_53r5; key-control subset selected by the author,Medium,"Dependencies on the payroll vendor, ATS vendor, suite vendor, MSP, screening provider, and E-Verify are known by staff and listed in the BIA draft",P05 draft vendor table,Partially met,No vendor file,Low,Create the vendor file (also GV.SC-04),Operations Manager,2026-10-31,None
G-006,NIST CSF 2.0 (voluntary benchmark),N56-BM (GV.RM-01),CSF 2.0 GV.RM-01 (Govern; Risk Management Strategy),Risk management objectives are established and agreed to by organizational stakeholders,CSF 2.0 subcategory (voluntary),Yes (voluntary benchmark),GV.RM-01,PM-9,PM-9; RA-7; SR-2,CSF 2.0 to SP 800-53: official NIST informative reference (SRC-OLIR-CSF-53) in column nist_official_sp800_53r5; key-control subset selected by the author,Medium,Risk objectives were first written in the P01 risk framing during this engagement,P01 section 1 (draft 2026-07-31),Partially met,Objectives not yet approved by the Owner,Low,Owner approves the P01 framing,Owner,2026-08-31,None
G-007,NIST CSF 2.0 (voluntary benchmark),N56-BM (GV.RM-02),CSF 2.0 GV.RM-02 (Govern; Risk Management Strategy),"Risk appetite and risk tolerance statements are established, communicated, and maintained",CSF 2.0 subcategory (voluntary),Yes (voluntary benchmark),GV.RM-02,PM-9,PM-9,CSF 2.0 to SP 800-53: official NIST informative reference (SRC-OLIR-CSF-53) in column nist_official_sp800_53r5; key-control subset selected by the author,High,Risk tolerance and acceptance authority are drafted in P01 (Low by the Operations Manager; Moderate and above by the Owner; High never accepted),P01 section 1,Partially met,Not yet approved or communicated,Low,Approve and record in POL-02 A.3,Owner,2026-09-01,None
G-008,NIST CSF 2.0 (voluntary benchmark),N56-BM (GV.RM-03),CSF 2.0 GV.RM-03 (Govern; Risk Management Strategy),Cybersecurity risk management activities and outcomes are included in enterprise risk management processes,CSF 2.0 subcategory (voluntary),Yes (voluntary benchmark),GV.RM-03,PM-9,PM-3; PM-9; PM-30; RA-7; SA-24; SR-2,CSF 2.0 to SP 800-53: official NIST informative reference (SRC-OLIR-CSF-53) in column nist_official_sp800_53r5; key-control subset selected by the author,Low,"The Owner weighs business risks informally (insurance, client concentration); cyber risk was considered only at insurance renewal",Interview Owner 2026-07-21,Not met,Cyber risk not part of business risk decisions,Low,Add a security item to the Owner's monthly business review,Owner,2026-10-31,None
G-009,NIST CSF 2.0 (voluntary benchmark),N56-BM (GV.RM-04),CSF 2.0 GV.RM-04 (Govern; Risk Management Strategy),Strategic direction that describes appropriate risk response options is established and communicated,CSF 2.0 subcategory (voluntary),Yes (voluntary benchmark),GV.RM-04,PM-9,PM-9; PM-28; PM-30; SR-2,CSF 2.0 to SP 800-53: official NIST informative reference (SRC-OLIR-CSF-53) in column nist_official_sp800_53r5; key-control subset selected by the author,Low,"P01 records a response for every risk (mitigate, accept, transfer through insurance)",P01 draft,Partially met,Not yet approved,Low,Approve with P01,Owner,2026-08-31,None
G-010,NIST CSF 2.0 (voluntary benchmark),N56-BM (GV.RM-05),CSF 2.0 GV.RM-05 (Govern; Risk Management Strategy),"Lines of communication across the organization are established for cybersecurity risks, including risks from suppliers and other third parties",CSF 2.0 subcategory (voluntary),Yes (voluntary benchmark),GV.RM-05,PM-9,PM-9; PM-30,CSF 2.0 to SP 800-53: official NIST informative reference (SRC-OLIR-CSF-53) in column nist_official_sp800_53r5; key-control subset selected by the author,Medium,No set way for staff to raise security concerns or for the Operations Manager to report risk to the Owner,Interviews 2026-07-20 to 2026-07-24,Not met,No communication line for cyber risk,Low,"Monthly 30-minute security review between the Owner and the Operations Manager, using the P07 POA&M",Operations Manager,2026-09-30,None
G-011,NIST CSF 2.0 (voluntary benchmark),N56-BM (GV.RM-06),CSF 2.0 GV.RM-06 (Govern; Risk Management Strategy),"A standardized method for calculating, documenting, categorizing, and prioritizing cybersecurity risks is established and communicated",CSF 2.0 subcategory (voluntary),Yes (voluntary benchmark),GV.RM-06,RA-3,PM-9; PM-18; PM-28; PM-30; RA-3,CSF 2.0 to SP 800-53: official NIST informative reference (SRC-OLIR-CSF-53) in column nist_official_sp800_53r5; key-control subset selected by the author,Medium,"P01 uses NIST SP 800-30 Rev. 1 Tables G-5 and I-2, computed by script",P01 section 2,Met,None,Very Low,Keep the method for the July 2027 update,Operations Manager,,None
G-012,NIST CSF 2.0 (voluntary benchmark),N56-BM (GV.RM-07),CSF 2.0 GV.RM-07 (Govern; Risk Management Strategy),"Strategic opportunities (i.e., positive risks) are characterized and are included in organizational cybersecurity risk discussions",CSF 2.0 subcategory (voluntary),Yes (voluntary benchmark),GV.RM-07,PM-9,PM-9; PM-18; PM-28; PM-30; RA-3,CSF 2.0 to SP 800-53: official NIST informative reference (SRC-OLIR-CSF-53) in column nist_official_sp800_53r5; key-control subset selected by the author,Low,Not considered. Security evidence could help win larger warehouse clients that send questionnaires,Interview Account Manager 2026-07-23,Not met,Positive risks not considered,Very Low,Discuss in the July 2027 risk review,Owner,2027-07-31,None
G-013,NIST CSF 2.0 (voluntary benchmark),N56-BM (GV.RR-01),"CSF 2.0 GV.RR-01 (Govern; Roles, Responsibilities, and Authorities)","Organizational leadership is responsible and accountable for cybersecurity risk and fosters a culture that is risk-aware, ethical, and continually improving",CSF 2.0 subcategory (voluntary),Yes (voluntary benchmark),GV.RR-01,PM-2; PM-29,PM-2; PM-19; PM-23; PM-24; PM-29,CSF 2.0 to SP 800-53: official NIST informative reference (SRC-OLIR-CSF-53) in column nist_official_sp800_53r5; key-control subset selected by the author,High,The Owner has backed security since the 2025 insurance renewal and designated a lead in writing on 2026-07-01,Designation letter 2026-07-01,Partially met,No regular leadership review yet,Low,Monthly security review (GV.RM-05),Owner,2026-09-30,None
G-014,NIST CSF 2.0 (voluntary benchmark),N56-BM (GV.RR-02),"CSF 2.0 GV.RR-02 (Govern; Roles, Responsibilities, and Authorities)","Roles, responsibilities, and authorities related to cybersecurity risk management are established, communicated, understood, and enforced",CSF 2.0 subcategory (voluntary),Yes (voluntary benchmark),GV.RR-02,PM-2,PM-2; PM-13; PM-19; PM-23; PM-24; PM-29,CSF 2.0 to SP 800-53: official NIST informative reference (SRC-OLIR-CSF-53) in column nist_official_sp800_53r5; key-control subset selected by the author,High,The Operations Manager is the designated Security and Privacy Lead; the Senior Recruiter administers the ATS; MSP duties are listed only as services in its contract,Designation letter; MSP contract,Partially met,Roles of staff and the MSP not written down,Low,Roles table in POL-02 section 3; MSP responsibility list in the contract amendment,Operations Manager,2026-09-01,None
G-015,NIST CSF 2.0 (voluntary benchmark),N56-BM (GV.RR-03),"CSF 2.0 GV.RR-03 (Govern; Roles, Responsibilities, and Authorities)","Adequate resources are allocated commensurate with the cybersecurity risk strategy, roles, responsibilities, and policies",CSF 2.0 subcategory (voluntary),Yes (voluntary benchmark),GV.RR-03,PM-3,PM-3,CSF 2.0 to SP 800-53: official NIST informative reference (SRC-OLIR-CSF-53) in column nist_official_sp800_53r5; key-control subset selected by the author,Medium,"Security spending is ad hoc (laptops, MSP fee, insurance); no budget line",2025 expense ledger,Not met,No budget tied to risk,Moderate,Q4 2026 treatment budget in P01; annual security line in the 2027 budget,Owner,2026-12-31,None
G-016,NIST CSF 2.0 (voluntary benchmark),N56-BM (GV.RR-04),"CSF 2.0 GV.RR-04 (Govern; Roles, Responsibilities, and Authorities)",Cybersecurity is included in human resources practices,CSF 2.0 subcategory (voluntary),Yes (voluntary benchmark),GV.RR-04,PS-1; PS-7; PS-8,PM-13; PS-1; PS-7; PS-9,CSF 2.0 to SP 800-53: official NIST informative reference (SRC-OLIR-CSF-53) in column nist_official_sp800_53r5; key-control subset selected by the author,Medium,"Handbook acknowledgment at hire; laptops and keys collected at departure. No sanctions rule, and system access is removed when remembered",Handbook; 2025-2026 departure records,Partially met,Security missing from hiring and departure steps,Moderate,Onboarding and termination checklist; sanctions rule (POL-02 A.4),Operations Manager,2026-09-30,None
G-017,NIST CSF 2.0 (voluntary benchmark),N56-BM (GV.PO-01),CSF 2.0 GV.PO-01 (Govern; Policy),"Policy for managing cybersecurity risks is established based on organizational context, cybersecurity strategy, and priorities and is communicated and enforced",CSF 2.0 subcategory (voluntary),Yes (voluntary benchmark),GV.PO-01,PL-1; AC-1; IR-1,AC-1; AT-1; AU-1; CA-1; CM-1; CP-1; IA-1; IR-1; MA-1; MP-1; PE-1; PL-1; PM-1; PS-1; PT-1; RA-1; SA-1; SC-1; SI-1; SR-1,CSF 2.0 to SP 800-53: official NIST informative reference (SRC-OLIR-CSF-53) in column nist_official_sp800_53r5; key-control subset selected by the author,High,The handbook has one page on computer use; no security policies,Employee handbook (2023 edition),Not met,No policies,Moderate,"Adopt POL-02, POL-03, and POL-04 (P06)",Operations Manager,2026-09-01,None
G-018,NIST CSF 2.0 (voluntary benchmark),N56-BM (GV.PO-02),CSF 2.0 GV.PO-02 (Govern; Policy),"Policy for managing cybersecurity risks is reviewed, updated, communicated, and enforced to reflect changes in requirements, threats, technology, and organizational mission",CSF 2.0 subcategory (voluntary),Yes (voluntary benchmark),GV.PO-02,PL-1,AC-1; AT-1; AU-1; CA-1; CM-1; CP-1; IA-1; IR-1; MA-1; MP-1; PE-1; PL-1; PM-1; PS-1; PT-1; RA-1; SA-1; SC-1; SI-1; SR-1,CSF 2.0 to SP 800-53: official NIST informative reference (SRC-OLIR-CSF-53) in column nist_official_sp800_53r5; key-control subset selected by the author,Medium,No policies to review,Employee handbook,Not met,No review or communication cycle,Low,Annual policy review each August; signed acknowledgments from all staff,Operations Manager,2026-09-30,None
G-019,NIST CSF 2.0 (voluntary benchmark),N56-BM (GV.OV-01),CSF 2.0 GV.OV-01 (Govern; Oversight),Cybersecurity risk management strategy outcomes are reviewed to inform and adjust strategy and direction,CSF 2.0 subcategory (voluntary),Yes (voluntary benchmark),GV.OV-01,PM-9; CA-7,AC-1; AT-1; AU-1; CA-1; CM-1; CP-1; IA-1; IR-1; MA-1; MP-1; PE-1; PL-1; PM-1; PS-1; PT-1; RA-1; SA-1; SC-1; SI-1; SR-1; PM-9; PM-18; PM-30; PM-31; RA-7; SR-6,CSF 2.0 to SP 800-53: official NIST informative reference (SRC-OLIR-CSF-53) in column nist_official_sp800_53r5; key-control subset selected by the author,Medium,No review of security outcomes,Interview Owner 2026-07-21,Not met,Strategy outcomes not reviewed,Low,Monthly review of the POA&M; annual review of this workbook,Owner,2026-10-31,None
G-020,NIST CSF 2.0 (voluntary benchmark),N56-BM (GV.OV-02),CSF 2.0 GV.OV-02 (Govern; Oversight),The cybersecurity risk management strategy is reviewed and adjusted to ensure coverage of organizational requirements and risks,CSF 2.0 subcategory (voluntary),Yes (voluntary benchmark),GV.OV-02,PM-9,PM-9; PM-19; PM-30; PM-31; RA-7; SR-6,CSF 2.0 to SP 800-53: official NIST informative reference (SRC-OLIR-CSF-53) in column nist_official_sp800_53r5; key-control subset selected by the author,Low,No strategy to adjust,Interview Owner,Not met,No review of coverage,Low,Annual review in July with the risk assessment,Owner,2027-07-31,None
G-021,NIST CSF 2.0 (voluntary benchmark),N56-BM (GV.OV-03),CSF 2.0 GV.OV-03 (Govern; Oversight),Organizational cybersecurity risk management performance is evaluated and reviewed for adjustments needed,CSF 2.0 subcategory (voluntary),Yes (voluntary benchmark),GV.OV-03,PM-6,PM-4; PM-6; RA-7; SR-6,CSF 2.0 to SP 800-53: official NIST informative reference (SRC-OLIR-CSF-53) in column nist_official_sp800_53r5; key-control subset selected by the author,Medium,No measures of security performance,Interview Operations Manager,Not met,Performance not measured,Low,"Track five measures monthly: MFA coverage, accounts removed within 1 business day, bank changes verified by call-back, restore test results, training completion",Operations Manager,2026-10-31,None
G-022,NIST CSF 2.0 (voluntary benchmark),N56-BM (GV.SC-01),CSF 2.0 GV.SC-01 (Govern; Cybersecurity Supply Chain Risk Management),"A cybersecurity supply chain risk management program, strategy, objectives, policies, and processes are established and agreed to by organizational stakeholders",CSF 2.0 subcategory (voluntary),Yes (voluntary benchmark),GV.SC-01,SR-2; PM-30,PM-30; SR-2; SR-3,CSF 2.0 to SP 800-53: official NIST informative reference (SRC-OLIR-CSF-53) in column nist_official_sp800_53r5; key-control subset selected by the author,Medium,Vendors are chosen for features and price; no vendor security approach,Vendor contracts,Not met,No supplier risk program,Moderate,Vendor rules in POL-02 A.5 (review before worker data is shared; terms at renewal),Owner,2026-09-01,None
G-023,NIST CSF 2.0 (voluntary benchmark),N56-BM (GV.SC-02),CSF 2.0 GV.SC-02 (Govern; Cybersecurity Supply Chain Risk Management),"Cybersecurity roles and responsibilities for suppliers, customers, and partners are established, communicated, and coordinated internally and externally",CSF 2.0 subcategory (voluntary),Yes (voluntary benchmark),GV.SC-02,SR-3; SA-9,SR-2; SR-3; SR-5,CSF 2.0 to SP 800-53: official NIST informative reference (SRC-OLIR-CSF-53) in column nist_official_sp800_53r5; key-control subset selected by the author,Medium,Security responsibilities of the MSP and SaaS vendors are not defined beyond service descriptions,MSP contract; vendor terms,Not met,Supplier roles undefined,Moderate,Responsibility list in the MSP contract amendment; shared responsibility map (P04),Owner,2026-12-31,None
G-024,NIST CSF 2.0 (voluntary benchmark),N56-BM (GV.SC-03),CSF 2.0 GV.SC-03 (Govern; Cybersecurity Supply Chain Risk Management),"Cybersecurity supply chain risk management is integrated into cybersecurity and enterprise risk management, risk assessment, and improvement processes",CSF 2.0 subcategory (voluntary),Yes (voluntary benchmark),GV.SC-03,SR-2; RA-3,AC-1; AT-1; AU-1; CA-1; CM-1; CP-1; IA-1; IR-1; MA-1; MP-1; PE-1; PL-1; PM-1; PS-1; PT-1; RA-1; SA-1; SC-1; SI-1; SR-1; PM-9; PM-18; PM-30; PM-31; SR-2; SR-3; RA-3; RA-7,CSF 2.0 to SP 800-53: official NIST informative reference (SRC-OLIR-CSF-53) in column nist_official_sp800_53r5; key-control subset selected by the author,Low,Vendors were included in the 2026 risk assessment for the first time,"P01 (vendor risks R-010, R-013, R-017)",Partially met,Not yet a standing practice,Low,Keep vendors in the annual risk assessment,Operations Manager,2027-07-31,None
G-025,NIST CSF 2.0 (voluntary benchmark),N56-BM (GV.SC-04),CSF 2.0 GV.SC-04 (Govern; Cybersecurity Supply Chain Risk Management),Suppliers are known and prioritized by criticality,CSF 2.0 subcategory (voluntary),Yes (voluntary benchmark),GV.SC-04,SA-9; RA-9,RA-9; SA-9; SR-6,CSF 2.0 to SP 800-53: official NIST informative reference (SRC-OLIR-CSF-53) in column nist_official_sp800_53r5; key-control subset selected by the author,High,"Critical vendors are known informally (payroll, ATS, suite, MSP, screening provider) but not listed or ranked",P05 draft,Partially met,No vendor list ranked by criticality,Moderate,"Vendor file with criticality from the BIA, data held, contract dates, and breach contacts",Operations Manager,2026-10-31,None
G-026,NIST CSF 2.0 (voluntary benchmark),N56-BM (GV.SC-05),CSF 2.0 GV.SC-05 (Govern; Cybersecurity Supply Chain Risk Management),"Requirements to address cybersecurity risks in supply chains are established, prioritized, and integrated into contracts and other types of agreements with suppliers and other relevant third parties",CSF 2.0 subcategory (voluntary),Yes (voluntary benchmark),GV.SC-05,SA-4; SA-9,SA-4; SA-9; SR-3; SR-5; SR-6; SR-10,CSF 2.0 to SP 800-53: official NIST informative reference (SRC-OLIR-CSF-53) in column nist_official_sp800_53r5; key-control subset selected by the author,High,"The ATS, screening, and MSP agreements have no security or breach notice terms; the AI feature terms were accepted by click-through",Vendor contracts; ATS AI feature terms,Not met,No security requirements in contracts,Moderate,"At each renewal add security, 72-hour breach notice, and data return terms; AI data use addendum (P10)",Owner,2026-12-31,None
G-027,NIST CSF 2.0 (voluntary benchmark),N56-BM (GV.SC-06),CSF 2.0 GV.SC-06 (Govern; Cybersecurity Supply Chain Risk Management),Planning and due diligence are performed to reduce risks before entering into formal supplier or other third-party relationships,CSF 2.0 subcategory (voluntary),Yes (voluntary benchmark),GV.SC-06,SA-4; SR-6,SA-4; SA-9; SR-5; SR-6,CSF 2.0 to SP 800-53: official NIST informative reference (SRC-OLIR-CSF-53) in column nist_official_sp800_53r5; key-control subset selected by the author,Medium,No due diligence before buying: the AI feature was turned on after an ATS upgrade without any review,ATS change history 2026-03-16,Not met,No pre-contract review,Moderate,Short vendor checklist before any new tool receives worker or candidate data,Operations Manager,2026-10-31,None
G-028,NIST CSF 2.0 (voluntary benchmark),N56-BM (GV.SC-07),CSF 2.0 GV.SC-07 (Govern; Cybersecurity Supply Chain Risk Management),"The risks posed by a supplier, their products and services, and other third parties are understood, recorded, prioritized, assessed, responded to, and monitored over the course of the relationship",CSF 2.0 subcategory (voluntary),Yes (voluntary benchmark),GV.SC-07,SA-9; SR-6,RA-9; SA-4; SA-9; SR-3; SR-6,CSF 2.0 to SP 800-53: official NIST informative reference (SRC-OLIR-CSF-53) in column nist_official_sp800_53r5; key-control subset selected by the author,High,The payroll vendor's SOC 2 report was never requested; the ATS vendor's was never requested; the MSP has never been reviewed though it holds administrator access to every laptop and the backup,Interview Operations Manager 2026-07-22,Not met,Supplier risks not assessed or monitored,High,Obtain and review the payroll and ATS SOC 2 reports (P09); annual MSP security questionnaire with evidence,Operations Manager,2026-12-31,None
G-029,NIST CSF 2.0 (voluntary benchmark),N56-BM (GV.SC-08),CSF 2.0 GV.SC-08 (Govern; Cybersecurity Supply Chain Risk Management),"Relevant suppliers and other third parties are included in incident planning, response, and recovery activities",CSF 2.0 subcategory (voluntary),Yes (voluntary benchmark),GV.SC-08,SR-8; IR-4,SA-4; SA-9; SR-2; SR-3; SR-8; CP-1; IR-1,CSF 2.0 to SP 800-53: official NIST informative reference (SRC-OLIR-CSF-53) in column nist_official_sp800_53r5; key-control subset selected by the author,Medium,Vendors are not part of any incident planning. The insurer hotline number is in the policy file,MSP contract; insurance policy,Not met,Suppliers not in incident planning,Moderate,"Name the MSP, payroll vendor, and insurer in the P08 runbook; include the MSP in the annual tabletop",Operations Manager,2026-11-30,None
G-030,NIST CSF 2.0 (voluntary benchmark),N56-BM (GV.SC-09),CSF 2.0 GV.SC-09 (Govern; Cybersecurity Supply Chain Risk Management),"Supply chain security practices are integrated into cybersecurity and enterprise risk management programs, and their performance is monitored throughout the technology product and service life cycle",CSF 2.0 subcategory (voluntary),Yes (voluntary benchmark),GV.SC-09,SR-2,PM-9; PM-19; PM-28; PM-30; PM-31; RA-3; RA-7; SA-4; SA-9; SR-2; SR-3; SR-5; SR-6,CSF 2.0 to SP 800-53: official NIST informative reference (SRC-OLIR-CSF-53) in column nist_official_sp800_53r5; key-control subset selected by the author,Low,Supply chain practices are not part of the firm's management routine,Interviews,Not met,Not integrated,Low,Covered by the monthly review once the vendor file exists,Operations Manager,2027-07-31,None
G-031,NIST CSF 2.0 (voluntary benchmark),N56-BM (GV.SC-10),CSF 2.0 GV.SC-10 (Govern; Cybersecurity Supply Chain Risk Management),Cybersecurity supply chain risk management plans include provisions for activities that occur after the conclusion of a partnership or service agreement,CSF 2.0 subcategory (voluntary),Yes (voluntary benchmark),GV.SC-10,SA-9; SR-2,PM-31; RA-3; RA-5; RA-7; SA-4; SA-9; SR-2; SR-3; SR-5; SR-6,CSF 2.0 to SP 800-53: official NIST informative reference (SRC-OLIR-CSF-53) in column nist_official_sp800_53r5; key-control subset selected by the author,Medium,No plan for ending a vendor relationship. The ATS vendor deletes data 30 days after a subscription ends; the firm holds no export,ATS terms of service,Not met,No exit provisions,Low,Quarterly export of ATS candidate and placement data to the restricted folder; exit steps in the vendor file,Senior Recruiter,2026-12-31,None
G-032,NIST CSF 2.0 (voluntary benchmark),N56-BM (ID.AM-01),CSF 2.0 ID.AM-01 (Identify; Asset Management),Inventories of hardware managed by the organization are maintained,CSF 2.0 subcategory (voluntary),Yes (voluntary benchmark),ID.AM-01,CM-8,CM-8; PM-5,CSF 2.0 to SP 800-53: official NIST informative reference (SRC-OLIR-CSF-53) in column nist_official_sp800_53r5; key-control subset selected by the author,High,No hardware inventory; the MSP has an agent list for laptops only,MSP agent list (8 laptops),Not met,"Tablet, scanner, and personal phones not listed",Moderate,"One-page inventory of all devices, including personal phones used for work",Operations Manager,2026-10-31,None
G-033,NIST CSF 2.0 (voluntary benchmark),N56-BM (ID.AM-02),CSF 2.0 ID.AM-02 (Identify; Asset Management),"Inventories of software, services, and systems managed by the organization are maintained",CSF 2.0 subcategory (voluntary),Yes (voluntary benchmark),ID.AM-02,CM-8; SA-9,AC-20; CM-8; PM-5; SA-5; SA-9,CSF 2.0 to SP 800-53: official NIST informative reference (SRC-OLIR-CSF-53) in column nist_official_sp800_53r5; key-control subset selected by the author,High,SaaS services are known from billing and the BIA draft,Card statements; P05 draft,Partially met,No maintained list with owners and data held,Low,Add SaaS services to the inventory,Operations Manager,2026-10-31,None
G-034,NIST CSF 2.0 (voluntary benchmark),N56-BM (ID.AM-03),CSF 2.0 ID.AM-03 (Identify; Asset Management),Representations of the organization's authorized network communication and internal and external network data flows are maintained,CSF 2.0 subcategory (voluntary),Yes (voluntary benchmark),ID.AM-03,PL-2; AC-4,AC-4; CA-3; CA-9; PL-2; PL-8; PM-7,CSF 2.0 to SP 800-53: official NIST informative reference (SRC-OLIR-CSF-53) in column nist_official_sp800_53r5; key-control subset selected by the author,Medium,"A data flow and architecture diagram was drawn during this engagement (P04, 2026-07-31)",P04 cloud-architecture.md,Partially met,Not yet approved or maintained,Low,Approve and update with each system change,Operations Manager,2026-08-31,None
G-035,NIST CSF 2.0 (voluntary benchmark),N56-BM (ID.AM-04),CSF 2.0 ID.AM-04 (Identify; Asset Management),Inventories of services provided by suppliers are maintained,CSF 2.0 subcategory (voluntary),Yes (voluntary benchmark),ID.AM-04,SA-9,AC-20; SA-9; SR-2,CSF 2.0 to SP 800-53: official NIST informative reference (SRC-OLIR-CSF-53) in column nist_official_sp800_53r5; key-control subset selected by the author,Medium,No list of supplier services,Interviews,Not met,Not maintained,Low,Vendor file (GV.SC-04),Operations Manager,2026-10-31,None
G-036,NIST CSF 2.0 (voluntary benchmark),N56-BM (ID.AM-05),CSF 2.0 ID.AM-05 (Identify; Asset Management),"Assets are prioritized based on classification, criticality, resources, and impact on the mission",CSF 2.0 subcategory (voluntary),Yes (voluntary benchmark),ID.AM-05,RA-2,RA-3; RA-9; RA-2,CSF 2.0 to SP 800-53: official NIST informative reference (SRC-OLIR-CSF-53) in column nist_official_sp800_53r5; key-control subset selected by the author,Medium,The BIA draft ranks processes and the systems behind them,P05 draft,Partially met,Data not yet classified,Low,Classification levels in POL-04,Operations Manager,2026-09-01,None
G-037,NIST CSF 2.0 (voluntary benchmark),N56-BM (ID.AM-07),CSF 2.0 ID.AM-07 (Identify; Asset Management),Inventories of data and corresponding metadata for designated data types are maintained,CSF 2.0 subcategory (voluntary),Yes (voluntary benchmark),ID.AM-07,SI-12; CM-12,CM-12; CM-13; SI-12,CSF 2.0 to SP 800-53: official NIST informative reference (SRC-OLIR-CSF-53) in column nist_official_sp800_53r5; key-control subset selected by the author,High,"No inventory of where SSNs, Form I-9 images, and consumer reports are kept. The 2026-07-22 search found them in the ATS, the payroll service, the shared Onboarding folder (214 Form I-9 scan packets, 412 consumer report PDFs, 38 onboarding exports), 63 email messages, and text threads on 3 recruiters' phones",Onboarding folder listing and mailbox search 2026-07-22,Not met,Sensitive data spread to places nobody tracks,High,Data inventory in POL-04 4.4; move or delete stray copies,Operations Manager,2026-10-31,None
G-038,NIST CSF 2.0 (voluntary benchmark),N56-BM (ID.AM-08),CSF 2.0 ID.AM-08 (Identify; Asset Management),"Systems, hardware, software, services, and data are managed throughout their life cycles",CSF 2.0 subcategory (voluntary),Yes (voluntary benchmark),ID.AM-08,SI-12; MP-6,CM-9; CM-13; MA-2; MA-6; PL-2; PM-22; PM-23; SA-3; SA-4; SA-8; SA-22; SI-12; SI-18; SR-5; SR-12,CSF 2.0 to SP 800-53: official NIST informative reference (SRC-OLIR-CSF-53) in column nist_official_sp800_53r5; key-control subset selected by the author,High,No retention schedule. Paper Forms I-9 since 2017 and consumer report PDFs since 2019 have never been purged. No wipe records for retired laptops or for the copier returned in 2024,Records room walkthrough 2026-07-22; lease file,Not met,Records kept past need; disposal unrecorded,Moderate,Retention schedule in POL-04; annual purge; certified wiping with records,Operations Manager,2026-12-31,None
G-039,NIST CSF 2.0 (voluntary benchmark),N56-BM (ID.RA-01),CSF 2.0 ID.RA-01 (Identify; Risk Assessment),"Vulnerabilities in assets are identified, validated, and recorded",CSF 2.0 subcategory (voluntary),Yes (voluntary benchmark),ID.RA-01,RA-3; RA-5,CA-2; CA-7; CA-8; RA-3; RA-5; SA-11(2); SA-15(7); SA-15(8); SI-4; SI-5,CSF 2.0 to SP 800-53: official NIST informative reference (SRC-OLIR-CSF-53) in column nist_official_sp800_53r5; key-control subset selected by the author,Medium,Vulnerabilities were identified through the 2026 interviews and walkthrough; no technical scanning,P01; walkthrough notes,Partially met,No vulnerability scanning,Moderate,Monthly MSP scan report from 2026-11 (RA-5),Operations Manager,2026-11-30,None
G-040,NIST CSF 2.0 (voluntary benchmark),N56-BM (ID.RA-02),CSF 2.0 ID.RA-02 (Identify; Risk Assessment),Cyber threat intelligence is received from information sharing forums and sources,CSF 2.0 subcategory (voluntary),Yes (voluntary benchmark),ID.RA-02,SI-5,SI-5; PM-15; PM-16,CSF 2.0 to SP 800-53: official NIST informative reference (SRC-OLIR-CSF-53) in column nist_official_sp800_53r5; key-control subset selected by the author,Low,No threat information received,Interview Operations Manager,Not met,No threat intelligence,Low,Subscribe to free CISA alerts and the payroll vendor's security notices,Operations Manager,2026-10-31,None
G-041,NIST CSF 2.0 (voluntary benchmark),N56-BM (ID.RA-03),CSF 2.0 ID.RA-03 (Identify; Risk Assessment),Internal and external threats to the organization are identified and recorded,CSF 2.0 subcategory (voluntary),Yes (voluntary benchmark),ID.RA-03,RA-3,PM-12; PM-16; RA-3; SI-5,CSF 2.0 to SP 800-53: official NIST informative reference (SRC-OLIR-CSF-53) in column nist_official_sp800_53r5; key-control subset selected by the author,Medium,"Threats were identified for the first time in P01 (phishing, payroll diversion, insider, MSP compromise)",P01 draft,Partially met,First time only,Low,Annual update each July,Operations Manager,2027-07-31,None
G-042,NIST CSF 2.0 (voluntary benchmark),N56-BM (ID.RA-04),CSF 2.0 ID.RA-04 (Identify; Risk Assessment),Potential impacts and likelihoods of threats exploiting vulnerabilities are identified and recorded,CSF 2.0 subcategory (voluntary),Yes (voluntary benchmark),ID.RA-04,RA-3,PM-9; PM-11; RA-2; RA-3; RA-8; RA-9,CSF 2.0 to SP 800-53: official NIST informative reference (SRC-OLIR-CSF-53) in column nist_official_sp800_53r5; key-control subset selected by the author,Medium,Likelihood and impact rated in P01,P01 draft,Partially met,First time only,Low,Annual update,Operations Manager,2027-07-31,None
G-043,NIST CSF 2.0 (voluntary benchmark),N56-BM (ID.RA-05),CSF 2.0 ID.RA-05 (Identify; Risk Assessment),"Threats, vulnerabilities, likelihoods, and impacts are used to understand inherent risk and inform risk response prioritization",CSF 2.0 subcategory (voluntary),Yes (voluntary benchmark),ID.RA-05,RA-3,PM-16; RA-2; RA-3; RA-7,CSF 2.0 to SP 800-53: official NIST informative reference (SRC-OLIR-CSF-53) in column nist_official_sp800_53r5; key-control subset selected by the author,Medium,Inherent risk determined with Table I-2 in P01,P01 draft,Partially met,Not yet approved,Low,Approve P01,Owner,2026-08-31,None
G-044,NIST CSF 2.0 (voluntary benchmark),N56-BM (ID.RA-06),CSF 2.0 ID.RA-06 (Identify; Risk Assessment),"Risk responses are chosen, prioritized, planned, tracked, and communicated",CSF 2.0 subcategory (voluntary),Yes (voluntary benchmark),ID.RA-06,RA-7,PM-9; PM-18; PM-30; RA-7,CSF 2.0 to SP 800-53: official NIST informative reference (SRC-OLIR-CSF-53) in column nist_official_sp800_53r5; key-control subset selected by the author,High,Treatments drafted in P01; no tracking before 2026,P01 draft,Partially met,Responses not yet tracked to completion,Moderate,Track treatments in the P07 POA&M at the monthly review,Operations Manager,2026-09-30,None
G-045,NIST CSF 2.0 (voluntary benchmark),N56-BM (ID.RA-07),CSF 2.0 ID.RA-07 (Identify; Risk Assessment),"Changes and exceptions are managed, assessed for risk impact, recorded, and tracked",CSF 2.0 subcategory (voluntary),Yes (voluntary benchmark),ID.RA-07,CM-3; CM-4,CA-7; CM-3; CM-4,CSF 2.0 to SP 800-53: official NIST informative reference (SRC-OLIR-CSF-53) in column nist_official_sp800_53r5; key-control subset selected by the author,Medium,No change control. The Senior Recruiter turned on the AI feature and its smart filter on 2026-03-16 without anyone else knowing; payroll notification settings were changed in 2025 with no record,ATS change history; interview Senior Recruiter 2026-07-23,Not met,"Changes to payroll, onboarding, and AI settings not reviewed",Moderate,"Change log for payroll, ATS, and AI settings; Owner approves changes to bank-change rules, user roles, and AI settings",Operations Manager,2026-10-31,None
G-046,NIST CSF 2.0 (voluntary benchmark),N56-BM (ID.RA-08),CSF 2.0 ID.RA-08 (Identify; Risk Assessment),"Processes for receiving, analyzing, and responding to vulnerability disclosures are established",CSF 2.0 subcategory (voluntary),Yes (voluntary benchmark),ID.RA-08,RA-5,RA-5,CSF 2.0 to SP 800-53: official NIST informative reference (SRC-OLIR-CSF-53) in column nist_official_sp800_53r5; key-control subset selected by the author,Low,No way for vendors or researchers to report a weakness to the firm,Website review,Not met,No contact point,Very Low,Publish a security contact address routed to the Operations Manager,Operations Manager,2026-12-31,None
G-047,NIST CSF 2.0 (voluntary benchmark),N56-BM (ID.RA-09),CSF 2.0 ID.RA-09 (Identify; Risk Assessment),The authenticity and integrity of hardware and software are assessed prior to acquisition and use,CSF 2.0 subcategory (voluntary),Yes (voluntary benchmark),ID.RA-09,SA-4,SA-4; SA-5; SA-10; SA-11; SA-15; SA-17; SI-7; SR-5; SR-6; SR-10; SR-11,CSF 2.0 to SP 800-53: official NIST informative reference (SRC-OLIR-CSF-53) in column nist_official_sp800_53r5; key-control subset selected by the author,Low,Laptops are bought through the MSP from mainstream sources; SaaS from established vendors,MSP purchase records,Partially met,No check recorded,Low,Covered by the vendor checklist (GV.SC-06),Operations Manager,2026-12-31,None
G-048,NIST CSF 2.0 (voluntary benchmark),N56-BM (ID.RA-10),CSF 2.0 ID.RA-10 (Identify; Risk Assessment),Critical suppliers are assessed prior to acquisition,CSF 2.0 subcategory (voluntary),Yes (voluntary benchmark),ID.RA-10,SR-6,SR-6,CSF 2.0 to SP 800-53: official NIST informative reference (SRC-OLIR-CSF-53) in column nist_official_sp800_53r5; key-control subset selected by the author,Medium,Neither the payroll service (2023) nor the AI feature (2026) was assessed before use,Interviews,Not met,Critical suppliers not assessed before acquisition,Moderate,Vendor checklist before contract; SOC 2 review for critical vendors,Operations Manager,2026-10-31,None
G-049,NIST CSF 2.0 (voluntary benchmark),N56-BM (ID.IM-01),CSF 2.0 ID.IM-01 (Identify; Improvement),Improvements are identified from evaluations,CSF 2.0 subcategory (voluntary),Yes (voluntary benchmark),ID.IM-01,CA-2,AC-1; AT-1; AU-1; CA-1; CM-1; CP-1; IA-1; IR-1; MA-1; MP-1; PE-1; PL-1; PM-1; PS-1; PT-1; RA-1; SA-1; SC-1; SI-1; SR-1; CA-2; CA-5; CA-7; CA-8; CP-2; IR-4; IR-8; PL-2; RA-3; RA-5; RA-7; SA-8; SA-11; SA-17(6); SI-2; SI-4; SR-5,CSF 2.0 to SP 800-53: official NIST informative reference (SRC-OLIR-CSF-53) in column nist_official_sp800_53r5; key-control subset selected by the author,Medium,No evaluation before 2026. An independent control assessment is scheduled for 2026-08-10 to 2026-08-12,Engagement letter for P07,Not met,No evaluations yet,Low,Annual independent assessment (POL-02 A.6),Owner,2026-08-31,None
G-050,NIST CSF 2.0 (voluntary benchmark),N56-BM (ID.IM-02),CSF 2.0 ID.IM-02 (Identify; Improvement),"Improvements are identified from security tests and exercises, including those done in coordination with suppliers and relevant third parties",CSF 2.0 subcategory (voluntary),Yes (voluntary benchmark),ID.IM-02,CP-4; IR-3,AC-1; AT-1; AU-1; CA-1; CM-1; CP-1; IA-1; IR-1; MA-1; MP-1; PE-1; PL-1; PM-1; PS-1; PT-1; RA-1; SA-1; SC-1; SI-1; SR-1; CA-2; CA-5; CA-7; CA-8; CP-2; CP-4; IR-3; IR-4; IR-8; PL-2; PM-4; PM-31; RA-3; RA-5; RA-7; SA-8; SA-11; SI-2; SI-4; SR-5,CSF 2.0 to SP 800-53: official NIST informative reference (SRC-OLIR-CSF-53) in column nist_official_sp800_53r5; key-control subset selected by the author,Medium,"No tests or exercises of backups, payroll workarounds, or incident response",Interviews,Not met,Nothing tested,Moderate,Restore test by 2026-09-30; tabletop with the MSP and manual payroll drill by 2026-11-30,Operations Manager,2026-11-30,None
G-051,NIST CSF 2.0 (voluntary benchmark),N56-BM (ID.IM-03),CSF 2.0 ID.IM-03 (Identify; Improvement),"Improvements are identified from execution of operational processes, procedures, and activities",CSF 2.0 subcategory (voluntary),Yes (voluntary benchmark),ID.IM-03,PL-2,AC-1; AT-1; AU-1; CA-1; CM-1; CP-1; IA-1; IR-1; MA-1; MP-1; PE-1; PL-1; PM-1; PS-1; PT-1; RA-1; SA-1; SC-1; SI-1; SR-1; CA-2; CA-5; CA-7; CA-8; CP-2; IR-4; IR-8; PL-2; PM-4; PM-31; RA-3; RA-5; RA-7; SA-4; SA-8; SA-11; SI-2; SI-4; SR-5,CSF 2.0 to SP 800-53: official NIST informative reference (SRC-OLIR-CSF-53) in column nist_official_sp800_53r5; key-control subset selected by the author,Low,Problems found in operations (for example the former recruiter's account) were fixed one at a time with no lessons recorded,Interviews,Not met,No improvement record,Low,Note lessons in the monthly review minutes,Operations Manager,2026-10-31,None
G-052,NIST CSF 2.0 (voluntary benchmark),N56-BM (ID.IM-04),CSF 2.0 ID.IM-04 (Identify; Improvement),"Incident response plans and other cybersecurity plans that affect operations are established, communicated, maintained, and improved",CSF 2.0 subcategory (voluntary),Yes (voluntary benchmark),ID.IM-04,IR-8; CP-2,CP-2; IR-8; PL-2; SR-2,CSF 2.0 to SP 800-53: official NIST informative reference (SRC-OLIR-CSF-53) in column nist_official_sp800_53r5; key-control subset selected by the author,High,No incident response plan and no contingency plan,Interviews 2026-07-21,Not met,No plans,High,P08 runbook (payroll breach); contingency plan from the BIA with manual payroll and hurricane steps,Operations Manager,2026-11-30,None
G-053,NIST CSF 2.0 (voluntary benchmark),N56-BM (PR.AA-01),"CSF 2.0 PR.AA-01 (Protect; Identity Management, Authentication, and Access Control)","Identities and credentials for authorized users, services, and hardware are managed by the organization",CSF 2.0 subcategory (voluntary),Yes (voluntary benchmark),PR.AA-01,AC-2; IA-2; IA-5,AC-1; AC-2; AC-14; IA-1; IA-2; IA-3; IA-4; IA-5; IA-6; IA-7; IA-8; IA-9; IA-10; IA-11,CSF 2.0 to SP 800-53: official NIST informative reference (SRC-OLIR-CSF-53) in column nist_official_sp800_53r5; key-control subset selected by the author,High,Every user has a named account. Terminations handled when remembered: a former recruiter's ATS and email accounts were active 2 months (disabled 2026-07-21). E-Verify passwords are written in a desk notebook,User lists; walkthrough 2026-07-22,Partially met,Late removal; passwords recorded on paper,Moderate,Termination checklist; monthly reconciliation; password manager for staff,Operations Manager,2026-09-30,None
G-054,NIST CSF 2.0 (voluntary benchmark),N56-BM (PR.AA-02),"CSF 2.0 PR.AA-02 (Protect; Identity Management, Authentication, and Access Control)",Identities are proofed and bound to credentials based on the context of interactions,CSF 2.0 subcategory (voluntary),Yes (voluntary benchmark),PR.AA-02,IA-12; IA-2,IA-12,CSF 2.0 to SP 800-53: official NIST informative reference (SRC-OLIR-CSF-53) in column nist_official_sp800_53r5; key-control subset selected by the author,High,"Staff accounts are created after hire. Associates register for payroll self-service by an emailed link. Bank-change requests by phone, email, or text are not tied to a verified identity",Payroll setup records; interview Coordinator 2026-07-22,Partially met,Requests that move money are not verified,Moderate,Call-back to the phone number on file for every staff-entered bank change; no changes by email or text,Onboarding and Payroll Coordinator,2026-10-31,None
G-055,NIST CSF 2.0 (voluntary benchmark),N56-BM (PR.AA-03),"CSF 2.0 PR.AA-03 (Protect; Identity Management, Authentication, and Access Control)","Users, services, and hardware are authenticated",CSF 2.0 subcategory (voluntary),Yes (voluntary benchmark),PR.AA-03,IA-2(1); IA-2,AC-7; AC-12; IA-2; IA-3; IA-5; IA-7; IA-8; IA-9; IA-10; IA-11,CSF 2.0 to SP 800-53: official NIST informative reference (SRC-OLIR-CSF-53) in column nist_official_sp800_53r5; key-control subset selected by the author,High,MFA by push on the suite and by app on the ATS. The payroll service uses SMS codes. The MSP-held backup and firewall logins use a password only,MFA settings screenshots 2026-07-22,Partially met,Phishable MFA on the system that moves money; no MFA on two administrator logins,High,Authenticator-app MFA for payroll administrators; MFA on MSP-held logins; number matching on suite push,Operations Manager,2026-10-31,None
G-056,NIST CSF 2.0 (voluntary benchmark),N56-BM (PR.AA-04),"CSF 2.0 PR.AA-04 (Protect; Identity Management, Authentication, and Access Control)","Identity assertions are protected, conveyed, and verified",CSF 2.0 subcategory (voluntary),No - see current state,PR.AA-04,IA-13,IA-13,CSF 2.0 to SP 800-53: official NIST informative reference (SRC-OLIR-CSF-53) in column nist_official_sp800_53r5; key-control subset selected by the author,Low,"No federated sign-in or single sign-on: each SaaS service authenticates users directly, so the firm creates and relies on no identity assertions",Interview MSP lead technician 2026-07-24,Not applicable,None,Very Low,Re-check if single sign-on is adopted,Operations Manager,,None
G-057,NIST CSF 2.0 (voluntary benchmark),N56-BM (PR.AA-05),"CSF 2.0 PR.AA-05 (Protect; Identity Management, Authentication, and Access Control)","Access permissions, entitlements, and authorizations are defined in a policy, managed, enforced, and reviewed, and incorporate the principles of least privilege and separation of duties",CSF 2.0 subcategory (voluntary),Yes (voluntary benchmark),PR.AA-05,AC-3; AC-6,AC-1; AC-2; AC-3; AC-5; AC-6; AC-10; AC-16; AC-17; AC-18; AC-19; AC-24; IA-13,CSF 2.0 to SP 800-53: official NIST informative reference (SRC-OLIR-CSF-53) in column nist_official_sp800_53r5; key-control subset selected by the author,High,No folder permissions: all 7 staff can open the Onboarding folder with Form I-9 images and consumer reports. All recruiters can open onboarding packets with SSNs and bank forms and see full background check results. Three people hold ATS administrator rights,Shared-drive sharing report and ATS role list 2026-07-22,Not met,Access far wider than job need,High,Restrict the Onboarding folder and onboarding packets to the Operations Manager and the Coordinator; recruiters see check status only; one ATS administrator plus a backup,Operations Manager,2026-09-30,None
G-058,NIST CSF 2.0 (voluntary benchmark),N56-BM (PR.AA-06),"CSF 2.0 PR.AA-06 (Protect; Identity Management, Authentication, and Access Control)","Physical access to assets is managed, monitored, and enforced commensurate with risk",CSF 2.0 subcategory (voluntary),Yes (voluntary benchmark),PR.AA-06,PE-3,PE-2; PE-3; PE-4; PE-5; PE-6; PE-8; PE-18; PE-19; PE-20,CSF 2.0 to SP 800-53: official NIST informative reference (SRC-OLIR-CSF-53) in column nist_official_sp800_53r5; key-control subset selected by the author,Medium,Keyed suite entry with an after-hours alarm; locked records room; applicants escorted from the lobby,Walkthrough 2026-07-22,Met,None,Very Low,Rekey or change alarm codes when keyholders leave,Operations Manager,,None
G-059,NIST CSF 2.0 (voluntary benchmark),N56-BM (PR.AT-01),CSF 2.0 PR.AT-01 (Protect; Awareness and Training),Personnel are provided with awareness and training so that they possess the knowledge and skills to perform general tasks with cybersecurity risks in mind,CSF 2.0 subcategory (voluntary),Yes (voluntary benchmark),PR.AT-01,AT-2,AT-2; AT-3,CSF 2.0 to SP 800-53: official NIST informative reference (SRC-OLIR-CSF-53) in column nist_official_sp800_53r5; key-control subset selected by the author,High,Handbook acknowledgment only; no phishing awareness,Handbook acknowledgments,Not met,No awareness training,Moderate,Annual training and quarterly phishing simulations (POL-02 C.4),Operations Manager,2026-12-31,None
G-060,NIST CSF 2.0 (voluntary benchmark),N56-BM (PR.AT-02),CSF 2.0 PR.AT-02 (Protect; Awareness and Training),Individuals in specialized roles are provided with awareness and training so that they possess the knowledge and skills to perform relevant tasks with cybersecurity risks in mind,CSF 2.0 subcategory (voluntary),Yes (voluntary benchmark),PR.AT-02,AT-3,AT-3,CSF 2.0 to SP 800-53: official NIST informative reference (SRC-OLIR-CSF-53) in column nist_official_sp800_53r5; key-control subset selected by the author,Medium,E-Verify users complete the DHS tutorial. The Coordinator has no training on payroll diversion and bank-change fraud; the Senior Recruiter none on AI settings,E-Verify tutorial records,Partially met,Role training missing for payroll and ATS roles,Moderate,"Payroll fraud module for the Coordinator, Operations Manager, and Owner; AI tool briefing for recruiters (P10)",Operations Manager,2026-10-31,None
G-061,NIST CSF 2.0 (voluntary benchmark),N56-BM (PR.DS-01),CSF 2.0 PR.DS-01 (Protect; Data Security),"The confidentiality, integrity, and availability of data-at-rest are protected",CSF 2.0 subcategory (voluntary),Yes (voluntary benchmark),PR.DS-01,SC-28; MP-6,CA-3; CP-9; MP-8; SC-4; SC-7; SC-12; SC-13; SC-28; SC-32; SC-39; SC-43; SI-3; SI-4; SI-7,CSF 2.0 to SP 800-53: official NIST informative reference (SRC-OLIR-CSF-53) in column nist_official_sp800_53r5; key-control subset selected by the author,High,Laptops encrypted (MSP); SaaS vendors encrypt at rest. Personal phones with candidate ID photos and email have no enforced protection; the scanner keeps images on an unencrypted internal disk,MSP encryption report; walkthrough 2026-07-22,Partially met,Data at rest unprotected on phones and the scanner,Moderate,Phone rules (POL-02 C.2); scanner auto-erase; delete ID photos from texts,Operations Manager,2026-10-31,None
G-062,NIST CSF 2.0 (voluntary benchmark),N56-BM (PR.DS-02),CSF 2.0 PR.DS-02 (Protect; Data Security),"The confidentiality, integrity, and availability of data-in-transit are protected",CSF 2.0 subcategory (voluntary),Yes (voluntary benchmark),PR.DS-02,SC-8,AU-16; CA-3; SC-4; SC-7; SC-8; SC-11; SC-12; SC-13; SC-16; SC-40; SC-43; SI-3; SI-4; SI-7,CSF 2.0 to SP 800-53: official NIST informative reference (SRC-OLIR-CSF-53) in column nist_official_sp800_53r5; key-control subset selected by the author,Medium,All SaaS services use TLS. Candidates send ID photos and forms by plain email and text,Mailbox search 2026-07-22,Partially met,Sensitive documents arrive outside protected channels,Low,Candidates use the ATS upload link; staff reply with the link instead of accepting attachments,Senior Recruiter,2026-10-31,None
G-063,NIST CSF 2.0 (voluntary benchmark),N56-BM (PR.DS-10),CSF 2.0 PR.DS-10 (Protect; Data Security),"The confidentiality, integrity, and availability of data-in-use are protected",CSF 2.0 subcategory (voluntary),Yes (voluntary benchmark),PR.DS-10,AC-3; AC-11,AC-2; AC-3; AC-4; AU-9; AU-13; CA-3; CP-9; SA-8; SC-4; SC-7; SC-11; SC-13; SC-24; SC-32; SC-39; SC-40; SC-43; SI-3; SI-4; SI-7; SI-10; SI-16,CSF 2.0 to SP 800-53: official NIST informative reference (SRC-OLIR-CSF-53) in column nist_official_sp800_53r5; key-control subset selected by the author,Medium,"Laptops lock after 10 minutes, except the interview-room laptop, which stays signed in for applicants to fill forms",MSP endpoint policy,Partially met,Interview-room laptop left signed in to staff accounts,Low,Applicants use the lobby tablet or a separate applicant profile; no exemption from screen lock,Operations Manager,2026-10-31,None
G-064,NIST CSF 2.0 (voluntary benchmark),N56-BM (PR.DS-11),CSF 2.0 PR.DS-11 (Protect; Data Security),"Backups of data are created, protected, maintained, and tested",CSF 2.0 subcategory (voluntary),Yes (voluntary benchmark),PR.DS-11,CP-9,CP-6; CP-9,CSF 2.0 to SP 800-53: official NIST informative reference (SRC-OLIR-CSF-53) in column nist_official_sp800_53r5; key-control subset selected by the author,High,The suite is backed up daily with 30 days of versions. Never restore-tested; not immutable; console login without MFA. No export of ATS or payroll data,MSP backup job report (July 2026),Partially met,Backup unproven and deletable,Moderate,"Immutable 90-day versions; MFA; restore test by 2026-09-30, then quarterly; quarterly ATS export",Operations Manager,2026-10-31,None
G-065,NIST CSF 2.0 (voluntary benchmark),N56-BM (PR.PS-01),CSF 2.0 PR.PS-01 (Protect; Platform Security),Configuration management practices are established and applied,CSF 2.0 subcategory (voluntary),Yes (voluntary benchmark),PR.PS-01,CM-2; CM-6,CM-1; CM-2; CM-3; CM-4; CM-5; CM-6; CM-7; CM-8; CM-9; CM-10; CM-11,CSF 2.0 to SP 800-53: official NIST informative reference (SRC-OLIR-CSF-53) in column nist_official_sp800_53r5; key-control subset selected by the author,Medium,"The MSP uses a standard laptop build. SaaS security settings (MFA, sharing, alerts) were never written down",MSP build sheet,Partially met,No baseline for SaaS settings,Low,Record the required SaaS settings in the SSP and check them at the monthly review,Operations Manager,2026-11-30,None
G-066,NIST CSF 2.0 (voluntary benchmark),N56-BM (PR.PS-02),CSF 2.0 PR.PS-02 (Protect; Platform Security),"Software is maintained, replaced, and removed commensurate with risk",CSF 2.0 subcategory (voluntary),Yes (voluntary benchmark),PR.PS-02,SI-2,CM-11; MA-3(6); SA-10(1); SI-2; SI-7,CSF 2.0 to SP 800-53: official NIST informative reference (SRC-OLIR-CSF-53) in column nist_official_sp800_53r5; key-control subset selected by the author,Medium,The MSP patches laptops monthly and the firewall quarterly; the July 2026 report shows all 8 laptops current,MSP patch report (July 2026),Met,None,Very Low,Review the MSP report monthly,Operations Manager,,None
G-067,NIST CSF 2.0 (voluntary benchmark),N56-BM (PR.PS-03),CSF 2.0 PR.PS-03 (Protect; Platform Security),"Hardware is maintained, replaced, and removed commensurate with risk",CSF 2.0 subcategory (voluntary),Yes (voluntary benchmark),PR.PS-03,MA-2,CM-7(9); SA-10(3); SC-3(1); SC-39(1); SC-49; SC-51,CSF 2.0 to SP 800-53: official NIST informative reference (SRC-OLIR-CSF-53) in column nist_official_sp800_53r5; key-control subset selected by the author,Low,Laptops are replaced about every 4 years; no record of how old devices were handled,Purchase records,Partially met,Replacement and disposal unrecorded,Low,Record replacement and wiping in the inventory,Operations Manager,2026-12-31,None
G-068,NIST CSF 2.0 (voluntary benchmark),N56-BM (PR.PS-04),CSF 2.0 PR.PS-04 (Protect; Platform Security),Log records are generated and made available for continuous monitoring,CSF 2.0 subcategory (voluntary),Yes (voluntary benchmark),PR.PS-04,AU-2; AU-11,AU-2; AU-3; AU-6; AU-7; AU-11; AU-12; SA-15(13),CSF 2.0 to SP 800-53: official NIST informative reference (SRC-OLIR-CSF-53) in column nist_official_sp800_53r5; key-control subset selected by the author,Medium,"The ATS, payroll service, and suite generate logs; the suite keeps them 90 days; nobody exports them",Vendor audit screens; suite plan documentation,Partially met,Logs too short-lived for investigations or an I-9 audit trail,Moderate,Upgrade suite log retention to 1 year or export monthly,Operations Manager,2026-12-31,None
G-069,NIST CSF 2.0 (voluntary benchmark),N56-BM (PR.PS-05),CSF 2.0 PR.PS-05 (Protect; Platform Security),Installation and execution of unauthorized software are prevented,CSF 2.0 subcategory (voluntary),Yes (voluntary benchmark),PR.PS-05,CM-7,CM-7(2); CM-7(4); CM-7(5); SC-34,CSF 2.0 to SP 800-53: official NIST informative reference (SRC-OLIR-CSF-53) in column nist_official_sp800_53r5; key-control subset selected by the author,Low,Staff have no local administrator rights and cannot install software; the MSP installs approved applications,MSP endpoint policy,Met,None,Very Low,Keep,Operations Manager,,None
G-070,NIST CSF 2.0 (voluntary benchmark),N56-BM (PR.PS-06),CSF 2.0 PR.PS-06 (Protect; Platform Security),"Secure software development practices are integrated, and their performance is monitored throughout the software development life cycle",CSF 2.0 subcategory (voluntary),No - see current state,PR.PS-06,SA-3,SA-3; SA-8; SA-10; SA-11; SA-15; SA-15(13); SA-17; SA-24,CSF 2.0 to SP 800-53: official NIST informative reference (SRC-OLIR-CSF-53) in column nist_official_sp800_53r5; key-control subset selected by the author,Low,The firm develops no software; it configures vendor SaaS,Interview MSP lead technician,Not applicable,None,Very Low,Re-check if the firm builds integrations or scripts,Operations Manager,,None
G-071,NIST CSF 2.0 (voluntary benchmark),N56-BM (PR.IR-01),CSF 2.0 PR.IR-01 (Protect; Technology Infrastructure Resilience),Networks and environments are protected from unauthorized logical access and usage,CSF 2.0 subcategory (voluntary),Yes (voluntary benchmark),PR.IR-01,SC-7; AC-3,AC-3; AC-4; SC-4; SC-5; SC-7,CSF 2.0 to SP 800-53: official NIST informative reference (SRC-OLIR-CSF-53) in column nist_official_sp800_53r5; key-control subset selected by the author,Medium,MSP-managed firewall blocks unsolicited inbound traffic; guest Wi-Fi for applicants is separated from staff Wi-Fi,Firewall rule export,Met,None,Very Low,Review rules yearly with the MSP,Operations Manager,,None
G-072,NIST CSF 2.0 (voluntary benchmark),N56-BM (PR.IR-02),CSF 2.0 PR.IR-02 (Protect; Technology Infrastructure Resilience),The organization's technology assets are protected from environmental threats,CSF 2.0 subcategory (voluntary),Yes (voluntary benchmark),PR.IR-02,PE-13; PE-14,CP-2; PE-9; PE-10; PE-11; PE-12; PE-13; PE-14; PE-15; PE-18; PE-23,CSF 2.0 to SP 800-53: official NIST informative reference (SRC-OLIR-CSF-53) in column nist_official_sp800_53r5; key-control subset selected by the author,Medium,Surge protectors and a small battery unit on the network gear. No hurricane preparation steps,Walkthrough 2026-07-22,Partially met,No environmental plan,Low,Hurricane checklist in the contingency plan,Operations Manager,2026-11-30,None
G-073,NIST CSF 2.0 (voluntary benchmark),N56-BM (PR.IR-03),CSF 2.0 PR.IR-03 (Protect; Technology Infrastructure Resilience),Mechanisms are implemented to achieve resilience requirements in normal and adverse situations,CSF 2.0 subcategory (voluntary),Yes (voluntary benchmark),PR.IR-03,CP-2; SC-6,CP; IR; SA-8; SA-24; SC-6; SC-24; SC-36; SC-39; SI-13,CSF 2.0 to SP 800-53: official NIST informative reference (SRC-OLIR-CSF-53) in column nist_official_sp800_53r5; key-control subset selected by the author,Low,Core systems are SaaS and reachable from home; one internet line at the office,P05 draft,Partially met,"Single line (accepted, R-012)",Low,Rely on hotspots and remote work,Operations Manager,2026-11-30,None
G-074,NIST CSF 2.0 (voluntary benchmark),N56-BM (PR.IR-04),CSF 2.0 PR.IR-04 (Protect; Technology Infrastructure Resilience),Adequate resource capacity to ensure availability is maintained,CSF 2.0 subcategory (voluntary),Yes (voluntary benchmark),PR.IR-04,CP-8,CP-6; CP-7; CP-8; PM-3; PM-9,CSF 2.0 to SP 800-53: official NIST informative reference (SRC-OLIR-CSF-53) in column nist_official_sp800_53r5; key-control subset selected by the author,Low,SaaS capacity is the vendors' concern; office bandwidth is adequate for 7 users,Interview MSP lead technician,Partially met,No backup line,Low,Accepted (R-012),Owner,2026-08-31,None
G-075,NIST CSF 2.0 (voluntary benchmark),N56-BM (DE.CM-01),CSF 2.0 DE.CM-01 (Detect; Continuous Monitoring),Networks and network services are monitored to find potentially adverse events,CSF 2.0 subcategory (voluntary),Yes (voluntary benchmark),DE.CM-01,SI-4,AC-2; AU-12; CA-7; CM-3; SC-5; SC-7; SI-4,CSF 2.0 to SP 800-53: official NIST informative reference (SRC-OLIR-CSF-53) in column nist_official_sp800_53r5; key-control subset selected by the author,Medium,No network or service monitoring by the firm; suite alerts for forwarding rules and mass downloads are off,Suite alert settings 2026-07-22,Not met,No monitoring,Moderate,Turn on suite alerts to the Operations Manager,Operations Manager,2026-10-31,None
G-076,NIST CSF 2.0 (voluntary benchmark),N56-BM (DE.CM-02),CSF 2.0 DE.CM-02 (Detect; Continuous Monitoring),The physical environment is monitored to find potentially adverse events,CSF 2.0 subcategory (voluntary),Yes (voluntary benchmark),DE.CM-02,PE-6,CA-7; PE-3; PE-6; PE-20,CSF 2.0 to SP 800-53: official NIST informative reference (SRC-OLIR-CSF-53) in column nist_official_sp800_53r5; key-control subset selected by the author,Low,After-hours alarm monitored by the alarm company,Alarm contract,Met,None,Very Low,Keep,Operations Manager,,None
G-077,NIST CSF 2.0 (voluntary benchmark),N56-BM (DE.CM-03),CSF 2.0 DE.CM-03 (Detect; Continuous Monitoring),Personnel activity and technology usage are monitored to find potentially adverse events,CSF 2.0 subcategory (voluntary),Yes (voluntary benchmark),DE.CM-03,AU-6; AC-2,AC-2; AU-12; AU-13; CA-7; CM-10; CM-11,CSF 2.0 to SP 800-53: official NIST informative reference (SRC-OLIR-CSF-53) in column nist_official_sp800_53r5; key-control subset selected by the author,High,"Nobody watches payroll bank changes, payroll report exports, ATS exports, or E-Verify user activity",Interviews 2026-07-22; payroll notification settings,Not met,Account misuse would go unnoticed until associates complain about missing pay,High,Payroll alerts on bank changes and exports; monthly log review checklist; Owner reviews the bank-change report monthly,Operations Manager,2026-10-31,None
G-078,NIST CSF 2.0 (voluntary benchmark),N56-BM (DE.CM-06),CSF 2.0 DE.CM-06 (Detect; Continuous Monitoring),External service provider activities and services are monitored to find potentially adverse events,CSF 2.0 subcategory (voluntary),Yes (voluntary benchmark),DE.CM-06,SA-9; SI-4,CA-7; PS-7; SA-4; SA-9; SI-4,CSF 2.0 to SP 800-53: official NIST informative reference (SRC-OLIR-CSF-53) in column nist_official_sp800_53r5; key-control subset selected by the author,Medium,MSP activity on laptops and the backup is not reported to the firm,MSP contract,Not met,External provider activity not monitored,Moderate,Monthly MSP activity summary; access list of MSP technicians,Operations Manager,2026-12-31,None
G-079,NIST CSF 2.0 (voluntary benchmark),N56-BM (DE.CM-09),CSF 2.0 DE.CM-09 (Detect; Continuous Monitoring),"Computing hardware and software, runtime environments, and their data are monitored to find potentially adverse events",CSF 2.0 subcategory (voluntary),Yes (voluntary benchmark),DE.CM-09,SI-3,AC-4; AC-9; AU-12; CA-7; CM-3; CM-6; CM-10; CM-11; SC-34; SC-35; SI-4; SI-7,CSF 2.0 to SP 800-53: official NIST informative reference (SRC-OLIR-CSF-53) in column nist_official_sp800_53r5; key-control subset selected by the author,Medium,Signature antivirus on laptops; alerts reach the MSP in business hours only and are not shared with the firm,MSP antivirus console export,Partially met,Weak detection; no after-hours response,Moderate,Ask the MSP for after-hours alerting; consider managed detection at renewal,Operations Manager,2026-12-31,None
G-080,NIST CSF 2.0 (voluntary benchmark),N56-BM (DE.AE-02),CSF 2.0 DE.AE-02 (Detect; Adverse Event Analysis),Potentially adverse events are analyzed to better understand associated activities,CSF 2.0 subcategory (voluntary),Yes (voluntary benchmark),DE.AE-02,AU-6; IR-4,AU-6; CA-7; IR-4; SI-4,CSF 2.0 to SP 800-53: official NIST informative reference (SRC-OLIR-CSF-53) in column nist_official_sp800_53r5; key-control subset selected by the author,Medium,No analysis of events,Interviews,Not met,Events not analyzed,Moderate,Monthly review checklist (DE.CM-03),Operations Manager,2026-10-31,None
G-081,NIST CSF 2.0 (voluntary benchmark),N56-BM (DE.AE-03),CSF 2.0 DE.AE-03 (Detect; Adverse Event Analysis),Information is correlated from multiple sources,CSF 2.0 subcategory (voluntary),Yes (voluntary benchmark),DE.AE-03,AU-6,AU-6; CA-7; PM-16; IR-4; IR-5; IR-8; SI-4,CSF 2.0 to SP 800-53: official NIST informative reference (SRC-OLIR-CSF-53) in column nist_official_sp800_53r5; key-control subset selected by the author,Low,No correlation of sources,Interviews,Not met,Not done,Low,Not expected at this size beyond the monthly review,Operations Manager,2026-12-31,None
G-082,NIST CSF 2.0 (voluntary benchmark),N56-BM (DE.AE-04),CSF 2.0 DE.AE-04 (Detect; Adverse Event Analysis),The estimated impact and scope of adverse events are understood,CSF 2.0 subcategory (voluntary),Yes (voluntary benchmark),DE.AE-04,RA-3,PM-9; PM-11; PM-18; PM-28; PM-30,CSF 2.0 to SP 800-53: official NIST informative reference (SRC-OLIR-CSF-53) in column nist_official_sp800_53r5; key-control subset selected by the author,Low,Impact of events not estimated,Interviews,Not met,Not done,Low,Use the P08 scoping steps,Operations Manager,2026-11-30,None
G-083,NIST CSF 2.0 (voluntary benchmark),N56-BM (DE.AE-06),CSF 2.0 DE.AE-06 (Detect; Adverse Event Analysis),Information on adverse events is provided to authorized staff and tools,CSF 2.0 subcategory (voluntary),Yes (voluntary benchmark),DE.AE-06,IR-4,IR-4; PM-15; PM-16; RA-4; RA-10,CSF 2.0 to SP 800-53: official NIST informative reference (SRC-OLIR-CSF-53) in column nist_official_sp800_53r5; key-control subset selected by the author,Medium,MSP alerts are not shared with the firm,MSP contract,Not met,Event information does not reach the firm,Moderate,MSP sends security alerts to the Operations Manager by text and email,Operations Manager,2026-12-31,None
G-084,NIST CSF 2.0 (voluntary benchmark),N56-BM (DE.AE-07),CSF 2.0 DE.AE-07 (Detect; Adverse Event Analysis),Cyber threat intelligence and other contextual information are integrated into the analysis,CSF 2.0 subcategory (voluntary),Yes (voluntary benchmark),DE.AE-07,RA-10,PM-16; RA-3; RA-10,CSF 2.0 to SP 800-53: official NIST informative reference (SRC-OLIR-CSF-53) in column nist_official_sp800_53r5; key-control subset selected by the author,Low,No threat context used,Interviews,Not met,Not done,Low,Use CISA alerts (ID.RA-02) at the monthly review,Operations Manager,2026-12-31,None
G-085,NIST CSF 2.0 (voluntary benchmark),N56-BM (DE.AE-08),CSF 2.0 DE.AE-08 (Detect; Adverse Event Analysis),Incidents are declared when adverse events meet the defined incident criteria,CSF 2.0 subcategory (voluntary),Yes (voluntary benchmark),DE.AE-08,IR-8,IR-4; IR-8,CSF 2.0 to SP 800-53: official NIST informative reference (SRC-OLIR-CSF-53) in column nist_official_sp800_53r5; key-control subset selected by the author,Medium,No criteria for declaring an incident,Interviews,Not met,No incident criteria,Moderate,Declaration criteria in the P08 runbook,Operations Manager,2026-08-31,None
G-086,NIST CSF 2.0 (voluntary benchmark),N56-BM (RS.MA-01),CSF 2.0 RS.MA-01 (Respond; Incident Management),The incident response plan is executed in coordination with relevant third parties once an incident is declared,CSF 2.0 subcategory (voluntary),Yes (voluntary benchmark),RS.MA-01,IR-8,IR-6; IR-7; IR-8; SR-3; SR-8,CSF 2.0 to SP 800-53: official NIST informative reference (SRC-OLIR-CSF-53) in column nist_official_sp800_53r5; key-control subset selected by the author,High,No plan to execute; no agreed roles with the MSP or insurer,Interviews,Not met,No incident management,Moderate,P08 runbook with the MSP and insurer in the chain,Operations Manager,2026-08-31,None
G-087,NIST CSF 2.0 (voluntary benchmark),N56-BM (RS.MA-02),CSF 2.0 RS.MA-02 (Respond; Incident Management),Incident reports are triaged and validated,CSF 2.0 subcategory (voluntary),Yes (voluntary benchmark),RS.MA-02,IR-6,IR-4; IR-5; IR-6,CSF 2.0 to SP 800-53: official NIST informative reference (SRC-OLIR-CSF-53) in column nist_official_sp800_53r5; key-control subset selected by the author,Medium,Staff would tell a colleague; no reporting rule,Interviews 2026-07-22,Not met,No triage,Moderate,1-hour reporting rule (POL-03 4.2),Operations Manager,2026-09-30,None
G-088,NIST CSF 2.0 (voluntary benchmark),N56-BM (RS.MA-03),CSF 2.0 RS.MA-03 (Respond; Incident Management),Incidents are categorized and prioritized,CSF 2.0 subcategory (voluntary),Yes (voluntary benchmark),RS.MA-03,IR-4,IR-4; IR-5; IR-6,CSF 2.0 to SP 800-53: official NIST informative reference (SRC-OLIR-CSF-53) in column nist_official_sp800_53r5; key-control subset selected by the author,Low,No categories,Interviews,Not met,Not done,Low,Severity levels in the P08 runbook,Operations Manager,2026-08-31,None
G-089,NIST CSF 2.0 (voluntary benchmark),N56-BM (RS.MA-04),CSF 2.0 RS.MA-04 (Respond; Incident Management),Incidents are escalated or elevated as needed,CSF 2.0 subcategory (voluntary),Yes (voluntary benchmark),RS.MA-04,IR-4,IR-4; IR-5; IR-6; IR-7,CSF 2.0 to SP 800-53: official NIST informative reference (SRC-OLIR-CSF-53) in column nist_official_sp800_53r5; key-control subset selected by the author,Medium,No escalation path,Interviews,Not met,Not done,Low,"Escalation chain in the P08 runbook (Operations Manager, Owner, MSP, insurer)",Operations Manager,2026-08-31,None
G-090,NIST CSF 2.0 (voluntary benchmark),N56-BM (RS.MA-05),CSF 2.0 RS.MA-05 (Respond; Incident Management),The criteria for initiating incident recovery are applied,CSF 2.0 subcategory (voluntary),Yes (voluntary benchmark),RS.MA-05,IR-8,IR-4; IR-8,CSF 2.0 to SP 800-53: official NIST informative reference (SRC-OLIR-CSF-53) in column nist_official_sp800_53r5; key-control subset selected by the author,Low,No recovery criteria,Interviews,Not met,Not done,Low,Recovery criteria in the P08 runbook,Operations Manager,2026-08-31,None
G-091,NIST CSF 2.0 (voluntary benchmark),N56-BM (RS.AN-03),CSF 2.0 RS.AN-03 (Respond; Incident Analysis),Analysis is performed to establish what has taken place during an incident and the root cause of the incident,CSF 2.0 subcategory (voluntary),Yes (voluntary benchmark),RS.AN-03,IR-4; AU-7,AU-7; IR-4; SI-2(7),CSF 2.0 to SP 800-53: official NIST informative reference (SRC-OLIR-CSF-53) in column nist_official_sp800_53r5; key-control subset selected by the author,Medium,The cyber policy gives access to panel forensics through the breach hotline; nobody had read that part of the policy,Cyber insurance policy,Partially met,No internal analysis steps,Low,P08 analysis steps; insurer hotline first,Operations Manager,2026-08-31,None
G-092,NIST CSF 2.0 (voluntary benchmark),N56-BM (RS.AN-06),CSF 2.0 RS.AN-06 (Respond; Incident Analysis),"Actions performed during an investigation are recorded, and the records' integrity and provenance are preserved",CSF 2.0 subcategory (voluntary),Yes (voluntary benchmark),RS.AN-06,IR-4,AU-7; IR-4; IR-6,CSF 2.0 to SP 800-53: official NIST informative reference (SRC-OLIR-CSF-53) in column nist_official_sp800_53r5; key-control subset selected by the author,Low,No incident records kept,Interviews,Not met,Not done,Low,Incident log template,Operations Manager,2026-09-30,None
G-093,NIST CSF 2.0 (voluntary benchmark),N56-BM (RS.AN-07),CSF 2.0 RS.AN-07 (Respond; Incident Analysis),"Incident data and metadata are collected, and their integrity and provenance are preserved",CSF 2.0 subcategory (voluntary),Yes (voluntary benchmark),RS.AN-07,IR-4; AU-9,AU-7; IR-4; IR-6,CSF 2.0 to SP 800-53: official NIST informative reference (SRC-OLIR-CSF-53) in column nist_official_sp800_53r5; key-control subset selected by the author,Medium,Suite logs age out after 90 days; nobody knows how to export payroll or ATS logs,Suite plan documentation,Not met,Evidence could be lost,Moderate,Evidence export steps in P08; longer log retention (PR.PS-04),Operations Manager,2026-11-30,None
G-094,NIST CSF 2.0 (voluntary benchmark),N56-BM (RS.AN-08),CSF 2.0 RS.AN-08 (Respond; Incident Analysis),An incident's magnitude is estimated and validated,CSF 2.0 subcategory (voluntary),Yes (voluntary benchmark),RS.AN-08,IR-4; RA-3,IR-4; IR-8; RA-3; RA-7,CSF 2.0 to SP 800-53: official NIST informative reference (SRC-OLIR-CSF-53) in column nist_official_sp800_53r5; key-control subset selected by the author,Medium,"Without a data inventory the firm could not say whose data sits where, or which states they live in",Interviews,Not met,Breach magnitude cannot be estimated quickly,Moderate,Data inventory (ID.AM-07); residence-state report from payroll in P08,Operations Manager,2026-10-31,None
G-095,NIST CSF 2.0 (voluntary benchmark),N56-BM (RS.CO-02),CSF 2.0 RS.CO-02 (Respond; Incident Response Reporting and Communication),Internal and external stakeholders are notified of incidents,CSF 2.0 subcategory (voluntary),Yes (voluntary benchmark),RS.CO-02,IR-6,IR-4; IR-6; IR-7; SR-3; SR-8,CSF 2.0 to SP 800-53: official NIST informative reference (SRC-OLIR-CSF-53) in column nist_official_sp800_53r5; key-control subset selected by the author,High,"Nobody knew the Florida 30-day clocks (Fla. Stat. 501.171(3)-(4)), the 10-day duty of vendors, or the E-Verify MOU's immediate DHS notice",Interviews 2026-07-21,Not met,Notification duties unknown,High,P08 notification matrix and templates; tabletop,Operations Manager,2026-11-30,None
G-096,NIST CSF 2.0 (voluntary benchmark),N56-BM (RS.CO-03),CSF 2.0 RS.CO-03 (Respond; Incident Response Reporting and Communication),Information is shared with designated internal and external stakeholders,CSF 2.0 subcategory (voluntary),Yes (voluntary benchmark),RS.CO-03,IR-6,IR-4; IR-6; IR-7; SR-3; SR-8,CSF 2.0 to SP 800-53: official NIST informative reference (SRC-OLIR-CSF-53) in column nist_official_sp800_53r5; key-control subset selected by the author,Medium,No plan for sharing incident information with clients or the insurer,Client contracts,Not met,Not done,Low,Client and insurer contacts in P08,Account Manager,2026-11-30,None
G-097,NIST CSF 2.0 (voluntary benchmark),N56-BM (RS.MI-01),CSF 2.0 RS.MI-01 (Respond; Incident Mitigation),Incidents are contained,CSF 2.0 subcategory (voluntary),Yes (voluntary benchmark),RS.MI-01,IR-4,IR-4,CSF 2.0 to SP 800-53: official NIST informative reference (SRC-OLIR-CSF-53) in column nist_official_sp800_53r5; key-control subset selected by the author,High,No way to stop a payroll diversion quickly: nobody knew the payroll vendor can freeze bank changes and recall pending deposits,Interview Coordinator 2026-07-22,Not met,No containment steps,Moderate,Payroll freeze and recall steps in P08; vendor emergency contacts in the runbook,Operations Manager,2026-08-31,None
G-098,NIST CSF 2.0 (voluntary benchmark),N56-BM (RS.MI-02),CSF 2.0 RS.MI-02 (Respond; Incident Mitigation),Incidents are eradicated,CSF 2.0 subcategory (voluntary),Yes (voluntary benchmark),RS.MI-02,IR-4,IR-4,CSF 2.0 to SP 800-53: official NIST informative reference (SRC-OLIR-CSF-53) in column nist_official_sp800_53r5; key-control subset selected by the author,Medium,The MSP can reimage laptops and reset accounts on request,MSP contract,Partially met,No eradication checklist,Low,P08 eradication steps,Operations Manager,2026-08-31,None
G-099,NIST CSF 2.0 (voluntary benchmark),N56-BM (RC.RP-01),CSF 2.0 RC.RP-01 (Recover; Incident Recovery Plan Execution),The recovery portion of the incident response plan is executed once initiated from the incident response process,CSF 2.0 subcategory (voluntary),Yes (voluntary benchmark),RC.RP-01,IR-8; CP-10,CP-10; IR-4; IR-8,CSF 2.0 to SP 800-53: official NIST informative reference (SRC-OLIR-CSF-53) in column nist_official_sp800_53r5; key-control subset selected by the author,Medium,No recovery plan,Interviews,Not met,Not done,Moderate,Recovery steps in P08 and the contingency plan,Operations Manager,2026-11-30,None
G-100,NIST CSF 2.0 (voluntary benchmark),N56-BM (RC.RP-02),CSF 2.0 RC.RP-02 (Recover; Incident Recovery Plan Execution),"Recovery actions are selected, scoped, prioritized, and performed",CSF 2.0 subcategory (voluntary),Yes (voluntary benchmark),RC.RP-02,CP-10,CP-10; IR-4; IR-8,CSF 2.0 to SP 800-53: official NIST informative reference (SRC-OLIR-CSF-53) in column nist_official_sp800_53r5; key-control subset selected by the author,Medium,No recovery priorities set before the BIA,P05 draft,Not met,Not done,Low,Use the P05 recovery order,Operations Manager,2026-11-30,None
G-101,NIST CSF 2.0 (voluntary benchmark),N56-BM (RC.RP-03),CSF 2.0 RC.RP-03 (Recover; Incident Recovery Plan Execution),The integrity of backups and other restoration assets is verified before using them for restoration,CSF 2.0 subcategory (voluntary),Yes (voluntary benchmark),RC.RP-03,CP-4; CP-9,CP-2; CP-4; CP-9,CSF 2.0 to SP 800-53: official NIST informative reference (SRC-OLIR-CSF-53) in column nist_official_sp800_53r5; key-control subset selected by the author,High,Backups have never been verified or restored,MSP confirmation 2026-07-24,Not met,Backup integrity unknown,Moderate,Restore test by 2026-09-30; check backup integrity before any restore (P08),Operations Manager,2026-09-30,None
G-102,NIST CSF 2.0 (voluntary benchmark),N56-BM (RC.RP-04),CSF 2.0 RC.RP-04 (Recover; Incident Recovery Plan Execution),Critical mission functions and cybersecurity risk management are considered to establish post-incident operational norms,CSF 2.0 subcategory (voluntary),Yes (voluntary benchmark),RC.RP-04,CP-2,PM-8; PM-9; PM-11; IR-1; IR-8,CSF 2.0 to SP 800-53: official NIST informative reference (SRC-OLIR-CSF-53) in column nist_official_sp800_53r5; key-control subset selected by the author,Medium,The BIA draft sets MTDs; payroll and next-day staffing come first,P05 draft,Partially met,Not yet tied to incident decisions,Low,Use the BIA in P08 and the contingency plan,Operations Manager,2026-11-30,None
G-103,NIST CSF 2.0 (voluntary benchmark),N56-BM (RC.RP-05),CSF 2.0 RC.RP-05 (Recover; Incident Recovery Plan Execution),"The integrity of restored assets is verified, systems and services are restored, and normal operating status is confirmed",CSF 2.0 subcategory (voluntary),Yes (voluntary benchmark),RC.RP-05,CP-10,CP-10,CSF 2.0 to SP 800-53: official NIST informative reference (SRC-OLIR-CSF-53) in column nist_official_sp800_53r5; key-control subset selected by the author,Low,No verification steps after restore,Interviews,Not met,Not done,Low,"Verification checklist in P08 (bank data, user lists)",Operations Manager,2026-11-30,None
G-104,NIST CSF 2.0 (voluntary benchmark),N56-BM (RC.RP-06),CSF 2.0 RC.RP-06 (Recover; Incident Recovery Plan Execution),"The end of incident recovery is declared based on criteria, and incident-related documentation is completed",CSF 2.0 subcategory (voluntary),Yes (voluntary benchmark),RC.RP-06,IR-8,IR-4; IR-8,CSF 2.0 to SP 800-53: official NIST informative reference (SRC-OLIR-CSF-53) in column nist_official_sp800_53r5; key-control subset selected by the author,Low,No closure criteria,Interviews,Not met,Not done,Low,Closure criteria in P08,Operations Manager,2026-08-31,None
G-105,NIST CSF 2.0 (voluntary benchmark),N56-BM (RC.CO-03),CSF 2.0 RC.CO-03 (Recover; Incident Recovery Communication),Recovery activities and progress in restoring operational capabilities are communicated to designated internal and external stakeholders,CSF 2.0 subcategory (voluntary),Yes (voluntary benchmark),RC.CO-03,IR-6,IR-4; IR-6; SR-8,CSF 2.0 to SP 800-53: official NIST informative reference (SRC-OLIR-CSF-53) in column nist_official_sp800_53r5; key-control subset selected by the author,Medium,No plan to tell associates and clients what is happening if pay or placements are disrupted,Interviews,Not met,Associates could be left unpaid without information,Moderate,Associate and client messages in P08 (English and Spanish),Operations Manager,2026-11-30,None
G-106,NIST CSF 2.0 (voluntary benchmark),N56-BM (RC.CO-04),CSF 2.0 RC.CO-04 (Recover; Incident Recovery Communication),Public updates on incident recovery are shared using approved methods and messaging,CSF 2.0 subcategory (voluntary),Yes (voluntary benchmark),RC.CO-04,CP-2,CP-2; IR-4,CSF 2.0 to SP 800-53: official NIST informative reference (SRC-OLIR-CSF-53) in column nist_official_sp800_53r5; key-control subset selected by the author,Low,No public messaging approach,Interviews,Not met,Not done,Low,Owner approves any public statement; counsel reviews,Owner,2026-11-30,None
G-107,"Form I-9 (N56-R03), 8 CFR 274a.2",N56-R03 (8 CFR 274a.2(b)(1)(ii)),8 CFR 274a.2(b)(1)(ii)-(iii),"Within 3 business days of hire, physically examine the documents and complete and sign Section 2; for jobs of less than 3 business days, at the time of hire",Binding regulation,Yes - employer of record for associates,PR.AA-02,IA-12; PS-3,,Author mapping (no official NIST mapping for this rule),High,The Coordinator completes Section 2 in person. Sample of 20 Forms I-9 (2025-2026): 19 on time; 1 completed on the fourth business day (a Monday start during the Coordinator's leave),"Sample of 20 paper Forms I-9, 2026-07-23",Partially met,One late Section 2; no backup person trained,Low,Train the Operations Manager as backup; calendar check of open Section 2s each morning,Operations Manager,2026-09-30,"DHS ended automatic extension of many renewal EADs (90 FR 48799, effective 2025-10-30); reverification dates need watching"
G-108,"Form I-9 (N56-R03), 8 CFR 274a.2",N56-R03 (8 CFR 274a.2(b)(1)(ix)),8 CFR 274a.2(b)(1)(ix),Optional alternative to physical examination (live video review of document copies) for qualified E-Verify employers,Binding regulation (optional procedure),No - the firm examines all documents in person and does not use the alternative procedure,PR.AA-02,IA-12,,Author mapping (no official NIST mapping for this rule),Low,Not used,Interview Coordinator 2026-07-22,Not applicable,None,Very Low,"If ever used, keep copies of all documents as the procedure requires",Onboarding and Payroll Coordinator,,None
G-109,"Form I-9 (N56-R03), 8 CFR 274a.2",N56-R03 (8 CFR 274a.2(b)(2)(i)(A)),8 CFR 274a.2(b)(2)(i)(A),"Retain each Form I-9 for 3 years after the date of hire or 1 year after employment ends, whichever is later",Binding regulation,Yes,ID.AM-08; PR.DS-11,SI-12; CP-9,,Author mapping (no official NIST mapping for this rule),High,"Every paper Form I-9 since 2017 is kept (about 610 forms); nothing is purged, so every required form is present",Records room walkthrough 2026-07-22,Met,None for retention; over-retention is handled under ID.AM-08 (G-038),Low,Purge rule in the POL-04 retention schedule,Operations Manager,,None
G-110,"Form I-9 (N56-R03), 8 CFR 274a.2",N56-R03 (8 CFR 274a.2(b)(2)(ii)),8 CFR 274a.2(b)(2)(ii),"On at least 3 business days' notice, make Forms I-9 available for inspection",Binding regulation,Yes,PR.DS-11; RC.RP-02,CP-9; CP-10,,Author mapping (no official NIST mapping for this rule),High,Paper forms are filed by hire year in one cabinet with no index of active and terminated workers,Records room walkthrough 2026-07-22,Partially met,Producing a requested set within 3 business days is untested,Low,Index of all Forms I-9 with hire and termination dates; mock retrieval once a year,Operations Manager,2026-12-31,None
G-111,"Form I-9 (N56-R03), 8 CFR 274a.2",N56-R03 (8 CFR 274a.2(b)(3)),8 CFR 274a.2(b)(3),"Copies or electronic images of documents, if made, must be kept with the Form I-9 or with the employee's records and be retrievable consistent with paragraphs (e) to (i); do not copy only for certain national origins or citizenship statuses",Binding regulation,"Yes - the firm photocopies every document and, since 2024-03, also scans them",PR.DS-01; ID.AM-07,SI-12; AC-3,,Author mapping (no official NIST mapping for this rule),Medium,Photocopies of all documents (uniform practice) are stapled to each paper Form I-9. The scanned images in the shared drive do not meet (e) to (i) (see G-118 to G-121),Paper sample; Onboarding folder listing 2026-07-22,Partially met,Electronic images kept outside a system that meets the electronic standards,Moderate,"Decision: keep paper as the only record; confirm each paper file is complete, then delete the 214 scan packets and stop scanning",Operations Manager,2026-12-31,None
G-112,"Form I-9 (N56-R03), 8 CFR 274a.2",N56-R03 (8 CFR 274a.2(b)(4)),8 CFR 274a.2(b)(4),"Information on or attached to Form I-9, including document copies and images, may be used only for enforcement of the Act and the listed Title 18 sections",Binding regulation,Yes,PR.AA-05,AC-3; AC-6,,Author mapping (no official NIST mapping for this rule),High,"All 7 staff can open the scanned Forms I-9 and document images in the shared drive, which invites other uses (for example recruiters checking an ID photo)",Shared-drive sharing report 2026-07-22,Partially met,Access wider than the permitted use,Moderate,Restrict the folder now (POAM-002); delete the scans after the paper check,Operations Manager,2026-09-30,None
G-113,"Form I-9 (N56-R03), 8 CFR 274a.2",N56-R03 (8 CFR 274a.2(e)(1)(i)-(ii)),8 CFR 274a.2(e)(1)(i)-(ii),"Electronic storage systems need reasonable controls for integrity, accuracy, and reliability, and to prevent and detect unauthorized or accidental creation, alteration, deletion, or deterioration of stored forms",Binding regulation,Yes while the firm keeps scanned Forms I-9 and images,PR.DS-01; PR.PS-04,SI-7; AU-9,,Author mapping (no official NIST mapping for this rule),Medium,"Any staff member can rename, move, or delete a scan; the shared drive keeps 30 days of versions",Shared-drive settings 2026-07-22,Not met,No integrity controls on the scans,Moderate,Resolved by the G-111 decision (stop keeping scans); until then restrict access (POAM-002),Operations Manager,2026-12-31,None
G-114,"Form I-9 (N56-R03), 8 CFR 274a.2",N56-R03 (8 CFR 274a.2(e)(1)(iii)),8 CFR 274a.2(e)(1)(iii),"An inspection and quality assurance program with regular evaluations, including periodic checks of the stored forms",Binding regulation,Yes while scans are kept,ID.IM-01; GV.OV-03,CA-2; CA-7,,Author mapping (no official NIST mapping for this rule),Low,No checks of the scans or of the paper files,Interview Operations Manager,Not met,No quality checks,Low,"Annual self-check of 20 paper Forms I-9 (completeness, signatures, case numbers), recorded",Operations Manager,2026-12-31,None
G-115,"Form I-9 (N56-R03), 8 CFR 274a.2",N56-R03 (8 CFR 274a.2(e)(1)(iv)-(v); (e)(6)),8 CFR 274a.2(e)(1)(iv)-(v); (e)(6),"An indexing system that permits identification and retrieval, and the ability to reproduce legible hardcopies",Binding regulation,Yes while scans are kept,ID.AM-07,CM-12; SI-12,,Author mapping (no official NIST mapping for this rule),Low,Scans are named by associate name and hire date in yearly folders; all 20 sampled scans were legible,Onboarding folder sample 2026-07-23,Partially met,No index beyond file names,Low,Resolved by the G-111 decision; the paper index (G-110) replaces it,Operations Manager,2026-12-31,None
G-116,"Form I-9 (N56-R03), 8 CFR 274a.2",N56-R03 (8 CFR 274a.2(e)(5)),8 CFR 274a.2(e)(5),"Maintain and make available complete descriptions of each electronic storage system, including its procedures, and of the indexing system",Binding regulation,Yes while scans are kept,ID.AM-02; ID.AM-03,PL-2; CM-8,,Author mapping (no official NIST mapping for this rule),Low,No description of the scanning process exists,Interview Coordinator 2026-07-22,Not met,No system description,Low,"Resolved by the G-111 decision; if scanning continues, write a one-page description",Operations Manager,2026-12-31,None
G-117,"Form I-9 (N56-R03), 8 CFR 274a.2",N56-R03 (8 CFR 274a.2(f)(1)-(2)),8 CFR 274a.2(f)(1)-(2),"Document the business processes that create, modify, and maintain retained forms and establish their authenticity and integrity; incomplete documentation is a violation",Binding regulation,Yes while scanned Forms I-9 are retained electronically,GV.PO-01; ID.AM-03,PL-2; SI-12,,Author mapping (no official NIST mapping for this rule),Low,No documentation of the scanning process,Interview Coordinator,Not met,No process documentation,Low,Resolved by the G-111 decision,Operations Manager,2026-12-31,None
G-118,"Form I-9 (N56-R03), 8 CFR 274a.2",N56-R03 (8 CFR 274a.2(g)(1)(i)),8 CFR 274a.2(g)(1)(i),Records security program: only authorized personnel have access to electronic records,Binding regulation,Yes while scans are kept,PR.AA-05,AC-3; AC-6,,Author mapping (no official NIST mapping for this rule),High,All 7 staff can open the scans,Shared-drive sharing report 2026-07-22,Not met,No access restriction,Moderate,Restrict the Onboarding folder to the Operations Manager and the Coordinator (POAM-002),Operations Manager,2026-09-30,None
G-119,"Form I-9 (N56-R03), 8 CFR 274a.2",N56-R03 (8 CFR 274a.2(g)(1)(ii)),8 CFR 274a.2(g)(1)(ii),Records security program: backup and recovery of records to protect against information loss,Binding regulation,Yes while scans are kept,PR.DS-11; RC.RP-03,CP-9; CP-4,,Author mapping (no official NIST mapping for this rule),Medium,The suite backup copies the scans daily; never restore-tested. The paper originals limit the loss,MSP backup job report,Partially met,Recovery unproven,Low,Restore test by 2026-09-30 (POAM-008),Operations Manager,2026-09-30,None
G-120,"Form I-9 (N56-R03), 8 CFR 274a.2",N56-R03 (8 CFR 274a.2(g)(1)(iii)),8 CFR 274a.2(g)(1)(iii),Records security program: employees trained to minimize the risk of unauthorized or accidental alteration or erasure,Binding regulation,Yes while scans are kept,PR.AT-02,AT-3,,Author mapping (no official NIST mapping for this rule),Low,No training on handling the scans,Interviews,Not met,No training,Low,Covered in role training for the Coordinator and the Operations Manager (POAM-005),Operations Manager,2026-10-31,None
G-121,"Form I-9 (N56-R03), 8 CFR 274a.2",N56-R03 (8 CFR 274a.2(g)(1)(iv)),8 CFR 274a.2(g)(1)(iv); (g)(2),"Records security program: a secure and permanent record of the date, the person, and the action whenever an electronic record is created, completed, updated, modified, altered, or corrected",Binding regulation,Yes while scans are kept,PR.PS-04; DE.CM-03,AU-2; AU-3; AU-11,,Author mapping (no official NIST mapping for this rule),Medium,"The suite logs file actions for 90 days only, so no permanent record exists",Suite plan documentation,Not met,No permanent audit record,Moderate,Resolved by the G-111 decision; otherwise 1-year log retention is still not permanent,Operations Manager,2026-12-31,None
G-122,"Form I-9 (N56-R03), 8 CFR 274a.2",N56-R03 (8 CFR 274a.2(h)-(i)),8 CFR 274a.2(h)-(i),Electronic signature standards for electronically completed Forms I-9,Binding regulation,No - Forms I-9 are completed on paper with handwritten signatures,PR.AA-03,IA-2,,Author mapping (no official NIST mapping for this rule),Low,Paper forms with handwritten signatures,Paper sample,Not applicable,None,Very Low,Re-check if the firm moves to an electronic Form I-9 system,Operations Manager,,None
G-123,E-Verify MOU for Employers,E-Verify MOU Art. II.A.3,E-Verify MOU Art. II.A.3,Grant E-Verify access only to current employees who need it; promptly terminate access when an employee separates or no longer needs it,Contractual (MOU with DHS),Yes - enrolled employer since 2024-03-04,PR.AA-01; PR.AA-05,AC-2; PS-4,,Author mapping (no official NIST mapping for this rule),High,Two current users. Updated 2026-08-12: P07 found the account of the Coordinator who left on 2025-12-12 still active (deactivated 2026-08-11; no use after 2025-12-10),E-Verify user list; P07 test 2026-08-11,Not met,Access not removed at separation,Moderate,"E-Verify on the termination checklist; quarterly user review (POAM-001, POAM-003)",Operations Manager,2026-09-30,None
G-124,E-Verify MOU for Employers,E-Verify MOU Art. II.A.5,E-Verify MOU Art. II.A.5,Every user completes the E-Verify tutorial before creating cases and takes refresher tutorials when prompted,Contractual (MOU with DHS),Yes,PR.AT-02,AT-3,,Author mapping (no official NIST mapping for this rule),Medium,Both current users completed the tutorial before creating cases,E-Verify tutorial records,Met,None,Very Low,Keep,Operations Manager,,None
G-125,E-Verify MOU for Employers,E-Verify MOU Art. II.A.6,E-Verify MOU Art. II.A.6,"Accept only List B documents with a photo; photocopy any Permanent Resident Card, Employment Authorization Document, or U.S. passport or passport card presented and keep the copy with the Form I-9",Contractual (MOU with DHS),Yes,PR.AA-02,IA-12,,Author mapping (no official NIST mapping for this rule),Medium,All documents are photocopied and kept with the paper Form I-9; sample showed no List B document without a photo,Sample of 20 paper Forms I-9,Met,None,Very Low,Keep,Onboarding and Payroll Coordinator,,None
G-126,E-Verify MOU for Employers,E-Verify MOU Art. II.A.7; II.A.9-11,"E-Verify MOU Art. II.A.7, II.A.9-11",Record the case number on the Form I-9; create a case within three employer business days after hire and never before hire; no pre-employment screening; verify all new employees and not selectively,Contractual (MOU with DHS),Yes,GV.OC-03,PL-2,,Author mapping (no official NIST mapping for this rule),High,Sample of 20: all have case numbers; none created before hire; 1 case created on the fourth business day (the same file as the late Section 2); internal staff hired since 2024 were also verified,Sample of 20 paper Forms I-9 with E-Verify case details,Partially met,One late case,Low,Same backup and daily check as G-107,Onboarding and Payroll Coordinator,2026-09-30,None
G-127,E-Verify MOU for Employers,E-Verify MOU Art. II.A.15,E-Verify MOU Art. II.A.15,Use E-Verify information only to confirm employment eligibility; safeguard it and the means of access (PINs and passwords); share it only with authorized employees,Contractual (MOU with DHS),Yes,PR.AA-01; PR.DS-01,IA-5; AC-3,,Author mapping (no official NIST mapping for this rule),High,E-Verify passwords are written in a notebook in the Coordinator's desk; case result printouts are scanned into the shared Onboarding folder that all staff can open,Walkthrough 2026-07-22,Not met,Passwords and case information not safeguarded,Moderate,Password manager; remove the notebook; restrict the folder (POAM-002),Operations Manager,2026-09-30,None
G-128,E-Verify MOU for Employers,E-Verify MOU Art. II.A.16,E-Verify MOU Art. II.A.16,"Notify DHS immediately of any suspected or confirmed breach of personal information (loss of control of, or unauthorized access to, E-Verify personal data) by phone or email",Contractual (MOU with DHS),Yes,RS.CO-02,IR-6,,Author mapping (no official NIST mapping for this rule),High,Nobody knew of this duty,Interviews 2026-07-21,Not met,Notice duty unknown,Moderate,DHS notice step in the P08 matrix and runbook,Operations Manager,2026-08-31,None
G-129,Florida employment eligibility statute,Fla. Stat. 448.095(2)(a),Fla. Stat. 448.095(2)(a),"An employer shall verify each new employee's employment eligibility within 3 business days after the first day the new employee begins working for pay, as required under 8 CFR 274a",Binding state law,Yes - every employer,GV.OC-03,PL-2,,Author mapping (no official NIST mapping for this rule),Medium,Same practice and sample as G-107: 19 of 20 on time,Sample of 20 paper Forms I-9,Partially met,One late verification,Low,Same as G-107,Onboarding and Payroll Coordinator,2026-09-30,None
G-130,Florida employment eligibility statute,Fla. Stat. 448.095(2)(b)2.-3.,Fla. Stat. 448.095(2)(b)2.-3.,From 2023-07-01 a private employer with 25 or more employees must use E-Verify for new employees and certify compliance on its first reemployment assistance return each year; a voluntary user may also certify,Binding state law,Unsettled: the statute defines employee as an individual filling a permanent position (448.095(1)(b)); the firm has 7 permanent staff and about 22 associates on assignment. The firm uses E-Verify for all new hires anyway (MOU Art. II.A.11),GV.OC-03,PL-2,,Author mapping (no official NIST mapping for this rule),Low,E-Verify used for all new hires since 2024-03-04; no certification has been made on the reemployment tax return,2025 and 2026 first-quarter reemployment returns,Partially met,Use is not documented on the return,Low,"Make the certification on the first 2027 return (permitted for voluntary users, and required if the firm is covered)",Owner,2027-04-30,None
G-131,Florida employment eligibility statute,Fla. Stat. 448.095(2)(c),Fla. Stat. 448.095(2)(c),"If E-Verify is unavailable for 3 business days after a new employee starts work for pay, use Form I-9 and document the unavailability (for example a screenshot from each day)",Binding state law,Yes,RC.RP-04,CP-2,,Author mapping (no official NIST mapping for this rule),Low,No outage procedure; none has occurred since enrollment,Interview Coordinator,Not met,No documentation step,Low,Outage step in the contingency plan,Operations Manager,2026-11-30,None
G-132,Florida employment eligibility statute,Fla. Stat. 448.095(2)(d),Fla. Stat. 448.095(2)(d),Retain a copy of the documentation provided and any official verification generated for at least 3 years,Binding state law,Yes,PR.DS-11; ID.AM-08,SI-12,,Author mapping (no official NIST mapping for this rule),Medium,All documentation and case results since 2024 are kept with the paper Forms I-9,Records room walkthrough,Met,None,Very Low,Align the purge rule with both 8 CFR 274a.2 and this 3-year minimum,Operations Manager,,None
G-133,FCRA employment screening (N56-R02),N56-R02 (15 U.S.C. 1681b(b)(1)(A)),15 U.S.C. 1681b(b)(1)(A),Certify to the consumer reporting agency that the disclosure and adverse action duties will be met and that report information will not be used in violation of equal employment opportunity law,Binding regulation (federal statute),Yes - procures consumer reports for employment purposes,GV.OC-03,PL-2; SA-9,,Author mapping (no official NIST mapping for this rule),Medium,Certification signed in the screening services agreement (2021) and accepted in the portal for each order,Screening services agreement,Met,None,Very Low,Keep,Operations Manager,,None
G-134,FCRA employment screening (N56-R02),N56-R02 (15 U.S.C. 1681b(b)(2)(A)(i)),15 U.S.C. 1681b(b)(2)(A)(i),"Before procuring a report, give a clear and conspicuous written disclosure in a document that consists solely of the disclosure",Binding regulation (federal statute),Yes,GV.OC-03,PT-5,,Author mapping (no official NIST mapping for this rule),High,The screening provider's electronic disclosure is a separate screen with the disclosure only; the release language is on the authorization screen,Disclosure and authorization screens reviewed 2026-07-23,Met,None,Low,Counsel to confirm at the next contract renewal,Operations Manager,,None
G-135,FCRA employment screening (N56-R02),N56-R02 (15 U.S.C. 1681b(b)(2)(A)(ii)),15 U.S.C. 1681b(b)(2)(A)(ii),Obtain the consumer's written authorization before procuring the report,Binding regulation (federal statute),Yes,GV.OC-03,PT-5,,Author mapping (no official NIST mapping for this rule),High,Electronic authorization captured by the provider before every order; 20 of 20 sampled orders had one,Sample of 20 orders 2026-07-23,Met,None,Very Low,Keep,Onboarding and Payroll Coordinator,,None
G-136,FCRA employment screening (N56-R02),N56-R02 (15 U.S.C. 1681b(b)(3)(A); 1681m(a)),15 U.S.C. 1681b(b)(3)(A); 1681m(a),"Before adverse action based on a report, give a copy of the report and the summary of rights; after the action, give the adverse action notice",Binding regulation (federal statute),Yes,GV.OC-03; PR.AA-05,PT-5; AC-3,,Author mapping (no official NIST mapping for this rule),High,"The provider sends both letters with a 5-business-day wait. In 2 of the 4 adverse decisions in 2026, a recruiter who could see the report told the candidate by phone he was not cleared and filled the assignment the same day, before the pre-adverse letter",Sample of 2026 adverse decisions; ATS notes,Partially met,Adverse action taken before the pre-adverse notice,Moderate,"Recruiters see ""in review"" only; the Coordinator manages every adverse decision; recruiter script",Operations Manager,2026-09-30,None
G-137,FACTA Disposal Rule (N56-R01),N56-R01 (16 CFR 682.3(a)-(b)),16 CFR 682.3(a); (b)(1)-(3),"Take reasonable measures to protect against unauthorized access when disposing of consumer information, such as shredding paper, destroying or erasing electronic media, and due diligence on a disposal company",Binding regulation,Yes - possesses consumer reports for a business purpose,ID.AM-08; PR.DS-01,MP-6; SI-12,,Author mapping (no official NIST mapping for this rule),High,Paper goes to the locked shred bin (certificates on file). 412 consumer report PDFs sit in the shared drive with no deletion rule; no wipe records for retired laptops or the copier returned in 2024,Shredding certificates; Onboarding folder listing; lease file,Partially met,Electronic consumer information never disposed of; media disposal unrecorded,Moderate,Delete report PDFs from the shared drive (the provider portal keeps them); certified wiping with records,Operations Manager,2026-12-31,None
G-138,Florida Information Protection Act,Fla. Stat. 501.171(2),Fla. Stat. 501.171(2),Take reasonable measures to protect and secure data in electronic form containing personal information,Binding state law,Yes - a commercial entity that maintains personal information (501.171(1)(b)),GV.OC-03; PR.DS-01; PR.AA-05,RA-3; AC-6; SC-28,,Author mapping (no official NIST mapping for this rule),High,"Some measures (MFA on email and the ATS, laptop encryption) but SMS codes on payroll, an open Onboarding folder, and no monitoring",This workbook; P01,Partially met,Measures fall short for the most sensitive data,Moderate,Carry out the P01 treatments for R-001 to R-006,Operations Manager,2026-12-31,None
G-139,Florida Information Protection Act,Fla. Stat. 501.171(3),Fla. Stat. 501.171(3),Notify the Department of Legal Affairs of a breach affecting 500 or more individuals in Florida no later than 30 days after determination of the breach or reason to believe a breach occurred,Binding state law,Yes if 500 or more Floridians are affected (a payroll breach would reach about 300 people; an ATS breach could exceed 500),RS.CO-02,IR-6,,Author mapping (no official NIST mapping for this rule),Medium,No procedure,Interviews,Not met,Notice duty unknown,Low,P08 matrix and templates,Operations Manager,2026-08-31,None
G-140,Florida Information Protection Act,Fla. Stat. 501.171(4),Fla. Stat. 501.171(4),"Notify each affected Florida individual no later than 30 days after determination of the breach or reason to believe a breach occurred (15 more days only with good cause given to the department in writing within the 30 days, 501.171(3)(a)); a documented no-harm determination is an alternative only after investigation and consultation with law enforcement",Binding state law,Yes,RS.CO-02; RS.AN-08,IR-6; IR-4,,Author mapping (no official NIST mapping for this rule),High,"No procedure, templates, or residence-state report",Interviews,Not met,Notice duty unknown,High,"P08 matrix, templates, and residence report; tabletop",Operations Manager,2026-11-30,None
G-141,Florida Information Protection Act,Fla. Stat. 501.171(5),Fla. Stat. 501.171(5),"If notice goes to more than 1,000 individuals at a single time, notify the nationwide consumer reporting agencies without unreasonable delay",Binding state law,"Yes if more than 1,000 are notified (an ATS-wide breach could reach that number)",RS.CO-02,IR-6,,Author mapping (no official NIST mapping for this rule),Low,No procedure,Interviews,Not met,Notice duty unknown,Low,In the P08 matrix,Operations Manager,2026-08-31,None
G-142,Florida Information Protection Act,Fla. Stat. 501.171(6)(a),Fla. Stat. 501.171(6)(a),A third-party agent must notify the covered entity of a breach of its system no later than 10 days after its determination and give the information needed for notice,Binding state law,"Yes - the payroll, ATS, AI, screening, and backup vendors are third-party agents",GV.SC-05; GV.SC-08,SA-9; IR-6,,Author mapping (no official NIST mapping for this rule),Medium,"The duty binds the vendors by law, but the firm has no breach contacts on file and no contract terms",Vendor contracts,Partially met,Vendors would not know whom to notify,Low,Register a breach contact with each vendor; add terms at renewal,Operations Manager,2026-10-31,None
G-143,Florida Information Protection Act,Fla. Stat. 501.171(8),Fla. Stat. 501.171(8),"Dispose of customer records containing personal information when no longer to be retained, by shredding, erasing, or otherwise making them unreadable",Binding state law,"Partly - ""customer records"" are records provided to obtain a product or service (501.171(1)(c)); candidate records likely qualify, associate payroll records may not. The firm applies the same standard to all worker records",ID.AM-08,MP-6; SI-12,,Author mapping (no official NIST mapping for this rule),Medium,Shredding for paper; nothing for electronic records,Shredding certificates,Partially met,No electronic disposal,Low,Retention schedule and annual purge (POL-04),Operations Manager,2026-12-31,None
G-144,HIPAA as business associate (N56-R04),N56-R04 (45 CFR 160.103),45 CFR 164.302-164.318; 164.504(e),"Security Rule and business associate agreement duties for firms that create, receive, maintain, or transmit PHI for a covered entity",Binding regulation,No - the firm places no clinical staff and does no work for covered entities involving PHI; plan duties for its fully insured staff health plan were not analyzed,GV.OC-03,,,Author mapping (no official NIST mapping for this rule),Low,Not applicable,Client list,Not applicable,None,Very Low,Re-check before accepting any health care client,Owner,,None
G-145,TCPA / Telemarketing Sales Rule (N56-R05),N56-R05,47 CFR 64.1200; 16 CFR Part 310,"Consent, Do-Not-Call, and autodialer rules for calls and texts",Binding regulation,"No for this analysis - the firm does not telemarket; recruiters text candidates who opted in through the ATS. Consent details were not analyzed (a contact-consent duty, not a security duty)",GV.OC-03,,,Author mapping (no official NIST mapping for this rule),Low,Not applicable,Interviews,Not applicable,None,Very Low,None,Owner,,None
G-146,PCI DSS v4.0.1 (N56-R06),N56-R06,PCI DSS v4.0.1 (contractual),Card data protection through acquirer contracts (requirement text not reproduced),Contractual,No - the firm does not accept payment cards,GV.OC-03,,,Author mapping (no official NIST mapping for this rule),Low,Not applicable,Bank and billing records,Not applicable,None,Very Low,None,Owner,,None
G-147,FAR Basic Safeguarding (N56-R07),N56-R07,48 CFR 52.204-21,15 safeguarding requirements for contractor systems holding federal contract information,Binding regulation,No - no federal contracts or subcontracts,GV.OC-03,,,Author mapping (no official NIST mapping for this rule),Low,Not applicable,Client list,Not applicable,None,Very Low,None,Owner,,None
G-148,NYC Local Law 144 (N56-R08),N56-R08,NYC Admin. Code 20-870 et seq.,"Bias audit, public summary, and candidate notice before using an automated employment decision tool for NYC candidates",Binding local law,No - no NYC candidates or jobs (see P10),GV.OC-03,,,Author mapping (no official NIST mapping for this rule),Low,Not applicable,Job order list,Not applicable,None,Very Low,None,Owner,,None
G-149,PHMSA hazmat security plans (N56-R09),N56-R09,49 CFR 172.800-172.804,Security plans for offerors and carriers of listed hazardous materials,Binding regulation,No - the firm does not offer or transport hazardous materials,GV.OC-03,,,Author mapping (no official NIST mapping for this rule),Low,Not applicable,Interviews,Not applicable,None,Very Low,None,Owner,,None
