control_id,objective_id,determination_statement_summary,method,assessment_object,evidence_ref,finding,finding_detail,risk_level,poam_id
AC-2,AC-02a.[01],account types allowed for use within the system are defined and documented;,Examine; Interview; Test,"Identity governance workflows; CAD and ePCR user exports; HR termination records; Director of CAD and Dispatch Systems interview. Population: 1,240 CAD and ePCR account events (2026-01-01 to 2026-06-30); 1,410 terminations of staff with CAD or ePCR access (96 at AQ-01). Sample: 60 account events (random); 60 terminations (stratified: 50 enterprise, 10 AQ-01)",EV-AC-2,Satisfied,Sampled events matched approved requests and role templates,,
AC-2,AC-02a.[02],account types specifically prohibited for use within the system are defined and documented;,Examine; Interview; Test,"Identity governance workflows; CAD and ePCR user exports; HR termination records; Director of CAD and Dispatch Systems interview. Population: 1,240 CAD and ePCR account events (2026-01-01 to 2026-06-30); 1,410 terminations of staff with CAD or ePCR access (96 at AQ-01). Sample: 60 account events (random); 60 terminations (stratified: 50 enterprise, 10 AQ-01)",EV-AC-2,Satisfied,Sampled events matched approved requests and role templates,,
AC-2,AC-02b.,account managers are assigned;,Examine; Interview; Test,"Identity governance workflows; CAD and ePCR user exports; HR termination records; Director of CAD and Dispatch Systems interview. Population: 1,240 CAD and ePCR account events (2026-01-01 to 2026-06-30); 1,410 terminations of staff with CAD or ePCR access (96 at AQ-01). Sample: 60 account events (random); 60 terminations (stratified: 50 enterprise, 10 AQ-01)",EV-AC-2,Satisfied,Sampled events matched approved requests and role templates,,
AC-2,AC-02c.,[organization-defined value] for group and role membership are required;,Examine; Interview; Test,"Identity governance workflows; CAD and ePCR user exports; HR termination records; Director of CAD and Dispatch Systems interview. Population: 1,240 CAD and ePCR account events (2026-01-01 to 2026-06-30); 1,410 terminations of staff with CAD or ePCR access (96 at AQ-01). Sample: 60 account events (random); 60 terminations (stratified: 50 enterprise, 10 AQ-01)",EV-AC-2,Satisfied,Sampled events matched approved requests and role templates,,
AC-2,AC-02d.01,authorized users of the system are specified;,Examine; Interview; Test,"Identity governance workflows; CAD and ePCR user exports; HR termination records; Director of CAD and Dispatch Systems interview. Population: 1,240 CAD and ePCR account events (2026-01-01 to 2026-06-30); 1,410 terminations of staff with CAD or ePCR access (96 at AQ-01). Sample: 60 account events (random); 60 terminations (stratified: 50 enterprise, 10 AQ-01)",EV-AC-2,Satisfied,Sampled events matched approved requests and role templates,,
AC-2,AC-02d.02,group and role membership are specified;,Examine; Interview; Test,"Identity governance workflows; CAD and ePCR user exports; HR termination records; Director of CAD and Dispatch Systems interview. Population: 1,240 CAD and ePCR account events (2026-01-01 to 2026-06-30); 1,410 terminations of staff with CAD or ePCR access (96 at AQ-01). Sample: 60 account events (random); 60 terminations (stratified: 50 enterprise, 10 AQ-01)",EV-AC-2,Satisfied,Sampled events matched approved requests and role templates,,
AC-2,AC-02d.03[01],"access authorizations (i.e., privileges) are specified for each account;",Examine; Interview; Test,"Identity governance workflows; CAD and ePCR user exports; HR termination records; Director of CAD and Dispatch Systems interview. Population: 1,240 CAD and ePCR account events (2026-01-01 to 2026-06-30); 1,410 terminations of staff with CAD or ePCR access (96 at AQ-01). Sample: 60 account events (random); 60 terminations (stratified: 50 enterprise, 10 AQ-01)",EV-AC-2,Satisfied,Sampled events matched approved requests and role templates,,
AC-2,AC-02d.03[02],[organization-defined value] are specified for each account;,Examine; Interview; Test,"Identity governance workflows; CAD and ePCR user exports; HR termination records; Director of CAD and Dispatch Systems interview. Population: 1,240 CAD and ePCR account events (2026-01-01 to 2026-06-30); 1,410 terminations of staff with CAD or ePCR access (96 at AQ-01). Sample: 60 account events (random); 60 terminations (stratified: 50 enterprise, 10 AQ-01)",EV-AC-2,Satisfied,Sampled events matched approved requests and role templates,,
AC-2,AC-02e.,approvals are required by [organization-defined value] for requests to create accounts;,Examine; Interview; Test,"Identity governance workflows; CAD and ePCR user exports; HR termination records; Director of CAD and Dispatch Systems interview. Population: 1,240 CAD and ePCR account events (2026-01-01 to 2026-06-30); 1,410 terminations of staff with CAD or ePCR access (96 at AQ-01). Sample: 60 account events (random); 60 terminations (stratified: 50 enterprise, 10 AQ-01)",EV-AC-2,Satisfied,Sampled events matched approved requests and role templates,,
AC-2,AC-02f.[01],accounts are created in accordance with [organization-defined value];,Examine; Interview; Test,"Identity governance workflows; CAD and ePCR user exports; HR termination records; Director of CAD and Dispatch Systems interview. Population: 1,240 CAD and ePCR account events (2026-01-01 to 2026-06-30); 1,410 terminations of staff with CAD or ePCR access (96 at AQ-01). Sample: 60 account events (random); 60 terminations (stratified: 50 enterprise, 10 AQ-01)",EV-AC-2,Satisfied,Sampled events matched approved requests and role templates,,
AC-2,AC-02f.[02],accounts are enabled in accordance with [organization-defined value];,Examine; Interview; Test,"Identity governance workflows; CAD and ePCR user exports; HR termination records; Director of CAD and Dispatch Systems interview. Population: 1,240 CAD and ePCR account events (2026-01-01 to 2026-06-30); 1,410 terminations of staff with CAD or ePCR access (96 at AQ-01). Sample: 60 account events (random); 60 terminations (stratified: 50 enterprise, 10 AQ-01)",EV-AC-2,Satisfied,Sampled events matched approved requests and role templates,,
AC-2,AC-02f.[03],accounts are modified in accordance with [organization-defined value];,Examine; Interview; Test,"Identity governance workflows; CAD and ePCR user exports; HR termination records; Director of CAD and Dispatch Systems interview. Population: 1,240 CAD and ePCR account events (2026-01-01 to 2026-06-30); 1,410 terminations of staff with CAD or ePCR access (96 at AQ-01). Sample: 60 account events (random); 60 terminations (stratified: 50 enterprise, 10 AQ-01)",EV-AC-2,Satisfied,Sampled events matched approved requests and role templates,,
AC-2,AC-02f.[04],accounts are disabled in accordance with [organization-defined value];,Examine; Interview; Test,"Identity governance workflows; CAD and ePCR user exports; HR termination records; Director of CAD and Dispatch Systems interview. Population: 1,240 CAD and ePCR account events (2026-01-01 to 2026-06-30); 1,410 terminations of staff with CAD or ePCR access (96 at AQ-01). Sample: 60 account events (random); 60 terminations (stratified: 50 enterprise, 10 AQ-01)",EV-AC-2,Other than satisfied,2 of 10 sampled AQ-01 terminations were disabled 3 and 5 business days late; accounts are disabled by hand from the legacy directory,High,POAM-001
AC-2,AC-02f.[05],accounts are removed in accordance with [organization-defined value];,Examine; Interview; Test,"Identity governance workflows; CAD and ePCR user exports; HR termination records; Director of CAD and Dispatch Systems interview. Population: 1,240 CAD and ePCR account events (2026-01-01 to 2026-06-30); 1,410 terminations of staff with CAD or ePCR access (96 at AQ-01). Sample: 60 account events (random); 60 terminations (stratified: 50 enterprise, 10 AQ-01)",EV-AC-2,Satisfied,Sampled events matched approved requests and role templates,,
AC-2,AC-02g.,the use of accounts is monitored;,Examine; Interview; Test,"Identity governance workflows; CAD and ePCR user exports; HR termination records; Director of CAD and Dispatch Systems interview. Population: 1,240 CAD and ePCR account events (2026-01-01 to 2026-06-30); 1,410 terminations of staff with CAD or ePCR access (96 at AQ-01). Sample: 60 account events (random); 60 terminations (stratified: 50 enterprise, 10 AQ-01)",EV-AC-2,Satisfied,Sampled events matched approved requests and role templates,,
AC-2,AC-02h.01,account managers and [organization-defined value] are notified within [organization-defined value] when accounts are no longer required;,Examine; Interview; Test,"Identity governance workflows; CAD and ePCR user exports; HR termination records; Director of CAD and Dispatch Systems interview. Population: 1,240 CAD and ePCR account events (2026-01-01 to 2026-06-30); 1,410 terminations of staff with CAD or ePCR access (96 at AQ-01). Sample: 60 account events (random); 60 terminations (stratified: 50 enterprise, 10 AQ-01)",EV-AC-2,Satisfied,Sampled events matched approved requests and role templates,,
AC-2,AC-02h.02,account managers and [organization-defined value] are notified within [organization-defined value] when users are terminated or transferred;,Examine; Interview; Test,"Identity governance workflows; CAD and ePCR user exports; HR termination records; Director of CAD and Dispatch Systems interview. Population: 1,240 CAD and ePCR account events (2026-01-01 to 2026-06-30); 1,410 terminations of staff with CAD or ePCR access (96 at AQ-01). Sample: 60 account events (random); 60 terminations (stratified: 50 enterprise, 10 AQ-01)",EV-AC-2,Other than satisfied,CAD and ePCR account managers are not notified automatically when AQ-01 staff leave; notice depends on an emailed HR report,High,POAM-001
AC-2,AC-02h.03,account managers and [organization-defined value] are notified within [organization-defined value] when system usage or the need to know changes for an indiv...,Examine; Interview; Test,"Identity governance workflows; CAD and ePCR user exports; HR termination records; Director of CAD and Dispatch Systems interview. Population: 1,240 CAD and ePCR account events (2026-01-01 to 2026-06-30); 1,410 terminations of staff with CAD or ePCR access (96 at AQ-01). Sample: 60 account events (random); 60 terminations (stratified: 50 enterprise, 10 AQ-01)",EV-AC-2,Satisfied,Sampled events matched approved requests and role templates,,
AC-2,AC-02i.01,access to the system is authorized based on a valid access authorization;,Examine; Interview; Test,"Identity governance workflows; CAD and ePCR user exports; HR termination records; Director of CAD and Dispatch Systems interview. Population: 1,240 CAD and ePCR account events (2026-01-01 to 2026-06-30); 1,410 terminations of staff with CAD or ePCR access (96 at AQ-01). Sample: 60 account events (random); 60 terminations (stratified: 50 enterprise, 10 AQ-01)",EV-AC-2,Satisfied,Sampled events matched approved requests and role templates,,
AC-2,AC-02i.02,access to the system is authorized based on intended system usage;,Examine; Interview; Test,"Identity governance workflows; CAD and ePCR user exports; HR termination records; Director of CAD and Dispatch Systems interview. Population: 1,240 CAD and ePCR account events (2026-01-01 to 2026-06-30); 1,410 terminations of staff with CAD or ePCR access (96 at AQ-01). Sample: 60 account events (random); 60 terminations (stratified: 50 enterprise, 10 AQ-01)",EV-AC-2,Satisfied,Sampled events matched approved requests and role templates,,
AC-2,AC-02i.03,access to the system is authorized based on [organization-defined value];,Examine; Interview; Test,"Identity governance workflows; CAD and ePCR user exports; HR termination records; Director of CAD and Dispatch Systems interview. Population: 1,240 CAD and ePCR account events (2026-01-01 to 2026-06-30); 1,410 terminations of staff with CAD or ePCR access (96 at AQ-01). Sample: 60 account events (random); 60 terminations (stratified: 50 enterprise, 10 AQ-01)",EV-AC-2,Satisfied,Sampled events matched approved requests and role templates,,
AC-2,AC-02j.,accounts are reviewed for compliance with account management requirements [organization-defined value];,Examine; Interview; Test,"Identity governance workflows; CAD and ePCR user exports; HR termination records; Director of CAD and Dispatch Systems interview. Population: 1,240 CAD and ePCR account events (2026-01-01 to 2026-06-30); 1,410 terminations of staff with CAD or ePCR access (96 at AQ-01). Sample: 60 account events (random); 60 terminations (stratified: 50 enterprise, 10 AQ-01)",EV-AC-2,Satisfied,Sampled events matched approved requests and role templates,,
AC-2,AC-02k.[01],a process is established for changing shared or group account authenticators (if deployed) when individuals are removed from the group;,Examine; Interview; Test,"Identity governance workflows; CAD and ePCR user exports; HR termination records; Director of CAD and Dispatch Systems interview. Population: 1,240 CAD and ePCR account events (2026-01-01 to 2026-06-30); 1,410 terminations of staff with CAD or ePCR access (96 at AQ-01). Sample: 60 account events (random); 60 terminations (stratified: 50 enterprise, 10 AQ-01)",EV-AC-2,Satisfied,Sampled events matched approved requests and role templates,,
AC-2,AC-02k.[02],a process is implemented for changing shared or group account authenticators (if deployed) when individuals are removed from the group;,Examine; Interview; Test,"Identity governance workflows; CAD and ePCR user exports; HR termination records; Director of CAD and Dispatch Systems interview. Population: 1,240 CAD and ePCR account events (2026-01-01 to 2026-06-30); 1,410 terminations of staff with CAD or ePCR access (96 at AQ-01). Sample: 60 account events (random); 60 terminations (stratified: 50 enterprise, 10 AQ-01)",EV-AC-2,Other than satisfied,Shared vehicle MDC logins (about 190 enterprise MDCs) are not changed when crew members leave,Moderate,POAM-003
AC-2,AC-02l.[01],account management processes are aligned with personnel termination processes;,Examine; Interview; Test,"Identity governance workflows; CAD and ePCR user exports; HR termination records; Director of CAD and Dispatch Systems interview. Population: 1,240 CAD and ePCR account events (2026-01-01 to 2026-06-30); 1,410 terminations of staff with CAD or ePCR access (96 at AQ-01). Sample: 60 account events (random); 60 terminations (stratified: 50 enterprise, 10 AQ-01)",EV-AC-2,Other than satisfied,Account management for AQ-01 staff is not aligned with the enterprise termination process,High,POAM-001
AC-2,AC-02l.[02],account management processes are aligned with personnel transfer processes.,Examine; Interview; Test,"Identity governance workflows; CAD and ePCR user exports; HR termination records; Director of CAD and Dispatch Systems interview. Population: 1,240 CAD and ePCR account events (2026-01-01 to 2026-06-30); 1,410 terminations of staff with CAD or ePCR access (96 at AQ-01). Sample: 60 account events (random); 60 terminations (stratified: 50 enterprise, 10 AQ-01)",EV-AC-2,Satisfied,Sampled events matched approved requests and role templates,,
AC-2(3),AC-02(03)(a),accounts are disabled within [organization-defined value] when the accounts have expired;,Examine; Test,"Inactivity job configuration; account exports. Population: about 14,300 accounts (1,900 CAD; 9,800 ePCR; 2,600 hospital portal). Sample: 100% (data analytic)",EV-AC-2(3),Satisfied,Workforce accounts inactive 60 days were disabled,,
AC-2(3),AC-02(03)(b),accounts are disabled within [organization-defined value] when the accounts are no longer associated with a user or individual;,Examine; Test,"Inactivity job configuration; account exports. Population: about 14,300 accounts (1,900 CAD; 9,800 ePCR; 2,600 hospital portal). Sample: 100% (data analytic)",EV-AC-2(3),Satisfied,Workforce accounts inactive 60 days were disabled,,
AC-2(3),AC-02(03)(c),accounts are disabled within [organization-defined value] when the accounts are in violation of organizational policy;,Examine; Test,"Inactivity job configuration; account exports. Population: about 14,300 accounts (1,900 CAD; 9,800 ePCR; 2,600 hospital portal). Sample: 100% (data analytic)",EV-AC-2(3),Satisfied,Workforce accounts inactive 60 days were disabled,,
AC-2(3),AC-02(03)(d),accounts are disabled within [organization-defined value] when the accounts have been inactive for [organization-defined value].,Examine; Test,"Inactivity job configuration; account exports. Population: about 14,300 accounts (1,900 CAD; 9,800 ePCR; 2,600 hospital portal). Sample: 100% (data analytic)",EV-AC-2(3),Other than satisfied,418 ePCR hospital portal accounts inactive more than 90 days were still enabled; the portal is outside identity governance,Moderate,POAM-002
AC-3,AC-03,approved authorizations for logical access to information and system resources are enforced in accordance with applicable access control policies.,Examine; Test,"CAD role matrix; ePCR role configuration. Population: 1,900 CAD users. Sample: 25 users (random) tested against role functions",EV-AC-3,Satisfied,Sampled users could perform only their role's functions,,
AC-5,AC-05a.,[organization-defined value] are identified and documented;,Examine; Interview,CAD administrator role assignments; change records. Population: 22 users with the CAD administrator role. Sample: 100%,EV-AC-5,Satisfied,No CAD administrator holds a live dispatcher or approver role,,
AC-5,AC-05b.,system access authorizations to support separation of duties are defined.,Examine; Interview,CAD administrator role assignments; change records. Population: 22 users with the CAD administrator role. Sample: 100%,EV-AC-5,Satisfied,No CAD administrator holds a live dispatcher or approver role,,
AC-6,AC-06,"the principle of least privilege is employed, allowing only authorized accesses for users (or processes acting on behalf of users) that are necessary to acco...",Examine; Test,"PAM session records. Population: 1,620 PAM elevation sessions to CAD servers and database. Sample: 25 sessions (random)",EV-AC-6,Satisfied,Sessions matched approved windows and tickets,,
AC-7,AC-07a.,a limit of [organization-defined value] consecutive invalid logon attempts by a user during [organization-defined value] is enforced;,Test,SSO and hospital portal lockout settings. Sample: 2 test accounts,EV-AC-7,Satisfied,Lockout triggered at the configured thresholds,,
AC-7,AC-07b.,automatically [organization-defined value] when the maximum number of unsuccessful attempts is exceeded.,Test,SSO and hospital portal lockout settings. Sample: 2 test accounts,EV-AC-7,Satisfied,Lockout triggered at the configured thresholds,,
AC-17,AC-17a.[01],usage restrictions are established and documented for each type of remote access allowed;,Examine; Interview; Test,"Remote access paths and vendor sessions. Population: 6 remote access paths (zero-trust gateway, PAM vendor access for the CAD vendor, router vendor, monitor vendor, and radio console gateway vendor, and the remote support tool found at RCC-1 and RCC-2). Sample: 100%",EV-AC-17,Satisfied,Remote access types are documented and use the gateway or PAM,,
AC-17,AC-17a.[02],configuration/connection requirements are established and documented for each type of remote access allowed;,Examine; Interview; Test,"Remote access paths and vendor sessions. Population: 6 remote access paths (zero-trust gateway, PAM vendor access for the CAD vendor, router vendor, monitor vendor, and radio console gateway vendor, and the remote support tool found at RCC-1 and RCC-2). Sample: 100%",EV-AC-17,Satisfied,Remote access types are documented and use the gateway or PAM,,
AC-17,AC-17a.[03],implementation guidance is established and documented for each type of remote access allowed;,Examine; Interview; Test,"Remote access paths and vendor sessions. Population: 6 remote access paths (zero-trust gateway, PAM vendor access for the CAD vendor, router vendor, monitor vendor, and radio console gateway vendor, and the remote support tool found at RCC-1 and RCC-2). Sample: 100%",EV-AC-17,Satisfied,Remote access types are documented and use the gateway or PAM,,
AC-17,AC-17b.,each type of remote access to the system is authorized prior to allowing such connections.,Examine; Interview; Test,"Remote access paths and vendor sessions. Population: 6 remote access paths (zero-trust gateway, PAM vendor access for the CAD vendor, router vendor, monitor vendor, and radio console gateway vendor, and the remote support tool found at RCC-1 and RCC-2). Sample: 100%",EV-AC-17,Other than satisfied,The radio console gateway vendor keeps an always-on remote support tool at RCC-1 and RCC-2 that was never authorized through PAM,Moderate,POAM-004
AT-2,AT-02a.01[01],"security literacy training is provided to system users (including managers, senior executives, and contractors) as part of initial training for new users;",Examine; Interview,"Learning system records; phishing results. Population: 12,000 workforce (850 dispatchers). Sample: 60 training records (random); phishing results for 6 months",EV-AT-2,Satisfied,Training completed at hire and annually; phishing click rate 3.1%,,
AT-2,AT-02a.01[02],"privacy literacy training is provided to system users (including managers, senior executives, and contractors) as part of initial training for new users;",Examine; Interview,"Learning system records; phishing results. Population: 12,000 workforce (850 dispatchers). Sample: 60 training records (random); phishing results for 6 months",EV-AT-2,Satisfied,Training completed at hire and annually; phishing click rate 3.1%,,
AT-2,AT-02a.01[03],"security literacy training is provided to system users (including managers, senior executives, and contractors) [organization-defined value] thereafter;",Examine; Interview,"Learning system records; phishing results. Population: 12,000 workforce (850 dispatchers). Sample: 60 training records (random); phishing results for 6 months",EV-AT-2,Satisfied,Training completed at hire and annually; phishing click rate 3.1%,,
AT-2,AT-02a.01[04],"privacy literacy training is provided to system users (including managers, senior executives, and contractors) [organization-defined value] thereafter;",Examine; Interview,"Learning system records; phishing results. Population: 12,000 workforce (850 dispatchers). Sample: 60 training records (random); phishing results for 6 months",EV-AT-2,Satisfied,Training completed at hire and annually; phishing click rate 3.1%,,
AT-2,AT-02a.02[01],"security literacy training is provided to system users (including managers, senior executives, and contractors) when required by system changes or following...",Examine; Interview,"Learning system records; phishing results. Population: 12,000 workforce (850 dispatchers). Sample: 60 training records (random); phishing results for 6 months",EV-AT-2,Satisfied,Training completed at hire and annually; phishing click rate 3.1%,,
AT-2,AT-02a.02[02],"privacy literacy training is provided to system users (including managers, senior executives, and contractors) when required by system changes or following [...",Examine; Interview,"Learning system records; phishing results. Population: 12,000 workforce (850 dispatchers). Sample: 60 training records (random); phishing results for 6 months",EV-AT-2,Satisfied,Training completed at hire and annually; phishing click rate 3.1%,,
AT-2,AT-02b.,[organization-defined value] are employed to increase the security and privacy awareness of system users;,Examine; Interview,"Learning system records; phishing results. Population: 12,000 workforce (850 dispatchers). Sample: 60 training records (random); phishing results for 6 months",EV-AT-2,Satisfied,Training completed at hire and annually; phishing click rate 3.1%,,
AT-2,AT-02c.[01],literacy training and awareness content is updated [organization-defined value];,Examine; Interview,"Learning system records; phishing results. Population: 12,000 workforce (850 dispatchers). Sample: 60 training records (random); phishing results for 6 months",EV-AT-2,Satisfied,Training completed at hire and annually; phishing click rate 3.1%,,
AT-2,AT-02c.[02],literacy training and awareness content is updated following [organization-defined value];,Examine; Interview,"Learning system records; phishing results. Population: 12,000 workforce (850 dispatchers). Sample: 60 training records (random); phishing results for 6 months",EV-AT-2,Satisfied,Training completed at hire and annually; phishing click rate 3.1%,,
AT-2,AT-02d.,lessons learned from internal or external security incidents or breaches are incorporated into literacy training and awareness techniques.,Examine; Interview,"Learning system records; phishing results. Population: 12,000 workforce (850 dispatchers). Sample: 60 training records (random); phishing results for 6 months",EV-AT-2,Satisfied,Training completed at hire and annually; phishing click rate 3.1%,,
AU-2,AU-02a.,[organization-defined value] that the system is capable of logging are identified in support of the audit logging function;,Examine; Test,"CAD and ePCR audit configuration. Sample: 6 event types generated in test (sign-in, incident change, unit time edit, record lookup, configuration change, ePCR export)",EV-AU-2,Satisfied,"All 6 event types were logged with user, time, and reason codes",,
AU-2,AU-02b.,the event logging function is coordinated with other organizational entities requiring audit-related information to guide and inform the selection criteria f...,Examine; Test,"CAD and ePCR audit configuration. Sample: 6 event types generated in test (sign-in, incident change, unit time edit, record lookup, configuration change, ePCR export)",EV-AU-2,Satisfied,"All 6 event types were logged with user, time, and reason codes",,
AU-2,AU-02c.[01],[organization-defined value] are specified for logging within the system;,Examine; Test,"CAD and ePCR audit configuration. Sample: 6 event types generated in test (sign-in, incident change, unit time edit, record lookup, configuration change, ePCR export)",EV-AU-2,Satisfied,"All 6 event types were logged with user, time, and reason codes",,
AU-2,AU-02c.[02],the specified event types are logged within the system [organization-defined value];,Examine; Test,"CAD and ePCR audit configuration. Sample: 6 event types generated in test (sign-in, incident change, unit time edit, record lookup, configuration change, ePCR export)",EV-AU-2,Satisfied,"All 6 event types were logged with user, time, and reason codes",,
AU-2,AU-02d.,a rationale is provided for why the event types selected for logging are deemed to be adequate to support after-the-fact investigations of incidents;,Examine; Test,"CAD and ePCR audit configuration. Sample: 6 event types generated in test (sign-in, incident change, unit time edit, record lookup, configuration change, ePCR export)",EV-AU-2,Satisfied,"All 6 event types were logged with user, time, and reason codes",,
AU-2,AU-02e.,the event types selected for logging are reviewed and updated [organization-defined value].,Examine; Test,"CAD and ePCR audit configuration. Sample: 6 event types generated in test (sign-in, incident change, unit time edit, record lookup, configuration change, ePCR export)",EV-AU-2,Satisfied,"All 6 event types were logged with user, time, and reason codes",,
AU-6,AU-06a.,system audit records are reviewed and analyzed [organization-defined value] for indications of [organization-defined value] and the potential impact of the i...,Examine; Interview,SOC review records; SIEM source list; Privacy Office review records. Population: 26 weeks of SOC review records; 43 log sources on the dispatch and patient care path. Sample: 5 weeks (random); 100% of log sources,EV-AU-6,Other than satisfied,CAD lookups by name or address are reviewed only quarterly; the AQ-01 legacy CAD and directory send no logs to the SIEM (2 of 43 log sources missing),High,POAM-005
AU-6,AU-06b.,findings are reported to [organization-defined value];,Examine; Interview,SOC review records; SIEM source list; Privacy Office review records. Population: 26 weeks of SOC review records; 43 log sources on the dispatch and patient care path. Sample: 5 weeks (random); 100% of log sources,EV-AU-6,Satisfied,Findings are reported to the Security Officer; review adjusts after incidents,,
AU-6,AU-06c.,"the level of audit record review, analysis, and reporting within the system is adjusted when there is a change in risk based on law enforcement information,...",Examine; Interview,SOC review records; SIEM source list; Privacy Office review records. Population: 26 weeks of SOC review records; 43 log sources on the dispatch and patient care path. Sample: 5 weeks (random); 100% of log sources,EV-AU-6,Satisfied,Findings are reported to the Security Officer; review adjusts after incidents,,
AU-9,AU-09a.,"audit information and audit logging tools are protected from unauthorized access, modification, and deletion;",Examine; Test,Log archive configuration. Sample: write-once settings inspected; deletion attempt tested,EV-AU-9,Satisfied,Deletion blocked; access limited to the security team,,
AU-9,AU-09b.,"[organization-defined value] are alerted upon detection of unauthorized access, modification, or deletion of audit information.",Examine; Test,Log archive configuration. Sample: write-once settings inspected; deletion attempt tested,EV-AU-9,Satisfied,Deletion blocked; access limited to the security team,,
AU-11,AU-11,audit records are retained for [organization-defined value] to provide support for after-the-fact investigations of incidents and to meet regulatory and orga...,Examine,Retention settings,EV-AU-11,Satisfied,1 year online and 6 years in the archive,,
AU-12,AU-12a.,audit record generation capability for the event types the system is capable of auditing (defined in AU-02_ODP[01]) is provided by [organization-defined value];,Examine; Test,"Forwarder configuration. Sample: 6 CAD servers, the CAD-to-CAD hub, and the mobile gateway",EV-AU-12,Satisfied,Audit generation and forwarding enabled on all sampled components,,
AU-12,AU-12b.,[organization-defined value] is/are allowed to select the event types that are to be logged by specific components of the system;,Examine; Test,"Forwarder configuration. Sample: 6 CAD servers, the CAD-to-CAD hub, and the mobile gateway",EV-AU-12,Satisfied,Audit generation and forwarding enabled on all sampled components,,
AU-12,AU-12c.,audit records for the event types defined in AU-02_ODP[02] that include the audit record content defined in AU-03 are generated.,Examine; Test,"Forwarder configuration. Sample: 6 CAD servers, the CAD-to-CAD hub, and the mobile gateway",EV-AU-12,Satisfied,Audit generation and forwarding enabled on all sampled components,,
CA-7,CA-07[01],a system-level continuous monitoring strategy is developed;,Examine,Monthly control metric packages. Population: 6 monthly packages. Sample: 3 months (random),EV-CA-7,Satisfied,Metrics produced and reviewed by the executive risk committee,,
CA-7,CA-07[02],system-level continuous monitoring is implemented in accordance with the organization-level continuous monitoring strategy;,Examine,Monthly control metric packages. Population: 6 monthly packages. Sample: 3 months (random),EV-CA-7,Satisfied,Metrics produced and reviewed by the executive risk committee,,
CA-7,CA-07a.,system-level continuous monitoring includes establishment of the following system-level metrics to be monitored: [organization-defined value];,Examine,Monthly control metric packages. Population: 6 monthly packages. Sample: 3 months (random),EV-CA-7,Satisfied,Metrics produced and reviewed by the executive risk committee,,
CA-7,CA-07b.[01],system-level continuous monitoring includes established [organization-defined value] for monitoring;,Examine,Monthly control metric packages. Population: 6 monthly packages. Sample: 3 months (random),EV-CA-7,Satisfied,Metrics produced and reviewed by the executive risk committee,,
CA-7,CA-07b.[02],system-level continuous monitoring includes established [organization-defined value] for assessment of control effectiveness;,Examine,Monthly control metric packages. Population: 6 monthly packages. Sample: 3 months (random),EV-CA-7,Satisfied,Metrics produced and reviewed by the executive risk committee,,
CA-7,CA-07c.,system-level continuous monitoring includes ongoing control assessments in accordance with the continuous monitoring strategy;,Examine,Monthly control metric packages. Population: 6 monthly packages. Sample: 3 months (random),EV-CA-7,Satisfied,Metrics produced and reviewed by the executive risk committee,,
CA-7,CA-07d.,system-level continuous monitoring includes ongoing monitoring of system and organization-defined metrics in accordance with the continuous monitoring strategy;,Examine,Monthly control metric packages. Population: 6 monthly packages. Sample: 3 months (random),EV-CA-7,Satisfied,Metrics produced and reviewed by the executive risk committee,,
CA-7,CA-07e.,system-level continuous monitoring includes correlation and analysis of information generated by control assessments and monitoring;,Examine,Monthly control metric packages. Population: 6 monthly packages. Sample: 3 months (random),EV-CA-7,Satisfied,Metrics produced and reviewed by the executive risk committee,,
CA-7,CA-07f.,system-level continuous monitoring includes response actions to address the results of the analysis of control assessment and monitoring information;,Examine,Monthly control metric packages. Population: 6 monthly packages. Sample: 3 months (random),EV-CA-7,Satisfied,Metrics produced and reviewed by the executive risk committee,,
CA-7,CA-07g.[01],system-level continuous monitoring includes reporting the security status of the system to [organization-defined value] [organization-defined value];,Examine,Monthly control metric packages. Population: 6 monthly packages. Sample: 3 months (random),EV-CA-7,Satisfied,Metrics produced and reviewed by the executive risk committee,,
CA-7,CA-07g.[02],system-level continuous monitoring includes reporting the privacy status of the system to [organization-defined value] [organization-defined value].,Examine,Monthly control metric packages. Population: 6 monthly packages. Sample: 3 months (random),EV-CA-7,Satisfied,Metrics produced and reviewed by the executive risk committee,,
CM-2,CM-02a.[01],a current baseline configuration of the system is developed and documented;,Examine; Test,Baseline documents; configuration compliance scans. Population: 236 components (6 CAD servers; 230 consoles). Sample: 100%,EV-CM-2,Satisfied,Baselines documented and under configuration control,,
CM-2,CM-02a.[02],a current baseline configuration of the system is maintained under configuration control;,Examine; Test,Baseline documents; configuration compliance scans. Population: 236 components (6 CAD servers; 230 consoles). Sample: 100%,EV-CM-2,Satisfied,Baselines documented and under configuration control,,
CM-2,CM-02b.01,the baseline configuration of the system is reviewed and updated [organization-defined value];,Examine; Test,Baseline documents; configuration compliance scans. Population: 236 components (6 CAD servers; 230 consoles). Sample: 100%,EV-CM-2,Satisfied,Baselines documented and under configuration control,,
CM-2,CM-02b.02,the baseline configuration of the system is reviewed and updated when required due to [organization-defined value];,Examine; Test,Baseline documents; configuration compliance scans. Population: 236 components (6 CAD servers; 230 consoles). Sample: 100%,EV-CM-2,Satisfied,Baselines documented and under configuration control,,
CM-2,CM-02b.03,the baseline configuration of the system is reviewed and updated when system components are installed or upgraded.,Examine; Test,Baseline documents; configuration compliance scans. Population: 236 components (6 CAD servers; 230 consoles). Sample: 100%,EV-CM-2,Other than satisfied,"31 of 230 consoles drifted from the baseline after a radio console client upgrade, and the baseline was not updated for the new client",Moderate,POAM-008
CM-3,CM-03a.,the types of changes to the system that are configuration-controlled are determined and documented;,Examine; Interview,"CAD change tickets, test records, and change board minutes. Population: 212 CAD change records (2026-01-01 to 2026-06-30), 128 of them response plan, run card, or unit recommendation changes. Sample: 40 changes (random)",EV-CM-3,Satisfied,Software and infrastructure changes went through the enterprise change board,,
CM-3,CM-03b.[01],proposed configuration-controlled changes to the system are reviewed;,Examine; Interview,"CAD change tickets, test records, and change board minutes. Population: 212 CAD change records (2026-01-01 to 2026-06-30), 128 of them response plan, run card, or unit recommendation changes. Sample: 40 changes (random)",EV-CM-3,Satisfied,Software and infrastructure changes went through the enterprise change board,,
CM-3,CM-03b.[02],proposed configuration-controlled changes to the system are approved or disapproved with explicit consideration for security and privacy impact analyses;,Examine; Interview,"CAD change tickets, test records, and change board minutes. Population: 212 CAD change records (2026-01-01 to 2026-06-30), 128 of them response plan, run card, or unit recommendation changes. Sample: 40 changes (random)",EV-CM-3,Other than satisfied,5 of 40 sampled changes (all response plan or run card changes) went live without a record of independent testing,High,POAM-006
CM-3,CM-03c.,configuration change decisions associated with the system are documented;,Examine; Interview,"CAD change tickets, test records, and change board minutes. Population: 212 CAD change records (2026-01-01 to 2026-06-30), 128 of them response plan, run card, or unit recommendation changes. Sample: 40 changes (random)",EV-CM-3,Satisfied,Software and infrastructure changes went through the enterprise change board,,
CM-3,CM-03d.,approved configuration-controlled changes to the system are implemented;,Examine; Interview,"CAD change tickets, test records, and change board minutes. Population: 212 CAD change records (2026-01-01 to 2026-06-30), 128 of them response plan, run card, or unit recommendation changes. Sample: 40 changes (random)",EV-CM-3,Satisfied,Software and infrastructure changes went through the enterprise change board,,
CM-3,CM-03e.,records of configuration-controlled changes to the system are retained for [organization-defined value];,Examine; Interview,"CAD change tickets, test records, and change board minutes. Population: 212 CAD change records (2026-01-01 to 2026-06-30), 128 of them response plan, run card, or unit recommendation changes. Sample: 40 changes (random)",EV-CM-3,Satisfied,Software and infrastructure changes went through the enterprise change board,,
CM-3,CM-03f.[01],activities associated with configuration-controlled changes to the system are monitored;,Examine; Interview,"CAD change tickets, test records, and change board minutes. Population: 212 CAD change records (2026-01-01 to 2026-06-30), 128 of them response plan, run card, or unit recommendation changes. Sample: 40 changes (random)",EV-CM-3,Satisfied,Software and infrastructure changes went through the enterprise change board,,
CM-3,CM-03f.[02],activities associated with configuration-controlled changes to the system are reviewed;,Examine; Interview,"CAD change tickets, test records, and change board minutes. Population: 212 CAD change records (2026-01-01 to 2026-06-30), 128 of them response plan, run card, or unit recommendation changes. Sample: 40 changes (random)",EV-CM-3,Satisfied,Software and infrastructure changes went through the enterprise change board,,
CM-3,CM-03g.[01],configuration change control activities are coordinated and overseen by [organization-defined value];,Examine; Interview,"CAD change tickets, test records, and change board minutes. Population: 212 CAD change records (2026-01-01 to 2026-06-30), 128 of them response plan, run card, or unit recommendation changes. Sample: 40 changes (random)",EV-CM-3,Other than satisfied,"Response plan, run card, and unit recommendation changes are approved inside the communications centers, outside the change board",High,POAM-006
CM-3,CM-03g.[02],the configuration control element convenes [organization-defined value].,Examine; Interview,"CAD change tickets, test records, and change board minutes. Population: 212 CAD change records (2026-01-01 to 2026-06-30), 128 of them response plan, run card, or unit recommendation changes. Sample: 40 changes (random)",EV-CM-3,Satisfied,Software and infrastructure changes went through the enterprise change board,,
CM-5,CM-05[01],physical access restrictions associated with changes to the system are defined and documented;,Examine; Test,PAM sessions matched to tickets. Population: 212 changes. Sample: 10 changes traced to PAM sessions,EV-CM-5,Satisfied,Each sampled change matched an approved ticket and PAM session,,
CM-5,CM-05[02],physical access restrictions associated with changes to the system are approved;,Examine; Test,PAM sessions matched to tickets. Population: 212 changes. Sample: 10 changes traced to PAM sessions,EV-CM-5,Satisfied,Each sampled change matched an approved ticket and PAM session,,
CM-5,CM-05[03],physical access restrictions associated with changes to the system are enforced;,Examine; Test,PAM sessions matched to tickets. Population: 212 changes. Sample: 10 changes traced to PAM sessions,EV-CM-5,Satisfied,Each sampled change matched an approved ticket and PAM session,,
CM-5,CM-05[04],logical access restrictions associated with changes to the system are defined and documented;,Examine; Test,PAM sessions matched to tickets. Population: 212 changes. Sample: 10 changes traced to PAM sessions,EV-CM-5,Satisfied,Each sampled change matched an approved ticket and PAM session,,
CM-5,CM-05[05],logical access restrictions associated with changes to the system are approved;,Examine; Test,PAM sessions matched to tickets. Population: 212 changes. Sample: 10 changes traced to PAM sessions,EV-CM-5,Satisfied,Each sampled change matched an approved ticket and PAM session,,
CM-5,CM-05[06],logical access restrictions associated with changes to the system are enforced.,Examine; Test,PAM sessions matched to tickets. Population: 212 changes. Sample: 10 changes traced to PAM sessions,EV-CM-5,Satisfied,Each sampled change matched an approved ticket and PAM session,,
CM-6,CM-06a.,configuration settings that reflect the most restrictive mode consistent with operational requirements are established and documented for components employed...,Examine; Test,"Router management export; configuration scans. Population: about 1,290 enterprise vehicle routers; 236 servers and consoles. Sample: 100%",EV-CM-6,Satisfied,Server and console settings match STD-01.5,,
CM-6,CM-06b.,the configuration settings documented in CM-06a are implemented;,Examine; Test,"Router management export; configuration scans. Population: about 1,290 enterprise vehicle routers; 236 servers and consoles. Sample: 100%",EV-CM-6,Other than satisfied,About 160 vehicle routers run end-of-support firmware and cannot apply current settings,High,POAM-009
CM-6,CM-06c.[01],any deviations from established configuration settings for [organization-defined value] are identified and documented based on [organization-defined value];,Examine; Test,"Router management export; configuration scans. Population: about 1,290 enterprise vehicle routers; 236 servers and consoles. Sample: 100%",EV-CM-6,Other than satisfied,Configuration deviations on the 160 AQ-01 routers are not identified because those routers are not enrolled in the management service,High,POAM-009
CM-6,CM-06c.[02],any deviations from established configuration settings for [organization-defined value] are approved;,Examine; Test,"Router management export; configuration scans. Population: about 1,290 enterprise vehicle routers; 236 servers and consoles. Sample: 100%",EV-CM-6,Satisfied,Server and console settings match STD-01.5,,
CM-6,CM-06d.[01],changes to the configuration settings are monitored in accordance with organizational policies and procedures;,Examine; Test,"Router management export; configuration scans. Population: about 1,290 enterprise vehicle routers; 236 servers and consoles. Sample: 100%",EV-CM-6,Satisfied,Server and console settings match STD-01.5,,
CM-6,CM-06d.[02],changes to the configuration settings are controlled in accordance with organizational policies and procedures.,Examine; Test,"Router management export; configuration scans. Population: about 1,290 enterprise vehicle routers; 236 servers and consoles. Sample: 100%",EV-CM-6,Satisfied,Server and console settings match STD-01.5,,
CM-8,CM-08a.01,an inventory of system components that accurately reflects the system is developed and documented;,Examine; Test,"CMDB; physical device trace. Population: about 9,600 fleet devices (routers, MDCs, tablets, cardiac monitors). Sample: 60 physical devices traced to the CMDB (random, 6 stations)",EV-CM-8,Satisfied,Inventory reviewed monthly,,
CM-8,CM-08a.02,an inventory of system components that includes all components within the system is developed and documented;,Examine; Test,"CMDB; physical device trace. Population: about 9,600 fleet devices (routers, MDCs, tablets, cardiac monitors). Sample: 60 physical devices traced to the CMDB (random, 6 stations)",EV-CM-8,Other than satisfied,"4 of 60 traced devices (2 cardiac monitors, 2 spare tablets) were not in the CMDB",Moderate,POAM-010
CM-8,CM-08a.03,an inventory of system components that does not include duplicate accounting of components or components assigned to any other system is developed and docume...,Examine; Test,"CMDB; physical device trace. Population: about 9,600 fleet devices (routers, MDCs, tablets, cardiac monitors). Sample: 60 physical devices traced to the CMDB (random, 6 stations)",EV-CM-8,Satisfied,Inventory reviewed monthly,,
CM-8,CM-08a.04,an inventory of system components that is at the level of granularity deemed necessary for tracking and reporting is developed and documented;,Examine; Test,"CMDB; physical device trace. Population: about 9,600 fleet devices (routers, MDCs, tablets, cardiac monitors). Sample: 60 physical devices traced to the CMDB (random, 6 stations)",EV-CM-8,Satisfied,Inventory reviewed monthly,,
CM-8,CM-08a.05,an inventory of system components that includes [organization-defined value] is developed and documented;,Examine; Test,"CMDB; physical device trace. Population: about 9,600 fleet devices (routers, MDCs, tablets, cardiac monitors). Sample: 60 physical devices traced to the CMDB (random, 6 stations)",EV-CM-8,Satisfied,Inventory reviewed monthly,,
CM-8,CM-08b.,the system component inventory is reviewed and updated [organization-defined value].,Examine; Test,"CMDB; physical device trace. Population: about 9,600 fleet devices (routers, MDCs, tablets, cardiac monitors). Sample: 60 physical devices traced to the CMDB (random, 6 stations)",EV-CM-8,Satisfied,Inventory reviewed monthly,,
CP-2,CP-02a.01,a contingency plan for the system is developed that identifies essential mission and business functions and associated contingency requirements;,Examine; Interview,"EDPCP contingency plan v5; interviews with the Vice President, Communications Centers, the Director of CAD and Dispatch Systems, and an RCC-3 supervisor",EV-CP-2,Satisfied,"Plan covers manual dispatch, failover, roles, and restoration priorities",,
CP-2,CP-02a.02[01],a contingency plan for the system is developed that provides recovery objectives;,Examine; Interview,"EDPCP contingency plan v5; interviews with the Vice President, Communications Centers, the Director of CAD and Dispatch Systems, and an RCC-3 supervisor",EV-CP-2,Satisfied,"Plan covers manual dispatch, failover, roles, and restoration priorities",,
CP-2,CP-02a.02[02],a contingency plan for the system is developed that provides restoration priorities;,Examine; Interview,"EDPCP contingency plan v5; interviews with the Vice President, Communications Centers, the Director of CAD and Dispatch Systems, and an RCC-3 supervisor",EV-CP-2,Satisfied,"Plan covers manual dispatch, failover, roles, and restoration priorities",,
CP-2,CP-02a.02[03],a contingency plan for the system is developed that provides metrics;,Examine; Interview,"EDPCP contingency plan v5; interviews with the Vice President, Communications Centers, the Director of CAD and Dispatch Systems, and an RCC-3 supervisor",EV-CP-2,Satisfied,"Plan covers manual dispatch, failover, roles, and restoration priorities",,
CP-2,CP-02a.03[01],a contingency plan for the system is developed that addresses contingency roles;,Examine; Interview,"EDPCP contingency plan v5; interviews with the Vice President, Communications Centers, the Director of CAD and Dispatch Systems, and an RCC-3 supervisor",EV-CP-2,Satisfied,"Plan covers manual dispatch, failover, roles, and restoration priorities",,
CP-2,CP-02a.03[02],a contingency plan for the system is developed that addresses contingency responsibilities;,Examine; Interview,"EDPCP contingency plan v5; interviews with the Vice President, Communications Centers, the Director of CAD and Dispatch Systems, and an RCC-3 supervisor",EV-CP-2,Satisfied,"Plan covers manual dispatch, failover, roles, and restoration priorities",,
CP-2,CP-02a.03[03],a contingency plan for the system is developed that addresses assigned individuals with contact information;,Examine; Interview,"EDPCP contingency plan v5; interviews with the Vice President, Communications Centers, the Director of CAD and Dispatch Systems, and an RCC-3 supervisor",EV-CP-2,Satisfied,"Plan covers manual dispatch, failover, roles, and restoration priorities",,
CP-2,CP-02a.04,"a contingency plan for the system is developed that addresses maintaining essential mission and business functions despite a system disruption, compromise, o...",Examine; Interview,"EDPCP contingency plan v5; interviews with the Vice President, Communications Centers, the Director of CAD and Dispatch Systems, and an RCC-3 supervisor",EV-CP-2,Satisfied,"Plan covers manual dispatch, failover, roles, and restoration priorities",,
CP-2,CP-02a.05,"a contingency plan for the system is developed that addresses eventual, full-system restoration without deterioration of the controls originally planned and...",Examine; Interview,"EDPCP contingency plan v5; interviews with the Vice President, Communications Centers, the Director of CAD and Dispatch Systems, and an RCC-3 supervisor",EV-CP-2,Satisfied,"Plan covers manual dispatch, failover, roles, and restoration priorities",,
CP-2,CP-02a.06,a contingency plan for the system is developed that addresses the sharing of contingency information;,Examine; Interview,"EDPCP contingency plan v5; interviews with the Vice President, Communications Centers, the Director of CAD and Dispatch Systems, and an RCC-3 supervisor",EV-CP-2,Satisfied,"Plan covers manual dispatch, failover, roles, and restoration priorities",,
CP-2,CP-02a.07[01],a contingency plan for the system is developed that is reviewed by [organization-defined value];,Examine; Interview,"EDPCP contingency plan v5; interviews with the Vice President, Communications Centers, the Director of CAD and Dispatch Systems, and an RCC-3 supervisor",EV-CP-2,Satisfied,"Plan covers manual dispatch, failover, roles, and restoration priorities",,
CP-2,CP-02a.07[02],a contingency plan for the system is developed that is approved by [organization-defined value];,Examine; Interview,"EDPCP contingency plan v5; interviews with the Vice President, Communications Centers, the Director of CAD and Dispatch Systems, and an RCC-3 supervisor",EV-CP-2,Satisfied,"Plan covers manual dispatch, failover, roles, and restoration priorities",,
CP-2,CP-02b.[01],copies of the contingency plan are distributed to [organization-defined value];,Examine; Interview,"EDPCP contingency plan v5; interviews with the Vice President, Communications Centers, the Director of CAD and Dispatch Systems, and an RCC-3 supervisor",EV-CP-2,Satisfied,"Plan covers manual dispatch, failover, roles, and restoration priorities",,
CP-2,CP-02b.[02],copies of the contingency plan are distributed to [organization-defined value];,Examine; Interview,"EDPCP contingency plan v5; interviews with the Vice President, Communications Centers, the Director of CAD and Dispatch Systems, and an RCC-3 supervisor",EV-CP-2,Satisfied,"Plan covers manual dispatch, failover, roles, and restoration priorities",,
CP-2,CP-02c.,contingency planning activities are coordinated with incident handling activities;,Examine; Interview,"EDPCP contingency plan v5; interviews with the Vice President, Communications Centers, the Director of CAD and Dispatch Systems, and an RCC-3 supervisor",EV-CP-2,Satisfied,"Plan covers manual dispatch, failover, roles, and restoration priorities",,
CP-2,CP-02d.,the contingency plan for the system is reviewed [organization-defined value];,Examine; Interview,"EDPCP contingency plan v5; interviews with the Vice President, Communications Centers, the Director of CAD and Dispatch Systems, and an RCC-3 supervisor",EV-CP-2,Satisfied,"Plan covers manual dispatch, failover, roles, and restoration priorities",,
CP-2,CP-02e.[01],"the contingency plan is updated to address changes to the organization, system, or environment of operation;",Examine; Interview,"EDPCP contingency plan v5; interviews with the Vice President, Communications Centers, the Director of CAD and Dispatch Systems, and an RCC-3 supervisor",EV-CP-2,Satisfied,"Plan covers manual dispatch, failover, roles, and restoration priorities",,
CP-2,CP-02e.[02],"the contingency plan is updated to address problems encountered during contingency plan implementation, execution, or testing;",Examine; Interview,"EDPCP contingency plan v5; interviews with the Vice President, Communications Centers, the Director of CAD and Dispatch Systems, and an RCC-3 supervisor",EV-CP-2,Other than satisfied,Plan not updated for the interface cutover problems found in the 2026-05-14 test,High,POAM-011
CP-2,CP-02f.[01],contingency plan changes are communicated to [organization-defined value];,Examine; Interview,"EDPCP contingency plan v5; interviews with the Vice President, Communications Centers, the Director of CAD and Dispatch Systems, and an RCC-3 supervisor",EV-CP-2,Satisfied,"Plan covers manual dispatch, failover, roles, and restoration priorities",,
CP-2,CP-02f.[02],contingency plan changes are communicated to [organization-defined value];,Examine; Interview,"EDPCP contingency plan v5; interviews with the Vice President, Communications Centers, the Director of CAD and Dispatch Systems, and an RCC-3 supervisor",EV-CP-2,Satisfied,"Plan covers manual dispatch, failover, roles, and restoration priorities",,
CP-2,CP-02g.[01],lessons learned from contingency plan testing or actual contingency activities are incorporated into contingency testing;,Examine; Interview,"EDPCP contingency plan v5; interviews with the Vice President, Communications Centers, the Director of CAD and Dispatch Systems, and an RCC-3 supervisor",EV-CP-2,Other than satisfied,"Lessons learned from the 2026-05-14 test were not incorporated, and the plan has no RCC-3 failover procedure",High,POAM-011
CP-2,CP-02g.[02],lessons learned from contingency plan training or actual contingency activities are incorporated into contingency testing and training;,Examine; Interview,"EDPCP contingency plan v5; interviews with the Vice President, Communications Centers, the Director of CAD and Dispatch Systems, and an RCC-3 supervisor",EV-CP-2,Satisfied,"Plan covers manual dispatch, failover, roles, and restoration priorities",,
CP-2,CP-02h.[01],the contingency plan is protected from unauthorized disclosure;,Examine; Interview,"EDPCP contingency plan v5; interviews with the Vice President, Communications Centers, the Director of CAD and Dispatch Systems, and an RCC-3 supervisor",EV-CP-2,Satisfied,"Plan covers manual dispatch, failover, roles, and restoration priorities",,
CP-2,CP-02h.[02],the contingency plan is protected from unauthorized modification.,Examine; Interview,"EDPCP contingency plan v5; interviews with the Vice President, Communications Centers, the Director of CAD and Dispatch Systems, and an RCC-3 supervisor",EV-CP-2,Satisfied,"Plan covers manual dispatch, failover, roles, and restoration priorities",,
CP-4,CP-04a.[01],the contingency plan for the system is tested [organization-defined value];,Examine,Drill and test reports. Population: 12 quarterly manual dispatch drills at RCC-1 to RCC-3 and 1 regional failover test. Sample: 100%,EV-CP-4,Satisfied,All 12 drills and the regional test were held and documented with results,,
CP-4,CP-04a.[02],[organization-defined value] are used to determine the effectiveness of the plan;,Examine,Drill and test reports. Population: 12 quarterly manual dispatch drills at RCC-1 to RCC-3 and 1 regional failover test. Sample: 100%,EV-CP-4,Satisfied,All 12 drills and the regional test were held and documented with results,,
CP-4,CP-04a.[03],[organization-defined value] are used to determine the readiness to execute the plan;,Examine,Drill and test reports. Population: 12 quarterly manual dispatch drills at RCC-1 to RCC-3 and 1 regional failover test. Sample: 100%,EV-CP-4,Satisfied,All 12 drills and the regional test were held and documented with results,,
CP-4,CP-04b.,the contingency plan test results are reviewed;,Examine,Drill and test reports. Population: 12 quarterly manual dispatch drills at RCC-1 to RCC-3 and 1 regional failover test. Sample: 100%,EV-CP-4,Satisfied,All 12 drills and the regional test were held and documented with results,,
CP-4,CP-04c.,"corrective actions are initiated, if needed.",Examine,Drill and test reports. Population: 12 quarterly manual dispatch drills at RCC-1 to RCC-3 and 1 regional failover test. Sample: 100%,EV-CP-4,Satisfied,All 12 drills and the regional test were held and documented with results,,
CP-4(2),CP-04(02)(a),the contingency plan is tested at the alternate processing site to familiarize contingency personnel with the facility and available resources;,Examine; Interview,Center-to-center failover test reports. Population: 3 enterprise communications centers. Sample: 100%,EV-CP-4(2),Other than satisfied,RCC-3 staff have never run the plan at an alternate center,High,POAM-011
CP-4(2),CP-04(02)(b),the contingency plan is tested at the alternate processing site to evaluate the capabilities of the alternate processing site to support contingency operations.,Examine; Interview,Center-to-center failover test reports. Population: 3 enterprise communications centers. Sample: 100%,EV-CP-4(2),Other than satisfied,The capacity of RCC-1 and RCC-2 to absorb RCC-3's positions has never been tested,High,POAM-011
CP-7,CP-07a.,"an alternate processing site, including necessary agreements to permit the transfer and resumption of [organization-defined value] for essential mission and...",Examine,Standby region configuration; center position mapping,EV-CP-7,Satisfied,Standby region and alternate center arrangements are in place,,
CP-7,CP-07b.[01],the equipment and supplies required to transfer operations are made available at the alternate processing site or if contracts are in place to support delive...,Examine,Standby region configuration; center position mapping,EV-CP-7,Satisfied,Standby region and alternate center arrangements are in place,,
CP-7,CP-07b.[02],the equipment and supplies required to resume operations are made available at the alternate processing site or if contracts are in place to support delivery...,Examine,Standby region configuration; center position mapping,EV-CP-7,Satisfied,Standby region and alternate center arrangements are in place,,
CP-7,CP-07c.,controls provided at the alternate processing site are equivalent to those at the primary site.,Examine,Standby region configuration; center position mapping,EV-CP-7,Satisfied,Standby region and alternate center arrangements are in place,,
CP-9,CP-09a.,backups of user-level information contained in [organization-defined value] are conducted [organization-defined value];,Examine; Test,Backup job reports; restore observation. Population: 181 daily backup jobs. Sample: 25 jobs (random); 1 restore observed,EV-CP-9,Satisfied,Jobs completed; restore verified incident counts,,
CP-9,CP-09b.,backups of system-level information contained in the system are conducted [organization-defined value];,Examine; Test,Backup job reports; restore observation. Population: 181 daily backup jobs. Sample: 25 jobs (random); 1 restore observed,EV-CP-9,Satisfied,Jobs completed; restore verified incident counts,,
CP-9,CP-09c.,"backups of system documentation, including security- and privacy-related documentation are conducted [organization-defined value];",Examine; Test,Backup job reports; restore observation. Population: 181 daily backup jobs. Sample: 25 jobs (random); 1 restore observed,EV-CP-9,Satisfied,Jobs completed; restore verified incident counts,,
CP-9,CP-09d.[01],the confidentiality of backup information is protected;,Examine; Test,Backup job reports; restore observation. Population: 181 daily backup jobs. Sample: 25 jobs (random); 1 restore observed,EV-CP-9,Satisfied,Jobs completed; restore verified incident counts,,
CP-9,CP-09d.[02],the integrity of backup information is protected;,Examine; Test,Backup job reports; restore observation. Population: 181 daily backup jobs. Sample: 25 jobs (random); 1 restore observed,EV-CP-9,Satisfied,Jobs completed; restore verified incident counts,,
CP-9,CP-09d.[03],the availability of backup information is protected.,Examine; Test,Backup job reports; restore observation. Population: 181 daily backup jobs. Sample: 25 jobs (random); 1 restore observed,EV-CP-9,Satisfied,Jobs completed; restore verified incident counts,,
CP-10,CP-10[01],"the recovery of the system to a known state is provided within [organization-defined value] after a disruption, compromise, or failure;",Examine; Test,DR test report 2026-05-14. Population: 1 test. Sample: 100%,EV-CP-10,Other than satisfied,Recovery took 1 hour 25 minutes against the 1-hour RTO,High,POAM-011
CP-10,CP-10[02],"a reconstitution of the system to a known state is provided within [organization-defined value] after a disruption, compromise, or failure.",Examine; Test,DR test report 2026-05-14. Population: 1 test. Sample: 100%,EV-CP-10,Satisfied,Reconstitution to a known state was verified,,
IA-2,IA-02[01],organizational users are uniquely identified and authenticated;,Examine; Test,"SSO sign-in logs; MDC configuration export. Population: 1,900 CAD accounts; about 1,290 enterprise MDCs. Sample: 25 sign-ins (random); 100% of MDC configurations",EV-IA-2,Other than satisfied,About 190 enterprise MDCs (15%) use shared vehicle logins,Moderate,POAM-003
IA-2,IA-02[02],the unique identification of authenticated organizational users is associated with processes acting on behalf of those users.,Examine; Test,"SSO sign-in logs; MDC configuration export. Population: 1,900 CAD accounts; about 1,290 enterprise MDCs. Sample: 25 sign-ins (random); 100% of MDC configurations",EV-IA-2,Satisfied,Console sign-ins use named SSO accounts,,
IA-2(1),IA-02(01),multi-factor authentication is implemented for access to privileged accounts.,Examine; Test,PAM policy. Population: 34 privileged CAD and cloud accounts. Sample: 100%,EV-IA-2(1),Satisfied,All require phishing-resistant MFA,,
IA-5,IA-05a.,"system authenticators are managed through the verification of the identity of the individual, group, role, service, or device receiving the authenticator as...",Examine; Test,"Password policy; vault report; credential test on radio console gateways (vendor-approved, in maintenance windows). Population: 12 radio console gateways. Sample: 100%",EV-IA-5,Satisfied,Password rules and vaulting operate as designed,,
IA-5,IA-05b.,system authenticators are managed through the establishment of initial authenticator content for any authenticators issued by the organization;,Examine; Test,"Password policy; vault report; credential test on radio console gateways (vendor-approved, in maintenance windows). Population: 12 radio console gateways. Sample: 100%",EV-IA-5,Satisfied,Password rules and vaulting operate as designed,,
IA-5,IA-05c.,system authenticators are managed to ensure that authenticators have sufficient strength of mechanism for their intended use;,Examine; Test,"Password policy; vault report; credential test on radio console gateways (vendor-approved, in maintenance windows). Population: 12 radio console gateways. Sample: 100%",EV-IA-5,Satisfied,Password rules and vaulting operate as designed,,
IA-5,IA-05d.,"system authenticators are managed through the establishment and implementation of administrative procedures for initial authenticator distribution; lost, com...",Examine; Test,"Password policy; vault report; credential test on radio console gateways (vendor-approved, in maintenance windows). Population: 12 radio console gateways. Sample: 100%",EV-IA-5,Satisfied,Password rules and vaulting operate as designed,,
IA-5,IA-05e.,system authenticators are managed through the change of default authenticators prior to first use;,Examine; Test,"Password policy; vault report; credential test on radio console gateways (vendor-approved, in maintenance windows). Population: 12 radio console gateways. Sample: 100%",EV-IA-5,Other than satisfied,4 radio console gateways at RCC-1 and RCC-2 still used the vendor default administrator password (reported to the CISO on 2026-08-12),High,POAM-012
IA-5,IA-05f.,system authenticators are managed through the change or refreshment of authenticators [organization-defined value] or when [organization-defined value] occur;,Examine; Test,"Password policy; vault report; credential test on radio console gateways (vendor-approved, in maintenance windows). Population: 12 radio console gateways. Sample: 100%",EV-IA-5,Satisfied,Password rules and vaulting operate as designed,,
IA-5,IA-05g.,system authenticators are managed through the protection of authenticator content from unauthorized disclosure and modification;,Examine; Test,"Password policy; vault report; credential test on radio console gateways (vendor-approved, in maintenance windows). Population: 12 radio console gateways. Sample: 100%",EV-IA-5,Satisfied,Password rules and vaulting operate as designed,,
IA-5,IA-05h.[01],system authenticators are managed through the requirement for individuals to take specific controls to protect authenticators;,Examine; Test,"Password policy; vault report; credential test on radio console gateways (vendor-approved, in maintenance windows). Population: 12 radio console gateways. Sample: 100%",EV-IA-5,Satisfied,Password rules and vaulting operate as designed,,
IA-5,IA-05h.[02],system authenticators are managed through the requirement for devices to implement specific controls to protect authenticators;,Examine; Test,"Password policy; vault report; credential test on radio console gateways (vendor-approved, in maintenance windows). Population: 12 radio console gateways. Sample: 100%",EV-IA-5,Satisfied,Password rules and vaulting operate as designed,,
IA-5,IA-05i.,system authenticators are managed through the change of authenticators for group or role accounts when membership to those accounts changes.,Examine; Test,"Password policy; vault report; credential test on radio console gateways (vendor-approved, in maintenance windows). Population: 12 radio console gateways. Sample: 100%",EV-IA-5,Satisfied,Password rules and vaulting operate as designed,,
IA-8,IA-08,non-organizational users or processes acting on behalf of non-organizational users are uniquely identified and authenticated.,Examine; Test,"ePCR hospital portal account export. Population: about 2,600 hospital portal accounts. Sample: 100% (data analytic)",EV-IA-8,Other than satisfied,Shared logins at 7 hospitals mean hospital users are not uniquely identified,Moderate,POAM-002
IR-4,IR-04a.[01],an incident handling capability for incidents is implemented that is consistent with the incident response plan;,Examine; Interview,SOC cases. Population: 214 security incidents (5 at AQ-01). Sample: 25 incidents (random) plus all 5 AQ-01 incidents,EV-IR-4,Satisfied,Enterprise incidents handled through all phases,,
IR-4,IR-04a.[02],the incident handling capability for incidents includes preparation;,Examine; Interview,SOC cases. Population: 214 security incidents (5 at AQ-01). Sample: 25 incidents (random) plus all 5 AQ-01 incidents,EV-IR-4,Satisfied,Enterprise incidents handled through all phases,,
IR-4,IR-04a.[03],the incident handling capability for incidents includes detection and analysis;,Examine; Interview,SOC cases. Population: 214 security incidents (5 at AQ-01). Sample: 25 incidents (random) plus all 5 AQ-01 incidents,EV-IR-4,Satisfied,Enterprise incidents handled through all phases,,
IR-4,IR-04a.[04],the incident handling capability for incidents includes containment;,Examine; Interview,SOC cases. Population: 214 security incidents (5 at AQ-01). Sample: 25 incidents (random) plus all 5 AQ-01 incidents,EV-IR-4,Satisfied,Enterprise incidents handled through all phases,,
IR-4,IR-04a.[05],the incident handling capability for incidents includes eradication;,Examine; Interview,SOC cases. Population: 214 security incidents (5 at AQ-01). Sample: 25 incidents (random) plus all 5 AQ-01 incidents,EV-IR-4,Satisfied,Enterprise incidents handled through all phases,,
IR-4,IR-04a.[06],the incident handling capability for incidents includes recovery;,Examine; Interview,SOC cases. Population: 214 security incidents (5 at AQ-01). Sample: 25 incidents (random) plus all 5 AQ-01 incidents,EV-IR-4,Satisfied,Enterprise incidents handled through all phases,,
IR-4,IR-04b.,incident handling activities are coordinated with contingency planning activities;,Examine; Interview,SOC cases. Population: 214 security incidents (5 at AQ-01). Sample: 25 incidents (random) plus all 5 AQ-01 incidents,EV-IR-4,Satisfied,Enterprise incidents handled through all phases,,
IR-4,IR-04c.[01],"lessons learned from ongoing incident handling activities are incorporated into incident response procedures, training, and testing;",Examine; Interview,SOC cases. Population: 214 security incidents (5 at AQ-01). Sample: 25 incidents (random) plus all 5 AQ-01 incidents,EV-IR-4,Satisfied,Enterprise incidents handled through all phases,,
IR-4,IR-04c.[02],the changes resulting from the incorporated lessons learned are implemented accordingly;,Examine; Interview,SOC cases. Population: 214 security incidents (5 at AQ-01). Sample: 25 incidents (random) plus all 5 AQ-01 incidents,EV-IR-4,Satisfied,Enterprise incidents handled through all phases,,
IR-4,IR-04d.[01],the rigor of incident handling activities is comparable and predictable across the organization;,Examine; Interview,SOC cases. Population: 214 security incidents (5 at AQ-01). Sample: 25 incidents (random) plus all 5 AQ-01 incidents,EV-IR-4,Other than satisfied,2 of 5 AQ-01 incidents were handled by the local IT firm and reached the SOC more than 24 hours after discovery,Moderate,POAM-018
IR-4,IR-04d.[02],the intensity of incident handling activities is comparable and predictable across the organization;,Examine; Interview,SOC cases. Population: 214 security incidents (5 at AQ-01). Sample: 25 incidents (random) plus all 5 AQ-01 incidents,EV-IR-4,Satisfied,Enterprise incidents handled through all phases,,
IR-4,IR-04d.[03],the scope of incident handling activities is comparable and predictable across the organization;,Examine; Interview,SOC cases. Population: 214 security incidents (5 at AQ-01). Sample: 25 incidents (random) plus all 5 AQ-01 incidents,EV-IR-4,Other than satisfied,AQ-01 incident scope is decided locally without SOC triage,Moderate,POAM-018
IR-4,IR-04d.[04],the results of incident handling activities are comparable and predictable across the organization.,Examine; Interview,SOC cases. Population: 214 security incidents (5 at AQ-01). Sample: 25 incidents (random) plus all 5 AQ-01 incidents,EV-IR-4,Satisfied,Enterprise incidents handled through all phases,,
IR-6,IR-06a.,personnel is/are required to report suspected incidents to the organizational incident response capability within [organization-defined value];,Examine; Interview,Reporting records; staff interviews. Population: 214 incidents; 20 dispatchers and field staff interviewed. Sample: 25 incidents; 20 staff,EV-IR-6,Satisfied,Reported within 1 hour; staff knew how to report,,
IR-6,IR-06b.,incident information is reported to [organization-defined value].,Examine; Interview,Reporting records; staff interviews. Population: 214 incidents; 20 dispatchers and field staff interviewed. Sample: 25 incidents; 20 staff,EV-IR-6,Satisfied,Reported within 1 hour; staff knew how to report,,
IR-8,IR-08a.01,an incident response plan is developed that provides the organization with a roadmap for implementing its incident response capability;,Examine; Interview,"Incident response plan and materiality playbook; interviews with the General Counsel, CFO, and CISO",EV-IR-8,Satisfied,"Plan exists, is approved, distributed, and protected",,
IR-8,IR-08a.02,an incident response plan is developed that describes the structure and organization of the incident response capability;,Examine; Interview,"Incident response plan and materiality playbook; interviews with the General Counsel, CFO, and CISO",EV-IR-8,Satisfied,"Plan exists, is approved, distributed, and protected",,
IR-8,IR-08a.03,an incident response plan is developed that provides a high-level approach for how the incident response capability fits into the overall organization;,Examine; Interview,"Incident response plan and materiality playbook; interviews with the General Counsel, CFO, and CISO",EV-IR-8,Satisfied,"Plan exists, is approved, distributed, and protected",,
IR-8,IR-08a.04,"an incident response plan is developed that meets the unique requirements of the organization with regard to mission, size, structure, and functions;",Examine; Interview,"Incident response plan and materiality playbook; interviews with the General Counsel, CFO, and CISO",EV-IR-8,Other than satisfied,"The plan does not meet the company's unique need to assess materiality for an operational dispatch outage (county penalties, contract risk, public safety)",High,POAM-014
IR-8,IR-08a.05,an incident response plan is developed that defines reportable incidents;,Examine; Interview,"Incident response plan and materiality playbook; interviews with the General Counsel, CFO, and CISO",EV-IR-8,Satisfied,"Plan exists, is approved, distributed, and protected",,
IR-8,IR-08a.06,an incident response plan is developed that provides metrics for measuring the incident response capability within the organization;,Examine; Interview,"Incident response plan and materiality playbook; interviews with the General Counsel, CFO, and CISO",EV-IR-8,Satisfied,"Plan exists, is approved, distributed, and protected",,
IR-8,IR-08a.07,an incident response plan is developed that defines the resources and management support needed to effectively maintain and mature an incident response capab...,Examine; Interview,"Incident response plan and materiality playbook; interviews with the General Counsel, CFO, and CISO",EV-IR-8,Satisfied,"Plan exists, is approved, distributed, and protected",,
IR-8,IR-08a.08,an incident response plan is developed that addresses the sharing of incident information;,Examine; Interview,"Incident response plan and materiality playbook; interviews with the General Counsel, CFO, and CISO",EV-IR-8,Satisfied,"Plan exists, is approved, distributed, and protected",,
IR-8,IR-08a.09,an incident response plan is developed that is reviewed and approved by [organization-defined value] [organization-defined value];,Examine; Interview,"Incident response plan and materiality playbook; interviews with the General Counsel, CFO, and CISO",EV-IR-8,Satisfied,"Plan exists, is approved, distributed, and protected",,
IR-8,IR-08a.10,an incident response plan is developed that explicitly designates responsibility for incident response to [organization-defined value].,Examine; Interview,"Incident response plan and materiality playbook; interviews with the General Counsel, CFO, and CISO",EV-IR-8,Satisfied,"Plan exists, is approved, distributed, and protected",,
IR-8,IR-08b.[01],copies of the incident response plan are distributed to [organization-defined value];,Examine; Interview,"Incident response plan and materiality playbook; interviews with the General Counsel, CFO, and CISO",EV-IR-8,Satisfied,"Plan exists, is approved, distributed, and protected",,
IR-8,IR-08b.[02],copies of the incident response plan are distributed to [organization-defined value];,Examine; Interview,"Incident response plan and materiality playbook; interviews with the General Counsel, CFO, and CISO",EV-IR-8,Satisfied,"Plan exists, is approved, distributed, and protected",,
IR-8,IR-08c.,"the incident response plan is updated to address system and organizational changes or problems encountered during plan implementation, execution, or testing;",Examine; Interview,"Incident response plan and materiality playbook; interviews with the General Counsel, CFO, and CISO",EV-IR-8,Other than satisfied,Not updated for two new disclosure committee members or for the AQ-01 acquisition,High,POAM-014
IR-8,IR-08d.[01],incident response plan changes are communicated to [organization-defined value];,Examine; Interview,"Incident response plan and materiality playbook; interviews with the General Counsel, CFO, and CISO",EV-IR-8,Satisfied,"Plan exists, is approved, distributed, and protected",,
IR-8,IR-08d.[02],incident response plan changes are communicated to [organization-defined value];,Examine; Interview,"Incident response plan and materiality playbook; interviews with the General Counsel, CFO, and CISO",EV-IR-8,Satisfied,"Plan exists, is approved, distributed, and protected",,
IR-8,IR-08e.[01],the incident response plan is protected from unauthorized disclosure;,Examine; Interview,"Incident response plan and materiality playbook; interviews with the General Counsel, CFO, and CISO",EV-IR-8,Satisfied,"Plan exists, is approved, distributed, and protected",,
IR-8,IR-08e.[02],the incident response plan is protected from unauthorized modification.,Examine; Interview,"Incident response plan and materiality playbook; interviews with the General Counsel, CFO, and CISO",EV-IR-8,Satisfied,"Plan exists, is approved, distributed, and protected",,
PE-3,PE-03a.01,physical access authorizations are enforced at [organization-defined value] by verifying individual access authorizations before granting access to the facil...,Examine; Test,Badge system reports; walkthroughs of RCC-1 to RCC-3. Population: 3 communications centers. Sample: 100% walkthrough; 25 badge events (random),EV-PE-3,Satisfied,"Badge plus PIN, staffed lobbies, and cameras in place",,
PE-3,PE-03a.02,physical access authorizations are enforced at [organization-defined value] by controlling ingress and egress to the facility using [organization-defined val...,Examine; Test,Badge system reports; walkthroughs of RCC-1 to RCC-3. Population: 3 communications centers. Sample: 100% walkthrough; 25 badge events (random),EV-PE-3,Satisfied,"Badge plus PIN, staffed lobbies, and cameras in place",,
PE-3,PE-03b.,physical access audit logs are maintained for [organization-defined value];,Examine; Test,Badge system reports; walkthroughs of RCC-1 to RCC-3. Population: 3 communications centers. Sample: 100% walkthrough; 25 badge events (random),EV-PE-3,Satisfied,"Badge plus PIN, staffed lobbies, and cameras in place",,
PE-3,PE-03c.,access to areas within the facility designated as publicly accessible are maintained by implementing [organization-defined value];,Examine; Test,Badge system reports; walkthroughs of RCC-1 to RCC-3. Population: 3 communications centers. Sample: 100% walkthrough; 25 badge events (random),EV-PE-3,Satisfied,"Badge plus PIN, staffed lobbies, and cameras in place",,
PE-3,PE-03d.[01],visitors are escorted;,Examine; Test,Badge system reports; walkthroughs of RCC-1 to RCC-3. Population: 3 communications centers. Sample: 100% walkthrough; 25 badge events (random),EV-PE-3,Satisfied,"Badge plus PIN, staffed lobbies, and cameras in place",,
PE-3,PE-03d.[02],visitor activity is controlled [organization-defined value];,Examine; Test,Badge system reports; walkthroughs of RCC-1 to RCC-3. Population: 3 communications centers. Sample: 100% walkthrough; 25 badge events (random),EV-PE-3,Satisfied,"Badge plus PIN, staffed lobbies, and cameras in place",,
PE-3,PE-03e.[01],keys are secured;,Examine; Test,Badge system reports; walkthroughs of RCC-1 to RCC-3. Population: 3 communications centers. Sample: 100% walkthrough; 25 badge events (random),EV-PE-3,Satisfied,"Badge plus PIN, staffed lobbies, and cameras in place",,
PE-3,PE-03e.[02],combinations are secured;,Examine; Test,Badge system reports; walkthroughs of RCC-1 to RCC-3. Population: 3 communications centers. Sample: 100% walkthrough; 25 badge events (random),EV-PE-3,Satisfied,"Badge plus PIN, staffed lobbies, and cameras in place",,
PE-3,PE-03e.[03],other physical access devices are secured;,Examine; Test,Badge system reports; walkthroughs of RCC-1 to RCC-3. Population: 3 communications centers. Sample: 100% walkthrough; 25 badge events (random),EV-PE-3,Satisfied,"Badge plus PIN, staffed lobbies, and cameras in place",,
PE-3,PE-03f.,[organization-defined value] are inventoried [organization-defined value];,Examine; Test,Badge system reports; walkthroughs of RCC-1 to RCC-3. Population: 3 communications centers. Sample: 100% walkthrough; 25 badge events (random),EV-PE-3,Satisfied,"Badge plus PIN, staffed lobbies, and cameras in place",,
PE-3,PE-03g.[01],"combinations are changed [organization-defined value] , when combinations are compromised, or when individuals possessing the combinations are transferred or...",Examine; Test,Badge system reports; walkthroughs of RCC-1 to RCC-3. Population: 3 communications centers. Sample: 100% walkthrough; 25 badge events (random),EV-PE-3,Satisfied,"Badge plus PIN, staffed lobbies, and cameras in place",,
PE-3,PE-03g.[02],"keys are changed [organization-defined value] , when keys are lost, or when individuals possessing the keys are transferred or terminated.",Examine; Test,Badge system reports; walkthroughs of RCC-1 to RCC-3. Population: 3 communications centers. Sample: 100% walkthrough; 25 badge events (random),EV-PE-3,Satisfied,"Badge plus PIN, staffed lobbies, and cameras in place",,
PS-4,PS-04a.,"upon termination of individual employment, system access is disabled within [organization-defined value];",Examine,"Termination records. Population: 1,410 terminations. Sample: 60 (same sample as AC-2)",EV-PS-4,Other than satisfied,2 AQ-01 terminations disabled 3 and 5 business days late,High,POAM-001
PS-4,PS-04b.,"upon termination of individual employment, any authenticators and credentials are terminated or revoked;",Examine,"Termination records. Population: 1,410 terminations. Sample: 60 (same sample as AC-2)",EV-PS-4,Satisfied,Enterprise terminations disabled same day,,
PS-4,PS-04c.,"upon termination of individual employment, exit interviews that include a discussion of [organization-defined value] are conducted;",Examine,"Termination records. Population: 1,410 terminations. Sample: 60 (same sample as AC-2)",EV-PS-4,Satisfied,Enterprise terminations disabled same day,,
PS-4,PS-04d.,"upon termination of individual employment, all security-related organizational system-related property is retrieved;",Examine,"Termination records. Population: 1,410 terminations. Sample: 60 (same sample as AC-2)",EV-PS-4,Satisfied,Enterprise terminations disabled same day,,
PS-4,PS-04e.,"upon termination of individual employment, access to organizational information and systems formerly controlled by the terminated individual are retained.",Examine,"Termination records. Population: 1,410 terminations. Sample: 60 (same sample as AC-2)",EV-PS-4,Satisfied,Enterprise terminations disabled same day,,
RA-3,RA-03a.01,a risk assessment is conducted to identify threats to and vulnerabilities in the system;,Examine,2026 enterprise risk assessment (P01),EV-RA-3,Satisfied,Assessment covers the EDPCP and is documented and shared,,
RA-3,RA-03a.02,"a risk assessment is conducted to determine the likelihood and magnitude of harm from unauthorized access, use, disclosure, disruption, modification, or dest...",Examine,2026 enterprise risk assessment (P01),EV-RA-3,Satisfied,Assessment covers the EDPCP and is documented and shared,,
RA-3,RA-03a.03,a risk assessment is conducted to determine the likelihood and impact of adverse effects on individuals arising from the processing of personally identifiabl...,Examine,2026 enterprise risk assessment (P01),EV-RA-3,Satisfied,Assessment covers the EDPCP and is documented and shared,,
RA-3,RA-03b.,risk assessment results and risk management decisions from the organization and mission or business process perspectives are integrated with system-level ris...,Examine,2026 enterprise risk assessment (P01),EV-RA-3,Satisfied,Assessment covers the EDPCP and is documented and shared,,
RA-3,RA-03c.,risk assessment results are documented in [organization-defined value];,Examine,2026 enterprise risk assessment (P01),EV-RA-3,Satisfied,Assessment covers the EDPCP and is documented and shared,,
RA-3,RA-03d.,risk assessment results are reviewed [organization-defined value];,Examine,2026 enterprise risk assessment (P01),EV-RA-3,Satisfied,Assessment covers the EDPCP and is documented and shared,,
RA-3,RA-03e.,risk assessment results are disseminated to [organization-defined value];,Examine,2026 enterprise risk assessment (P01),EV-RA-3,Satisfied,Assessment covers the EDPCP and is documented and shared,,
RA-3,RA-03f.,"the risk assessment is updated [organization-defined value] or when there are significant changes to the system, its environment of operation, or other condi...",Examine,2026 enterprise risk assessment (P01),EV-RA-3,Satisfied,Assessment covers the EDPCP and is documented and shared,,
RA-5,RA-05a.[01],systems and hosted applications are monitored for vulnerabilities [organization-defined value] and when new vulnerabilities potentially affecting the system...,Examine; Test,"Scan reports. Population: 2,140 vulnerability findings on EDPCP components. Sample: 60 findings (random)",EV-RA-5,Satisfied,Weekly scans and analysis in place,,
RA-5,RA-05a.[02],systems and hosted applications are scanned for vulnerabilities [organization-defined value] and when new vulnerabilities potentially affecting the system ar...,Examine; Test,"Scan reports. Population: 2,140 vulnerability findings on EDPCP components. Sample: 60 findings (random)",EV-RA-5,Satisfied,Weekly scans and analysis in place,,
RA-5,RA-05b.01,vulnerability monitoring tools and techniques are employed to automate parts of the vulnerability management process by using standards for enumerating platf...,Examine; Test,"Scan reports. Population: 2,140 vulnerability findings on EDPCP components. Sample: 60 findings (random)",EV-RA-5,Satisfied,Weekly scans and analysis in place,,
RA-5,RA-05b.02,vulnerability monitoring tools and techniques are employed to facilitate interoperability among tools and to automate parts of the vulnerability management p...,Examine; Test,"Scan reports. Population: 2,140 vulnerability findings on EDPCP components. Sample: 60 findings (random)",EV-RA-5,Satisfied,Weekly scans and analysis in place,,
RA-5,RA-05b.03,vulnerability monitoring tools and techniques are employed to facilitate interoperability among tools and to automate parts of the vulnerability management p...,Examine; Test,"Scan reports. Population: 2,140 vulnerability findings on EDPCP components. Sample: 60 findings (random)",EV-RA-5,Satisfied,Weekly scans and analysis in place,,
RA-5,RA-05c.,vulnerability scan reports and results from vulnerability monitoring are analyzed;,Examine; Test,"Scan reports. Population: 2,140 vulnerability findings on EDPCP components. Sample: 60 findings (random)",EV-RA-5,Satisfied,Weekly scans and analysis in place,,
RA-5,RA-05d.,legitimate vulnerabilities are remediated [organization-defined value] in accordance with an organizational assessment of risk;,Examine; Test,"Scan reports. Population: 2,140 vulnerability findings on EDPCP components. Sample: 60 findings (random)",EV-RA-5,Other than satisfied,9 of 60 sampled critical and high findings on dispatch consoles were past the 30-day SLA,High,POAM-009
RA-5,RA-05e.,information obtained from the vulnerability monitoring process and control assessments is shared with [organization-defined value] to help eliminate similar...,Examine; Test,"Scan reports. Population: 2,140 vulnerability findings on EDPCP components. Sample: 60 findings (random)",EV-RA-5,Satisfied,Weekly scans and analysis in place,,
RA-5,RA-05f.,vulnerability monitoring tools that include the capability to readily update the vulnerabilities to be scanned are employed.,Examine; Test,"Scan reports. Population: 2,140 vulnerability findings on EDPCP components. Sample: 60 findings (random)",EV-RA-5,Satisfied,Weekly scans and analysis in place,,
SA-9,SA-09a.[01],providers of external system services comply with organizational security requirements;,Examine,Vendor register; SOC report reviews. Population: 12 external services supporting the EDPCP. Sample: 100%,EV-SA-9,Satisfied,Services contracted with security terms,,
SA-9,SA-09a.[02],providers of external system services comply with organizational privacy requirements;,Examine,Vendor register; SOC report reviews. Population: 12 external services supporting the EDPCP. Sample: 100%,EV-SA-9,Satisfied,Services contracted with security terms,,
SA-9,SA-09a.[03],providers of external system services employ [organization-defined value];,Examine,Vendor register; SOC report reviews. Population: 12 external services supporting the EDPCP. Sample: 100%,EV-SA-9,Satisfied,Services contracted with security terms,,
SA-9,SA-09b.[01],organizational oversight with regard to external system services are defined and documented;,Examine,Vendor register; SOC report reviews. Population: 12 external services supporting the EDPCP. Sample: 100%,EV-SA-9,Satisfied,Services contracted with security terms,,
SA-9,SA-09b.[02],user roles and responsibilities with regard to external system services are defined and documented;,Examine,Vendor register; SOC report reviews. Population: 12 external services supporting the EDPCP. Sample: 100%,EV-SA-9,Satisfied,Services contracted with security terms,,
SA-9,SA-09c.,[organization-defined value] are employed to monitor control compliance by external service providers on an ongoing basis.,Examine,Vendor register; SOC report reviews. Population: 12 external services supporting the EDPCP. Sample: 100%,EV-SA-9,Other than satisfied,No SOC report or equivalent for the cardiac monitor relay vendor; the router management service's SOC report excludes its firmware pipeline,Moderate,POAM-015
SA-22,SA-22a.,"system components are replaced when support for the components is no longer available from the developer, vendor, or manufacturer;",Examine,Unsupported component list. Sample: 100%,EV-SA-22,Other than satisfied,About 160 vehicle routers past end of support are not yet replaced,High,POAM-009
SA-22,SA-22b.,[organization-defined value] provide options for alternative sources for continued support for unsupported components.,Examine,Unsupported component list. Sample: 100%,EV-SA-22,Satisfied,Alternative support documented for the AQ-01 legacy CAD server,,
SC-7,SC-07a.[01],communications at external managed interfaces to the system are monitored;,Examine; Test,Network architecture; reachability test from the AQ-01 site network to the integration hub,EV-SC-7,Satisfied,Enterprise boundaries monitored and controlled,,
SC-7,SC-07a.[02],communications at external managed interfaces to the system are controlled;,Examine; Test,Network architecture; reachability test from the AQ-01 site network to the integration hub,EV-SC-7,Satisfied,Enterprise boundaries monitored and controlled,,
SC-7,SC-07a.[03],communications at key internal managed interfaces within the system are monitored;,Examine; Test,Network architecture; reachability test from the AQ-01 site network to the integration hub,EV-SC-7,Satisfied,Enterprise boundaries monitored and controlled,,
SC-7,SC-07a.[04],communications at key internal managed interfaces within the system are controlled;,Examine; Test,Network architecture; reachability test from the AQ-01 site network to the integration hub,EV-SC-7,Other than satisfied,The AQ-01 site VPN reached the integration hub subnet beyond the named hosts it needs,High,POAM-016
SC-7,SC-07b.,subnetworks for publicly accessible system components are [organization-defined value] separated from internal organizational networks;,Examine; Test,Network architecture; reachability test from the AQ-01 site network to the integration hub,EV-SC-7,Satisfied,Enterprise boundaries monitored and controlled,,
SC-7,SC-07c.,external networks or systems are only connected to through managed interfaces consisting of boundary protection devices arranged in accordance with an organi...,Examine; Test,Network architecture; reachability test from the AQ-01 site network to the integration hub,EV-SC-7,Satisfied,Enterprise boundaries monitored and controlled,,
SC-8,SC-08,the [organization-defined value] of transmitted information is/are protected.,Test,"TLS scan of 30 PSAP interfaces, the mobile gateway, and ePCR interfaces. Sample: 100%",EV-SC-8,Other than satisfied,4 PSAP CAD-to-CAD links use a legacy protocol without encryption over private circuits,Low,POAM-017
SC-28,SC-28,the [organization-defined value] of [organization-defined value] is/are protected.,Examine,"Database, recording archive, and backup encryption settings",EV-SC-28,Satisfied,Encryption at rest with customer-managed keys,,
SI-2,SI-02a.[01],system flaws are identified;,Examine; Test,Patch reports. Population: 228 patches. Sample: 25 patches (random),EV-SI-2,Satisfied,"Patches identified, tested, and tracked",,
SI-2,SI-02a.[02],system flaws are reported;,Examine; Test,Patch reports. Population: 228 patches. Sample: 25 patches (random),EV-SI-2,Satisfied,"Patches identified, tested, and tracked",,
SI-2,SI-02a.[03],system flaws are corrected;,Examine; Test,Patch reports. Population: 228 patches. Sample: 25 patches (random),EV-SI-2,Satisfied,"Patches identified, tested, and tracked",,
SI-2,SI-02b.[01],software updates related to flaw remediation are tested for effectiveness before installation;,Examine; Test,Patch reports. Population: 228 patches. Sample: 25 patches (random),EV-SI-2,Satisfied,"Patches identified, tested, and tracked",,
SI-2,SI-02b.[02],software updates related to flaw remediation are tested for potential side effects before installation;,Examine; Test,Patch reports. Population: 228 patches. Sample: 25 patches (random),EV-SI-2,Satisfied,"Patches identified, tested, and tracked",,
SI-2,SI-02b.[03],firmware updates related to flaw remediation are tested for effectiveness before installation;,Examine; Test,Patch reports. Population: 228 patches. Sample: 25 patches (random),EV-SI-2,Satisfied,"Patches identified, tested, and tracked",,
SI-2,SI-02b.[04],firmware updates related to flaw remediation are tested for potential side effects before installation;,Examine; Test,Patch reports. Population: 228 patches. Sample: 25 patches (random),EV-SI-2,Satisfied,"Patches identified, tested, and tracked",,
SI-2,SI-02c.[01],security-relevant software updates are installed within [organization-defined value] of the release of the updates;,Examine; Test,Patch reports. Population: 228 patches. Sample: 25 patches (random),EV-SI-2,Other than satisfied,3 of 25 sampled console patches were installed after the 30-day SLA,High,POAM-009
SI-2,SI-02c.[02],security-relevant firmware updates are installed within [organization-defined value] of the release of the updates;,Examine; Test,Patch reports. Population: 228 patches. Sample: 25 patches (random),EV-SI-2,Satisfied,"Patches identified, tested, and tracked",,
SI-2,SI-02d.,flaw remediation is incorporated into the organizational configuration management process.,Examine; Test,Patch reports. Population: 228 patches. Sample: 25 patches (random),EV-SI-2,Satisfied,"Patches identified, tested, and tracked",,
SI-4,SI-04a.01,the system is monitored to detect attacks and indicators of potential attacks in accordance with [organization-defined value];,Examine; Test,SOC monitoring coverage; test alert from a test device on the console segment,EV-SI-4,Satisfied,Enterprise monitoring detected the test device within 4 minutes,,
SI-4,SI-04a.02[01],the system is monitored to detect unauthorized local connections;,Examine; Test,SOC monitoring coverage; test alert from a test device on the console segment,EV-SI-4,Satisfied,Enterprise monitoring detected the test device within 4 minutes,,
SI-4,SI-04a.02[02],the system is monitored to detect unauthorized network connections;,Examine; Test,SOC monitoring coverage; test alert from a test device on the console segment,EV-SI-4,Satisfied,Enterprise monitoring detected the test device within 4 minutes,,
SI-4,SI-04a.02[03],the system is monitored to detect unauthorized remote connections;,Examine; Test,SOC monitoring coverage; test alert from a test device on the console segment,EV-SI-4,Satisfied,Enterprise monitoring detected the test device within 4 minutes,,
SI-4,SI-04b.,unauthorized use of the system is identified through [organization-defined value];,Examine; Test,SOC monitoring coverage; test alert from a test device on the console segment,EV-SI-4,Satisfied,Enterprise monitoring detected the test device within 4 minutes,,
SI-4,SI-04c.01,internal monitoring capabilities are invoked or monitoring devices are deployed strategically within the system to collect organization-determined essential...,Examine; Test,SOC monitoring coverage; test alert from a test device on the console segment,EV-SI-4,Other than satisfied,"No monitoring of the AQ-01 legacy CAD, directory, or network",High,POAM-005
SI-4,SI-04c.02,internal monitoring capabilities are invoked or monitoring devices are deployed at ad hoc locations within the system to track specific types of transactions...,Examine; Test,SOC monitoring coverage; test alert from a test device on the console segment,EV-SI-4,Satisfied,Enterprise monitoring detected the test device within 4 minutes,,
SI-4,SI-04d.[01],detected events are analyzed;,Examine; Test,SOC monitoring coverage; test alert from a test device on the console segment,EV-SI-4,Satisfied,Enterprise monitoring detected the test device within 4 minutes,,
SI-4,SI-04d.[02],detected anomalies are analyzed;,Examine; Test,SOC monitoring coverage; test alert from a test device on the console segment,EV-SI-4,Satisfied,Enterprise monitoring detected the test device within 4 minutes,,
SI-4,SI-04e.,"the level of system monitoring activity is adjusted when there is a change in risk to organizational operations and assets, individuals, other organizations,...",Examine; Test,SOC monitoring coverage; test alert from a test device on the console segment,EV-SI-4,Satisfied,Enterprise monitoring detected the test device within 4 minutes,,
SI-4,SI-04f.,a legal opinion regarding system monitoring activities is obtained;,Examine; Test,SOC monitoring coverage; test alert from a test device on the console segment,EV-SI-4,Satisfied,Enterprise monitoring detected the test device within 4 minutes,,
SI-4,SI-04g.,[organization-defined value] is provided to [organization-defined value] [organization-defined value].,Examine; Test,SOC monitoring coverage; test alert from a test device on the console segment,EV-SI-4,Satisfied,Enterprise monitoring detected the test device within 4 minutes,,
SI-10,SI-10,the validity of the [organization-defined value] is checked.,Test,20 malformed and out-of-scope PSAP messages (including messages with law enforcement fields) in the CAD training environment. Sample: 100%,EV-SI-10,Satisfied,Malformed messages rejected to the review queue; law enforcement fields dropped,,
