req_id,regulation,regulatory_driver,citation,requirement_summary,requirement_type,applies_at_this_tier,profile_scope,csf2_subcategories,sp800_53_controls,nist_official_sp800_53r5,crosswalk_source,current_state,evidence,current_rating,target_priority,status,gap_description,gap_risk_level,remediation_action,owner,target_date,pending_rule_change
G-001,NIST CSF 2.0 group profile,CSF 2.0 group profile GV.OC-01 (voluntary benchmark),CSWP 29 GV.OC-01 (Govern),The organizational mission is understood and informs cybersecurity risk management,Outcome (subcategory),Yes - voluntary benchmark selected for the group profile,Group (holding company and SCSP),GV.OC-01,PM-11,PM-11,NIST official CSF 2.0 to SP 800-53 Rev. 5.2.0 informative references (00_universal-framework/crosswalks/csf2_to_sp800-53r5.csv); key controls selected by the author,"The group strategy (diversified holding company of regulated businesses) is in the 2026 strategic plan, and the group security program plan ties its priorities to it",Strategic plan; program plan,4,Medium,Met,None,Very Low,Maintain; reassess in the 2027 profile,Group CISO,,None
G-002,NIST CSF 2.0 group profile,CSF 2.0 group profile GV.OC-02 (voluntary benchmark),CSWP 29 GV.OC-02 (Govern),"Internal and external stakeholders are understood, and their needs and expectations regarding cybersecurity risk management are understood and considered",Outcome (subcategory),Yes - voluntary benchmark selected for the group profile,Group (holding company and SCSP),GV.OC-02,PM-9; PM-18; PM-30,PM-9; PM-18; PM-30; SR-3; SR-5; SR-6; SR-8,NIST official CSF 2.0 to SP 800-53 Rev. 5.2.0 informative references (00_universal-framework/crosswalks/csf2_to_sp800-53r5.csv); key controls selected by the author,"Stakeholders are known: SEC and investors, the Florida Office of Insurance Regulation and commissioners in 5 other states, HHS for Health Care Services and the plan, independent agencies, employer clients, banks, and the cyber insurer. Their cyber expectations are recorded for the holding company but not in one register for the divisions",Stakeholder list in the program plan,3,Medium,Partially met,No single register of division stakeholders' cyber expectations (for example producers of record and employer clients),Low,Group stakeholder register maintained with division leads,Group Chief Risk Officer,2027-03-31,None
G-003,NIST CSF 2.0 group profile,CSF 2.0 group profile GV.OC-03 (voluntary benchmark),CSWP 29 GV.OC-03 (Govern),"Legal, regulatory, and contractual requirements regarding cybersecurity - including privacy and civil liberties obligations - are understood and managed",Outcome (subcategory),Yes - voluntary benchmark selected for the group profile,Group (holding company and SCSP),GV.OC-03,AC-1; AT-1; AU-1,AC-1; AT-1; AU-1; CA-1; CM-1; CP-1; IA-1; IR-1; MA-1; MP-1; PE-1; PL-1; PM-1; PS-1; PT-1; RA-1; SA-1; SC-1; SI-1; SR-1; PM-28,NIST official CSF 2.0 to SP 800-53 Rev. 5.2.0 informative references (00_universal-framework/crosswalks/csf2_to_sp800-53r5.csv); key controls selected by the author,Legal and regulatory requirements are tracked by each division's compliance team; this P03 analysis is the first group-wide view (regulation-by-division matrix),P03 report; division compliance inventories,3,High,Partially met,Insurance data security laws in model-law states and the plan sponsor's HIPAA duties were not in the group requirements inventory before 2026,Moderate,Keep the regulation-by-division matrix in the GRC tool with owners; review twice a year,Group General Counsel,2026-12-31,None
G-004,NIST CSF 2.0 group profile,CSF 2.0 group profile GV.OC-04 (voluntary benchmark),CSWP 29 GV.OC-04 (Govern),"Critical objectives, capabilities, and services that external stakeholders depend on or expect from the organization are understood and communicated",Outcome (subcategory),Yes - voluntary benchmark selected for the group profile,Group (holding company and SCSP),GV.OC-04,PM-8; PM-11; CP-2(8),PM-8; PM-11; CP-2(8); PM-30(1); RA-9,NIST official CSF 2.0 to SP 800-53 Rev. 5.2.0 informative references (00_universal-framework/crosswalks/csf2_to_sp800-53r5.csv); key controls selected by the author,"Services others depend on are defined in the P05 BIA (claims payments, clinic care, employer reports, payroll) with MTDs",P05 BIA,4,Medium,Met,None,Very Low,Maintain; reassess in the 2027 profile,Group CISO,,None
G-005,NIST CSF 2.0 group profile,CSF 2.0 group profile GV.OC-05 (voluntary benchmark),CSWP 29 GV.OC-05 (Govern),"Outcomes, capabilities, and services that the organization depends on are understood and communicated",Outcome (subcategory),Yes - voluntary benchmark selected for the group profile,Group (holding company and SCSP),GV.OC-05,PM-11; PM-30; RA-7,PM-11; PM-30; RA-7; SA-9; SR-5,NIST official CSF 2.0 to SP 800-53 Rev. 5.2.0 informative references (00_universal-framework/crosswalks/csf2_to_sp800-53r5.csv); key controls selected by the author,"Divisions depend on the holding company's shared services, and this is understood operationally. The dependency is not written into the intercompany agreements",P05 BIA; 2017 and 2019 intercompany agreements,3,High,Partially met,Intercompany agreements do not state service levels or security obligations (scenario gap 2),Moderate,Service and security schedules in both intercompany agreements,Group General Counsel,2027-03-31,None
G-006,NIST CSF 2.0 group profile,CSF 2.0 group profile GV.RM-01 (voluntary benchmark),CSWP 29 GV.RM-01 (Govern),Risk management objectives are established and agreed to by organizational stakeholders,Outcome (subcategory),Yes - voluntary benchmark selected for the group profile,Group (holding company and SCSP),GV.RM-01,PM-9; RA-7; SR-2,PM-9; RA-7; SR-2,NIST official CSF 2.0 to SP 800-53 Rev. 5.2.0 informative references (00_universal-framework/crosswalks/csf2_to_sp800-53r5.csv); key controls selected by the author,Risk management objectives are approved by the board risk committee and apply to all divisions,Risk policy; committee minutes,4,Medium,Met,None,Very Low,Maintain; reassess in the 2027 profile,Group CISO,,None
G-007,NIST CSF 2.0 group profile,CSF 2.0 group profile GV.RM-02 (voluntary benchmark),CSWP 29 GV.RM-02 (Govern),"Risk appetite and risk tolerance statements are established, communicated, and maintained",Outcome (subcategory),Yes - voluntary benchmark selected for the group profile,Group (holding company and SCSP),GV.RM-02,PM-9,PM-9,NIST official CSF 2.0 to SP 800-53 Rev. 5.2.0 informative references (00_universal-framework/crosswalks/csf2_to_sp800-53r5.csv); key controls selected by the author,A group risk appetite statement includes cyber (no High cyber risk untreated for more than two quarters). Division tolerances for payment fraud and PHI exposure are not quantified,Risk appetite statement 2025,3,High,Partially met,No quantified tolerances for payment-fraud losses or PHI exposure by division,Moderate,"Add division tolerances (payment fraud loss, PHI exposure) to the 2027 appetite statement",Group Chief Risk Officer,2027-03-31,None
G-008,NIST CSF 2.0 group profile,CSF 2.0 group profile GV.RM-03 (voluntary benchmark),CSWP 29 GV.RM-03 (Govern),Cybersecurity risk management activities and outcomes are included in enterprise risk management processes,Outcome (subcategory),Yes - voluntary benchmark selected for the group profile,Group (holding company and SCSP),GV.RM-03,PM-3; PM-9; PM-30,PM-3; PM-9; PM-30; RA-7; SA-24; SR-2,NIST official CSF 2.0 to SP 800-53 Rev. 5.2.0 informative references (00_universal-framework/crosswalks/csf2_to_sp800-53r5.csv); key controls selected by the author,Cyber risks are in the group enterprise risk register and the quarterly risk report (P01 roll-up per NIST IR 8286),P01; quarterly risk report,4,High,Met,None,Very Low,Maintain; reassess in the 2027 profile,Group CISO,,None
G-009,NIST CSF 2.0 group profile,CSF 2.0 group profile GV.RM-04 (voluntary benchmark),CSWP 29 GV.RM-04 (Govern),Strategic direction that describes appropriate risk response options is established and communicated,Outcome (subcategory),Yes - voluntary benchmark selected for the group profile,Group (holding company and SCSP),GV.RM-04,PM-9; PM-28; PM-30,PM-9; PM-28; PM-30; SR-2,NIST official CSF 2.0 to SP 800-53 Rev. 5.2.0 informative references (00_universal-framework/crosswalks/csf2_to_sp800-53r5.csv); key controls selected by the author,Risk response options and acceptance authority are set in POL-01 4.4,POL-01,4,Medium,Met,None,Very Low,Maintain; reassess in the 2027 profile,Group CISO,,None
G-010,NIST CSF 2.0 group profile,CSF 2.0 group profile GV.RM-05 (voluntary benchmark),CSWP 29 GV.RM-05 (Govern),"Lines of communication across the organization are established for cybersecurity risks, including risks from suppliers and other third parties",Outcome (subcategory),Yes - voluntary benchmark selected for the group profile,Group (holding company and SCSP),GV.RM-05,PM-9; PM-30,PM-9; PM-30,NIST official CSF 2.0 to SP 800-53 Rev. 5.2.0 informative references (00_universal-framework/crosswalks/csf2_to_sp800-53r5.csv); key controls selected by the author,"Monthly risk forum with division security leads. Insurance and Health Care Services lines of communication to the group exist, but the holding company's services to the divisions have no service review where security issues are raised",Forum minutes,3,High,Partially met,No service-level review between the holding company and the divisions on shared services risk,Low,Quarterly shared services review with each division president,Group CIO,2026-12-31,None
G-011,NIST CSF 2.0 group profile,CSF 2.0 group profile GV.RM-06 (voluntary benchmark),CSWP 29 GV.RM-06 (Govern),"A standardized method for calculating, documenting, categorizing, and prioritizing cybersecurity risks is established and communicated",Outcome (subcategory),Yes - voluntary benchmark selected for the group profile,Group (holding company and SCSP),GV.RM-06,PM-9; PM-18; PM-28,PM-9; PM-18; PM-28; PM-30; RA-3,NIST official CSF 2.0 to SP 800-53 Rev. 5.2.0 informative references (00_universal-framework/crosswalks/csf2_to_sp800-53r5.csv); key controls selected by the author,SP 800-30 tables used for all registers; ratings computed by script,P01 method,4,Medium,Met,None,Very Low,Maintain; reassess in the 2027 profile,Group CISO,,None
G-012,NIST CSF 2.0 group profile,CSF 2.0 group profile GV.RM-07 (voluntary benchmark),CSWP 29 GV.RM-07 (Govern),"Strategic opportunities (i.e., positive risks) are characterized and are included in organizational cybersecurity risk discussions",Outcome (subcategory),Yes - voluntary benchmark selected for the group profile,Group (holding company and SCSP),GV.RM-07,PM-9; PM-18; PM-28,PM-9; PM-18; PM-28; PM-30; RA-3,NIST official CSF 2.0 to SP 800-53 Rev. 5.2.0 informative references (00_universal-framework/crosswalks/csf2_to_sp800-53r5.csv); key controls selected by the author,"Positive risks (for example, the AI assistant's productivity value) are discussed informally",Interviews,2,Low,Partially met,Opportunities not characterized in risk decisions,Low,Include opportunity statements in Group AI council decisions,Group Chief Risk Officer,2027-06-30,None
G-013,NIST CSF 2.0 group profile,CSF 2.0 group profile GV.RR-01 (voluntary benchmark),CSWP 29 GV.RR-01 (Govern),"Organizational leadership is responsible and accountable for cybersecurity risk and fosters a culture that is risk-aware, ethical, and continually improving",Outcome (subcategory),Yes - voluntary benchmark selected for the group profile,Group (holding company and SCSP),GV.RR-01,PM-2; PM-19; PM-23,PM-2; PM-19; PM-23; PM-24; PM-29,NIST official CSF 2.0 to SP 800-53 Rev. 5.2.0 informative references (00_universal-framework/crosswalks/csf2_to_sp800-53r5.csv); key controls selected by the author,The CEO and board risk committee own cyber risk; the Group CISO reports to the committee each quarter,Committee minutes; Item 106 disclosure,4,High,Met,None,Very Low,Maintain; reassess in the 2027 profile,Group CISO,,None
G-014,NIST CSF 2.0 group profile,CSF 2.0 group profile GV.RR-02 (voluntary benchmark),CSWP 29 GV.RR-02 (Govern),"Roles, responsibilities, and authorities related to cybersecurity risk management are established, communicated, understood, and enforced",Outcome (subcategory),Yes - voluntary benchmark selected for the group profile,Group (holding company and SCSP),GV.RR-02,PM-2; PM-13; PM-19,PM-2; PM-13; PM-19; PM-23; PM-24; PM-29,NIST official CSF 2.0 to SP 800-53 Rev. 5.2.0 informative references (00_universal-framework/crosswalks/csf2_to_sp800-53r5.csv); key controls selected by the author,"Group roles are defined in POL-01. Division roles exist (insurance information security officer, HIPAA officers). The group health plan's security official was designated only in 2026, and help desk agents' authority to reset MFA across divisions was never defined",POL-01; designation letters,3,High,Partially met,Authority of division help desks over group identities undefined (gap 1); plan security role new,Moderate,Define division administration boundaries in POL-02; document plan roles,Group CISO,2026-11-30,None
G-015,NIST CSF 2.0 group profile,CSF 2.0 group profile GV.RR-03 (voluntary benchmark),CSWP 29 GV.RR-03 (Govern),"Adequate resources are allocated commensurate with the cybersecurity risk strategy, roles, responsibilities, and policies",Outcome (subcategory),Yes - voluntary benchmark selected for the group profile,Group (holding company and SCSP),GV.RR-03,PM-3,PM-3,NIST official CSF 2.0 to SP 800-53 Rev. 5.2.0 informative references (00_universal-framework/crosswalks/csf2_to_sp800-53r5.csv); key controls selected by the author,Security budget approved by the board with a 2027 increase for identity and legacy clinic work,Budget,4,Medium,Met,None,Very Low,Maintain; reassess in the 2027 profile,Group CISO,,None
G-016,NIST CSF 2.0 group profile,CSF 2.0 group profile GV.RR-04 (voluntary benchmark),CSWP 29 GV.RR-04 (Govern),Cybersecurity is included in human resources practices,Outcome (subcategory),Yes - voluntary benchmark selected for the group profile,Group (holding company and SCSP),GV.RR-04,PM-13; PS-1; PS-7,PM-13; PS-1; PS-7; PS-9,NIST official CSF 2.0 to SP 800-53 Rev. 5.2.0 informative references (00_universal-framework/crosswalks/csf2_to_sp800-53r5.csv); key controls selected by the author,"Screening, training, sanctions, and termination processes are group-wide through HCM",HR procedures,4,Medium,Met,None,Very Low,Maintain; reassess in the 2027 profile,Group CISO,,None
G-017,NIST CSF 2.0 group profile,CSF 2.0 group profile GV.PO-01 (voluntary benchmark),CSWP 29 GV.PO-01 (Govern),"Policy for managing cybersecurity risks is established based on organizational context, cybersecurity strategy, and priorities and is communicated and enforced",Outcome (subcategory),Yes - voluntary benchmark selected for the group profile,Group (holding company and SCSP),GV.PO-01,AC-1; AT-1; AU-1,AC-1; AT-1; AU-1; CA-1; CM-1; CP-1; IA-1; IR-1; MA-1; MP-1; PE-1; PL-1; PM-1; PS-1; PT-1; RA-1; SA-1; SC-1; SI-1; SR-1,NIST official CSF 2.0 to SP 800-53 Rev. 5.2.0 informative references (00_universal-framework/crosswalks/csf2_to_sp800-53r5.csv); key controls selected by the author,"Group policies POL-01 to POL-05 approved 2026, effective 2026-10-01",P06,4,High,Met,None,Very Low,Maintain; reassess in the 2027 profile,Group CISO,,None
G-018,NIST CSF 2.0 group profile,CSF 2.0 group profile GV.PO-02 (voluntary benchmark),CSWP 29 GV.PO-02 (Govern),"Policy for managing cybersecurity risks is reviewed, updated, communicated, and enforced to reflect changes in requirements, threats, technology, and organizational mission",Outcome (subcategory),Yes - voluntary benchmark selected for the group profile,Group (holding company and SCSP),GV.PO-02,AC-1; AT-1; AU-1,AC-1; AT-1; AU-1; CA-1; CM-1; CP-1; IA-1; IR-1; MA-1; MP-1; PE-1; PL-1; PM-1; PS-1; PT-1; RA-1; SA-1; SC-1; SI-1; SR-1,NIST official CSF 2.0 to SP 800-53 Rev. 5.2.0 informative references (00_universal-framework/crosswalks/csf2_to_sp800-53r5.csv); key controls selected by the author,Policies reviewed annually. The Health Care Services supplement was last aligned in 2023,Policy register,3,High,Partially met,Division supplement drift (Health Care Services),Moderate,Re-issue the supplement; annual attestation (POL-01 4.5),Group CISO,2026-11-30,None
G-019,NIST CSF 2.0 group profile,CSF 2.0 group profile GV.OV-01 (voluntary benchmark),CSWP 29 GV.OV-01 (Govern),Cybersecurity risk management strategy outcomes are reviewed to inform and adjust strategy and direction,Outcome (subcategory),Yes - voluntary benchmark selected for the group profile,Group (holding company and SCSP),GV.OV-01,AC-1; AT-1; AU-1,AC-1; AT-1; AU-1; CA-1; CM-1; CP-1; IA-1; IR-1; MA-1; MP-1; PE-1; PL-1; PM-1; PS-1; PT-1; RA-1; SA-1; SC-1; SI-1; SR-1; PM-9; PM-18; PM-30; PM-31; RA-7; SR-6,NIST official CSF 2.0 to SP 800-53 Rev. 5.2.0 informative references (00_universal-framework/crosswalks/csf2_to_sp800-53r5.csv); key controls selected by the author,Strategy outcomes reviewed by the board risk committee each quarter,Minutes,4,Medium,Met,None,Very Low,Maintain; reassess in the 2027 profile,Group CISO,,None
G-020,NIST CSF 2.0 group profile,CSF 2.0 group profile GV.OV-02 (voluntary benchmark),CSWP 29 GV.OV-02 (Govern),The cybersecurity risk management strategy is reviewed and adjusted to ensure coverage of organizational requirements and risks,Outcome (subcategory),Yes - voluntary benchmark selected for the group profile,Group (holding company and SCSP),GV.OV-02,PM-9; PM-19; PM-30,PM-9; PM-19; PM-30; PM-31; RA-7; SR-6,NIST official CSF 2.0 to SP 800-53 Rev. 5.2.0 informative references (00_universal-framework/crosswalks/csf2_to_sp800-53r5.csv); key controls selected by the author,Strategy reviewed annually; coverage of division regulatory requirements was incomplete until this analysis,P03,3,Medium,Partially met,Strategy coverage review did not include state insurance data security laws,Low,Annual requirement coverage check in the strategy review,Group CISO,2027-03-31,None
G-021,NIST CSF 2.0 group profile,CSF 2.0 group profile GV.OV-03 (voluntary benchmark),CSWP 29 GV.OV-03 (Govern),Organizational cybersecurity risk management performance is evaluated and reviewed for adjustments needed,Outcome (subcategory),Yes - voluntary benchmark selected for the group profile,Group (holding company and SCSP),GV.OV-03,PM-4; PM-6; RA-7,PM-4; PM-6; RA-7; SR-6,NIST official CSF 2.0 to SP 800-53 Rev. 5.2.0 informative references (00_universal-framework/crosswalks/csf2_to_sp800-53r5.csv); key controls selected by the author,Metrics exist for the SOC and identity; no division-level performance metrics,Metrics pack,3,Medium,Partially met,No division security metrics,Low,Five metrics per division in the quarterly report,Group CISO,2027-03-31,None
G-022,NIST CSF 2.0 group profile,CSF 2.0 group profile GV.SC-01 (voluntary benchmark),CSWP 29 GV.SC-01 (Govern),"A cybersecurity supply chain risk management program, strategy, objectives, policies, and processes are established and agreed to by organizational stakeholders",Outcome (subcategory),Yes - voluntary benchmark selected for the group profile,Group (holding company and SCSP),GV.SC-01,PM-30; SR-2; SR-3,PM-30; SR-2; SR-3,NIST official CSF 2.0 to SP 800-53 Rev. 5.2.0 informative references (00_universal-framework/crosswalks/csf2_to_sp800-53r5.csv); key controls selected by the author,A vendor risk program covers outside suppliers for all divisions,Vendor risk standard,3,High,Partially met,Program excludes intercompany services (the holding company as a provider to its subsidiaries),Moderate,Treat intercompany services as tier 1 services in the vendor program,Group Chief Risk Officer,2027-03-31,None
G-023,NIST CSF 2.0 group profile,CSF 2.0 group profile GV.SC-02 (voluntary benchmark),CSWP 29 GV.SC-02 (Govern),"Cybersecurity roles and responsibilities for suppliers, customers, and partners are established, communicated, and coordinated internally and externally",Outcome (subcategory),Yes - voluntary benchmark selected for the group profile,Group (holding company and SCSP),GV.SC-02,SR-2; SR-3; SR-5,SR-2; SR-3; SR-5,NIST official CSF 2.0 to SP 800-53 Rev. 5.2.0 informative references (00_universal-framework/crosswalks/csf2_to_sp800-53r5.csv); key controls selected by the author,Supplier roles defined in contracts; intercompany roles not defined,Contracts,3,Medium,Partially met,Intercompany security roles undefined (gap 2),Moderate,Security schedule in intercompany agreements,Group General Counsel,2027-03-31,None
G-024,NIST CSF 2.0 group profile,CSF 2.0 group profile GV.SC-03 (voluntary benchmark),CSWP 29 GV.SC-03 (Govern),"Cybersecurity supply chain risk management is integrated into cybersecurity and enterprise risk management, risk assessment, and improvement processes",Outcome (subcategory),Yes - voluntary benchmark selected for the group profile,Group (holding company and SCSP),GV.SC-03,AC-1; AT-1; AU-1,AC-1; AT-1; AU-1; CA-1; CM-1; CP-1; IA-1; IR-1; MA-1; MP-1; PE-1; PL-1; PM-1; PS-1; PT-1; RA-1; SA-1; SC-1; SI-1; SR-1; PM-9; PM-18; PM-30; PM-31; SR-2; SR-3; RA-3; RA-7,NIST official CSF 2.0 to SP 800-53 Rev. 5.2.0 informative references (00_universal-framework/crosswalks/csf2_to_sp800-53r5.csv); key controls selected by the author,"Supply chain risks are in the group register (GR-13, GR-20)",P01,4,Medium,Met,None,Very Low,Maintain; reassess in the 2027 profile,Group CISO,,None
G-025,NIST CSF 2.0 group profile,CSF 2.0 group profile GV.SC-04 (voluntary benchmark),CSWP 29 GV.SC-04 (Govern),Suppliers are known and prioritized by criticality,Outcome (subcategory),Yes - voluntary benchmark selected for the group profile,Group (holding company and SCSP),GV.SC-04,RA-9; SA-9; SR-6,RA-9; SA-9; SR-6,NIST official CSF 2.0 to SP 800-53 Rev. 5.2.0 informative references (00_universal-framework/crosswalks/csf2_to_sp800-53r5.csv); key controls selected by the author,Suppliers are tiered by criticality across divisions,Vendor inventory,4,Medium,Met,None,Very Low,Maintain; reassess in the 2027 profile,Group CISO,,None
G-026,NIST CSF 2.0 group profile,CSF 2.0 group profile GV.SC-05 (voluntary benchmark),CSWP 29 GV.SC-05 (Govern),"Requirements to address cybersecurity risks in supply chains are established, prioritized, and integrated into contracts and other types of agreements with suppliers and other relevant third parties",Outcome (subcategory),Yes - voluntary benchmark selected for the group profile,Group (holding company and SCSP),GV.SC-05,SA-4; SA-9; SR-3,SA-4; SA-9; SR-3; SR-5; SR-6; SR-10,NIST official CSF 2.0 to SP 800-53 Rev. 5.2.0 informative references (00_universal-framework/crosswalks/csf2_to_sp800-53r5.csv); key controls selected by the author,Security terms in vendor templates; the 2017 intercompany agreement with the insurers has none,Templates; agreement,3,High,Partially met,No security requirements in the insurers' intercompany agreement (Model #668 sec. 4F(2)),Moderate,Add the security schedule,Group General Counsel,2027-03-31,None
G-027,NIST CSF 2.0 group profile,CSF 2.0 group profile GV.SC-06 (voluntary benchmark),CSWP 29 GV.SC-06 (Govern),Planning and due diligence are performed to reduce risks before entering into formal supplier or other third-party relationships,Outcome (subcategory),Yes - voluntary benchmark selected for the group profile,Group (holding company and SCSP),GV.SC-06,SA-4; SA-9; SR-5,SA-4; SA-9; SR-5; SR-6,NIST official CSF 2.0 to SP 800-53 Rev. 5.2.0 informative references (00_universal-framework/crosswalks/csf2_to_sp800-53r5.csv); key controls selected by the author,Due diligence performed for outside vendors; the insurers never performed it on the holding company,Vendor files,3,High,Partially met,No due diligence on the holding company as the insurers' Third-Party Service Provider (sec. 4F(1)),Moderate,SCSP affiliate assurance report (P09) supplied to the insurers,Group Chief Risk Officer,2027-03-31,None
G-028,NIST CSF 2.0 group profile,CSF 2.0 group profile GV.SC-07 (voluntary benchmark),CSWP 29 GV.SC-07 (Govern),"The risks posed by a supplier, their products and services, and other third parties are understood, recorded, prioritized, assessed, responded to, and monitored over the course of the relationship",Outcome (subcategory),Yes - voluntary benchmark selected for the group profile,Group (holding company and SCSP),GV.SC-07,RA-9; SA-4; SA-9,RA-9; SA-4; SA-9; SR-3; SR-6,NIST official CSF 2.0 to SP 800-53 Rev. 5.2.0 informative references (00_universal-framework/crosswalks/csf2_to_sp800-53r5.csv); key controls selected by the author,Tier 1 vendors reviewed each year with SOC 2 reports; complementary user entity controls not mapped for the ERP vendor,Review records,3,Medium,Partially met,Complementary controls not mapped (P07 SA-9),Moderate,Map complementary controls for all SCSP vendors,Group CIO,2026-12-31,None
G-029,NIST CSF 2.0 group profile,CSF 2.0 group profile GV.SC-08 (voluntary benchmark),CSWP 29 GV.SC-08 (Govern),"Relevant suppliers and other third parties are included in incident planning, response, and recovery activities",Outcome (subcategory),Yes - voluntary benchmark selected for the group profile,Group (holding company and SCSP),GV.SC-08,SA-4; SA-9; SR-2,SA-4; SA-9; SR-2; SR-3; SR-8; CP-1; IR-1,NIST official CSF 2.0 to SP 800-53 Rev. 5.2.0 informative references (00_universal-framework/crosswalks/csf2_to_sp800-53r5.csv); key controls selected by the author,Key vendors are in the incident plan; the health plan administrator and the legacy EHR hosting provider are not,IR plan,3,Medium,Partially met,Two vendors missing from incident planning,Moderate,Add both to the P08 matrix and contact list,Group General Counsel,2026-12-15,None
G-030,NIST CSF 2.0 group profile,CSF 2.0 group profile GV.SC-09 (voluntary benchmark),CSWP 29 GV.SC-09 (Govern),"Supply chain security practices are integrated into cybersecurity and enterprise risk management programs, and their performance is monitored throughout the technology product and service life cycle",Outcome (subcategory),Yes - voluntary benchmark selected for the group profile,Group (holding company and SCSP),GV.SC-09,PM-9; PM-19; PM-28,PM-9; PM-19; PM-28; PM-30; PM-31; RA-3; RA-7; SA-4; SA-9; SR-2; SR-3; SR-5; SR-6,NIST official CSF 2.0 to SP 800-53 Rev. 5.2.0 informative references (00_universal-framework/crosswalks/csf2_to_sp800-53r5.csv); key controls selected by the author,Supply chain practices integrated into ERM through the vendor tiering,Vendor program,4,Low,Met,None,Very Low,Maintain; reassess in the 2027 profile,Group CISO,,None
G-031,NIST CSF 2.0 group profile,CSF 2.0 group profile GV.SC-10 (voluntary benchmark),CSWP 29 GV.SC-10 (Govern),Cybersecurity supply chain risk management plans include provisions for activities that occur after the conclusion of a partnership or service agreement,Outcome (subcategory),Yes - voluntary benchmark selected for the group profile,Group (holding company and SCSP),GV.SC-10,PM-31; RA-3; RA-5,PM-31; RA-3; RA-5; RA-7; SA-4; SA-9; SR-2; SR-3; SR-5; SR-6,NIST official CSF 2.0 to SP 800-53 Rev. 5.2.0 informative references (00_universal-framework/crosswalks/csf2_to_sp800-53r5.csv); key controls selected by the author,Exit clauses in most contracts; data return not verified for 2 retired vendors,Contracts,3,Low,Partially met,Exit verification inconsistent,Low,Data return certificates required at exit,Group Chief Risk Officer,2027-06-30,None
G-032,NIST CSF 2.0 group profile,CSF 2.0 group profile ID.AM-01 (voluntary benchmark),CSWP 29 ID.AM-01 (Identify),Inventories of hardware managed by the organization are maintained,Outcome (subcategory),Yes - voluntary benchmark selected for the group profile,Group (holding company and SCSP),ID.AM-01,CM-8; PM-5,CM-8; PM-5,NIST official CSF 2.0 to SP 800-53 Rev. 5.2.0 informative references (00_universal-framework/crosswalks/csf2_to_sp800-53r5.csv); key controls selected by the author,Hardware inventory from device management and the CMDB,CMDB,4,Medium,Met,None,Very Low,Maintain; reassess in the 2027 profile,Group CISO,,None
G-033,NIST CSF 2.0 group profile,CSF 2.0 group profile ID.AM-02 (voluntary benchmark),CSWP 29 ID.AM-02 (Identify),"Inventories of software, services, and systems managed by the organization are maintained",Outcome (subcategory),Yes - voluntary benchmark selected for the group profile,Group (holding company and SCSP),ID.AM-02,AC-20; CM-8; PM-5,AC-20; CM-8; PM-5; SA-5; SA-9,NIST official CSF 2.0 to SP 800-53 Rev. 5.2.0 informative references (00_universal-framework/crosswalks/csf2_to_sp800-53r5.csv); key controls selected by the author,Software and service inventory complete for group and Insurance; acquired clinics incomplete,CMDB,3,Medium,Partially met,Acquired clinics' software not inventoried,Moderate,Inventory at the 50 clinics,Group CIO,2026-12-31,None
G-034,NIST CSF 2.0 group profile,CSF 2.0 group profile ID.AM-03 (voluntary benchmark),CSWP 29 ID.AM-03 (Identify),Representations of the organization's authorized network communication and internal and external network data flows are maintained,Outcome (subcategory),Yes - voluntary benchmark selected for the group profile,Group (holding company and SCSP),ID.AM-03,AC-4; CA-3; CA-9,AC-4; CA-3; CA-9; PL-2; PL-8; PM-7,NIST official CSF 2.0 to SP 800-53 Rev. 5.2.0 informative references (00_universal-framework/crosswalks/csf2_to_sp800-53r5.csv); key controls selected by the author,"Network diagrams current for the landing zone; data flow maps exist for payments, not for the AI assistant",P04 diagrams,3,Medium,Partially met,No data flow map for AI assistant retrieval,Low,Add assistant data flows to the architecture,Group CIO,2027-03-31,None
G-035,NIST CSF 2.0 group profile,CSF 2.0 group profile ID.AM-04 (voluntary benchmark),CSWP 29 ID.AM-04 (Identify),Inventories of services provided by suppliers are maintained,Outcome (subcategory),Yes - voluntary benchmark selected for the group profile,Group (holding company and SCSP),ID.AM-04,AC-20; SA-9; SR-2,AC-20; SA-9; SR-2,NIST official CSF 2.0 to SP 800-53 Rev. 5.2.0 informative references (00_universal-framework/crosswalks/csf2_to_sp800-53r5.csv); key controls selected by the author,Supplier services inventory in the vendor program,Vendor inventory,4,Medium,Met,None,Very Low,Maintain; reassess in the 2027 profile,Group CISO,,None
G-036,NIST CSF 2.0 group profile,CSF 2.0 group profile ID.AM-05 (voluntary benchmark),CSWP 29 ID.AM-05 (Identify),"Assets are prioritized based on classification, criticality, resources, and impact on the mission",Outcome (subcategory),Yes - voluntary benchmark selected for the group profile,Group (holding company and SCSP),ID.AM-05,RA-3; RA-9; RA-2,RA-3; RA-9; RA-2,NIST official CSF 2.0 to SP 800-53 Rev. 5.2.0 informative references (00_universal-framework/crosswalks/csf2_to_sp800-53r5.csv); key controls selected by the author,Assets prioritized through the BIA and data classification,P05; POL-04,4,Medium,Met,None,Very Low,Maintain; reassess in the 2027 profile,Group CISO,,None
G-037,NIST CSF 2.0 group profile,CSF 2.0 group profile ID.AM-07 (voluntary benchmark),CSWP 29 ID.AM-07 (Identify),Inventories of data and corresponding metadata for designated data types are maintained,Outcome (subcategory),Yes - voluntary benchmark selected for the group profile,Group (holding company and SCSP),ID.AM-07,CM-12; CM-13; SI-12,CM-12; CM-13; SI-12,NIST official CSF 2.0 to SP 800-53 Rev. 5.2.0 informative references (00_universal-framework/crosswalks/csf2_to_sp800-53r5.csv); key controls selected by the author,"Data inventories exist for HCM and the EHR; no inventory of where PHI, consumer nonpublic information, and MNPI sit in collaboration sites",Interviews,2,High,Partially met,Unknown locations of sensitive data in SYS-G7 (gap 9),High,Sensitivity labels and discovery scan across SYS-G7,Group Chief Privacy Officer,2026-12-31,None
G-038,NIST CSF 2.0 group profile,CSF 2.0 group profile ID.AM-08 (voluntary benchmark),CSWP 29 ID.AM-08 (Identify),"Systems, hardware, software, services, and data are managed throughout their life cycles",Outcome (subcategory),Yes - voluntary benchmark selected for the group profile,Group (holding company and SCSP),ID.AM-08,CM-9; CM-13; MA-2,CM-9; CM-13; MA-2; MA-6; PL-2; PM-22; PM-23; SA-3; SA-4; SA-8; SA-22; SI-12; SI-18; SR-5; SR-12,NIST official CSF 2.0 to SP 800-53 Rev. 5.2.0 informative references (00_universal-framework/crosswalks/csf2_to_sp800-53r5.csv); key controls selected by the author,Life cycle management for group systems; unsupported components remain at SYS-I4 and clinic devices,Inventory,3,Medium,Partially met,"Unsupported components (INS-012, HCS-011)",Moderate,Replatform or isolate,Group CIO,2027-06-30,None
G-039,NIST CSF 2.0 group profile,CSF 2.0 group profile ID.RA-01 (voluntary benchmark),CSWP 29 ID.RA-01 (Identify),"Vulnerabilities in assets are identified, validated, and recorded",Outcome (subcategory),Yes - voluntary benchmark selected for the group profile,Group (holding company and SCSP),ID.RA-01,CA-2; CA-7; CA-8,CA-2; CA-7; CA-8; RA-3; RA-5; SA-11(2); SA-15(7); SA-15(8); SI-4; SI-5,NIST official CSF 2.0 to SP 800-53 Rev. 5.2.0 informative references (00_universal-framework/crosswalks/csf2_to_sp800-53r5.csv); key controls selected by the author,Weekly scanning; annual penetration test,Scan reports,4,Medium,Met,None,Very Low,Maintain; reassess in the 2027 profile,Group CISO,,None
G-040,NIST CSF 2.0 group profile,CSF 2.0 group profile ID.RA-02 (voluntary benchmark),CSWP 29 ID.RA-02 (Identify),Cyber threat intelligence is received from information sharing forums and sources,Outcome (subcategory),Yes - voluntary benchmark selected for the group profile,Group (holding company and SCSP),ID.RA-02,SI-5; PM-15; PM-16,SI-5; PM-15; PM-16,NIST official CSF 2.0 to SP 800-53 Rev. 5.2.0 informative references (00_universal-framework/crosswalks/csf2_to_sp800-53r5.csv); key controls selected by the author,Threat intelligence from sector sharing communities,Subscriptions,4,Low,Met,None,Very Low,Maintain; reassess in the 2027 profile,Group CISO,,None
G-041,NIST CSF 2.0 group profile,CSF 2.0 group profile ID.RA-03 (voluntary benchmark),CSWP 29 ID.RA-03 (Identify),Internal and external threats to the organization are identified and recorded,Outcome (subcategory),Yes - voluntary benchmark selected for the group profile,Group (holding company and SCSP),ID.RA-03,PM-12; PM-16; RA-3,PM-12; PM-16; RA-3; SI-5,NIST official CSF 2.0 to SP 800-53 Rev. 5.2.0 informative references (00_universal-framework/crosswalks/csf2_to_sp800-53r5.csv); key controls selected by the author,Threats recorded in the registers,P01,4,Medium,Met,None,Very Low,Maintain; reassess in the 2027 profile,Group CISO,,None
G-042,NIST CSF 2.0 group profile,CSF 2.0 group profile ID.RA-04 (voluntary benchmark),CSWP 29 ID.RA-04 (Identify),Potential impacts and likelihoods of threats exploiting vulnerabilities are identified and recorded,Outcome (subcategory),Yes - voluntary benchmark selected for the group profile,Group (holding company and SCSP),ID.RA-04,PM-9; PM-11; RA-2,PM-9; PM-11; RA-2; RA-3; RA-8; RA-9,NIST official CSF 2.0 to SP 800-53 Rev. 5.2.0 informative references (00_universal-framework/crosswalks/csf2_to_sp800-53r5.csv); key controls selected by the author,Impacts and likelihoods recorded with SP 800-30 tables,P01,4,Medium,Met,None,Very Low,Maintain; reassess in the 2027 profile,Group CISO,,None
G-043,NIST CSF 2.0 group profile,CSF 2.0 group profile ID.RA-05 (voluntary benchmark),CSWP 29 ID.RA-05 (Identify),"Threats, vulnerabilities, likelihoods, and impacts are used to understand inherent risk and inform risk response prioritization",Outcome (subcategory),Yes - voluntary benchmark selected for the group profile,Group (holding company and SCSP),ID.RA-05,PM-16; RA-2; RA-3,PM-16; RA-2; RA-3; RA-7,NIST official CSF 2.0 to SP 800-53 Rev. 5.2.0 informative references (00_universal-framework/crosswalks/csf2_to_sp800-53r5.csv); key controls selected by the author,Inherent and residual risk used for responses,P01,4,High,Met,None,Very Low,Maintain; reassess in the 2027 profile,Group CISO,,None
G-044,NIST CSF 2.0 group profile,CSF 2.0 group profile ID.RA-06 (voluntary benchmark),CSWP 29 ID.RA-06 (Identify),"Risk responses are chosen, prioritized, planned, tracked, and communicated",Outcome (subcategory),Yes - voluntary benchmark selected for the group profile,Group (holding company and SCSP),ID.RA-06,PM-9; PM-18; PM-30,PM-9; PM-18; PM-30; RA-7,NIST official CSF 2.0 to SP 800-53 Rev. 5.2.0 informative references (00_universal-framework/crosswalks/csf2_to_sp800-53r5.csv); key controls selected by the author,Responses tracked in the registers and POA&M,P01; P07,4,High,Met,None,Very Low,Maintain; reassess in the 2027 profile,Group CISO,,None
G-045,NIST CSF 2.0 group profile,CSF 2.0 group profile ID.RA-07 (voluntary benchmark),CSWP 29 ID.RA-07 (Identify),"Changes and exceptions are managed, assessed for risk impact, recorded, and tracked",Outcome (subcategory),Yes - voluntary benchmark selected for the group profile,Group (holding company and SCSP),ID.RA-07,CA-7; CM-3; CM-4,CA-7; CM-3; CM-4,NIST official CSF 2.0 to SP 800-53 Rev. 5.2.0 informative references (00_universal-framework/crosswalks/csf2_to_sp800-53r5.csv); key controls selected by the author,Change and exception process in POL-01; the AI assistant pilot started without a risk assessment,Exception register,3,Medium,Partially met,Pilot launched outside the change process (gap 9),Moderate,AI change gate in the Group AI Standard,Group Chief Risk Officer,2026-10-31,None
G-046,NIST CSF 2.0 group profile,CSF 2.0 group profile ID.RA-08 (voluntary benchmark),CSWP 29 ID.RA-08 (Identify),"Processes for receiving, analyzing, and responding to vulnerability disclosures are established",Outcome (subcategory),Yes - voluntary benchmark selected for the group profile,Group (holding company and SCSP),ID.RA-08,RA-5,RA-5,NIST official CSF 2.0 to SP 800-53 Rev. 5.2.0 informative references (00_universal-framework/crosswalks/csf2_to_sp800-53r5.csv); key controls selected by the author,Vulnerability disclosure intake on public sites,Disclosure page,4,Low,Met,None,Very Low,Maintain; reassess in the 2027 profile,Group CISO,,None
G-047,NIST CSF 2.0 group profile,CSF 2.0 group profile ID.RA-09 (voluntary benchmark),CSWP 29 ID.RA-09 (Identify),The authenticity and integrity of hardware and software are assessed prior to acquisition and use,Outcome (subcategory),Yes - voluntary benchmark selected for the group profile,Group (holding company and SCSP),ID.RA-09,SA-4; SA-5; SA-10,SA-4; SA-5; SA-10; SA-11; SA-15; SA-17; SI-7; SR-5; SR-6; SR-10; SR-11,NIST official CSF 2.0 to SP 800-53 Rev. 5.2.0 informative references (00_universal-framework/crosswalks/csf2_to_sp800-53r5.csv); key controls selected by the author,Software integrity checks in the deployment pipeline,Pipeline,4,Low,Met,None,Very Low,Maintain; reassess in the 2027 profile,Group CISO,,None
G-048,NIST CSF 2.0 group profile,CSF 2.0 group profile ID.RA-10 (voluntary benchmark),CSWP 29 ID.RA-10 (Identify),Critical suppliers are assessed prior to acquisition,Outcome (subcategory),Yes - voluntary benchmark selected for the group profile,Group (holding company and SCSP),ID.RA-10,SR-6,SR-6,NIST official CSF 2.0 to SP 800-53 Rev. 5.2.0 informative references (00_universal-framework/crosswalks/csf2_to_sp800-53r5.csv); key controls selected by the author,Critical suppliers assessed before contract; intercompany services excluded,Vendor files,3,Medium,Partially met,See GV.SC-06,Moderate,See GV.SC-06,Group Chief Risk Officer,2027-03-31,None
G-049,NIST CSF 2.0 group profile,CSF 2.0 group profile ID.IM-01 (voluntary benchmark),CSWP 29 ID.IM-01 (Identify),Improvements are identified from evaluations,Outcome (subcategory),Yes - voluntary benchmark selected for the group profile,Group (holding company and SCSP),ID.IM-01,AC-1; AT-1; AU-1,AC-1; AT-1; AU-1; CA-1; CM-1; CP-1; IA-1; IR-1; MA-1; MP-1; PE-1; PL-1; PM-1; PS-1; PT-1; RA-1; SA-1; SC-1; SI-1; SR-1; CA-2; CA-5; CA-7; CA-8; CP-2; IR-4; IR-8; PL-2; RA-3; RA-5; RA-7; SA-8; SA-11; SA-17(6); SI-2; SI-4; SR-5,NIST official CSF 2.0 to SP 800-53 Rev. 5.2.0 informative references (00_universal-framework/crosswalks/csf2_to_sp800-53r5.csv); key controls selected by the author,Improvements tracked from P07 and audits,POA&M,4,Medium,Met,None,Very Low,Maintain; reassess in the 2027 profile,Group CISO,,None
G-050,NIST CSF 2.0 group profile,CSF 2.0 group profile ID.IM-02 (voluntary benchmark),CSWP 29 ID.IM-02 (Identify),"Improvements are identified from security tests and exercises, including those done in coordination with suppliers and relevant third parties",Outcome (subcategory),Yes - voluntary benchmark selected for the group profile,Group (holding company and SCSP),ID.IM-02,AC-1; AT-1; AU-1,AC-1; AT-1; AU-1; CA-1; CM-1; CP-1; IA-1; IR-1; MA-1; MP-1; PE-1; PL-1; PM-1; PS-1; PT-1; RA-1; SA-1; SC-1; SI-1; SR-1; CA-2; CA-5; CA-7; CA-8; CP-2; CP-4; IR-3; IR-4; IR-8; PL-2; PM-4; PM-31; RA-3; RA-5; RA-7; SA-8; SA-11; SI-2; SI-4; SR-5,NIST official CSF 2.0 to SP 800-53 Rev. 5.2.0 informative references (00_universal-framework/crosswalks/csf2_to_sp800-53r5.csv); key controls selected by the author,Technical exercises quarterly; no cross-division exercise,Exercise reports,3,High,Partially met,Cross-division exercise never run (gap 7),Moderate,Tabletop by 2026-12-15 (P08),Group CISO,2026-12-15,None
G-051,NIST CSF 2.0 group profile,CSF 2.0 group profile ID.IM-03 (voluntary benchmark),CSWP 29 ID.IM-03 (Identify),"Improvements are identified from execution of operational processes, procedures, and activities",Outcome (subcategory),Yes - voluntary benchmark selected for the group profile,Group (holding company and SCSP),ID.IM-03,AC-1; AT-1; AU-1,AC-1; AT-1; AU-1; CA-1; CM-1; CP-1; IA-1; IR-1; MA-1; MP-1; PE-1; PL-1; PM-1; PS-1; PT-1; RA-1; SA-1; SC-1; SI-1; SR-1; CA-2; CA-5; CA-7; CA-8; CP-2; IR-4; IR-8; PL-2; PM-4; PM-31; RA-3; RA-5; RA-7; SA-4; SA-8; SA-11; SI-2; SI-4; SR-5,NIST official CSF 2.0 to SP 800-53 Rev. 5.2.0 informative references (00_universal-framework/crosswalks/csf2_to_sp800-53r5.csv); key controls selected by the author,Operational lessons captured in the SOC,SOC records,4,Low,Met,None,Very Low,Maintain; reassess in the 2027 profile,Group CISO,,None
G-052,NIST CSF 2.0 group profile,CSF 2.0 group profile ID.IM-04 (voluntary benchmark),CSWP 29 ID.IM-04 (Identify),"Incident response plans and other cybersecurity plans that affect operations are established, communicated, maintained, and improved",Outcome (subcategory),Yes - voluntary benchmark selected for the group profile,Group (holding company and SCSP),ID.IM-04,CP-2; IR-8; PL-2,CP-2; IR-8; PL-2; SR-2,NIST official CSF 2.0 to SP 800-53 Rev. 5.2.0 informative references (00_universal-framework/crosswalks/csf2_to_sp800-53r5.csv); key controls selected by the author,Incident and contingency plans exist; the notification matrix is incomplete,IR plan; matrix,3,High,Partially met,"Matrix lacks commissioner, producer, and plan rows (gap 7)",Moderate,Complete the matrix,Group General Counsel,2026-12-15,None
G-053,NIST CSF 2.0 group profile,CSF 2.0 group profile PR.AA-01 (voluntary benchmark),CSWP 29 PR.AA-01 (Protect),"Identities and credentials for authorized users, services, and hardware are managed by the organization",Outcome (subcategory),Yes - voluntary benchmark selected for the group profile,Group (holding company and SCSP),PR.AA-01,AC-1; AC-2; AC-14,AC-1; AC-2; AC-14; IA-1; IA-2; IA-3; IA-4; IA-5; IA-6; IA-7; IA-8; IA-9; IA-10; IA-11,NIST official CSF 2.0 to SP 800-53 Rev. 5.2.0 informative references (00_universal-framework/crosswalks/csf2_to_sp800-53r5.csv); key controls selected by the author,Identities managed in SYS-G1 from HCM events,Identity governance,3,High,Partially met,112 service accounts without owners,Moderate,Assign owners or disable,Group identity director,2026-12-31,None
G-054,NIST CSF 2.0 group profile,CSF 2.0 group profile PR.AA-02 (voluntary benchmark),CSWP 29 PR.AA-02 (Protect),Identities are proofed and bound to credentials based on the context of interactions,Outcome (subcategory),Yes - voluntary benchmark selected for the group profile,Group (holding company and SCSP),PR.AA-02,IA-12,IA-12,NIST official CSF 2.0 to SP 800-53 Rev. 5.2.0 informative references (00_universal-framework/crosswalks/csf2_to_sp800-53r5.csv); key controls selected by the author,Identity proofed at hire; MFA re-registration and surge adjusters proofed by knowledge questions,Help desk procedure,2,High,Partially met,Weak proofing at recovery and surge onboarding (gap 1),High,Identity verification for resets; pre-season proofing for adjusters,Group identity director,2026-11-30,None
G-055,NIST CSF 2.0 group profile,CSF 2.0 group profile PR.AA-03 (voluntary benchmark),CSWP 29 PR.AA-03 (Protect),"Users, services, and hardware are authenticated",Outcome (subcategory),Yes - voluntary benchmark selected for the group profile,Group (holding company and SCSP),PR.AA-03,AC-7; AC-12; IA-2,AC-7; AC-12; IA-2; IA-3; IA-5; IA-7; IA-8; IA-9; IA-10; IA-11,NIST official CSF 2.0 to SP 800-53 Rev. 5.2.0 informative references (00_universal-framework/crosswalks/csf2_to_sp800-53r5.csv); key controls selected by the author,MFA for all workforce; hardware keys for administrators and payment roles,Authentication policy,4,High,Met,None,Very Low,Maintain; reassess in the 2027 profile,Group CISO,,None
G-056,NIST CSF 2.0 group profile,CSF 2.0 group profile PR.AA-04 (voluntary benchmark),CSWP 29 PR.AA-04 (Protect),"Identity assertions are protected, conveyed, and verified",Outcome (subcategory),Yes - voluntary benchmark selected for the group profile,Group (holding company and SCSP),PR.AA-04,IA-13,IA-13,NIST official CSF 2.0 to SP 800-53 Rev. 5.2.0 informative references (00_universal-framework/crosswalks/csf2_to_sp800-53r5.csv); key controls selected by the author,Federation assertions signed and validated; token protection for SCSP,Federation configuration,4,Medium,Met,None,Very Low,Maintain; reassess in the 2027 profile,Group CISO,,None
G-057,NIST CSF 2.0 group profile,CSF 2.0 group profile PR.AA-05 (voluntary benchmark),CSWP 29 PR.AA-05 (Protect),"Access permissions, entitlements, and authorizations are defined in a policy, managed, enforced, and reviewed, and incorporate the principles of least privilege and separation of duties",Outcome (subcategory),Yes - voluntary benchmark selected for the group profile,Group (holding company and SCSP),PR.AA-05,AC-1; AC-2; AC-3,AC-1; AC-2; AC-3; AC-5; AC-6; AC-10; AC-16; AC-17; AC-18; AC-19; AC-24; IA-13,NIST official CSF 2.0 to SP 800-53 Rev. 5.2.0 informative references (00_universal-framework/crosswalks/csf2_to_sp800-53r5.csv); key controls selected by the author,"Role-based access exists, but 212 accounts hold group-wide reset or admin rights, ERP superusers are standing, and adjusters see full clinic charts",Role reports,2,High,Partially met,"Excess privilege across divisions (gaps 1, 4, 6)",High,Division-scoped roles; PAM for ERP; work-injury EHR view,Group identity director,2027-03-31,None
G-058,NIST CSF 2.0 group profile,CSF 2.0 group profile PR.AA-06 (voluntary benchmark),CSWP 29 PR.AA-06 (Protect),"Physical access to assets is managed, monitored, and enforced commensurate with risk",Outcome (subcategory),Yes - voluntary benchmark selected for the group profile,Group (holding company and SCSP),PR.AA-06,PE-2; PE-3; PE-4,PE-2; PE-3; PE-4; PE-5; PE-6; PE-8; PE-18; PE-19; PE-20,NIST official CSF 2.0 to SP 800-53 Rev. 5.2.0 informative references (00_universal-framework/crosswalks/csf2_to_sp800-53r5.csv); key controls selected by the author,"Badge access at offices, clinics, and the colocation cage",Access reviews,4,Low,Met,None,Very Low,Maintain; reassess in the 2027 profile,Group CISO,,None
G-059,NIST CSF 2.0 group profile,CSF 2.0 group profile PR.AT-01 (voluntary benchmark),CSWP 29 PR.AT-01 (Protect),Personnel are provided with awareness and training so that they possess the knowledge and skills to perform general tasks with cybersecurity risks in mind,Outcome (subcategory),Yes - voluntary benchmark selected for the group profile,Group (holding company and SCSP),PR.AT-01,AT-2; AT-3,AT-2; AT-3,NIST official CSF 2.0 to SP 800-53 Rev. 5.2.0 informative references (00_universal-framework/crosswalks/csf2_to_sp800-53r5.csv); key controls selected by the author,Annual training with 98% completion,Learning reports,4,Medium,Met,None,Very Low,Maintain; reassess in the 2027 profile,Group CISO,,None
G-060,NIST CSF 2.0 group profile,CSF 2.0 group profile PR.AT-02 (voluntary benchmark),CSWP 29 PR.AT-02 (Protect),Individuals in specialized roles are provided with awareness and training so that they possess the knowledge and skills to perform relevant tasks with cybersecurity risks in mind,Outcome (subcategory),Yes - voluntary benchmark selected for the group profile,Group (holding company and SCSP),PR.AT-02,AT-3,AT-3,NIST official CSF 2.0 to SP 800-53 Rev. 5.2.0 informative references (00_universal-framework/crosswalks/csf2_to_sp800-53r5.csv); key controls selected by the author,Role training for treasury and administrators; none for help desk social engineering or call center payment-change fraud,Curricula,3,High,Partially met,Specialized training gaps for help desks and call centers,Moderate,New modules for both groups,Group CISO,2026-12-31,None
G-061,NIST CSF 2.0 group profile,CSF 2.0 group profile PR.DS-01 (voluntary benchmark),CSWP 29 PR.DS-01 (Protect),"The confidentiality, integrity, and availability of data-at-rest are protected",Outcome (subcategory),Yes - voluntary benchmark selected for the group profile,Group (holding company and SCSP),PR.DS-01,CA-3; CP-9; MP-8,CA-3; CP-9; MP-8; SC-4; SC-7; SC-12; SC-13; SC-28; SC-32; SC-39; SC-43; SI-3; SI-4; SI-7,NIST official CSF 2.0 to SP 800-53 Rev. 5.2.0 informative references (00_universal-framework/crosswalks/csf2_to_sp800-53r5.csv); key controls selected by the author,"Encryption at rest across SaaS, cloud, and endpoints",Configuration,4,Medium,Met,None,Very Low,Maintain; reassess in the 2027 profile,Group CISO,,None
G-062,NIST CSF 2.0 group profile,CSF 2.0 group profile PR.DS-02 (voluntary benchmark),CSWP 29 PR.DS-02 (Protect),"The confidentiality, integrity, and availability of data-in-transit are protected",Outcome (subcategory),Yes - voluntary benchmark selected for the group profile,Group (holding company and SCSP),PR.DS-02,AU-16; CA-3; SC-4,AU-16; CA-3; SC-4; SC-7; SC-8; SC-11; SC-12; SC-13; SC-16; SC-40; SC-43; SI-3; SI-4; SI-7,NIST official CSF 2.0 to SP 800-53 Rev. 5.2.0 informative references (00_universal-framework/crosswalks/csf2_to_sp800-53r5.csv); key controls selected by the author,TLS 1.2 or higher; private links to banks,TLS scan,4,Medium,Met,None,Very Low,Maintain; reassess in the 2027 profile,Group CISO,,None
G-063,NIST CSF 2.0 group profile,CSF 2.0 group profile PR.DS-10 (voluntary benchmark),CSWP 29 PR.DS-10 (Protect),"The confidentiality, integrity, and availability of data-in-use are protected",Outcome (subcategory),Yes - voluntary benchmark selected for the group profile,Group (holding company and SCSP),PR.DS-10,AC-2; AC-3; AC-4,AC-2; AC-3; AC-4; AU-9; AU-13; CA-3; CP-9; SA-8; SC-4; SC-7; SC-11; SC-13; SC-24; SC-32; SC-39; SC-40; SC-43; SI-3; SI-4; SI-7; SI-10; SI-16,NIST official CSF 2.0 to SP 800-53 Rev. 5.2.0 informative references (00_universal-framework/crosswalks/csf2_to_sp800-53r5.csv); key controls selected by the author,No controls on data in use by the AI assistant; plan files and deal-room exports reachable,P10 tests,2,High,Partially met,Data in use not protected (gap 9),High,Labels and retrieval blocking,Group Chief Privacy Officer,2026-12-31,None
G-064,NIST CSF 2.0 group profile,CSF 2.0 group profile PR.DS-11 (voluntary benchmark),CSWP 29 PR.DS-11 (Protect),"Backups of data are created, protected, maintained, and tested",Outcome (subcategory),Yes - voluntary benchmark selected for the group profile,Group (holding company and SCSP),PR.DS-11,CP-6; CP-9,CP-6; CP-9,NIST official CSF 2.0 to SP 800-53 Rev. 5.2.0 informative references (00_universal-framework/crosswalks/csf2_to_sp800-53r5.csv); key controls selected by the author,Immutable backups for cloud; legacy EHR nightly only; SYS-I4 restore tested once a year,Backup reports,3,High,Partially met,Legacy EHR RPO 24 hours; SYS-I4 rebuild 36 hours,Moderate,"Migration and recovery environment (HCS-004, INS-007)",Group infrastructure director,2027-06-30,None
G-065,NIST CSF 2.0 group profile,CSF 2.0 group profile PR.PS-01 (voluntary benchmark),CSWP 29 PR.PS-01 (Protect),Configuration management practices are established and applied,Outcome (subcategory),Yes - voluntary benchmark selected for the group profile,Group (holding company and SCSP),PR.PS-01,CM-1; CM-2; CM-3,CM-1; CM-2; CM-3; CM-4; CM-5; CM-6; CM-7; CM-8; CM-9; CM-10; CM-11,NIST official CSF 2.0 to SP 800-53 Rev. 5.2.0 informative references (00_universal-framework/crosswalks/csf2_to_sp800-53r5.csv); key controls selected by the author,Configuration baselines and guardrails,Guardrail reports,4,Medium,Met,None,Very Low,Maintain; reassess in the 2027 profile,Group CISO,,None
G-066,NIST CSF 2.0 group profile,CSF 2.0 group profile PR.PS-02 (voluntary benchmark),CSWP 29 PR.PS-02 (Protect),"Software is maintained, replaced, and removed commensurate with risk",Outcome (subcategory),Yes - voluntary benchmark selected for the group profile,Group (holding company and SCSP),PR.PS-02,CM-11; MA-3(6); SA-10(1),CM-11; MA-3(6); SA-10(1); SI-2; SI-7,NIST official CSF 2.0 to SP 800-53 Rev. 5.2.0 informative references (00_universal-framework/crosswalks/csf2_to_sp800-53r5.csv); key controls selected by the author,Patching within 14 days for critical issues; legacy hosting patched quarterly,Patch reports,3,Medium,Partially met,Legacy EHR patching,Moderate,Monthly patching in the hosting contract,Group CIO,2026-12-31,None
G-067,NIST CSF 2.0 group profile,CSF 2.0 group profile PR.PS-03 (voluntary benchmark),CSWP 29 PR.PS-03 (Protect),"Hardware is maintained, replaced, and removed commensurate with risk",Outcome (subcategory),Yes - voluntary benchmark selected for the group profile,Group (holding company and SCSP),PR.PS-03,CM-7(9); SA-10(3); SC-3(1),CM-7(9); SA-10(3); SC-3(1); SC-39(1); SC-49; SC-51,NIST official CSF 2.0 to SP 800-53 Rev. 5.2.0 informative references (00_universal-framework/crosswalks/csf2_to_sp800-53r5.csv); key controls selected by the author,Hardware refresh cycle; clinic devices on unsupported OS,Inventory,3,Low,Partially met,Clinic device life cycle,Moderate,Device segmentation and replacement plan,Group CIO,2027-06-30,None
G-068,NIST CSF 2.0 group profile,CSF 2.0 group profile PR.PS-04 (voluntary benchmark),CSWP 29 PR.PS-04 (Protect),Log records are generated and made available for continuous monitoring,Outcome (subcategory),Yes - voluntary benchmark selected for the group profile,Group (holding company and SCSP),PR.PS-04,AU-2; AU-3; AU-6,AU-2; AU-3; AU-6; AU-7; AU-11; AU-12; SA-15(13),NIST official CSF 2.0 to SP 800-53 Rev. 5.2.0 informative references (00_universal-framework/crosswalks/csf2_to_sp800-53r5.csv); key controls selected by the author,Logs from group and division systems in the SIEM; legacy directory and EHR missing,SIEM data sources,3,High,Partially met,Legacy sources missing (gap 8),Moderate,Onboard by 2026-12-31,Group SOC director,2026-12-31,None
G-069,NIST CSF 2.0 group profile,CSF 2.0 group profile PR.PS-05 (voluntary benchmark),CSWP 29 PR.PS-05 (Protect),Installation and execution of unauthorized software are prevented,Outcome (subcategory),Yes - voluntary benchmark selected for the group profile,Group (holding company and SCSP),PR.PS-05,CM-7(2); CM-7(4); CM-7(5),CM-7(2); CM-7(4); CM-7(5); SC-34,NIST official CSF 2.0 to SP 800-53 Rev. 5.2.0 informative references (00_universal-framework/crosswalks/csf2_to_sp800-53r5.csv); key controls selected by the author,Application control on servers; managed endpoints restrict installs,EDR policy,4,Low,Met,None,Very Low,Maintain; reassess in the 2027 profile,Group CISO,,None
G-070,NIST CSF 2.0 group profile,CSF 2.0 group profile PR.PS-06 (voluntary benchmark),CSWP 29 PR.PS-06 (Protect),"Secure software development practices are integrated, and their performance is monitored throughout the software development life cycle",Outcome (subcategory),Yes - voluntary benchmark selected for the group profile,Group (holding company and SCSP),PR.PS-06,SA-3; SA-8; SA-10,SA-3; SA-8; SA-10; SA-11; SA-15; SA-15(13); SA-17; SA-24,NIST official CSF 2.0 to SP 800-53 Rev. 5.2.0 informative references (00_universal-framework/crosswalks/csf2_to_sp800-53r5.csv); key controls selected by the author,Secure development for in-house portals and integrations,Pipeline,4,Medium,Met,None,Very Low,Maintain; reassess in the 2027 profile,Group CISO,,None
G-071,NIST CSF 2.0 group profile,CSF 2.0 group profile PR.IR-01 (voluntary benchmark),CSWP 29 PR.IR-01 (Protect),Networks and environments are protected from unauthorized logical access and usage,Outcome (subcategory),Yes - voluntary benchmark selected for the group profile,Group (holding company and SCSP),PR.IR-01,AC-3; AC-4; SC-4,AC-3; AC-4; SC-4; SC-5; SC-7,NIST official CSF 2.0 to SP 800-53 Rev. 5.2.0 informative references (00_universal-framework/crosswalks/csf2_to_sp800-53r5.csv); key controls selected by the author,Segmented landing zone; legacy directory trust and flat clinic networks at acquired sites,Network design,3,High,Partially met,Legacy trust and flat acquired-clinic networks,Moderate,Selective authentication; segmentation,Group infrastructure director,2026-12-31,None
G-072,NIST CSF 2.0 group profile,CSF 2.0 group profile PR.IR-02 (voluntary benchmark),CSWP 29 PR.IR-02 (Protect),The organization's technology assets are protected from environmental threats,Outcome (subcategory),Yes - voluntary benchmark selected for the group profile,Group (holding company and SCSP),PR.IR-02,CP-2; PE-9; PE-10,CP-2; PE-9; PE-10; PE-11; PE-12; PE-13; PE-14; PE-15; PE-18; PE-23,NIST official CSF 2.0 to SP 800-53 Rev. 5.2.0 informative references (00_universal-framework/crosswalks/csf2_to_sp800-53r5.csv); key controls selected by the author,Provider and colocation environmental controls; hurricane planning,SOC 2 reports,4,Medium,Met,None,Very Low,Maintain; reassess in the 2027 profile,Group CISO,,None
G-073,NIST CSF 2.0 group profile,CSF 2.0 group profile PR.IR-03 (voluntary benchmark),CSWP 29 PR.IR-03 (Protect),Mechanisms are implemented to achieve resilience requirements in normal and adverse situations,Outcome (subcategory),Yes - voluntary benchmark selected for the group profile,Group (holding company and SCSP),PR.IR-03,SA-8; SA-24; SC-6,SA-8; SA-24; SC-6; SC-24; SC-36; SC-39; SI-13,NIST official CSF 2.0 to SP 800-53 Rev. 5.2.0 informative references (00_universal-framework/crosswalks/csf2_to_sp800-53r5.csv); key controls selected by the author,Warm standbys for integration and claims; integration standby missed its RTO,Test reports,3,High,Partially met,RTO not met (GR-09),Moderate,Automate standby promotion; retest,Group CIO,2026-12-15,None
G-074,NIST CSF 2.0 group profile,CSF 2.0 group profile PR.IR-04 (voluntary benchmark),CSWP 29 PR.IR-04 (Protect),Adequate resource capacity to ensure availability is maintained,Outcome (subcategory),Yes - voluntary benchmark selected for the group profile,Group (holding company and SCSP),PR.IR-04,CP-6; CP-7; CP-8,CP-6; CP-7; CP-8; PM-3; PM-9,NIST official CSF 2.0 to SP 800-53 Rev. 5.2.0 informative references (00_universal-framework/crosswalks/csf2_to_sp800-53r5.csv); key controls selected by the author,Capacity monitored; catastrophe scaling for claims,Capacity reports,4,Low,Met,None,Very Low,Maintain; reassess in the 2027 profile,Group CISO,,None
G-075,NIST CSF 2.0 group profile,CSF 2.0 group profile DE.CM-01 (voluntary benchmark),CSWP 29 DE.CM-01 (Detect),Networks and network services are monitored to find potentially adverse events,Outcome (subcategory),Yes - voluntary benchmark selected for the group profile,Group (holding company and SCSP),DE.CM-01,AC-2; AU-12; CA-7,AC-2; AU-12; CA-7; CM-3; SC-5; SC-7; SI-4,NIST official CSF 2.0 to SP 800-53 Rev. 5.2.0 informative references (00_universal-framework/crosswalks/csf2_to_sp800-53r5.csv); key controls selected by the author,Network monitoring at the hub and clinics,SIEM,4,Medium,Met,None,Very Low,Maintain; reassess in the 2027 profile,Group CISO,,None
G-076,NIST CSF 2.0 group profile,CSF 2.0 group profile DE.CM-02 (voluntary benchmark),CSWP 29 DE.CM-02 (Detect),The physical environment is monitored to find potentially adverse events,Outcome (subcategory),Yes - voluntary benchmark selected for the group profile,Group (holding company and SCSP),DE.CM-02,CA-7; PE-3; PE-6,CA-7; PE-3; PE-6; PE-20,NIST official CSF 2.0 to SP 800-53 Rev. 5.2.0 informative references (00_universal-framework/crosswalks/csf2_to_sp800-53r5.csv); key controls selected by the author,Physical monitoring at offices and the colocation facility,Facility reports,4,Low,Met,None,Very Low,Maintain; reassess in the 2027 profile,Group CISO,,None
G-077,NIST CSF 2.0 group profile,CSF 2.0 group profile DE.CM-03 (voluntary benchmark),CSWP 29 DE.CM-03 (Detect),Personnel activity and technology usage are monitored to find potentially adverse events,Outcome (subcategory),Yes - voluntary benchmark selected for the group profile,Group (holding company and SCSP),DE.CM-03,AC-2; AU-12; AU-13,AC-2; AU-12; AU-13; CA-7; CM-10; CM-11,NIST official CSF 2.0 to SP 800-53 Rev. 5.2.0 informative references (00_universal-framework/crosswalks/csf2_to_sp800-53r5.csv); key controls selected by the author,User behavior analytics for workforce; help desk resets and service accounts excluded,SIEM analytics,3,High,Partially met,Resets and service accounts unmonitored,Moderate,Add both to analytics,Group SOC director,2026-12-31,None
G-078,NIST CSF 2.0 group profile,CSF 2.0 group profile DE.CM-06 (voluntary benchmark),CSWP 29 DE.CM-06 (Detect),External service provider activities and services are monitored to find potentially adverse events,Outcome (subcategory),Yes - voluntary benchmark selected for the group profile,Group (holding company and SCSP),DE.CM-06,CA-7; PS-7; SA-4,CA-7; PS-7; SA-4; SA-9; SI-4,NIST official CSF 2.0 to SP 800-53 Rev. 5.2.0 informative references (00_universal-framework/crosswalks/csf2_to_sp800-53r5.csv); key controls selected by the author,Vendor activity monitored for PAM sessions; ERP vendor support not monitored,PAM records,3,Medium,Partially met,ERP vendor support sessions unmonitored,Moderate,Route through PAM (POAM-003),Group identity director,2026-12-31,None
G-079,NIST CSF 2.0 group profile,CSF 2.0 group profile DE.CM-09 (voluntary benchmark),CSWP 29 DE.CM-09 (Detect),"Computing hardware and software, runtime environments, and their data are monitored to find potentially adverse events",Outcome (subcategory),Yes - voluntary benchmark selected for the group profile,Group (holding company and SCSP),DE.CM-09,AC-4; AC-9; AU-12,AC-4; AC-9; AU-12; CA-7; CM-3; CM-6; CM-10; CM-11; SC-34; SC-35; SI-4; SI-7,NIST official CSF 2.0 to SP 800-53 Rev. 5.2.0 informative references (00_universal-framework/crosswalks/csf2_to_sp800-53r5.csv); key controls selected by the author,EDR and workload monitoring,EDR console,4,Medium,Met,None,Very Low,Maintain; reassess in the 2027 profile,Group CISO,,None
G-080,NIST CSF 2.0 group profile,CSF 2.0 group profile DE.AE-02 (voluntary benchmark),CSWP 29 DE.AE-02 (Detect),Potentially adverse events are analyzed to better understand associated activities,Outcome (subcategory),Yes - voluntary benchmark selected for the group profile,Group (holding company and SCSP),DE.AE-02,AU-6; CA-7; IR-4,AU-6; CA-7; IR-4; SI-4,NIST official CSF 2.0 to SP 800-53 Rev. 5.2.0 informative references (00_universal-framework/crosswalks/csf2_to_sp800-53r5.csv); key controls selected by the author,24x7 SOC analysis,Case records,4,Medium,Met,None,Very Low,Maintain; reassess in the 2027 profile,Group CISO,,None
G-081,NIST CSF 2.0 group profile,CSF 2.0 group profile DE.AE-03 (voluntary benchmark),CSWP 29 DE.AE-03 (Detect),Information is correlated from multiple sources,Outcome (subcategory),Yes - voluntary benchmark selected for the group profile,Group (holding company and SCSP),DE.AE-03,AU-6; CA-7; PM-16,AU-6; CA-7; PM-16; IR-4; IR-5; IR-8; SI-4,NIST official CSF 2.0 to SP 800-53 Rev. 5.2.0 informative references (00_universal-framework/crosswalks/csf2_to_sp800-53r5.csv); key controls selected by the author,SIEM correlation across divisions,Rules,4,Medium,Met,None,Very Low,Maintain; reassess in the 2027 profile,Group CISO,,None
G-082,NIST CSF 2.0 group profile,CSF 2.0 group profile DE.AE-04 (voluntary benchmark),CSWP 29 DE.AE-04 (Detect),The estimated impact and scope of adverse events are understood,Outcome (subcategory),Yes - voluntary benchmark selected for the group profile,Group (holding company and SCSP),DE.AE-04,PM-9; PM-11; PM-18,PM-9; PM-11; PM-18; PM-28; PM-30,NIST official CSF 2.0 to SP 800-53 Rev. 5.2.0 informative references (00_universal-framework/crosswalks/csf2_to_sp800-53r5.csv); key controls selected by the author,Impact estimation in SOC playbooks,Playbooks,4,Medium,Met,None,Very Low,Maintain; reassess in the 2027 profile,Group CISO,,None
G-083,NIST CSF 2.0 group profile,CSF 2.0 group profile DE.AE-06 (voluntary benchmark),CSWP 29 DE.AE-06 (Detect),Information on adverse events is provided to authorized staff and tools,Outcome (subcategory),Yes - voluntary benchmark selected for the group profile,Group (holding company and SCSP),DE.AE-06,IR-4; PM-15; PM-16,IR-4; PM-15; PM-16; RA-4; RA-10,NIST official CSF 2.0 to SP 800-53 Rev. 5.2.0 informative references (00_universal-framework/crosswalks/csf2_to_sp800-53r5.csv); key controls selected by the author,Alerts routed to division liaisons,SOC procedures,4,Low,Met,None,Very Low,Maintain; reassess in the 2027 profile,Group CISO,,None
G-084,NIST CSF 2.0 group profile,CSF 2.0 group profile DE.AE-07 (voluntary benchmark),CSWP 29 DE.AE-07 (Detect),Cyber threat intelligence and other contextual information are integrated into the analysis,Outcome (subcategory),Yes - voluntary benchmark selected for the group profile,Group (holding company and SCSP),DE.AE-07,PM-16; RA-3; RA-10,PM-16; RA-3; RA-10,NIST official CSF 2.0 to SP 800-53 Rev. 5.2.0 informative references (00_universal-framework/crosswalks/csf2_to_sp800-53r5.csv); key controls selected by the author,Threat intelligence integrated in the SIEM,SIEM,4,Low,Met,None,Very Low,Maintain; reassess in the 2027 profile,Group CISO,,None
G-085,NIST CSF 2.0 group profile,CSF 2.0 group profile DE.AE-08 (voluntary benchmark),CSWP 29 DE.AE-08 (Detect),Incidents are declared when adverse events meet the defined incident criteria,Outcome (subcategory),Yes - voluntary benchmark selected for the group profile,Group (holding company and SCSP),DE.AE-08,IR-4; IR-8,IR-4; IR-8,NIST official CSF 2.0 to SP 800-53 Rev. 5.2.0 informative references (00_universal-framework/crosswalks/csf2_to_sp800-53r5.csv); key controls selected by the author,Declaration criteria in the group severity scale,POL-03,4,Medium,Met,None,Very Low,Maintain; reassess in the 2027 profile,Group CISO,,None
G-086,NIST CSF 2.0 group profile,CSF 2.0 group profile RS.MA-01 (voluntary benchmark),CSWP 29 RS.MA-01 (Respond),The incident response plan is executed in coordination with relevant third parties once an incident is declared,Outcome (subcategory),Yes - voluntary benchmark selected for the group profile,Group (holding company and SCSP),RS.MA-01,IR-6; IR-7; IR-8,IR-6; IR-7; IR-8; SR-3; SR-8,NIST official CSF 2.0 to SP 800-53 Rev. 5.2.0 informative references (00_universal-framework/crosswalks/csf2_to_sp800-53r5.csv); key controls selected by the author,IR plan executed with vendors; never exercised across divisions,IR plan,3,High,Partially met,Cross-division execution untested,Moderate,Tabletop (P08),Group CISO,2026-12-15,None
G-087,NIST CSF 2.0 group profile,CSF 2.0 group profile RS.MA-02 (voluntary benchmark),CSWP 29 RS.MA-02 (Respond),Incident reports are triaged and validated,Outcome (subcategory),Yes - voluntary benchmark selected for the group profile,Group (holding company and SCSP),RS.MA-02,IR-4; IR-5; IR-6,IR-4; IR-5; IR-6,NIST official CSF 2.0 to SP 800-53 Rev. 5.2.0 informative references (00_universal-framework/crosswalks/csf2_to_sp800-53r5.csv); key controls selected by the author,Triage in the SOC,Case records,4,Medium,Met,None,Very Low,Maintain; reassess in the 2027 profile,Group CISO,,None
G-088,NIST CSF 2.0 group profile,CSF 2.0 group profile RS.MA-03 (voluntary benchmark),CSWP 29 RS.MA-03 (Respond),Incidents are categorized and prioritized,Outcome (subcategory),Yes - voluntary benchmark selected for the group profile,Group (holding company and SCSP),RS.MA-03,IR-4; IR-5; IR-6,IR-4; IR-5; IR-6,NIST official CSF 2.0 to SP 800-53 Rev. 5.2.0 informative references (00_universal-framework/crosswalks/csf2_to_sp800-53r5.csv); key controls selected by the author,One group severity scale,POL-03,4,Medium,Met,None,Very Low,Maintain; reassess in the 2027 profile,Group CISO,,None
G-089,NIST CSF 2.0 group profile,CSF 2.0 group profile RS.MA-04 (voluntary benchmark),CSWP 29 RS.MA-04 (Respond),Incidents are escalated or elevated as needed,Outcome (subcategory),Yes - voluntary benchmark selected for the group profile,Group (holding company and SCSP),RS.MA-04,IR-4; IR-5; IR-6,IR-4; IR-5; IR-6; IR-7,NIST official CSF 2.0 to SP 800-53 Rev. 5.2.0 informative references (00_universal-framework/crosswalks/csf2_to_sp800-53r5.csv); key controls selected by the author,Escalation to the disclosure committee within 24 hours of Severity 1,Committee charter,4,High,Met,None,Very Low,Maintain; reassess in the 2027 profile,Group CISO,,None
G-090,NIST CSF 2.0 group profile,CSF 2.0 group profile RS.MA-05 (voluntary benchmark),CSWP 29 RS.MA-05 (Respond),The criteria for initiating incident recovery are applied,Outcome (subcategory),Yes - voluntary benchmark selected for the group profile,Group (holding company and SCSP),RS.MA-05,IR-4; IR-8,IR-4; IR-8,NIST official CSF 2.0 to SP 800-53 Rev. 5.2.0 informative references (00_universal-framework/crosswalks/csf2_to_sp800-53r5.csv); key controls selected by the author,Recovery criteria in playbooks,Playbooks,4,Medium,Met,None,Very Low,Maintain; reassess in the 2027 profile,Group CISO,,None
G-091,NIST CSF 2.0 group profile,CSF 2.0 group profile RS.AN-03 (voluntary benchmark),CSWP 29 RS.AN-03 (Respond),Analysis is performed to establish what has taken place during an incident and the root cause of the incident,Outcome (subcategory),Yes - voluntary benchmark selected for the group profile,Group (holding company and SCSP),RS.AN-03,AU-7; IR-4; SI-2(7),AU-7; IR-4; SI-2(7),NIST official CSF 2.0 to SP 800-53 Rev. 5.2.0 informative references (00_universal-framework/crosswalks/csf2_to_sp800-53r5.csv); key controls selected by the author,Forensic analysis with the retainer firm,Case records,4,Medium,Met,None,Very Low,Maintain; reassess in the 2027 profile,Group CISO,,None
G-092,NIST CSF 2.0 group profile,CSF 2.0 group profile RS.AN-06 (voluntary benchmark),CSWP 29 RS.AN-06 (Respond),"Actions performed during an investigation are recorded, and the records' integrity and provenance are preserved",Outcome (subcategory),Yes - voluntary benchmark selected for the group profile,Group (holding company and SCSP),RS.AN-06,AU-7; IR-4; IR-6,AU-7; IR-4; IR-6,NIST official CSF 2.0 to SP 800-53 Rev. 5.2.0 informative references (00_universal-framework/crosswalks/csf2_to_sp800-53r5.csv); key controls selected by the author,Investigation actions recorded,Case records,4,Low,Met,None,Very Low,Maintain; reassess in the 2027 profile,Group CISO,,None
G-093,NIST CSF 2.0 group profile,CSF 2.0 group profile RS.AN-07 (voluntary benchmark),CSWP 29 RS.AN-07 (Respond),"Incident data and metadata are collected, and their integrity and provenance are preserved",Outcome (subcategory),Yes - voluntary benchmark selected for the group profile,Group (holding company and SCSP),RS.AN-07,AU-7; IR-4; IR-6,AU-7; IR-4; IR-6,NIST official CSF 2.0 to SP 800-53 Rev. 5.2.0 informative references (00_universal-framework/crosswalks/csf2_to_sp800-53r5.csv); key controls selected by the author,Evidence handling with chain of custody,Procedures,4,Low,Met,None,Very Low,Maintain; reassess in the 2027 profile,Group CISO,,None
G-094,NIST CSF 2.0 group profile,CSF 2.0 group profile RS.AN-08 (voluntary benchmark),CSWP 29 RS.AN-08 (Respond),An incident's magnitude is estimated and validated,Outcome (subcategory),Yes - voluntary benchmark selected for the group profile,Group (holding company and SCSP),RS.AN-08,IR-4; IR-8; RA-3,IR-4; IR-8; RA-3; RA-7,NIST official CSF 2.0 to SP 800-53 Rev. 5.2.0 informative references (00_universal-framework/crosswalks/csf2_to_sp800-53r5.csv); key controls selected by the author,Magnitude estimated per incident; no method to count affected consumers by state for insurers and the plan,Playbooks,3,High,Partially met,"Per-entity, per-state counting not defined",Moderate,Counting method in P08,Group General Counsel,2026-12-15,None
G-095,NIST CSF 2.0 group profile,CSF 2.0 group profile RS.CO-02 (voluntary benchmark),CSWP 29 RS.CO-02 (Respond),Internal and external stakeholders are notified of incidents,Outcome (subcategory),Yes - voluntary benchmark selected for the group profile,Group (holding company and SCSP),RS.CO-02,IR-4; IR-6; IR-7,IR-4; IR-6; IR-7; SR-3; SR-8,NIST official CSF 2.0 to SP 800-53 Rev. 5.2.0 informative references (00_universal-framework/crosswalks/csf2_to_sp800-53r5.csv); key controls selected by the author,Notices handled by counsel; matrix incomplete and unexercised,Matrix,2,High,Partially met,"Commissioner, producer, and plan notices missing (gap 7)",Moderate,Complete matrix and exercise,Group General Counsel,2026-12-15,None
G-096,NIST CSF 2.0 group profile,CSF 2.0 group profile RS.CO-03 (voluntary benchmark),CSWP 29 RS.CO-03 (Respond),Information is shared with designated internal and external stakeholders,Outcome (subcategory),Yes - voluntary benchmark selected for the group profile,Group (holding company and SCSP),RS.CO-03,IR-4; IR-6; IR-7,IR-4; IR-6; IR-7; SR-3; SR-8,NIST official CSF 2.0 to SP 800-53 Rev. 5.2.0 informative references (00_universal-framework/crosswalks/csf2_to_sp800-53r5.csv); key controls selected by the author,Information shared with law enforcement and the cyber insurer; division regulators not pre-identified for the insurers,Contact lists,3,Medium,Partially met,Regulator contacts incomplete,Low,Contact list in the incident binder,Group General Counsel,2026-12-15,None
G-097,NIST CSF 2.0 group profile,CSF 2.0 group profile RS.MI-01 (voluntary benchmark),CSWP 29 RS.MI-01 (Respond),Incidents are contained,Outcome (subcategory),Yes - voluntary benchmark selected for the group profile,Group (holding company and SCSP),RS.MI-01,IR-4,IR-4,NIST official CSF 2.0 to SP 800-53 Rev. 5.2.0 informative references (00_universal-framework/crosswalks/csf2_to_sp800-53r5.csv); key controls selected by the author,Automated containment from the SIEM,Automation rules,4,Medium,Met,None,Very Low,Maintain; reassess in the 2027 profile,Group CISO,,None
G-098,NIST CSF 2.0 group profile,CSF 2.0 group profile RS.MI-02 (voluntary benchmark),CSWP 29 RS.MI-02 (Respond),Incidents are eradicated,Outcome (subcategory),Yes - voluntary benchmark selected for the group profile,Group (holding company and SCSP),RS.MI-02,IR-4,IR-4,NIST official CSF 2.0 to SP 800-53 Rev. 5.2.0 informative references (00_universal-framework/crosswalks/csf2_to_sp800-53r5.csv); key controls selected by the author,Eradication in playbooks,Playbooks,4,Medium,Met,None,Very Low,Maintain; reassess in the 2027 profile,Group CISO,,None
G-099,NIST CSF 2.0 group profile,CSF 2.0 group profile RC.RP-01 (voluntary benchmark),CSWP 29 RC.RP-01 (Recover),The recovery portion of the incident response plan is executed once initiated from the incident response process,Outcome (subcategory),Yes - voluntary benchmark selected for the group profile,Group (holding company and SCSP),RC.RP-01,CP-10; IR-4; IR-8,CP-10; IR-4; IR-8,NIST official CSF 2.0 to SP 800-53 Rev. 5.2.0 informative references (00_universal-framework/crosswalks/csf2_to_sp800-53r5.csv); key controls selected by the author,Recovery plans executed from IR,Plans,4,Medium,Met,None,Very Low,Maintain; reassess in the 2027 profile,Group CISO,,None
G-100,NIST CSF 2.0 group profile,CSF 2.0 group profile RC.RP-02 (voluntary benchmark),CSWP 29 RC.RP-02 (Recover),"Recovery actions are selected, scoped, prioritized, and performed",Outcome (subcategory),Yes - voluntary benchmark selected for the group profile,Group (holding company and SCSP),RC.RP-02,CP-10; IR-4; IR-8,CP-10; IR-4; IR-8,NIST official CSF 2.0 to SP 800-53 Rev. 5.2.0 informative references (00_universal-framework/crosswalks/csf2_to_sp800-53r5.csv); key controls selected by the author,Recovery order from the BIA,P05,4,Medium,Met,None,Very Low,Maintain; reassess in the 2027 profile,Group CISO,,None
G-101,NIST CSF 2.0 group profile,CSF 2.0 group profile RC.RP-03 (voluntary benchmark),CSWP 29 RC.RP-03 (Recover),The integrity of backups and other restoration assets is verified before using them for restoration,Outcome (subcategory),Yes - voluntary benchmark selected for the group profile,Group (holding company and SCSP),RC.RP-03,CP-2; CP-4; CP-9,CP-2; CP-4; CP-9,NIST official CSF 2.0 to SP 800-53 Rev. 5.2.0 informative references (00_universal-framework/crosswalks/csf2_to_sp800-53r5.csv); key controls selected by the author,Backup integrity verified before restore,Restore records,4,Medium,Met,None,Very Low,Maintain; reassess in the 2027 profile,Group CISO,,None
G-102,NIST CSF 2.0 group profile,CSF 2.0 group profile RC.RP-04 (voluntary benchmark),CSWP 29 RC.RP-04 (Recover),Critical mission functions and cybersecurity risk management are considered to establish post-incident operational norms,Outcome (subcategory),Yes - voluntary benchmark selected for the group profile,Group (holding company and SCSP),RC.RP-04,PM-8; PM-9; PM-11,PM-8; PM-9; PM-11; IR-1; IR-8,NIST official CSF 2.0 to SP 800-53 Rev. 5.2.0 informative references (00_universal-framework/crosswalks/csf2_to_sp800-53r5.csv); key controls selected by the author,Critical functions considered in recovery (clinics and claims first after identity),P05,4,Medium,Met,None,Very Low,Maintain; reassess in the 2027 profile,Group CISO,,None
G-103,NIST CSF 2.0 group profile,CSF 2.0 group profile RC.RP-05 (voluntary benchmark),CSWP 29 RC.RP-05 (Recover),"The integrity of restored assets is verified, systems and services are restored, and normal operating status is confirmed",Outcome (subcategory),Yes - voluntary benchmark selected for the group profile,Group (holding company and SCSP),RC.RP-05,CP-10,CP-10,NIST official CSF 2.0 to SP 800-53 Rev. 5.2.0 informative references (00_universal-framework/crosswalks/csf2_to_sp800-53r5.csv); key controls selected by the author,Restored assets verified; payment reconciliation after recovery not rehearsed,Runbooks,3,Medium,Partially met,Payment reconciliation not rehearsed,Low,Include in the next failover test,Group CIO,2026-12-15,None
G-104,NIST CSF 2.0 group profile,CSF 2.0 group profile RC.RP-06 (voluntary benchmark),CSWP 29 RC.RP-06 (Recover),"The end of incident recovery is declared based on criteria, and incident-related documentation is completed",Outcome (subcategory),Yes - voluntary benchmark selected for the group profile,Group (holding company and SCSP),RC.RP-06,IR-4; IR-8,IR-4; IR-8,NIST official CSF 2.0 to SP 800-53 Rev. 5.2.0 informative references (00_universal-framework/crosswalks/csf2_to_sp800-53r5.csv); key controls selected by the author,End of recovery declared with criteria,Playbooks,4,Low,Met,None,Very Low,Maintain; reassess in the 2027 profile,Group CISO,,None
G-105,NIST CSF 2.0 group profile,CSF 2.0 group profile RC.CO-03 (voluntary benchmark),CSWP 29 RC.CO-03 (Recover),Recovery activities and progress in restoring operational capabilities are communicated to designated internal and external stakeholders,Outcome (subcategory),Yes - voluntary benchmark selected for the group profile,Group (holding company and SCSP),RC.CO-03,IR-4; IR-6; SR-8,IR-4; IR-6; SR-8,NIST official CSF 2.0 to SP 800-53 Rev. 5.2.0 informative references (00_universal-framework/crosswalks/csf2_to_sp800-53r5.csv); key controls selected by the author,Recovery status communicated to divisions,Communications plan,4,Low,Met,None,Very Low,Maintain; reassess in the 2027 profile,Group CISO,,None
G-106,NIST CSF 2.0 group profile,CSF 2.0 group profile RC.CO-04 (voluntary benchmark),CSWP 29 RC.CO-04 (Recover),Public updates on incident recovery are shared using approved methods and messaging,Outcome (subcategory),Yes - voluntary benchmark selected for the group profile,Group (holding company and SCSP),RC.CO-04,CP-2; IR-4,CP-2; IR-4,NIST official CSF 2.0 to SP 800-53 Rev. 5.2.0 informative references (00_universal-framework/crosswalks/csf2_to_sp800-53r5.csv); key controls selected by the author,Public messaging approved by communications and counsel; no pre-approved holding statements for insurers' policyholders and agencies,Communications plan,3,Medium,Partially met,No pre-approved statements for policyholders and agencies,Low,Holding statements for each division,Group General Counsel,2026-12-15,None
G-107,SEC Regulation S-K Item 106,N55-R01,17 CFR 229.106(b)(1)(i),Describe whether and how cybersecurity risk processes are integrated into the registrant's overall risk management,Disclosure requirement,Yes - SEC registrant (Form 10-K),Group (holding company),GV.RM-03,PM-9; RA-3,None,Author mapping (no official NIST mapping for this requirement),2025 Form 10-K Item 1C describes the group program and its place in enterprise risk management,2025 Form 10-K; disclosure committee file,n/a,High,Met,None,Very Low,Update for 2026 results,Group General Counsel,2027-02-15,None
G-108,SEC Regulation S-K Item 106,N55-R01,17 CFR 229.106(b)(1)(ii),"Describe whether the registrant engages assessors, consultants, auditors, or other third parties in these processes",Disclosure requirement,Yes - SEC registrant,Group (holding company),GV.OV-03,CA-2; CA-2(1),None,Author mapping (no official NIST mapping for this requirement),"Disclosure names group internal audit and outside assessors (penetration test, forensic retainer)",2025 Form 10-K,n/a,Medium,Met,None,Very Low,None,Group General Counsel,,None
G-109,SEC Regulation S-K Item 106,N55-R01,17 CFR 229.106(b)(1)(iii),Describe whether the registrant has processes to oversee and identify cybersecurity risks from its use of third-party service providers,Disclosure requirement,Yes - SEC registrant,Group (holding company),GV.SC-07,SA-9; SR-6,None,Author mapping (no official NIST mapping for this requirement),"Disclosure describes vendor tiering and SOC report reviews. It does not mention that complementary controls in SCSP vendors' reports are unmapped, and it was drafted before the intercompany gaps were known",2025 Form 10-K; P07 SA-9 finding,n/a,High,Partially met,The described process is broader than the practice for SCSP vendors (P01 GR-16),Low,Align the 2026 narrative with the mapped process after POAM-008 closes,Group General Counsel,2027-02-15,None
G-110,SEC Regulation S-K Item 106,N55-R01,17 CFR 229.106(b)(2),"Describe whether cybersecurity risks, including from previous incidents, have materially affected or are reasonably likely to materially affect the registrant",Disclosure requirement,Yes - SEC registrant,Group (holding company),GV.RM-03,PM-9; RA-7,None,Author mapping (no official NIST mapping for this requirement),The disclosure committee reviews the P01 High risks each year before filing; no incident was determined material in 2025 or 2026,Committee minutes,n/a,High,Met,None,Very Low,None,Group General Counsel,,None
G-111,SEC Regulation S-K Item 106,N55-R01,17 CFR 229.106(c)(1),"Describe the board's oversight of cybersecurity risk, the committee responsible, and how it is informed",Disclosure requirement,Yes - SEC registrant,Group (holding company),GV.OV-01,PM-9,None,Author mapping (no official NIST mapping for this requirement),Board risk committee oversight with quarterly Group CISO reports,Committee charter; minutes,n/a,High,Met,None,Very Low,None,Group General Counsel,,None
G-112,SEC Regulation S-K Item 106,N55-R01,17 CFR 229.106(c)(2)(i)-(iii),"Describe management's role, the positions responsible and their expertise, how they are informed about incidents, and whether they report to the board",Disclosure requirement,Yes - SEC registrant,Group (holding company),GV.RR-01; GV.RR-02,PM-2,None,Author mapping (no official NIST mapping for this requirement),Group CISO and Group Chief Risk Officer roles and expertise described; reporting line to the board risk committee,2025 Form 10-K,n/a,Medium,Met,None,Very Low,None,Group General Counsel,,None
G-113,SEC Form 8-K Item 1.05,N55-R02,Form 8-K Item 1.05 (Release 33-11216),Disclose a material cybersecurity incident within four business days after determining it is material; the determination must be made without unreasonable delay,Disclosure requirement,Yes - SEC registrant,Group (holding company),RS.MA-04; RS.CO-02,IR-6; IR-8,None,Author mapping (no official NIST mapping for this requirement),"Severity 1 incidents reach the disclosure committee within 24 hours (POL-03). The committee has never exercised a decision with facts from all three divisions, and there is no method to estimate affected consumers by entity and state quickly",Committee charter; POL-03,n/a,High,Partially met,Materiality inputs from divisions not defined or exercised (gap 7),Moderate,Materiality factor sheet in P08; cross-division tabletop including the committee,Group General Counsel,2026-12-15,None
G-114,SOX section 404,N55-R03 (ITGC: logical access),15 U.S.C. 7262(a),"Management's annual assessment of internal control over financial reporting, including IT general controls over logical access to financial systems",Statutory requirement,Yes - issuer filing annual reports under section 13(a),Group (holding company),PR.AA-05,AC-2; AC-5; AC-6(5); AC-6(7),None,Author mapping (no official NIST mapping for this requirement),"Access controls tested each year. 2025 testing found 17 standing ERP superusers and unreviewed emergency access; reported to the audit committee as a control deficiency, not a material weakness",SOX workpapers; audit committee minutes 2026-02,n/a,High,Partially met,Standing privileged ERP access (scenario gap 4),Moderate,"PAM for ERP superusers; emergency session review (POAM-003, POAM-004)",Group Controller,2026-12-31,None
G-115,SOX section 404,N55-R03 (ITGC: change management),15 U.S.C. 7262(a),IT general controls over changes to financial systems and interfaces,Statutory requirement,Yes - issuer,Group (holding company),PR.PS-01,CM-3; CM-5,None,Author mapping (no official NIST mapping for this requirement),"Change advisory board, testing evidence, and restricted promotion for ERP and integration changes; no exceptions in 2025",SOX workpapers,n/a,Medium,Met,None,Very Low,None,Group Controller,,None
G-116,SOX section 404,N55-R03 (ITGC: computer operations),15 U.S.C. 7262(a),"IT general controls over job scheduling, interfaces, backup, and recovery for financial systems",Statutory requirement,Yes - issuer,Group (holding company),PR.DS-11; RC.RP-03,CP-9; SI-7; SI-10,None,Author mapping (no official NIST mapping for this requirement),Interface completeness checks and backups tested; the integration standby recovery time is outside the RTO but no financial data loss occurred,SOX workpapers; failover report,n/a,Medium,Met,None,Very Low,Retest standby (POAM-007),Group Controller,,None
G-117,SOX section 404,N55-R03,15 U.S.C. 7262(b),Auditor attestation to management's assessment (large accelerated filer; the 7262(c) exemption does not apply),Statutory requirement,Yes - large accelerated filer (17 CFR 240.12b-2),Group (holding company),GV.OV-03,CA-2(1); CA-7(1),None,Author mapping (no official NIST mapping for this requirement),Unqualified attestation for 2025,Form 10-K auditor report,n/a,Medium,Met,None,Very Low,None,Group Chief Financial Officer,,None
G-118,HIPAA (group health plan; holding company as plan sponsor),N55-R06 (164.504(f)(1)(i)),45 CFR 164.504(f)(1)(i),Plan documents must restrict the plan sponsor's uses and disclosures of PHI before the plan discloses PHI to the sponsor,Standard,"Yes - self-insured plan with about 38,000 participants (group health plan, 45 CFR 160.103); sponsor receives PHI for plan administration",Group (holding company),GV.OC-03,PT-2; AC-21,None,Author mapping (no official NIST mapping for this requirement),Plan documents amended in 2014,Plan document,n/a,High,Met,None,Very Low,None,Group benefits director,,None
G-119,HIPAA (group health plan; holding company as plan sponsor),N55-R06 (164.504(f)(2)(ii)),45 CFR 164.504(f)(2)(ii),"The sponsor certifies that the plan documents were amended and agrees to the listed conditions, including no use for employment-related actions",Implementation specification,Yes,Group (holding company),GV.PO-01,PT-2,None,Author mapping (no official NIST mapping for this requirement),Sponsor certification signed in 2014; not re-signed after the 2019 plan restatement,Certification file,n/a,Medium,Partially met,Certification predates the current plan document,Low,Re-sign the certification with the security amendment (POAM-022),Group benefits director,2026-12-31,None
G-120,HIPAA (group health plan; holding company as plan sponsor),N55-R06 (164.504(f)(2)(iii)),45 CFR 164.504(f)(2)(iii)(A)-(C),"Adequate separation: plan documents describe the employees given access, restrict their access to plan administration functions, and provide a mechanism for noncompliance",Implementation specification,Yes,Group (holding company),PR.AA-05,AC-3; AC-4; PT-3,None,Author mapping (no official NIST mapping for this requirement),Plan documents name the 14-person plan administration unit. In practice a benefits export reaches a site that about 140 other HR staff can open,HR site permissions report; export log,n/a,High,Partially met,Separation not enforced in systems (scenario gap 3),Moderate,Stop the export; restricted site; quarterly access review (POAM-005),Group benefits director,2026-10-31,None
G-121,HIPAA (group health plan; holding company as plan sponsor),N55-R06; N62-R01 (164.314(b)),45 CFR 164.314(b),"Requirements for group health plans: HIPAA Standard: Except when the only electronic protected health information disclosed to a plan sponsor is disclosed pursuant to § 164.504(f)(1)(ii) or (iii), or as authorized under § 164.508, a group health plan must ensure that its plan documents provide that the plan sponsor will reasonably and",Standard,"Yes - the sponsor receives ePHI beyond summary and enrollment information, so the 164.504(f)(1)(ii)-(iii) exception does not apply",Group (holding company),GV.SC-05,SA-9,PL-2,Author mapping (02_industry-rules/health-care/hipaa-crosswalk-README.md),The plan documents were never amended with the Security Rule terms; the sponsor does apply group safeguards in practice,Plan document,n/a,High,Not met,Plan documents lack the 164.314(b)(2) provisions (scenario gap 3),Moderate,Amend plan documents; re-sign sponsor certification (POAM-022),Group benefits director,2026-12-31,NPRM (90 FR 898) would revise Security Rule terms; not in force
G-122,HIPAA (group health plan; holding company as plan sponsor),N55-R06; N62-R01 (164.314(b)(2)(i)),45 CFR 164.314(b)(2)(i),"Implement safeguards: Amend the plan documents to incorporate provisions to require the plan sponsor to implement administrative, technical, and physical safeguards that will reasonably and appropriately protect the confidentiality, integrity, and availability of ePHI that it creates, receives, maintains, or transmits on behalf of the group health plan.",Required,"Yes - the sponsor receives ePHI beyond summary and enrollment information, so the 164.504(f)(1)(ii)-(iii) exception does not apply",Group (holding company),GV.SC-05,SA-9,PL-2,Author mapping (02_industry-rules/health-care/hipaa-crosswalk-README.md),The plan documents were never amended with the Security Rule terms; the sponsor does apply group safeguards in practice,Plan document,n/a,High,Not met,Plan documents lack the 164.314(b)(2) provisions (scenario gap 3),Moderate,Amend plan documents; re-sign sponsor certification (POAM-022),Group benefits director,2026-12-31,NPRM (90 FR 898) would revise Security Rule terms; not in force
G-123,HIPAA (group health plan; holding company as plan sponsor),N55-R06; N62-R01 (164.314(b)(2)(ii)),45 CFR 164.314(b)(2)(ii),Ensure adequate separation: Amend the plan documents to incorporate provisions to require the plan sponsor to ensure that the adequate separation between the group health plan and plan sponsor required by §164.504(f)(2)(iii) is supported by reasonable and appropriate security measures.,Required,"Yes - the sponsor receives ePHI beyond summary and enrollment information, so the 164.504(f)(1)(ii)-(iii) exception does not apply",Group (holding company),GV.SC-05,SA-9,PL-2,Author mapping (02_industry-rules/health-care/hipaa-crosswalk-README.md),The plan documents were never amended with the Security Rule terms; the sponsor does apply group safeguards in practice,Plan document,n/a,High,Not met,Plan documents lack the 164.314(b)(2) provisions (scenario gap 3),Moderate,Amend plan documents; re-sign sponsor certification (POAM-022),Group benefits director,2026-12-31,NPRM (90 FR 898) would revise Security Rule terms; not in force
G-124,HIPAA (group health plan; holding company as plan sponsor),N55-R06; N62-R01 (164.314(b)(2)(iii)),45 CFR 164.314(b)(2)(iii),Ensure agents safeguard: Amend plan documents to incorporate provisions to require the plan sponsor to ensure that any agent to whom it provides ePHI agrees to implement reasonable and appropriate security measures to protect the ePHI.,Required,"Yes - the sponsor receives ePHI beyond summary and enrollment information, so the 164.504(f)(1)(ii)-(iii) exception does not apply",Group (holding company),GV.SC-05,SA-9,SA-9,Author mapping (02_industry-rules/health-care/hipaa-crosswalk-README.md),The plan documents were never amended with the Security Rule terms; the sponsor does apply group safeguards in practice,Plan document,n/a,High,Not met,Plan documents lack the 164.314(b)(2) provisions (scenario gap 3),Moderate,Amend plan documents; re-sign sponsor certification (POAM-022),Group benefits director,2026-12-31,NPRM (90 FR 898) would revise Security Rule terms; not in force
G-125,HIPAA (group health plan; holding company as plan sponsor),N55-R06; N62-R01 (164.314(b)(2)(iv)),45 CFR 164.314(b)(2)(iv),Report security incidents: Amend plan documents to incorporate provisions to require the plan sponsor to report any security incident of which it becomes aware to the group health plan.,Required,"Yes - the sponsor receives ePHI beyond summary and enrollment information, so the 164.504(f)(1)(ii)-(iii) exception does not apply",Group (holding company),GV.SC-05,SA-9,IR-6,Author mapping (02_industry-rules/health-care/hipaa-crosswalk-README.md),The plan documents were never amended with the Security Rule terms; the sponsor does apply group safeguards in practice,Plan document,n/a,High,Not met,Plan documents lack the 164.314(b)(2) provisions (scenario gap 3),Moderate,Amend plan documents; re-sign sponsor certification (POAM-022),Group benefits director,2026-12-31,NPRM (90 FR 898) would revise Security Rule terms; not in force
G-126,HIPAA (group health plan; holding company as plan sponsor),N62-R01 (164.308(a)(1)(ii)(A)),45 CFR 164.308(a)(1)(ii)(A),"Conduct an accurate and thorough assessment of the potential risks and vulnerabilities to the confidentiality, integrity, and availability of ePHI held by the covered entity or business associate.",Required,Yes - the plan is a covered entity,Group (holding company),ID.RA-01; ID.RA-04; ID.RA-05,RA-2; RA-3,RA-2; RA-3,Author mapping (02_industry-rules/health-care/hipaa-crosswalk-README.md),"The plan's ePHI at the sponsor was first analyzed in the 2026 group register (GR-05, GR-20); the administrator's portion relies on its BAA and SOC 2 report",P01; designation letter; BAA,n/a,Medium,Partially met,First plan-specific risk analysis is new and not yet a standalone document,Low,Plan section in the group risk analysis each year,Group benefits director,2027-03-31,NPRM (90 FR 898) proposes more prescriptive requirements; not in force
G-127,HIPAA (group health plan; holding company as plan sponsor),N62-R01 (164.308(a)(2)),45 CFR 164.308(a)(2),HIPAA Standard: Identify the security official who is responsible for the development and implementation of the policies and procedures required by this subpart for the covered entity or business associate.,Standard,Yes - the plan is a covered entity,Group (holding company),GV.RR-02,PM-2,CA-6; PM-2,Author mapping (02_industry-rules/health-care/hipaa-crosswalk-README.md),Group security governance director designated plan security official in 2026,P01; designation letter; BAA,n/a,Medium,Met,None,Very Low,None,Group benefits director,,NPRM (90 FR 898) proposes more prescriptive requirements; not in force
G-128,HIPAA (group health plan; holding company as plan sponsor),N62-R01 (164.308(b)(1)),45 CFR 164.308(b)(1),"HIPAA Standard: A covered entity may permit a business associate to create, receive, maintain, or transmit electronic protected health information on the covered entity’s behalf only if the covered entity obtains satisfactory assurances, in accordance with § 164.314(a), that the business associate w",Standard,Yes - the plan is a covered entity,Group (holding company),GV.SC-05,SA-9,CA-3; PS-7; SA-9,Author mapping (02_industry-rules/health-care/hipaa-crosswalk-README.md),BAA with the third-party administrator (2022) covers required terms,P01; designation letter; BAA,n/a,Medium,Met,None,Very Low,None,Group benefits director,,NPRM (90 FR 898) proposes more prescriptive requirements; not in force
G-129,Florida insurance holding company law,Fla. Stat. 628.801(2),Fla. Stat. 628.801(2),The ultimate controlling person files an annual enterprise risk report by April 1 identifying material risks in the insurance holding company system that could pose enterprise risk to the insurer,Statutory requirement,Yes - the holding company is the ultimate controlling person of two Florida-domiciled insurers,Group (holding company),GV.RM-03; GV.OC-05,PM-9; RA-7,None,Author mapping (no official NIST mapping for this requirement),2026 report filed; cyber risk from shared services described only in general terms,Filed report (confidential under 624.4212),n/a,Medium,Partially met,Shared-service cyber risks that could affect the insurers not specifically assessed (GR-21),Low,"Include GR-01, GR-02, GR-03, and GR-06 in the 2027 report",Group Chief Risk Officer,2027-04-01,None
G-130,Florida Information Protection Act (worked example of state law),Fla. Stat. 501.171(2),Fla. Stat. 501.171(2),Take reasonable measures to protect and secure data in electronic form containing personal information,Statutory requirement,Yes - all entities hold personal information of Florida residents,Group (holding company),GV.OC-03,PM-9,None,Author mapping (no official NIST mapping for this requirement),Group program in place; the High gaps in identity recovery and payment changes weaken it,P01; P07,n/a,High,Partially met,See GR-01 and GR-03,Moderate,Group roadmap items 1 and 2,Group CISO,2027-03-31,None
G-131,Not applicable to this group,N55-R04,12 CFR 225.300-225.303,Federal Reserve computer-security incident notification for bank holding companies,Applicability check,No - see reason,Group (holding company),,,None,Author mapping (no official NIST mapping for this requirement),"Not applicable: no subsidiary is a bank or savings association, so the group is not a bank holding company or savings and loan holding company (12 CFR 225.2(b), (c)(1))",Applicability review 2026-07-15,n/a,Low,Not applicable,None,Very Low,Recheck after structural changes,Group General Counsel,,None
G-132,Not applicable to this group,N55-R05,"12 CFR Part 225, Appendix F",Interagency Guidelines for bank holding companies' customer information,Applicability check,No - see reason,Group (holding company),,,None,Author mapping (no official NIST mapping for this requirement),Not applicable: same reason. GLBA safeguards for the insurers are set by the state insurance authority of the State of domicile (15 U.S.C. 6805(a)(6)); see the Insurance gap table,Applicability review 2026-07-15,n/a,Low,Not applicable,None,Very Low,Recheck after structural changes,Group General Counsel,,None
G-133,Not applicable to this group,N55-R07,6 U.S.C. 681-681g; proposed 6 CFR Part 226,CIRCIA covered cyber incident and ransom payment reports,Applicability check,No - Not yet,Group (holding company),,,None,Author mapping (no official NIST mapping for this requirement),Not applicable today: proposed only; no final rule as of 2026-09-25. Recheck sector criteria for insurance and health care when final,Applicability review 2026-07-15,n/a,Low,Not applicable,None,Very Low,Recheck after structural changes,Group General Counsel,,CIRCIA final rule pending
G-134,Not applicable to this group,FTC Safeguards Rule,16 CFR Part 314,FTC standards for non-bank financial institutions,Applicability check,No - see reason,Group (holding company),,,None,Author mapping (no official NIST mapping for this requirement),"Not applicable: the insurers are under state insurance authorities (15 U.S.C. 6805(a)(6)), and no group entity is a non-bank lender or other FTC-jurisdiction financial institution",Applicability review 2026-07-15,n/a,Low,Not applicable,None,Very Low,Recheck after structural changes,Group General Counsel,,None
