req_id,regulation,citation,requirement_summary,requirement_type,applies_at_this_tier,csf2_subcategories,sp800_53_controls,crosswalk_source,current_state,evidence,status,gap_description,gap_risk_level,remediation_action,owner,target_date,pending_rule_change,sample_population,sample_size,sample_exceptions,scope_entities
G-001,NIST SP 800-53 Rev. 5 (Release 5.2.0) Moderate baseline,AC-1,Policy and Procedures,"Base control, Moderate baseline (SP 800-53B)",Yes: contract for the IBOP (5 state exhibits); enterprise control standard elsewhere,GV.OC-03; GV.PO-01; GV.PO-02; GV.OV-01; GV.SC-03; ID.IM-01; ID.IM-02; ID.IM-03; PR.AA-01; PR.AA-05,AC-1,Official: NIST CSF 2.0 informative references to SP 800-53 Rev. 5.2.0 (00_universal-framework/crosswalks/csf2_to_sp800-53r5.csv),"Access control policy POL-02 and standards STD-02.1 to STD-02.3 (P06) apply to the IBOP. Procedures PRC-02.1 to PRC-02.5 cover provisioning, certification, privileged and OT remote access, break-glass access, and badge enrollment and revocation for customers.",POL-02; STD-02.1; policy portal attestation,Met,,,,,,None,n/a (document review),n/a,n/a,Enterprise (common control inherited by the IBOP)
G-002,NIST SP 800-53 Rev. 5 (Release 5.2.0) Moderate baseline,"AC-2 with (1), (2), (3), (4), (5), (13)",Account Management (with 6 Moderate enhancements),"Base control, Moderate baseline (SP 800-53B)",Yes: contract for the IBOP (5 state exhibits); enterprise control standard elsewhere,PR.AA-01; PR.AA-05; PR.DS-10; DE.CM-01; DE.CM-03,AC-2,Official: NIST CSF 2.0 informative references to SP 800-53 Rev. 5.2.0 (00_universal-framework/crosswalks/csf2_to_sp800-53r5.csv),"Company IBOP accounts (about 1,360) are provisioned by identity governance from HR events and role templates approved by the Vice President, Building Technology Platforms; inactive accounts are disabled after 45 days and certified quarterly. Customer console accounts (about 4,800) are created by customer administrators under STD-02.3. Moderate enhancements (1)-(5) and (13) operate through identity governance.",Identity governance role templates; IBOP account export; P07 AC-2 results,Partially met,AQ-1 legacy directory outside identity governance; inactive and shared customer console accounts,High,Federate AQ-1 identities (POAM-002); automated 90-day disable and quarterly attestation for customer console accounts (POAM-017),Director of Identity and Access Management,2026-12-31,None,"2,140 IBOP account events (2026-01-01 to 2026-06-30); 486 terminations of staff with IBOP accounts (61 AQ-1); 4,800 customer console accounts","60 events; 60 terminations (stratified: 48 enterprise, 12 AQ-1); 100% of console accounts (analytic)",2 AQ-1 terminations disabled 4 and 9 days late; 311 inactive console accounts; 2 tenants with shared logins,IBOP and enterprise (hybrid)
G-003,NIST SP 800-53 Rev. 5 (Release 5.2.0) Moderate baseline,AC-3,Access Enforcement,"Base control, Moderate baseline (SP 800-53B)",Yes: contract for the IBOP (5 state exhibits); enterprise control standard elsewhere,PR.AA-05; PR.DS-10; PR.IR-01,AC-3,Official: NIST CSF 2.0 informative references to SP 800-53 Rev. 5.2.0 (00_universal-framework/crosswalks/csf2_to_sp800-53r5.csv),"The PACS, video, and BAS applications enforce role-based access per customer tenant: ROC operator, credentialing clerk, technician, controls engineer, tenant administrator, and auditor. A user sees only the tenants assigned to the user's ROC region and contracts.",IBOP role matrix approved 2026-03-16; tenant assignment report,Met,,,,,,None,"1,360 company IBOP accounts",25 accounts (random),0,IBOP
G-004,NIST SP 800-53 Rev. 5 (Release 5.2.0) Moderate baseline,AC-4,Information Flow Enforcement,"Base control, Moderate baseline (SP 800-53B)",Yes: contract for the IBOP (5 state exhibits); enterprise control standard elsewhere,ID.AM-03; PR.DS-10; PR.IR-01; DE.CM-09,AC-4,Official: NIST CSF 2.0 informative references to SP 800-53 Rev. 5.2.0 (00_universal-framework/crosswalks/csf2_to_sp800-53r5.csv),Landing zone network policies restrict flows between IBOP tiers; site edge gateways allow only IPsec tunnels to the IBOP and deny inbound internet traffic.,Network policy export; edge gateway rule baseline; P07 SC-7 results,Partially met,No information flow control between customer IT and OT at 214 buildings,Moderate,"OT VLANs with deny-by-default rules, agreed with each customer (POAM-018)",Director of OT Security,2027-06-30,None,n/a (document review),n/a,n/a,IBOP and enterprise (hybrid)
G-005,NIST SP 800-53 Rev. 5 (Release 5.2.0) Moderate baseline,AC-5,Separation of Duties,"Base control, Moderate baseline (SP 800-53B)",Yes: contract for the IBOP (5 state exhibits); enterprise control standard elsewhere,PR.AA-05,AC-5,Official: NIST CSF 2.0 informative references to SP 800-53 Rev. 5.2.0 (00_universal-framework/crosswalks/csf2_to_sp800-53r5.csv),Duties are separated: customers approve access levels and door schedule changes in the FSP; ROC credentialing clerks enter them; tenant auditors (customer staff) review PACS audit reports; IBOP administrators cannot approve their own changes.,Role matrix; FSP approval workflow; P07 AC-5 results,Met,,,,,,None,"1,140 access-level and schedule changes",25 changes (random),0,IBOP
G-006,NIST SP 800-53 Rev. 5 (Release 5.2.0) Moderate baseline,"AC-6 with (1), (2), (5), (7), (9), (10)",Least Privilege (with 6 Moderate enhancements),"Base control, Moderate baseline (SP 800-53B)",Yes: contract for the IBOP (5 state exhibits); enterprise control standard elsewhere,PR.AA-05,AC-6,Official: NIST CSF 2.0 informative references to SP 800-53 Rev. 5.2.0 (00_universal-framework/crosswalks/csf2_to_sp800-53r5.csv),"Least privilege is enforced through role templates. Privileged IBOP server, database, and tenant administration is brokered through PAM with just-in-time elevation; enhancements (1), (2), (5), (7), (9), and (10) operate through PAM and identity governance.",PAM session report; role review 2026-Q2,Partially met,Shared full-rights accounts on AQ-2 legacy instances,Moderate,Migrate AQ-2 campuses to the IBOP and retire shared accounts (POAM-004),"Vice President, Integration Management Office",2027-03-31,None,"2,610 PAM elevation sessions",25 sessions (random),0 in the IBOP; AQ-2 legacy instances use shared full-rights accounts,IBOP and enterprise (hybrid)
G-007,NIST SP 800-53 Rev. 5 (Release 5.2.0) Moderate baseline,AC-7,Unsuccessful Logon Attempts,"Base control, Moderate baseline (SP 800-53B)",Yes: contract for the IBOP (5 state exhibits); enterprise control standard elsewhere,PR.AA-03,AC-7,Official: NIST CSF 2.0 informative references to SP 800-53 Rev. 5.2.0 (00_universal-framework/crosswalks/csf2_to_sp800-53r5.csv),The identity platform locks accounts for 15 minutes after 10 failed attempts and alerts the SOC on password-spraying patterns. The IBOP customer console applies the same rule through SSO.,SSO lockout policy; SOC detection rule ID-07,Met,,,,,,None,n/a (document review),n/a,n/a,Enterprise (common control inherited by the IBOP)
G-008,NIST SP 800-53 Rev. 5 (Release 5.2.0) Moderate baseline,AC-8,System Use Notification,"Base control, Moderate baseline (SP 800-53B)",Yes: contract for the IBOP (5 state exhibits); enterprise control standard elsewhere,PR.AA-05,AC-8,Author mapping (no NIST CSF 2.0 informative reference for this control),"The SSO page and IBOP consoles display the approved system use notification, including monitoring consent and the government-customer data notice.",Banner screenshots,Met,,,,,,None,n/a (document review),n/a,n/a,IBOP and enterprise (hybrid)
G-009,NIST SP 800-53 Rev. 5 (Release 5.2.0) Moderate baseline,AC-11 with (1),Device Lock (with 1 Moderate enhancement),"Base control, Moderate baseline (SP 800-53B)",Yes: contract for the IBOP (5 state exhibits); enterprise control standard elsewhere,PR.AA-05,AC-11,Author mapping (no NIST CSF 2.0 informative reference for this control),"Device lock after 10 minutes on laptops and tablets, and after 15 minutes on ROC consoles (shared video walls are view-only and do not hold sessions); pattern-hiding screen savers enforced by device management.",Device management profile export,Met,,,,,,None,n/a (document review),n/a,n/a,Enterprise (common control inherited by the IBOP)
G-010,NIST SP 800-53 Rev. 5 (Release 5.2.0) Moderate baseline,AC-12,Session Termination,"Base control, Moderate baseline (SP 800-53B)",Yes: contract for the IBOP (5 state exhibits); enterprise control standard elsewhere,PR.AA-03,AC-12,Official: NIST CSF 2.0 informative references to SP 800-53 Rev. 5.2.0 (00_universal-framework/crosswalks/csf2_to_sp800-53r5.csv),IBOP console sessions end after 30 minutes of inactivity and after 12 hours absolute; OT remote access sessions end after 8 hours or at the end of the approved window.,Session configuration,Met,,,,,,None,n/a (document review),n/a,n/a,IBOP
G-011,NIST SP 800-53 Rev. 5 (Release 5.2.0) Moderate baseline,AC-14,Permitted Actions Without Identification or Authentication,"Base control, Moderate baseline (SP 800-53B)",Yes: contract for the IBOP (5 state exhibits); enterprise control standard elsewhere,PR.AA-01,AC-14,Official: NIST CSF 2.0 informative references to SP 800-53 Rev. 5.2.0 (00_universal-framework/crosswalks/csf2_to_sp800-53r5.csv),"No IBOP function is available without identification and authentication. Door controllers act on badge reads by design; this is a customer physical-access function, not a system administration action.",Configuration review,Met,,,,,,None,n/a (document review),n/a,n/a,IBOP
G-012,NIST SP 800-53 Rev. 5 (Release 5.2.0) Moderate baseline,"AC-17 with (1), (2), (3), (4)",Remote Access (with 4 Moderate enhancements),"Base control, Moderate baseline (SP 800-53B)",Yes: contract for the IBOP (5 state exhibits); enterprise control standard elsewhere,PR.AA-05,AC-17,Official: NIST CSF 2.0 informative references to SP 800-53 Rev. 5.2.0 (00_universal-framework/crosswalks/csf2_to_sp800-53r5.csv),"Company technicians and subcontractors reach customer OT networks only through the PAM-brokered OT remote access gateway, with MFA, per-session approval tied to an FSP ticket, and session recording; enhancements (1) to (4) are implemented there.",Gateway policy; session recordings; P07 AC-17 results,Partially met,Legacy always-on remote-support tool at 142 AQ-1 sites,Very High,Migrate the 142 sites to the gateway and remove the legacy tool (POAM-001),"Vice President, Integration Management Office",2027-01-31,"NIST SP 800-82 Rev. 4 initial public draft (2026-09-21; comments due 2026-11-30) adds building automation and physical access control examples; draft only, Rev. 3 remains the OT reference","About 1,480 sites; 3 remote access paths",100% of paths; 25 gateway sessions (random),Legacy tool path at 142 AQ-1 sites,IBOP and enterprise (hybrid)
G-013,NIST SP 800-53 Rev. 5 (Release 5.2.0) Moderate baseline,"AC-18 with (1), (3)",Wireless Access (with 2 Moderate enhancements),"Base control, Moderate baseline (SP 800-53B)",Yes: contract for the IBOP (5 state exhibits); enterprise control standard elsewhere,PR.AA-05,AC-18,Official: NIST CSF 2.0 informative references to SP 800-53 Rev. 5.2.0 (00_universal-framework/crosswalks/csf2_to_sp800-53r5.csv),Wireless at ROCs is WPA3-Enterprise with certificate authentication; site edge gateways have wireless disabled; wireless BAS sensors at customer sites use the vendor's encrypted mesh and are inventoried as OT devices.,Wireless controller configuration; edge baseline,Met,,,,,,None,n/a (document review),n/a,n/a,IBOP and enterprise (hybrid)
G-014,NIST SP 800-53 Rev. 5 (Release 5.2.0) Moderate baseline,AC-19 with (5),Access Control for Mobile Devices (with 1 Moderate enhancement),"Base control, Moderate baseline (SP 800-53B)",Yes: contract for the IBOP (5 state exhibits); enterprise control standard elsewhere,PR.AA-05,AC-19,Official: NIST CSF 2.0 informative references to SP 800-53 Rev. 5.2.0 (00_universal-framework/crosswalks/csf2_to_sp800-53r5.csv),"Rugged tablets and laptops are enrolled in device management with full-device encryption (enhancement (5)), remote wipe, and the approved app list.",Device management compliance report,Met,,,,,,None,n/a (document review),n/a,n/a,Enterprise (common control inherited by the IBOP)
G-015,NIST SP 800-53 Rev. 5 (Release 5.2.0) Moderate baseline,"AC-20 with (1), (2)",Use of External Systems (with 2 Moderate enhancements),"Base control, Moderate baseline (SP 800-53B)",Yes: contract for the IBOP (5 state exhibits); enterprise control standard elsewhere,ID.AM-02; ID.AM-04,AC-20,Official: NIST CSF 2.0 informative references to SP 800-53 Rev. 5.2.0 (00_universal-framework/crosswalks/csf2_to_sp800-53r5.csv),"Use of external systems is limited to approved services; subcontractors use company-issued gateway accounts, not their own tools, to reach customer OT (except the AQ-1 legacy tool, tracked under AC-17). Enhancements (1) and (2) are enforced by device management and data loss prevention.",STD-02.3; DLP policy,Met,,,,,,None,n/a (document review),n/a,n/a,IBOP and enterprise (hybrid)
G-016,NIST SP 800-53 Rev. 5 (Release 5.2.0) Moderate baseline,AC-21,Information Sharing,"Base control, Moderate baseline (SP 800-53B)",Yes: contract for the IBOP (5 state exhibits); enterprise control standard elsewhere,PR.DS-10,AC-21,Author mapping (no NIST CSF 2.0 informative reference for this control),"Sharing of cardholder data, video exports, and drawings with customers, law enforcement, and subcontractors follows PRC-04.1 and the customer's written request; exports are logged.",Export log; PRC-04.1,Met,,,,,,None,n/a (document review),n/a,n/a,IBOP
G-017,NIST SP 800-53 Rev. 5 (Release 5.2.0) Moderate baseline,AC-22,Publicly Accessible Content,"Base control, Moderate baseline (SP 800-53B)",Yes: contract for the IBOP (5 state exhibits); enterprise control standard elsewhere,PR.DS-10,AC-22,Author mapping (no NIST CSF 2.0 informative reference for this control),Only Corporate Communications posts to public sites; IBOP and building information is never published. Customer drawings are excluded from proposals and marketing.,Publishing procedure; quarterly review,Met,,,,,,None,n/a (document review),n/a,n/a,Enterprise (common control inherited by the IBOP)
G-018,NIST SP 800-53 Rev. 5 (Release 5.2.0) Moderate baseline,AT-1,Policy and Procedures,"Base control, Moderate baseline (SP 800-53B)",Yes: contract for the IBOP (5 state exhibits); enterprise control standard elsewhere,GV.OC-03; GV.PO-01; GV.PO-02; GV.OV-01; GV.SC-03; ID.IM-01; ID.IM-02; ID.IM-03,AT-1,Official: NIST CSF 2.0 informative references to SP 800-53 Rev. 5.2.0 (00_universal-framework/crosswalks/csf2_to_sp800-53r5.csv),"Awareness and training requirements are set by POL-05 and STD-05.1 (P06), including role-based OT, CUI, CJIS, and privileged-user training.",POL-05; STD-05.1,Met,,,,,,None,n/a (document review),n/a,n/a,Enterprise (common control inherited by the IBOP)
G-019,NIST SP 800-53 Rev. 5 (Release 5.2.0) Moderate baseline,"AT-2 with (2), (3)",Literacy Training and Awareness (with 2 Moderate enhancements),"Base control, Moderate baseline (SP 800-53B)",Yes: contract for the IBOP (5 state exhibits); enterprise control standard elsewhere,PR.AT-01,AT-2,Official: NIST CSF 2.0 informative references to SP 800-53 Rev. 5.2.0 (00_universal-framework/crosswalks/csf2_to_sp800-53r5.csv),"All staff complete security awareness training at hire and annually, with monthly phishing simulations (enhancement (2)) and insider threat content (enhancement (3)). Completion was 97% for 2025-2026.",Learning system report; phishing dashboard,Met,,,,,,None,"12,000 staff",60 training records (random),0,Enterprise (common control inherited by the IBOP)
G-020,NIST SP 800-53 Rev. 5 (Release 5.2.0) Moderate baseline,AT-3,Role-based Training,"Base control, Moderate baseline (SP 800-53B)",Yes: contract for the IBOP (5 state exhibits); enterprise control standard elsewhere,PR.AT-01; PR.AT-02,AT-3,Official: NIST CSF 2.0 informative references to SP 800-53 Rev. 5.2.0 (00_universal-framework/crosswalks/csf2_to_sp800-53r5.csv),"Role-based training is required for ROC operators, controls technicians, privileged IBOP administrators, CUI custodians, and staff with unescorted access to public safety buildings (CJIS AT-3 topics).",Learning system records; customer CJIS training rosters; P07 AT-3 results,Partially met,Lapsed CJIS role-based training for technicians at public safety buildings,Moderate,Automated expiry alerts and site access holds for lapsed training (POAM-019),Chief Human Resources Officer,2026-11-30,None,412 technicians assigned to public safety buildings,40 records (random),4 lapsed CJIS role-based training,IBOP and enterprise (hybrid)
G-021,NIST SP 800-53 Rev. 5 (Release 5.2.0) Moderate baseline,AT-4,Training Records,"Base control, Moderate baseline (SP 800-53B)",Yes: contract for the IBOP (5 state exhibits); enterprise control standard elsewhere,PR.AT-01,AT-4,Author mapping (no NIST CSF 2.0 informative reference for this control),Training records are kept in the learning system for 5 years and exported to customers on request.,Learning system retention setting,Met,,,,,,None,n/a (document review),n/a,n/a,Enterprise (common control inherited by the IBOP)
G-022,NIST SP 800-53 Rev. 5 (Release 5.2.0) Moderate baseline,AU-1,Policy and Procedures,"Base control, Moderate baseline (SP 800-53B)",Yes: contract for the IBOP (5 state exhibits); enterprise control standard elsewhere,GV.OC-03; GV.PO-01; GV.PO-02; GV.OV-01; GV.SC-03; ID.IM-01; ID.IM-02; ID.IM-03,AU-1,Official: NIST CSF 2.0 informative references to SP 800-53 Rev. 5.2.0 (00_universal-framework/crosswalks/csf2_to_sp800-53r5.csv),Logging requirements are set by POL-01 and STD-01.4 Audit Logging and Monitoring.,STD-01.4,Met,,,,,,None,n/a (document review),n/a,n/a,Enterprise (common control inherited by the IBOP)
G-023,NIST SP 800-53 Rev. 5 (Release 5.2.0) Moderate baseline,AU-2,Event Logging,"Base control, Moderate baseline (SP 800-53B)",Yes: contract for the IBOP (5 state exhibits); enterprise control standard elsewhere,PR.PS-04,AU-2,Official: NIST CSF 2.0 informative references to SP 800-53 Rev. 5.2.0 (00_universal-framework/crosswalks/csf2_to_sp800-53r5.csv),"Logged events include IBOP logons, PACS cardholder and access-level changes, door schedule and manual unlock commands, BAS setpoint, schedule, and program changes, gateway sessions, and edge gateway administration.",STD-01.4 event list; SIEM source inventory; P07 AU-2 results,Partially met,Event sources at AQ-1 and AQ-2 not collected,Moderate,Onboard remaining sources or retire them with migration (POAM-006),Director of Security Operations,2026-12-31,None,See P07 assessment-plan.md,P07 sample,See P07 results,IBOP and enterprise (hybrid)
G-024,NIST SP 800-53 Rev. 5 (Release 5.2.0) Moderate baseline,AU-3 with (1),Content of Audit Records (with 1 Moderate enhancement),"Base control, Moderate baseline (SP 800-53B)",Yes: contract for the IBOP (5 state exhibits); enterprise control standard elsewhere,PR.PS-04,AU-3,Official: NIST CSF 2.0 informative references to SP 800-53 Rev. 5.2.0 (00_universal-framework/crosswalks/csf2_to_sp800-53r5.csv),"Records include user, tenant, building, device, action, old and new value, time, and source address; enhancement (1) adds the FSP ticket number for door schedule and program changes.",Sample audit records,Met,,,,,,None,n/a (document review),n/a,n/a,IBOP
G-025,NIST SP 800-53 Rev. 5 (Release 5.2.0) Moderate baseline,AU-4,Audit Log Storage Capacity,"Base control, Moderate baseline (SP 800-53B)",Yes: contract for the IBOP (5 state exhibits); enterprise control standard elsewhere,PR.PS-04,AU-4,Author mapping (no NIST CSF 2.0 informative reference for this control),Log archive storage in the landing zone scales automatically; SIEM licensing covers 120% of current volume.,Capacity report,Met,,,,,,None,n/a (document review),n/a,n/a,Enterprise (common control inherited by the IBOP)
G-026,NIST SP 800-53 Rev. 5 (Release 5.2.0) Moderate baseline,AU-5,Response to Audit Logging Process Failures,"Base control, Moderate baseline (SP 800-53B)",Yes: contract for the IBOP (5 state exhibits); enterprise control standard elsewhere,PR.PS-04,AU-5,Author mapping (no NIST CSF 2.0 informative reference for this control),The SIEM alerts the SOC within 15 minutes when an IBOP log source stops sending.,SIEM health rule,Met,,,,,,None,n/a (document review),n/a,n/a,Enterprise (common control inherited by the IBOP)
G-027,NIST SP 800-53 Rev. 5 (Release 5.2.0) Moderate baseline,"AU-6 with (1), (3)","Audit Record Review, Analysis, and Reporting (with 2 Moderate enhancements)","Base control, Moderate baseline (SP 800-53B)",Yes: contract for the IBOP (5 state exhibits); enterprise control standard elsewhere,PR.PS-04; DE.AE-02; DE.AE-03,AU-6,Official: NIST CSF 2.0 informative references to SP 800-53 Rev. 5.2.0 (00_universal-framework/crosswalks/csf2_to_sp800-53r5.csv),"The SOC reviews IBOP alerts continuously and the OT security team reviews PACS and BAS change reports weekly; enhancements (1) and (3) correlate IBOP, identity, and physical access events.",SOC review records; P07 AU-6 results,Partially met,Weekly review not always documented; AQ sources unreviewed,Moderate,Review workflow in the SOC case tool with sign-off; onboard AQ sources (POAM-006),Director of Security Operations,2026-12-31,None,26 weeks of OT change report reviews,5 weeks (random),2 weeks without documented review,IBOP and enterprise (hybrid)
G-028,NIST SP 800-53 Rev. 5 (Release 5.2.0) Moderate baseline,AU-7 with (1),Audit Record Reduction and Report Generation (with 1 Moderate enhancement),"Base control, Moderate baseline (SP 800-53B)",Yes: contract for the IBOP (5 state exhibits); enterprise control standard elsewhere,PR.PS-04; RS.AN-03; RS.AN-06; RS.AN-07,AU-7,Official: NIST CSF 2.0 informative references to SP 800-53 Rev. 5.2.0 (00_universal-framework/crosswalks/csf2_to_sp800-53r5.csv),SIEM search and reporting support on-demand reduction and customer-specific audit reports without altering originals (enhancement (1)).,SIEM report templates,Met,,,,,,None,n/a (document review),n/a,n/a,Enterprise (common control inherited by the IBOP)
G-029,NIST SP 800-53 Rev. 5 (Release 5.2.0) Moderate baseline,AU-8,Time Stamps,"Base control, Moderate baseline (SP 800-53B)",Yes: contract for the IBOP (5 state exhibits); enterprise control standard elsewhere,PR.PS-04,AU-8,Author mapping (no NIST CSF 2.0 informative reference for this control),Cloud services and site edge gateways synchronize to authoritative time sources; field controllers sync to the edge gateway hourly.,Time configuration,Met,,,,,,None,n/a (document review),n/a,n/a,Enterprise (common control inherited by the IBOP)
G-030,NIST SP 800-53 Rev. 5 (Release 5.2.0) Moderate baseline,AU-9 with (4),Protection of Audit Information (with 1 Moderate enhancement),"Base control, Moderate baseline (SP 800-53B)",Yes: contract for the IBOP (5 state exhibits); enterprise control standard elsewhere,PR.DS-10,AU-9,Official: NIST CSF 2.0 informative references to SP 800-53 Rev. 5.2.0 (00_universal-framework/crosswalks/csf2_to_sp800-53r5.csv),Logs are written to a separate log archive account with write-once retention; only the SOC can read them (enhancement (4)).,Archive account policy,Met,,,,,,None,n/a (document review),n/a,n/a,Enterprise (common control inherited by the IBOP)
G-031,NIST SP 800-53 Rev. 5 (Release 5.2.0) Moderate baseline,AU-11,Audit Record Retention,"Base control, Moderate baseline (SP 800-53B)",Yes: contract for the IBOP (5 state exhibits); enterprise control standard elsewhere,PR.PS-04,AU-11,Official: NIST CSF 2.0 informative references to SP 800-53 Rev. 5.2.0 (00_universal-framework/crosswalks/csf2_to_sp800-53r5.csv),"IBOP audit records are kept 1 year online and 3 years in the archive, longer where a customer contract or records schedule requires.",Retention configuration; contract retention matrix,Met,,,,,,None,n/a (document review),n/a,n/a,Enterprise (common control inherited by the IBOP)
G-032,NIST SP 800-53 Rev. 5 (Release 5.2.0) Moderate baseline,AU-12,Audit Record Generation,"Base control, Moderate baseline (SP 800-53B)",Yes: contract for the IBOP (5 state exhibits); enterprise control standard elsewhere,PR.PS-04; DE.CM-01; DE.CM-03; DE.CM-09,AU-12,Official: NIST CSF 2.0 informative references to SP 800-53 Rev. 5.2.0 (00_universal-framework/crosswalks/csf2_to_sp800-53r5.csv),"IBOP applications, servers, the gateway, and edge gateways generate the AU-2 events.",Configuration review,Partially met,AQ sources do not generate centrally collected records,Moderate,POAM-006,Director of Security Operations,2026-12-31,None,See P07 assessment-plan.md,P07 sample,See P07 results,IBOP and enterprise (hybrid)
G-033,NIST SP 800-53 Rev. 5 (Release 5.2.0) Moderate baseline,CA-1,Policy and Procedures,"Base control, Moderate baseline (SP 800-53B)",Yes: contract for the IBOP (5 state exhibits); enterprise control standard elsewhere,GV.OC-03; GV.PO-01; GV.PO-02; GV.OV-01; GV.SC-03; ID.IM-01; ID.IM-02; ID.IM-03,CA-1,Official: NIST CSF 2.0 informative references to SP 800-53 Rev. 5.2.0 (00_universal-framework/crosswalks/csf2_to_sp800-53r5.csv),"Assessment, authorization, and monitoring requirements are set by POL-01 and STD-01.2.",STD-01.2,Met,,,,,,None,n/a (document review),n/a,n/a,Enterprise (common control inherited by the IBOP)
G-034,NIST SP 800-53 Rev. 5 (Release 5.2.0) Moderate baseline,CA-2 with (1),Control Assessments (with 1 Moderate enhancement),"Base control, Moderate baseline (SP 800-53B)",Yes: contract for the IBOP (5 state exhibits); enterprise control standard elsewhere,ID.RA-01; ID.IM-01; ID.IM-02; ID.IM-03,CA-2,Official: NIST CSF 2.0 informative references to SP 800-53 Rev. 5.2.0 (00_universal-framework/crosswalks/csf2_to_sp800-53r5.csv),Internal Audit assesses the IBOP annually with SP 800-53A procedures and statistical sampling (P07); assessors are independent of IBOP operations (enhancement (1)). The 2026 assessment also serves as the annual independent assessment the state exhibits require.,P07 assessment plan and report,Met,,,,,,None,See P07 assessment-plan.md,P07 sample,See P07 results,Enterprise (common control inherited by the IBOP)
G-035,NIST SP 800-53 Rev. 5 (Release 5.2.0) Moderate baseline,CA-3,Information Exchange,"Base control, Moderate baseline (SP 800-53B)",Yes: contract for the IBOP (5 state exhibits); enterprise control standard elsewhere,ID.AM-03; PR.DS-01; PR.DS-02; PR.DS-10,CA-3,Official: NIST CSF 2.0 informative references to SP 800-53 Rev. 5.2.0 (00_universal-framework/crosswalks/csf2_to_sp800-53r5.csv),Connections to customer networks are documented in each customer's interconnection exhibit.,Interconnection exhibit register,Partially met,Missing interconnection exhibits for 21 customers,Low,Sign exhibits at contract renewal or within 6 months,"Vice President, Building Technology Platforms",2027-03-31,None,n/a (document review),n/a,n/a,IBOP
G-036,NIST SP 800-53 Rev. 5 (Release 5.2.0) Moderate baseline,CA-5,Plan of Action and Milestones,"Base control, Moderate baseline (SP 800-53B)",Yes: contract for the IBOP (5 state exhibits); enterprise control standard elsewhere,ID.IM-01; ID.IM-02; ID.IM-03,CA-5,Official: NIST CSF 2.0 informative references to SP 800-53 Rev. 5.2.0 (00_universal-framework/crosswalks/csf2_to_sp800-53r5.csv),"The IBOP POA&M is kept in the GRC platform, reviewed monthly by the executive risk committee, and shared with state customers quarterly under their exhibits (P07 poam.csv).",GRC platform POA&M report,Met,,,,,,None,n/a (document review),n/a,n/a,Enterprise (common control inherited by the IBOP)
G-037,NIST SP 800-53 Rev. 5 (Release 5.2.0) Moderate baseline,CA-6,Authorization,"Base control, Moderate baseline (SP 800-53B)",Yes: contract for the IBOP (5 state exhibits); enterprise control standard elsewhere,GV.RR-01,CA-6,Author mapping (no NIST CSF 2.0 informative reference for this control),The Chief Operating Officer is the authorizing official equivalent and granted a conditional authorization on 2026-09-14 (section 4.2 of the SSP). The decision and SSP are provided to the 5 state customers.,Authorization memo 2026-09-14,Met,,,,,,None,n/a (document review),n/a,n/a,IBOP
G-038,NIST SP 800-53 Rev. 5 (Release 5.2.0) Moderate baseline,"CA-7 with (1), (4)",Continuous Monitoring (with 2 Moderate enhancements),"Base control, Moderate baseline (SP 800-53B)",Yes: contract for the IBOP (5 state exhibits); enterprise control standard elsewhere,ID.RA-01; ID.RA-07; ID.IM-01; ID.IM-02; ID.IM-03; DE.CM-01; DE.CM-02; DE.CM-03; DE.CM-06; DE.CM-09; DE.AE-02; DE.AE-03,CA-7,Official: NIST CSF 2.0 informative references to SP 800-53 Rev. 5.2.0 (00_universal-framework/crosswalks/csf2_to_sp800-53r5.csv),"Continuous monitoring covers cloud posture daily, vulnerability scans weekly, and OT passive network monitoring; metrics go monthly to the executive risk committee (enhancements (1) and (4)).",Monthly metrics package; OT sensor coverage report,Partially met,OT monitoring coverage 61%,High,"Deploy sensors to remaining buildings, AQ sites first (POAM-005)",Director of OT Security,2027-06-30,None,See P07 assessment-plan.md,P07 sample,See P07 results,IBOP and enterprise (hybrid)
G-039,NIST SP 800-53 Rev. 5 (Release 5.2.0) Moderate baseline,CA-9,Internal System Connections,"Base control, Moderate baseline (SP 800-53B)",Yes: contract for the IBOP (5 state exhibits); enterprise control standard elsewhere,ID.AM-03,CA-9,Official: NIST CSF 2.0 informative references to SP 800-53 Rev. 5.2.0 (00_universal-framework/crosswalks/csf2_to_sp800-53r5.csv),"Internal connections between IBOP tiers, the gateway, and shared services are listed in the architecture register and approved through change control.",Internal connection register,Met,,,,,,None,n/a (document review),n/a,n/a,IBOP
G-040,NIST SP 800-53 Rev. 5 (Release 5.2.0) Moderate baseline,CM-1,Policy and Procedures,"Base control, Moderate baseline (SP 800-53B)",Yes: contract for the IBOP (5 state exhibits); enterprise control standard elsewhere,GV.OC-03; GV.PO-01; GV.PO-02; GV.OV-01; GV.SC-03; ID.IM-01; ID.IM-02; ID.IM-03; PR.PS-01,CM-1,Official: NIST CSF 2.0 informative references to SP 800-53 Rev. 5.2.0 (00_universal-framework/crosswalks/csf2_to_sp800-53r5.csv),"Configuration management requirements are set by POL-01, STD-01.5, and PRC-01.3.",STD-01.5,Met,,,,,,None,n/a (document review),n/a,n/a,Enterprise (common control inherited by the IBOP)
G-041,NIST SP 800-53 Rev. 5 (Release 5.2.0) Moderate baseline,"CM-2 with (2), (3), (7)",Baseline Configuration (with 3 Moderate enhancements),"Base control, Moderate baseline (SP 800-53B)",Yes: contract for the IBOP (5 state exhibits); enterprise control standard elsewhere,PR.PS-01,CM-2,Official: NIST CSF 2.0 informative references to SP 800-53 Rev. 5.2.0 (00_universal-framework/crosswalks/csf2_to_sp800-53r5.csv),"Baselines are defined as code for IBOP servers and as templates for edge gateways, kept in the repository with prior versions (enhancements (2), (3), (7) for ROC laptops used abroad are not applicable; no foreign travel with IBOP access).",Baseline repository; edge template report,Partially met,AQ legacy components off baseline,Moderate,Bring AQ components onto baselines with migration (POAM-001; POAM-004),IBOP Platform Manager,2027-03-31,None,See P07 assessment-plan.md,P07 sample,See P07 results,IBOP and enterprise (hybrid)
G-042,NIST SP 800-53 Rev. 5 (Release 5.2.0) Moderate baseline,"CM-3 with (2), (4)",Configuration Change Control (with 2 Moderate enhancements),"Base control, Moderate baseline (SP 800-53B)",Yes: contract for the IBOP (5 state exhibits); enterprise control standard elsewhere,ID.RA-07; PR.PS-01; DE.CM-01; DE.CM-09,CM-3,Official: NIST CSF 2.0 informative references to SP 800-53 Rev. 5.2.0 (00_universal-framework/crosswalks/csf2_to_sp800-53r5.csv),"Changes to IBOP software, controller programs, and door schedules follow PRC-01.3: FSP ticket, customer approval where the change affects a building, peer review, and the change advisory board for platform changes (enhancements (2) and (4)).",Change records; CAB minutes; P07 CM-3 results,Met,,,,,,None,"1,140 IBOP and program changes (2026-01-01 to 2026-06-30)",40 changes (random),0,IBOP
G-043,NIST SP 800-53 Rev. 5 (Release 5.2.0) Moderate baseline,CM-4 with (2),Impact Analyses (with 1 Moderate enhancement),"Base control, Moderate baseline (SP 800-53B)",Yes: contract for the IBOP (5 state exhibits); enterprise control standard elsewhere,ID.RA-07; PR.PS-01,CM-4,Official: NIST CSF 2.0 informative references to SP 800-53 Rev. 5.2.0 (00_universal-framework/crosswalks/csf2_to_sp800-53r5.csv),"Impact analyses are recorded on change tickets, and security reviews are required for platform releases and new integrations (enhancement (2) verification after change).",Change ticket fields,Met,,,,,,None,n/a (document review),n/a,n/a,IBOP
G-044,NIST SP 800-53 Rev. 5 (Release 5.2.0) Moderate baseline,CM-5,Access Restrictions for Change,"Base control, Moderate baseline (SP 800-53B)",Yes: contract for the IBOP (5 state exhibits); enterprise control standard elsewhere,PR.PS-01,CM-5,Official: NIST CSF 2.0 informative references to SP 800-53 Rev. 5.2.0 (00_universal-framework/crosswalks/csf2_to_sp800-53r5.csv),Only the release pipeline and PAM-elevated engineers can change IBOP servers; controller program pushes require an approved ticket.,Pipeline permissions; PAM report,Met,,,,,,None,n/a (document review),n/a,n/a,IBOP and enterprise (hybrid)
G-045,NIST SP 800-53 Rev. 5 (Release 5.2.0) Moderate baseline,CM-6,Configuration Settings,"Base control, Moderate baseline (SP 800-53B)",Yes: contract for the IBOP (5 state exhibits); enterprise control standard elsewhere,PR.PS-01; DE.CM-09,CM-6,Official: NIST CSF 2.0 informative references to SP 800-53 Rev. 5.2.0 (00_universal-framework/crosswalks/csf2_to_sp800-53r5.csv),"Configuration settings follow hardened benchmarks for servers and vendor hardening guides for PACS, BAS, and edge gateways.",Configuration compliance report; P07 CM-6 and IA-5 results,Partially met,Default credentials on field devices,High,Credential sweep of all AQ sites and field devices; check in commissioning (POAM-003),Director of OT Security,2026-12-31,"NIST SP 800-82 Rev. 4 initial public draft (2026-09-21; comments due 2026-11-30) adds building automation and physical access control examples; draft only, Rev. 3 remains the OT reference","About 73,550 field devices (controllers, door controllers, recording servers)","60 devices at 6 sites (stratified, including AQ-1 and AQ-2)",5 with vendor default credentials,IBOP and enterprise (hybrid)
G-046,NIST SP 800-53 Rev. 5 (Release 5.2.0) Moderate baseline,"CM-7 with (1), (2), (5)",Least Functionality (with 3 Moderate enhancements),"Base control, Moderate baseline (SP 800-53B)",Yes: contract for the IBOP (5 state exhibits); enterprise control standard elsewhere,PR.PS-01,CM-7,Official: NIST CSF 2.0 informative references to SP 800-53 Rev. 5.2.0 (00_universal-framework/crosswalks/csf2_to_sp800-53r5.csv),"Servers run only required services; edge gateways expose no inbound services from the internet; engineering workstations use application allowlisting (enhancements (1), (2), (5)).",Port baseline; allowlist policy,Met,,,,,,None,n/a (document review),n/a,n/a,IBOP and enterprise (hybrid)
G-047,NIST SP 800-53 Rev. 5 (Release 5.2.0) Moderate baseline,"CM-8 with (1), (3)",System Component Inventory (with 2 Moderate enhancements),"Base control, Moderate baseline (SP 800-53B)",Yes: contract for the IBOP (5 state exhibits); enterprise control standard elsewhere,ID.AM-01; ID.AM-02; PR.PS-01,CM-8,Official: NIST CSF 2.0 informative references to SP 800-53 Rev. 5.2.0 (00_universal-framework/crosswalks/csf2_to_sp800-53r5.csv),"IBOP components are inventoried in the configuration management database; field devices are inventoried per building from commissioning records and passive discovery (enhancements (1), (3)).",CMDB; passive discovery reports; P07 CM-8 results,Partially met,Field device inventory incomplete,Moderate,Reconcile inventories with passive discovery and site walkdowns (POAM-009),Director of OT Security,2027-03-31,"NIST SP 800-82 Rev. 4 initial public draft (2026-09-21; comments due 2026-11-30) adds building automation and physical access control examples; draft only, Rev. 3 remains the OT reference","About 73,550 field devices",60 devices traced at 6 sites,9 not in the inventory,IBOP and enterprise (hybrid)
G-048,NIST SP 800-53 Rev. 5 (Release 5.2.0) Moderate baseline,CM-9,Configuration Management Plan,"Base control, Moderate baseline (SP 800-53B)",Yes: contract for the IBOP (5 state exhibits); enterprise control standard elsewhere,ID.AM-08; PR.PS-01,CM-9,Official: NIST CSF 2.0 informative references to SP 800-53 Rev. 5.2.0 (00_universal-framework/crosswalks/csf2_to_sp800-53r5.csv),"The IBOP configuration management plan defines configuration items, roles, and the program repository.",CM plan v3,Met,,,,,,None,n/a (document review),n/a,n/a,IBOP
G-049,NIST SP 800-53 Rev. 5 (Release 5.2.0) Moderate baseline,CM-10,Software Usage Restrictions,"Base control, Moderate baseline (SP 800-53B)",Yes: contract for the IBOP (5 state exhibits); enterprise control standard elsewhere,PR.PS-01; DE.CM-03; DE.CM-09,CM-10,Official: NIST CSF 2.0 informative references to SP 800-53 Rev. 5.2.0 (00_universal-framework/crosswalks/csf2_to_sp800-53r5.csv),"Software licenses for PACS, BAS, and video products are tracked per tenant and building.",License register,Met,,,,,,None,n/a (document review),n/a,n/a,Enterprise (common control inherited by the IBOP)
G-050,NIST SP 800-53 Rev. 5 (Release 5.2.0) Moderate baseline,CM-11,User-installed Software,"Base control, Moderate baseline (SP 800-53B)",Yes: contract for the IBOP (5 state exhibits); enterprise control standard elsewhere,PR.PS-01; PR.PS-02; DE.CM-03; DE.CM-09,CM-11,Official: NIST CSF 2.0 informative references to SP 800-53 Rev. 5.2.0 (00_universal-framework/crosswalks/csf2_to_sp800-53r5.csv),"Users cannot install software on ROC consoles, laptops, or tablets; engineering tools are packaged and approved.",Device management policy,Met,,,,,,None,n/a (document review),n/a,n/a,Enterprise (common control inherited by the IBOP)
G-051,NIST SP 800-53 Rev. 5 (Release 5.2.0) Moderate baseline,CM-12 with (1),Information Location (with 1 Moderate enhancement),"Base control, Moderate baseline (SP 800-53B)",Yes: contract for the IBOP (5 state exhibits); enterprise control standard elsewhere,ID.AM-07,CM-12,Official: NIST CSF 2.0 informative references to SP 800-53 Rev. 5.2.0 (00_universal-framework/crosswalks/csf2_to_sp800-53r5.csv),"The data map records where cardholder data, face templates, video, and drawings are stored, by tenant and region (enhancement (1) automated discovery for cloud stores).",Data map; discovery tool report,Met,,,,,,None,n/a (document review),n/a,n/a,IBOP
G-052,NIST SP 800-53 Rev. 5 (Release 5.2.0) Moderate baseline,CP-1,Policy and Procedures,"Base control, Moderate baseline (SP 800-53B)",Yes: contract for the IBOP (5 state exhibits); enterprise control standard elsewhere,GV.OC-03; GV.PO-01; GV.PO-02; GV.OV-01; GV.SC-03; GV.SC-08; ID.IM-01; ID.IM-02; ID.IM-03,CP-1,Official: NIST CSF 2.0 informative references to SP 800-53 Rev. 5.2.0 (00_universal-framework/crosswalks/csf2_to_sp800-53r5.csv),"Contingency planning requirements are set by POL-03 and STD-03.3, including building manual-mode procedures (PRC-03.4).",STD-03.3,Met,,,,,,None,n/a (document review),n/a,n/a,Enterprise (common control inherited by the IBOP)
G-053,NIST SP 800-53 Rev. 5 (Release 5.2.0) Moderate baseline,"CP-2 with (1), (3), (8)",Contingency Plan (with 3 Moderate enhancements),"Base control, Moderate baseline (SP 800-53B)",Yes: contract for the IBOP (5 state exhibits); enterprise control standard elsewhere,ID.IM-01; ID.IM-02; ID.IM-03; ID.IM-04; PR.IR-02; RC.RP-03; RC.CO-04,CP-2,Official: NIST CSF 2.0 informative references to SP 800-53 Rev. 5.2.0 (00_universal-framework/crosswalks/csf2_to_sp800-53r5.csv),"The IBOP contingency plan (v5) uses the BIA objectives (P05: BP-01 RTO 2 h, BP-02 RTO 4 h, BP-03 RTO 8 h), coordinates with customer manual-mode procedures (enhancement (1)), plans capacity (enhancement (3)), and names critical assets (enhancement (8)).",Contingency plan v5; ROC failover exercise report 2026-04-22,Partially met,ROC absorption and notification provider gaps,Moderate,Cross-train ROC staff for 24-hour absorption; contract a second paging provider (POAM-025),"Vice President, Remote Operations",2027-06-30,"NIST SP 800-82 Rev. 4 initial public draft (2026-09-21; comments due 2026-11-30) adds building automation and physical access control examples; draft only, Rev. 3 remains the OT reference",See P07 assessment-plan.md,P07 sample,See P07 results,IBOP and enterprise (hybrid)
G-054,NIST SP 800-53 Rev. 5 (Release 5.2.0) Moderate baseline,CP-3,Contingency Training,"Base control, Moderate baseline (SP 800-53B)",Yes: contract for the IBOP (5 state exhibits); enterprise control standard elsewhere,PR.AT-02,CP-3,Author mapping (no NIST CSF 2.0 informative reference for this control),ROC operators and IBOP engineers complete contingency training annually; ROC staff rehearse failover quarterly.,Training records,Met,,,,,,None,n/a (document review),n/a,n/a,Enterprise (common control inherited by the IBOP)
G-055,NIST SP 800-53 Rev. 5 (Release 5.2.0) Moderate baseline,CP-4 with (1),Contingency Plan Testing (with 1 Moderate enhancement),"Base control, Moderate baseline (SP 800-53B)",Yes: contract for the IBOP (5 state exhibits); enterprise control standard elsewhere,ID.IM-02; RC.RP-03,CP-4,Official: NIST CSF 2.0 informative references to SP 800-53 Rev. 5.2.0 (00_universal-framework/crosswalks/csf2_to_sp800-53r5.csv),The plan is tested annually with a regional failover test (enhancement (1) coordinates with customer exercises).,Failover test report 2026-05-09,Partially met,Program repository and GSA exercises not tested,Moderate,Full-scale repository restore test (POAM-008); GSA exercises (POAM-023),"Vice President, Building Technology Platforms",2027-03-31,None,See P07 assessment-plan.md,P07 sample,See P07 results,IBOP and enterprise (hybrid)
G-056,NIST SP 800-53 Rev. 5 (Release 5.2.0) Moderate baseline,"CP-6 with (1), (3)",Alternate Storage Site (with 2 Moderate enhancements),"Base control, Moderate baseline (SP 800-53B)",Yes: contract for the IBOP (5 state exhibits); enterprise control standard elsewhere,PR.DS-11; PR.IR-04,CP-6,Official: NIST CSF 2.0 informative references to SP 800-53 Rev. 5.2.0 (00_universal-framework/crosswalks/csf2_to_sp800-53r5.csv),"Backups are replicated to the second region and copied weekly offline to DC-2 (enhancements (1) separation, (3) accessibility planned in the plan).",Backup replication report,Met,,,,,,None,n/a (document review),n/a,n/a,Enterprise (common control inherited by the IBOP)
G-057,NIST SP 800-53 Rev. 5 (Release 5.2.0) Moderate baseline,"CP-7 with (1), (2), (3)",Alternate Processing Site (with 3 Moderate enhancements),"Base control, Moderate baseline (SP 800-53B)",Yes: contract for the IBOP (5 state exhibits); enterprise control standard elsewhere,PR.IR-04,CP-7,Official: NIST CSF 2.0 informative references to SP 800-53 Rev. 5.2.0 (00_universal-framework/crosswalks/csf2_to_sp800-53r5.csv),"The second region is a warm standby for all IBOP workloads, separated from the primary (enhancements (1) to (3)).",Standby region architecture; failover test,Met,,,,,,None,n/a (document review),n/a,n/a,Enterprise (common control inherited by the IBOP)
G-058,NIST SP 800-53 Rev. 5 (Release 5.2.0) Moderate baseline,"CP-8 with (1), (2)",Telecommunications Services (with 2 Moderate enhancements),"Base control, Moderate baseline (SP 800-53B)",Yes: contract for the IBOP (5 state exhibits); enterprise control standard elsewhere,PR.IR-04,CP-8,Official: NIST CSF 2.0 informative references to SP 800-53 Rev. 5.2.0 (00_universal-framework/crosswalks/csf2_to_sp800-53r5.csv),Each ROC has two carriers with priority service agreements (enhancements (1) and (2)).,Carrier contracts; site circuit report,Partially met,No cellular backup at 38% of buildings,Moderate,Add cellular backup at sites with life-safety supervision first,Director of Network Engineering,2027-06-30,None,n/a (document review),n/a,n/a,IBOP and enterprise (hybrid)
G-059,NIST SP 800-53 Rev. 5 (Release 5.2.0) Moderate baseline,"CP-9 with (1), (8)",System Backup (with 2 Moderate enhancements),"Base control, Moderate baseline (SP 800-53B)",Yes: contract for the IBOP (5 state exhibits); enterprise control standard elsewhere,PR.DS-01; PR.DS-10; PR.DS-11; RC.RP-03,CP-9,Official: NIST CSF 2.0 informative references to SP 800-53 Rev. 5.2.0 (00_universal-framework/crosswalks/csf2_to_sp800-53r5.csv),"IBOP databases are backed up every 15 minutes (logs) and daily (full) to immutable, separate backup accounts; backups are tested quarterly (enhancement (1)) and encrypted (enhancement (8)).",Backup job reports; restore test records,Partially met,AQ-2 programs missing; repository restore untested,Moderate,Import AQ-2 programs; full-scale restore test (POAM-008),IBOP Platform Manager,2027-03-31,None,181 daily backup jobs,25 jobs (random); 1 restore observed,0,IBOP and enterprise (hybrid)
G-060,NIST SP 800-53 Rev. 5 (Release 5.2.0) Moderate baseline,CP-10 with (2),System Recovery and Reconstitution (with 1 Moderate enhancement),"Base control, Moderate baseline (SP 800-53B)",Yes: contract for the IBOP (5 state exhibits); enterprise control standard elsewhere,RC.RP-01; RC.RP-02; RC.RP-05,CP-10,Official: NIST CSF 2.0 informative references to SP 800-53 Rev. 5.2.0 (00_universal-framework/crosswalks/csf2_to_sp800-53r5.csv),Recovery procedures restore IBOP tiers in BIA order with transaction recovery for the PACS database (enhancement (2)).,Failover test report; P07 CP-10 results,Partially met,PACS administration RTO not met,High,Automate PACS database failover and tenant re-keying; retest (POAM-007),IBOP Platform Manager,2027-01-31,None,See P07 assessment-plan.md,P07 sample,See P07 results,IBOP and enterprise (hybrid)
G-061,NIST SP 800-53 Rev. 5 (Release 5.2.0) Moderate baseline,IA-1,Policy and Procedures,"Base control, Moderate baseline (SP 800-53B)",Yes: contract for the IBOP (5 state exhibits); enterprise control standard elsewhere,GV.OC-03; GV.PO-01; GV.PO-02; GV.OV-01; GV.SC-03; ID.IM-01; ID.IM-02; ID.IM-03; PR.AA-01,IA-1,Official: NIST CSF 2.0 informative references to SP 800-53 Rev. 5.2.0 (00_universal-framework/crosswalks/csf2_to_sp800-53r5.csv),Identification and authentication requirements are set by POL-02 and STD-02.2.,STD-02.2,Met,,,,,,None,n/a (document review),n/a,n/a,Enterprise (common control inherited by the IBOP)
G-062,NIST SP 800-53 Rev. 5 (Release 5.2.0) Moderate baseline,"IA-2 with (1), (2), (8), (12)",Identification and Authentication (Organizational Users) (with 4 Moderate enhancements),"Base control, Moderate baseline (SP 800-53B)",Yes: contract for the IBOP (5 state exhibits); enterprise control standard elsewhere,PR.AA-01; PR.AA-03,IA-2,Official: NIST CSF 2.0 informative references to SP 800-53 Rev. 5.2.0 (00_universal-framework/crosswalks/csf2_to_sp800-53r5.csv),"Company users authenticate through SSO with MFA (number-matching push or FIDO2 key); privileged and OT gateway users use phishing-resistant FIDO2 keys (enhancements (1), (2), (8), (12) for PIV-capable federal staff).",SSO and PAM policies; P07 IA-2 results,Partially met,AQ-1 and AQ-2 identities without enterprise MFA,High,Federation (POAM-002); AQ-2 migration (POAM-004),Director of Identity and Access Management,2026-12-15,None,"1,360 company IBOP accounts",25 sign-ins (random),0 in the IBOP; AQ-1 legacy directory outside,IBOP and enterprise (hybrid)
G-063,NIST SP 800-53 Rev. 5 (Release 5.2.0) Moderate baseline,IA-3,Device Identification and Authentication,"Base control, Moderate baseline (SP 800-53B)",Yes: contract for the IBOP (5 state exhibits); enterprise control standard elsewhere,PR.AA-01; PR.AA-03,IA-3,Official: NIST CSF 2.0 informative references to SP 800-53 Rev. 5.2.0 (00_universal-framework/crosswalks/csf2_to_sp800-53r5.csv),Site edge gateways authenticate to the IBOP with device certificates; door controllers that support it use certificate-based registration to the PACS servers.,Certificate inventory,Met,,,,,,None,n/a (document review),n/a,n/a,IBOP
G-064,NIST SP 800-53 Rev. 5 (Release 5.2.0) Moderate baseline,IA-4 with (4),Identifier Management (with 1 Moderate enhancement),"Base control, Moderate baseline (SP 800-53B)",Yes: contract for the IBOP (5 state exhibits); enterprise control standard elsewhere,PR.AA-01,IA-4,Official: NIST CSF 2.0 informative references to SP 800-53 Rev. 5.2.0 (00_universal-framework/crosswalks/csf2_to_sp800-53r5.csv),"Identifiers are unique, never reused, and assigned from HR records; contractors are marked by status (enhancement (4)).",Identity governance configuration,Met,,,,,,None,n/a (document review),n/a,n/a,Enterprise (common control inherited by the IBOP)
G-065,NIST SP 800-53 Rev. 5 (Release 5.2.0) Moderate baseline,"IA-5 with (1), (2), (6)",Authenticator Management (with 3 Moderate enhancements),"Base control, Moderate baseline (SP 800-53B)",Yes: contract for the IBOP (5 state exhibits); enterprise control standard elsewhere,PR.AA-01; PR.AA-03,IA-5,Official: NIST CSF 2.0 informative references to SP 800-53 Rev. 5.2.0 (00_universal-framework/crosswalks/csf2_to_sp800-53r5.csv),"Authenticators follow STD-02.2 (14-character minimum, breached-password screening, vault for service accounts; enhancements (1), (2), (6)). Device passwords are stored in the PAM vault.",Password policy; PAM vault report; P07 IA-5 results,Partially met,Default credentials on field devices,High,POAM-003,Director of OT Security,2026-12-31,None,"About 73,550 field devices",60 devices (same sample as CM-6),5 with vendor default credentials,IBOP and enterprise (hybrid)
G-066,NIST SP 800-53 Rev. 5 (Release 5.2.0) Moderate baseline,IA-6,Authentication Feedback,"Base control, Moderate baseline (SP 800-53B)",Yes: contract for the IBOP (5 state exhibits); enterprise control standard elsewhere,PR.AA-01,IA-6,Official: NIST CSF 2.0 informative references to SP 800-53 Rev. 5.2.0 (00_universal-framework/crosswalks/csf2_to_sp800-53r5.csv),Password entry is masked in all IBOP interfaces.,Configuration review,Met,,,,,,None,n/a (document review),n/a,n/a,IBOP
G-067,NIST SP 800-53 Rev. 5 (Release 5.2.0) Moderate baseline,IA-7,Cryptographic Module Authentication,"Base control, Moderate baseline (SP 800-53B)",Yes: contract for the IBOP (5 state exhibits); enterprise control standard elsewhere,PR.AA-01; PR.AA-03,IA-7,Official: NIST CSF 2.0 informative references to SP 800-53 Rev. 5.2.0 (00_universal-framework/crosswalks/csf2_to_sp800-53r5.csv),Cryptographic modules used for authentication are FIPS 140-validated modules of the cloud provider and identity platform.,Provider documentation,Met,,,,,,None,n/a (document review),n/a,n/a,Enterprise (common control inherited by the IBOP)
G-068,NIST SP 800-53 Rev. 5 (Release 5.2.0) Moderate baseline,"IA-8 with (1), (2), (4)",Identification and Authentication (Non-organizational Users) (with 3 Moderate enhancements),"Base control, Moderate baseline (SP 800-53B)",Yes: contract for the IBOP (5 state exhibits); enterprise control standard elsewhere,PR.AA-01; PR.AA-03,IA-8,Official: NIST CSF 2.0 informative references to SP 800-53 Rev. 5.2.0 (00_universal-framework/crosswalks/csf2_to_sp800-53r5.csv),"Customer console users federate from the customer's identity provider or use IBOP-local accounts with MFA (enhancements (1), (2), (4) accept PIV-capable and federated credentials).",Tenant authentication report,Partially met,Shared customer logins at 2 tenants,Moderate,POAM-017,"Vice President, Remote Operations",2026-12-31,None,See P07 assessment-plan.md,P07 sample,See P07 results,IBOP and enterprise (hybrid)
G-069,NIST SP 800-53 Rev. 5 (Release 5.2.0) Moderate baseline,IA-11,Re-authentication,"Base control, Moderate baseline (SP 800-53B)",Yes: contract for the IBOP (5 state exhibits); enterprise control standard elsewhere,PR.AA-01; PR.AA-03,IA-11,Official: NIST CSF 2.0 informative references to SP 800-53 Rev. 5.2.0 (00_universal-framework/crosswalks/csf2_to_sp800-53r5.csv),"Users must re-authenticate for privileged actions such as bulk door unlock, access-level changes, and controller program pushes.",Configuration review,Met,,,,,,None,n/a (document review),n/a,n/a,IBOP
G-070,NIST SP 800-53 Rev. 5 (Release 5.2.0) Moderate baseline,"IA-12 with (2), (3), (5)",Identity Proofing (with 3 Moderate enhancements),"Base control, Moderate baseline (SP 800-53B)",Yes: contract for the IBOP (5 state exhibits); enterprise control standard elsewhere,PR.AA-02,IA-12,Official: NIST CSF 2.0 informative references to SP 800-53 Rev. 5.2.0 (00_universal-framework/crosswalks/csf2_to_sp800-53r5.csv),"Identity proofing is done at hire with documents and, for federal staff, PIV enrollment by GSA (enhancements (2), (3), (5)).",HR onboarding records,Met,,,,,,None,n/a (document review),n/a,n/a,Enterprise (common control inherited by the IBOP)
G-071,NIST SP 800-53 Rev. 5 (Release 5.2.0) Moderate baseline,IR-1,Policy and Procedures,"Base control, Moderate baseline (SP 800-53B)",Yes: contract for the IBOP (5 state exhibits); enterprise control standard elsewhere,GV.OC-03; GV.PO-01; GV.PO-02; GV.OV-01; GV.SC-03; GV.SC-08; ID.IM-01; ID.IM-02; ID.IM-03; RC.RP-04,IR-1,Official: NIST CSF 2.0 informative references to SP 800-53 Rev. 5.2.0 (00_universal-framework/crosswalks/csf2_to_sp800-53r5.csv),Incident response requirements are set by POL-03 and STD-03.1 and STD-03.2.,POL-03,Met,,,,,,None,n/a (document review),n/a,n/a,Enterprise (common control inherited by the IBOP)
G-072,NIST SP 800-53 Rev. 5 (Release 5.2.0) Moderate baseline,IR-2,Incident Response Training,"Base control, Moderate baseline (SP 800-53B)",Yes: contract for the IBOP (5 state exhibits); enterprise control standard elsewhere,PR.AT-02,IR-2,Author mapping (no NIST CSF 2.0 informative reference for this control),"ROC operators, technicians, and responders complete incident response training annually, including OT and customer notice content.",Training records,Met,,,,,,None,n/a (document review),n/a,n/a,Enterprise (common control inherited by the IBOP)
G-073,NIST SP 800-53 Rev. 5 (Release 5.2.0) Moderate baseline,IR-3 with (2),Incident Response Testing (with 1 Moderate enhancement),"Base control, Moderate baseline (SP 800-53B)",Yes: contract for the IBOP (5 state exhibits); enterprise control standard elsewhere,ID.IM-02,IR-3,Official: NIST CSF 2.0 informative references to SP 800-53 Rev. 5.2.0 (00_universal-framework/crosswalks/csf2_to_sp800-53r5.csv),"The incident response capability is tested annually, coordinated with customers where possible (enhancement (2)). The 2025-11-13 tabletop covered ransomware; the OT scenario with the disclosure committee is due under POAM-013.",Tabletop reports,Met,,,,,,None,n/a (document review),n/a,n/a,Enterprise (common control inherited by the IBOP)
G-074,NIST SP 800-53 Rev. 5 (Release 5.2.0) Moderate baseline,IR-4 with (1),Incident Handling (with 1 Moderate enhancement),"Base control, Moderate baseline (SP 800-53B)",Yes: contract for the IBOP (5 state exhibits); enterprise control standard elsewhere,ID.IM-01; ID.IM-02; ID.IM-03; DE.AE-02; DE.AE-03; DE.AE-06; DE.AE-08; RS.MA-02; RS.MA-03; RS.MA-04; RS.MA-05; RS.AN-03; RS.AN-06; RS.AN-07; RS.AN-08; RS.CO-02; RS.CO-03; RS.MI-01; RS.MI-02; RC.RP-01; RC.RP-02; RC.RP-06; RC.CO-03; RC.CO-04,IR-4,Official: NIST CSF 2.0 informative references to SP 800-53 Rev. 5.2.0 (00_universal-framework/crosswalks/csf2_to_sp800-53r5.csv),"The SOC handles incidents with the OT security team using runbooks (PRC-03.1, PRC-03.5) and automated containment for IT endpoints (enhancement (1)).",SOC case records; P07 IR-4 results,Partially met,AQ incidents handled outside the SOC process,Moderate,Route all AQ incidents to the SOC; integrate AQ service desks (POAM-014),Director of Security Operations,2026-11-30,None,318 security incidents (14 at AQ sites),25 incidents (random) plus 6 AQ incidents,3 AQ incidents without SOC case records,Enterprise (common control inherited by the IBOP)
G-075,NIST SP 800-53 Rev. 5 (Release 5.2.0) Moderate baseline,IR-5,Incident Monitoring,"Base control, Moderate baseline (SP 800-53B)",Yes: contract for the IBOP (5 state exhibits); enterprise control standard elsewhere,DE.AE-03; RS.MA-02; RS.MA-03; RS.MA-04,IR-5,Official: NIST CSF 2.0 informative references to SP 800-53 Rev. 5.2.0 (00_universal-framework/crosswalks/csf2_to_sp800-53r5.csv),Incidents are tracked to closure in SOC case management.,Case management report,Met,,,,,,None,n/a (document review),n/a,n/a,Enterprise (common control inherited by the IBOP)
G-076,NIST SP 800-53 Rev. 5 (Release 5.2.0) Moderate baseline,"IR-6 with (1), (3)",Incident Reporting (with 2 Moderate enhancements),"Base control, Moderate baseline (SP 800-53B)",Yes: contract for the IBOP (5 state exhibits); enterprise control standard elsewhere,RS.MA-01; RS.MA-02; RS.MA-03; RS.MA-04; RS.AN-06; RS.AN-07; RS.CO-02; RS.CO-03; RC.CO-03,IR-6,Official: NIST CSF 2.0 informative references to SP 800-53 Rev. 5.2.0 (00_universal-framework/crosswalks/csf2_to_sp800-53r5.csv),Suspected incidents must be reported to the SOC within 1 hour (enhancement (1) automated reporting from the SIEM; (3) supply chain events to the supplier and customer). Customer and regulator notices follow STD-03.2 and the P08 matrix.,STD-03.2; notice matrix; P07 IR-6 results,Partially met,AQ contracts missing from the notice matrix,Moderate,POAM-014,General Counsel,2026-11-30,None,See P07 assessment-plan.md,P07 sample,See P07 results,IBOP and enterprise (hybrid)
G-077,NIST SP 800-53 Rev. 5 (Release 5.2.0) Moderate baseline,IR-7 with (1),Incident Response Assistance (with 1 Moderate enhancement),"Base control, Moderate baseline (SP 800-53B)",Yes: contract for the IBOP (5 state exhibits); enterprise control standard elsewhere,RS.MA-01; RS.MA-04; RS.CO-02; RS.CO-03,IR-7,Official: NIST CSF 2.0 informative references to SP 800-53 Rev. 5.2.0 (00_universal-framework/crosswalks/csf2_to_sp800-53r5.csv),Retained incident response firms with OT capability and outside counsel are available through the insurer panel (enhancement (1) automated support for information availability).,Retainer letters,Met,,,,,,None,n/a (document review),n/a,n/a,Enterprise (common control inherited by the IBOP)
G-078,NIST SP 800-53 Rev. 5 (Release 5.2.0) Moderate baseline,IR-8,Incident Response Plan,"Base control, Moderate baseline (SP 800-53B)",Yes: contract for the IBOP (5 state exhibits); enterprise control standard elsewhere,ID.IM-01; ID.IM-02; ID.IM-03; ID.IM-04; DE.AE-03; DE.AE-08; RS.MA-01; RS.MA-05; RS.AN-08; RC.RP-01; RC.RP-02; RC.RP-04; RC.RP-06,IR-8,Official: NIST CSF 2.0 informative references to SP 800-53 Rev. 5.2.0 (00_universal-framework/crosswalks/csf2_to_sp800-53r5.csv),"The incident response plan covers IT and OT incidents, customer notice, and the SEC materiality step.",IR plan v4; materiality playbook; P07 IR-8 results,Partially met,OT and physical-safety factors missing from the materiality step,High,Update playbook; tabletop with the disclosure committee (POAM-013),General Counsel,2026-12-15,None,See P07 assessment-plan.md,P07 sample,See P07 results,Enterprise (common control inherited by the IBOP)
G-079,NIST SP 800-53 Rev. 5 (Release 5.2.0) Moderate baseline,MA-1,Policy and Procedures,"Base control, Moderate baseline (SP 800-53B)",Yes: contract for the IBOP (5 state exhibits); enterprise control standard elsewhere,GV.OC-03; GV.PO-01; GV.PO-02; GV.OV-01; GV.SC-03; ID.IM-01; ID.IM-02; ID.IM-03,MA-1,Official: NIST CSF 2.0 informative references to SP 800-53 Rev. 5.2.0 (00_universal-framework/crosswalks/csf2_to_sp800-53r5.csv),Maintenance requirements are set by POL-01 and STD-01.6 OT Remote Access and Maintenance.,STD-01.6,Met,,,,,,None,n/a (document review),n/a,n/a,Enterprise (common control inherited by the IBOP)
G-080,NIST SP 800-53 Rev. 5 (Release 5.2.0) Moderate baseline,MA-2,Controlled Maintenance,"Base control, Moderate baseline (SP 800-53B)",Yes: contract for the IBOP (5 state exhibits); enterprise control standard elsewhere,ID.AM-08,MA-2,Official: NIST CSF 2.0 informative references to SP 800-53 Rev. 5.2.0 (00_universal-framework/crosswalks/csf2_to_sp800-53r5.csv),"Maintenance of IBOP servers, edge gateways, and engineering workstations is scheduled through FSP tickets with customer approval for building-affecting work, and recorded.",FSP maintenance records,Met,,,,,,None,n/a (document review),n/a,n/a,IBOP
G-081,NIST SP 800-53 Rev. 5 (Release 5.2.0) Moderate baseline,"MA-3 with (1), (2), (3)",Maintenance Tools (with 3 Moderate enhancements),"Base control, Moderate baseline (SP 800-53B)",Yes: contract for the IBOP (5 state exhibits); enterprise control standard elsewhere,PR.PS-03,MA-3,Author mapping (no NIST CSF 2.0 informative reference for this control),"Maintenance tools (laptops with BAS and PACS engineering software, USB media) are company-issued, scanned before use (enhancements (1) to (3)), and kept in a tool register.",Tool register; scanning kiosk logs,Met,,,,,,None,n/a (document review),n/a,n/a,IBOP
G-082,NIST SP 800-53 Rev. 5 (Release 5.2.0) Moderate baseline,MA-4,Nonlocal Maintenance,"Base control, Moderate baseline (SP 800-53B)",Yes: contract for the IBOP (5 state exhibits); enterprise control standard elsewhere,PR.PS-03,MA-4,Author mapping (no NIST CSF 2.0 informative reference for this control),"Nonlocal maintenance by technicians, subcontractors, and vendors goes through the OT remote access gateway with MFA, approval, and recording.",Gateway session log; P07 MA-4 results,Partially met,Legacy tool at AQ-1 sites,Very High,POAM-001,"Vice President, Integration Management Office",2027-01-31,"NIST SP 800-82 Rev. 4 initial public draft (2026-09-21; comments due 2026-11-30) adds building automation and physical access control examples; draft only, Rev. 3 remains the OT reference",See P07 assessment-plan.md,P07 sample,See P07 results,IBOP and enterprise (hybrid)
G-083,NIST SP 800-53 Rev. 5 (Release 5.2.0) Moderate baseline,MA-5,Maintenance Personnel,"Base control, Moderate baseline (SP 800-53B)",Yes: contract for the IBOP (5 state exhibits); enterprise control standard elsewhere,PR.PS-03,MA-5,Author mapping (no NIST CSF 2.0 informative reference for this control),Maintenance personnel are company staff or approved subcontractors with background checks; unscreened vendor staff are escorted on site and supervised in recorded remote sessions.,Approved subcontractor list; escort logs,Met,,,,,,None,n/a (document review),n/a,n/a,IBOP and enterprise (hybrid)
G-084,NIST SP 800-53 Rev. 5 (Release 5.2.0) Moderate baseline,MA-6,Timely Maintenance,"Base control, Moderate baseline (SP 800-53B)",Yes: contract for the IBOP (5 state exhibits); enterprise control standard elsewhere,ID.AM-08,MA-6,Official: NIST CSF 2.0 informative references to SP 800-53 Rev. 5.2.0 (00_universal-framework/crosswalks/csf2_to_sp800-53r5.csv),"Support agreements with PACS, BAS, and edge vendors provide parts and support within contract response times; spare edge gateways are kept at each ROC.",Support contracts; spares inventory,Met,,,,,,None,n/a (document review),n/a,n/a,IBOP and enterprise (hybrid)
G-085,NIST SP 800-53 Rev. 5 (Release 5.2.0) Moderate baseline,MP-1,Policy and Procedures,"Base control, Moderate baseline (SP 800-53B)",Yes: contract for the IBOP (5 state exhibits); enterprise control standard elsewhere,GV.OC-03; GV.PO-01; GV.PO-02; GV.OV-01; GV.SC-03; ID.IM-01; ID.IM-02; ID.IM-03,MP-1,Official: NIST CSF 2.0 informative references to SP 800-53 Rev. 5.2.0 (00_universal-framework/crosswalks/csf2_to_sp800-53r5.csv),Media protection requirements are set by POL-04 and STD-04.2.,STD-04.2,Met,,,,,,None,n/a (document review),n/a,n/a,Enterprise (common control inherited by the IBOP)
G-086,NIST SP 800-53 Rev. 5 (Release 5.2.0) Moderate baseline,MP-2,Media Access,"Base control, Moderate baseline (SP 800-53B)",Yes: contract for the IBOP (5 state exhibits); enterprise control standard elsewhere,PR.DS-01,MP-2,Author mapping (no NIST CSF 2.0 informative reference for this control),Removable media is blocked on ROC consoles; engineering USB media is company-issued and scanned. Video exports use encrypted media logged under PRC-04.1.,Device control policy; export log,Met,,,,,,None,n/a (document review),n/a,n/a,IBOP and enterprise (hybrid)
G-087,NIST SP 800-53 Rev. 5 (Release 5.2.0) Moderate baseline,MP-3,Media Marking,"Base control, Moderate baseline (SP 800-53B)",Yes: contract for the IBOP (5 state exhibits); enterprise control standard elsewhere,PR.DS-01,MP-3,Author mapping (no NIST CSF 2.0 informative reference for this control),"Video exports and drawing sets are labeled with the customer, classification, and handling caveats; CUI is marked per STD-04.4.",Export labels; STD-04.4,Met,,,,,,None,n/a (document review),n/a,n/a,IBOP
G-088,NIST SP 800-53 Rev. 5 (Release 5.2.0) Moderate baseline,MP-4,Media Storage,"Base control, Moderate baseline (SP 800-53B)",Yes: contract for the IBOP (5 state exhibits); enterprise control standard elsewhere,PR.DS-01,MP-4,Author mapping (no NIST CSF 2.0 informative reference for this control),Physical media and printed drawing sets are stored in locked cabinets at ROCs and site offices.,Site inspection checklist,Met,,,,,,None,n/a (document review),n/a,n/a,IBOP and enterprise (hybrid)
G-089,NIST SP 800-53 Rev. 5 (Release 5.2.0) Moderate baseline,MP-5,Media Transport,"Base control, Moderate baseline (SP 800-53B)",Yes: contract for the IBOP (5 state exhibits); enterprise control standard elsewhere,PR.DS-01,MP-5,Author mapping (no NIST CSF 2.0 informative reference for this control),Video exports leave by encrypted media with chain-of-custody forms or by expiring encrypted links.,Chain-of-custody forms,Met,,,,,,None,n/a (document review),n/a,n/a,IBOP
G-090,NIST SP 800-53 Rev. 5 (Release 5.2.0) Moderate baseline,MP-6,Media Sanitization,"Base control, Moderate baseline (SP 800-53B)",Yes: contract for the IBOP (5 state exhibits); enterprise control standard elsewhere,ID.AM-08,MP-6,Author mapping (no NIST CSF 2.0 informative reference for this control),Media and retired devices are sanitized per NIST SP 800-88 or destroyed by a certified vendor with certificates; edge gateways are wiped before return.,Destruction certificates,Met,,,,,,None,"1,310 disposed devices and media",25 certificates (random),0,Enterprise (common control inherited by the IBOP)
G-091,NIST SP 800-53 Rev. 5 (Release 5.2.0) Moderate baseline,MP-7,Media Use,"Base control, Moderate baseline (SP 800-53B)",Yes: contract for the IBOP (5 state exhibits); enterprise control standard elsewhere,PR.DS-01,MP-7,Author mapping (no NIST CSF 2.0 informative reference for this control),"Only company-issued removable media may be used, and only on engineering workstations.",Device control policy,Met,,,,,,None,n/a (document review),n/a,n/a,Enterprise (common control inherited by the IBOP)
G-092,NIST SP 800-53 Rev. 5 (Release 5.2.0) Moderate baseline,PE-1,Policy and Procedures,"Base control, Moderate baseline (SP 800-53B)",Yes: contract for the IBOP (5 state exhibits); enterprise control standard elsewhere,GV.OC-03; GV.PO-01; GV.PO-02; GV.OV-01; GV.SC-03; ID.IM-01; ID.IM-02; ID.IM-03,PE-1,Official: NIST CSF 2.0 informative references to SP 800-53 Rev. 5.2.0 (00_universal-framework/crosswalks/csf2_to_sp800-53r5.csv),"Physical security requirements for ROCs, offices, and the company's equipment closets are set by POL-01 and STD-01.7. Customer buildings follow the customers' own physical security programs.",STD-01.7,Met,,,,,,None,n/a (document review),n/a,n/a,Enterprise (common control inherited by the IBOP)
G-093,NIST SP 800-53 Rev. 5 (Release 5.2.0) Moderate baseline,PE-2,Physical Access Authorizations,"Base control, Moderate baseline (SP 800-53B)",Yes: contract for the IBOP (5 state exhibits); enterprise control standard elsewhere,PR.AA-06,PE-2,Official: NIST CSF 2.0 informative references to SP 800-53 Rev. 5.2.0 (00_universal-framework/crosswalks/csf2_to_sp800-53r5.csv),"ROC floor access lists are approved by the Vice President, Remote Operations and reviewed quarterly.",ROC access list reviews,Met,,,,,,None,3 ROC access lists,100%,0,Enterprise (common control inherited by the IBOP)
G-094,NIST SP 800-53 Rev. 5 (Release 5.2.0) Moderate baseline,PE-3,Physical Access Control,"Base control, Moderate baseline (SP 800-53B)",Yes: contract for the IBOP (5 state exhibits); enterprise control standard elsewhere,PR.AA-06; DE.CM-02,PE-3,Official: NIST CSF 2.0 informative references to SP 800-53 Rev. 5.2.0 (00_universal-framework/crosswalks/csf2_to_sp800-53r5.csv),"ROCs use badge plus PIN at the floor entrance, mantraps at the console room, and 24x7 staffing; colocation sites use provider controls.",Badge system reports; colocation SOC 2 reports,Met,,,,,,None,See P07 assessment-plan.md,P07 sample,See P07 results,Enterprise (common control inherited by the IBOP)
G-095,NIST SP 800-53 Rev. 5 (Release 5.2.0) Moderate baseline,PE-4,Access Control for Transmission,"Base control, Moderate baseline (SP 800-53B)",Yes: contract for the IBOP (5 state exhibits); enterprise control standard elsewhere,PR.AA-06,PE-4,Official: NIST CSF 2.0 informative references to SP 800-53 Rev. 5.2.0 (00_universal-framework/crosswalks/csf2_to_sp800-53r5.csv),Network cabling and equipment rooms at ROCs are in locked spaces.,Site inspection,Met,,,,,,None,n/a (document review),n/a,n/a,Enterprise (common control inherited by the IBOP)
G-096,NIST SP 800-53 Rev. 5 (Release 5.2.0) Moderate baseline,PE-5,Access Control for Output Devices,"Base control, Moderate baseline (SP 800-53B)",Yes: contract for the IBOP (5 state exhibits); enterprise control standard elsewhere,PR.AA-06,PE-5,Official: NIST CSF 2.0 informative references to SP 800-53 Rev. 5.2.0 (00_universal-framework/crosswalks/csf2_to_sp800-53r5.csv),Printers at ROCs are inside the controlled area and use pull printing.,Printer configuration,Met,,,,,,None,n/a (document review),n/a,n/a,Enterprise (common control inherited by the IBOP)
G-097,NIST SP 800-53 Rev. 5 (Release 5.2.0) Moderate baseline,PE-6 with (1),Monitoring Physical Access (with 1 Moderate enhancement),"Base control, Moderate baseline (SP 800-53B)",Yes: contract for the IBOP (5 state exhibits); enterprise control standard elsewhere,PR.AA-06; DE.CM-02,PE-6,Official: NIST CSF 2.0 informative references to SP 800-53 Rev. 5.2.0 (00_universal-framework/crosswalks/csf2_to_sp800-53r5.csv),ROC access is monitored by cameras and reviewed by Corporate Security; intrusion alarms report to a separate monitoring center (enhancement (1)).,Monitoring logs,Met,,,,,,None,n/a (document review),n/a,n/a,Enterprise (common control inherited by the IBOP)
G-098,NIST SP 800-53 Rev. 5 (Release 5.2.0) Moderate baseline,PE-8,Visitor Access Records,"Base control, Moderate baseline (SP 800-53B)",Yes: contract for the IBOP (5 state exhibits); enterprise control standard elsewhere,PR.AA-06,PE-8,Official: NIST CSF 2.0 informative references to SP 800-53 Rev. 5.2.0 (00_universal-framework/crosswalks/csf2_to_sp800-53r5.csv),Visitor logs for ROCs are kept 2 years.,Visitor system,Met,,,,,,None,n/a (document review),n/a,n/a,Enterprise (common control inherited by the IBOP)
G-099,NIST SP 800-53 Rev. 5 (Release 5.2.0) Moderate baseline,PE-9,Power Equipment and Cabling,"Base control, Moderate baseline (SP 800-53B)",Yes: contract for the IBOP (5 state exhibits); enterprise control standard elsewhere,PR.IR-02,PE-9,Official: NIST CSF 2.0 informative references to SP 800-53 Rev. 5.2.0 (00_universal-framework/crosswalks/csf2_to_sp800-53r5.csv),Power equipment and cabling at ROCs are protected in dedicated rooms.,Facility drawings,Met,,,,,,None,n/a (document review),n/a,n/a,Enterprise (common control inherited by the IBOP)
G-100,NIST SP 800-53 Rev. 5 (Release 5.2.0) Moderate baseline,PE-10,Emergency Shutoff,"Base control, Moderate baseline (SP 800-53B)",Yes: contract for the IBOP (5 state exhibits); enterprise control standard elsewhere,PR.IR-02,PE-10,Official: NIST CSF 2.0 informative references to SP 800-53 Rev. 5.2.0 (00_universal-framework/crosswalks/csf2_to_sp800-53r5.csv),Emergency power shutoff switches at ROCs are protected and labeled.,Inspection,Met,,,,,,None,n/a (document review),n/a,n/a,Enterprise (common control inherited by the IBOP)
G-101,NIST SP 800-53 Rev. 5 (Release 5.2.0) Moderate baseline,PE-11,Emergency Power,"Base control, Moderate baseline (SP 800-53B)",Yes: contract for the IBOP (5 state exhibits); enterprise control standard elsewhere,PR.IR-02,PE-11,Official: NIST CSF 2.0 informative references to SP 800-53 Rev. 5.2.0 (00_universal-framework/crosswalks/csf2_to_sp800-53r5.csv),ROCs have UPS and generators tested monthly under load.,Generator test logs,Met,,,,,,None,n/a (document review),n/a,n/a,Enterprise (common control inherited by the IBOP)
G-102,NIST SP 800-53 Rev. 5 (Release 5.2.0) Moderate baseline,PE-12,Emergency Lighting,"Base control, Moderate baseline (SP 800-53B)",Yes: contract for the IBOP (5 state exhibits); enterprise control standard elsewhere,PR.IR-02,PE-12,Official: NIST CSF 2.0 informative references to SP 800-53 Rev. 5.2.0 (00_universal-framework/crosswalks/csf2_to_sp800-53r5.csv),Emergency lighting at ROCs is inspected annually.,Inspection records,Met,,,,,,None,n/a (document review),n/a,n/a,Enterprise (common control inherited by the IBOP)
G-103,NIST SP 800-53 Rev. 5 (Release 5.2.0) Moderate baseline,PE-13 with (1),Fire Protection (with 1 Moderate enhancement),"Base control, Moderate baseline (SP 800-53B)",Yes: contract for the IBOP (5 state exhibits); enterprise control standard elsewhere,PR.IR-02,PE-13,Official: NIST CSF 2.0 informative references to SP 800-53 Rev. 5.2.0 (00_universal-framework/crosswalks/csf2_to_sp800-53r5.csv),ROCs have fire detection and suppression monitored 24x7 (enhancement (1)).,Fire system inspection,Met,,,,,,None,n/a (document review),n/a,n/a,Enterprise (common control inherited by the IBOP)
G-104,NIST SP 800-53 Rev. 5 (Release 5.2.0) Moderate baseline,PE-14,Environmental Controls,"Base control, Moderate baseline (SP 800-53B)",Yes: contract for the IBOP (5 state exhibits); enterprise control standard elsewhere,PR.IR-02,PE-14,Official: NIST CSF 2.0 informative references to SP 800-53 Rev. 5.2.0 (00_universal-framework/crosswalks/csf2_to_sp800-53r5.csv),ROC temperature and humidity are monitored by the company's own BAS.,BAS trend report,Met,,,,,,None,n/a (document review),n/a,n/a,Enterprise (common control inherited by the IBOP)
G-105,NIST SP 800-53 Rev. 5 (Release 5.2.0) Moderate baseline,PE-15,Water Damage Protection,"Base control, Moderate baseline (SP 800-53B)",Yes: contract for the IBOP (5 state exhibits); enterprise control standard elsewhere,PR.IR-02,PE-15,Official: NIST CSF 2.0 informative references to SP 800-53 Rev. 5.2.0 (00_universal-framework/crosswalks/csf2_to_sp800-53r5.csv),Water sensors are installed under raised floors at ROC equipment rooms.,Sensor inventory,Met,,,,,,None,n/a (document review),n/a,n/a,Enterprise (common control inherited by the IBOP)
G-106,NIST SP 800-53 Rev. 5 (Release 5.2.0) Moderate baseline,PE-16,Delivery and Removal,"Base control, Moderate baseline (SP 800-53B)",Yes: contract for the IBOP (5 state exhibits); enterprise control standard elsewhere,PR.AA-06,PE-16,Author mapping (no NIST CSF 2.0 informative reference for this control),Deliveries of equipment to ROCs are logged at receiving.,Receiving log,Met,,,,,,None,n/a (document review),n/a,n/a,Enterprise (common control inherited by the IBOP)
G-107,NIST SP 800-53 Rev. 5 (Release 5.2.0) Moderate baseline,PE-17,Alternate Work Site,"Base control, Moderate baseline (SP 800-53B)",Yes: contract for the IBOP (5 state exhibits); enterprise control standard elsewhere,PR.AA-06,PE-17,Author mapping (no NIST CSF 2.0 informative reference for this control),Remote ROC work is not permitted; engineers working from home use managed laptops through the gateway.,STD-05.2,Met,,,,,,None,n/a (document review),n/a,n/a,Enterprise (common control inherited by the IBOP)
G-108,NIST SP 800-53 Rev. 5 (Release 5.2.0) Moderate baseline,PL-1,Policy and Procedures,"Base control, Moderate baseline (SP 800-53B)",Yes: contract for the IBOP (5 state exhibits); enterprise control standard elsewhere,GV.OC-03; GV.PO-01; GV.PO-02; GV.OV-01; GV.SC-03; ID.IM-01; ID.IM-02; ID.IM-03,PL-1,Official: NIST CSF 2.0 informative references to SP 800-53 Rev. 5.2.0 (00_universal-framework/crosswalks/csf2_to_sp800-53r5.csv),Planning requirements are set by POL-01 and the policy hierarchy (P06).,POL-01; policy-hierarchy.md,Met,,,,,,None,n/a (document review),n/a,n/a,Enterprise (common control inherited by the IBOP)
G-109,NIST SP 800-53 Rev. 5 (Release 5.2.0) Moderate baseline,PL-2,System Security and Privacy Plans,"Base control, Moderate baseline (SP 800-53B)",Yes: contract for the IBOP (5 state exhibits); enterprise control standard elsewhere,ID.AM-03; ID.AM-08; ID.IM-01; ID.IM-02; ID.IM-03; ID.IM-04,PL-2,Official: NIST CSF 2.0 informative references to SP 800-53 Rev. 5.2.0 (00_universal-framework/crosswalks/csf2_to_sp800-53r5.csv),This SSP (v2.0) is reviewed annually and after major changes such as acquisitions.,SSP change record,Met,,,,,,None,n/a (document review),n/a,n/a,IBOP
G-110,NIST SP 800-53 Rev. 5 (Release 5.2.0) Moderate baseline,PL-4 with (1),Rules of Behavior (with 1 Moderate enhancement),"Base control, Moderate baseline (SP 800-53B)",Yes: contract for the IBOP (5 state exhibits); enterprise control standard elsewhere,PR.AT-01,PL-4,Author mapping (no NIST CSF 2.0 informative reference for this control),"All staff accept the acceptable use policy at hire and annually; IBOP users accept role-specific rules, including no customer data in unapproved AI tools (enhancement (1) social media restrictions).",Attestation report,Met,,,,,,None,n/a (document review),n/a,n/a,Enterprise (common control inherited by the IBOP)
G-111,NIST SP 800-53 Rev. 5 (Release 5.2.0) Moderate baseline,PL-8,Security and Privacy Architectures,"Base control, Moderate baseline (SP 800-53B)",Yes: contract for the IBOP (5 state exhibits); enterprise control standard elsewhere,ID.AM-03,PL-8,Official: NIST CSF 2.0 informative references to SP 800-53 Rev. 5.2.0 (00_universal-framework/crosswalks/csf2_to_sp800-53r5.csv),"The IBOP security architecture (tenant isolation, gateway-only OT access, edge deny-by-default, immutable backups) is documented and reviewed by the architecture board.",Architecture document; P04,Met,,,,,,None,n/a (document review),n/a,n/a,IBOP
G-112,NIST SP 800-53 Rev. 5 (Release 5.2.0) Moderate baseline,PL-10,Baseline Selection,"Base control, Moderate baseline (SP 800-53B)",Yes: contract for the IBOP (5 state exhibits); enterprise control standard elsewhere,GV.PO-01,PL-10,Author mapping (no NIST CSF 2.0 informative reference for this control),The Moderate baseline was selected under the state exhibits; High-baseline supplements were added for integrity (SSP section 6).,SSP section 6,Met,,,,,,None,n/a (document review),n/a,n/a,IBOP
G-113,NIST SP 800-53 Rev. 5 (Release 5.2.0) Moderate baseline,PL-11,Baseline Tailoring,"Base control, Moderate baseline (SP 800-53B)",Yes: contract for the IBOP (5 state exhibits); enterprise control standard elsewhere,GV.PO-01,PL-11,Author mapping (no NIST CSF 2.0 informative reference for this control),Tailoring for OT follows SP 800-82 Rev. 3 and is recorded in the SSP and this table.,SSP section 6,Met,,,,,,None,n/a (document review),n/a,n/a,IBOP
G-114,NIST SP 800-53 Rev. 5 (Release 5.2.0) Moderate baseline,PS-1,Policy and Procedures,"Base control, Moderate baseline (SP 800-53B)",Yes: contract for the IBOP (5 state exhibits); enterprise control standard elsewhere,GV.OC-03; GV.RR-04; GV.PO-01; GV.PO-02; GV.OV-01; GV.SC-03; ID.IM-01; ID.IM-02; ID.IM-03,PS-1,Official: NIST CSF 2.0 informative references to SP 800-53 Rev. 5.2.0 (00_universal-framework/crosswalks/csf2_to_sp800-53r5.csv),"Personnel security requirements are set by POL-01 and STD-01.8, including customer-specific checks (CJIS, school sites, PIV).",STD-01.8,Met,,,,,,None,n/a (document review),n/a,n/a,Enterprise (common control inherited by the IBOP)
G-115,NIST SP 800-53 Rev. 5 (Release 5.2.0) Moderate baseline,PS-2,Position Risk Designation,"Base control, Moderate baseline (SP 800-53B)",Yes: contract for the IBOP (5 state exhibits); enterprise control standard elsewhere,GV.RR-04,PS-2,Author mapping (no NIST CSF 2.0 informative reference for this control),"Positions with IBOP privileged access, unescorted access to public safety or school buildings, or federal PIV are designated high risk and screened accordingly.",Position risk register,Met,,,,,,None,n/a (document review),n/a,n/a,Enterprise (common control inherited by the IBOP)
G-116,NIST SP 800-53 Rev. 5 (Release 5.2.0) Moderate baseline,PS-3,Personnel Screening,"Base control, Moderate baseline (SP 800-53B)",Yes: contract for the IBOP (5 state exhibits); enterprise control standard elsewhere,GV.RR-04,PS-3,Author mapping (no NIST CSF 2.0 informative reference for this control),"Fingerprint-based background checks are done before assignment; public safety customers run the state and national fingerprint-based checks they require for unescorted access, and GSA adjudicates PIV.",Background check vendor reports; customer clearance rosters,Met,,,,,,None,486 hires assigned to IBOP roles,25 hires (random),0,Enterprise (common control inherited by the IBOP)
G-117,NIST SP 800-53 Rev. 5 (Release 5.2.0) Moderate baseline,PS-4,Personnel Termination,"Base control, Moderate baseline (SP 800-53B)",Yes: contract for the IBOP (5 state exhibits); enterprise control standard elsewhere,GV.RR-04,PS-4,Author mapping (no NIST CSF 2.0 informative reference for this control),Access is disabled the same business day as termination through identity governance; PIV cards are collected and returned to GSA (FAR 52.204-9).,HR termination reports; PIV return log; P07 PS-4 results,Partially met,Manual AQ-1 disablement; PIV return records incomplete,Moderate,POAM-002; PIV return tracking in the HR offboarding workflow (POAM-024),Chief Human Resources Officer,2026-12-31,None,214 departures from federal contracts,25 departures (random),3 without PIV return records,Enterprise (common control inherited by the IBOP)
G-118,NIST SP 800-53 Rev. 5 (Release 5.2.0) Moderate baseline,PS-5,Personnel Transfer,"Base control, Moderate baseline (SP 800-53B)",Yes: contract for the IBOP (5 state exhibits); enterprise control standard elsewhere,GV.RR-04,PS-5,Author mapping (no NIST CSF 2.0 informative reference for this control),Transfers trigger access review within 5 business days through identity governance.,Transfer report,Met,,,,,,None,n/a (document review),n/a,n/a,Enterprise (common control inherited by the IBOP)
G-119,NIST SP 800-53 Rev. 5 (Release 5.2.0) Moderate baseline,PS-6,Access Agreements,"Base control, Moderate baseline (SP 800-53B)",Yes: contract for the IBOP (5 state exhibits); enterprise control standard elsewhere,GV.RR-04,PS-6,Author mapping (no NIST CSF 2.0 informative reference for this control),Staff sign confidentiality and acceptable use agreements before access and annually.,Signed agreements,Met,,,,,,None,n/a (document review),n/a,n/a,Enterprise (common control inherited by the IBOP)
G-120,NIST SP 800-53 Rev. 5 (Release 5.2.0) Moderate baseline,PS-7,External Personnel Security,"Base control, Moderate baseline (SP 800-53B)",Yes: contract for the IBOP (5 state exhibits); enterprise control standard elsewhere,GV.RR-04; DE.CM-06,PS-7,Official: NIST CSF 2.0 informative references to SP 800-53 Rev. 5.2.0 (00_universal-framework/crosswalks/csf2_to_sp800-53r5.csv),Subcontractor personnel must meet the same screening and training as company staff under subcontract terms.,Subcontract register; P03 sample,Partially met,Subcontract security terms incomplete,Moderate,POAM-012,Director of Third-Party Risk Management,2027-03-31,None,n/a (document review),n/a,n/a,Enterprise (common control inherited by the IBOP)
G-121,NIST SP 800-53 Rev. 5 (Release 5.2.0) Moderate baseline,PS-8,Personnel Sanctions,"Base control, Moderate baseline (SP 800-53B)",Yes: contract for the IBOP (5 state exhibits); enterprise control standard elsewhere,GV.RR-04,PS-8,Author mapping (no NIST CSF 2.0 informative reference for this control),Sanctions follow PRC-01.1 in proportion to intent and harm and are recorded.,Sanctions log,Met,,,,,,None,n/a (document review),n/a,n/a,Enterprise (common control inherited by the IBOP)
G-122,NIST SP 800-53 Rev. 5 (Release 5.2.0) Moderate baseline,PS-9,Position Descriptions,"Base control, Moderate baseline (SP 800-53B)",Yes: contract for the IBOP (5 state exhibits); enterprise control standard elsewhere,GV.RR-04,PS-9,Official: NIST CSF 2.0 informative references to SP 800-53 Rev. 5.2.0 (00_universal-framework/crosswalks/csf2_to_sp800-53r5.csv),"Position descriptions for ROC, controls, and IBOP roles include security duties.",Position descriptions,Met,,,,,,None,n/a (document review),n/a,n/a,Enterprise (common control inherited by the IBOP)
G-123,NIST SP 800-53 Rev. 5 (Release 5.2.0) Moderate baseline,RA-1,Policy and Procedures,"Base control, Moderate baseline (SP 800-53B)",Yes: contract for the IBOP (5 state exhibits); enterprise control standard elsewhere,GV.OC-03; GV.PO-01; GV.PO-02; GV.OV-01; GV.SC-03; ID.IM-01; ID.IM-02; ID.IM-03,RA-1,Official: NIST CSF 2.0 informative references to SP 800-53 Rev. 5.2.0 (00_universal-framework/crosswalks/csf2_to_sp800-53r5.csv),Risk assessment requirements are set by POL-01 and STD-01.1.,STD-01.1,Met,,,,,,None,n/a (document review),n/a,n/a,Enterprise (common control inherited by the IBOP)
G-124,NIST SP 800-53 Rev. 5 (Release 5.2.0) Moderate baseline,RA-2,Security Categorization,"Base control, Moderate baseline (SP 800-53B)",Yes: contract for the IBOP (5 state exhibits); enterprise control standard elsewhere,ID.AM-05; ID.RA-04; ID.RA-05,RA-2,Official: NIST CSF 2.0 informative references to SP 800-53 Rev. 5.2.0 (00_universal-framework/crosswalks/csf2_to_sp800-53r5.csv),The IBOP is categorized Moderate under FIPS 199 using SP 800-60 information types (SSP section 6).,SSP section 6,Met,,,,,,None,n/a (document review),n/a,n/a,IBOP
G-125,NIST SP 800-53 Rev. 5 (Release 5.2.0) Moderate baseline,RA-3 with (1),Risk Assessment (with 1 Moderate enhancement),"Base control, Moderate baseline (SP 800-53B)",Yes: contract for the IBOP (5 state exhibits); enterprise control standard elsewhere,GV.RM-06; GV.RM-07; GV.SC-03; GV.SC-09; GV.SC-10; ID.AM-05; ID.RA-01; ID.RA-03; ID.RA-04; ID.RA-05; ID.IM-01; ID.IM-02; ID.IM-03; DE.AE-07; RS.AN-08,RA-3,Official: NIST CSF 2.0 informative references to SP 800-53 Rev. 5.2.0 (00_universal-framework/crosswalks/csf2_to_sp800-53r5.csv),"The enterprise risk analysis (P01) covers the IBOP annually and after acquisitions, with supply chain risk (enhancement (1)).",P01 register,Met,,,,,,None,See P07 assessment-plan.md,P07 sample,See P07 results,Enterprise (common control inherited by the IBOP)
G-126,NIST SP 800-53 Rev. 5 (Release 5.2.0) Moderate baseline,"RA-5 with (2), (5), (11)",Vulnerability Monitoring and Scanning (with 3 Moderate enhancements),"Base control, Moderate baseline (SP 800-53B)",Yes: contract for the IBOP (5 state exhibits); enterprise control standard elsewhere,GV.SC-10; ID.RA-01; ID.RA-08; ID.IM-01; ID.IM-02; ID.IM-03,RA-5,Official: NIST CSF 2.0 informative references to SP 800-53 Rev. 5.2.0 (00_universal-framework/crosswalks/csf2_to_sp800-53r5.csv),"IBOP servers and edge gateways are scanned weekly with credentials; field devices are assessed by passive discovery and vendor advisories, not active scans (SP 800-82 Rev. 3 tailoring) (enhancements (2), (5), (11)).",Scan reports; OT advisory tracker; P07 RA-5 results,Partially met,OT vulnerability coverage incomplete,High,POAM-005; POAM-016,Director of OT Security,2027-06-30,"NIST SP 800-82 Rev. 4 initial public draft (2026-09-21; comments due 2026-11-30) adds building automation and physical access control examples; draft only, Rev. 3 remains the OT reference","2,330 vulnerability findings on IBOP components",60 findings (random),2 past due (unsupported workstations under exception),IBOP and enterprise (hybrid)
G-127,NIST SP 800-53 Rev. 5 (Release 5.2.0) Moderate baseline,RA-7,Risk Response,"Base control, Moderate baseline (SP 800-53B)",Yes: contract for the IBOP (5 state exhibits); enterprise control standard elsewhere,GV.OC-05; GV.RM-01; GV.RM-03; GV.OV-01; GV.OV-02; GV.OV-03; GV.SC-03; GV.SC-09; GV.SC-10; ID.RA-05; ID.RA-06; ID.IM-01; ID.IM-02; ID.IM-03; RS.AN-08,RA-7,Official: NIST CSF 2.0 informative references to SP 800-53 Rev. 5.2.0 (00_universal-framework/crosswalks/csf2_to_sp800-53r5.csv),"Findings are answered with mitigate, accept, avoid, or share decisions at the authority levels in STD-01.1.",P01 treatment columns,Met,,,,,,None,n/a (document review),n/a,n/a,Enterprise (common control inherited by the IBOP)
G-128,NIST SP 800-53 Rev. 5 (Release 5.2.0) Moderate baseline,RA-9,Criticality Analysis,"Base control, Moderate baseline (SP 800-53B)",Yes: contract for the IBOP (5 state exhibits); enterprise control standard elsewhere,GV.OC-04; GV.SC-04; GV.SC-07; ID.AM-05; ID.RA-04,RA-9,Official: NIST CSF 2.0 informative references to SP 800-53 Rev. 5.2.0 (00_universal-framework/crosswalks/csf2_to_sp800-53r5.csv),"Critical components (alarm routing, PACS database, gateway, edge gateways at public safety buildings) were identified in the BIA and criticality analysis.",P05; criticality list,Met,,,,,,None,n/a (document review),n/a,n/a,Enterprise (common control inherited by the IBOP)
G-129,NIST SP 800-53 Rev. 5 (Release 5.2.0) Moderate baseline,SA-1,Policy and Procedures,"Base control, Moderate baseline (SP 800-53B)",Yes: contract for the IBOP (5 state exhibits); enterprise control standard elsewhere,GV.OC-03; GV.PO-01; GV.PO-02; GV.OV-01; GV.SC-03; ID.IM-01; ID.IM-02; ID.IM-03,SA-1,Official: NIST CSF 2.0 informative references to SP 800-53 Rev. 5.2.0 (00_universal-framework/crosswalks/csf2_to_sp800-53r5.csv),"Acquisition and development requirements are set by POL-01, STD-01.3, and STD-01.9.",STD-01.3; STD-01.9,Met,,,,,,None,n/a (document review),n/a,n/a,Enterprise (common control inherited by the IBOP)
G-130,NIST SP 800-53 Rev. 5 (Release 5.2.0) Moderate baseline,SA-2,Allocation of Resources,"Base control, Moderate baseline (SP 800-53B)",Yes: contract for the IBOP (5 state exhibits); enterprise control standard elsewhere,GV.RR-03,SA-2,Author mapping (no NIST CSF 2.0 informative reference for this control),Security funding for the IBOP is planned in the annual budget; the 2026-2027 treatment plan is funded (P01 section 7).,Budget approval,Met,,,,,,None,n/a (document review),n/a,n/a,Enterprise (common control inherited by the IBOP)
G-131,NIST SP 800-53 Rev. 5 (Release 5.2.0) Moderate baseline,SA-3,System Development Life Cycle,"Base control, Moderate baseline (SP 800-53B)",Yes: contract for the IBOP (5 state exhibits); enterprise control standard elsewhere,ID.AM-08; PR.PS-06,SA-3,Official: NIST CSF 2.0 informative references to SP 800-53 Rev. 5.2.0 (00_universal-framework/crosswalks/csf2_to_sp800-53r5.csv),IBOP integrations and customer console code follow the secure development life cycle in STD-01.9.,SDLC records,Met,,,,,,None,n/a (document review),n/a,n/a,IBOP
G-132,NIST SP 800-53 Rev. 5 (Release 5.2.0) Moderate baseline,"SA-4 with (1), (2), (9), (10)",Acquisition Process (with 4 Moderate enhancements),"Base control, Moderate baseline (SP 800-53B)",Yes: contract for the IBOP (5 state exhibits); enterprise control standard elsewhere,GV.SC-05; GV.SC-06; GV.SC-07; GV.SC-08; GV.SC-09; GV.SC-10; ID.AM-08; ID.RA-09; ID.IM-03; DE.CM-06,SA-4,Official: NIST CSF 2.0 informative references to SP 800-53 Rev. 5.2.0 (00_universal-framework/crosswalks/csf2_to_sp800-53r5.csv),"Contracts for PACS, BAS, and edge products include security requirements, functional properties, design information, and the Section 889 representation (enhancements (1), (2), (9), (10)).",Contract templates,Met,,,,,,None,n/a (document review),n/a,n/a,Enterprise (common control inherited by the IBOP)
G-133,NIST SP 800-53 Rev. 5 (Release 5.2.0) Moderate baseline,SA-5,System Documentation,"Base control, Moderate baseline (SP 800-53B)",Yes: contract for the IBOP (5 state exhibits); enterprise control standard elsewhere,ID.AM-02; ID.RA-09,SA-5,Official: NIST CSF 2.0 informative references to SP 800-53 Rev. 5.2.0 (00_universal-framework/crosswalks/csf2_to_sp800-53r5.csv),Administrator and user documentation for each product is kept in the IBOP library.,Documentation library,Met,,,,,,None,n/a (document review),n/a,n/a,IBOP
G-134,NIST SP 800-53 Rev. 5 (Release 5.2.0) Moderate baseline,SA-8,Security and Privacy Engineering Principles,"Base control, Moderate baseline (SP 800-53B)",Yes: contract for the IBOP (5 state exhibits); enterprise control standard elsewhere,ID.AM-08; ID.IM-01; ID.IM-02; ID.IM-03; PR.DS-10; PR.PS-06; PR.IR-03,SA-8,Official: NIST CSF 2.0 informative references to SP 800-53 Rev. 5.2.0 (00_universal-framework/crosswalks/csf2_to_sp800-53r5.csv),"Security engineering principles (least privilege, deny-by-default, tenant isolation) are applied in architecture reviews.",Architecture review records,Met,,,,,,None,n/a (document review),n/a,n/a,IBOP
G-135,NIST SP 800-53 Rev. 5 (Release 5.2.0) Moderate baseline,SA-9 with (2),External System Services (with 1 Moderate enhancement),"Base control, Moderate baseline (SP 800-53B)",Yes: contract for the IBOP (5 state exhibits); enterprise control standard elsewhere,GV.OC-05; GV.SC-04; GV.SC-05; GV.SC-06; GV.SC-07; GV.SC-08; GV.SC-09; GV.SC-10; ID.AM-02; ID.AM-04; DE.CM-06,SA-9,Official: NIST CSF 2.0 informative references to SP 800-53 Rev. 5.2.0 (00_universal-framework/crosswalks/csf2_to_sp800-53r5.csv),"External services (cloud providers, PACS and BAS vendors, notification and telephony services, subcontractors) are tiered and reviewed annually, with SOC report review (enhancement (2) identifies functions and ports).",Vendor register; SOC report reviews,Partially met,Unreviewed suppliers with access,Moderate,POAM-012,Director of Third-Party Risk Management,2027-03-31,None,340 suppliers with remote or data access,100% (register analytic),26 without security review,Enterprise (common control inherited by the IBOP)
G-136,NIST SP 800-53 Rev. 5 (Release 5.2.0) Moderate baseline,SA-10,Developer Configuration Management,"Base control, Moderate baseline (SP 800-53B)",Yes: contract for the IBOP (5 state exhibits); enterprise control standard elsewhere,ID.RA-09; PR.PS-06,SA-10,Official: NIST CSF 2.0 informative references to SP 800-53 Rev. 5.2.0 (00_universal-framework/crosswalks/csf2_to_sp800-53r5.csv),Configuration management by developers is required in vendor contracts and applied to the company's own integration code.,Pipeline records; vendor attestations,Met,,,,,,None,n/a (document review),n/a,n/a,IBOP and enterprise (hybrid)
G-137,NIST SP 800-53 Rev. 5 (Release 5.2.0) Moderate baseline,SA-11,Developer Testing and Evaluation,"Base control, Moderate baseline (SP 800-53B)",Yes: contract for the IBOP (5 state exhibits); enterprise control standard elsewhere,ID.RA-09; ID.IM-01; ID.IM-02; ID.IM-03; PR.PS-06,SA-11,Official: NIST CSF 2.0 informative references to SP 800-53 Rev. 5.2.0 (00_universal-framework/crosswalks/csf2_to_sp800-53r5.csv),Developer testing (static analysis and penetration testing of the customer console) is done before release; vendors provide test summaries.,Test reports,Met,,,,,,None,n/a (document review),n/a,n/a,IBOP and enterprise (hybrid)
G-138,NIST SP 800-53 Rev. 5 (Release 5.2.0) Moderate baseline,SA-15 with (3),"Development Process, Standards, and Tools (with 1 Moderate enhancement)","Base control, Moderate baseline (SP 800-53B)",Yes: contract for the IBOP (5 state exhibits); enterprise control standard elsewhere,ID.RA-09; PR.PS-06,SA-15,Official: NIST CSF 2.0 informative references to SP 800-53 Rev. 5.2.0 (00_universal-framework/crosswalks/csf2_to_sp800-53r5.csv),Development standards and tools are defined for company code; criticality analysis (enhancement (3)) is applied to integrations.,STD-01.9,Met,,,,,,None,n/a (document review),n/a,n/a,IBOP and enterprise (hybrid)
G-139,NIST SP 800-53 Rev. 5 (Release 5.2.0) Moderate baseline,SA-22,Unsupported System Components,"Base control, Moderate baseline (SP 800-53B)",Yes: contract for the IBOP (5 state exhibits); enterprise control standard elsewhere,ID.AM-08,SA-22,Official: NIST CSF 2.0 informative references to SP 800-53 Rev. 5.2.0 (00_universal-framework/crosswalks/csf2_to_sp800-53r5.csv),Unsupported components are tracked.,Unsupported component list; P07 SA-22 results,Partially met,Unsupported engineering workstations,Moderate,Replace or isolate with exception EXC-2026-031 (POAM-016),Director of OT Security,2027-06-30,None,See P07 assessment-plan.md,P07 sample,See P07 results,IBOP
G-140,NIST SP 800-53 Rev. 5 (Release 5.2.0) Moderate baseline,SC-1,Policy and Procedures,"Base control, Moderate baseline (SP 800-53B)",Yes: contract for the IBOP (5 state exhibits); enterprise control standard elsewhere,GV.OC-03; GV.PO-01; GV.PO-02; GV.OV-01; GV.SC-03; ID.IM-01; ID.IM-02; ID.IM-03,SC-1,Official: NIST CSF 2.0 informative references to SP 800-53 Rev. 5.2.0 (00_universal-framework/crosswalks/csf2_to_sp800-53r5.csv),System and communications protection requirements are set by POL-04 and STD-04.1 and STD-01.6.,STD-04.1,Met,,,,,,None,n/a (document review),n/a,n/a,Enterprise (common control inherited by the IBOP)
G-141,NIST SP 800-53 Rev. 5 (Release 5.2.0) Moderate baseline,SC-2,Separation of System and User Functionality,"Base control, Moderate baseline (SP 800-53B)",Yes: contract for the IBOP (5 state exhibits); enterprise control standard elsewhere,PR.IR-01,SC-2,Author mapping (no NIST CSF 2.0 informative reference for this control),User interfaces are separated from administration functions; administration is reachable only through PAM.,Architecture document,Met,,,,,,None,n/a (document review),n/a,n/a,IBOP
G-142,NIST SP 800-53 Rev. 5 (Release 5.2.0) Moderate baseline,SC-4,Information in Shared System Resources,"Base control, Moderate baseline (SP 800-53B)",Yes: contract for the IBOP (5 state exhibits); enterprise control standard elsewhere,PR.DS-01; PR.DS-02; PR.DS-10; PR.IR-01,SC-4,Official: NIST CSF 2.0 informative references to SP 800-53 Rev. 5.2.0 (00_universal-framework/crosswalks/csf2_to_sp800-53r5.csv),Shared resources are cleared by the cloud platform; tenants do not share database schemas.,Provider documentation; schema design,Met,,,,,,None,n/a (document review),n/a,n/a,Enterprise (common control inherited by the IBOP)
G-143,NIST SP 800-53 Rev. 5 (Release 5.2.0) Moderate baseline,SC-5,Denial-of-service Protection,"Base control, Moderate baseline (SP 800-53B)",Yes: contract for the IBOP (5 state exhibits); enterprise control standard elsewhere,PR.IR-01; DE.CM-01,SC-5,Official: NIST CSF 2.0 informative references to SP 800-53 Rev. 5.2.0 (00_universal-framework/crosswalks/csf2_to_sp800-53r5.csv),The customer console sits behind the landing zone web application firewall and DDoS protection.,WAF and DDoS policies,Met,,,,,,None,n/a (document review),n/a,n/a,Enterprise (common control inherited by the IBOP)
G-144,NIST SP 800-53 Rev. 5 (Release 5.2.0) Moderate baseline,"SC-7 with (3), (4), (5), (7), (8)",Boundary Protection (with 5 Moderate enhancements),"Base control, Moderate baseline (SP 800-53B)",Yes: contract for the IBOP (5 state exhibits); enterprise control standard elsewhere,PR.DS-01; PR.DS-02; PR.DS-10; PR.IR-01; DE.CM-01,SC-7,Official: NIST CSF 2.0 informative references to SP 800-53 Rev. 5.2.0 (00_universal-framework/crosswalks/csf2_to_sp800-53r5.csv),"Boundaries: landing zone firewalls, the OT remote access gateway, and site edge gateways with deny-by-default (enhancements (3), (4), (5), (7), (8)).",Firewall exports; P07 SC-7 results,Partially met,Flat networks and bypass path,High,POAM-018; POAM-001,Director of OT Security,2027-06-30,"NIST SP 800-82 Rev. 4 initial public draft (2026-09-21; comments due 2026-11-30) adds building automation and physical access control examples; draft only, Rev. 3 remains the OT reference",See P07 assessment-plan.md,P07 sample,See P07 results,IBOP and enterprise (hybrid)
G-145,NIST SP 800-53 Rev. 5 (Release 5.2.0) Moderate baseline,SC-8 with (1),Transmission Confidentiality and Integrity (with 1 Moderate enhancement),"Base control, Moderate baseline (SP 800-53B)",Yes: contract for the IBOP (5 state exhibits); enterprise control standard elsewhere,PR.DS-02,SC-8,Official: NIST CSF 2.0 informative references to SP 800-53 Rev. 5.2.0 (00_universal-framework/crosswalks/csf2_to_sp800-53r5.csv),"TLS 1.2 or higher protects console and API traffic, and IPsec protects site tunnels (enhancement (1)).",TLS scan; reader protocol inventory,Partially met,Unencrypted BACnet and legacy reader links,Moderate,Segmentation as compensating control (POAM-018); OSDP upgrade proposals in customer capital plans,Director of OT Security,2027-06-30,"NIST SP 800-82 Rev. 4 initial public draft (2026-09-21; comments due 2026-11-30) adds building automation and physical access control examples; draft only, Rev. 3 remains the OT reference",See P07 assessment-plan.md,P07 sample,See P07 results,IBOP and enterprise (hybrid)
G-146,NIST SP 800-53 Rev. 5 (Release 5.2.0) Moderate baseline,SC-10,Network Disconnect,"Base control, Moderate baseline (SP 800-53B)",Yes: contract for the IBOP (5 state exhibits); enterprise control standard elsewhere,PR.IR-01,SC-10,Author mapping (no NIST CSF 2.0 informative reference for this control),Gateway and console sessions disconnect at the end of the approved window or after inactivity.,Gateway configuration,Met,,,,,,None,n/a (document review),n/a,n/a,IBOP
G-147,NIST SP 800-53 Rev. 5 (Release 5.2.0) Moderate baseline,SC-12,Cryptographic Key Establishment and Management,"Base control, Moderate baseline (SP 800-53B)",Yes: contract for the IBOP (5 state exhibits); enterprise control standard elsewhere,PR.DS-01; PR.DS-02,SC-12,Official: NIST CSF 2.0 informative references to SP 800-53 Rev. 5.2.0 (00_universal-framework/crosswalks/csf2_to_sp800-53r5.csv),Keys are managed in the cloud key management service with customer-managed keys and annual rotation.,Key policy,Met,,,,,,None,n/a (document review),n/a,n/a,Enterprise (common control inherited by the IBOP)
G-148,NIST SP 800-53 Rev. 5 (Release 5.2.0) Moderate baseline,SC-13,Cryptographic Protection,"Base control, Moderate baseline (SP 800-53B)",Yes: contract for the IBOP (5 state exhibits); enterprise control standard elsewhere,PR.DS-01; PR.DS-02; PR.DS-10,SC-13,Official: NIST CSF 2.0 informative references to SP 800-53 Rev. 5.2.0 (00_universal-framework/crosswalks/csf2_to_sp800-53r5.csv),FIPS-validated cryptography is used for data in transit and at rest.,Provider validation certificates,Met,,,,,,None,n/a (document review),n/a,n/a,Enterprise (common control inherited by the IBOP)
G-149,NIST SP 800-53 Rev. 5 (Release 5.2.0) Moderate baseline,SC-15,Collaborative Computing Devices and Applications,"Base control, Moderate baseline (SP 800-53B)",Yes: contract for the IBOP (5 state exhibits); enterprise control standard elsewhere,PR.PS-01,SC-15,Author mapping (no NIST CSF 2.0 informative reference for this control),Cameras and microphones on ROC consoles are disabled except on conference devices.,Device policy,Met,,,,,,None,n/a (document review),n/a,n/a,Enterprise (common control inherited by the IBOP)
G-150,NIST SP 800-53 Rev. 5 (Release 5.2.0) Moderate baseline,SC-17,Public Key Infrastructure Certificates,"Base control, Moderate baseline (SP 800-53B)",Yes: contract for the IBOP (5 state exhibits); enterprise control standard elsewhere,PR.DS-02,SC-17,Author mapping (no NIST CSF 2.0 informative reference for this control),Certificates are issued by the enterprise certificate authority and a public CA for the console.,Certificate inventory,Met,,,,,,None,n/a (document review),n/a,n/a,Enterprise (common control inherited by the IBOP)
G-151,NIST SP 800-53 Rev. 5 (Release 5.2.0) Moderate baseline,SC-18,Mobile Code,"Base control, Moderate baseline (SP 800-53B)",Yes: contract for the IBOP (5 state exhibits); enterprise control standard elsewhere,PR.PS-05,SC-18,Author mapping (no NIST CSF 2.0 informative reference for this control),Mobile code is restricted by browser policy on ROC consoles.,Browser policy,Met,,,,,,None,n/a (document review),n/a,n/a,Enterprise (common control inherited by the IBOP)
G-152,NIST SP 800-53 Rev. 5 (Release 5.2.0) Moderate baseline,SC-20,Secure Name/Address Resolution Service (Authoritative Source),"Base control, Moderate baseline (SP 800-53B)",Yes: contract for the IBOP (5 state exhibits); enterprise control standard elsewhere,PR.IR-01,SC-20,Author mapping (no NIST CSF 2.0 informative reference for this control),Authoritative DNS for the console domain is signed.,DNS configuration,Met,,,,,,None,n/a (document review),n/a,n/a,Enterprise (common control inherited by the IBOP)
G-153,NIST SP 800-53 Rev. 5 (Release 5.2.0) Moderate baseline,SC-21,Secure Name/Address Resolution Service (Recursive or Caching Resolver),"Base control, Moderate baseline (SP 800-53B)",Yes: contract for the IBOP (5 state exhibits); enterprise control standard elsewhere,PR.IR-01,SC-21,Author mapping (no NIST CSF 2.0 informative reference for this control),Recursive resolvers validate DNS responses.,Resolver configuration,Met,,,,,,None,n/a (document review),n/a,n/a,Enterprise (common control inherited by the IBOP)
G-154,NIST SP 800-53 Rev. 5 (Release 5.2.0) Moderate baseline,SC-22,Architecture and Provisioning for Name/Address Resolution Service,"Base control, Moderate baseline (SP 800-53B)",Yes: contract for the IBOP (5 state exhibits); enterprise control standard elsewhere,PR.IR-01,SC-22,Author mapping (no NIST CSF 2.0 informative reference for this control),DNS services are redundant across regions.,DNS architecture,Met,,,,,,None,n/a (document review),n/a,n/a,Enterprise (common control inherited by the IBOP)
G-155,NIST SP 800-53 Rev. 5 (Release 5.2.0) Moderate baseline,SC-23,Session Authenticity,"Base control, Moderate baseline (SP 800-53B)",Yes: contract for the IBOP (5 state exhibits); enterprise control standard elsewhere,PR.DS-02,SC-23,Author mapping (no NIST CSF 2.0 informative reference for this control),Session tokens are protected and invalidated at logout.,Penetration test report,Met,,,,,,None,n/a (document review),n/a,n/a,IBOP
G-156,NIST SP 800-53 Rev. 5 (Release 5.2.0) Moderate baseline,SC-28 with (1),Protection of Information at Rest (with 1 Moderate enhancement),"Base control, Moderate baseline (SP 800-53B)",Yes: contract for the IBOP (5 state exhibits); enterprise control standard elsewhere,PR.DS-01,SC-28,Official: NIST CSF 2.0 informative references to SP 800-53 Rev. 5.2.0 (00_universal-framework/crosswalks/csf2_to_sp800-53r5.csv),"Databases, file stores, backups, and face templates are encrypted at rest with customer-managed keys (enhancement (1)).",Encryption settings,Met,,,,,,None,See P07 assessment-plan.md,P07 sample,See P07 results,IBOP and enterprise (hybrid)
G-157,NIST SP 800-53 Rev. 5 (Release 5.2.0) Moderate baseline,SC-39,Process Isolation,"Base control, Moderate baseline (SP 800-53B)",Yes: contract for the IBOP (5 state exhibits); enterprise control standard elsewhere,PR.DS-01; PR.DS-10; PR.IR-03,SC-39,Official: NIST CSF 2.0 informative references to SP 800-53 Rev. 5.2.0 (00_universal-framework/crosswalks/csf2_to_sp800-53r5.csv),Process isolation is provided by the operating systems and container runtime.,Provider documentation,Met,,,,,,None,n/a (document review),n/a,n/a,Enterprise (common control inherited by the IBOP)
G-158,NIST SP 800-53 Rev. 5 (Release 5.2.0) Moderate baseline,SI-1,Policy and Procedures,"Base control, Moderate baseline (SP 800-53B)",Yes: contract for the IBOP (5 state exhibits); enterprise control standard elsewhere,GV.OC-03; GV.PO-01; GV.PO-02; GV.OV-01; GV.SC-03; ID.IM-01; ID.IM-02; ID.IM-03,SI-1,Official: NIST CSF 2.0 informative references to SP 800-53 Rev. 5.2.0 (00_universal-framework/crosswalks/csf2_to_sp800-53r5.csv),"System and information integrity requirements are set by POL-01, STD-01.10, and STD-01.4.",STD-01.10,Met,,,,,,None,n/a (document review),n/a,n/a,Enterprise (common control inherited by the IBOP)
G-159,NIST SP 800-53 Rev. 5 (Release 5.2.0) Moderate baseline,SI-2 with (2),Flaw Remediation (with 1 Moderate enhancement),"Base control, Moderate baseline (SP 800-53B)",Yes: contract for the IBOP (5 state exhibits); enterprise control standard elsewhere,ID.IM-01; ID.IM-02; ID.IM-03; PR.PS-02,SI-2,Official: NIST CSF 2.0 informative references to SP 800-53 Rev. 5.2.0 (00_universal-framework/crosswalks/csf2_to_sp800-53r5.csv),IBOP servers are patched within 14 days (critical) and 30 days (others) through the pipeline; edge gateway firmware within 30 days; field device firmware through vendor-approved windows (enhancement (2) automated status).,Patch reports; P07 SI-2 results,Partially met,Edge firmware latency at AQ-1 sites,Moderate,POAM-016,IBOP Platform Manager,2027-06-30,None,"1,920 edge gateway firmware updates",25 updates (random),6 late (all AQ-1 sites),IBOP and enterprise (hybrid)
G-160,NIST SP 800-53 Rev. 5 (Release 5.2.0) Moderate baseline,SI-3,Malicious Code Protection,"Base control, Moderate baseline (SP 800-53B)",Yes: contract for the IBOP (5 state exhibits); enterprise control standard elsewhere,PR.DS-01; PR.DS-02; PR.DS-10,SI-3,Official: NIST CSF 2.0 informative references to SP 800-53 Rev. 5.2.0 (00_universal-framework/crosswalks/csf2_to_sp800-53r5.csv),"EDR runs on IBOP servers, ROC consoles, laptops, and engineering workstations, with updates daily and real-time scans of files from external sources.",EDR coverage report,Met,,,,,,None,See P07 assessment-plan.md,P07 sample,See P07 results,Enterprise (common control inherited by the IBOP)
G-161,NIST SP 800-53 Rev. 5 (Release 5.2.0) Moderate baseline,"SI-4 with (2), (4), (5)",System Monitoring (with 3 Moderate enhancements),"Base control, Moderate baseline (SP 800-53B)",Yes: contract for the IBOP (5 state exhibits); enterprise control standard elsewhere,ID.RA-01; ID.IM-01; ID.IM-02; ID.IM-03; PR.DS-01; PR.DS-02; PR.DS-10; DE.CM-01; DE.CM-06; DE.CM-09; DE.AE-02; DE.AE-03,SI-4,Official: NIST CSF 2.0 informative references to SP 800-53 Rev. 5.2.0 (00_universal-framework/crosswalks/csf2_to_sp800-53r5.csv),"The SOC monitors IBOP and cloud events; OT network sensors detect anomalous BACnet writes and new devices; PACS analytics flag bulk unlocks (enhancements (2), (4), (5)).",SIEM rules; OT sensor coverage; P07 SI-4 results,Partially met,OT monitoring coverage,High,POAM-005,Director of OT Security,2027-06-30,"NIST SP 800-82 Rev. 4 initial public draft (2026-09-21; comments due 2026-11-30) adds building automation and physical access control examples; draft only, Rev. 3 remains the OT reference",See P07 assessment-plan.md,P07 sample,See P07 results,IBOP and enterprise (hybrid)
G-162,NIST SP 800-53 Rev. 5 (Release 5.2.0) Moderate baseline,SI-5,"Security Alerts, Advisories, and Directives","Base control, Moderate baseline (SP 800-53B)",Yes: contract for the IBOP (5 state exhibits); enterprise control standard elsewhere,ID.RA-01; ID.RA-02; ID.RA-03,SI-5,Official: NIST CSF 2.0 informative references to SP 800-53 Rev. 5.2.0 (00_universal-framework/crosswalks/csf2_to_sp800-53r5.csv),"The SOC receives CISA advisories, including ICS advisories for PACS and BAS products, and vendor bulletins, and assigns actions.",Advisory tracker,Met,,,,,,None,n/a (document review),n/a,n/a,Enterprise (common control inherited by the IBOP)
G-163,NIST SP 800-53 Rev. 5 (Release 5.2.0) Moderate baseline,"SI-7 with (1), (7)","Software, Firmware, and Information Integrity (with 2 Moderate enhancements)","Base control, Moderate baseline (SP 800-53B)",Yes: contract for the IBOP (5 state exhibits); enterprise control standard elsewhere,ID.RA-09; PR.DS-01; PR.DS-02; PR.DS-10; PR.PS-02; DE.CM-09,SI-7,Official: NIST CSF 2.0 informative references to SP 800-53 Rev. 5.2.0 (00_universal-framework/crosswalks/csf2_to_sp800-53r5.csv),"File integrity monitoring runs on IBOP servers; controller programs and door schedules are hashed in the repository and compared nightly with the running versions on supported devices (enhancements (1), (7)).",Integrity reports,Met,,,,,,None,See P07 assessment-plan.md,P07 sample,See P07 results,IBOP and enterprise (hybrid)
G-164,NIST SP 800-53 Rev. 5 (Release 5.2.0) Moderate baseline,SI-8 with (2),Spam Protection (with 1 Moderate enhancement),"Base control, Moderate baseline (SP 800-53B)",Yes: contract for the IBOP (5 state exhibits); enterprise control standard elsewhere,DE.CM-09,SI-8,Author mapping (no NIST CSF 2.0 informative reference for this control),Email spam and phishing protection is centrally managed with automatic updates (enhancement (2)).,Email security reports,Met,,,,,,None,n/a (document review),n/a,n/a,Enterprise (common control inherited by the IBOP)
G-165,NIST SP 800-53 Rev. 5 (Release 5.2.0) Moderate baseline,SI-10,Information Input Validation,"Base control, Moderate baseline (SP 800-53B)",Yes: contract for the IBOP (5 state exhibits); enterprise control standard elsewhere,PR.DS-10,SI-10,Official: NIST CSF 2.0 informative references to SP 800-53 Rev. 5.2.0 (00_universal-framework/crosswalks/csf2_to_sp800-53r5.csv),The console and APIs validate inputs; door schedule imports are validated against tenant rules.,Penetration test report,Met,,,,,,None,n/a (document review),n/a,n/a,IBOP
G-166,NIST SP 800-53 Rev. 5 (Release 5.2.0) Moderate baseline,SI-11,Error Handling,"Base control, Moderate baseline (SP 800-53B)",Yes: contract for the IBOP (5 state exhibits); enterprise control standard elsewhere,PR.DS-10,SI-11,Author mapping (no NIST CSF 2.0 informative reference for this control),Error messages reveal no sensitive data to users.,Penetration test report,Met,,,,,,None,n/a (document review),n/a,n/a,IBOP
G-167,NIST SP 800-53 Rev. 5 (Release 5.2.0) Moderate baseline,SI-12,Information Management and Retention,"Base control, Moderate baseline (SP 800-53B)",Yes: contract for the IBOP (5 state exhibits); enterprise control standard elsewhere,ID.AM-07; ID.AM-08,SI-12,Official: NIST CSF 2.0 informative references to SP 800-53 Rev. 5.2.0 (00_universal-framework/crosswalks/csf2_to_sp800-53r5.csv),"Retention of cardholder records, access history, video, and face templates follows STD-04.5 and each customer's schedule.",Retention reports; P03 sample,Partially met,Retention beyond customer schedules,Moderate,Automated retention jobs per tenant (POAM-020),Chief Privacy Officer,2027-03-31,None,64 customer tenants,30 tenants (random),7 over retention,IBOP
G-168,NIST SP 800-53 Rev. 5 (Release 5.2.0) Moderate baseline,SI-16,Memory Protection,"Base control, Moderate baseline (SP 800-53B)",Yes: contract for the IBOP (5 state exhibits); enterprise control standard elsewhere,PR.DS-10,SI-16,Official: NIST CSF 2.0 informative references to SP 800-53 Rev. 5.2.0 (00_universal-framework/crosswalks/csf2_to_sp800-53r5.csv),Memory protection (data execution prevention and address randomization) is enabled on servers.,Baseline,Met,,,,,,None,n/a (document review),n/a,n/a,Enterprise (common control inherited by the IBOP)
G-169,NIST SP 800-53 Rev. 5 (Release 5.2.0) Moderate baseline,SR-1,Policy and Procedures,"Base control, Moderate baseline (SP 800-53B)",Yes: contract for the IBOP (5 state exhibits); enterprise control standard elsewhere,GV.OC-03; GV.PO-01; GV.PO-02; GV.OV-01; GV.SC-03; ID.IM-01; ID.IM-02; ID.IM-03,SR-1,Official: NIST CSF 2.0 informative references to SP 800-53 Rev. 5.2.0 (00_universal-framework/crosswalks/csf2_to_sp800-53r5.csv),"Supply chain risk management requirements are set by POL-01, STD-01.3, and PRC-01.4.",STD-01.3; PRC-01.4,Met,,,,,,None,n/a (document review),n/a,n/a,Enterprise (common control inherited by the IBOP)
G-170,NIST SP 800-53 Rev. 5 (Release 5.2.0) Moderate baseline,SR-2 with (1),Supply Chain Risk Management Plan (with 1 Moderate enhancement),"Base control, Moderate baseline (SP 800-53B)",Yes: contract for the IBOP (5 state exhibits); enterprise control standard elsewhere,GV.RM-01; GV.RM-03; GV.RM-04; GV.SC-01; GV.SC-02; GV.SC-03; GV.SC-08; GV.SC-09; GV.SC-10; ID.AM-04; ID.IM-04,SR-2,Official: NIST CSF 2.0 informative references to SP 800-53 Rev. 5.2.0 (00_universal-framework/crosswalks/csf2_to_sp800-53r5.csv),"The supply chain risk management plan covers PACS, BAS, video, and edge products, with a cross-functional team (enhancement (1)).",SCRM plan v2,Met,,,,,,None,n/a (document review),n/a,n/a,Enterprise (common control inherited by the IBOP)
G-171,NIST SP 800-53 Rev. 5 (Release 5.2.0) Moderate baseline,SR-3,Supply Chain Controls and Processes,"Base control, Moderate baseline (SP 800-53B)",Yes: contract for the IBOP (5 state exhibits); enterprise control standard elsewhere,GV.OC-02; GV.SC-01; GV.SC-02; GV.SC-03; GV.SC-05; GV.SC-07; GV.SC-08; GV.SC-09; GV.SC-10; RS.MA-01; RS.CO-02; RS.CO-03,SR-3,Official: NIST CSF 2.0 informative references to SP 800-53 Rev. 5.2.0 (00_universal-framework/crosswalks/csf2_to_sp800-53r5.csv),Purchases are screened against FAR 52.204-25 and 52.204-23 before order.,Screening log; P03 sample,Partially met,Screening scope incomplete,High,POAM-010,"Vice President, Government Contracts Compliance",2026-11-30,None,"9,400 purchase lines for PACS, BAS, video, and network equipment (2026-01-01 to 2026-06-30)",60 lines (random),0 for corporate procurement; AQ-1 offices and spares outside the process,Enterprise (common control inherited by the IBOP)
G-172,NIST SP 800-53 Rev. 5 (Release 5.2.0) Moderate baseline,SR-5,"Acquisition Strategies, Tools, and Methods","Base control, Moderate baseline (SP 800-53B)",Yes: contract for the IBOP (5 state exhibits); enterprise control standard elsewhere,GV.OC-02; GV.OC-05; GV.SC-02; GV.SC-05; GV.SC-06; GV.SC-09; GV.SC-10; ID.AM-08; ID.RA-09; ID.IM-01; ID.IM-02; ID.IM-03,SR-5,Official: NIST CSF 2.0 informative references to SP 800-53 Rev. 5.2.0 (00_universal-framework/crosswalks/csf2_to_sp800-53r5.csv),"Approved product lists and authorized distributors are required for PACS, BAS, and video products.",Approved product list,Partially met,Legacy AQ-1 sourcing,Moderate,POAM-010,"Vice President, Procurement",2026-11-30,None,n/a (document review),n/a,n/a,Enterprise (common control inherited by the IBOP)
G-173,NIST SP 800-53 Rev. 5 (Release 5.2.0) Moderate baseline,SR-6,Supplier Assessments and Reviews,"Base control, Moderate baseline (SP 800-53B)",Yes: contract for the IBOP (5 state exhibits); enterprise control standard elsewhere,GV.OC-02; GV.OV-01; GV.OV-02; GV.OV-03; GV.SC-04; GV.SC-05; GV.SC-06; GV.SC-07; GV.SC-09; GV.SC-10; ID.RA-09; ID.RA-10,SR-6,Official: NIST CSF 2.0 informative references to SP 800-53 Rev. 5.2.0 (00_universal-framework/crosswalks/csf2_to_sp800-53r5.csv),Suppliers are assessed at onboarding and annually.,Supplier assessments; SAM check log,Partially met,FASCSA check scope,Moderate,Enterprise-wide quarterly FASCSA check (POAM-011),"Vice President, Government Contracts Compliance",2026-11-30,None,n/a (document review),n/a,n/a,Enterprise (common control inherited by the IBOP)
G-174,NIST SP 800-53 Rev. 5 (Release 5.2.0) Moderate baseline,SR-8,Notification Agreements,"Base control, Moderate baseline (SP 800-53B)",Yes: contract for the IBOP (5 state exhibits); enterprise control standard elsewhere,GV.OC-02; GV.SC-08; RS.MA-01; RS.CO-02; RS.CO-03; RC.CO-03,SR-8,Official: NIST CSF 2.0 informative references to SP 800-53 Rev. 5.2.0 (00_universal-framework/crosswalks/csf2_to_sp800-53r5.csv),"Contracts with PACS, BAS, edge, and cloud vendors require incident and vulnerability notification within 72 hours.",Contract templates,Met,,,,,,None,n/a (document review),n/a,n/a,Enterprise (common control inherited by the IBOP)
G-175,NIST SP 800-53 Rev. 5 (Release 5.2.0) Moderate baseline,SR-10,Inspection of Systems or Components,"Base control, Moderate baseline (SP 800-53B)",Yes: contract for the IBOP (5 state exhibits); enterprise control standard elsewhere,GV.SC-05; ID.RA-09,SR-10,Official: NIST CSF 2.0 informative references to SP 800-53 Rev. 5.2.0 (00_universal-framework/crosswalks/csf2_to_sp800-53r5.csv),Edge gateways and engineering workstations are inspected on receipt and before deployment.,Receiving inspection records,Met,,,,,,None,n/a (document review),n/a,n/a,IBOP
G-176,NIST SP 800-53 Rev. 5 (Release 5.2.0) Moderate baseline,"SR-11 with (1), (2)",Component Authenticity (with 2 Moderate enhancements),"Base control, Moderate baseline (SP 800-53B)",Yes: contract for the IBOP (5 state exhibits); enterprise control standard elsewhere,ID.RA-09,SR-11,Official: NIST CSF 2.0 informative references to SP 800-53 Rev. 5.2.0 (00_universal-framework/crosswalks/csf2_to_sp800-53r5.csv),"Components come from authorized channels; counterfeit training is given to buyers and technicians (enhancements (1), (2)).",Quarantine log,Partially met,AQ-1 spares provenance,Moderate,POAM-010,"Vice President, Procurement",2026-11-30,None,n/a (document review),n/a,n/a,Enterprise (common control inherited by the IBOP)
G-177,NIST SP 800-53 Rev. 5 (Release 5.2.0) Moderate baseline,SR-12,Component Disposal,"Base control, Moderate baseline (SP 800-53B)",Yes: contract for the IBOP (5 state exhibits); enterprise control standard elsewhere,ID.AM-08,SR-12,Official: NIST CSF 2.0 informative references to SP 800-53 Rev. 5.2.0 (00_universal-framework/crosswalks/csf2_to_sp800-53r5.csv),Components are disposed of through certified vendors with sanitization.,Disposal certificates,Met,,,,,,None,n/a (document review),n/a,n/a,Enterprise (common control inherited by the IBOP)
G-178,FAR 52.204-21 and related FAR clauses (Federal Facilities contracts),52.204-21(b)(1)(i),"Limit information system access to authorized users, processes acting for them, and devices",Contract clause (mandatory),"Yes: 11 GSA contracts; systems that hold FCI (FSP, collaboration suite, laptops and tablets, ERP)",PR.AA-05,AC-2; AC-3; AC-17,Author mapping (FAR text to SP 800-53 via SP 800-171 Rev. 2 lineage),"SSO with identity governance for the FSP, collaboration suite, and ERP; quarterly certification",Identity governance reports,Met,,,,,,"RFO proposed rule (FR Doc. 2026-12559, 2026-06-23) would renumber 52.204-21 as 52.240-5; proposed only","6,820 FSP accounts with federal work order access",100% (analytic),0,Federal Facilities segment and enterprise FCI systems
G-179,FAR 52.204-21 and related FAR clauses (Federal Facilities contracts),52.204-21(b)(1)(ii),Limit access to the types of transactions and functions users are permitted to execute,Contract clause (mandatory),"Yes: 11 GSA contracts; systems that hold FCI (FSP, collaboration suite, laptops and tablets, ERP)",PR.AA-05,AC-3; AC-6,Author mapping (FAR text to SP 800-53 via SP 800-171 Rev. 2 lineage),FSP roles limit federal work orders to Federal Facilities staff and GSA contracting officer representatives,FSP role matrix,Met,,,,,,"RFO proposed rule (FR Doc. 2026-12559, 2026-06-23) would renumber 52.204-21 as 52.240-5; proposed only",n/a (configuration),n/a,n/a,Federal Facilities segment and enterprise FCI systems
G-180,FAR 52.204-21 and related FAR clauses (Federal Facilities contracts),52.204-21(b)(1)(iii),Verify and control or limit connections to and use of external information systems,Contract clause (mandatory),"Yes: 11 GSA contracts; systems that hold FCI (FSP, collaboration suite, laptops and tablets, ERP)",PR.IR-01,AC-20,Author mapping (FAR text to SP 800-53 via SP 800-171 Rev. 2 lineage),Managed devices only; personal devices limited to browser access with no downloads,Conditional access policy,Met,,,,,,"RFO proposed rule (FR Doc. 2026-12559, 2026-06-23) would renumber 52.204-21 as 52.240-5; proposed only",n/a (configuration),n/a,n/a,Federal Facilities segment and enterprise FCI systems
G-181,FAR 52.204-21 and related FAR clauses (Federal Facilities contracts),52.204-21(b)(1)(iv),Control information posted or processed on publicly accessible information systems,Contract clause (mandatory),"Yes: 11 GSA contracts; systems that hold FCI (FSP, collaboration suite, laptops and tablets, ERP)",PR.DS-10,AC-22,Author mapping (FAR text to SP 800-53 via SP 800-171 Rev. 2 lineage),Only Corporate Communications publishes; quarterly review,Publishing procedure,Met,,,,,,"RFO proposed rule (FR Doc. 2026-12559, 2026-06-23) would renumber 52.204-21 as 52.240-5; proposed only",n/a (document review),n/a,n/a,Federal Facilities segment and enterprise FCI systems
G-182,FAR 52.204-21 and related FAR clauses (Federal Facilities contracts),52.204-21(b)(1)(v),"Identify information system users, processes acting for users, or devices",Contract clause (mandatory),"Yes: 11 GSA contracts; systems that hold FCI (FSP, collaboration suite, laptops and tablets, ERP)",PR.AA-01,IA-2; IA-4,Author mapping (FAR text to SP 800-53 via SP 800-171 Rev. 2 lineage),Unique identities from HR records,Identity governance,Met,,,,,,"RFO proposed rule (FR Doc. 2026-12559, 2026-06-23) would renumber 52.204-21 as 52.240-5; proposed only",n/a (configuration),n/a,n/a,Federal Facilities segment and enterprise FCI systems
G-183,FAR 52.204-21 and related FAR clauses (Federal Facilities contracts),52.204-21(b)(1)(vi),"Authenticate identities of users, processes, or devices before allowing access",Contract clause (mandatory),"Yes: 11 GSA contracts; systems that hold FCI (FSP, collaboration suite, laptops and tablets, ERP)",PR.AA-03,IA-2; IA-5,Author mapping (FAR text to SP 800-53 via SP 800-171 Rev. 2 lineage),SSO with MFA for all FCI systems,SSO policy,Met,,,,,,"RFO proposed rule (FR Doc. 2026-12559, 2026-06-23) would renumber 52.204-21 as 52.240-5; proposed only",25 sign-ins,25 (random),0,Federal Facilities segment and enterprise FCI systems
G-184,FAR 52.204-21 and related FAR clauses (Federal Facilities contracts),52.204-21(b)(1)(vii),Sanitize or destroy media containing FCI before disposal or reuse,Contract clause (mandatory),"Yes: 11 GSA contracts; systems that hold FCI (FSP, collaboration suite, laptops and tablets, ERP)",ID.AM-08,MP-6,Author mapping (FAR text to SP 800-53 via SP 800-171 Rev. 2 lineage),NIST SP 800-88 sanitization or certified destruction,Destruction certificates,Met,,,,,,"RFO proposed rule (FR Doc. 2026-12559, 2026-06-23) would renumber 52.204-21 as 52.240-5; proposed only","1,310 disposed devices and media",25 certificates (random),0,Federal Facilities segment and enterprise FCI systems
G-185,FAR 52.204-21 and related FAR clauses (Federal Facilities contracts),52.204-21(b)(1)(viii),"Limit physical access to systems, equipment, and operating environments to authorized individuals",Contract clause (mandatory),"Yes: 11 GSA contracts; systems that hold FCI (FSP, collaboration suite, laptops and tablets, ERP)",PR.AA-06,PE-2; PE-3,Author mapping (FAR text to SP 800-53 via SP 800-171 Rev. 2 lineage),"Badge access to offices, ROCs, and site offices where FCI is handled",Badge reports,Met,,,,,,"RFO proposed rule (FR Doc. 2026-12559, 2026-06-23) would renumber 52.204-21 as 52.240-5; proposed only",n/a (inspection at 6 sites),6 site offices,0,Federal Facilities segment and enterprise FCI systems
G-186,FAR 52.204-21 and related FAR clauses (Federal Facilities contracts),52.204-21(b)(1)(ix),"Escort visitors, monitor visitor activity, keep physical access logs, and manage physical access devices",Contract clause (mandatory),"Yes: 11 GSA contracts; systems that hold FCI (FSP, collaboration suite, laptops and tablets, ERP)",PR.AA-06,PE-3; PE-8,Author mapping (FAR text to SP 800-53 via SP 800-171 Rev. 2 lineage),Visitor logs at offices and ROCs; site offices inside GSA buildings follow GSA and FPS rules,Visitor logs,Met,,,,,,"RFO proposed rule (FR Doc. 2026-12559, 2026-06-23) would renumber 52.204-21 as 52.240-5; proposed only",n/a (inspection at 6 sites),6 site offices,0,Federal Facilities segment and enterprise FCI systems
G-187,FAR 52.204-21 and related FAR clauses (Federal Facilities contracts),52.204-21(b)(1)(x),"Monitor, control, and protect communications at external and key internal boundaries",Contract clause (mandatory),"Yes: 11 GSA contracts; systems that hold FCI (FSP, collaboration suite, laptops and tablets, ERP)",PR.IR-01,SC-7,Author mapping (FAR text to SP 800-53 via SP 800-171 Rev. 2 lineage),"Landing zone firewalls, web filtering, email security",Firewall exports,Met,,,,,,"RFO proposed rule (FR Doc. 2026-12559, 2026-06-23) would renumber 52.204-21 as 52.240-5; proposed only",n/a (configuration),n/a,n/a,Federal Facilities segment and enterprise FCI systems
G-188,FAR 52.204-21 and related FAR clauses (Federal Facilities contracts),52.204-21(b)(1)(xi),Implement subnetworks for publicly accessible system components,Contract clause (mandatory),"Yes: 11 GSA contracts; systems that hold FCI (FSP, collaboration suite, laptops and tablets, ERP)",PR.IR-01,SC-7,Author mapping (FAR text to SP 800-53 via SP 800-171 Rev. 2 lineage),The FSP request portal runs in a separate public subnet behind the WAF,Network design,Met,,,,,,"RFO proposed rule (FR Doc. 2026-12559, 2026-06-23) would renumber 52.204-21 as 52.240-5; proposed only",n/a (configuration),n/a,n/a,Federal Facilities segment and enterprise FCI systems
G-189,FAR 52.204-21 and related FAR clauses (Federal Facilities contracts),52.204-21(b)(1)(xii),"Identify, report, and correct information and system flaws in a timely manner",Contract clause (mandatory),"Yes: 11 GSA contracts; systems that hold FCI (FSP, collaboration suite, laptops and tablets, ERP)",ID.RA-01,SI-2; RA-5,Author mapping (FAR text to SP 800-53 via SP 800-171 Rev. 2 lineage),Weekly scans; patch standards for FCI systems,Scan and patch reports,Met,,,,,,"RFO proposed rule (FR Doc. 2026-12559, 2026-06-23) would renumber 52.204-21 as 52.240-5; proposed only","1,240 findings on FCI systems",25 (random),0,Federal Facilities segment and enterprise FCI systems
G-190,FAR 52.204-21 and related FAR clauses (Federal Facilities contracts),52.204-21(b)(1)(xiii),Provide protection from malicious code at appropriate locations,Contract clause (mandatory),"Yes: 11 GSA contracts; systems that hold FCI (FSP, collaboration suite, laptops and tablets, ERP)",DE.CM-09,SI-3,Author mapping (FAR text to SP 800-53 via SP 800-171 Rev. 2 lineage),EDR and email protection,EDR coverage report,Met,,,,,,"RFO proposed rule (FR Doc. 2026-12559, 2026-06-23) would renumber 52.204-21 as 52.240-5; proposed only",n/a (configuration),n/a,n/a,Federal Facilities segment and enterprise FCI systems
G-191,FAR 52.204-21 and related FAR clauses (Federal Facilities contracts),52.204-21(b)(1)(xiv),Update malicious code protection mechanisms when new releases are available,Contract clause (mandatory),"Yes: 11 GSA contracts; systems that hold FCI (FSP, collaboration suite, laptops and tablets, ERP)",DE.CM-09,SI-3,Author mapping (FAR text to SP 800-53 via SP 800-171 Rev. 2 lineage),Daily automatic updates,EDR console,Met,,,,,,"RFO proposed rule (FR Doc. 2026-12559, 2026-06-23) would renumber 52.204-21 as 52.240-5; proposed only",n/a (configuration),n/a,n/a,Federal Facilities segment and enterprise FCI systems
G-192,FAR 52.204-21 and related FAR clauses (Federal Facilities contracts),52.204-21(b)(1)(xv),Perform periodic scans and real-time scans of files from external sources,Contract clause (mandatory),"Yes: 11 GSA contracts; systems that hold FCI (FSP, collaboration suite, laptops and tablets, ERP)",DE.CM-09,SI-3,Author mapping (FAR text to SP 800-53 via SP 800-171 Rev. 2 lineage),Real-time and weekly scans; attachment sandboxing,EDR policy,Met,,,,,,"RFO proposed rule (FR Doc. 2026-12559, 2026-06-23) would renumber 52.204-21 as 52.240-5; proposed only",n/a (configuration),n/a,n/a,Federal Facilities segment and enterprise FCI systems
G-193,FAR 52.204-21 and related FAR clauses (Federal Facilities contracts),52.204-21(c),Include the substance of the clause in subcontracts where FCI resides in or transits the subcontractor system,Contract clause (mandatory),"Yes: 11 GSA contracts; systems that hold FCI (FSP, collaboration suite, laptops and tablets, ERP)",GV.SC-05,SA-9; SR-3,Author mapping (FAR text to SP 800-53 via SP 800-171 Rev. 2 lineage),Subcontract security addendum with the flow-down since 2026-01; legacy subcontracts not yet amended,Subcontract register,Partially met,Flow-down missing in legacy Federal Facilities subcontracts with FCI access,Moderate,Amend legacy subcontracts (POAM-012),Director of Third-Party Risk Management,2027-03-31,"RFO proposed rule (FR Doc. 2026-12559, 2026-06-23) would renumber 52.204-21 as 52.240-5; proposed only",188 subcontractors with FCI access on federal contracts,40 subcontracts (random),6 without the flow-down,Federal Facilities segment and enterprise FCI systems
G-194,FAR 52.204-21 and related FAR clauses (Federal Facilities contracts),52.204-23(b)-(c),"No Kaspersky covered articles; report within 3 business days of identification, with further information within 10 business days",Contract clause (mandatory),"Yes: 11 GSA contracts; systems that hold FCI (FSP, collaboration suite, laptops and tablets, ERP)",GV.SC-05,SR-3; CM-8,Author mapping (FAR text to SP 800-53 via SP 800-171 Rev. 2 lineage),Software inventory and purchase screening include Kaspersky; none found,Software inventory scan; screening log,Met,,,,,,None,"15,500 endpoints and servers",100% (software inventory scan),0,Enterprise
G-195,FAR 52.204-21 and related FAR clauses (Federal Facilities contracts),52.204-24 and 52.204-26 representations,Represent in SAM and in offers whether the company provides or uses covered telecommunications equipment or services,Contract clause (mandatory),"Yes: 11 GSA contracts; systems that hold FCI (FSP, collaboration suite, laptops and tablets, ERP)",GV.SC-05,SR-3,Author mapping (FAR text to SP 800-53 via SP 800-171 Rev. 2 lineage),Annual SAM representation reviewed by Government Contracts Compliance,SAM record,Met,,,,,,None,n/a (document review),n/a,n/a,Enterprise
G-196,FAR 52.204-21 and related FAR clauses (Federal Facilities contracts),52.204-25(b)(2) and (d),"Do not use covered telecommunications or video surveillance equipment as a substantial or essential component of any system; report within 1 business day of identification, with further information within 10 business days",Contract clause (mandatory),"Yes: 11 GSA contracts; systems that hold FCI (FSP, collaboration suite, laptops and tablets, ERP)",GV.SC-05,SR-3; SR-5; CM-8,Author mapping (FAR text to SP 800-53 via SP 800-171 Rev. 2 lineage),IT and security equipment purchases screened since 2021; AQ-1 office video systems and spare-parts stock not yet screened; 1 recording server model with unconfirmed manufacturer in 2 AQ-1 offices,Screening log; AQ-1 inventory,Partially met,Screening scope excludes AQ-1 offices and spares,High,Confirm manufacturer by 2026-10-30; report within 1 business day if covered; replace (POAM-010),"Vice President, Government Contracts Compliance",2026-11-30,None,"9,400 purchase lines; AQ-1 inventory of 1,830 items",60 purchase lines (random); AQ-1 inventory 64% reviewed,0 in purchase lines; 1 model unconfirmed in AQ-1 offices,Enterprise (prohibition covers the company's own use everywhere)
G-197,FAR 52.204-21 and related FAR clauses (Federal Facilities contracts),52.204-25(e),Include the substance of the clause in subcontracts and other contractual instruments,Contract clause (mandatory),"Yes: 11 GSA contracts; systems that hold FCI (FSP, collaboration suite, laptops and tablets, ERP)",GV.SC-05,SR-3; SA-4,Author mapping (FAR text to SP 800-53 via SP 800-171 Rev. 2 lineage),Included in the subcontract addendum since 2026-01,Subcontract register,Partially met,Legacy subcontracts lack the flow-down,Moderate,POAM-012,Director of Third-Party Risk Management,2027-03-31,None,188 subcontractors on federal contracts,40 subcontracts (random; same sample as 52.204-21(c)),6 without the flow-down,Federal Facilities segment and enterprise FCI systems
G-198,FAR 52.204-21 and related FAR clauses (Federal Facilities contracts),52.204-30(c)(1)-(4),"Check SAM.gov for FASCSA orders at least once every three months; report covered articles within 3 business days of identification, with further information within 10 business days",Contract clause (mandatory),"Yes: 11 GSA contracts; systems that hold FCI (FSP, collaboration suite, laptops and tablets, ERP)",GV.SC-05,SR-6; SR-3,Author mapping (FAR text to SP 800-53 via SP 800-171 Rev. 2 lineage),Quarterly SAM check performed for corporate procurement; segment and subcontractor purchasing not covered,SAM check log,Partially met,Check scope excludes segment buyers and subcontractor-supplied equipment,Moderate,Enterprise-wide quarterly check (POAM-011),"Vice President, Government Contracts Compliance",2026-11-30,None,4 quarterly checks (2025-Q3 to 2026-Q2),100%,0 late for corporate procurement,Enterprise
G-199,FAR 52.204-21 and related FAR clauses (Federal Facilities contracts),52.204-9(b); GSAR 552.204-9,Account for all government-issued PIV cards and return them when no longer needed for contract performance,Contract clause (mandatory),Yes: 11 GSA contracts,GV.RR-04,PS-4; PE-2,Author mapping (FAR text to SP 800-53 via SP 800-171 Rev. 2 lineage),Offboarding checklist collects PIV cards; return logged by site security coordinators,PIV return log,Partially met,3 of 25 sampled departures had no return record,Low,PIV return step in the HR offboarding workflow (POAM-024),Chief Human Resources Officer,2026-12-31,None,214 departures from federal contracts,25 (random; same sample as P07 PS-4),3 without return records,Federal Facilities segment
G-200,CUI: 32 CFR Part 2002 and GSA Order PBS 3490.3 CHGE 1 (Federal Facilities statements of work),32 CFR 2002.14(c),"Take reasonable precautions against unauthorized disclosure, including controlled environments and keeping CUI under direct control or behind a physical barrier",Regulation applied by contract,Yes: GSA building drawings marked CUI (Physical Security category),PR.DS-01,AC-3; MP-4; AC-21,Author mapping,CUI enclave restricted to named CUI-trained staff for each GSA contract; DLP on CUI markings,Enclave permissions; DLP reports,Partially met,CUI drawings found in general project sites at 4 of 11 GSA contracts,Moderate,Move CUI to the enclave; DLP blocking; retraining (POAM-015),"Vice President, Government Contracts Compliance",2026-12-31,RFO proposed rule (FR Doc. 2026-12559) would add CUI clauses requiring NIST SP 800-171 Rev. 3; proposed only,312 project sites for GSA contracts,60 sites (random),7 sites with CUI drawings at 4 contracts,Federal Facilities segment
G-201,CUI: 32 CFR Part 2002 and GSA Order PBS 3490.3 CHGE 1 (Federal Facilities statements of work),32 CFR 2002.14(f)(2),"Destroy CUI so it is unreadable, indecipherable, and irrecoverable, using NIST SP 800-53 or SP 800-88 guidance where no method is specified",Regulation applied by contract,Yes: GSA building drawings marked CUI (Physical Security category),ID.AM-08,MP-6,Author mapping,Certified destruction for printed sets and media; cross-cut shredding bins at site offices,Destruction certificates,Met,,,,,,None,"1,310 disposed devices and media",25 certificates (random),0,Federal Facilities segment
G-202,CUI: 32 CFR Part 2002 and GSA Order PBS 3490.3 CHGE 1 (Federal Facilities statements of work),32 CFR 2002.14(h)(2),Non-federal information systems that receive federal information only incidental to providing a service are not federal information systems; agencies use NIST SP 800-171 when they set requirements for CUI on non-federal systems,Applicability analysis,Yes: GSA building drawings marked CUI (Physical Security category),GV.OC-03,PL-2,Author mapping,"The company's systems are non-federal. The GSA contracts do not cite NIST SP 800-171, so CUI is protected under the SP 800-53 controls in the enclave",Contract review,Not applicable,,,,,,"Watch item: if GSA adds a CUI clause citing SP 800-171, or the RFO CUI clause is finalized, a separate assessment is needed",n/a (document review),n/a,n/a,Federal Facilities segment
G-203,CUI: 32 CFR Part 2002 and GSA Order PBS 3490.3 CHGE 1 (Federal Facilities statements of work),32 CFR 2002.16(a)(3),Label CUI according to CUI marking guidance before disseminating it,Regulation applied by contract,Yes: GSA building drawings marked CUI (Physical Security category),PR.DS-01,MP-3,Author mapping,Transmittals of drawing sets to subcontractors carry CUI markings and the GSA handling notice,Transmittal records,Partially met,3 of 25 sampled transmittals lacked the CUI banner on derived markups,Low,Marking templates in the enclave; transmittal checklist (POAM-015),"Vice President, Government Contracts Compliance",2026-12-31,None,410 transmittals (2026-01-01 to 2026-06-30),25 (random),3,Federal Facilities segment
G-204,CUI: 32 CFR Part 2002 and GSA Order PBS 3490.3 CHGE 1 (Federal Facilities statements of work),32 CFR 2002.16(a)(6)(iii),"Report non-compliance with handling requirements to the disseminating agency, as the agreement requires",Regulation applied by contract,Yes: GSA building drawings marked CUI (Physical Security category),RS.CO-03,IR-6,Author mapping,The 7 sites with misplaced CUI were reported to the GSA contracting officers on 2026-08-20,Notice letters,Met,,,,,,None,n/a (document review),n/a,n/a,Federal Facilities segment
G-205,"C-GOVERNMENT-R01 FISMA, through GSA BTTRG v3.0 (May 1, 2024) in Federal Facilities statements of work",BTTRG v3.0 section 1.1,The vendor or contractor adheres to GSA IT policies when working on GSA building systems,Contract requirement,"Yes, indirectly: company staff operate GSA systems under GSA's authorization (44 U.S.C. 3554(a)(1)(A)(ii))",GV.OC-03,PL-4; AT-2,Author mapping,"About 3,700 PIV holders complete GSA-required IT security training and accept GSA rules of behavior; access only through GSA's virtual desktop",GSA training completion reports,Met,,,,,,None,"About 3,700 PIV holders",60 (random),0,Federal Facilities segment
G-206,"C-GOVERNMENT-R01 FISMA, through GSA BTTRG v3.0 (May 1, 2024) in Federal Facilities statements of work",BTTRG v3.0 section 1.6.1,Report potential cyber incidents involving GSA building systems or data to GSA IT immediately,Contract requirement,"Yes, indirectly: company staff operate GSA systems under GSA's authorization (44 U.S.C. 3554(a)(1)(A)(ii))",RS.CO-02,IR-6,Author mapping,STD-03.2 and the P08 matrix route GSA reports through the Federal Site Manager immediately,STD-03.2; P08,Met,,,,,,None,n/a (document review),n/a,n/a,Federal Facilities segment
G-207,"C-GOVERNMENT-R01 FISMA, through GSA BTTRG v3.0 (May 1, 2024) in Federal Facilities statements of work",BTTRG v3.0 section 1.6.2,Maintain and exercise building recovery (manual operation) procedures with GSA,Contract requirement,"Yes, indirectly: company staff operate GSA systems under GSA's authorization (44 U.S.C. 3554(a)(1)(A)(ii))",RC.RP-01,CP-2; CP-4,Author mapping,Procedures written for all 64 buildings; exercised in 2026 at 9 of 11 contracts,Exercise records,Partially met,2 contracts not exercised in 2026,Low,Exercise with GSA (POAM-023),"President, Federal Facilities",2026-12-31,None,n/a (document review),n/a,n/a,Federal Facilities segment
G-208,"C-GOVERNMENT-R01 FISMA, through GSA BTTRG v3.0 (May 1, 2024) in Federal Facilities statements of work",44 U.S.C. 3554(a)(1)(A)(ii) (scope check),Agencies are responsible for systems used or operated by an agency or by a contractor of an agency,Applicability analysis,No for company systems; GSA's systems remain under GSA's authorization,GV.OC-03,CA-6,Author mapping,No company-owned system operates on GSA's behalf; the FSP holds federal work orders only incidentally to the O&M service,Contract review; P02 section 3,Not applicable,,,,,,None,n/a (document review),n/a,n/a,Enterprise
G-209,SEC Form 8-K Item 1.05,Form 8-K Item 1.05; SEC Release 33-11216,"Disclose a material cybersecurity incident (material aspects of nature, scope, and timing; material impact or reasonably likely material impact) within 4 business days after determining it is material",Mandatory,Yes (SEC registrant),RS.CO-02,IR-6; IR-8,Author mapping,Disclosure committee chaired by the General Counsel; materiality playbook; 8-K drafting templates. Playbook covers IT and ransomware only,Playbook; committee charter; P07 IR-8,Partially met,No OT or physical-safety factors; not exercised since AQ-2,High,Update playbook; tabletop 2026-11-19 (POAM-013),General Counsel,2026-12-15,None (a 2025 petition seeks rescission; no SEC proposal found as of 2026-09-25),n/a (document review),n/a,n/a,Enterprise
G-210,SEC Form 8-K Item 1.05,Form 8-K Item 1.05 (materiality determination),"Make the materiality determination without unreasonable delay after discovery, from the perspective of a reasonable investor, using quantitative and qualitative factors",Mandatory,Yes (SEC registrant),GV.OV-01,IR-8,Author mapping,CISO briefs the General Counsel within 24 hours of a severity-1 incident; committee convenes within 48 hours (P08 section 6),Playbook,Partially met,"Government-customer contract, safety, and eligibility factors are not in the worksheet",High,POAM-013,General Counsel,2026-12-15,None,n/a (document review),n/a,n/a,Enterprise
G-211,SEC Form 8-K Item 1.05,Form 8-K Item 1.05 (Attorney General delay),Delay the filing only if the U.S. Attorney General determines disclosure poses a substantial risk to national security or public safety and notifies the SEC in writing,Mandatory,Yes (SEC registrant),RS.CO-02,IR-6,Author mapping,Playbook routes any delay request through outside counsel to the Department of Justice,Playbook,Met,,,,,,None,n/a (document review),n/a,n/a,Enterprise
G-212,SEC Regulation S-K Item 106,17 CFR 229.106(b)(1),"Describe processes for assessing, identifying, and managing material risks from cybersecurity threats, including integration with overall risk management, use of third-party assessors, and oversight of third-party service provider risks",Mandatory,Yes (SEC registrant),GV.RM-01,RA-3; SA-9,Author mapping,"FY2025 10-K described the ERM-integrated program, external assessors, and the vendor program, but not the OT program",10-K Item 1C; P01,Partially met,"The description omits the OT and building systems program, now the largest risk area (R-001)",Moderate,Add the OT program to the FY2026 Item 106 draft; Internal Audit tests each statement (R-062),Chief Audit Executive,2027-02-15,None,n/a (document review),n/a,n/a,Enterprise
G-213,SEC Regulation S-K Item 106,17 CFR 229.106(b)(2),"Describe whether cybersecurity risks, including from previous incidents, have materially affected or are reasonably likely to materially affect the registrant",Mandatory,Yes (SEC registrant),GV.RM-03,RA-3,Author mapping,Risk factor and Item 106 language reviewed by the disclosure committee,10-K,Met,,,,,,None,n/a (document review),n/a,n/a,Enterprise
G-214,SEC Regulation S-K Item 106,17 CFR 229.106(c)(1),"Describe board oversight of cybersecurity risk, including the responsible committee and how it is informed",Mandatory,Yes (SEC registrant),GV.OV-01,RA-3,Author mapping,Risk committee of the board receives quarterly cyber and OT reporting (P01 section 8),Committee charter; minutes,Met,,,,,,None,n/a (document review),n/a,n/a,Enterprise
G-215,SEC Regulation S-K Item 106,17 CFR 229.106(c)(2),"Describe management's role, relevant expertise, how management is informed, and whether it reports to the board",Mandatory,Yes (SEC registrant),GV.RR-01,PL-2,Author mapping,"CISO, Chief Risk Officer, and Director of OT Security roles and expertise described",10-K,Met,,,,,,None,n/a (document review),n/a,n/a,Enterprise
G-216,SEC Regulation S-K Item 106,17 CFR 229.106(d),Provide Item 106 information in Inline XBRL,Mandatory,Yes (SEC registrant),GV.PO-01,PL-2,Author mapping,Tagged by the financial reporting team,Filing,Met,,,,,,None,n/a (document review),n/a,n/a,Enterprise
G-217,C-GOVERNMENT-R03 FBI CJIS Security Policy v6.1 (applied by public safety customers),"CJISSECPOL v6.1 AT-3(a), (d)(1)","Role-based training before and annually for all individuals with unescorted access to a physically secure location, covering the topics in AT-3(d)(1)",Agency requirement applied by contract,"Yes, through 27 public safety customers' contracts; the company has no CJI access",PR.AT-02,AT-3,Author mapping,Training assigned to 412 technicians with unescorted access; customers keep rosters,Learning records; customer rosters,Partially met,4 of 40 sampled technicians lapsed,Moderate,Expiry alerts and site access holds (POAM-019),Chief Human Resources Officer,2026-11-30,None,412 technicians,40 (random; same sample as P07 AT-3),4 lapsed,State and Local Government segment (27 public safety buildings)
G-218,C-GOVERNMENT-R03 FBI CJIS Security Policy v6.1 (applied by public safety customers),CJISSECPOL v6.1 PS-3 and the Personnel Security scope,"Screening as each agency determines, including state of residency and national fingerprint-based record checks where the agency requires them for unescorted access",Agency requirement applied by contract,"Yes, through 27 public safety customers' contracts; the company has no CJI access",GV.RR-04,PS-3,Author mapping,Customers run their own fingerprint-based checks before granting unescorted access; the company submits candidates and keeps clearance rosters,Clearance rosters,Met,,,,,,None,412 technicians,40 (random),0,State and Local Government segment (27 public safety buildings)
G-219,C-GOVERNMENT-R03 FBI CJIS Security Policy v6.1 (applied by public safety customers),CJISSECPOL v6.1 PE-3(b),Maintain physical access audit logs for the physically secure location (the agency's duty; the company keeps the PACS logs the agencies use),Agency requirement applied by contract,"Yes, through 27 public safety customers' contracts; the company has no CJI access",PR.AA-06,PE-3; AU-11,Author mapping,PACS audit logs for public safety tenants are retained per each agency's schedule and exported monthly to the agency,Monthly export records,Met,,,,,,None,27 public safety tenants,100% (export log),0,IBOP (public safety tenants)
G-220,C-GOVERNMENT-R03 FBI CJIS Security Policy v6.1 (applied by public safety customers),CJISSECPOL v6.1 IR-6(a),Report suspected incidents immediately and within 1 hour of discovery (applied by public safety customers to incidents affecting their physically secure locations),Agency requirement applied by contract,"Yes, through 27 public safety customers' contracts; the company has no CJI access",RS.CO-02,IR-6,Author mapping,STD-03.2 sets a 1-hour notice for incidents affecting public safety buildings,STD-03.2; P08 matrix,Met,,,,,,None,n/a (document review),n/a,n/a,State and Local Government segment (27 public safety buildings)
G-221,"C-GOVERNMENT-R05 FERPA (34 CFR Part 99), through university contracts",34 CFR 99.31(a)(1)(i)(B),"A contractor may be a school official if it performs an outsourced institutional service, is under the institution's direct control for the use and maintenance of education records, and is subject to 99.33(a)",Regulation applied by contract,"Yes, indirectly: the 9 universities designate the company a school official for student cardholder records",GV.SC-05,AC-3; AC-21,Author mapping,University contracts name the company a school official; tenant roles limit student records to credentialing staff,Contracts; role matrix,Met,,,,,,None,9 university contracts,100%,0,Education Facilities segment
G-222,"C-GOVERNMENT-R05 FERPA (34 CFR Part 99), through university contracts",34 CFR 99.33(a),"Use personally identifiable information from education records only for the purposes of the disclosure, and do not redisclose it without consent",Regulation applied by contract,"Yes, indirectly: the 9 universities designate the company a school official for student cardholder records",PR.DS-10,AC-21; SI-12,Author mapping,Cardholder data excluded from the data platform; export requests from universities only,Data platform access report; export log,Met,,,,,,None,212 export requests from university tenants,25 (random),0,Education Facilities segment
G-223,C-GOVERNMENT-R08 GovRAMP (state procurement policies),"GovRAMP verification (Core, Ready, Provisional or Authorized)",Obtain the GovRAMP verification two state customers require for contractor SaaS used by agency staff,Procurement requirement (not law),"Yes, for the FSP under two state procurement policies",GV.SC-05,CA-2; CA-6,Author mapping,SOC 2 Type 2 for the FSP; GovRAMP verification work started 2026-05,Readiness plan,Partially met,Verification not yet obtained,Moderate,Complete GovRAMP verification (POAM-022),"Vice President, Facility Services Portal",2027-06-30,None,n/a (document review),n/a,n/a,FSP (SL-2)
G-224,"State breach, data security, public records, and customer reporting laws",Each state where affected individuals reside,"Notify affected residents, and state regulators and consumer reporting agencies where the state requires, under each state's definitions and deadlines",Mandatory,"Yes (residents of FL, GA, AL, SC, NC, TN, VA, MD, DC, and other states)",RS.CO-03,IR-6,Author mapping,Multi-state notification workflow with outside counsel's state matrix (P08 section 7),P08,Met,,,,,,None,n/a (document review),n/a,n/a,Enterprise
G-225,"State breach, data security, public records, and customer reporting laws",Fla. Stat. 501.171(2) (Florida worked example),Take reasonable measures to protect and secure electronic data containing personal information,Mandatory,Yes,GV.PO-01,PL-2,Author mapping,Enterprise security program,P01 to P10,Met,,,,,,None,n/a (document review),n/a,n/a,Enterprise
G-226,"State breach, data security, public records, and customer reporting laws",Fla. Stat. 501.171(1)(g)1.a.(VI) and 501.702 (Florida worked example),"Treat biometric data, as defined in 501.702, with a name as personal information",Mandatory,"Yes, for face templates at pilot sites (whether templates computed from camera images fall within the definition is unsettled; counsel to confirm)",ID.AM-07,RA-2; SC-28,Author mapping,Face templates classified Restricted and handled as personal information either way (POL-04),POL-04; P10,Met,,,,,,None,n/a (document review),n/a,n/a,IBOP (face verification pilots)
G-227,"State breach, data security, public records, and customer reporting laws",Fla. Stat. 501.171(6)(a) (Florida worked example),A third-party agent must notify the covered entity of a breach as expeditiously as practicable and no later than 10 days after determination,Mandatory,Yes: the company is a third-party agent for customer cardholder data,RS.CO-03,IR-6; SA-9,Author mapping,"STD-03.2 requires customer notice within 24 hours of discovery, which comes first",STD-03.2,Met,,,,,,None,n/a (document review),n/a,n/a,IBOP and FSP
G-228,"State breach, data security, public records, and customer reporting laws",Fla. Stat. 501.171(8) (Florida worked example),Dispose of customer records containing personal information so they are unreadable or undecipherable,Mandatory,Yes,PR.DS-01,MP-6; SI-12,Author mapping,Certified destruction; retention jobs for cardholder records (see SI-12 for the retention gap),Certificates,Met,,,,,,None,"1,310 disposed devices and media",25 certificates (random),0,Enterprise
G-229,"State breach, data security, public records, and customer reporting laws",Fla. Stat. 282.318(3)(c)9.c. (customer duty; Florida worked example),State agencies report ransomware incidents and severity level 3-5 incidents within 48 hours (12 hours for ransomware); the company's contract notice must arrive in time,Customer duty supported by contract,Yes: supporting duty for state customers,RS.CO-02,IR-6,Author mapping,24-hour contract notice with the facts customers need for their own reports (P08),P08 matrix,Met,,,,,,None,n/a (document review),n/a,n/a,State and Local Government segment
G-230,"State breach, data security, public records, and customer reporting laws",Fla. Stat. 282.3185(5)(b)1. and (6) (customer duty; Florida worked example),Local governments report within 48 hours (12 hours for ransomware) and submit an after-action report within 1 week of remediation; the company supplies facts,Customer duty supported by contract,Yes: supporting duty for local customers,RS.CO-02,IR-6; IR-4,Author mapping,24-hour contract notice; after-action input step in P08,P08,Met,,,,,,None,n/a (document review),n/a,n/a,State and Local Government segment
G-231,"State breach, data security, public records, and customer reporting laws",Fla. Stat. 282.3186 (Florida worked example),"State agencies, counties, and municipalities may not pay a ransom; the company must not pay on a customer's behalf",Mandatory for customers; company rule,Yes: company rule in POL-03,RS.MA-01,IR-4,Author mapping,POL-03 forbids payment on a customer's behalf; any company payment needs an OFAC check,POL-03; P08,Met,,,,,,None,n/a (document review),n/a,n/a,Enterprise
G-232,"State breach, data security, public records, and customer reporting laws",Fla. Stat. 119.0701 (Florida worked example),"Contractor public records duties: keep and provide public records as the public agency would, and route requests to the agency's custodian",Mandatory,"Yes, for state and local customers in Florida; other states by counsel matrix",GV.OC-03,AC-21,Author mapping,PRC-04.2 routes requests to the customer's custodian within 1 business day,Request log,Met,,,,,,None,37 requests received,100%,0,Enterprise
G-233,"State breach, data security, public records, and customer reporting laws",Fla. Stat. 119.071(3)(a) (Florida worked example),Security system plans and related records are exempt; mark and protect them so the custodian can apply the exemption,Mandatory for customers; company practice,Yes,PR.DS-01,MP-3,Author mapping,Security layouts and door schedules are labeled exempt security records at creation in the FSP and IBOP,Labeling standard STD-04.4,Partially met,Labels missing on older document sets,Low,Relabel at next document update,"Vice President, Remote Operations",2027-03-31,None,Document libraries of 64 customers,30 document sets (random),5 without labels,Enterprise
G-234,C-GOVERNMENT-R02 IRS Publication 1075,26 U.S.C. 6103(p)(4); Pub. 1075 (Rev. 11-2021),Safeguard FTI,Not applicable,No: state contracts for revenue and benefits agency buildings exclude restricted FTI areas; company staff enter only under escort,GV.OC-03,PL-2,Author mapping,Contract exclusions confirmed for 4 state agency buildings,Contracts,Not applicable,,,,,,None,n/a (document review),n/a,n/a,Enterprise
G-235,C-GOVERNMENT-R04 EAC VVSG 2.0,52 U.S.C. 20971; VVSG 2.0,Voting system requirements,Not applicable,No: no election systems,GV.OC-03,PL-2,Author mapping,No election systems in any contract,Contract review,Not applicable,,,,,,None,n/a (document review),n/a,n/a,Enterprise
G-236,C-GOVERNMENT-R07 SLCGP,6 U.S.C. 665g,Grant recipient cybersecurity plan,Not applicable,"No: a grant condition for governments, not contractors",GV.OC-03,PL-2,Author mapping,Customers may ask for evidence supporting their plans; handled as contract requests,Contract review,Not applicable,,,,,,None,n/a (document review),n/a,n/a,Enterprise
G-237,C-GOVERNMENT-R06 CIRCIA (proposed),6 U.S.C. 681-681g; proposed 6 CFR Part 226 (89 FR 23644),Report covered cyber incidents within 72 hours and ransom payments within 24 hours (proposed),Proposed rule,"Not in force. If finalized as proposed, the company would likely be covered as an entity above its SBA size standard in a critical infrastructure sector (counsel to confirm)",RS.CO-02,IR-6,Author mapping,Reporting capability exists through the P08 matrix; voluntary reporting to CISA is coordinated with customers,P08,Not applicable,,,,,,Final rule not published as of 2026-09-25; recheck monthly,n/a (document review),n/a,n/a,Enterprise
