req_id,regulation,citation,requirement_summary,requirement_type,cmmc_id,point_value,points_deducted,applies_at_this_tier,csf2_subcategories,sp800_53_controls,crosswalk_source,current_state,evidence,status,gap_location,gap_description,gap_risk_level,remediation_action,owner,target_date,pending_rule_change
G-001,NIST SP 800-171 Rev. 2 via DFARS 252.204-7012(b)(2) (N23-R03); CMMC Level 2 (N23-R04),SP 800-171 Rev. 2 3.1.1,"Limit system access to authorized users, processes acting on behalf of authorized users, and devices (including other systems).",Basic,AC.L2-3.1.1,5,5,Yes - FC-4 includes DFARS 252.204-7012 and CDI is held; no size exemption,DE.CM-01; DE.CM-03; PR.AA-01; PR.AA-05; PR.DS-10,AC-2; AC-2(13); AC-2(3); AC-2(5),Derived from NIST official mappings via SP 800-171 Rev. 3 03.01.01 (NIST Rev. 2 to Rev. 3 change analysis; SP 800-171r3 CUI overlay for SP 800-53; CSF 2.0 to SP 800-171r3 mapping),"52 enclave accounts approved by the FC-4 Project Executive. Outside the enclave, CUI-marked FC-4 folders in SYS-01 are open to 230 external users from 14 firms. A departed A&E guest account stayed active for 47 days (P07)",CPE user export 2026-07-14; SYS-01 permission export 2026-07-22; P07 AC-2 sample,Partially met,CPE and outside the enclave,Users not authorized for CUI can reach it in SYS-01; guest lifecycle not controlled,High,Remove CUI from SYS-01; monthly A&E roster reconciliation; 30-day guest expiry,FC-4 Project Executive,2026-10-31,None pending. Rev. 3 counterpart 03.01.01; Rev. 3 is not required for CMMC Level 2 (32 CFR 170.14(c)(3) fixes Rev. 2)
G-002,NIST SP 800-171 Rev. 2 via DFARS 252.204-7012(b)(2) (N23-R03); CMMC Level 2 (N23-R04),SP 800-171 Rev. 2 3.1.2,Limit system access to the types of transactions and functions that authorized users are permitted to execute.,Basic,AC.L2-3.1.2,5,5,Yes - FC-4 includes DFARS 252.204-7012 and CDI is held; no size exemption,PR.AA-05; PR.DS-10; PR.IR-01,AC-3,Derived from NIST official mappings via SP 800-171 Rev. 3 03.01.02 (NIST Rev. 2 to Rev. 3 change analysis; SP 800-171r3 CUI overlay for SP 800-53; CSF 2.0 to SP 800-171r3 mapping),CPE folders by discipline limit A&E guests to design folders. The SYS-01 FC-4 folder template grants project-wide read to every project member,CPE folder ACL export; SYS-01 template settings,Partially met,"Outside the enclave (SYS-01, tablets, FC-4 trailer)",Transaction limits do not apply to CUI in SYS-01,Moderate,CUI only in the CPE; SYS-01 template changed so CUI cannot be filed there,FC-4 Project Executive,2026-10-31,None pending. Rev. 3 counterpart 03.01.02; Rev. 3 is not required for CMMC Level 2 (32 CFR 170.14(c)(3) fixes Rev. 2)
G-003,NIST SP 800-171 Rev. 2 via DFARS 252.204-7012(b)(2) (N23-R03); CMMC Level 2 (N23-R04),SP 800-171 Rev. 2 3.1.3,Control the flow of CUI in accordance with approved authorizations.,Derived,AC.L2-3.1.3,1,1,Yes - FC-4 includes DFARS 252.204-7012 and CDI is held; no size exemption,DE.CM-09; PR.DS-10; PR.IR-01,AC-4,Derived from NIST official mappings via SP 800-171 Rev. 3 03.01.03 (NIST Rev. 2 to Rev. 3 change analysis; SP 800-171r3 CUI overlay for SP 800-53; CSF 2.0 to SP 800-171r3 mapping),"No technical control on CUI leaving the CPE. Staff downloaded CUI to enclave laptops and uploaded it to SYS-01 for RFIs and submittals; 1,140 CUI items found in SYS-01 by content search",SYS-01 content search 2026-07-22; virtual desktop policy export,Not met,CPE and outside the enclave,CUI flow is not controlled,High,Block download and clipboard from virtual desktops; data loss prevention rules on CUI markings; CPE workflow for CUI RFIs and submittals,IT Director,2026-12-31,None pending. Rev. 3 counterpart 03.01.03; Rev. 3 is not required for CMMC Level 2 (32 CFR 170.14(c)(3) fixes Rev. 2)
G-004,NIST SP 800-171 Rev. 2 via DFARS 252.204-7012(b)(2) (N23-R03); CMMC Level 2 (N23-R04),SP 800-171 Rev. 2 3.1.4,Separate the duties of individuals to reduce the risk of malevolent activity without collusion.,Derived,AC.L2-3.1.4,1,1,Yes - FC-4 includes DFARS 252.204-7012 and CDI is held; no size exemption,PR.AA-05,AC-5,Derived from NIST official mappings via SP 800-171 Rev. 3 03.01.04 (NIST Rev. 2 to Rev. 3 change analysis; SP 800-171r3 CUI overlay for SP 800-53; CSF 2.0 to SP 800-171r3 mapping),"Account requests are approved by the FC-4 Project Executive and fulfilled by IT. The 3 CPE administrators also perform the weekly CPE log review, so they review their own activity",CPE administrator list; weekly review records,Partially met,CPE,No separation between administration and log review,Moderate,Assign CPE log review to a security analyst who holds no CPE administrator role,Security Manager,2026-11-30,None pending. Rev. 3 counterpart 03.01.04; Rev. 3 is not required for CMMC Level 2 (32 CFR 170.14(c)(3) fixes Rev. 2)
G-005,NIST SP 800-171 Rev. 2 via DFARS 252.204-7012(b)(2) (N23-R03); CMMC Level 2 (N23-R04),SP 800-171 Rev. 2 3.1.5,"Employ the principle of least privilege, including for specific security functions and privileged accounts.",Derived,AC.L2-3.1.5,3,0,Yes - FC-4 includes DFARS 252.204-7012 and CDI is held; no size exemption,PR.AA-05,AC-6; AC-6(1); AC-6(7),Derived from NIST official mappings via SP 800-171 Rev. 3 03.01.05 (NIST Rev. 2 to Rev. 3 change analysis; SP 800-171r3 CUI overlay for SP 800-53; CSF 2.0 to SP 800-171r3 mapping),3 named CPE administrators; A&E guests limited to design folders; FC-4 staff by discipline group,CPE role export,Met,,None,Very Low,Maintain,IT Director,,None pending. Rev. 3 counterpart 03.01.05; Rev. 3 is not required for CMMC Level 2 (32 CFR 170.14(c)(3) fixes Rev. 2)
G-006,NIST SP 800-171 Rev. 2 via DFARS 252.204-7012(b)(2) (N23-R03); CMMC Level 2 (N23-R04),SP 800-171 Rev. 2 3.1.6,Use non-privileged accounts or roles when accessing nonsecurity functions,Derived,AC.L2-3.1.6,1,0,Yes - FC-4 includes DFARS 252.204-7012 and CDI is held; no size exemption,PR.AA-05,AC-6(2),Derived from NIST official mappings via SP 800-171 Rev. 3 03.01.06 (NIST Rev. 2 to Rev. 3 change analysis; SP 800-171r3 CUI overlay for SP 800-53; CSF 2.0 to SP 800-171r3 mapping),Administrators use separate administrative accounts for privileged work; daily work uses standard accounts,Admin account list,Met,,None,Very Low,Maintain,IT Director,,None pending. Rev. 3 counterpart 03.01.06; Rev. 3 is not required for CMMC Level 2 (32 CFR 170.14(c)(3) fixes Rev. 2)
G-007,NIST SP 800-171 Rev. 2 via DFARS 252.204-7012(b)(2) (N23-R03); CMMC Level 2 (N23-R04),SP 800-171 Rev. 2 3.1.7,Prevent non-privileged users from executing privileged functions and capture the execution of such functions in audit logs.,Derived,AC.L2-3.1.7,1,0,Yes - FC-4 includes DFARS 252.204-7012 and CDI is held; no size exemption,PR.AA-05,AC-6(10); AC-6(9),Derived from NIST official mappings via SP 800-171 Rev. 3 03.01.07 (NIST Rev. 2 to Rev. 3 change analysis; SP 800-171r3 CUI overlay for SP 800-53; CSF 2.0 to SP 800-171r3 mapping),Standard users cannot change tenant settings; administrator actions are logged in the native log store,Role configuration; sample log entries,Met,,None,Very Low,Maintain,IT Director,,None pending. Rev. 3 counterpart 03.01.07; Rev. 3 is not required for CMMC Level 2 (32 CFR 170.14(c)(3) fixes Rev. 2)
G-008,NIST SP 800-171 Rev. 2 via DFARS 252.204-7012(b)(2) (N23-R03); CMMC Level 2 (N23-R04),SP 800-171 Rev. 2 3.1.8,Limit unsuccessful logon attempts.,Derived,AC.L2-3.1.8,1,0,Yes - FC-4 includes DFARS 252.204-7012 and CDI is held; no size exemption,PR.AA-03,AC-7,Derived from NIST official mappings via SP 800-171 Rev. 3 03.01.08 (NIST Rev. 2 to Rev. 3 change analysis; SP 800-171r3 CUI overlay for SP 800-53; CSF 2.0 to SP 800-171r3 mapping; CSF 2.0 via NIST CSF 2.0 to SP 800-53 mapping because the CSF 2.0 to 800-171r3 mapping has no entry),"Lockout after 10 failed attempts for 15 minutes, inherited from the enclave identity tenant",CRM item; policy export,Met,,None,Very Low,Maintain,IT Director,,None pending. Rev. 3 counterpart 03.01.08; Rev. 3 is not required for CMMC Level 2 (32 CFR 170.14(c)(3) fixes Rev. 2)
G-009,NIST SP 800-171 Rev. 2 via DFARS 252.204-7012(b)(2) (N23-R03); CMMC Level 2 (N23-R04),SP 800-171 Rev. 2 3.1.9,Provide privacy and security notices consistent with applicable CUI rules.,Derived,AC.L2-3.1.9,1,0,Yes - FC-4 includes DFARS 252.204-7012 and CDI is held; no size exemption,PR.AA-05,AC-8,Derived from NIST official mappings via SP 800-171 Rev. 3 03.01.09 (NIST Rev. 2 to Rev. 3 change analysis; SP 800-171r3 CUI overlay for SP 800-53; CSF 2.0 to SP 800-171r3 mapping; CSF 2.0 via NIST CSF 2.0 to SP 800-53 mapping because the CSF 2.0 to 800-171r3 mapping has no entry); CSF author mapping,Sign-in banner on enclave laptops and virtual desktops with the CUI use notice approved by counsel,Banner screenshots,Met,,None,Very Low,Maintain,IT Director,,None pending. Rev. 3 counterpart 03.01.09; Rev. 3 is not required for CMMC Level 2 (32 CFR 170.14(c)(3) fixes Rev. 2)
G-010,NIST SP 800-171 Rev. 2 via DFARS 252.204-7012(b)(2) (N23-R03); CMMC Level 2 (N23-R04),SP 800-171 Rev. 2 3.1.10,Use session lock with pattern-hiding displays to prevent access and viewing of data after a period of inactivity,Derived,AC.L2-3.1.10,1,0,Yes - FC-4 includes DFARS 252.204-7012 and CDI is held; no size exemption,PR.AA-05,AC-11; AC-11(1),Derived from NIST official mappings via SP 800-171 Rev. 3 03.01.10 (NIST Rev. 2 to Rev. 3 change analysis; SP 800-171r3 CUI overlay for SP 800-53; CSF 2.0 to SP 800-171r3 mapping; CSF 2.0 via NIST CSF 2.0 to SP 800-53 mapping because the CSF 2.0 to 800-171r3 mapping has no entry); CSF author mapping,"Session lock after 10 minutes on virtual desktops and 15 minutes on enclave laptops, with a pattern-hiding screen",Device and pool policies,Met,,None,Very Low,Maintain,IT Director,,None pending. Rev. 3 counterpart 03.01.10; Rev. 3 is not required for CMMC Level 2 (32 CFR 170.14(c)(3) fixes Rev. 2)
G-011,NIST SP 800-171 Rev. 2 via DFARS 252.204-7012(b)(2) (N23-R03); CMMC Level 2 (N23-R04),SP 800-171 Rev. 2 3.1.11,Terminate (automatically) a user session after a defined condition.,Derived,AC.L2-3.1.11,1,0,Yes - FC-4 includes DFARS 252.204-7012 and CDI is held; no size exemption,PR.AA-03,AC-12,Derived from NIST official mappings via SP 800-171 Rev. 3 03.01.11 (NIST Rev. 2 to Rev. 3 change analysis; SP 800-171r3 CUI overlay for SP 800-53; CSF 2.0 to SP 800-171r3 mapping),Virtual desktop sessions end after 30 minutes idle or 12 hours,Pool policy,Met,,None,Very Low,Maintain,IT Director,,None pending. Rev. 3 counterpart 03.01.11; Rev. 3 is not required for CMMC Level 2 (32 CFR 170.14(c)(3) fixes Rev. 2)
G-012,NIST SP 800-171 Rev. 2 via DFARS 252.204-7012(b)(2) (N23-R03); CMMC Level 2 (N23-R04),SP 800-171 Rev. 2 3.1.12,Monitor and control remote access sessions.,Derived,AC.L2-3.1.12,5,0,Yes - FC-4 includes DFARS 252.204-7012 and CDI is held; no size exemption,PR.AA-05,AC-17; AC-17(3); AC-17(4),Derived from NIST official mappings via SP 800-171 Rev. 3 03.01.12 (NIST Rev. 2 to Rev. 3 change analysis; SP 800-171r3 CUI overlay for SP 800-53; CSF 2.0 to SP 800-171r3 mapping),"All remote access to CUI goes through the virtual desktop gateway, which records session start, end, user, and device; sessions are controlled by conditional access",Gateway logs; conditional access policy,Met,,None,Very Low,Maintain,IT Director,,None pending. Rev. 3 counterpart 03.01.12; Rev. 3 is not required for CMMC Level 2 (32 CFR 170.14(c)(3) fixes Rev. 2)
G-013,NIST SP 800-171 Rev. 2 via DFARS 252.204-7012(b)(2) (N23-R03); CMMC Level 2 (N23-R04),SP 800-171 Rev. 2 3.1.13,Employ cryptographic mechanisms to protect the confidentiality of remote access sessions.,Derived,AC.L2-3.1.13,5,0,Yes - FC-4 includes DFARS 252.204-7012 and CDI is held; no size exemption,PR.AA-05,AC-17; AC-17(3); AC-17(4),Derived from NIST official mappings via SP 800-171 Rev. 3 03.01.12 (NIST Rev. 2 to Rev. 3 change analysis; SP 800-171r3 CUI overlay for SP 800-53; CSF 2.0 to SP 800-171r3 mapping),Gateway sessions use TLS with the provider's FIPS-validated modules,CRM; FedRAMP package,Met,,None,Very Low,Maintain,IT Director,,None pending. In SP 800-171 Rev. 3 this requirement is withdrawn (Incorporated into 03.01.12). Rev. 3 is not required for CMMC Level 2 (32 CFR 170.14(c)(3) fixes Rev. 2)
G-014,NIST SP 800-171 Rev. 2 via DFARS 252.204-7012(b)(2) (N23-R03); CMMC Level 2 (N23-R04),SP 800-171 Rev. 2 3.1.14,Route remote access via managed access control points.,Derived,AC.L2-3.1.14,1,0,Yes - FC-4 includes DFARS 252.204-7012 and CDI is held; no size exemption,PR.AA-05,AC-17; AC-17(3); AC-17(4),Derived from NIST official mappings via SP 800-171 Rev. 3 03.01.12 (NIST Rev. 2 to Rev. 3 change analysis; SP 800-171r3 CUI overlay for SP 800-53; CSF 2.0 to SP 800-171r3 mapping),One managed access point: the enclave virtual desktop gateway,Architecture (P04),Met,,None,Very Low,Maintain,IT Director,,None pending. In SP 800-171 Rev. 3 this requirement is withdrawn (Incorporated into 03.01.12). Rev. 3 is not required for CMMC Level 2 (32 CFR 170.14(c)(3) fixes Rev. 2)
G-015,NIST SP 800-171 Rev. 2 via DFARS 252.204-7012(b)(2) (N23-R03); CMMC Level 2 (N23-R04),SP 800-171 Rev. 2 3.1.15,Authorize remote execution of privileged commands and remote access to security-relevant information.,Derived,AC.L2-3.1.15,1,0,Yes - FC-4 includes DFARS 252.204-7012 and CDI is held; no size exemption,PR.AA-05,AC-17; AC-17(3); AC-17(4),Derived from NIST official mappings via SP 800-171 Rev. 3 03.01.12 (NIST Rev. 2 to Rev. 3 change analysis; SP 800-171r3 CUI overlay for SP 800-53; CSF 2.0 to SP 800-171r3 mapping),Privileged commands only from administrator accounts with FIDO2 through the gateway; no direct administrative access from the internet,Conditional access policy,Met,,None,Very Low,Maintain,IT Director,,None pending. In SP 800-171 Rev. 3 this requirement is withdrawn (Incorporated into 03.01.12). Rev. 3 is not required for CMMC Level 2 (32 CFR 170.14(c)(3) fixes Rev. 2)
G-016,NIST SP 800-171 Rev. 2 via DFARS 252.204-7012(b)(2) (N23-R03); CMMC Level 2 (N23-R04),SP 800-171 Rev. 2 3.1.16,Authorize wireless access prior to allowing such connections,Derived,AC.L2-3.1.16,5,0,Yes - FC-4 includes DFARS 252.204-7012 and CDI is held; no size exemption,PR.AA-05,AC-18; AC-18(1); AC-18(3),Derived from NIST official mappings via SP 800-171 Rev. 3 03.01.16 (NIST Rev. 2 to Rev. 3 change analysis; SP 800-171r3 CUI overlay for SP 800-53; CSF 2.0 to SP 800-171r3 mapping),Enclave laptops connect through company-issued cellular hotspots or the certificate-based office Wi-Fi; trailer Wi-Fi is blocked by device policy,Device policy; Wi-Fi controller configuration,Met,,None,Very Low,Maintain,IT Director,,None pending. Rev. 3 counterpart 03.01.16; Rev. 3 is not required for CMMC Level 2 (32 CFR 170.14(c)(3) fixes Rev. 2)
G-017,NIST SP 800-171 Rev. 2 via DFARS 252.204-7012(b)(2) (N23-R03); CMMC Level 2 (N23-R04),SP 800-171 Rev. 2 3.1.17,Protect wireless access using authentication and encryption,Derived,AC.L2-3.1.17,5,0,Yes - FC-4 includes DFARS 252.204-7012 and CDI is held; no size exemption,PR.AA-05,AC-18; AC-18(1); AC-18(3),Derived from NIST official mappings via SP 800-171 Rev. 3 03.01.16 (NIST Rev. 2 to Rev. 3 change analysis; SP 800-171r3 CUI overlay for SP 800-53; CSF 2.0 to SP 800-171r3 mapping),Office Wi-Fi uses certificate authentication and WPA3-Enterprise; hotspots use WPA3 with device-specific keys,Wi-Fi configuration,Met,,None,Very Low,Maintain,IT Director,,None pending. In SP 800-171 Rev. 3 this requirement is withdrawn (Incorporated into 03.01.16). Rev. 3 is not required for CMMC Level 2 (32 CFR 170.14(c)(3) fixes Rev. 2)
G-018,NIST SP 800-171 Rev. 2 via DFARS 252.204-7012(b)(2) (N23-R03); CMMC Level 2 (N23-R04),SP 800-171 Rev. 2 3.1.18,Control connection of mobile devices.,Derived,AC.L2-3.1.18,5,5,Yes - FC-4 includes DFARS 252.204-7012 and CDI is held; no size exemption,PR.AA-05,AC-19; AC-19(5),Derived from NIST official mappings via SP 800-171 Rev. 3 03.01.18 (NIST Rev. 2 to Rev. 3 change analysis; SP 800-171r3 CUI overlay for SP 800-53; CSF 2.0 to SP 800-171r3 mapping),Enclave laptops are device-managed. 26 FC-4 rugged tablets hold offline CUI drawing sets; 9 of them are not in device management,Device management inventory 2026-07-20; tablet sweep at the FC-4 trailer 2026-08-12,Partially met,"Outside the enclave (SYS-01, tablets, FC-4 trailer)",Mobile devices with CUI are not all controlled,High,Enroll the 9 tablets; lock FC-4 tablets to the virtual desktop client; remove offline CUI sets,Vice President of Operations,2026-12-31,None pending. Rev. 3 counterpart 03.01.18; Rev. 3 is not required for CMMC Level 2 (32 CFR 170.14(c)(3) fixes Rev. 2)
G-019,NIST SP 800-171 Rev. 2 via DFARS 252.204-7012(b)(2) (N23-R03); CMMC Level 2 (N23-R04),SP 800-171 Rev. 2 3.1.19,Encrypt CUI on mobile devices and mobile computing platforms.,Derived,AC.L2-3.1.19,3,3,Yes - FC-4 includes DFARS 252.204-7012 and CDI is held; no size exemption,PR.AA-05,AC-19; AC-19(5),Derived from NIST official mappings via SP 800-171 Rev. 3 03.01.18 (NIST Rev. 2 to Rev. 3 change analysis; SP 800-171r3 CUI overlay for SP 800-53; CSF 2.0 to SP 800-171r3 mapping),The 17 managed FC-4 tablets use platform encryption (not confirmed FIPS-validated); the 9 unmanaged tablets have no enforced encryption,Device compliance report,Partially met,"Outside the enclave (SYS-01, tablets, FC-4 trailer)",CUI on mobile devices not reliably encrypted,High,Same as G-018; no CUI at rest on tablets after the virtual desktop change,Vice President of Operations,2026-12-31,None pending. In SP 800-171 Rev. 3 this requirement is withdrawn (Incorporated into 03.01.18). Rev. 3 is not required for CMMC Level 2 (32 CFR 170.14(c)(3) fixes Rev. 2)
G-020,NIST SP 800-171 Rev. 2 via DFARS 252.204-7012(b)(2) (N23-R03); CMMC Level 2 (N23-R04),SP 800-171 Rev. 2 3.1.20,Verify and control/limit connections to and use of external systems.,Derived,AC.L2-3.1.20,1,1,Yes - FC-4 includes DFARS 252.204-7012 and CDI is held; no size exemption,ID.AM-02; ID.AM-04,AC-20; AC-20(1); AC-20(2),Derived from NIST official mappings via SP 800-171 Rev. 3 03.01.20 (NIST Rev. 2 to Rev. 3 change analysis; SP 800-171r3 CUI overlay for SP 800-53; CSF 2.0 to SP 800-171r3 mapping; CSF 2.0 via NIST CSF 2.0 to SP 800-53 mapping because the CSF 2.0 to 800-171r3 mapping has no entry),"CUI was placed in SYS-01, a commercial SaaS not approved for CUI, and sent to 14 trade subcontractors' own systems without verifying their security",SYS-01 content search; subcontract review,Not met,"Outside the enclave (SYS-01, tablets, FC-4 trailer)",Use of external systems for CUI is neither verified nor limited,High,"Approved external systems list for CUI (CPE and verified subcontractor systems only); flowdown and SPRS check before any CUI release (G-118, G-122)",Director of Contracts and Compliance,2026-11-30,None pending. Rev. 3 counterpart 03.01.20; Rev. 3 is not required for CMMC Level 2 (32 CFR 170.14(c)(3) fixes Rev. 2)
G-021,NIST SP 800-171 Rev. 2 via DFARS 252.204-7012(b)(2) (N23-R03); CMMC Level 2 (N23-R04),SP 800-171 Rev. 2 3.1.21,Limit use of portable storage devices on external systems.,Derived,AC.L2-3.1.21,1,0,Yes - FC-4 includes DFARS 252.204-7012 and CDI is held; no size exemption,ID.AM-02; ID.AM-04,AC-20; AC-20(1); AC-20(2),Derived from NIST official mappings via SP 800-171 Rev. 3 03.01.20 (NIST Rev. 2 to Rev. 3 change analysis; SP 800-171r3 CUI overlay for SP 800-53; CSF 2.0 to SP 800-171r3 mapping; CSF 2.0 via NIST CSF 2.0 to SP 800-53 mapping because the CSF 2.0 to 800-171r3 mapping has no entry),USB storage blocked on enclave laptops; POL-04 prohibits CUI on portable storage on any external system,Device policy; POL-04,Met,,None,Very Low,Maintain,IT Director,,None pending. In SP 800-171 Rev. 3 this requirement is withdrawn (Incorporated into 03.01.20). Rev. 3 is not required for CMMC Level 2 (32 CFR 170.14(c)(3) fixes Rev. 2)
G-022,NIST SP 800-171 Rev. 2 via DFARS 252.204-7012(b)(2) (N23-R03); CMMC Level 2 (N23-R04),SP 800-171 Rev. 2 3.1.22,Control CUI posted or processed on publicly accessible systems.,Derived,AC.L2-3.1.22,1,0,Yes - FC-4 includes DFARS 252.204-7012 and CDI is held; no size exemption,PR.AA-05,AC-22,Derived from NIST official mappings via SP 800-171 Rev. 3 03.01.22 (NIST Rev. 2 to Rev. 3 change analysis; SP 800-171r3 CUI overlay for SP 800-53; CSF 2.0 to SP 800-171r3 mapping; CSF 2.0 via NIST CSF 2.0 to SP 800-53 mapping because the CSF 2.0 to 800-171r3 mapping has no entry); CSF author mapping,No FC-4 content may be posted publicly; marketing posts for federal jobs need approval from the Director of Contracts and Compliance; quarterly website review found none,Posting approvals; review 2026-06-30,Met,,None,Very Low,Maintain,Director of Contracts and Compliance,,None pending. Rev. 3 counterpart 03.01.22; Rev. 3 is not required for CMMC Level 2 (32 CFR 170.14(c)(3) fixes Rev. 2)
G-023,NIST SP 800-171 Rev. 2 via DFARS 252.204-7012(b)(2) (N23-R03); CMMC Level 2 (N23-R04),SP 800-171 Rev. 2 3.2.1,"Ensure that managers, systems administrators, and users of organizational systems are made aware of the security risks associated with their activities and of the applicable policies, standards, and procedures related to the security of those systems.",Basic,AT.L2-3.2.1,5,5,Yes - FC-4 includes DFARS 252.204-7012 and CDI is held; no size exemption,PR.AT-01,AT-2; AT-2(2); AT-2(3),Derived from NIST official mappings via SP 800-171 Rev. 3 03.02.01 (NIST Rev. 2 to Rev. 3 change analysis; SP 800-171r3 CUI overlay for SP 800-53; CSF 2.0 to SP 800-171r3 mapping; CSF 2.0 via NIST CSF 2.0 to SP 800-53 mapping because the CSF 2.0 to 800-171r3 mapping has no entry),Annual awareness training for all users (96% complete) covers phishing and payment fraud but not CUI handling risks; FC-4 field staff never received CUI awareness,Training records 2026,Partially met,CPE and outside the enclave,CUI risks not covered in awareness,Moderate,CUI awareness module for all CPE users and FC-4 field staff; trade foremen briefing,HR Director,2026-11-30,None pending. Rev. 3 counterpart 03.02.01; Rev. 3 is not required for CMMC Level 2 (32 CFR 170.14(c)(3) fixes Rev. 2)
G-024,NIST SP 800-171 Rev. 2 via DFARS 252.204-7012(b)(2) (N23-R03); CMMC Level 2 (N23-R04),SP 800-171 Rev. 2 3.2.2,Ensure that personnel are trained to carry out their assigned information security-related duties and responsibilities.,Basic,AT.L2-3.2.2,5,5,Yes - FC-4 includes DFARS 252.204-7012 and CDI is held; no size exemption,PR.AT-01; PR.AT-02,AT-3,Derived from NIST official mappings via SP 800-171 Rev. 3 03.02.02 (NIST Rev. 2 to Rev. 3 change analysis; SP 800-171r3 CUI overlay for SP 800-53; CSF 2.0 to SP 800-171r3 mapping),"Administrators received vendor training. The FC-4 Project Executive and project team received a 2025 briefing only; no role-based CUI training on marking, storage, or incident reporting",Briefing roster 2025-03,Partially met,CPE and outside the enclave,No role-based CUI training,Moderate,"Role-based CUI training for the CUI custodian, project team, and Director of Contracts and Compliance; yearly",Security Manager,2026-11-30,None pending. Rev. 3 counterpart 03.02.02; Rev. 3 is not required for CMMC Level 2 (32 CFR 170.14(c)(3) fixes Rev. 2)
G-025,NIST SP 800-171 Rev. 2 via DFARS 252.204-7012(b)(2) (N23-R03); CMMC Level 2 (N23-R04),SP 800-171 Rev. 2 3.2.3,Provide security awareness training on recognizing and reporting potential indicators of insider threat.,Derived,AT.L2-3.2.3,1,1,Yes - FC-4 includes DFARS 252.204-7012 and CDI is held; no size exemption,PR.AT-01,AT-2; AT-2(2); AT-2(3),Derived from NIST official mappings via SP 800-171 Rev. 3 03.02.01 (NIST Rev. 2 to Rev. 3 change analysis; SP 800-171r3 CUI overlay for SP 800-53; CSF 2.0 to SP 800-171r3 mapping; CSF 2.0 via NIST CSF 2.0 to SP 800-53 mapping because the CSF 2.0 to 800-171r3 mapping has no entry),Insider threat awareness is a 5-minute generic module; nothing specific to CUI or departing staff,Course outline,Partially met,CPE,Insider threat training is thin,Low,Insider threat module with reporting channel for CPE users,Security Manager,2026-12-31,None pending. In SP 800-171 Rev. 3 this requirement is withdrawn (Incorporated into 03.02 01). Rev. 3 is not required for CMMC Level 2 (32 CFR 170.14(c)(3) fixes Rev. 2)
G-026,NIST SP 800-171 Rev. 2 via DFARS 252.204-7012(b)(2) (N23-R03); CMMC Level 2 (N23-R04),SP 800-171 Rev. 2 3.3.1,"Create and retain system audit logs and records to the extent needed to enable the monitoring, analysis, investigation, and reporting of unlawful or unauthorized system activity",Basic,AU.L2-3.3.1,5,5,Yes - FC-4 includes DFARS 252.204-7012 and CDI is held; no size exemption,PR.PS-04,AU-2,Derived from NIST official mappings via SP 800-171 Rev. 3 03.03.01 (NIST Rev. 2 to Rev. 3 change analysis; SP 800-171r3 CUI overlay for SP 800-53; CSF 2.0 to SP 800-171r3 mapping; CSF 2.0 via NIST CSF 2.0 to SP 800-53 mapping because the CSF 2.0 to 800-171r3 mapping has no entry),"CPE native logs capture sign-in, file, and administrator events, kept 180 days (the logging standard requires 1 year). SYS-01 audit logs for CUI folders are not collected",CPE retention setting; logging standard,Partially met,CPE and outside the enclave,Retention below the company standard; logs for CUI in SYS-01 not retained,Moderate,1-year retention in the planned CPE monitoring service; CUI removed from SYS-01,Security Manager,2027-01-31,None pending. Rev. 3 counterpart 03.03.01; Rev. 3 is not required for CMMC Level 2 (32 CFR 170.14(c)(3) fixes Rev. 2)
G-027,NIST SP 800-171 Rev. 2 via DFARS 252.204-7012(b)(2) (N23-R03); CMMC Level 2 (N23-R04),SP 800-171 Rev. 2 3.3.2,"Ensure that the actions of individual system users can be uniquely traced to those users, so they can be held accountable for their actions.",Basic,AU.L2-3.3.2,3,0,Yes - FC-4 includes DFARS 252.204-7012 and CDI is held; no size exemption,PR.PS-04,AU-3; AU-3(1),Derived from NIST official mappings via SP 800-171 Rev. 3 03.03.02 (NIST Rev. 2 to Rev. 3 change analysis; SP 800-171r3 CUI overlay for SP 800-53; CSF 2.0 to SP 800-171r3 mapping),Every CPE action is tied to a named account; no shared accounts,CPE user export,Met,,None,Very Low,Maintain,Security Manager,,None pending. Rev. 3 counterpart 03.03.02; Rev. 3 is not required for CMMC Level 2 (32 CFR 170.14(c)(3) fixes Rev. 2)
G-028,NIST SP 800-171 Rev. 2 via DFARS 252.204-7012(b)(2) (N23-R03); CMMC Level 2 (N23-R04),SP 800-171 Rev. 2 3.3.3,Review and update logged events.,Derived,AU.L2-3.3.3,1,0,Yes - FC-4 includes DFARS 252.204-7012 and CDI is held; no size exemption,DE.CM-01; DE.CM-03; DE.CM-09; PR.PS-04,AU-11; AU-12,Derived from NIST official mappings via SP 800-171 Rev. 3 03.03.03 (NIST Rev. 2 to Rev. 3 change analysis; SP 800-171r3 CUI overlay for SP 800-53; CSF 2.0 to SP 800-171r3 mapping),Logged event types reviewed and updated with the logging standard on 2026-03-12,Logging standard change record,Met,,None,Very Low,Maintain,Security Manager,,None pending. Rev. 3 counterpart 03.03.03; Rev. 3 is not required for CMMC Level 2 (32 CFR 170.14(c)(3) fixes Rev. 2)
G-029,NIST SP 800-171 Rev. 2 via DFARS 252.204-7012(b)(2) (N23-R03); CMMC Level 2 (N23-R04),SP 800-171 Rev. 2 3.3.4,Alert in the event of an audit logging process failure.,Derived,AU.L2-3.3.4,1,0,Yes - FC-4 includes DFARS 252.204-7012 and CDI is held; no size exemption,PR.AA-05,AU-5,Derived from NIST official mappings via SP 800-171 Rev. 3 03.03.04 (NIST Rev. 2 to Rev. 3 change analysis; SP 800-171r3 CUI overlay for SP 800-53; CSF 2.0 to SP 800-171r3 mapping; CSF 2.0 via NIST CSF 2.0 to SP 800-53 mapping because the CSF 2.0 to 800-171r3 mapping has no entry); CSF author mapping,Provider health alerts for audit log pipeline failure are sent to the security mailbox,Alert configuration,Met,,None,Very Low,Maintain,Security Manager,,None pending. Rev. 3 counterpart 03.03.04; Rev. 3 is not required for CMMC Level 2 (32 CFR 170.14(c)(3) fixes Rev. 2)
G-030,NIST SP 800-171 Rev. 2 via DFARS 252.204-7012(b)(2) (N23-R03); CMMC Level 2 (N23-R04),SP 800-171 Rev. 2 3.3.5,"Correlate audit record review, analysis, and reporting processes for investigation and response to indications of unlawful, unauthorized, suspicious, or unusual activity.",Derived,AU.L2-3.3.5,5,5,Yes - FC-4 includes DFARS 252.204-7012 and CDI is held; no size exemption,DE.AE-02; DE.AE-03; PR.PS-04,AU-6; AU-6(3),Derived from NIST official mappings via SP 800-171 Rev. 3 03.03.05 (NIST Rev. 2 to Rev. 3 change analysis; SP 800-171r3 CUI overlay for SP 800-53; CSF 2.0 to SP 800-171r3 mapping),"CPE logs are reviewed by hand once a week and are not correlated with corporate identity, endpoint, or SYS-01 logs",Weekly review records,Not met,CPE,"No correlation of audit review, analysis, and reporting",High,Monitoring service in the government-community cloud with correlation rules across corporate and enclave identities,Security Manager,2027-01-31,None pending. Rev. 3 counterpart 03.03.05; Rev. 3 is not required for CMMC Level 2 (32 CFR 170.14(c)(3) fixes Rev. 2)
G-031,NIST SP 800-171 Rev. 2 via DFARS 252.204-7012(b)(2) (N23-R03); CMMC Level 2 (N23-R04),SP 800-171 Rev. 2 3.3.6,Provide audit record reduction and report generation to support on-demand analysis and reporting.,Derived,AU.L2-3.3.6,1,0,Yes - FC-4 includes DFARS 252.204-7012 and CDI is held; no size exemption,PR.PS-04; RS.AN-03; RS.AN-06; RS.AN-07,AU-7,Derived from NIST official mappings via SP 800-171 Rev. 3 03.03.06 (NIST Rev. 2 to Rev. 3 change analysis; SP 800-171r3 CUI overlay for SP 800-53; CSF 2.0 to SP 800-171r3 mapping),Native log search and saved reports support on-demand analysis,Saved report list,Met,,None,Very Low,Maintain,Security Manager,,None pending. Rev. 3 counterpart 03.03.06; Rev. 3 is not required for CMMC Level 2 (32 CFR 170.14(c)(3) fixes Rev. 2)
G-032,NIST SP 800-171 Rev. 2 via DFARS 252.204-7012(b)(2) (N23-R03); CMMC Level 2 (N23-R04),SP 800-171 Rev. 2 3.3.7,Provide a system capability that compares and synchronizes internal system clocks with an authoritative source to generate time stamps for audit records,Derived,AU.L2-3.3.7,1,0,Yes - FC-4 includes DFARS 252.204-7012 and CDI is held; no size exemption,PR.AA-05,AU-8,Derived from NIST official mappings via SP 800-171 Rev. 3 03.03.07 (NIST Rev. 2 to Rev. 3 change analysis; SP 800-171r3 CUI overlay for SP 800-53; CSF 2.0 to SP 800-171r3 mapping; CSF 2.0 via NIST CSF 2.0 to SP 800-53 mapping because the CSF 2.0 to 800-171r3 mapping has no entry); CSF author mapping,Provider services and enclave laptops synchronize time with authoritative sources,CRM; device policy,Met,,None,Very Low,Maintain,IT Director,,None pending. Rev. 3 counterpart 03.03.07; Rev. 3 is not required for CMMC Level 2 (32 CFR 170.14(c)(3) fixes Rev. 2)
G-033,NIST SP 800-171 Rev. 2 via DFARS 252.204-7012(b)(2) (N23-R03); CMMC Level 2 (N23-R04),SP 800-171 Rev. 2 3.3.8,"Protect audit information and audit logging tools from unauthorized access, modification, and deletion.",Derived,AU.L2-3.3.8,1,0,Yes - FC-4 includes DFARS 252.204-7012 and CDI is held; no size exemption,PR.DS-10,AU-9; AU-9(4),Derived from NIST official mappings via SP 800-171 Rev. 3 03.03.08 (NIST Rev. 2 to Rev. 3 change analysis; SP 800-171r3 CUI overlay for SP 800-53; CSF 2.0 to SP 800-171r3 mapping),Logs are read-only for users and protected by the provider,CRM; role export,Met,,None,Very Low,Maintain,Security Manager,,None pending. Rev. 3 counterpart 03.03.08; Rev. 3 is not required for CMMC Level 2 (32 CFR 170.14(c)(3) fixes Rev. 2)
G-034,NIST SP 800-171 Rev. 2 via DFARS 252.204-7012(b)(2) (N23-R03); CMMC Level 2 (N23-R04),SP 800-171 Rev. 2 3.3.9,Limit management of audit logging functionality to a subset of privileged users.,Derived,AU.L2-3.3.9,1,0,Yes - FC-4 includes DFARS 252.204-7012 and CDI is held; no size exemption,PR.DS-10,AU-9; AU-9(4),Derived from NIST official mappings via SP 800-171 Rev. 3 03.03.08 (NIST Rev. 2 to Rev. 3 change analysis; SP 800-171r3 CUI overlay for SP 800-53; CSF 2.0 to SP 800-171r3 mapping),Logging settings can be changed only by 2 security staff,Role export,Met,,None,Very Low,Maintain,Security Manager,,None pending. In SP 800-171 Rev. 3 this requirement is withdrawn (Incorporated into 03.03.08). Rev. 3 is not required for CMMC Level 2 (32 CFR 170.14(c)(3) fixes Rev. 2)
G-035,NIST SP 800-171 Rev. 2 via DFARS 252.204-7012(b)(2) (N23-R03); CMMC Level 2 (N23-R04),SP 800-171 Rev. 2 3.4.1,"Establish and maintain baseline configurations and inventories of organizational systems (including hardware, software, firmware, and documentation) throughout the respective system development life cycles.",Basic,CM.L2-3.4.1,5,5,Yes - FC-4 includes DFARS 252.204-7012 and CDI is held; no size exemption,PR.PS-01,CM-2,Derived from NIST official mappings via SP 800-171 Rev. 3 03.04.01 (NIST Rev. 2 to Rev. 3 change analysis; SP 800-171r3 CUI overlay for SP 800-53; CSF 2.0 to SP 800-171r3 mapping),"Baselines exist for enclave laptops and the virtual desktop image. The inventory does not record the FC-4 tablets, SYS-01 CUI folders, or CMMC asset categories",Baseline documents; inventory export,Partially met,CPE and outside the enclave,Inventory and baselines do not cover all places CUI is processed,Moderate,Complete the asset inventory with 32 CFR 170.19(c) categories; baselines for the tablets until CUI is removed from them,IT Director,2026-11-30,None pending. Rev. 3 counterpart 03.04.01; Rev. 3 is not required for CMMC Level 2 (32 CFR 170.14(c)(3) fixes Rev. 2)
G-036,NIST SP 800-171 Rev. 2 via DFARS 252.204-7012(b)(2) (N23-R03); CMMC Level 2 (N23-R04),SP 800-171 Rev. 2 3.4.2,Establish and enforce security configuration settings for information technology products employed in organizational systems.,Basic,CM.L2-3.4.2,5,5,Yes - FC-4 includes DFARS 252.204-7012 and CDI is held; no size exemption,DE.CM-09; PR.PS-01,CM-6,Derived from NIST official mappings via SP 800-171 Rev. 3 03.04.02 (NIST Rev. 2 to Rev. 3 change analysis; SP 800-171r3 CUI overlay for SP 800-53; CSF 2.0 to SP 800-171r3 mapping),Settings enforced on enclave laptops and the virtual desktop image. The 9 unmanaged FC-4 tablets have no enforced settings,Configuration compliance report,Partially met,"Outside the enclave (SYS-01, tablets, FC-4 trailer)",Security settings not enforced on all devices with CUI,Moderate,Same as G-018,Vice President of Operations,2026-12-31,None pending. Rev. 3 counterpart 03.04.02; Rev. 3 is not required for CMMC Level 2 (32 CFR 170.14(c)(3) fixes Rev. 2)
G-037,NIST SP 800-171 Rev. 2 via DFARS 252.204-7012(b)(2) (N23-R03); CMMC Level 2 (N23-R04),SP 800-171 Rev. 2 3.4.3,"Track, review, approve or disapprove, and log changes to organizational systems.",Derived,CM.L2-3.4.3,1,0,Yes - FC-4 includes DFARS 252.204-7012 and CDI is held; no size exemption,DE.CM-01; DE.CM-09; ID.RA-07; PR.PS-01,CM-3,Derived from NIST official mappings via SP 800-171 Rev. 3 03.04.03 (NIST Rev. 2 to Rev. 3 change analysis; SP 800-171r3 CUI overlay for SP 800-53; CSF 2.0 to SP 800-171r3 mapping),CPE changes go through the weekly change board with tickets; 20 of 20 sampled changes approved,Change tickets 2026 Q2,Met,,None,Very Low,Maintain,IT Director,,None pending. Rev. 3 counterpart 03.04.03; Rev. 3 is not required for CMMC Level 2 (32 CFR 170.14(c)(3) fixes Rev. 2)
G-038,NIST SP 800-171 Rev. 2 via DFARS 252.204-7012(b)(2) (N23-R03); CMMC Level 2 (N23-R04),SP 800-171 Rev. 2 3.4.4,Analyze the security impact of changes prior to implementation.,Derived,CM.L2-3.4.4,1,1,Yes - FC-4 includes DFARS 252.204-7012 and CDI is held; no size exemption,ID.RA-07; PR.PS-01,CM-4; CM-4(2),Derived from NIST official mappings via SP 800-171 Rev. 3 03.04.04 (NIST Rev. 2 to Rev. 3 change analysis; SP 800-171r3 CUI overlay for SP 800-53; CSF 2.0 to SP 800-171r3 mapping),"Changes have a security impact field, but virtual desktop image changes are not tested for data movement (clipboard, download, printing)",Change ticket sample,Partially met,CPE,Security impact analysis misses CUI flow,Moderate,Data-movement test step in every image change,IT Director,2026-11-30,None pending. Rev. 3 counterpart 03.04.04; Rev. 3 is not required for CMMC Level 2 (32 CFR 170.14(c)(3) fixes Rev. 2)
G-039,NIST SP 800-171 Rev. 2 via DFARS 252.204-7012(b)(2) (N23-R03); CMMC Level 2 (N23-R04),SP 800-171 Rev. 2 3.4.5,"Define, document, approve, and enforce physical and logical access restrictions associated with changes to organizational systems.",Derived,CM.L2-3.4.5,5,0,Yes - FC-4 includes DFARS 252.204-7012 and CDI is held; no size exemption,PR.PS-01,CM-5,Derived from NIST official mappings via SP 800-171 Rev. 3 03.04.05 (NIST Rev. 2 to Rev. 3 change analysis; SP 800-171r3 CUI overlay for SP 800-53; CSF 2.0 to SP 800-171r3 mapping),Only the CPE administrator group can change configurations; changes are logged,Role export,Met,,None,Very Low,Maintain,IT Director,,None pending. Rev. 3 counterpart 03.04.05; Rev. 3 is not required for CMMC Level 2 (32 CFR 170.14(c)(3) fixes Rev. 2)
G-040,NIST SP 800-171 Rev. 2 via DFARS 252.204-7012(b)(2) (N23-R03); CMMC Level 2 (N23-R04),SP 800-171 Rev. 2 3.4.6,Employ the principle of least functionality by configuring organizational systems to provide only essential capabilities.,Derived,CM.L2-3.4.6,5,0,Yes - FC-4 includes DFARS 252.204-7012 and CDI is held; no size exemption,PR.PS-01,CM-7; CM-7(1),Derived from NIST official mappings via SP 800-171 Rev. 3 03.04.06 (NIST Rev. 2 to Rev. 3 change analysis; SP 800-171r3 CUI overlay for SP 800-53; CSF 2.0 to SP 800-171r3 mapping),Enclave laptops and the desktop image provide only the applications needed for FC-4 work,Image specification,Met,,None,Very Low,Maintain,IT Director,,None pending. Rev. 3 counterpart 03.04.06; Rev. 3 is not required for CMMC Level 2 (32 CFR 170.14(c)(3) fixes Rev. 2)
G-041,NIST SP 800-171 Rev. 2 via DFARS 252.204-7012(b)(2) (N23-R03); CMMC Level 2 (N23-R04),SP 800-171 Rev. 2 3.4.7,"Restrict, disable, or prevent the use of nonessential programs, functions, ports, protocols, and services.",Derived,CM.L2-3.4.7,5,0,Yes - FC-4 includes DFARS 252.204-7012 and CDI is held; no size exemption,PR.PS-01,CM-7; CM-7(1); CM-7(5),"Derived from NIST official mappings via SP 800-171 Rev. 3 03.04.06, 03.04.08 (NIST Rev. 2 to Rev. 3 change analysis; SP 800-171r3 CUI overlay for SP 800-53; CSF 2.0 to SP 800-171r3 mapping)","Nonessential services, ports, and protocols disabled by baseline; verified by configuration scan",Baseline scan,Met,,None,Very Low,Maintain,IT Director,,None pending. In SP 800-171 Rev. 3 this requirement is withdrawn (Incorporated into 03.04.06 and 03.04.08). Rev. 3 is not required for CMMC Level 2 (32 CFR 170.14(c)(3) fixes Rev. 2)
G-042,NIST SP 800-171 Rev. 2 via DFARS 252.204-7012(b)(2) (N23-R03); CMMC Level 2 (N23-R04),SP 800-171 Rev. 2 3.4.8,"Apply deny-by-exception (blacklisting) policy to prevent the use of unauthorized software or deny-all, permit-by-exception (whitelisting) policy to allow the execution of authorized software.",Derived,CM.L2-3.4.8,5,0,Yes - FC-4 includes DFARS 252.204-7012 and CDI is held; no size exemption,PR.PS-01,CM-7(5),Derived from NIST official mappings via SP 800-171 Rev. 3 03.04.08 (NIST Rev. 2 to Rev. 3 change analysis; SP 800-171r3 CUI overlay for SP 800-53; CSF 2.0 to SP 800-171r3 mapping),Application allow-listing on enclave laptops and virtual desktops,Allow-list policy,Met,,None,Very Low,Maintain,IT Director,,None pending. Rev. 3 counterpart 03.04.08; Rev. 3 is not required for CMMC Level 2 (32 CFR 170.14(c)(3) fixes Rev. 2)
G-043,NIST SP 800-171 Rev. 2 via DFARS 252.204-7012(b)(2) (N23-R03); CMMC Level 2 (N23-R04),SP 800-171 Rev. 2 3.4.9,Control and monitor user-installed software.,Derived,CM.L2-3.4.9,1,0,Yes - FC-4 includes DFARS 252.204-7012 and CDI is held; no size exemption,DE.AE-02; DE.AE-03; DE.CM-01; DE.CM-02; DE.CM-03; DE.CM-06,AC-6; AC-6(1); AC-6(10); AC-6(2); AC-6(7); AC-6(9); CA-7; CM-7(5),"Derived from NIST official mappings via SP 800-171 Rev. 3 03.01.05, 03.01.06, 03.01.07, 03.04.08, 03.12.03 (NIST Rev. 2 to Rev. 3 change analysis; SP 800-171r3 CUI overlay for SP 800-53; CSF 2.0 to SP 800-171r3 mapping)",Users cannot install software; requests go through IT,Device policy,Met,,None,Very Low,Maintain,IT Director,,"None pending. In SP 800-171 Rev. 3 this requirement is withdrawn (Addressed by 03.01.05, 03.01.06, 03.01.07, 03.04.08, and 03.12.03). Rev. 3 is not required for CMMC Level 2 (32 CFR 170.14(c)(3) fixes Rev. 2)"
G-044,NIST SP 800-171 Rev. 2 via DFARS 252.204-7012(b)(2) (N23-R03); CMMC Level 2 (N23-R04),SP 800-171 Rev. 2 3.5.1,"Identify system users, processes acting on behalf of users, and devices.",Basic,IA.L2-3.5.1,5,0,Yes - FC-4 includes DFARS 252.204-7012 and CDI is held; no size exemption,PR.AA-01; PR.AA-03,IA-2; IA-11,Derived from NIST official mappings via SP 800-171 Rev. 3 03.05.01 (NIST Rev. 2 to Rev. 3 change analysis; SP 800-171r3 CUI overlay for SP 800-53; CSF 2.0 to SP 800-171r3 mapping),Unique identities for every CPE user and device certificate for every enclave laptop,Identity export; certificate list,Met,,None,Very Low,Maintain,IT Director,,None pending. Rev. 3 counterpart 03.05.01; Rev. 3 is not required for CMMC Level 2 (32 CFR 170.14(c)(3) fixes Rev. 2)
G-045,NIST SP 800-171 Rev. 2 via DFARS 252.204-7012(b)(2) (N23-R03); CMMC Level 2 (N23-R04),SP 800-171 Rev. 2 3.5.2,"Authenticate (or verify) the identities of users, processes, or devices, as a prerequisite to allowing access to organizational systems.",Basic,IA.L2-3.5.2,5,5,Yes - FC-4 includes DFARS 252.204-7012 and CDI is held; no size exemption,PR.AA-01; PR.AA-03,IA-3,Derived from NIST official mappings via SP 800-171 Rev. 3 03.05.02 (NIST Rev. 2 to Rev. 3 change analysis; SP 800-171r3 CUI overlay for SP 800-53; CSF 2.0 to SP 800-171r3 mapping),CPE users and enclave laptops are authenticated. The 9 unmanaged FC-4 tablets that hold CUI are not authenticated as devices,Device inventory,Partially met,"Outside the enclave (SYS-01, tablets, FC-4 trailer)",Devices with CUI not authenticated,Moderate,Same as G-018,IT Director,2026-12-31,None pending. Rev. 3 counterpart 03.05.02; Rev. 3 is not required for CMMC Level 2 (32 CFR 170.14(c)(3) fixes Rev. 2)
G-046,NIST SP 800-171 Rev. 2 via DFARS 252.204-7012(b)(2) (N23-R03); CMMC Level 2 (N23-R04),SP 800-171 Rev. 2 3.5.3,Use multifactor authentication for local and network access to privileged accounts and for network access to non-privileged accounts. .,Derived,IA.L2-3.5.3,5 (3 if partially effective),5,Yes - FC-4 includes DFARS 252.204-7012 and CDI is held; no size exemption,PR.AA-01; PR.AA-03,IA-2(1); IA-2(2),Derived from NIST official mappings via SP 800-171 Rev. 3 03.05.03 (NIST Rev. 2 to Rev. 3 change analysis; SP 800-171r3 CUI overlay for SP 800-53; CSF 2.0 to SP 800-171r3 mapping),"All CPE accounts and all company SYS-01 users use MFA. The 230 external SYS-01 users who could read CUI-marked folders sign in with the vendor's sign-in where MFA is optional. Full 5 points deducted: the 3-point value in 32 CFR 170.24(c)(2)(i)(B)(4)(i) applies only when MFA covers remote and privileged users, and these external users are remote users",SYS-01 external user MFA report,Partially met,CPE and outside the enclave,Network access to CUI without MFA,High,Remove CUI from SYS-01 (G-003); CPE guest accounts use enclave MFA,FC-4 Project Executive,2026-10-31,None pending. Rev. 3 counterpart 03.05.03; Rev. 3 is not required for CMMC Level 2 (32 CFR 170.14(c)(3) fixes Rev. 2)
G-047,NIST SP 800-171 Rev. 2 via DFARS 252.204-7012(b)(2) (N23-R03); CMMC Level 2 (N23-R04),SP 800-171 Rev. 2 3.5.4,Employ replay-resistant authentication mechanisms for network access to privileged and non-privileged accounts.,Derived,IA.L2-3.5.4,1,1,Yes - FC-4 includes DFARS 252.204-7012 and CDI is held; no size exemption,PR.AA-01; PR.AA-03,IA-2(8),Derived from NIST official mappings via SP 800-171 Rev. 3 03.05.04 (NIST Rev. 2 to Rev. 3 change analysis; SP 800-171r3 CUI overlay for SP 800-53; CSF 2.0 to SP 800-171r3 mapping),CPE uses FIDO2 (replay-resistant). External SYS-01 users with access to CUI use passwords,Authenticator report,Partially met,"Outside the enclave (SYS-01, tablets, FC-4 trailer)",Not replay-resistant for all access to CUI,Moderate,Same as G-046,FC-4 Project Executive,2026-10-31,None pending. Rev. 3 counterpart 03.05.04; Rev. 3 is not required for CMMC Level 2 (32 CFR 170.14(c)(3) fixes Rev. 2)
G-048,NIST SP 800-171 Rev. 2 via DFARS 252.204-7012(b)(2) (N23-R03); CMMC Level 2 (N23-R04),SP 800-171 Rev. 2 3.5.5,Prevent reuse of identifiers for a defined period.,Derived,IA.L2-3.5.5,1,0,Yes - FC-4 includes DFARS 252.204-7012 and CDI is held; no size exemption,PR.AA-01,IA-4; IA-4(4),Derived from NIST official mappings via SP 800-171 Rev. 3 03.05.05 (NIST Rev. 2 to Rev. 3 change analysis; SP 800-171r3 CUI overlay for SP 800-53; CSF 2.0 to SP 800-171r3 mapping),Identifiers are never reused,Naming standard,Met,,None,Very Low,Maintain,IT Director,,None pending. Rev. 3 counterpart 03.05.05; Rev. 3 is not required for CMMC Level 2 (32 CFR 170.14(c)(3) fixes Rev. 2)
G-049,NIST SP 800-171 Rev. 2 via DFARS 252.204-7012(b)(2) (N23-R03); CMMC Level 2 (N23-R04),SP 800-171 Rev. 2 3.5.6,Disable identifiers after a defined period of inactivity.,Derived,IA.L2-3.5.6,1,0,Yes - FC-4 includes DFARS 252.204-7012 and CDI is held; no size exemption,PR.AA-01,IA-4,Author mapping (Rev. 2 requirement withdrawn in Rev. 3 without a successor: Consistency with SP 800-53),Accounts disabled after 45 days of inactivity,Policy export,Met,,None,Very Low,Maintain,IT Director,,None pending. In SP 800-171 Rev. 3 this requirement is withdrawn (Consistency with SP 800-53). Rev. 3 is not required for CMMC Level 2 (32 CFR 170.14(c)(3) fixes Rev. 2)
G-050,NIST SP 800-171 Rev. 2 via DFARS 252.204-7012(b)(2) (N23-R03); CMMC Level 2 (N23-R04),SP 800-171 Rev. 2 3.5.7,Enforce a minimum password complexity and change of characters when new passwords are created.,Derived,IA.L2-3.5.7,1,0,Yes - FC-4 includes DFARS 252.204-7012 and CDI is held; no size exemption,PR.AA-01; PR.AA-03,IA-5(1),Derived from NIST official mappings via SP 800-171 Rev. 3 03.05.07 (NIST Rev. 2 to Rev. 3 change analysis; SP 800-171r3 CUI overlay for SP 800-53; CSF 2.0 to SP 800-171r3 mapping),Minimum 14 characters with breached-password screening for any password used,Policy export,Met,,None,Very Low,Maintain,IT Director,,None pending. Rev. 3 counterpart 03.05.07; Rev. 3 is not required for CMMC Level 2 (32 CFR 170.14(c)(3) fixes Rev. 2)
G-051,NIST SP 800-171 Rev. 2 via DFARS 252.204-7012(b)(2) (N23-R03); CMMC Level 2 (N23-R04),SP 800-171 Rev. 2 3.5.8,Prohibit password reuse for a specified number of generations.,Derived,IA.L2-3.5.8,1,0,Yes - FC-4 includes DFARS 252.204-7012 and CDI is held; no size exemption,PR.AA-03,IA-5(1),Author mapping (Rev. 2 requirement withdrawn in Rev. 3 without a successor: Consistency with SP 800-53),Password history of 24,Policy export,Met,,None,Very Low,Maintain,IT Director,,None pending. In SP 800-171 Rev. 3 this requirement is withdrawn (Consistency with SP 800-53). Rev. 3 is not required for CMMC Level 2 (32 CFR 170.14(c)(3) fixes Rev. 2)
G-052,NIST SP 800-171 Rev. 2 via DFARS 252.204-7012(b)(2) (N23-R03); CMMC Level 2 (N23-R04),SP 800-171 Rev. 2 3.5.9,Allow temporary password use for system logons with an immediate change to a permanent password.,Derived,IA.L2-3.5.9,1,0,Yes - FC-4 includes DFARS 252.204-7012 and CDI is held; no size exemption,PR.AA-03,IA-5(1),Author mapping (Rev. 2 requirement withdrawn in Rev. 3 without a successor: Consistency with SP 800-53),Temporary passwords must be changed at first sign-in,Policy export,Met,,None,Very Low,Maintain,IT Director,,None pending. In SP 800-171 Rev. 3 this requirement is withdrawn (Consistency with SP 800-53). Rev. 3 is not required for CMMC Level 2 (32 CFR 170.14(c)(3) fixes Rev. 2)
G-053,NIST SP 800-171 Rev. 2 via DFARS 252.204-7012(b)(2) (N23-R03); CMMC Level 2 (N23-R04),SP 800-171 Rev. 2 3.5.10,Store and transmit only cryptographically-protected passwords.,Derived,IA.L2-3.5.10,5,0,Yes - FC-4 includes DFARS 252.204-7012 and CDI is held; no size exemption,PR.AA-01; PR.AA-03,IA-5(1),Derived from NIST official mappings via SP 800-171 Rev. 3 03.05.07 (NIST Rev. 2 to Rev. 3 change analysis; SP 800-171r3 CUI overlay for SP 800-53; CSF 2.0 to SP 800-171r3 mapping),Passwords stored hashed and transmitted only over TLS by the provider,CRM,Met,,None,Very Low,Maintain,IT Director,,None pending. In SP 800-171 Rev. 3 this requirement is withdrawn (Incorporated into 03.05.07). Rev. 3 is not required for CMMC Level 2 (32 CFR 170.14(c)(3) fixes Rev. 2)
G-054,NIST SP 800-171 Rev. 2 via DFARS 252.204-7012(b)(2) (N23-R03); CMMC Level 2 (N23-R04),SP 800-171 Rev. 2 3.5.11,Obscure feedback of authentication information,Derived,IA.L2-3.5.11,1,0,Yes - FC-4 includes DFARS 252.204-7012 and CDI is held; no size exemption,PR.AA-01,IA-6,Derived from NIST official mappings via SP 800-171 Rev. 3 03.05.11 (NIST Rev. 2 to Rev. 3 change analysis; SP 800-171r3 CUI overlay for SP 800-53; CSF 2.0 to SP 800-171r3 mapping),Authentication feedback is masked,Sign-in screens,Met,,None,Very Low,Maintain,IT Director,,None pending. Rev. 3 counterpart 03.05.11; Rev. 3 is not required for CMMC Level 2 (32 CFR 170.14(c)(3) fixes Rev. 2)
G-055,NIST SP 800-171 Rev. 2 via DFARS 252.204-7012(b)(2) (N23-R03); CMMC Level 2 (N23-R04),SP 800-171 Rev. 2 3.6.1,"Establish an operational incident-handling capability for organizational systems that includes preparation, detection, analysis, containment, recovery, and user response activities.",Basic,IR.L2-3.6.1,5,5,Yes - FC-4 includes DFARS 252.204-7012 and CDI is held; no size exemption,DE.AE-02; DE.AE-03; DE.AE-06; GV.SC-08; ID.IM-01; ID.IM-02,IR-4,Derived from NIST official mappings via SP 800-171 Rev. 3 03.06.01 (NIST Rev. 2 to Rev. 3 change analysis; SP 800-171r3 CUI overlay for SP 800-53; CSF 2.0 to SP 800-171r3 mapping),Incident response plan (2024) and the MSSP cover the corporate environment 24x7. CPE incidents rely on the weekly review. The CUI spill was not handled as a possible incident until this assessment,IR plan; MSSP contract; P07 IR-4 results,Partially met,CPE and outside the enclave,Incident handling does not reach the CPE or CUI spills,High,CUI incident runbook (P08); CPE monitoring; spill assessed under DFARS 252.204-7012(c)(1)(i) by 2026-10-15,Security Manager,2026-10-31,None pending. Rev. 3 counterpart 03.06.01; Rev. 3 is not required for CMMC Level 2 (32 CFR 170.14(c)(3) fixes Rev. 2)
G-056,NIST SP 800-171 Rev. 2 via DFARS 252.204-7012(b)(2) (N23-R03); CMMC Level 2 (N23-R04),SP 800-171 Rev. 2 3.6.2,"Track, document, and report incidents to designated officials and/or authorities both internal and external to the organization.",Basic,IR.L2-3.6.2,5,5,Yes - FC-4 includes DFARS 252.204-7012 and CDI is held; no size exemption,DE.AE-03; GV.SC-08; RC.CO-03; RS.AN-06; RS.AN-07; RS.CO-02,IR-5; IR-6; IR-7,Derived from NIST official mappings via SP 800-171 Rev. 3 03.06.02 (NIST Rev. 2 to Rev. 3 change analysis; SP 800-171r3 CUI overlay for SP 800-53; CSF 2.0 to SP 800-171r3 mapping),Incidents are tracked in the security queue. Reporting to DoD is not possible today: the only medium assurance certificate expired 2026-05-20,Certificate record; incident log,Partially met,CPE and outside the enclave,Cannot report to DoD within 72 hours,High,Two certificates; reporting steps in P08,Director of Contracts and Compliance,2026-10-31,None pending. Rev. 3 counterpart 03.06.02; Rev. 3 is not required for CMMC Level 2 (32 CFR 170.14(c)(3) fixes Rev. 2)
G-057,NIST SP 800-171 Rev. 2 via DFARS 252.204-7012(b)(2) (N23-R03); CMMC Level 2 (N23-R04),SP 800-171 Rev. 2 3.6.3,Test the organizational incident response capability.,Derived,IR.L2-3.6.3,1,1,Yes - FC-4 includes DFARS 252.204-7012 and CDI is held; no size exemption,ID.IM-02,IR-3,Derived from NIST official mappings via SP 800-171 Rev. 3 03.06.03 (NIST Rev. 2 to Rev. 3 change analysis; SP 800-171r3 CUI overlay for SP 800-53; CSF 2.0 to SP 800-171r3 mapping),No exercise of a CUI incident or DIBNet report. The 2025 tabletop covered ransomware on corporate systems,Tabletop report 2025,Not met,CPE and outside the enclave,Capability not tested for CUI,Moderate,CUI incident tabletop with a DIBNet drill on 2026-11-18,Security Manager,2026-11-30,None pending. Rev. 3 counterpart 03.06.03; Rev. 3 is not required for CMMC Level 2 (32 CFR 170.14(c)(3) fixes Rev. 2)
G-058,NIST SP 800-171 Rev. 2 via DFARS 252.204-7012(b)(2) (N23-R03); CMMC Level 2 (N23-R04),SP 800-171 Rev. 2 3.7.1,Perform maintenance on organizational systems..,Basic,MA.L2-3.7.1,3,0,Yes - FC-4 includes DFARS 252.204-7012 and CDI is held; no size exemption,PR.PS-03,MA-2,Author mapping (Rev. 2 requirement withdrawn in Rev. 3 without a successor: Recategorized as NCO),"Enclave laptop maintenance by IT staff, logged in tickets; provider maintenance inherited",Maintenance tickets,Met,,None,Very Low,Maintain,IT Director,,None pending. In SP 800-171 Rev. 3 this requirement is withdrawn (Recategorized as NCO). Rev. 3 is not required for CMMC Level 2 (32 CFR 170.14(c)(3) fixes Rev. 2)
G-059,NIST SP 800-171 Rev. 2 via DFARS 252.204-7012(b)(2) (N23-R03); CMMC Level 2 (N23-R04),SP 800-171 Rev. 2 3.7.2,"Provide controls on the tools, techniques, mechanisms, and personnel used to conduct system maintenance.",Basic,MA.L2-3.7.2,5,0,Yes - FC-4 includes DFARS 252.204-7012 and CDI is held; no size exemption,PR.PS-02,MA-3; MA-3(1); MA-3(2); MA-3(3); MA-5,"Derived from NIST official mappings via SP 800-171 Rev. 3 03.07.04, 03.07.06 (NIST Rev. 2 to Rev. 3 change analysis; SP 800-171r3 CUI overlay for SP 800-53; CSF 2.0 to SP 800-171r3 mapping; CSF 2.0 via NIST CSF 2.0 to SP 800-53 mapping because the CSF 2.0 to 800-171r3 mapping has no entry)",Maintenance tools are company-owned and kept by IT; no third-party tools on enclave laptops,Tool inventory,Met,,None,Very Low,Maintain,IT Director,,None pending. In SP 800-171 Rev. 3 this requirement is withdrawn (Incorporated into 03.07.04 and 03.07.06). Rev. 3 is not required for CMMC Level 2 (32 CFR 170.14(c)(3) fixes Rev. 2)
G-060,NIST SP 800-171 Rev. 2 via DFARS 252.204-7012(b)(2) (N23-R03); CMMC Level 2 (N23-R04),SP 800-171 Rev. 2 3.7.3,Ensure equipment removed for off-site maintenance is sanitized of any CUI.,Derived,MA.L2-3.7.3,1,0,Yes - FC-4 includes DFARS 252.204-7012 and CDI is held; no size exemption,PR.AA-05,MP-6,Derived from NIST official mappings via SP 800-171 Rev. 3 03.08.03 (NIST Rev. 2 to Rev. 3 change analysis; SP 800-171r3 CUI overlay for SP 800-53; CSF 2.0 to SP 800-171r3 mapping; CSF 2.0 via NIST CSF 2.0 to SP 800-53 mapping because the CSF 2.0 to 800-171r3 mapping has no entry); CSF author mapping,Laptops are wiped before any off-site repair; none sent in 2026,Repair log,Met,,None,Very Low,Maintain,IT Director,,None pending. In SP 800-171 Rev. 3 this requirement is withdrawn (Incorporated into 03.08.03). Rev. 3 is not required for CMMC Level 2 (32 CFR 170.14(c)(3) fixes Rev. 2)
G-061,NIST SP 800-171 Rev. 2 via DFARS 252.204-7012(b)(2) (N23-R03); CMMC Level 2 (N23-R04),SP 800-171 Rev. 2 3.7.4,Check media containing diagnostic and test programs for malicious code before the media are used in organizational systems.,Derived,MA.L2-3.7.4,3,0,Yes - FC-4 includes DFARS 252.204-7012 and CDI is held; no size exemption,PR.PS-02,MA-3; MA-3(1); MA-3(2); MA-3(3),Derived from NIST official mappings via SP 800-171 Rev. 3 03.07.04 (NIST Rev. 2 to Rev. 3 change analysis; SP 800-171r3 CUI overlay for SP 800-53; CSF 2.0 to SP 800-171r3 mapping; CSF 2.0 via NIST CSF 2.0 to SP 800-53 mapping because the CSF 2.0 to 800-171r3 mapping has no entry),Diagnostic media are scanned on a dedicated scanning station before use,Scanning log,Met,,None,Very Low,Maintain,IT Director,,None pending. Rev. 3 counterpart 03.07.04; Rev. 3 is not required for CMMC Level 2 (32 CFR 170.14(c)(3) fixes Rev. 2)
G-062,NIST SP 800-171 Rev. 2 via DFARS 252.204-7012(b)(2) (N23-R03); CMMC Level 2 (N23-R04),SP 800-171 Rev. 2 3.7.5,Require multifactor authentication to establish nonlocal maintenance sessions via external network connections and terminate such connections when nonlocal maintenance is complete.,Derived,MA.L2-3.7.5,5,0,Yes - FC-4 includes DFARS 252.204-7012 and CDI is held; no size exemption,PR.AA-05,MA-4,Derived from NIST official mappings via SP 800-171 Rev. 3 03.07.05 (NIST Rev. 2 to Rev. 3 change analysis; SP 800-171r3 CUI overlay for SP 800-53; CSF 2.0 to SP 800-171r3 mapping; CSF 2.0 via NIST CSF 2.0 to SP 800-53 mapping because the CSF 2.0 to 800-171r3 mapping has no entry); CSF author mapping,Remote maintenance only through the gateway with FIDO2; sessions end when idle,Gateway policy,Met,,None,Very Low,Maintain,IT Director,,None pending. Rev. 3 counterpart 03.07.05; Rev. 3 is not required for CMMC Level 2 (32 CFR 170.14(c)(3) fixes Rev. 2)
G-063,NIST SP 800-171 Rev. 2 via DFARS 252.204-7012(b)(2) (N23-R03); CMMC Level 2 (N23-R04),SP 800-171 Rev. 2 3.7.6,Supervise the maintenance activities of maintenance personnel without required access authorization.,Derived,MA.L2-3.7.6,1,0,Yes - FC-4 includes DFARS 252.204-7012 and CDI is held; no size exemption,PR.AA-05,MA-5,Derived from NIST official mappings via SP 800-171 Rev. 3 03.07.06 (NIST Rev. 2 to Rev. 3 change analysis; SP 800-171r3 CUI overlay for SP 800-53; CSF 2.0 to SP 800-171r3 mapping; CSF 2.0 via NIST CSF 2.0 to SP 800-53 mapping because the CSF 2.0 to 800-171r3 mapping has no entry); CSF author mapping,Vendor technicians are escorted at the FC-4 project office,Visitor log,Met,,None,Very Low,Maintain,IT Director,,None pending. Rev. 3 counterpart 03.07.06; Rev. 3 is not required for CMMC Level 2 (32 CFR 170.14(c)(3) fixes Rev. 2)
G-064,NIST SP 800-171 Rev. 2 via DFARS 252.204-7012(b)(2) (N23-R03); CMMC Level 2 (N23-R04),SP 800-171 Rev. 2 3.8.1,"Protect (i.e., physically control and securely store) system media containing CUI, both paper and digital.",Basic,MP.L2-3.8.1,3,3,Yes - FC-4 includes DFARS 252.204-7012 and CDI is held; no size exemption,PR.AA-05,MP-4,Derived from NIST official mappings via SP 800-171 Rev. 3 03.08.01 (NIST Rev. 2 to Rev. 3 change analysis; SP 800-171r3 CUI overlay for SP 800-53; CSF 2.0 to SP 800-171r3 mapping; CSF 2.0 via NIST CSF 2.0 to SP 800-53 mapping because the CSF 2.0 to 800-171r3 mapping has no entry); CSF author mapping,Printed CUI drawing sets in the FC-4 trailer were kept on an open plan table; a locked cabinet arrived 2026-08-20 but was not used consistently during P07,Walkthrough 2026-08-12; cabinet photos,Not met,"Outside the enclave (SYS-01, tablets, FC-4 trailer)",Paper CUI not physically controlled,High,Numbered sets in the locked cabinet; CUI room in the trailer,FC-4 Project Executive,2026-11-30,None pending. Rev. 3 counterpart 03.08.01; Rev. 3 is not required for CMMC Level 2 (32 CFR 170.14(c)(3) fixes Rev. 2)
G-065,NIST SP 800-171 Rev. 2 via DFARS 252.204-7012(b)(2) (N23-R03); CMMC Level 2 (N23-R04),SP 800-171 Rev. 2 3.8.2,Limit access to CUI on system media to authorized users,Basic,MP.L2-3.8.2,3,3,Yes - FC-4 includes DFARS 252.204-7012 and CDI is held; no size exemption,PR.AA-05,MP-2,Derived from NIST official mappings via SP 800-171 Rev. 3 03.08.02 (NIST Rev. 2 to Rev. 3 change analysis; SP 800-171r3 CUI overlay for SP 800-53; CSF 2.0 to SP 800-171r3 mapping; CSF 2.0 via NIST CSF 2.0 to SP 800-53 mapping because the CSF 2.0 to 800-171r3 mapping has no entry); CSF author mapping,Access to printed CUI in the trailer is not limited to authorized people; trades walk through the trailer,Walkthrough 2026-08-12,Partially met,"Outside the enclave (SYS-01, tablets, FC-4 trailer)",Access to CUI media not limited,High,CUI room with badge lock; sign-out log for sets,FC-4 Project Executive,2026-11-30,None pending. Rev. 3 counterpart 03.08.02; Rev. 3 is not required for CMMC Level 2 (32 CFR 170.14(c)(3) fixes Rev. 2)
G-066,NIST SP 800-171 Rev. 2 via DFARS 252.204-7012(b)(2) (N23-R03); CMMC Level 2 (N23-R04),SP 800-171 Rev. 2 3.8.3,Sanitize or destroy system media containing CUI before disposal or release for reuse.,Basic,MP.L2-3.8.3,5,5,Yes - FC-4 includes DFARS 252.204-7012 and CDI is held; no size exemption,PR.AA-05,MP-6,Derived from NIST official mappings via SP 800-171 Rev. 3 03.08.03 (NIST Rev. 2 to Rev. 3 change analysis; SP 800-171r3 CUI overlay for SP 800-53; CSF 2.0 to SP 800-171r3 mapping; CSF 2.0 via NIST CSF 2.0 to SP 800-53 mapping because the CSF 2.0 to 800-171r3 mapping has no entry); CSF author mapping,Enclave laptops are destroyed by a certified vendor with certificates. Printed CUI in the FC-4 trailer went to ordinary recycling until 2026-08-20; locked shred bin since then,Destruction certificates; walkthrough,Partially met,"Outside the enclave (SYS-01, tablets, FC-4 trailer)",Paper CUI not sanitized before 2026-08-20,High,Locked shred bin with a certified shredding service and certificates,FC-4 Project Executive,2026-10-31,None pending. Rev. 3 counterpart 03.08.03; Rev. 3 is not required for CMMC Level 2 (32 CFR 170.14(c)(3) fixes Rev. 2)
G-067,NIST SP 800-171 Rev. 2 via DFARS 252.204-7012(b)(2) (N23-R03); CMMC Level 2 (N23-R04),SP 800-171 Rev. 2 3.8.4,Mark media with necessary CUI markings and distribution limitations.,Derived,MP.L2-3.8.4,1,1,Yes - FC-4 includes DFARS 252.204-7012 and CDI is held; no size exemption,PR.AA-05,MP-3,Derived from NIST official mappings via SP 800-171 Rev. 3 03.08.04 (NIST Rev. 2 to Rev. 3 change analysis; SP 800-171r3 CUI overlay for SP 800-53; CSF 2.0 to SP 800-171r3 mapping; CSF 2.0 via NIST CSF 2.0 to SP 800-53 mapping because the CSF 2.0 to 800-171r3 mapping has no entry); CSF author mapping,Government drawings arrive marked. 6 of 20 sampled A&E CUI design sheets lacked CUI markings,Sample of 20 sheets,Partially met,CPE and outside the enclave,Inconsistent marking,Moderate,Marking check in the A&E transmittal workflow; A&E marking training,FC-4 Project Executive,2026-11-30,None pending. Rev. 3 counterpart 03.08.04; Rev. 3 is not required for CMMC Level 2 (32 CFR 170.14(c)(3) fixes Rev. 2)
G-068,NIST SP 800-171 Rev. 2 via DFARS 252.204-7012(b)(2) (N23-R03); CMMC Level 2 (N23-R04),SP 800-171 Rev. 2 3.8.5,Control access to media containing CUI and maintain accountability for media during transport outside of controlled areas.,Derived,MP.L2-3.8.5,1,1,Yes - FC-4 includes DFARS 252.204-7012 and CDI is held; no size exemption,PR.AA-05,MP-5,Derived from NIST official mappings via SP 800-171 Rev. 3 03.08.05 (NIST Rev. 2 to Rev. 3 change analysis; SP 800-171r3 CUI overlay for SP 800-53; CSF 2.0 to SP 800-171r3 mapping; CSF 2.0 via NIST CSF 2.0 to SP 800-53 mapping because the CSF 2.0 to 800-171r3 mapping has no entry); CSF author mapping,"Printed CUI moves between the A&E office, headquarters, and the FC-4 jobsite in vehicles without a transport rule or log",Interviews 2026-07-22,Not met,"Outside the enclave (SYS-01, tablets, FC-4 trailer)",No accountability for CUI in transport,Moderate,Sealed transport and sign-out log; numbered sets,FC-4 Project Executive,2026-10-31,None pending. Rev. 3 counterpart 03.08.05; Rev. 3 is not required for CMMC Level 2 (32 CFR 170.14(c)(3) fixes Rev. 2)
G-069,NIST SP 800-171 Rev. 2 via DFARS 252.204-7012(b)(2) (N23-R03); CMMC Level 2 (N23-R04),SP 800-171 Rev. 2 3.8.6,Implement cryptographic mechanisms to protect the confidentiality of CUI stored on digital media during transport unless otherwise protected by alternative physical safeguards.,Derived,MP.L2-3.8.6,1,0,Yes - FC-4 includes DFARS 252.204-7012 and CDI is held; no size exemption,PR.AA-05; PR.DS-01; PR.DS-02,AC-17(2); SC-8; SC-8(1); SC-28; SC-28(1),Derived from NIST official mappings via SP 800-171 Rev. 3 03.13.08 (NIST Rev. 2 to Rev. 3 change analysis; SP 800-171r3 CUI overlay for SP 800-53; CSF 2.0 to SP 800-171r3 mapping),USB storage is blocked; no digital media leave controlled areas,Device policy,Met,,None,Very Low,Maintain,IT Director,,None pending. In SP 800-171 Rev. 3 this requirement is withdrawn (Addressed by 03.13.08). Rev. 3 is not required for CMMC Level 2 (32 CFR 170.14(c)(3) fixes Rev. 2)
G-070,NIST SP 800-171 Rev. 2 via DFARS 252.204-7012(b)(2) (N23-R03); CMMC Level 2 (N23-R04),SP 800-171 Rev. 2 3.8.7,Control the use of removable media on system components.,Derived,MP.L2-3.8.7,5,0,Yes - FC-4 includes DFARS 252.204-7012 and CDI is held; no size exemption,PR.AA-05,MP-7,Derived from NIST official mappings via SP 800-171 Rev. 3 03.08.07 (NIST Rev. 2 to Rev. 3 change analysis; SP 800-171r3 CUI overlay for SP 800-53; CSF 2.0 to SP 800-171r3 mapping; CSF 2.0 via NIST CSF 2.0 to SP 800-53 mapping because the CSF 2.0 to 800-171r3 mapping has no entry); CSF author mapping,Removable media blocked on enclave laptops; virtual desktops have no drive mapping,Device and pool policy,Met,,None,Very Low,Maintain,IT Director,,None pending. Rev. 3 counterpart 03.08.07; Rev. 3 is not required for CMMC Level 2 (32 CFR 170.14(c)(3) fixes Rev. 2)
G-071,NIST SP 800-171 Rev. 2 via DFARS 252.204-7012(b)(2) (N23-R03); CMMC Level 2 (N23-R04),SP 800-171 Rev. 2 3.8.8,Prohibit the use of portable storage devices when such devices have no identifiable owner.,Derived,MP.L2-3.8.8,3,0,Yes - FC-4 includes DFARS 252.204-7012 and CDI is held; no size exemption,PR.AA-05,MP-7,Derived from NIST official mappings via SP 800-171 Rev. 3 03.08.07 (NIST Rev. 2 to Rev. 3 change analysis; SP 800-171r3 CUI overlay for SP 800-53; CSF 2.0 to SP 800-171r3 mapping; CSF 2.0 via NIST CSF 2.0 to SP 800-53 mapping because the CSF 2.0 to 800-171r3 mapping has no entry); CSF author mapping,Portable storage without an owner is prohibited and blocked,POL-04; device policy,Met,,None,Very Low,Maintain,IT Director,,None pending. In SP 800-171 Rev. 3 this requirement is withdrawn (Incorporated into 03.08.07). Rev. 3 is not required for CMMC Level 2 (32 CFR 170.14(c)(3) fixes Rev. 2)
G-072,NIST SP 800-171 Rev. 2 via DFARS 252.204-7012(b)(2) (N23-R03); CMMC Level 2 (N23-R04),SP 800-171 Rev. 2 3.8.9,Protect the confidentiality of backup CUI at storage locations.,Derived,MP.L2-3.8.9,1,0,Yes - FC-4 includes DFARS 252.204-7012 and CDI is held; no size exemption,PR.DS-01; PR.DS-10; PR.DS-11; RC.RP-03,CP-9; CP-9(8),Derived from NIST official mappings via SP 800-171 Rev. 3 03.08.09 (NIST Rev. 2 to Rev. 3 change analysis; SP 800-171r3 CUI overlay for SP 800-53; CSF 2.0 to SP 800-171r3 mapping),Provider retention copies are encrypted at rest,CRM,Met,,None,Very Low,Maintain,IT Director,,None pending. Rev. 3 counterpart 03.08.09; Rev. 3 is not required for CMMC Level 2 (32 CFR 170.14(c)(3) fixes Rev. 2)
G-073,NIST SP 800-171 Rev. 2 via DFARS 252.204-7012(b)(2) (N23-R03); CMMC Level 2 (N23-R04),SP 800-171 Rev. 2 3.9.1,Screen individuals prior to authorizing access to organizational systems containing CUI.,Basic,PS.L2-3.9.1,3,0,Yes - FC-4 includes DFARS 252.204-7012 and CDI is held; no size exemption,PR.AA-05,PS-3,Derived from NIST official mappings via SP 800-171 Rev. 3 03.09.01 (NIST Rev. 2 to Rev. 3 change analysis; SP 800-171r3 CUI overlay for SP 800-53; CSF 2.0 to SP 800-171r3 mapping; CSF 2.0 via NIST CSF 2.0 to SP 800-53 mapping because the CSF 2.0 to 800-171r3 mapping has no entry); CSF author mapping,Background checks before enclave access; the A&E subcontract requires equivalent screening and attestation for guest users,Screening records; A&E attestations,Met,,None,Very Low,Maintain,HR Director,,None pending. Rev. 3 counterpart 03.09.01; Rev. 3 is not required for CMMC Level 2 (32 CFR 170.14(c)(3) fixes Rev. 2)
G-074,NIST SP 800-171 Rev. 2 via DFARS 252.204-7012(b)(2) (N23-R03); CMMC Level 2 (N23-R04),SP 800-171 Rev. 2 3.9.2,Ensure that organizational systems containing CUI are protected during and after personnel actions such as terminations and transfers,Basic,PS.L2-3.9.2,5,5,Yes - FC-4 includes DFARS 252.204-7012 and CDI is held; no size exemption,PR.AA-05,PS-4; PS-5,Derived from NIST official mappings via SP 800-171 Rev. 3 03.09.02 (NIST Rev. 2 to Rev. 3 change analysis; SP 800-171r3 CUI overlay for SP 800-53; CSF 2.0 to SP 800-171r3 mapping; CSF 2.0 via NIST CSF 2.0 to SP 800-53 mapping because the CSF 2.0 to 800-171r3 mapping has no entry); CSF author mapping,Company terminations disable enclave access the same day. A departed A&E guest stayed active 47 days; 2 of 15 sampled transfers off FC-4 kept enclave access for more than 30 days,P07 PS-4 and PS-5 samples,Partially met,CPE and outside the enclave,Access not removed after personnel actions,High,Monthly A&E roster reconciliation; transfer trigger in the HR system removes enclave groups,HR Director,2026-11-30,None pending. Rev. 3 counterpart 03.09.02; Rev. 3 is not required for CMMC Level 2 (32 CFR 170.14(c)(3) fixes Rev. 2)
G-075,NIST SP 800-171 Rev. 2 via DFARS 252.204-7012(b)(2) (N23-R03); CMMC Level 2 (N23-R04),SP 800-171 Rev. 2 3.10.1,"Limit physical access to organizational systems, equipment, and the respective operating environments to authorized individuals.",Basic,PE.L2-3.10.1,5,5,Yes - FC-4 includes DFARS 252.204-7012 and CDI is held; no size exemption,PR.AA-06,PE-2,Derived from NIST official mappings via SP 800-171 Rev. 3 03.10.01 (NIST Rev. 2 to Rev. 3 change analysis; SP 800-171r3 CUI overlay for SP 800-53; CSF 2.0 to SP 800-171r3 mapping),"The FC-4 project office at headquarters is badge-controlled. The FC-4 trailer, where printed CUI is kept, is open to all trades during working hours",Walkthrough 2026-08-12,Partially met,"Outside the enclave (SYS-01, tablets, FC-4 trailer)",Physical access to CUI not limited at the jobsite,High,CUI room in the trailer with a badge lock; authorized-access list,Vice President of Operations,2026-11-30,None pending. Rev. 3 counterpart 03.10.01; Rev. 3 is not required for CMMC Level 2 (32 CFR 170.14(c)(3) fixes Rev. 2)
G-076,NIST SP 800-171 Rev. 2 via DFARS 252.204-7012(b)(2) (N23-R03); CMMC Level 2 (N23-R04),SP 800-171 Rev. 2 3.10.2,Protect and monitor the physical facility and support infrastructure for organizational systems.,Basic,PE.L2-3.10.2,5,0,Yes - FC-4 includes DFARS 252.204-7012 and CDI is held; no size exemption,DE.CM-02; PR.AA-06,PE-6,Derived from NIST official mappings via SP 800-171 Rev. 3 03.10.02 (NIST Rev. 2 to Rev. 3 change analysis; SP 800-171r3 CUI overlay for SP 800-53; CSF 2.0 to SP 800-171r3 mapping),Headquarters is monitored by cameras and alarms; the FC-4 trailer sits inside the installation's controlled perimeter and is alarmed after hours,Alarm records,Met,,None,Very Low,Maintain,Vice President of Operations,,None pending. Rev. 3 counterpart 03.10.02; Rev. 3 is not required for CMMC Level 2 (32 CFR 170.14(c)(3) fixes Rev. 2)
G-077,NIST SP 800-171 Rev. 2 via DFARS 252.204-7012(b)(2) (N23-R03); CMMC Level 2 (N23-R04),SP 800-171 Rev. 2 3.10.3,Escort visitors and monitor visitor activity.,Derived,PE.L2-3.10.3,1,1,Yes - FC-4 includes DFARS 252.204-7012 and CDI is held; no size exemption,DE.CM-02; PR.AA-06,PE-3; PE-5,Derived from NIST official mappings via SP 800-171 Rev. 3 03.10.07 (NIST Rev. 2 to Rev. 3 change analysis; SP 800-171r3 CUI overlay for SP 800-53; CSF 2.0 to SP 800-171r3 mapping),Visitors are escorted at headquarters. Inspectors and trade staff move through the FC-4 trailer unescorted,Walkthrough 2026-08-12,Partially met,"Outside the enclave (SYS-01, tablets, FC-4 trailer)",Visitors not escorted where CUI is kept,Moderate,Escort rule for the CUI room; visitor badges,Vice President of Operations,2026-11-30,None pending. In SP 800-171 Rev. 3 this requirement is withdrawn (Incorporated into 03.10.07). Rev. 3 is not required for CMMC Level 2 (32 CFR 170.14(c)(3) fixes Rev. 2)
G-078,NIST SP 800-171 Rev. 2 via DFARS 252.204-7012(b)(2) (N23-R03); CMMC Level 2 (N23-R04),SP 800-171 Rev. 2 3.10.4,Maintain audit logs of physical access.,Derived,PE.L2-3.10.4,1,1,Yes - FC-4 includes DFARS 252.204-7012 and CDI is held; no size exemption,DE.CM-02; PR.AA-06,PE-3; PE-5,Derived from NIST official mappings via SP 800-171 Rev. 3 03.10.07 (NIST Rev. 2 to Rev. 3 change analysis; SP 800-171r3 CUI overlay for SP 800-53; CSF 2.0 to SP 800-171r3 mapping),Badge logs at headquarters kept 1 year. The FC-4 trailer paper log missed 14 of 41 July visitors recorded at the installation gate,Visitor log comparison (P07),Partially met,"Outside the enclave (SYS-01, tablets, FC-4 trailer)",Incomplete physical access logs,Moderate,Electronic visitor log at the CUI room; weekly reconciliation with gate records,Vice President of Operations,2026-11-30,None pending. In SP 800-171 Rev. 3 this requirement is withdrawn (Incorporated into 03.10.07). Rev. 3 is not required for CMMC Level 2 (32 CFR 170.14(c)(3) fixes Rev. 2)
G-079,NIST SP 800-171 Rev. 2 via DFARS 252.204-7012(b)(2) (N23-R03); CMMC Level 2 (N23-R04),SP 800-171 Rev. 2 3.10.5,Control and manage physical access devices.,Derived,PE.L2-3.10.5,1,1,Yes - FC-4 includes DFARS 252.204-7012 and CDI is held; no size exemption,DE.CM-02; PR.AA-06,PE-3; PE-5,Derived from NIST official mappings via SP 800-171 Rev. 3 03.10.07 (NIST Rev. 2 to Rev. 3 change analysis; SP 800-171r3 CUI overlay for SP 800-53; CSF 2.0 to SP 800-171r3 mapping),Badges at headquarters are managed. FC-4 trailer keys are not inventoried; 2 keys are unaccounted for,Key inventory attempt 2026-08-12,Partially met,"Outside the enclave (SYS-01, tablets, FC-4 trailer)",Physical access devices not managed,Low,Rekey the trailer; key log; badge lock for the CUI room,Vice President of Operations,2026-10-31,None pending. In SP 800-171 Rev. 3 this requirement is withdrawn (Incorporated into 03.10.07). Rev. 3 is not required for CMMC Level 2 (32 CFR 170.14(c)(3) fixes Rev. 2)
G-080,NIST SP 800-171 Rev. 2 via DFARS 252.204-7012(b)(2) (N23-R03); CMMC Level 2 (N23-R04),SP 800-171 Rev. 2 3.10.6,Enforce safeguarding measures for CUI at alternate work sites.,Derived,PE.L2-3.10.6,1,0,Yes - FC-4 includes DFARS 252.204-7012 and CDI is held; no size exemption,PR.AA-05,PE-17,Derived from NIST official mappings via SP 800-171 Rev. 3 03.10.06 (NIST Rev. 2 to Rev. 3 change analysis; SP 800-171r3 CUI overlay for SP 800-53; CSF 2.0 to SP 800-171r3 mapping; CSF 2.0 via NIST CSF 2.0 to SP 800-53 mapping because the CSF 2.0 to 800-171r3 mapping has no entry); CSF author mapping,Remote work on CUI only through enclave laptops and virtual desktops; printed CUI may not leave controlled areas except under G-068,POL-04,Met,,None,Very Low,Maintain,FC-4 Project Executive,,None pending. Rev. 3 counterpart 03.10.06; Rev. 3 is not required for CMMC Level 2 (32 CFR 170.14(c)(3) fixes Rev. 2)
G-081,NIST SP 800-171 Rev. 2 via DFARS 252.204-7012(b)(2) (N23-R03); CMMC Level 2 (N23-R04),SP 800-171 Rev. 2 3.11.1,"Periodically assess the risk to organizational operations (including mission, functions, image, or reputation), organizational assets, and individuals, resulting from the operation of organizational systems and the associated processing, storage, or transmission of CUI",Basic,RA.L2-3.11.1,3,0,Yes - FC-4 includes DFARS 252.204-7012 and CDI is held; no size exemption,DE.AE-07; GV.OC-02; GV.OV-01; GV.OV-02; GV.OV-03; GV.RM-06,RA-3; RA-3(1); SR-6,Derived from NIST official mappings via SP 800-171 Rev. 3 03.11.01 (NIST Rev. 2 to Rev. 3 change analysis; SP 800-171r3 CUI overlay for SP 800-53; CSF 2.0 to SP 800-171r3 mapping),"The 2026 risk assessment (P01) covers the CPE and the places CUI was found, using SP 800-30 Rev. 1",P01 register,Met,,None,Very Low,Maintain,GRC analyst,,None pending. Rev. 3 counterpart 03.11.01; Rev. 3 is not required for CMMC Level 2 (32 CFR 170.14(c)(3) fixes Rev. 2)
G-082,NIST SP 800-171 Rev. 2 via DFARS 252.204-7012(b)(2) (N23-R03); CMMC Level 2 (N23-R04),SP 800-171 Rev. 2 3.11.2,Scan for vulnerabilities in organizational systems and applications periodically and when new vulnerabilities affecting those systems and applications are identified.,Derived,RA.L2-3.11.2,5,5,Yes - FC-4 includes DFARS 252.204-7012 and CDI is held; no size exemption,GV.SC-10; ID.IM-01; ID.IM-02; ID.IM-03; ID.RA-01; ID.RA-08,RA-5; RA-5(2),Derived from NIST official mappings via SP 800-171 Rev. 3 03.11.02 (NIST Rev. 2 to Rev. 3 change analysis; SP 800-171r3 CUI overlay for SP 800-53; CSF 2.0 to SP 800-171r3 mapping),The virtual desktop image is scanned monthly. Enclave laptops are not scanned; corporate scanning is quarterly,Scan reports,Partially met,CPE,Not all CPE components are scanned,Moderate,Monthly authenticated scans including enclave laptops,Security Manager,2026-12-31,None pending. Rev. 3 counterpart 03.11.02; Rev. 3 is not required for CMMC Level 2 (32 CFR 170.14(c)(3) fixes Rev. 2)
G-083,NIST SP 800-171 Rev. 2 via DFARS 252.204-7012(b)(2) (N23-R03); CMMC Level 2 (N23-R04),SP 800-171 Rev. 2 3.11.3,Remediate vulnerabilities in accordance with risk assessments.,Derived,RA.L2-3.11.3,1,0,Yes - FC-4 includes DFARS 252.204-7012 and CDI is held; no size exemption,GV.SC-10; ID.IM-01; ID.IM-02; ID.IM-03; ID.RA-01; ID.RA-08,RA-5; RA-5(2),Derived from NIST official mappings via SP 800-171 Rev. 3 03.11.02 (NIST Rev. 2 to Rev. 3 change analysis; SP 800-171r3 CUI overlay for SP 800-53; CSF 2.0 to SP 800-171r3 mapping),"Findings are remediated by risk (critical 15 days, high 30 days); 2026 Q2 met targets",Remediation report,Met,,None,Very Low,Maintain,Security Manager,,None pending. In SP 800-171 Rev. 3 this requirement is withdrawn (Withdrawn Incorporated into 03.11.02). Rev. 3 is not required for CMMC Level 2 (32 CFR 170.14(c)(3) fixes Rev. 2)
G-084,NIST SP 800-171 Rev. 2 via DFARS 252.204-7012(b)(2) (N23-R03); CMMC Level 2 (N23-R04),SP 800-171 Rev. 2 3.12.1,Periodically assess the security controls in organizational systems to determine if the controls are effective in their application.,Basic,CA.L2-3.12.1,5,5,Yes - FC-4 includes DFARS 252.204-7012 and CDI is held; no size exemption,ID.IM-01; ID.IM-02; ID.IM-03; ID.RA-01,CA-2,Derived from NIST official mappings via SP 800-171 Rev. 3 03.12.01 (NIST Rev. 2 to Rev. 3 change analysis; SP 800-171r3 CUI overlay for SP 800-53; CSF 2.0 to SP 800-171r3 mapping),The last full self-assessment of the CPE was 2025-02 and did not test field locations. P07 tested 34 controls in 2026-08,2025 self-assessment; P07 plan,Partially met,CPE,Periodic assessment incomplete,Moderate,Full self-assessment against SP 800-171A objectives 2026-12; readiness check by the internal audit firm 2027-03,GRC analyst,2027-03-31,None pending. Rev. 3 counterpart 03.12.01; Rev. 3 is not required for CMMC Level 2 (32 CFR 170.14(c)(3) fixes Rev. 2)
G-085,NIST SP 800-171 Rev. 2 via DFARS 252.204-7012(b)(2) (N23-R03); CMMC Level 2 (N23-R04),SP 800-171 Rev. 2 3.12.2,Develop and implement plans of action designed to correct deficiencies and reduce or eliminate vulnerabilities in organizational systems.,Basic,CA.L2-3.12.2,3,0,Yes - FC-4 includes DFARS 252.204-7012 and CDI is held; no size exemption,ID.IM-01; ID.IM-02; ID.IM-03,CA-5,Derived from NIST official mappings via SP 800-171 Rev. 3 03.12.02 (NIST Rev. 2 to Rev. 3 change analysis; SP 800-171r3 CUI overlay for SP 800-53; CSF 2.0 to SP 800-171r3 mapping),The POA&M (P07) tracks every gap with an owner and date; reviewed monthly,P07 poam.csv,Met,,None,Very Low,Maintain,GRC analyst,,None pending. Rev. 3 counterpart 03.12.02; Rev. 3 is not required for CMMC Level 2 (32 CFR 170.14(c)(3) fixes Rev. 2)
G-086,NIST SP 800-171 Rev. 2 via DFARS 252.204-7012(b)(2) (N23-R03); CMMC Level 2 (N23-R04),SP 800-171 Rev. 2 3.12.3,Monitor security controls on an ongoing basis to ensure the continued effectiveness of the controls.,Basic,CA.L2-3.12.3,5,5,Yes - FC-4 includes DFARS 252.204-7012 and CDI is held; no size exemption,DE.AE-02; DE.AE-03; DE.CM-01; DE.CM-02; DE.CM-03; DE.CM-06,CA-7,Derived from NIST official mappings via SP 800-171 Rev. 3 03.12.03 (NIST Rev. 2 to Rev. 3 change analysis; SP 800-171r3 CUI overlay for SP 800-53; CSF 2.0 to SP 800-171r3 mapping),"No ongoing monitoring of CPE control effectiveness (metrics, reviews) between annual assessments",Monitoring strategy draft,Partially met,CPE,Controls not monitored continuously,Moderate,Monthly CPE control metrics reported to the vCISO,Security Manager,2027-01-31,None pending. Rev. 3 counterpart 03.12.03; Rev. 3 is not required for CMMC Level 2 (32 CFR 170.14(c)(3) fixes Rev. 2)
G-087,NIST SP 800-171 Rev. 2 via DFARS 252.204-7012(b)(2) (N23-R03); CMMC Level 2 (N23-R04),SP 800-171 Rev. 2 3.12.4,"Develop, document, and periodically update system security plans that describe system boundaries, system environments of operation, how security requirements are implemented, and the relationships with or connections to other systems.",Basic,CA.L2-3.12.4,No point value; SSP absence prevents assessment (170.24(c)(2)(i)(B)(5)),0,Yes - FC-4 includes DFARS 252.204-7012 and CDI is held; no size exemption,ID.AM-03; ID.AM-08; ID.IM-01; ID.IM-02; ID.IM-03; ID.IM-04,PL-2,Derived from NIST official mappings via SP 800-171 Rev. 3 03.15.02 (NIST Rev. 2 to Rev. 3 change analysis; SP 800-171r3 CUI overlay for SP 800-53; CSF 2.0 to SP 800-171r3 mapping),"SSP v1.0 approved 2026-09-17 describes the target boundary and asset categories (P02). Until CUI is removed from SYS-01, tablets, and the trailer, the plan does not match the environment. No point value; an SSP must be in place at assessment (32 CFR 170.24(c)(2)(i)(B)(5))",P02 SSP v1.0,Partially met,CPE,"SSP describes the target, not current, state",Moderate,Re-verify the SSP after remediation; update at each milestone,Security Manager,2027-02-28,None pending. Rev. 3 counterpart 03.15.02; Rev. 3 is not required for CMMC Level 2 (32 CFR 170.14(c)(3) fixes Rev. 2)
G-088,NIST SP 800-171 Rev. 2 via DFARS 252.204-7012(b)(2) (N23-R03); CMMC Level 2 (N23-R04),SP 800-171 Rev. 2 3.13.1,"Monitor, control, and protect communications (i.e., information transmitted or received by organizational systems) at the external boundaries and key internal boundaries of organizational systems.",Basic,SC.L2-3.13.1,5,0,Yes - FC-4 includes DFARS 252.204-7012 and CDI is held; no size exemption,DE.CM-01; PR.DS-01; PR.DS-02; PR.DS-10; PR.IR-01,SC-7,Derived from NIST official mappings via SP 800-171 Rev. 3 03.13.01 (NIST Rev. 2 to Rev. 3 change analysis; SP 800-171r3 CUI overlay for SP 800-53; CSF 2.0 to SP 800-171r3 mapping),The CPE is a separate tenant; the provider's boundary controls and the company's conditional access rules protect it,CRM; P04,Met,,None,Very Low,Maintain,IT Director,,None pending. Rev. 3 counterpart 03.13.01; Rev. 3 is not required for CMMC Level 2 (32 CFR 170.14(c)(3) fixes Rev. 2)
G-089,NIST SP 800-171 Rev. 2 via DFARS 252.204-7012(b)(2) (N23-R03); CMMC Level 2 (N23-R04),SP 800-171 Rev. 2 3.13.2,"Employ architectural designs, software development techniques, and systems engineering principles that promote effective information security within organizational systems.",Basic,SC.L2-3.13.2,5,0,Yes - FC-4 includes DFARS 252.204-7012 and CDI is held; no size exemption,PR.IR-01,PL-8; SA-8,Author mapping (Rev. 2 requirement withdrawn in Rev. 3 without a successor: Recategorized as NCO),"Separate enclave tenant, virtual desktop access model, and no network path from corporate systems",Architecture (P04),Met,,None,Very Low,Maintain,IT Director,,None pending. In SP 800-171 Rev. 3 this requirement is withdrawn (Recategorized as NCO). Rev. 3 is not required for CMMC Level 2 (32 CFR 170.14(c)(3) fixes Rev. 2)
G-090,NIST SP 800-171 Rev. 2 via DFARS 252.204-7012(b)(2) (N23-R03); CMMC Level 2 (N23-R04),SP 800-171 Rev. 2 3.13.3,Separate user functionality from system management functionality.,Derived,SC.L2-3.13.3,1,0,Yes - FC-4 includes DFARS 252.204-7012 and CDI is held; no size exemption,DE.CM-01; DE.CM-03; DE.CM-09; PR.AA-01; PR.AA-05; PR.DS-10,AC-2; AC-2(13); AC-2(3); AC-2(5); AC-3; AC-4; AC-5; AC-6; AC-6(1); AC-6(10); AC-6(2); AC-6(7); AC-6(9),"Derived from NIST official mappings via SP 800-171 Rev. 3 03.01.01, 03.01.02, 03.01.03, 03.01.04, 03.01.05, 03.01.06, 03.01.07 (NIST Rev. 2 to Rev. 3 change analysis; SP 800-171r3 CUI overlay for SP 800-53; CSF 2.0 to SP 800-171r3 mapping)",Administration through separate admin accounts and portals,Role design,Met,,None,Very Low,Maintain,IT Director,,"None pending. In SP 800-171 Rev. 3 this requirement is withdrawn (Addressed by 03.01.01, 03.01.02, 03.01.03, 03.01.04, 03.01.05, 03.01.06, and 03.01.07). Rev. 3 is not required for CMMC Level 2 (32 CFR 170.14(c)(3) fixes Rev. 2)"
G-091,NIST SP 800-171 Rev. 2 via DFARS 252.204-7012(b)(2) (N23-R03); CMMC Level 2 (N23-R04),SP 800-171 Rev. 2 3.13.4,Prevent unauthorized and unintended information transfer via shared system resources.,Derived,SC.L2-3.13.4,1,0,Yes - FC-4 includes DFARS 252.204-7012 and CDI is held; no size exemption,PR.DS-01; PR.DS-02; PR.DS-10; PR.IR-01,SC-4,Derived from NIST official mappings via SP 800-171 Rev. 3 03.13.04 (NIST Rev. 2 to Rev. 3 change analysis; SP 800-171r3 CUI overlay for SP 800-53; CSF 2.0 to SP 800-171r3 mapping),Provider multi-tenant isolation; no shared drives between groups,CRM,Met,,None,Very Low,Maintain,IT Director,,None pending. Rev. 3 counterpart 03.13.04; Rev. 3 is not required for CMMC Level 2 (32 CFR 170.14(c)(3) fixes Rev. 2)
G-092,NIST SP 800-171 Rev. 2 via DFARS 252.204-7012(b)(2) (N23-R03); CMMC Level 2 (N23-R04),SP 800-171 Rev. 2 3.13.5,Implement subnetworks for publicly accessible system components that are physically or logically separated from internal networks.,Derived,SC.L2-3.13.5,5,0,Yes - FC-4 includes DFARS 252.204-7012 and CDI is held; no size exemption,DE.CM-01; PR.DS-01; PR.DS-02; PR.DS-10; PR.IR-01,SC-7,Derived from NIST official mappings via SP 800-171 Rev. 3 03.13.01 (NIST Rev. 2 to Rev. 3 change analysis; SP 800-171r3 CUI overlay for SP 800-53; CSF 2.0 to SP 800-171r3 mapping),No publicly accessible components in the CPE,Architecture (P04),Met,,None,Very Low,Maintain,IT Director,,None pending. In SP 800-171 Rev. 3 this requirement is withdrawn (Incorporated into 03.13.01). Rev. 3 is not required for CMMC Level 2 (32 CFR 170.14(c)(3) fixes Rev. 2)
G-093,NIST SP 800-171 Rev. 2 via DFARS 252.204-7012(b)(2) (N23-R03); CMMC Level 2 (N23-R04),SP 800-171 Rev. 2 3.13.6,"Deny network communications traffic by default and allow network communications traffic by exception (i.e., deny all, permit by exception).",Derived,SC.L2-3.13.6,5,0,Yes - FC-4 includes DFARS 252.204-7012 and CDI is held; no size exemption,DE.CM-01; PR.DS-01; PR.DS-02; PR.DS-10; PR.IR-01,SC-7(5),Derived from NIST official mappings via SP 800-171 Rev. 3 03.13.06 (NIST Rev. 2 to Rev. 3 change analysis; SP 800-171r3 CUI overlay for SP 800-53; CSF 2.0 to SP 800-171r3 mapping),Provider services deny by default; conditional access allows only enclave devices,Policy export,Met,,None,Very Low,Maintain,IT Director,,None pending. Rev. 3 counterpart 03.13.06; Rev. 3 is not required for CMMC Level 2 (32 CFR 170.14(c)(3) fixes Rev. 2)
G-094,NIST SP 800-171 Rev. 2 via DFARS 252.204-7012(b)(2) (N23-R03); CMMC Level 2 (N23-R04),SP 800-171 Rev. 2 3.13.7,"Prevent remote devices from simultaneously establishing non-remote connections with organizational systems and communicating via some other connection to resources in external networks (i.e., split tunneling).",Derived,SC.L2-3.13.7,1,0,Yes - FC-4 includes DFARS 252.204-7012 and CDI is held; no size exemption,DE.CM-09; PR.AA-05; PR.PS-01,AC-17; AC-17(3); AC-17(4); CM-6; CM-7; CM-7(1),"Derived from NIST official mappings via SP 800-171 Rev. 3 03.01.12, 03.04.02, 03.04.06 (NIST Rev. 2 to Rev. 3 change analysis; SP 800-171r3 CUI overlay for SP 800-53; CSF 2.0 to SP 800-171r3 mapping)",Split tunneling disabled on enclave laptops,Device policy,Met,,None,Very Low,Maintain,IT Director,,"None pending. In SP 800-171 Rev. 3 this requirement is withdrawn (Addressed by 03.01.12, 03.04.02 and 03.04.06). Rev. 3 is not required for CMMC Level 2 (32 CFR 170.14(c)(3) fixes Rev. 2)"
G-095,NIST SP 800-171 Rev. 2 via DFARS 252.204-7012(b)(2) (N23-R03); CMMC Level 2 (N23-R04),SP 800-171 Rev. 2 3.13.8,Implement cryptographic mechanisms to prevent unauthorized disclosure of CUI during transmission unless otherwise protected by alternative physical safeguards.,Derived,SC.L2-3.13.8,3,0,Yes - FC-4 includes DFARS 252.204-7012 and CDI is held; no size exemption,PR.AA-05; PR.DS-01; PR.DS-02,AC-17(2); SC-8; SC-8(1); SC-28; SC-28(1),Derived from NIST official mappings via SP 800-171 Rev. 3 03.13.08 (NIST Rev. 2 to Rev. 3 change analysis; SP 800-171r3 CUI overlay for SP 800-53; CSF 2.0 to SP 800-171r3 mapping),"All transmission of CUI uses TLS (CPE, gateway, and SYS-01)",Configuration exports,Met,,None,Very Low,Maintain,IT Director,,None pending. Rev. 3 counterpart 03.13.08; Rev. 3 is not required for CMMC Level 2 (32 CFR 170.14(c)(3) fixes Rev. 2)
G-096,NIST SP 800-171 Rev. 2 via DFARS 252.204-7012(b)(2) (N23-R03); CMMC Level 2 (N23-R04),SP 800-171 Rev. 2 3.13.9,Terminate network connections associated with communications sessions at the end of the sessions or after a defined period of inactivity.,Derived,SC.L2-3.13.9,1,0,Yes - FC-4 includes DFARS 252.204-7012 and CDI is held; no size exemption,PR.AA-05,SC-10,Derived from NIST official mappings via SP 800-171 Rev. 3 03.13.09 (NIST Rev. 2 to Rev. 3 change analysis; SP 800-171r3 CUI overlay for SP 800-53; CSF 2.0 to SP 800-171r3 mapping; CSF 2.0 via NIST CSF 2.0 to SP 800-53 mapping because the CSF 2.0 to 800-171r3 mapping has no entry); CSF author mapping,Sessions end at sign-out or 30 minutes idle,Pool policy,Met,,None,Very Low,Maintain,IT Director,,None pending. Rev. 3 counterpart 03.13.09; Rev. 3 is not required for CMMC Level 2 (32 CFR 170.14(c)(3) fixes Rev. 2)
G-097,NIST SP 800-171 Rev. 2 via DFARS 252.204-7012(b)(2) (N23-R03); CMMC Level 2 (N23-R04),SP 800-171 Rev. 2 3.13.10,Establish and manage cryptographic keys for cryptography employed in organizational systems.,Derived,SC.L2-3.13.10,1,0,Yes - FC-4 includes DFARS 252.204-7012 and CDI is held; no size exemption,PR.DS-01; PR.DS-02,SC-12,Derived from NIST official mappings via SP 800-171 Rev. 3 03.13.10 (NIST Rev. 2 to Rev. 3 change analysis; SP 800-171r3 CUI overlay for SP 800-53; CSF 2.0 to SP 800-171r3 mapping),Keys managed by the provider's key service,CRM,Met,,None,Very Low,Maintain,IT Director,,None pending. Rev. 3 counterpart 03.13.10; Rev. 3 is not required for CMMC Level 2 (32 CFR 170.14(c)(3) fixes Rev. 2)
G-098,NIST SP 800-171 Rev. 2 via DFARS 252.204-7012(b)(2) (N23-R03); CMMC Level 2 (N23-R04),SP 800-171 Rev. 2 3.13.11,Employ FIPS-validated cryptography when used to protect the confidentiality of CUI.,Derived,SC.L2-3.13.11,5 (3 if partially effective),3,Yes - FC-4 includes DFARS 252.204-7012 and CDI is held; no size exemption,PR.DS-01; PR.DS-02; PR.DS-10,SC-13,Derived from NIST official mappings via SP 800-171 Rev. 3 03.13.11 (NIST Rev. 2 to Rev. 3 change analysis; SP 800-171r3 CUI overlay for SP 800-53; CSF 2.0 to SP 800-171r3 mapping),"FIPS-validated modules protect CUI in the CPE. CUI in SYS-01 and on the FC-4 tablets is encrypted, but not with modules confirmed as FIPS-validated, so 3 points are deducted (32 CFR 170.24(c)(2)(i)(B)(4)(ii))",CRM; vendor encryption statement,Partially met,"Outside the enclave (SYS-01, tablets, FC-4 trailer)",Non-FIPS encryption for CUI outside the enclave,High,Remove CUI from SYS-01 and tablets,FC-4 Project Executive,2026-12-31,None pending. Rev. 3 counterpart 03.13.11; Rev. 3 is not required for CMMC Level 2 (32 CFR 170.14(c)(3) fixes Rev. 2)
G-099,NIST SP 800-171 Rev. 2 via DFARS 252.204-7012(b)(2) (N23-R03); CMMC Level 2 (N23-R04),SP 800-171 Rev. 2 3.13.12,Prohibit remote activation of collaborative computing devices and provide indication of devices in use to users present at the device..,Derived,SC.L2-3.13.12,1,0,Yes - FC-4 includes DFARS 252.204-7012 and CDI is held; no size exemption,PR.AA-05,SC-15,Derived from NIST official mappings via SP 800-171 Rev. 3 03.13.12 (NIST Rev. 2 to Rev. 3 change analysis; SP 800-171r3 CUI overlay for SP 800-53; CSF 2.0 to SP 800-171r3 mapping; CSF 2.0 via NIST CSF 2.0 to SP 800-53 mapping because the CSF 2.0 to 800-171r3 mapping has no entry); CSF author mapping,No collaborative devices with remote activation in the CPE; laptop cameras show an indicator light,Device inventory,Met,,None,Very Low,Maintain,IT Director,,None pending. Rev. 3 counterpart 03.13.12; Rev. 3 is not required for CMMC Level 2 (32 CFR 170.14(c)(3) fixes Rev. 2)
G-100,NIST SP 800-171 Rev. 2 via DFARS 252.204-7012(b)(2) (N23-R03); CMMC Level 2 (N23-R04),SP 800-171 Rev. 2 3.13.13,Control and monitor the use of mobile code.,Derived,SC.L2-3.13.13,1,0,Yes - FC-4 includes DFARS 252.204-7012 and CDI is held; no size exemption,PR.AA-05,SC-18,Derived from NIST official mappings via SP 800-171 Rev. 3 03.13.13 (NIST Rev. 2 to Rev. 3 change analysis; SP 800-171r3 CUI overlay for SP 800-53; CSF 2.0 to SP 800-171r3 mapping; CSF 2.0 via NIST CSF 2.0 to SP 800-53 mapping because the CSF 2.0 to 800-171r3 mapping has no entry); CSF author mapping,Mobile code controlled by browser policy on the desktop image,Image specification,Met,,None,Very Low,Maintain,IT Director,,None pending. Rev. 3 counterpart 03.13.13; Rev. 3 is not required for CMMC Level 2 (32 CFR 170.14(c)(3) fixes Rev. 2)
G-101,NIST SP 800-171 Rev. 2 via DFARS 252.204-7012(b)(2) (N23-R03); CMMC Level 2 (N23-R04),SP 800-171 Rev. 2 3.13.14,Control and monitor the use of Voice over Internet Protocol (VoIP) technologies.,Derived,SC.L2-3.13.14,1,0,Yes - FC-4 includes DFARS 252.204-7012 and CDI is held; no size exemption,PR.IR-01,SC-7; CM-7,Author mapping (Rev. 2 requirement withdrawn in Rev. 3 without a successor: Technology-specific),Voice calls in the enclave suite are provider-operated and limited to enclave users,Suite settings,Met,,None,Very Low,Maintain,IT Director,,None pending. In SP 800-171 Rev. 3 this requirement is withdrawn (Technology-specific). Rev. 3 is not required for CMMC Level 2 (32 CFR 170.14(c)(3) fixes Rev. 2)
G-102,NIST SP 800-171 Rev. 2 via DFARS 252.204-7012(b)(2) (N23-R03); CMMC Level 2 (N23-R04),SP 800-171 Rev. 2 3.13.15,Protect the authenticity of communications sessions.,Derived,SC.L2-3.13.15,5,0,Yes - FC-4 includes DFARS 252.204-7012 and CDI is held; no size exemption,PR.AA-05,SC-23,Derived from NIST official mappings via SP 800-171 Rev. 3 03.13.15 (NIST Rev. 2 to Rev. 3 change analysis; SP 800-171r3 CUI overlay for SP 800-53; CSF 2.0 to SP 800-171r3 mapping; CSF 2.0 via NIST CSF 2.0 to SP 800-53 mapping because the CSF 2.0 to 800-171r3 mapping has no entry); CSF author mapping,TLS session authentication on all CPE services,CRM,Met,,None,Very Low,Maintain,IT Director,,None pending. Rev. 3 counterpart 03.13.15; Rev. 3 is not required for CMMC Level 2 (32 CFR 170.14(c)(3) fixes Rev. 2)
G-103,NIST SP 800-171 Rev. 2 via DFARS 252.204-7012(b)(2) (N23-R03); CMMC Level 2 (N23-R04),SP 800-171 Rev. 2 3.13.16,Protect the confidentiality of CUI at rest.,Derived,SC.L2-3.13.16,1,1,Yes - FC-4 includes DFARS 252.204-7012 and CDI is held; no size exemption,PR.AA-05; PR.DS-01; PR.DS-02,AC-17(2); SC-8; SC-8(1); SC-28; SC-28(1),Derived from NIST official mappings via SP 800-171 Rev. 3 03.13.08 (NIST Rev. 2 to Rev. 3 change analysis; SP 800-171r3 CUI overlay for SP 800-53; CSF 2.0 to SP 800-171r3 mapping),CUI at rest is encrypted in the CPE and by the SYS-01 vendor; encryption on the 9 unmanaged tablets is not confirmed,Device report,Partially met,"Outside the enclave (SYS-01, tablets, FC-4 trailer)",CUI at rest not confirmed protected on all devices,Moderate,Same as G-018,Vice President of Operations,2026-12-31,None pending. In SP 800-171 Rev. 3 this requirement is withdrawn (Incorporated into 03.13.08). Rev. 3 is not required for CMMC Level 2 (32 CFR 170.14(c)(3) fixes Rev. 2)
G-104,NIST SP 800-171 Rev. 2 via DFARS 252.204-7012(b)(2) (N23-R03); CMMC Level 2 (N23-R04),SP 800-171 Rev. 2 3.14.1,"Identify, report, and correct system flaws in a timely manner.",Basic,SI.L2-3.14.1,5,5,Yes - FC-4 includes DFARS 252.204-7012 and CDI is held; no size exemption,ID.IM-01; ID.IM-02; ID.IM-03; PR.PS-02,SI-2,Derived from NIST official mappings via SP 800-171 Rev. 3 03.14.01 (NIST Rev. 2 to Rev. 3 change analysis; SP 800-171r3 CUI overlay for SP 800-53; CSF 2.0 to SP 800-171r3 mapping),Enclave laptops and the desktop image are patched monthly. The 9 unmanaged FC-4 tablets are not updated on a schedule,Patch reports; device inventory,Partially met,"Outside the enclave (SYS-01, tablets, FC-4 trailer)",Flaws not corrected on all devices with CUI,Moderate,Same as G-018,IT Director,2026-12-31,None pending. Rev. 3 counterpart 03.14.01; Rev. 3 is not required for CMMC Level 2 (32 CFR 170.14(c)(3) fixes Rev. 2)
G-105,NIST SP 800-171 Rev. 2 via DFARS 252.204-7012(b)(2) (N23-R03); CMMC Level 2 (N23-R04),SP 800-171 Rev. 2 3.14.2,Provide protection from malicious code at designated locations within organizational systems.,Basic,SI.L2-3.14.2,5,0,Yes - FC-4 includes DFARS 252.204-7012 and CDI is held; no size exemption,PR.DS-01; PR.DS-02; PR.DS-10,SI-3,Derived from NIST official mappings via SP 800-171 Rev. 3 03.14.02 (NIST Rev. 2 to Rev. 3 change analysis; SP 800-171r3 CUI overlay for SP 800-53; CSF 2.0 to SP 800-171r3 mapping),Endpoint protection on enclave laptops and the desktop image; built-in protection confirmed on all FC-4 tablets,Endpoint console; tablet sweep,Met,,None,Very Low,Maintain,Security Manager,,None pending. Rev. 3 counterpart 03.14.02; Rev. 3 is not required for CMMC Level 2 (32 CFR 170.14(c)(3) fixes Rev. 2)
G-106,NIST SP 800-171 Rev. 2 via DFARS 252.204-7012(b)(2) (N23-R03); CMMC Level 2 (N23-R04),SP 800-171 Rev. 2 3.14.3,Monitor system security alerts and advisories and take action in response.,Basic,SI.L2-3.14.3,5,0,Yes - FC-4 includes DFARS 252.204-7012 and CDI is held; no size exemption,ID.RA-01; ID.RA-03,SI-5,Derived from NIST official mappings via SP 800-171 Rev. 3 03.14.03 (NIST Rev. 2 to Rev. 3 change analysis; SP 800-171r3 CUI overlay for SP 800-53; CSF 2.0 to SP 800-171r3 mapping),CISA advisories and provider bulletins reviewed; tickets opened for relevant items,Advisory log,Met,,None,Very Low,Maintain,Security Manager,,None pending. Rev. 3 counterpart 03.14.03; Rev. 3 is not required for CMMC Level 2 (32 CFR 170.14(c)(3) fixes Rev. 2)
G-107,NIST SP 800-171 Rev. 2 via DFARS 252.204-7012(b)(2) (N23-R03); CMMC Level 2 (N23-R04),SP 800-171 Rev. 2 3.14.4,Update malicious code protection mechanisms when new releases are available.,Derived,SI.L2-3.14.4,5,0,Yes - FC-4 includes DFARS 252.204-7012 and CDI is held; no size exemption,PR.DS-01; PR.DS-02; PR.DS-10,SI-3,Derived from NIST official mappings via SP 800-171 Rev. 3 03.14.02 (NIST Rev. 2 to Rev. 3 change analysis; SP 800-171r3 CUI overlay for SP 800-53; CSF 2.0 to SP 800-171r3 mapping),Protection signatures update automatically,Endpoint console,Met,,None,Very Low,Maintain,Security Manager,,None pending. In SP 800-171 Rev. 3 this requirement is withdrawn (Incorporated into 03.14.02). Rev. 3 is not required for CMMC Level 2 (32 CFR 170.14(c)(3) fixes Rev. 2)
G-108,NIST SP 800-171 Rev. 2 via DFARS 252.204-7012(b)(2) (N23-R03); CMMC Level 2 (N23-R04),SP 800-171 Rev. 2 3.14.5,"Perform periodic scans of organizational systems and real-time scans of files from external sources as files are downloaded, opened, or executed.",Derived,SI.L2-3.14.5,3,0,Yes - FC-4 includes DFARS 252.204-7012 and CDI is held; no size exemption,PR.DS-01; PR.DS-02; PR.DS-10,SI-3,Derived from NIST official mappings via SP 800-171 Rev. 3 03.14.02 (NIST Rev. 2 to Rev. 3 change analysis; SP 800-171r3 CUI overlay for SP 800-53; CSF 2.0 to SP 800-171r3 mapping),Real-time and scheduled scans on enclave laptops and the desktop image; attachment scanning in the enclave suite,Endpoint policy,Met,,None,Very Low,Maintain,Security Manager,,None pending. In SP 800-171 Rev. 3 this requirement is withdrawn (Addressed by 03.14.02). Rev. 3 is not required for CMMC Level 2 (32 CFR 170.14(c)(3) fixes Rev. 2)
G-109,NIST SP 800-171 Rev. 2 via DFARS 252.204-7012(b)(2) (N23-R03); CMMC Level 2 (N23-R04),SP 800-171 Rev. 2 3.14.6,"Monitor organizational systems, including inbound and outbound communications traffic, to detect attacks and indicators of potential attacks.",Derived,SI.L2-3.14.6,5,5,Yes - FC-4 includes DFARS 252.204-7012 and CDI is held; no size exemption,DE.AE-02; DE.AE-03; DE.CM-01; DE.CM-06; DE.CM-09; ID.IM-01,SI-4; SI-4(4),Derived from NIST official mappings via SP 800-171 Rev. 3 03.14.06 (NIST Rev. 2 to Rev. 3 change analysis; SP 800-171r3 CUI overlay for SP 800-53; CSF 2.0 to SP 800-171r3 mapping),No monitoring of the CPE for attacks; weekly manual review only. The MSSP does not cover the enclave,Weekly review records; MSSP scope,Not met,CPE,Attacks on CUI systems would not be detected,High,Monitoring service in the government-community cloud with 24x7 alerting,Security Manager,2027-01-31,None pending. Rev. 3 counterpart 03.14.06; Rev. 3 is not required for CMMC Level 2 (32 CFR 170.14(c)(3) fixes Rev. 2)
G-110,NIST SP 800-171 Rev. 2 via DFARS 252.204-7012(b)(2) (N23-R03); CMMC Level 2 (N23-R04),SP 800-171 Rev. 2 3.14.7,Identify unauthorized use of organizational systems.,Derived,SI.L2-3.14.7,3,3,Yes - FC-4 includes DFARS 252.204-7012 and CDI is held; no size exemption,DE.AE-02; DE.AE-03; DE.CM-01; DE.CM-06; DE.CM-09; ID.IM-01,SI-4; SI-4(4),Derived from NIST official mappings via SP 800-171 Rev. 3 03.14.06 (NIST Rev. 2 to Rev. 3 change analysis; SP 800-171r3 CUI overlay for SP 800-53; CSF 2.0 to SP 800-171r3 mapping),"No detection of unauthorized use, such as unusual downloads or sign-ins from new locations",Weekly review records,Not met,CPE,Unauthorized use not identified,High,"Use cases for mass download, impossible travel, and guest anomalies in the monitoring service",Security Manager,2027-01-31,None pending. In SP 800-171 Rev. 3 this requirement is withdrawn (Incorporated into 03.14.06). Rev. 3 is not required for CMMC Level 2 (32 CFR 170.14(c)(3) fixes Rev. 2)
G-111,DFARS 252.204-7012 (N23-R03),252.204-7012(b)(2)(ii)(D),"If an external cloud service provider stores, processes, or transmits covered defense information, require and ensure that it meets security requirements equivalent to the FedRAMP Moderate baseline and complies with paragraphs (c) to (g)",Contract clause,,,0,Yes - clause in FC-3 and FC-4; CDI held on FC-4,GV.SC-05; GV.SC-07,SA-9; SA-4,Author mapping,"The CPE uses government-community cloud services that are FedRAMP authorized at Moderate or higher (confirmed 2026-07-15). SYS-01, which holds 1,140 CUI items, has no FedRAMP authorization and its vendor could not show equivalence",FedRAMP Marketplace check; SYS-01 vendor response 2026-07-28,Not met,"Outside the enclave (SYS-01, tablets, FC-4 trailer)",CDI stored in a cloud service that does not meet the clause,High,Remove CUI from SYS-01 (G-003); prohibit CUI in any cloud service not on the approved list,FC-4 Project Executive,2026-10-31,"FAR CUI proposed rule (90 FR 4278, 2025-01-15) not final; DFARS 252.204-7012 remains the governing clause"
G-112,DFARS 252.204-7012 (N23-R03),252.204-7012(c)(1)(i),"On discovering a cyber incident affecting a covered contractor information system or covered defense information, review for evidence of compromise of covered defense information",Contract clause,,,0,Yes - clause in FC-3 and FC-4; CDI held on FC-4,RS.AN-03; RS.AN-06,IR-4,Author mapping,The CUI found in SYS-01 and on tablets had not been reviewed as a possible cyber incident. Counsel and the Security Manager opened a review on 2026-08-24; completion due 2026-10-15,Review memo 2026-08-24,Partially met,CPE and outside the enclave,Possible incident not reviewed promptly,High,Complete the review of SYS-01 access logs and tablet custody; decide on reporting within 72 hours of any discovery of compromise,Security Manager,2026-10-15,None
G-113,DFARS 252.204-7012 (N23-R03),252.204-7012(c)(1)(ii) and (a) ('rapidly report' means within 72 hours of discovery),Rapidly report cyber incidents to DoD at https://dibnet.dod.mil within 72 hours of discovery,Contract clause,,,0,Yes - clause in FC-3 and FC-4; CDI held on FC-4,RS.CO-02,IR-6,Author mapping,POL-03 states the duty; the P08 runbook has the steps. Not possible today without a valid certificate (G-114),POL-03; P08,Partially met,CPE and outside the enclave,Reporting depends on G-114,High,Same as G-114; DIBNet drill 2026-11-18,Director of Contracts and Compliance,2026-11-30,None
G-114,DFARS 252.204-7012 (N23-R03),252.204-7012(c)(3),Have or acquire a DoD-approved medium assurance certificate to report cyber incidents,Contract clause,,,0,Yes - clause in FC-3 and FC-4; CDI held on FC-4,RS.CO-02,IR-6; IA-5,Author mapping,The only certificate (Director of Contracts and Compliance) expired 2026-05-20,Certificate record,Not met,CPE and outside the enclave,No valid certificate,High,Two certificates (Director of Contracts and Compliance and Security Manager); renewal reminders 60 days before expiry,Director of Contracts and Compliance,2026-10-31,None
G-115,DFARS 252.204-7012 (N23-R03),252.204-7012(d),"Submit malicious software discovered and isolated in connection with a reported incident to the DoD Cyber Crime Center (DC3), not to the Contracting Officer",Contract clause,,,0,Yes - clause in FC-3 and FC-4; CDI held on FC-4,RS.AN-06,IR-4; IR-6,Author mapping,Step in the P08 CUI runbook; the MSSP can isolate samples on corporate systems; no procedure for CPE endpoints,P08 runbook,Partially met,CPE,No sample handling for the CPE,Moderate,Sample isolation procedure for enclave laptops with the provider's endpoint tool,Security Manager,2026-11-30,None
G-116,DFARS 252.204-7012 (N23-R03),252.204-7012(e),Preserve and protect images of known affected systems and relevant monitoring and packet capture data for at least 90 days from submission of the incident report,Contract clause,,,0,Yes - clause in FC-3 and FC-4; CDI held on FC-4,RS.AN-07,IR-4; AU-11; AU-9,Author mapping,Corporate cloud snapshots can be preserved; CPE native logs keep 180 days; no imaging procedure for enclave laptops or tablets,Preservation procedure draft,Partially met,CPE and outside the enclave,Images of endpoints and tablets cannot be preserved reliably,Moderate,Imaging kit and procedure for laptops and tablets; legal hold on CPE logs at report submission,Security Manager,2026-11-30,None
G-117,DFARS 252.204-7012 (N23-R03),252.204-7012(f)-(g),"On request, give DoD access to additional information or equipment for forensic analysis and provide damage assessment information",Contract clause,,,0,Yes - clause in FC-3 and FC-4; CDI held on FC-4,RS.CO-02; RS.AN-07,IR-4; IR-7,Author mapping,POL-03 commits to cooperation; the insurer's panel forensics firm and counsel are briefed on DoD requests,POL-03; insurer panel letter,Met,,None,Very Low,None,Director of Contracts and Compliance,,None
G-118,DFARS 252.204-7012 (N23-R03),252.204-7012(m)(1),"Include the clause, without alteration except to identify the parties, in subcontracts for which performance will involve covered defense information, including commercial products or services",Contract clause,,,0,Yes - clause in FC-3 and FC-4; CDI held on FC-4,GV.SC-05,SA-4; SR-3,Author mapping,Only the A&E subcontract includes the clause. The 14 trade subcontracts that received CUI drawings do not,Subcontract review 2026-07-20,Not met,Subcontractors,CDI released to subcontractors without the clause,High,Modify the 14 trade subcontracts; add DFARS riders to the template; release no CUI before the clause is in place,Director of Contracts and Compliance,2026-11-30,"FAR CUI proposed rule (90 FR 4278, 2025-01-15) not final; DFARS 252.204-7012 remains the governing clause"
G-119,DFARS 252.204-7012 (N23-R03),252.204-7012(m)(2)(ii),Require subcontractors to give the DoD incident report number to the prime as soon as practicable when they report a cyber incident,Contract clause,,,0,Yes - clause in FC-3 and FC-4; CDI held on FC-4,RS.CO-03,IR-6,Author mapping,In the A&E subcontract (through the clause); missing for the 14 trades,Subcontract review,Not met,Subcontractors,Company would not learn of subcontractor reports,Moderate,Same as G-118,Director of Contracts and Compliance,2026-11-30,None
G-120,DFARS 252.204-7019 and 252.204-7020 (N23-R03),252.204-7019(b); 252.204-7020(d),"Have a current NIST SP 800-171 DoD Assessment (not more than 3 years old) with the summary score, CAGE codes, and date to reach 110 posted in SPRS",Contract clause,,,0,Yes - clause in FC-3 and FC-4; CDI held on FC-4,GV.OV-01; ID.IM-01,CA-2; CA-5,Author mapping,"Basic Assessment score of 71 posted 2025-02-14, current by date. It assumed CUI stayed in the CPE. The recalculated score is -23 (section 3)",SPRS record; this analysis,Partially met,CPE and outside the enclave,Posted score does not reflect implementation,High,"Post -23 with a date-to-110 of 2027-02-26, after counsel review, by 2026-09-30; update after milestones",Director of Contracts and Compliance,2026-09-30,None
G-121,DFARS 252.204-7020 (N23-R03),252.204-7020(c),"Provide access to facilities, systems, and personnel if the Government conducts a Medium or High NIST SP 800-171 DoD Assessment",Contract clause,,,0,Yes - clause in FC-3 and FC-4; CDI held on FC-4,GV.OC-03,CA-2,Author mapping,POL-01 commits to cooperation; no Medium or High assessment requested to date,POL-01,Met,,None,Very Low,None,Director of Contracts and Compliance,,None
G-122,DFARS 252.204-7020 (N23-R03),252.204-7020(g)(2),Do not award a subcontract subject to NIST SP 800-171 unless the subcontractor has completed at least a Basic Assessment within the last 3 years,Contract clause,,,0,Yes - clause in FC-3 and FC-4; CDI held on FC-4,GV.SC-06,SR-6; SA-4,Author mapping,SPRS scores verified for 3 of 15 FC-4 subcontractors (the A&E firm and 2 trades) that hold CUI,SPRS checks 2026-07-21,Not met,Subcontractors,Subcontracts awarded without verified assessments,High,Verify all 15; stop CUI release to any without a current score; check before every new award,Director of Contracts and Compliance,2026-11-30,None
G-123,DFARS 252.204-7021 and 32 CFR Part 170 (N23-R04),"252.204-7021(d)(1)(i), (d)(3); 32 CFR 170.17, 170.21(a)(2), 170.22",Hold a current CMMC Level 2 (C3PAO) status (Conditional or Final) and an annual affirmation by the Affirming Official in SPRS before award of contracts that require it,Contract clause and regulation,,,0,Yes - from the follow-on MATOC solicitation (expected 2027 Q1); readiness assessed now,GV.OC-03; GV.OV-01,CA-2; CA-6; PM-9,Author mapping,"No CMMC status. The score of -23 is far below the 88 needed for Conditional status (score divided by 110 of at least 0.8, 32 CFR 170.21(a)(2)(i)), and 3.1.20, 3.10.3, 3.10.4, and 3.10.5 cannot be on a POA&M (170.21(a)(2)(iii))",This analysis,Not met,CPE and outside the enclave,Not eligible for the follow-on MATOC today,Very High,Roadmap in section 5; C3PAO assessment 2027-04-12 to 2027-04-23; CEO affirms only on the C3PAO result,Chief Operating Officer,2027-04-23,CMMC Phase 2 begins 2026-11-10 (32 CFR 170.3(e)(2)); Phase 3 2027-11-10
G-124,DFARS 252.204-7021 (N23-R04),252.204-7021(d)(2),"Process, store, or transmit FCI or CUI only on contractor information systems that have the required CMMC status",Contract clause,,,0,Yes - from the follow-on MATOC solicitation (expected 2027 Q1); readiness assessed now,ID.AM-07; GV.OC-03,CM-12; PL-2,Author mapping,"Not yet in FC-4. For the follow-on MATOC, CUI must be confined to the assessed CPE; today it is also in SYS-01, on tablets, and on paper in the trailer",This analysis,Not met,"Outside the enclave (SYS-01, tablets, FC-4 trailer)",CUI outside the planned assessment scope,High,Same as G-003 and G-019,FC-4 Project Executive,2026-12-31,None
G-125,DFARS 252.204-7021 and 32 CFR Part 170 (N23-R04),"252.204-7021(d)(1)(ii), (d)(4), (f); 32 CFR 170.23","Flow down the correct CMMC level and confirm, before award, that each subcontractor has a current status and affirmation",Contract clause and regulation,,,0,Yes - from the follow-on MATOC solicitation (expected 2027 Q1); readiness assessed now,GV.SC-05; GV.SC-06,SR-6; SA-4,Author mapping,Subcontract templates have no DFARS 252.204-7021 rider. Trade subcontractors are unaware that CUI work will require their own Level 2 status,Template review,Not met,Subcontractors,No CMMC flowdown process before Phase 2,High,Rider in templates before 2026-11-10; CMMC status check step in subcontract award; subcontractor briefing,Director of Contracts and Compliance,2026-11-09,None
G-126,32 CFR Part 170 (N23-R04),32 CFR 170.19(c)(1),"Specify the Level 2 CMMC Assessment Scope: asset inventory, SSP treatment, and network diagram for each asset category",Regulation,,,0,Yes - from the follow-on MATOC solicitation (expected 2027 Q1); readiness assessed now,ID.AM-01; ID.AM-03; ID.AM-08,CM-8; PL-2,Author mapping,"SSP v1.0 (P02 section 7.2) defines the target categories; the inventory does not yet record categories, and the spill locations are not yet out of scope",P02 SSP; inventory export,Partially met,CPE and outside the enclave,Scope not yet true in practice,Moderate,Inventory with categories; justification for out-of-scope tablets as virtual desktop clients,IT Director,2026-12-31,None
G-127,32 CFR Part 170 (N23-R04),32 CFR 170.19(c)(2),"Document each External Service Provider, its services, and its customer responsibility matrix in the SSP; a cloud provider handling CUI must meet FedRAMP requirements under DFARS 252.204-7012",Regulation,,,0,Yes - from the follow-on MATOC solicitation (expected 2027 Q1); readiness assessed now,GV.SC-05; GV.SC-07,SA-9; PL-2,Author mapping,"The government-community cloud provider and its CRM are documented. The planned CPE monitoring service is not yet chosen; if the MSSP operates it, its CRM must be added first",P02 section 7.2; CRM,Partially met,CPE,Monitoring ESP not yet documented,Moderate,Select the monitoring service; document the ESP and CRM before go-live,Security Manager,2027-01-31,None
G-128,FAR 52.204-21 (N23-R01),52.204-21(b)(1)(i)-(xv),"Apply the 15 basic safeguarding requirements to every contractor system that processes, stores, or transmits FCI (corporate PDPP)",Contract clause,,,0,Yes - clause in FC-1 to FC-4; no size exemption,PR.AA-01; PR.AA-06; PR.IR-01,AC-2; IA-2; PE-3; SC-7; SI-2; MP-6,Author mapping,"Met for most corporate systems (named accounts, MFA, malware protection, patching, sanitization). Gaps: 7 jobsite routers with internet-facing administration ((b)(1)(x)); 40 unmanaged tablets ((b)(1)(i), (v)); 31 stale external SYS-01 accounts ((b)(1)(i))",P02 control statements; router audit; device inventory,Partially met,Corporate PDPP,Field devices and external accounts,Moderate,Router baseline; tablet enrollment; closeout account removal,IT Director,2027-01-31,"Revolutionary FAR Overhaul proposed rule (FR Doc. 2026-12559, 2026-06-23) would move this clause into FAR part 40; not final"
G-129,FAR 52.204-21 (N23-R01),52.204-21(c),Include the substance of the clause in subcontracts in which the subcontractor may have FCI in its information system,Contract clause,,,0,Yes - clause in FC-1 to FC-4; no size exemption,GV.SC-05,SA-4,Author mapping,Federal subcontract template updated in 2025 with the clause substance; all active federal subcontracts sampled (25 of 25) include it,Template; sample of 25 subcontracts,Met,,None,Very Low,None,Director of Contracts and Compliance,,"Revolutionary FAR Overhaul proposed rule (FR Doc. 2026-12559, 2026-06-23) would move this clause into FAR part 40; not final"
G-130,FAR 52.204-25 Section 889 (N23-R02),52.204-25(b)(1)-(2),"Do not provide to the Government, or use, covered telecommunications or video surveillance equipment or services as a substantial or essential component of any system",Contract clause,,,0,Yes - clause in FC-1 to FC-4; no size exemption,GV.SC-04; GV.SC-05,SR-3; SR-5; SA-4,Author mapping,Submittal screening for installed equipment since 2025. P07 found 6 rented jobsite cameras at the FC-2 courthouse jobsite that are a covered manufacturer's products under a private label; removed 2026-08-14,P07 finding; rental agreements,Partially met,Corporate PDPP,Rented and private-label equipment not screened,Moderate,Section 889 check for rented and leased equipment; OEM confirmation for private-label products,Director of Contracts and Compliance,2026-10-31,None
G-131,FAR 52.204-25 Section 889 (N23-R02),52.204-25(d)(1)-(2),"Report covered equipment identified during performance to the Contracting Officer (DoD: https://dibnet.dod.mil) within 1 business day, and mitigation details within 10 business days of that report",Contract clause,,,0,Yes - clause in FC-1 to FC-4; no size exemption,RS.CO-02,IR-6,Author mapping,"FC-2 finding identified 2026-08-12, reported 2026-08-13 (1 business day) and followed up 2026-08-26 (within 10 business days). Written procedure in POL-03 and P08",Report copies; Contracting Officer acknowledgment,Met,,None,Very Low,None,Director of Contracts and Compliance,,None
G-132,FAR 52.204-25 Section 889 (N23-R02),52.204-26(b)-(c); 52.204-24,"Represent in SAM and in offers whether the company provides or uses covered equipment, after a reasonable inquiry",Contract clause,,,0,Yes - clause in FC-1 to FC-4; no size exemption,GV.OC-03,SR-5,Author mapping,SAM representations renewed 2026-03 after a documented inquiry of owned equipment; rented jobsite equipment was not included in the inquiry,SAM record; inquiry memo 2026-03,Partially met,Corporate PDPP,Inquiry missed rented equipment,Moderate,Counsel review of the 'does not use' representation in light of the FC-2 finding; include rental vendors in the next inquiry,General Counsel,2026-10-31,None
G-133,Florida Information Protection Act,"Fla. Stat. 501.171(2), (3)-(6)",Take reasonable measures to protect personal information; notify individuals within 30 days after determining a breach; notify the Department of Legal Affairs if 500 or more Florida individuals are affected,State statute,,,0,Yes - employee personal information,GV.OC-03; RS.CO-02,IR-6; IR-8,Author mapping,Employee personal information is protected by payroll SaaS controls and MFA; breach decision steps in P08. HR exports on file shares are a weakness (P01 R-006),P08 matrix; file share scan,Partially met,Corporate PDPP,HR exports on shares,Moderate,Remove HR exports; restrict payroll admin roles,HR Director,2026-12-31,None
G-134,NISPOM (32 CFR Part 117),32 CFR Part 117,Security program and reporting for cleared contractors,Regulation,,,0,No - no facility clearance,GV.OC-03,PM-9,Author mapping,No facility clearance and no classified information,Contract review,Not applicable,,None,,None,Director of Contracts and Compliance,,None
