control_id,objective_id,determination_statement_summary,method,assessment_object,evidence_ref,finding,finding_detail,risk_level,poam_id
AC-2,AC-02a.[01],account types allowed for use within the system are defined and documented;,Examine; Interview; Test,"Identity provider, SYS-01 (web and mobile), SCADA, and grower portal staff account exports; POL-02 (2024 and 2026 drafts); access review record (February 2026); samples: 25 of 214 terminations, 25 of 41 transfers, 25 new accounts; IT Director and Farm Manager interviews",EV-AC-2,Satisfied,Evidence supports the statement for all sampled items,,
AC-2,AC-02a.[02],account types specifically prohibited for use within the system are defined and documented;,Examine; Interview; Test,"Identity provider, SYS-01 (web and mobile), SCADA, and grower portal staff account exports; POL-02 (2024 and 2026 drafts); access review record (February 2026); samples: 25 of 214 terminations, 25 of 41 transfers, 25 new accounts; IT Director and Farm Manager interviews",EV-AC-2,Satisfied,Evidence supports the statement for all sampled items,,
AC-2,AC-02b.,account managers are assigned;,Examine; Interview; Test,"Identity provider, SYS-01 (web and mobile), SCADA, and grower portal staff account exports; POL-02 (2024 and 2026 drafts); access review record (February 2026); samples: 25 of 214 terminations, 25 of 41 transfers, 25 new accounts; IT Director and Farm Manager interviews",EV-AC-2,Satisfied,Evidence supports the statement for all sampled items,,
AC-2,AC-02c.,[organization-defined value] for group and role membership are required;,Examine; Interview; Test,"Identity provider, SYS-01 (web and mobile), SCADA, and grower portal staff account exports; POL-02 (2024 and 2026 drafts); access review record (February 2026); samples: 25 of 214 terminations, 25 of 41 transfers, 25 new accounts; IT Director and Farm Manager interviews",EV-AC-2,Satisfied,Evidence supports the statement for all sampled items,,
AC-2,AC-02d.01,authorized users of the system are specified;,Examine; Interview; Test,"Identity provider, SYS-01 (web and mobile), SCADA, and grower portal staff account exports; POL-02 (2024 and 2026 drafts); access review record (February 2026); samples: 25 of 214 terminations, 25 of 41 transfers, 25 new accounts; IT Director and Farm Manager interviews",EV-AC-2,Other than satisfied,Authorized users are not specified for 6 shared crew lead logins in SYS-01 at Farms 1 and 2 or for the SCADA integrator's shared account,High,POAM-001
AC-2,AC-02d.02,group and role membership are specified;,Examine; Interview; Test,"Identity provider, SYS-01 (web and mobile), SCADA, and grower portal staff account exports; POL-02 (2024 and 2026 drafts); access review record (February 2026); samples: 25 of 214 terminations, 25 of 41 transfers, 25 new accounts; IT Director and Farm Manager interviews",EV-AC-2,Satisfied,Evidence supports the statement for all sampled items,,
AC-2,AC-02d.03[01],"access authorizations (i.e., privileges) are specified for each account;",Examine; Interview; Test,"Identity provider, SYS-01 (web and mobile), SCADA, and grower portal staff account exports; POL-02 (2024 and 2026 drafts); access review record (February 2026); samples: 25 of 214 terminations, 25 of 41 transfers, 25 new accounts; IT Director and Farm Manager interviews",EV-AC-2,Satisfied,Evidence supports the statement for all sampled items,,
AC-2,AC-02d.03[02],[organization-defined value] are specified for each account;,Examine; Interview; Test,"Identity provider, SYS-01 (web and mobile), SCADA, and grower portal staff account exports; POL-02 (2024 and 2026 drafts); access review record (February 2026); samples: 25 of 214 terminations, 25 of 41 transfers, 25 new accounts; IT Director and Farm Manager interviews",EV-AC-2,Satisfied,Evidence supports the statement for all sampled items,,
AC-2,AC-02e.,approvals are required by [organization-defined value] for requests to create accounts;,Examine; Interview; Test,"Identity provider, SYS-01 (web and mobile), SCADA, and grower portal staff account exports; POL-02 (2024 and 2026 drafts); access review record (February 2026); samples: 25 of 214 terminations, 25 of 41 transfers, 25 new accounts; IT Director and Farm Manager interviews",EV-AC-2,Satisfied,Evidence supports the statement for all sampled items,,
AC-2,AC-02f.[01],accounts are created in accordance with [organization-defined value];,Examine; Interview; Test,"Identity provider, SYS-01 (web and mobile), SCADA, and grower portal staff account exports; POL-02 (2024 and 2026 drafts); access review record (February 2026); samples: 25 of 214 terminations, 25 of 41 transfers, 25 new accounts; IT Director and Farm Manager interviews",EV-AC-2,Satisfied,Evidence supports the statement for all sampled items,,
AC-2,AC-02f.[02],accounts are enabled in accordance with [organization-defined value];,Examine; Interview; Test,"Identity provider, SYS-01 (web and mobile), SCADA, and grower portal staff account exports; POL-02 (2024 and 2026 drafts); access review record (February 2026); samples: 25 of 214 terminations, 25 of 41 transfers, 25 new accounts; IT Director and Farm Manager interviews",EV-AC-2,Satisfied,Evidence supports the statement for all sampled items,,
AC-2,AC-02f.[03],accounts are modified in accordance with [organization-defined value];,Examine; Interview; Test,"Identity provider, SYS-01 (web and mobile), SCADA, and grower portal staff account exports; POL-02 (2024 and 2026 drafts); access review record (February 2026); samples: 25 of 214 terminations, 25 of 41 transfers, 25 new accounts; IT Director and Farm Manager interviews",EV-AC-2,Satisfied,Evidence supports the statement for all sampled items,,
AC-2,AC-02f.[04],accounts are disabled in accordance with [organization-defined value];,Examine; Interview; Test,"Identity provider, SYS-01 (web and mobile), SCADA, and grower portal staff account exports; POL-02 (2024 and 2026 drafts); access review record (February 2026); samples: 25 of 214 terminations, 25 of 41 transfers, 25 new accounts; IT Director and Farm Manager interviews",EV-AC-2,Other than satisfied,9 of 25 sampled leavers (all seasonal) kept an active SYS-01 mobile account more than 30 days after their last day,High,POAM-001
AC-2,AC-02f.[05],accounts are removed in accordance with [organization-defined value];,Examine; Interview; Test,"Identity provider, SYS-01 (web and mobile), SCADA, and grower portal staff account exports; POL-02 (2024 and 2026 drafts); access review record (February 2026); samples: 25 of 214 terminations, 25 of 41 transfers, 25 new accounts; IT Director and Farm Manager interviews",EV-AC-2,Other than satisfied,SCADA local accounts of 2 Irrigation Technicians who left in 2025 still exist; SYS-01 mobile accounts are disabled but never removed,High,POAM-001
AC-2,AC-02g.,the use of accounts is monitored;,Examine; Interview; Test,"Identity provider, SYS-01 (web and mobile), SCADA, and grower portal staff account exports; POL-02 (2024 and 2026 drafts); access review record (February 2026); samples: 25 of 214 terminations, 25 of 41 transfers, 25 new accounts; IT Director and Farm Manager interviews",EV-AC-2,Satisfied,Evidence supports the statement for all sampled items,,
AC-2,AC-02h.01,account managers and [organization-defined value] are notified within [organization-defined value] when accounts are no longer required;,Examine; Interview; Test,"Identity provider, SYS-01 (web and mobile), SCADA, and grower portal staff account exports; POL-02 (2024 and 2026 drafts); access review record (February 2026); samples: 25 of 214 terminations, 25 of 41 transfers, 25 new accounts; IT Director and Farm Manager interviews",EV-AC-2,Satisfied,Evidence supports the statement for all sampled items,,
AC-2,AC-02h.02,account managers and [organization-defined value] are notified within [organization-defined value] when users are terminated or transferred;,Examine; Interview; Test,"Identity provider, SYS-01 (web and mobile), SCADA, and grower portal staff account exports; POL-02 (2024 and 2026 drafts); access review record (February 2026); samples: 25 of 214 terminations, 25 of 41 transfers, 25 new accounts; IT Director and Farm Manager interviews",EV-AC-2,Other than satisfied,"The HR feed notifies only the identity provider; SYS-01 mobile, SCADA, and grower portal account managers are not notified of terminations or transfers",High,POAM-001
AC-2,AC-02h.03,account managers and [organization-defined value] are notified within [organization-defined value] when system usage or the need to know changes for an individual;,Examine; Interview; Test,"Identity provider, SYS-01 (web and mobile), SCADA, and grower portal staff account exports; POL-02 (2024 and 2026 drafts); access review record (February 2026); samples: 25 of 214 terminations, 25 of 41 transfers, 25 new accounts; IT Director and Farm Manager interviews",EV-AC-2,Satisfied,Evidence supports the statement for all sampled items,,
AC-2,AC-02i.01,access to the system is authorized based on a valid access authorization;,Examine; Interview; Test,"Identity provider, SYS-01 (web and mobile), SCADA, and grower portal staff account exports; POL-02 (2024 and 2026 drafts); access review record (February 2026); samples: 25 of 214 terminations, 25 of 41 transfers, 25 new accounts; IT Director and Farm Manager interviews",EV-AC-2,Satisfied,Evidence supports the statement for all sampled items,,
AC-2,AC-02i.02,access to the system is authorized based on intended system usage;,Examine; Interview; Test,"Identity provider, SYS-01 (web and mobile), SCADA, and grower portal staff account exports; POL-02 (2024 and 2026 drafts); access review record (February 2026); samples: 25 of 214 terminations, 25 of 41 transfers, 25 new accounts; IT Director and Farm Manager interviews",EV-AC-2,Satisfied,Evidence supports the statement for all sampled items,,
AC-2,AC-02i.03,access to the system is authorized based on [organization-defined value];,Examine; Interview; Test,"Identity provider, SYS-01 (web and mobile), SCADA, and grower portal staff account exports; POL-02 (2024 and 2026 drafts); access review record (February 2026); samples: 25 of 214 terminations, 25 of 41 transfers, 25 new accounts; IT Director and Farm Manager interviews",EV-AC-2,Satisfied,Evidence supports the statement for all sampled items,,
AC-2,AC-02j.,accounts are reviewed for compliance with account management requirements [organization-defined value];,Examine; Interview; Test,"Identity provider, SYS-01 (web and mobile), SCADA, and grower portal staff account exports; POL-02 (2024 and 2026 drafts); access review record (February 2026); samples: 25 of 214 terminations, 25 of 41 transfers, 25 new accounts; IT Director and Farm Manager interviews",EV-AC-2,Other than satisfied,"Reviews are annual (last February 2026), not quarterly as POL-02 now requires; SCADA and SYS-01 mobile accounts were not in scope of the review",High,POAM-001
AC-2,AC-02k.[01],a process is established for changing shared or group account authenticators (if deployed) when individuals are removed from the group;,Examine; Interview; Test,"Identity provider, SYS-01 (web and mobile), SCADA, and grower portal staff account exports; POL-02 (2024 and 2026 drafts); access review record (February 2026); samples: 25 of 214 terminations, 25 of 41 transfers, 25 new accounts; IT Director and Farm Manager interviews",EV-AC-2,Other than satisfied,No process exists to change shared crew login or integrator account passwords when people leave,High,POAM-001
AC-2,AC-02k.[02],a process is implemented for changing shared or group account authenticators (if deployed) when individuals are removed from the group;,Examine; Interview; Test,"Identity provider, SYS-01 (web and mobile), SCADA, and grower portal staff account exports; POL-02 (2024 and 2026 drafts); access review record (February 2026); samples: 25 of 214 terminations, 25 of 41 transfers, 25 new accounts; IT Director and Farm Manager interviews",EV-AC-2,Other than satisfied,Shared crew login passwords have not changed in 2 seasons; the integrator account password has not changed since 2023,High,POAM-001
AC-2,AC-02l.[01],account management processes are aligned with personnel termination processes;,Examine; Interview; Test,"Identity provider, SYS-01 (web and mobile), SCADA, and grower portal staff account exports; POL-02 (2024 and 2026 drafts); access review record (February 2026); samples: 25 of 214 terminations, 25 of 41 transfers, 25 new accounts; IT Director and Farm Manager interviews",EV-AC-2,Other than satisfied,"Termination process covers identity provider accounts only; local, OT, and mobile accounts are outside it",High,POAM-001
AC-2,AC-02l.[02],account management processes are aligned with personnel transfer processes.,Examine; Interview; Test,"Identity provider, SYS-01 (web and mobile), SCADA, and grower portal staff account exports; POL-02 (2024 and 2026 drafts); access review record (February 2026); samples: 25 of 214 terminations, 25 of 41 transfers, 25 new accounts; IT Director and Farm Manager interviews",EV-AC-2,Other than satisfied,8 of 25 sampled transfers between farms kept their prior farm's SYS-01 permissions,High,POAM-001
AC-6,AC-06,"the principle of least privilege is employed, allowing only authorized accesses for users (or processes acting on behalf of users) that are necessary to accomplish assigned organizational tasks.",Examine; Interview; Test,Privileged account list for all administrative planes (38 accounts); access broker configuration; SCADA server local group membership; IT Director and Director of Irrigation interviews,EV-AC-6,Other than satisfied,"18 of 38 privileged accounts hold standing administrator rights outside the cloud (6 directory, 4 SYS-01, 3 ERP, 4 SCADA engineer, and the integrator's shared account, which is a local administrator on both SCADA servers); any SCADA engineer account can change SCADA security settings",High,POAM-002
AC-17,AC-17a.[01],usage restrictions are established and documented for each type of remote access allowed;,Examine; Interview; Test,VPN configuration; remote access tool inventory on SCADA servers; pivot manufacturer cloud user list; POL-02 (2024); test of an integrator support session on 2026-08-12; SCADA integrator interview,EV-AC-17,Other than satisfied,Usage restrictions are documented for the staff VPN only; vendor remote access through the integrator's remote tool and the pivot manufacturer's cloud support access are not documented,High,POAM-003
AC-17,AC-17a.[02],configuration/connection requirements are established and documented for each type of remote access allowed;,Examine; Interview; Test,VPN configuration; remote access tool inventory on SCADA servers; pivot manufacturer cloud user list; POL-02 (2024); test of an integrator support session on 2026-08-12; SCADA integrator interview,EV-AC-17,Other than satisfied,No configuration or connection requirements exist for vendor remote access; the integrator's tool runs always-on with one shared account and no MFA,High,POAM-003
AC-17,AC-17a.[03],implementation guidance is established and documented for each type of remote access allowed;,Examine; Interview; Test,VPN configuration; remote access tool inventory on SCADA servers; pivot manufacturer cloud user list; POL-02 (2024); test of an integrator support session on 2026-08-12; SCADA integrator interview,EV-AC-17,Satisfied,Implementation guidance exists for the staff VPN with MFA and for cloud administrator access through the access broker,,
AC-17,AC-17b.,each type of remote access to the system is authorized prior to allowing such connections.,Examine; Interview; Test,VPN configuration; remote access tool inventory on SCADA servers; pivot manufacturer cloud user list; POL-02 (2024); test of an integrator support session on 2026-08-12; SCADA integrator interview,EV-AC-17,Other than satisfied,The integrator's remote tool and the pivot manufacturer's standing support access were never authorized by the company,High,POAM-003
AT-2,AT-02a.01[01],"security literacy training is provided to system users (including managers, senior executives, and contractors) as part of initial training for new users;",Examine; Interview,"Training platform completion reports 2025-2026; phishing simulation reports (quarterly, latest 2026-06, 9.1% click rate); pre-season meeting agendas; 15 staff interviews (5 office, 5 crew leads, 5 Irrigation Technicians)",EV-AT-2,Other than satisfied,"Crew leads and Irrigation Technicians, who use SYS-01 and SCADA, receive no security content at onboarding; 0 of 10 interviewed could name how to report a suspicious event",Moderate,POAM-004
AT-2,AT-02a.01[02],"privacy literacy training is provided to system users (including managers, senior executives, and contractors) as part of initial training for new users;",Examine; Interview,"Training platform completion reports 2025-2026; phishing simulation reports (quarterly, latest 2026-06, 9.1% click rate); pre-season meeting agendas; 15 staff interviews (5 office, 5 crew leads, 5 Irrigation Technicians)",EV-AT-2,Satisfied,Evidence supports the statement,,
AT-2,AT-02a.01[03],"security literacy training is provided to system users (including managers, senior executives, and contractors) [organization-defined value] thereafter;",Examine; Interview,"Training platform completion reports 2025-2026; phishing simulation reports (quarterly, latest 2026-06, 9.1% click rate); pre-season meeting agendas; 15 staff interviews (5 office, 5 crew leads, 5 Irrigation Technicians)",EV-AT-2,Other than satisfied,Annual training reaches office users (96%) but not crew leads or Irrigation Technicians,Moderate,POAM-004
AT-2,AT-02a.01[04],"privacy literacy training is provided to system users (including managers, senior executives, and contractors) [organization-defined value] thereafter;",Examine; Interview,"Training platform completion reports 2025-2026; phishing simulation reports (quarterly, latest 2026-06, 9.1% click rate); pre-season meeting agendas; 15 staff interviews (5 office, 5 crew leads, 5 Irrigation Technicians)",EV-AT-2,Satisfied,Evidence supports the statement,,
AT-2,AT-02a.02[01],"security literacy training is provided to system users (including managers, senior executives, and contractors) when required by system changes or following [organization-defined value];",Examine; Interview,"Training platform completion reports 2025-2026; phishing simulation reports (quarterly, latest 2026-06, 9.1% click rate); pre-season meeting agendas; 15 staff interviews (5 office, 5 crew leads, 5 Irrigation Technicians)",EV-AT-2,Satisfied,Evidence supports the statement,,
AT-2,AT-02a.02[02],"privacy literacy training is provided to system users (including managers, senior executives, and contractors) when required by system changes or following [organization-defined value];",Examine; Interview,"Training platform completion reports 2025-2026; phishing simulation reports (quarterly, latest 2026-06, 9.1% click rate); pre-season meeting agendas; 15 staff interviews (5 office, 5 crew leads, 5 Irrigation Technicians)",EV-AT-2,Satisfied,Evidence supports the statement,,
AT-2,AT-02b.,[organization-defined value] are employed to increase the security and privacy awareness of system users;,Examine; Interview,"Training platform completion reports 2025-2026; phishing simulation reports (quarterly, latest 2026-06, 9.1% click rate); pre-season meeting agendas; 15 staff interviews (5 office, 5 crew leads, 5 Irrigation Technicians)",EV-AT-2,Satisfied,Evidence supports the statement,,
AT-2,AT-02c.[01],literacy training and awareness content is updated [organization-defined value];,Examine; Interview,"Training platform completion reports 2025-2026; phishing simulation reports (quarterly, latest 2026-06, 9.1% click rate); pre-season meeting agendas; 15 staff interviews (5 office, 5 crew leads, 5 Irrigation Technicians)",EV-AT-2,Satisfied,Evidence supports the statement,,
AT-2,AT-02c.[02],literacy training and awareness content is updated following [organization-defined value];,Examine; Interview,"Training platform completion reports 2025-2026; phishing simulation reports (quarterly, latest 2026-06, 9.1% click rate); pre-season meeting agendas; 15 staff interviews (5 office, 5 crew leads, 5 Irrigation Technicians)",EV-AT-2,Satisfied,Evidence supports the statement,,
AT-2,AT-02d.,lessons learned from internal or external security incidents or breaches are incorporated into literacy training and awareness techniques.,Examine; Interview,"Training platform completion reports 2025-2026; phishing simulation reports (quarterly, latest 2026-06, 9.1% click rate); pre-season meeting agendas; 15 staff interviews (5 office, 5 crew leads, 5 Irrigation Technicians)",EV-AT-2,Satisfied,Evidence supports the statement,,
AU-2,AU-02a.,[organization-defined value] that the system is capable of logging are identified in support of the audit logging function;,Examine; Interview,"SIEM log source list; SCADA, HMI, and historian logging configuration; SYS-01 audit settings; MSSP onboarding documents; Security Manager interview",EV-AU-2,Other than satisfied,"Loggable event types are identified for IT systems only; none for SCADA, PLCs, HMIs, the pivot cloud, or packinghouse controllers",Moderate,POAM-020
AU-2,AU-02b.,the event logging function is coordinated with other organizational entities requiring audit-related information to guide and inform the selection criteria for events to be logged;,Examine; Interview,"SIEM log source list; SCADA, HMI, and historian logging configuration; SYS-01 audit settings; MSSP onboarding documents; Security Manager interview",EV-AU-2,Satisfied,Evidence supports the statement,,
AU-2,AU-02c.[01],[organization-defined value] are specified for logging within the system;,Examine; Interview,"SIEM log source list; SCADA, HMI, and historian logging configuration; SYS-01 audit settings; MSSP onboarding documents; Security Manager interview",EV-AU-2,Other than satisfied,No event types are specified for OT or for SYS-01 record edits and settlement changes,Moderate,POAM-020
AU-2,AU-02c.[02],the specified event types are logged within the system [organization-defined value];,Examine; Interview,"SIEM log source list; SCADA, HMI, and historian logging configuration; SYS-01 audit settings; MSSP onboarding documents; Security Manager interview",EV-AU-2,Other than satisfied,SCADA audit logging is available but disabled; historian events are kept 90 days on the SCADA server only,Moderate,POAM-020
AU-2,AU-02d.,a rationale is provided for why the event types selected for logging are deemed to be adequate to support after-the-fact investigations of incidents;,Examine; Interview,"SIEM log source list; SCADA, HMI, and historian logging configuration; SYS-01 audit settings; MSSP onboarding documents; Security Manager interview",EV-AU-2,Other than satisfied,No rationale is documented for the selected event types,Moderate,POAM-020
AU-2,AU-02e.,the event types selected for logging are reviewed and updated [organization-defined value].,Examine; Interview,"SIEM log source list; SCADA, HMI, and historian logging configuration; SYS-01 audit settings; MSSP onboarding documents; Security Manager interview",EV-AU-2,Other than satisfied,Event types have not been reviewed since the 2024 MSSP onboarding,Moderate,POAM-020
AU-6,AU-06a.,system audit records are reviewed and analyzed [organization-defined value] for indications of [organization-defined value] and the potential impact of the inappropriate or unusual activity;,Examine; Interview; Test,MSSP monthly reports; SYS-01 audit trail; settlement service change log; SCADA alarm and event log; test: 20 tally edits from May 2026 traced in the SYS-01 audit trail,EV-AU-6,Other than satisfied,"Nobody reviews SYS-01 audit records, SCADA operator and engineering events, or settlement change logs; 7 of 20 traced tally edits had no reason recorded and were never reviewed",Moderate,POAM-005
AU-6,AU-06b.,findings are reported to [organization-defined value];,Examine; Interview; Test,MSSP monthly reports; SYS-01 audit trail; settlement service change log; SCADA alarm and event log; test: 20 tally edits from May 2026 traced in the SYS-01 audit trail,EV-AU-6,Satisfied,Evidence supports the statement,,
AU-6,AU-06c.,"the level of audit record review, analysis, and reporting within the system is adjusted when there is a change in risk based on law enforcement information, intelligence information, or other credible sources of information.",Examine; Interview; Test,MSSP monthly reports; SYS-01 audit trail; settlement service change log; SCADA alarm and event log; test: 20 tally edits from May 2026 traced in the SYS-01 audit trail,EV-AU-6,Satisfied,Evidence supports the statement,,
CA-3,CA-03a.,the exchange of information between the system and other systems is approved and managed using [organization-defined value];,Examine; Interview,"Contract register; P02 information exchange table; pivot manufacturer, equipment dealer, refrigeration contractor, and grower gateway arrangements; Vice President of Grower Services interview",EV-CA-3,Other than satisfied,"Exchanges with the pivot manufacturer's cloud, the equipment dealer portal, 18 contract growers' sensor gateways, and the refrigeration contractor are not approved or managed through any agreement",Moderate,POAM-016
CA-3,CA-03b.[01],the interface characteristics are documented as part of each exchange agreement;,Examine; Interview,"Contract register; P02 information exchange table; pivot manufacturer, equipment dealer, refrigeration contractor, and grower gateway arrangements; Vice President of Grower Services interview",EV-CA-3,Satisfied,"Interface characteristics are documented in the SSP and in the FMIS, ERP, and payroll contracts",,
CA-3,CA-03b.[02],security requirements are documented as part of each exchange agreement;,Examine; Interview,"Contract register; P02 information exchange table; pivot manufacturer, equipment dealer, refrigeration contractor, and grower gateway arrangements; Vice President of Grower Services interview",EV-CA-3,Other than satisfied,Security requirements are absent for 4 of 8 interconnections,Moderate,POAM-016
CA-3,CA-03b.[03],privacy requirements are documented as part of each exchange agreement;,Examine; Interview,"Contract register; P02 information exchange table; pivot manufacturer, equipment dealer, refrigeration contractor, and grower gateway arrangements; Vice President of Grower Services interview",EV-CA-3,Other than satisfied,Privacy requirements are absent for the dealer portal (operator geolocation) and the grower gateways,Moderate,POAM-016
CA-3,CA-03b.[04],controls are documented as part of each exchange agreement;,Examine; Interview,"Contract register; P02 information exchange table; pivot manufacturer, equipment dealer, refrigeration contractor, and grower gateway arrangements; Vice President of Grower Services interview",EV-CA-3,Other than satisfied,Controls are not documented for 4 of 8 interconnections,Moderate,POAM-016
CA-3,CA-03b.[05],responsibilities for each system are documented as part of each exchange agreement;,Examine; Interview,"Contract register; P02 information exchange table; pivot manufacturer, equipment dealer, refrigeration contractor, and grower gateway arrangements; Vice President of Grower Services interview",EV-CA-3,Other than satisfied,Responsibilities of each party are not documented for 4 of 8 interconnections,Moderate,POAM-016
CA-3,CA-03b.[06],the impact level of the information communicated is documented as part of each exchange agreement;,Examine; Interview,"Contract register; P02 information exchange table; pivot manufacturer, equipment dealer, refrigeration contractor, and grower gateway arrangements; Vice President of Grower Services interview",EV-CA-3,Other than satisfied,The impact level of exchanged information is not documented in any agreement,Moderate,POAM-016
CA-3,CA-03c.,agreements are reviewed and updated [organization-defined value].,Examine; Interview,"Contract register; P02 information exchange table; pivot manufacturer, equipment dealer, refrigeration contractor, and grower gateway arrangements; Vice President of Grower Services interview",EV-CA-3,Other than satisfied,Agreements have no review cycle; the FMIS agreement was last reviewed at signing in 2023,Moderate,POAM-016
CM-2,CM-02a.[01],a current baseline configuration of the system is developed and documented;,Examine; Interview,"Endpoint and cloud baselines; SCADA server, HMI, and PLC configuration records; grower portal build files; IT Director and SCADA integrator interviews",EV-CM-2,Other than satisfied,"No baseline is documented for SCADA servers, HMIs, PLC configurations, or the grower portal build",Moderate,POAM-006
CM-2,CM-02a.[02],a current baseline configuration of the system is maintained under configuration control;,Examine; Interview,"Endpoint and cloud baselines; SCADA server, HMI, and PLC configuration records; grower portal build files; IT Director and SCADA integrator interviews",EV-CM-2,Other than satisfied,OT and portal configurations are not under configuration control,Moderate,POAM-006
CM-2,CM-02b.01,the baseline configuration of the system is reviewed and updated [organization-defined value];,Examine; Interview,"Endpoint and cloud baselines; SCADA server, HMI, and PLC configuration records; grower portal build files; IT Director and SCADA integrator interviews",EV-CM-2,Satisfied,Evidence supports the statement for IT components,,
CM-2,CM-02b.02,the baseline configuration of the system is reviewed and updated when required due to [organization-defined value];,Examine; Interview,"Endpoint and cloud baselines; SCADA server, HMI, and PLC configuration records; grower portal build files; IT Director and SCADA integrator interviews",EV-CM-2,Satisfied,Evidence supports the statement for IT components,,
CM-2,CM-02b.03,the baseline configuration of the system is reviewed and updated when system components are installed or upgraded.,Examine; Interview,"Endpoint and cloud baselines; SCADA server, HMI, and PLC configuration records; grower portal build files; IT Director and SCADA integrator interviews",EV-CM-2,Other than satisfied,The 2025-03 SCADA upgrade was installed without creating or updating a baseline,Moderate,POAM-006
CM-3,CM-03a.,the types of changes to the system that are configuration-controlled are determined and documented;,Examine; Interview; Test,"IT change log 2025-07 to 2026-06 (sample of 10 changes); settlement service deployment history (10 production changes); SCADA and PLC change records (none found); fertigation recipe and ripening program files; Director of Irrigation, Packinghouse Manager, and development firm interviews",EV-CM-3,Other than satisfied,"PLC logic, HMI screens, fertigation recipes, ripening programs, and settlement calculations are not defined as configuration-controlled changes",Moderate,POAM-007
CM-3,CM-03b.[01],proposed configuration-controlled changes to the system are reviewed;,Examine; Interview; Test,"IT change log 2025-07 to 2026-06 (sample of 10 changes); settlement service deployment history (10 production changes); SCADA and PLC change records (none found); fertigation recipe and ripening program files; Director of Irrigation, Packinghouse Manager, and development firm interviews",EV-CM-3,Other than satisfied,No OT change is reviewed before implementation; recipe changes are made directly at the skid or HMI,Moderate,POAM-007
CM-3,CM-03b.[02],proposed configuration-controlled changes to the system are approved or disapproved with explicit consideration for security and privacy impact analyses;,Examine; Interview; Test,"IT change log 2025-07 to 2026-06 (sample of 10 changes); settlement service deployment history (10 production changes); SCADA and PLC change records (none found); fertigation recipe and ripening program files; Director of Irrigation, Packinghouse Manager, and development firm interviews",EV-CM-3,Other than satisfied,All 10 settlement service changes were deployed by the development firm without company approval or a security or processing-integrity impact analysis,Moderate,POAM-017
CM-3,CM-03c.,configuration change decisions associated with the system are documented;,Examine; Interview; Test,"IT change log 2025-07 to 2026-06 (sample of 10 changes); settlement service deployment history (10 production changes); SCADA and PLC change records (none found); fertigation recipe and ripening program files; Director of Irrigation, Packinghouse Manager, and development firm interviews",EV-CM-3,Other than satisfied,No OT change decisions are documented,Moderate,POAM-007
CM-3,CM-03d.,approved configuration-controlled changes to the system are implemented;,Examine; Interview; Test,"IT change log 2025-07 to 2026-06 (sample of 10 changes); settlement service deployment history (10 production changes); SCADA and PLC change records (none found); fertigation recipe and ripening program files; Director of Irrigation, Packinghouse Manager, and development firm interviews",EV-CM-3,Satisfied,Evidence supports the statement for the 10 sampled IT changes,,
CM-3,CM-03e.,records of configuration-controlled changes to the system are retained for [organization-defined value];,Examine; Interview; Test,"IT change log 2025-07 to 2026-06 (sample of 10 changes); settlement service deployment history (10 production changes); SCADA and PLC change records (none found); fertigation recipe and ripening program files; Director of Irrigation, Packinghouse Manager, and development firm interviews",EV-CM-3,Satisfied,Evidence supports the statement for the 10 sampled IT changes,,
CM-3,CM-03f.[01],activities associated with configuration-controlled changes to the system are monitored;,Examine; Interview; Test,"IT change log 2025-07 to 2026-06 (sample of 10 changes); settlement service deployment history (10 production changes); SCADA and PLC change records (none found); fertigation recipe and ripening program files; Director of Irrigation, Packinghouse Manager, and development firm interviews",EV-CM-3,Other than satisfied,OT changes are not monitored; there is no alert when a PLC program or setpoint changes,Moderate,POAM-007
CM-3,CM-03f.[02],activities associated with configuration-controlled changes to the system are reviewed;,Examine; Interview; Test,"IT change log 2025-07 to 2026-06 (sample of 10 changes); settlement service deployment history (10 production changes); SCADA and PLC change records (none found); fertigation recipe and ripening program files; Director of Irrigation, Packinghouse Manager, and development firm interviews",EV-CM-3,Other than satisfied,OT change activity is never reviewed after the fact,Moderate,POAM-007
CM-3,CM-03g.[01],configuration change control activities are coordinated and overseen by [organization-defined value];,Examine; Interview; Test,"IT change log 2025-07 to 2026-06 (sample of 10 changes); settlement service deployment history (10 production changes); SCADA and PLC change records (none found); fertigation recipe and ripening program files; Director of Irrigation, Packinghouse Manager, and development firm interviews",EV-CM-3,Satisfied,Evidence supports the statement for the 10 sampled IT changes,,
CM-3,CM-03g.[02],the configuration control element convenes [organization-defined value].,Examine; Interview; Test,"IT change log 2025-07 to 2026-06 (sample of 10 changes); settlement service deployment history (10 production changes); SCADA and PLC change records (none found); fertigation recipe and ripening program files; Director of Irrigation, Packinghouse Manager, and development firm interviews",EV-CM-3,Satisfied,Evidence supports the statement for the 10 sampled IT changes,,
CM-6,CM-06a.,configuration settings that reflect the most restrictive mode consistent with operational requirements are established and documented for components employed within the system using [organization-defined value];,Examine; Test,Benchmark configuration scan of 10 randomly selected servers (2026-08-11); cloud guardrail and posture reports; SCADA server settings,EV-CM-6,Other than satisfied,Settings are established for IT through the cloud benchmark; none are established for SCADA servers or HMIs,Moderate,POAM-006
CM-6,CM-06b.,the configuration settings documented in CM-06a are implemented;,Examine; Test,Benchmark configuration scan of 10 randomly selected servers (2026-08-11); cloud guardrail and posture reports; SCADA server settings,EV-CM-6,Other than satisfied,31% of benchmark settings deviated on the 10 scanned servers (both SCADA servers among the worst at 48%),Moderate,POAM-006
CM-6,CM-06c.[01],any deviations from established configuration settings for [organization-defined value] are identified and documented based on [organization-defined value];,Examine; Test,Benchmark configuration scan of 10 randomly selected servers (2026-08-11); cloud guardrail and posture reports; SCADA server settings,EV-CM-6,Other than satisfied,Deviations are not identified or documented,Moderate,POAM-006
CM-6,CM-06c.[02],any deviations from established configuration settings for [organization-defined value] are approved;,Examine; Test,Benchmark configuration scan of 10 randomly selected servers (2026-08-11); cloud guardrail and posture reports; SCADA server settings,EV-CM-6,Other than satisfied,No deviation was approved,Moderate,POAM-006
CM-6,CM-06d.[01],changes to the configuration settings are monitored in accordance with organizational policies and procedures;,Examine; Test,Benchmark configuration scan of 10 randomly selected servers (2026-08-11); cloud guardrail and posture reports; SCADA server settings,EV-CM-6,Satisfied,Evidence supports the statement,,
CM-6,CM-06d.[02],changes to the configuration settings are controlled in accordance with organizational policies and procedures.,Examine; Test,Benchmark configuration scan of 10 randomly selected servers (2026-08-11); cloud guardrail and posture reports; SCADA server settings,EV-CM-6,Satisfied,Evidence supports the statement,,
CM-7,CM-07a.,the system is configured to provide only [organization-defined value];,Examine; Test,Installed software and listening services on both SCADA servers; firewall rule exports for the headquarters OT boundary; cloud workload service lists,EV-CM-7,Other than satisfied,"Both SCADA servers run a vendor remote access tool, a web browser, and an email client that SCADA operation does not need",Moderate,POAM-006
CM-7,CM-07b.[01],the use of [organization-defined value] is prohibited or restricted;,Examine; Test,Installed software and listening services on both SCADA servers; firewall rule exports for the headquarters OT boundary; cloud workload service lists,EV-CM-7,Other than satisfied,Email and web browsing are not prohibited on SCADA servers,Moderate,POAM-006
CM-7,CM-07b.[02],the use of [organization-defined value] is prohibited or restricted;,Examine; Test,Installed software and listening services on both SCADA servers; firewall rule exports for the headquarters OT boundary; cloud workload service lists,EV-CM-7,Satisfied,Evidence supports the statement,,
CM-7,CM-07b.[03],the use of [organization-defined value] is prohibited or restricted;,Examine; Test,Installed software and listening services on both SCADA servers; firewall rule exports for the headquarters OT boundary; cloud workload service lists,EV-CM-7,Satisfied,Evidence supports the statement,,
CM-7,CM-07b.[04],the use of [organization-defined value] is prohibited or restricted;,Examine; Test,Installed software and listening services on both SCADA servers; firewall rule exports for the headquarters OT boundary; cloud workload service lists,EV-CM-7,Other than satisfied,The integrator's remote access software is not prohibited or restricted,Moderate,POAM-006
CM-7,CM-07b.[05],the use of [organization-defined value] is prohibited or restricted.,Examine; Test,Installed software and listening services on both SCADA servers; firewall rule exports for the headquarters OT boundary; cloud workload service lists,EV-CM-7,Satisfied,Evidence supports the statement,,
CM-8,CM-08a.01,an inventory of system components that accurately reflects the system is developed and documented;,Examine; Interview; Test,IT asset inventory (EDR and MDM); OT and IoT inventory spreadsheet; installer invoices; field count at 12 sampled pump stations (2026-08-12),EV-CM-8,Other than satisfied,"At the 12 sampled pump stations, 41 of 118 devices found (35%) were not in the OT inventory, including 6 cellular modems",Moderate,POAM-008
CM-8,CM-08a.02,an inventory of system components that includes all components within the system is developed and documented;,Examine; Interview; Test,IT asset inventory (EDR and MDM); OT and IoT inventory spreadsheet; installer invoices; field count at 12 sampled pump stations (2026-08-12),EV-CM-8,Other than satisfied,"The OT and IoT inventory covers about 1,600 of about 2,900 devices (55%)",Moderate,POAM-008
CM-8,CM-08a.03,an inventory of system components that does not include duplicate accounting of components or components assigned to any other system is developed and documented;,Examine; Interview; Test,IT asset inventory (EDR and MDM); OT and IoT inventory spreadsheet; installer invoices; field count at 12 sampled pump stations (2026-08-12),EV-CM-8,Satisfied,Evidence supports the statement for IT components,,
CM-8,CM-08a.04,an inventory of system components that is at the level of granularity deemed necessary for tracking and reporting is developed and documented;,Examine; Interview; Test,IT asset inventory (EDR and MDM); OT and IoT inventory spreadsheet; installer invoices; field count at 12 sampled pump stations (2026-08-12),EV-CM-8,Satisfied,Evidence supports the statement for IT components,,
CM-8,CM-08a.05,an inventory of system components that includes [organization-defined value] is developed and documented;,Examine; Interview; Test,IT asset inventory (EDR and MDM); OT and IoT inventory spreadsheet; installer invoices; field count at 12 sampled pump stations (2026-08-12),EV-CM-8,Other than satisfied,"Firmware versions, owners, and network locations are not recorded for OT devices",Moderate,POAM-008
CM-8,CM-08b.,the system component inventory is reviewed and updated [organization-defined value].,Examine; Interview; Test,IT asset inventory (EDR and MDM); OT and IoT inventory spreadsheet; installer invoices; field count at 12 sampled pump stations (2026-08-12),EV-CM-8,Other than satisfied,The OT inventory has not been updated since the 2025 Farm 3 pivot installations,Moderate,POAM-008
CP-2,CP-02a.01,a contingency plan for the system is developed that identifies essential mission and business functions and associated contingency requirements;,Examine; Interview,"IT disaster recovery plan (2024); BIA (P05); P08 runbook drafts; Farm 2 freeze-night practices; packinghouse downtime practices; interviews with the IT Director, Director of Irrigation, Farm 2 Farm Manager, Packinghouse Manager, and Vice President of Grower Services",EV-CP-2,Other than satisfied,"The plan covers SYS-02, SYS-03, and the cloud workloads only; SCADA, PLC recovery, packinghouse controls, freeze protection, and Grower Services are not addressed",High,POAM-009
CP-2,CP-02a.02[01],a contingency plan for the system is developed that provides recovery objectives;,Examine; Interview,"IT disaster recovery plan (2024); BIA (P05); P08 runbook drafts; Farm 2 freeze-night practices; packinghouse downtime practices; interviews with the IT Director, Director of Irrigation, Farm 2 Farm Manager, Packinghouse Manager, and Vice President of Grower Services",EV-CP-2,Other than satisfied,Recovery objectives predate the BIA and do not include OT or Grower Services,High,POAM-009
CP-2,CP-02a.02[02],a contingency plan for the system is developed that provides restoration priorities;,Examine; Interview,"IT disaster recovery plan (2024); BIA (P05); P08 runbook drafts; Farm 2 freeze-night practices; packinghouse downtime practices; interviews with the IT Director, Director of Irrigation, Farm 2 Farm Manager, Packinghouse Manager, and Vice President of Grower Services",EV-CP-2,Other than satisfied,No restoration priorities across IT and OT; the BIA order is not in the plan,High,POAM-009
CP-2,CP-02a.02[03],a contingency plan for the system is developed that provides metrics;,Examine; Interview,"IT disaster recovery plan (2024); BIA (P05); P08 runbook drafts; Farm 2 freeze-night practices; packinghouse downtime practices; interviews with the IT Director, Director of Irrigation, Farm 2 Farm Manager, Packinghouse Manager, and Vice President of Grower Services",EV-CP-2,Other than satisfied,No metrics for plan performance,High,POAM-009
CP-2,CP-02a.03[01],a contingency plan for the system is developed that addresses contingency roles;,Examine; Interview,"IT disaster recovery plan (2024); BIA (P05); P08 runbook drafts; Farm 2 freeze-night practices; packinghouse downtime practices; interviews with the IT Director, Director of Irrigation, Farm 2 Farm Manager, Packinghouse Manager, and Vice President of Grower Services",EV-CP-2,Satisfied,Evidence supports the statement for the IT disaster recovery plan,,
CP-2,CP-02a.03[02],a contingency plan for the system is developed that addresses contingency responsibilities;,Examine; Interview,"IT disaster recovery plan (2024); BIA (P05); P08 runbook drafts; Farm 2 freeze-night practices; packinghouse downtime practices; interviews with the IT Director, Director of Irrigation, Farm 2 Farm Manager, Packinghouse Manager, and Vice President of Grower Services",EV-CP-2,Satisfied,Evidence supports the statement for the IT disaster recovery plan,,
CP-2,CP-02a.03[03],a contingency plan for the system is developed that addresses assigned individuals with contact information;,Examine; Interview,"IT disaster recovery plan (2024); BIA (P05); P08 runbook drafts; Farm 2 freeze-night practices; packinghouse downtime practices; interviews with the IT Director, Director of Irrigation, Farm 2 Farm Manager, Packinghouse Manager, and Vice President of Grower Services",EV-CP-2,Other than satisfied,4 of 12 contacts in the plan are out of date,High,POAM-009
CP-2,CP-02a.04,"a contingency plan for the system is developed that addresses maintaining essential mission and business functions despite a system disruption, compromise, or failure;",Examine; Interview,"IT disaster recovery plan (2024); BIA (P05); P08 runbook drafts; Farm 2 freeze-night practices; packinghouse downtime practices; interviews with the IT Director, Director of Irrigation, Farm 2 Farm Manager, Packinghouse Manager, and Vice President of Grower Services",EV-CP-2,Other than satisfied,"No procedure to maintain freeze protection, irrigation, or cold chain during a disruption; the Farm 2 manual night-start procedure is unwritten",High,POAM-012
CP-2,CP-02a.05,"a contingency plan for the system is developed that addresses eventual, full-system restoration without deterioration of the controls originally planned and implemented;",Examine; Interview,"IT disaster recovery plan (2024); BIA (P05); P08 runbook drafts; Farm 2 freeze-night practices; packinghouse downtime practices; interviews with the IT Director, Director of Irrigation, Farm 2 Farm Manager, Packinghouse Manager, and Vice President of Grower Services",EV-CP-2,Other than satisfied,"No procedure to restore OT without weakening controls (for example, reconnecting the integrator's remote tool during recovery)",High,POAM-009
CP-2,CP-02a.06,a contingency plan for the system is developed that addresses the sharing of contingency information;,Examine; Interview,"IT disaster recovery plan (2024); BIA (P05); P08 runbook drafts; Farm 2 freeze-night practices; packinghouse downtime practices; interviews with the IT Director, Director of Irrigation, Farm 2 Farm Manager, Packinghouse Manager, and Vice President of Grower Services",EV-CP-2,Satisfied,Evidence supports the statement for the IT disaster recovery plan,,
CP-2,CP-02a.07[01],a contingency plan for the system is developed that is reviewed by [organization-defined value];,Examine; Interview,"IT disaster recovery plan (2024); BIA (P05); P08 runbook drafts; Farm 2 freeze-night practices; packinghouse downtime practices; interviews with the IT Director, Director of Irrigation, Farm 2 Farm Manager, Packinghouse Manager, and Vice President of Grower Services",EV-CP-2,Satisfied,Evidence supports the statement for the IT disaster recovery plan,,
CP-2,CP-02a.07[02],a contingency plan for the system is developed that is approved by [organization-defined value];,Examine; Interview,"IT disaster recovery plan (2024); BIA (P05); P08 runbook drafts; Farm 2 freeze-night practices; packinghouse downtime practices; interviews with the IT Director, Director of Irrigation, Farm 2 Farm Manager, Packinghouse Manager, and Vice President of Grower Services",EV-CP-2,Satisfied,Evidence supports the statement for the IT disaster recovery plan,,
CP-2,CP-02b.[01],copies of the contingency plan are distributed to [organization-defined value];,Examine; Interview,"IT disaster recovery plan (2024); BIA (P05); P08 runbook drafts; Farm 2 freeze-night practices; packinghouse downtime practices; interviews with the IT Director, Director of Irrigation, Farm 2 Farm Manager, Packinghouse Manager, and Vice President of Grower Services",EV-CP-2,Satisfied,Evidence supports the statement for the IT disaster recovery plan,,
CP-2,CP-02b.[02],copies of the contingency plan are distributed to [organization-defined value];,Examine; Interview,"IT disaster recovery plan (2024); BIA (P05); P08 runbook drafts; Farm 2 freeze-night practices; packinghouse downtime practices; interviews with the IT Director, Director of Irrigation, Farm 2 Farm Manager, Packinghouse Manager, and Vice President of Grower Services",EV-CP-2,Other than satisfied,"Farm Managers, the Packinghouse Manager, and food safety staff do not have the plan",High,POAM-009
CP-2,CP-02c.,contingency planning activities are coordinated with incident handling activities;,Examine; Interview,"IT disaster recovery plan (2024); BIA (P05); P08 runbook drafts; Farm 2 freeze-night practices; packinghouse downtime practices; interviews with the IT Director, Director of Irrigation, Farm 2 Farm Manager, Packinghouse Manager, and Vice President of Grower Services",EV-CP-2,Other than satisfied,The plan is not coordinated with incident handling or the food safety recall plan,High,POAM-009
CP-2,CP-02d.,the contingency plan for the system is reviewed [organization-defined value];,Examine; Interview,"IT disaster recovery plan (2024); BIA (P05); P08 runbook drafts; Farm 2 freeze-night practices; packinghouse downtime practices; interviews with the IT Director, Director of Irrigation, Farm 2 Farm Manager, Packinghouse Manager, and Vice President of Grower Services",EV-CP-2,Satisfied,Evidence supports the statement for the IT disaster recovery plan,,
CP-2,CP-02e.[01],"the contingency plan is updated to address changes to the organization, system, or environment of operation;",Examine; Interview,"IT disaster recovery plan (2024); BIA (P05); P08 runbook drafts; Farm 2 freeze-night practices; packinghouse downtime practices; interviews with the IT Director, Director of Irrigation, Farm 2 Farm Manager, Packinghouse Manager, and Vice President of Grower Services",EV-CP-2,Other than satisfied,"Not updated for the 2025 IT/OT firewalls, the Grower Services account, or the 2026 BIA",High,POAM-009
CP-2,CP-02e.[02],"the contingency plan is updated to address problems encountered during contingency plan implementation, execution, or testing;",Examine; Interview,"IT disaster recovery plan (2024); BIA (P05); P08 runbook drafts; Farm 2 freeze-night practices; packinghouse downtime practices; interviews with the IT Director, Director of Irrigation, Farm 2 Farm Manager, Packinghouse Manager, and Vice President of Grower Services",EV-CP-2,Other than satisfied,No test or activation has produced updates; the plan has never been exercised,High,POAM-009
CP-2,CP-02f.[01],contingency plan changes are communicated to [organization-defined value];,Examine; Interview,"IT disaster recovery plan (2024); BIA (P05); P08 runbook drafts; Farm 2 freeze-night practices; packinghouse downtime practices; interviews with the IT Director, Director of Irrigation, Farm 2 Farm Manager, Packinghouse Manager, and Vice President of Grower Services",EV-CP-2,Satisfied,Evidence supports the statement for the IT disaster recovery plan,,
CP-2,CP-02f.[02],contingency plan changes are communicated to [organization-defined value];,Examine; Interview,"IT disaster recovery plan (2024); BIA (P05); P08 runbook drafts; Farm 2 freeze-night practices; packinghouse downtime practices; interviews with the IT Director, Director of Irrigation, Farm 2 Farm Manager, Packinghouse Manager, and Vice President of Grower Services",EV-CP-2,Other than satisfied,Changes are not communicated to operational units,High,POAM-009
CP-2,CP-02g.[01],lessons learned from contingency plan testing or actual contingency activities are incorporated into contingency testing;,Examine; Interview,"IT disaster recovery plan (2024); BIA (P05); P08 runbook drafts; Farm 2 freeze-night practices; packinghouse downtime practices; interviews with the IT Director, Director of Irrigation, Farm 2 Farm Manager, Packinghouse Manager, and Vice President of Grower Services",EV-CP-2,Other than satisfied,No lessons learned are incorporated into testing (no tests held),High,POAM-009
CP-2,CP-02g.[02],lessons learned from contingency plan training or actual contingency activities are incorporated into contingency testing and training;,Examine; Interview,"IT disaster recovery plan (2024); BIA (P05); P08 runbook drafts; Farm 2 freeze-night practices; packinghouse downtime practices; interviews with the IT Director, Director of Irrigation, Farm 2 Farm Manager, Packinghouse Manager, and Vice President of Grower Services",EV-CP-2,Other than satisfied,No lessons learned are incorporated into training,High,POAM-009
CP-2,CP-02h.[01],the contingency plan is protected from unauthorized disclosure;,Examine; Interview,"IT disaster recovery plan (2024); BIA (P05); P08 runbook drafts; Farm 2 freeze-night practices; packinghouse downtime practices; interviews with the IT Director, Director of Irrigation, Farm 2 Farm Manager, Packinghouse Manager, and Vice President of Grower Services",EV-CP-2,Satisfied,Evidence supports the statement for the IT disaster recovery plan,,
CP-2,CP-02h.[02],the contingency plan is protected from unauthorized modification.,Examine; Interview,"IT disaster recovery plan (2024); BIA (P05); P08 runbook drafts; Farm 2 freeze-night practices; packinghouse downtime practices; interviews with the IT Director, Director of Irrigation, Farm 2 Farm Manager, Packinghouse Manager, and Vice President of Grower Services",EV-CP-2,Satisfied,Evidence supports the statement for the IT disaster recovery plan,,
CP-4,CP-04a.[01],the contingency plan for the system is tested [organization-defined value];,Examine; Interview,Restore test log 2025-2026 (file services only); BIA RTOs; IT Director interview,EV-CP-4,Other than satisfied,"Only file-service restores are tested; SCADA servers, PLC programs, the farm data hub, and the grower portal have never been restore-tested",High,POAM-011
CP-4,CP-04a.[02],[organization-defined value] are used to determine the effectiveness of the plan;,Examine; Interview,Restore test log 2025-2026 (file services only); BIA RTOs; IT Director interview,EV-CP-4,Other than satisfied,No criteria to judge plan effectiveness,High,POAM-011
CP-4,CP-04a.[03],[organization-defined value] are used to determine the readiness to execute the plan;,Examine; Interview,Restore test log 2025-2026 (file services only); BIA RTOs; IT Director interview,EV-CP-4,Other than satisfied,No criteria to judge readiness to execute the plan,High,POAM-011
CP-4,CP-04b.,the contingency plan test results are reviewed;,Examine; Interview,Restore test log 2025-2026 (file services only); BIA RTOs; IT Director interview,EV-CP-4,Other than satisfied,No plan test results exist to review,High,POAM-011
CP-4,CP-04c.,"corrective actions are initiated, if needed.",Examine; Interview,Restore test log 2025-2026 (file services only); BIA RTOs; IT Director interview,EV-CP-4,Other than satisfied,No corrective actions initiated from testing,High,POAM-011
CP-9,CP-09a.,backups of user-level information contained in [organization-defined value] are conducted [organization-defined value];,Examine; Interview; Test,Backup job reports for July 2026 (31 of 31 days successful); backup vault configuration; SCADA backup schedule and local storage device; PLC and HMI program inventory (68 programs); test: restore of one farm data hub table to the recovery network,EV-CP-9,Satisfied,Evidence supports the statement; the restore test succeeded and the write-once lock was confirmed,,
CP-9,CP-09b.,backups of system-level information contained in the system are conducted [organization-defined value];,Examine; Interview; Test,Backup job reports for July 2026 (31 of 31 days successful); backup vault configuration; SCADA backup schedule and local storage device; PLC and HMI program inventory (68 programs); test: restore of one farm data hub table to the recovery network,EV-CP-9,Other than satisfied,SCADA servers are backed up weekly to a local device; 31 of 68 PLC and HMI programs exist only with the integrator,High,POAM-010
CP-9,CP-09c.,"backups of system documentation, including security- and privacy-related documentation are conducted [organization-defined value];",Examine; Interview; Test,Backup job reports for July 2026 (31 of 31 days successful); backup vault configuration; SCADA backup schedule and local storage device; PLC and HMI program inventory (68 programs); test: restore of one farm data hub table to the recovery network,EV-CP-9,Satisfied,Evidence supports the statement; the restore test succeeded and the write-once lock was confirmed,,
CP-9,CP-09d.[01],the confidentiality of backup information is protected;,Examine; Interview; Test,Backup job reports for July 2026 (31 of 31 days successful); backup vault configuration; SCADA backup schedule and local storage device; PLC and HMI program inventory (68 programs); test: restore of one farm data hub table to the recovery network,EV-CP-9,Other than satisfied,The local SCADA backup device is not encrypted,High,POAM-010
CP-9,CP-09d.[02],the integrity of backup information is protected;,Examine; Interview; Test,Backup job reports for July 2026 (31 of 31 days successful); backup vault configuration; SCADA backup schedule and local storage device; PLC and HMI program inventory (68 programs); test: restore of one farm data hub table to the recovery network,EV-CP-9,Other than satisfied,SCADA backups are never verified and have no integrity check,High,POAM-010
CP-9,CP-09d.[03],the availability of backup information is protected.,Examine; Interview; Test,Backup job reports for July 2026 (31 of 31 days successful); backup vault configuration; SCADA backup schedule and local storage device; PLC and HMI program inventory (68 programs); test: restore of one farm data hub table to the recovery network,EV-CP-9,Other than satisfied,SCADA backups sit on the same network as the SCADA servers and would be encrypted with them in a ransomware event,High,POAM-010
CP-10,CP-10[01],"the recovery of the system to a known state is provided within [organization-defined value] after a disruption, compromise, or failure;",Examine; Interview,SCADA rebuild arrangements with the integrator; infrastructure templates for cloud workloads; IT Director and integrator interviews,EV-CP-10,Other than satisfied,Recovery of SCADA within the BIA RTO (8 hours) is not demonstrated; rebuild depends on the integrator's media and a support call; no written procedure,High,POAM-011
CP-10,CP-10[02],"a reconstitution of the system to a known state is provided within [organization-defined value] after a disruption, compromise, or failure.",Examine; Interview,SCADA rebuild arrangements with the integrator; infrastructure templates for cloud workloads; IT Director and integrator interviews,EV-CP-10,Other than satisfied,"Reconstitution to a known state is not defined for SCADA, PLCs, or the grower portal",High,POAM-011
IA-2,IA-02[01],organizational users are uniquely identified and authenticated;,Examine; Interview; Test,SYS-01 user list; SCADA and HMI account lists; identity provider export; observation of crew sign-in at Farm 1 (2026-08-12),EV-IA-2,Other than satisfied,Crew leads at Farms 1 and 2 use 6 shared SYS-01 logins; the integrator uses one shared SCADA account; 2 HMIs use a shared operator login,High,POAM-001
IA-2,IA-02[02],the unique identification of authenticated organizational users is associated with processes acting on behalf of those users.,Examine; Interview; Test,SYS-01 user list; SCADA and HMI account lists; identity provider export; observation of crew sign-in at Farm 1 (2026-08-12),EV-IA-2,Satisfied,"Processes run under the identity of the signed-in user in the identity provider, SYS-01 web, and the cloud",,
IA-2(1),IA-02(01),multi-factor authentication is implemented for access to privileged accounts.,Examine; Test,MFA sign-in test on 25 randomly selected privileged accounts of 38; SCADA engineer accounts; integrator account,EV-IA-2(1),Other than satisfied,21 of 25 sampled privileged accounts required MFA; the 4 SCADA engineer accounts and the integrator's account do not,High,POAM-002
IA-5,IA-05a.,"system authenticators are managed through the verification of the identity of the individual, group, role, service, or device receiving the authenticator as part of the initial authenticator distribution;",Examine; Test,"Password policy; vault records; default-credential test of 3 of 12 ripening room controllers, the cold storage refrigeration controller, and 10 of 46 pivot modems (2026-08-12, vendor-approved, outside operating hours); walkthrough of 12 pump stations",EV-IA-5,Satisfied,Evidence supports the statement,,
IA-5,IA-05b.,system authenticators are managed through the establishment of initial authenticator content for any authenticators issued by the organization;,Examine; Test,"Password policy; vault records; default-credential test of 3 of 12 ripening room controllers, the cold storage refrigeration controller, and 10 of 46 pivot modems (2026-08-12, vendor-approved, outside operating hours); walkthrough of 12 pump stations",EV-IA-5,Satisfied,Evidence supports the statement,,
IA-5,IA-05c.,system authenticators are managed to ensure that authenticators have sufficient strength of mechanism for their intended use;,Examine; Test,"Password policy; vault records; default-credential test of 3 of 12 ripening room controllers, the cold storage refrigeration controller, and 10 of 46 pivot modems (2026-08-12, vendor-approved, outside operating hours); walkthrough of 12 pump stations",EV-IA-5,Satisfied,Evidence supports the statement,,
IA-5,IA-05d.,"system authenticators are managed through the establishment and implementation of administrative procedures for initial authenticator distribution; lost, compromised, or damaged authenticators; and the revocation of authenticators;",Examine; Test,"Password policy; vault records; default-credential test of 3 of 12 ripening room controllers, the cold storage refrigeration controller, and 10 of 46 pivot modems (2026-08-12, vendor-approved, outside operating hours); walkthrough of 12 pump stations",EV-IA-5,Satisfied,Evidence supports the statement,,
IA-5,IA-05e.,system authenticators are managed through the change of default authenticators prior to first use;,Examine; Test,"Password policy; vault records; default-credential test of 3 of 12 ripening room controllers, the cold storage refrigeration controller, and 10 of 46 pivot modems (2026-08-12, vendor-approved, outside operating hours); walkthrough of 12 pump stations",EV-IA-5,Other than satisfied,"Default administrator credentials were active on all 3 tested ripening room controllers and on the cold storage refrigeration controller (P01 R-050), and on 2 of 10 sampled pivot modems",High,POAM-013
IA-5,IA-05f.,system authenticators are managed through the change or refreshment of authenticators [organization-defined value] or when [organization-defined value] occur;,Examine; Test,"Password policy; vault records; default-credential test of 3 of 12 ripening room controllers, the cold storage refrigeration controller, and 10 of 46 pivot modems (2026-08-12, vendor-approved, outside operating hours); walkthrough of 12 pump stations",EV-IA-5,Satisfied,Evidence supports the statement,,
IA-5,IA-05g.,system authenticators are managed through the protection of authenticator content from unauthorized disclosure and modification;,Examine; Test,"Password policy; vault records; default-credential test of 3 of 12 ripening room controllers, the cold storage refrigeration controller, and 10 of 46 pivot modems (2026-08-12, vendor-approved, outside operating hours); walkthrough of 12 pump stations",EV-IA-5,Other than satisfied,SCADA operator passwords were written inside 3 of 12 sampled pump-station panels,High,POAM-013
IA-5,IA-05h.[01],system authenticators are managed through the requirement for individuals to take specific controls to protect authenticators;,Examine; Test,"Password policy; vault records; default-credential test of 3 of 12 ripening room controllers, the cold storage refrigeration controller, and 10 of 46 pivot modems (2026-08-12, vendor-approved, outside operating hours); walkthrough of 12 pump stations",EV-IA-5,Satisfied,Evidence supports the statement,,
IA-5,IA-05h.[02],system authenticators are managed through the requirement for devices to implement specific controls to protect authenticators;,Examine; Test,"Password policy; vault records; default-credential test of 3 of 12 ripening room controllers, the cold storage refrigeration controller, and 10 of 46 pivot modems (2026-08-12, vendor-approved, outside operating hours); walkthrough of 12 pump stations",EV-IA-5,Satisfied,Evidence supports the statement,,
IA-5,IA-05i.,system authenticators are managed through the change of authenticators for group or role accounts when membership to those accounts changes.,Examine; Test,"Password policy; vault records; default-credential test of 3 of 12 ripening room controllers, the cold storage refrigeration controller, and 10 of 46 pivot modems (2026-08-12, vendor-approved, outside operating hours); walkthrough of 12 pump stations",EV-IA-5,Other than satisfied,Shared crew and integrator account passwords are not changed when membership changes,High,POAM-001
IR-4,IR-04a.[01],an incident handling capability for incidents is implemented that is consistent with the incident response plan;,Examine; Interview; Test,Incident queue (10 of 22 incidents sampled); MSSP runbook; 2024 IT incident plan; test: simulated impossible-travel sign-in on 2026-08-13 (MSSP called the Security Manager in 18 minutes); interviews with the Director of Irrigation and the Packinghouse Manager,EV-IR-4,Satisfied,Evidence supports the statement for the sampled IT incidents and the escalation test,,
IR-4,IR-04a.[02],the incident handling capability for incidents includes preparation;,Examine; Interview; Test,Incident queue (10 of 22 incidents sampled); MSSP runbook; 2024 IT incident plan; test: simulated impossible-travel sign-in on 2026-08-13 (MSSP called the Security Manager in 18 minutes); interviews with the Director of Irrigation and the Packinghouse Manager,EV-IR-4,Satisfied,Evidence supports the statement for the sampled IT incidents and the escalation test,,
IR-4,IR-04a.[03],the incident handling capability for incidents includes detection and analysis;,Examine; Interview; Test,Incident queue (10 of 22 incidents sampled); MSSP runbook; 2024 IT incident plan; test: simulated impossible-travel sign-in on 2026-08-13 (MSSP called the Security Manager in 18 minutes); interviews with the Director of Irrigation and the Packinghouse Manager,EV-IR-4,Satisfied,Evidence supports the statement for the sampled IT incidents and the escalation test,,
IR-4,IR-04a.[04],the incident handling capability for incidents includes containment;,Examine; Interview; Test,Incident queue (10 of 22 incidents sampled); MSSP runbook; 2024 IT incident plan; test: simulated impossible-travel sign-in on 2026-08-13 (MSSP called the Security Manager in 18 minutes); interviews with the Director of Irrigation and the Packinghouse Manager,EV-IR-4,Other than satisfied,No containment steps exist for OT; SCADA at Farms 1 and 2 cannot be isolated without stopping irrigation,Moderate,POAM-014
IR-4,IR-04a.[05],the incident handling capability for incidents includes eradication;,Examine; Interview; Test,Incident queue (10 of 22 incidents sampled); MSSP runbook; 2024 IT incident plan; test: simulated impossible-travel sign-in on 2026-08-13 (MSSP called the Security Manager in 18 minutes); interviews with the Director of Irrigation and the Packinghouse Manager,EV-IR-4,Satisfied,Evidence supports the statement for the sampled IT incidents and the escalation test,,
IR-4,IR-04a.[06],the incident handling capability for incidents includes recovery;,Examine; Interview; Test,Incident queue (10 of 22 incidents sampled); MSSP runbook; 2024 IT incident plan; test: simulated impossible-travel sign-in on 2026-08-13 (MSSP called the Security Manager in 18 minutes); interviews with the Director of Irrigation and the Packinghouse Manager,EV-IR-4,Other than satisfied,Recovery steps do not cover OT or Grower Services,Moderate,POAM-014
IR-4,IR-04b.,incident handling activities are coordinated with contingency planning activities;,Examine; Interview; Test,Incident queue (10 of 22 incidents sampled); MSSP runbook; 2024 IT incident plan; test: simulated impossible-travel sign-in on 2026-08-13 (MSSP called the Security Manager in 18 minutes); interviews with the Director of Irrigation and the Packinghouse Manager,EV-IR-4,Other than satisfied,Incident handling is not coordinated with contingency planning or the food safety hold and recall process,Moderate,POAM-014
IR-4,IR-04c.[01],"lessons learned from ongoing incident handling activities are incorporated into incident response procedures, training, and testing;",Examine; Interview; Test,Incident queue (10 of 22 incidents sampled); MSSP runbook; 2024 IT incident plan; test: simulated impossible-travel sign-in on 2026-08-13 (MSSP called the Security Manager in 18 minutes); interviews with the Director of Irrigation and the Packinghouse Manager,EV-IR-4,Other than satisfied,Lessons learned were recorded for 3 of 10 sampled incidents,Moderate,POAM-014
IR-4,IR-04c.[02],the changes resulting from the incorporated lessons learned are implemented accordingly;,Examine; Interview; Test,Incident queue (10 of 22 incidents sampled); MSSP runbook; 2024 IT incident plan; test: simulated impossible-travel sign-in on 2026-08-13 (MSSP called the Security Manager in 18 minutes); interviews with the Director of Irrigation and the Packinghouse Manager,EV-IR-4,Satisfied,Evidence supports the statement for the sampled IT incidents and the escalation test,,
IR-4,IR-04d.[01],the rigor of incident handling activities is comparable and predictable across the organization;,Examine; Interview; Test,Incident queue (10 of 22 incidents sampled); MSSP runbook; 2024 IT incident plan; test: simulated impossible-travel sign-in on 2026-08-13 (MSSP called the Security Manager in 18 minutes); interviews with the Director of Irrigation and the Packinghouse Manager,EV-IR-4,Satisfied,Evidence supports the statement for the sampled IT incidents and the escalation test,,
IR-4,IR-04d.[02],the intensity of incident handling activities is comparable and predictable across the organization;,Examine; Interview; Test,Incident queue (10 of 22 incidents sampled); MSSP runbook; 2024 IT incident plan; test: simulated impossible-travel sign-in on 2026-08-13 (MSSP called the Security Manager in 18 minutes); interviews with the Director of Irrigation and the Packinghouse Manager,EV-IR-4,Satisfied,Evidence supports the statement for the sampled IT incidents and the escalation test,,
IR-4,IR-04d.[03],the scope of incident handling activities is comparable and predictable across the organization;,Examine; Interview; Test,Incident queue (10 of 22 incidents sampled); MSSP runbook; 2024 IT incident plan; test: simulated impossible-travel sign-in on 2026-08-13 (MSSP called the Security Manager in 18 minutes); interviews with the Director of Irrigation and the Packinghouse Manager,EV-IR-4,Other than satisfied,2 of 10 sampled incidents (a pivot modem fault and an unexplained valve schedule change at Farm 1) were handled by irrigation staff without security involvement,Moderate,POAM-014
IR-4,IR-04d.[04],the results of incident handling activities are comparable and predictable across the organization.,Examine; Interview; Test,Incident queue (10 of 22 incidents sampled); MSSP runbook; 2024 IT incident plan; test: simulated impossible-travel sign-in on 2026-08-13 (MSSP called the Security Manager in 18 minutes); interviews with the Director of Irrigation and the Packinghouse Manager,EV-IR-4,Satisfied,Evidence supports the statement for the sampled IT incidents and the escalation test,,
IR-8,IR-08a.01,an incident response plan is developed that provides the organization with a roadmap for implementing its incident response capability;,Examine; Interview,IT incident response plan (2024); P08 runbook drafts (2026-08); distribution list; Security Manager interview,EV-IR-8,Satisfied,Evidence supports the statement,,
IR-8,IR-08a.02,an incident response plan is developed that describes the structure and organization of the incident response capability;,Examine; Interview,IT incident response plan (2024); P08 runbook drafts (2026-08); distribution list; Security Manager interview,EV-IR-8,Satisfied,Evidence supports the statement,,
IR-8,IR-08a.03,an incident response plan is developed that provides a high-level approach for how the incident response capability fits into the overall organization;,Examine; Interview,IT incident response plan (2024); P08 runbook drafts (2026-08); distribution list; Security Manager interview,EV-IR-8,Other than satisfied,"The 2024 plan does not connect to crisis management, food safety, or legal",Moderate,POAM-014
IR-8,IR-08a.04,"an incident response plan is developed that meets the unique requirements of the organization with regard to mission, size, structure, and functions;",Examine; Interview,IT incident response plan (2024); P08 runbook drafts (2026-08); distribution list; Security Manager interview,EV-IR-8,Other than satisfied,"The plan does not address OT, product safety, or the H-2A and grower data the company holds",Moderate,POAM-014
IR-8,IR-08a.05,an incident response plan is developed that defines reportable incidents;,Examine; Interview,IT incident response plan (2024); P08 runbook drafts (2026-08); distribution list; Security Manager interview,EV-IR-8,Satisfied,Evidence supports the statement,,
IR-8,IR-08a.06,an incident response plan is developed that provides metrics for measuring the incident response capability within the organization;,Examine; Interview,IT incident response plan (2024); P08 runbook drafts (2026-08); distribution list; Security Manager interview,EV-IR-8,Other than satisfied,No metrics for incident response capability,Moderate,POAM-014
IR-8,IR-08a.07,an incident response plan is developed that defines the resources and management support needed to effectively maintain and mature an incident response capability;,Examine; Interview,IT incident response plan (2024); P08 runbook drafts (2026-08); distribution list; Security Manager interview,EV-IR-8,Satisfied,Evidence supports the statement,,
IR-8,IR-08a.08,an incident response plan is developed that addresses the sharing of incident information;,Examine; Interview,IT incident response plan (2024); P08 runbook drafts (2026-08); distribution list; Security Manager interview,EV-IR-8,Other than satisfied,"No provisions for sharing incident information with retail customers, growers, or law enforcement",Moderate,POAM-014
IR-8,IR-08a.09,an incident response plan is developed that is reviewed and approved by [organization-defined value] [organization-defined value];,Examine; Interview,IT incident response plan (2024); P08 runbook drafts (2026-08); distribution list; Security Manager interview,EV-IR-8,Satisfied,Evidence supports the statement,,
IR-8,IR-08a.10,an incident response plan is developed that explicitly designates responsibility for incident response to [organization-defined value].,Examine; Interview,IT incident response plan (2024); P08 runbook drafts (2026-08); distribution list; Security Manager interview,EV-IR-8,Satisfied,Evidence supports the statement,,
IR-8,IR-08b.[01],copies of the incident response plan are distributed to [organization-defined value];,Examine; Interview,IT incident response plan (2024); P08 runbook drafts (2026-08); distribution list; Security Manager interview,EV-IR-8,Satisfied,Evidence supports the statement,,
IR-8,IR-08b.[02],copies of the incident response plan are distributed to [organization-defined value];,Examine; Interview,IT incident response plan (2024); P08 runbook drafts (2026-08); distribution list; Security Manager interview,EV-IR-8,Other than satisfied,"The plan is not distributed to Farm Managers, the Packinghouse Manager, or the Director of Food Safety and Quality",Moderate,POAM-014
IR-8,IR-08c.,"the incident response plan is updated to address system and organizational changes or problems encountered during plan implementation, execution, or testing;",Examine; Interview,IT incident response plan (2024); P08 runbook drafts (2026-08); distribution list; Security Manager interview,EV-IR-8,Other than satisfied,Not updated since 2024 despite the 2025 IT/OT firewalls and the Grower Services portal,Moderate,POAM-014
IR-8,IR-08d.[01],incident response plan changes are communicated to [organization-defined value];,Examine; Interview,IT incident response plan (2024); P08 runbook drafts (2026-08); distribution list; Security Manager interview,EV-IR-8,Satisfied,Evidence supports the statement,,
IR-8,IR-08d.[02],incident response plan changes are communicated to [organization-defined value];,Examine; Interview,IT incident response plan (2024); P08 runbook drafts (2026-08); distribution list; Security Manager interview,EV-IR-8,Other than satisfied,Changes are not communicated to operational units,Moderate,POAM-014
IR-8,IR-08e.[01],the incident response plan is protected from unauthorized disclosure;,Examine; Interview,IT incident response plan (2024); P08 runbook drafts (2026-08); distribution list; Security Manager interview,EV-IR-8,Satisfied,Evidence supports the statement,,
IR-8,IR-08e.[02],the incident response plan is protected from unauthorized modification.,Examine; Interview,IT incident response plan (2024); P08 runbook drafts (2026-08); distribution list; Security Manager interview,EV-IR-8,Satisfied,Evidence supports the statement,,
MA-4,MA-04a.[01],nonlocal maintenance and diagnostic activities are approved;,Examine; Interview; Test,Remote access tool logs on the SCADA servers; pivot manufacturer support access; refrigeration contractor visit records; test: an integrator support session on 2026-08-12 was started without approval and generated no alert,EV-MA-4,Other than satisfied,Integrator and pivot manufacturer remote sessions are not approved per session,High,POAM-003
MA-4,MA-04a.[02],nonlocal maintenance and diagnostic activities are monitored;,Examine; Interview; Test,Remote access tool logs on the SCADA servers; pivot manufacturer support access; refrigeration contractor visit records; test: an integrator support session on 2026-08-12 was started without approval and generated no alert,EV-MA-4,Other than satisfied,Remote maintenance sessions are not monitored or recorded,High,POAM-003
MA-4,MA-04b.[01],the use of nonlocal maintenance and diagnostic tools are allowed only as consistent with organizational policy;,Examine; Interview; Test,Remote access tool logs on the SCADA servers; pivot manufacturer support access; refrigeration contractor visit records; test: an integrator support session on 2026-08-12 was started without approval and generated no alert,EV-MA-4,Other than satisfied,A vendor-installed remote access tool with a shared account is not consistent with policy,High,POAM-003
MA-4,MA-04b.[02],the use of nonlocal maintenance and diagnostic tools are documented in the security plan for the system;,Examine; Interview; Test,Remote access tool logs on the SCADA servers; pivot manufacturer support access; refrigeration contractor visit records; test: an integrator support session on 2026-08-12 was started without approval and generated no alert,EV-MA-4,Satisfied,The remote maintenance tools are now documented in the SSP (P02 section 8),,
MA-4,MA-04c.,strong authentication is employed in the establishment of nonlocal maintenance and diagnostic sessions;,Examine; Interview; Test,Remote access tool logs on the SCADA servers; pivot manufacturer support access; refrigeration contractor visit records; test: an integrator support session on 2026-08-12 was started without approval and generated no alert,EV-MA-4,Other than satisfied,No MFA for integrator sessions,High,POAM-003
MA-4,MA-04d.,records for nonlocal maintenance and diagnostic activities are maintained;,Examine; Interview; Test,Remote access tool logs on the SCADA servers; pivot manufacturer support access; refrigeration contractor visit records; test: an integrator support session on 2026-08-12 was started without approval and generated no alert,EV-MA-4,Other than satisfied,No records of nonlocal maintenance are kept,High,POAM-003
MA-4,MA-04e.[01],session connections are terminated when nonlocal maintenance is completed;,Examine; Interview; Test,Remote access tool logs on the SCADA servers; pivot manufacturer support access; refrigeration contractor visit records; test: an integrator support session on 2026-08-12 was started without approval and generated no alert,EV-MA-4,Other than satisfied,Sessions are not terminated after maintenance; the tool stays connected,High,POAM-003
MA-4,MA-04e.[02],network connections are terminated when nonlocal maintenance is completed.,Examine; Interview; Test,Remote access tool logs on the SCADA servers; pivot manufacturer support access; refrigeration contractor visit records; test: an integrator support session on 2026-08-12 was started without approval and generated no alert,EV-MA-4,Other than satisfied,Network connections stay open after maintenance (always-on),High,POAM-003
PE-3,PE-03a.01,physical access authorizations are enforced at [organization-defined value] by verifying individual access authorizations before granting access to the facility;,Examine; Interview; Test,"Badge system reports; key issue list; walkthrough of 12 of 54 pump stations, 3 fertigation skids, the IOC, and the packinghouse control room (2026-08-12)",EV-PE-3,Satisfied,Evidence supports the statement,,
PE-3,PE-03a.02,physical access authorizations are enforced at [organization-defined value] by controlling ingress and egress to the facility using [organization-defined value];,Examine; Interview; Test,"Badge system reports; key issue list; walkthrough of 12 of 54 pump stations, 3 fertigation skids, the IOC, and the packinghouse control room (2026-08-12)",EV-PE-3,Other than satisfied,8 of 12 sampled pump stations had unlocked control panels; 2 had unlocked station doors,Moderate,POAM-015
PE-3,PE-03b.,physical access audit logs are maintained for [organization-defined value];,Examine; Interview; Test,"Badge system reports; key issue list; walkthrough of 12 of 54 pump stations, 3 fertigation skids, the IOC, and the packinghouse control room (2026-08-12)",EV-PE-3,Satisfied,Evidence supports the statement,,
PE-3,PE-03c.,access to areas within the facility designated as publicly accessible are maintained by implementing [organization-defined value];,Examine; Interview; Test,"Badge system reports; key issue list; walkthrough of 12 of 54 pump stations, 3 fertigation skids, the IOC, and the packinghouse control room (2026-08-12)",EV-PE-3,Satisfied,Evidence supports the statement,,
PE-3,PE-03d.[01],visitors are escorted;,Examine; Interview; Test,"Badge system reports; key issue list; walkthrough of 12 of 54 pump stations, 3 fertigation skids, the IOC, and the packinghouse control room (2026-08-12)",EV-PE-3,Satisfied,Evidence supports the statement,,
PE-3,PE-03d.[02],visitor activity is controlled [organization-defined value];,Examine; Interview; Test,"Badge system reports; key issue list; walkthrough of 12 of 54 pump stations, 3 fertigation skids, the IOC, and the packinghouse control room (2026-08-12)",EV-PE-3,Satisfied,Evidence supports the statement,,
PE-3,PE-03e.[01],keys are secured;,Examine; Interview; Test,"Badge system reports; key issue list; walkthrough of 12 of 54 pump stations, 3 fertigation skids, the IOC, and the packinghouse control room (2026-08-12)",EV-PE-3,Other than satisfied,Pump stations and fertigation skids share one common key; 31 copies were issued and 6 cannot be accounted for,Moderate,POAM-015
PE-3,PE-03e.[02],combinations are secured;,Examine; Interview; Test,"Badge system reports; key issue list; walkthrough of 12 of 54 pump stations, 3 fertigation skids, the IOC, and the packinghouse control room (2026-08-12)",EV-PE-3,Satisfied,Evidence supports the statement,,
PE-3,PE-03e.[03],other physical access devices are secured;,Examine; Interview; Test,"Badge system reports; key issue list; walkthrough of 12 of 54 pump stations, 3 fertigation skids, the IOC, and the packinghouse control room (2026-08-12)",EV-PE-3,Satisfied,Evidence supports the statement,,
PE-3,PE-03f.,[organization-defined value] are inventoried [organization-defined value];,Examine; Interview; Test,"Badge system reports; key issue list; walkthrough of 12 of 54 pump stations, 3 fertigation skids, the IOC, and the packinghouse control room (2026-08-12)",EV-PE-3,Other than satisfied,Keys are not inventoried,Moderate,POAM-015
PE-3,PE-03g.[01],"combinations are changed [organization-defined value] , when combinations are compromised, or when individuals possessing the combinations are transferred or terminated;",Examine; Interview; Test,"Badge system reports; key issue list; walkthrough of 12 of 54 pump stations, 3 fertigation skids, the IOC, and the packinghouse control room (2026-08-12)",EV-PE-3,Satisfied,Evidence supports the statement,,
PE-3,PE-03g.[02],"keys are changed [organization-defined value] , when keys are lost, or when individuals possessing the keys are transferred or terminated.",Examine; Interview; Test,"Badge system reports; key issue list; walkthrough of 12 of 54 pump stations, 3 fertigation skids, the IOC, and the packinghouse control room (2026-08-12)",EV-PE-3,Other than satisfied,"The common key has never been changed, including after the 2 Irrigation Technician departures in 2025",Moderate,POAM-015
PS-4,PS-04a.,"upon termination of individual employment, system access is disabled within [organization-defined value];",Examine; Interview; Test,Termination sample 25 of 214 (2025-07-01 to 2026-06-30); termination checklist; key issue list; badge system,EV-PS-4,Other than satisfied,"Identity provider access was disabled the same day for 25 of 25, but SYS-01 mobile accounts stayed active more than 30 days for 9 of 25",Moderate,POAM-001
PS-4,PS-04b.,"upon termination of individual employment, any authenticators and credentials are terminated or revoked;",Examine; Interview; Test,Termination sample 25 of 214 (2025-07-01 to 2026-06-30); termination checklist; key issue list; badge system,EV-PS-4,Other than satisfied,Badges for 3 of 25 and SCADA credentials for the 2 technician leavers were not revoked,Moderate,POAM-001
PS-4,PS-04c.,"upon termination of individual employment, exit interviews that include a discussion of [organization-defined value] are conducted;",Examine; Interview; Test,Termination sample 25 of 214 (2025-07-01 to 2026-06-30); termination checklist; key issue list; badge system,EV-PS-4,Satisfied,Evidence supports the statement,,
PS-4,PS-04d.,"upon termination of individual employment, all security-related organizational system-related property is retrieved;",Examine; Interview; Test,Termination sample 25 of 214 (2025-07-01 to 2026-06-30); termination checklist; key issue list; badge system,EV-PS-4,Other than satisfied,Pump-station keys were not returned by 4 of 25 leavers who held one,Moderate,POAM-001
PS-4,PS-04e.,"upon termination of individual employment, access to organizational information and systems formerly controlled by the terminated individual are retained.",Examine; Interview; Test,Termination sample 25 of 214 (2025-07-01 to 2026-06-30); termination checklist; key issue list; badge system,EV-PS-4,Satisfied,Evidence supports the statement,,
RA-3,RA-03a.01,a risk assessment is conducted to identify threats to and vulnerabilities in the system;,Examine; Interview,"Risk register and report (P01, 50 risks); BIA (P05); 2025 risk assessment; vCISO and Security Manager interviews",EV-RA-3,Satisfied,"Evidence supports the statement; the 2026 assessment follows SP 800-30 Rev. 1 and covers OT, Grower Services, and AI",,
RA-3,RA-03a.02,"a risk assessment is conducted to determine the likelihood and magnitude of harm from unauthorized access, use, disclosure, disruption, modification, or destruction of the system; the information it processes, stores, or transmits; and any related information;",Examine; Interview,"Risk register and report (P01, 50 risks); BIA (P05); 2025 risk assessment; vCISO and Security Manager interviews",EV-RA-3,Satisfied,"Evidence supports the statement; the 2026 assessment follows SP 800-30 Rev. 1 and covers OT, Grower Services, and AI",,
RA-3,RA-03a.03,a risk assessment is conducted to determine the likelihood and impact of adverse effects on individuals arising from the processing of personally identifiable information;,Examine; Interview,"Risk register and report (P01, 50 risks); BIA (P05); 2025 risk assessment; vCISO and Security Manager interviews",EV-RA-3,Satisfied,"Evidence supports the statement; the 2026 assessment follows SP 800-30 Rev. 1 and covers OT, Grower Services, and AI",,
RA-3,RA-03b.,risk assessment results and risk management decisions from the organization and mission or business process perspectives are integrated with system-level risk assessments;,Examine; Interview,"Risk register and report (P01, 50 risks); BIA (P05); 2025 risk assessment; vCISO and Security Manager interviews",EV-RA-3,Satisfied,"Evidence supports the statement; the 2026 assessment follows SP 800-30 Rev. 1 and covers OT, Grower Services, and AI",,
RA-3,RA-03c.,risk assessment results are documented in [organization-defined value];,Examine; Interview,"Risk register and report (P01, 50 risks); BIA (P05); 2025 risk assessment; vCISO and Security Manager interviews",EV-RA-3,Satisfied,"Evidence supports the statement; the 2026 assessment follows SP 800-30 Rev. 1 and covers OT, Grower Services, and AI",,
RA-3,RA-03d.,risk assessment results are reviewed [organization-defined value];,Examine; Interview,"Risk register and report (P01, 50 risks); BIA (P05); 2025 risk assessment; vCISO and Security Manager interviews",EV-RA-3,Satisfied,"Evidence supports the statement; the 2026 assessment follows SP 800-30 Rev. 1 and covers OT, Grower Services, and AI",,
RA-3,RA-03e.,risk assessment results are disseminated to [organization-defined value];,Examine; Interview,"Risk register and report (P01, 50 risks); BIA (P05); 2025 risk assessment; vCISO and Security Manager interviews",EV-RA-3,Satisfied,"Evidence supports the statement; the 2026 assessment follows SP 800-30 Rev. 1 and covers OT, Grower Services, and AI",,
RA-3,RA-03f.,"the risk assessment is updated [organization-defined value] or when there are significant changes to the system, its environment of operation, or other conditions that may impact the security or privacy state of the system.",Examine; Interview,"Risk register and report (P01, 50 risks); BIA (P05); 2025 risk assessment; vCISO and Security Manager interviews",EV-RA-3,Satisfied,"Evidence supports the statement; the 2026 assessment follows SP 800-30 Rev. 1 and covers OT, Grower Services, and AI",,
RA-5,RA-05a.[01],systems and hosted applications are monitored for vulnerabilities [organization-defined value] and when new vulnerabilities potentially affecting the system are identified and reported;,Examine; Test,Scan reports Q1-Q2 2026; 50 critical findings tracked to closure; penetration test report 2025-11; OT vulnerability records (none),EV-RA-5,Other than satisfied,"OT components are not monitored for vulnerabilities, and ICS advisories are not matched to OT assets",Moderate,POAM-019
RA-5,RA-05a.[02],systems and hosted applications are scanned for vulnerabilities [organization-defined value] and when new vulnerabilities potentially affecting the system are identified and reported;,Examine; Test,Scan reports Q1-Q2 2026; 50 critical findings tracked to closure; penetration test report 2025-11; OT vulnerability records (none),EV-RA-5,Other than satisfied,OT is not scanned or passively assessed,Moderate,POAM-019
RA-5,RA-05b.01,"vulnerability monitoring tools and techniques are employed to automate parts of the vulnerability management process by using standards for enumerating platforms, software flaws, and improper configurations;",Examine; Test,Scan reports Q1-Q2 2026; 50 critical findings tracked to closure; penetration test report 2025-11; OT vulnerability records (none),EV-RA-5,Satisfied,Evidence supports the statement for IT systems,,
RA-5,RA-05b.02,vulnerability monitoring tools and techniques are employed to facilitate interoperability among tools and to automate parts of the vulnerability management process by using standards for formatting checklists and test procedures;,Examine; Test,Scan reports Q1-Q2 2026; 50 critical findings tracked to closure; penetration test report 2025-11; OT vulnerability records (none),EV-RA-5,Satisfied,Evidence supports the statement for IT systems,,
RA-5,RA-05b.03,vulnerability monitoring tools and techniques are employed to facilitate interoperability among tools and to automate parts of the vulnerability management process by using standards for measuring vulnerability impact;,Examine; Test,Scan reports Q1-Q2 2026; 50 critical findings tracked to closure; penetration test report 2025-11; OT vulnerability records (none),EV-RA-5,Satisfied,Evidence supports the statement for IT systems,,
RA-5,RA-05c.,vulnerability scan reports and results from vulnerability monitoring are analyzed;,Examine; Test,Scan reports Q1-Q2 2026; 50 critical findings tracked to closure; penetration test report 2025-11; OT vulnerability records (none),EV-RA-5,Satisfied,Evidence supports the statement for IT systems,,
RA-5,RA-05d.,legitimate vulnerabilities are remediated [organization-defined value] in accordance with an organizational assessment of risk;,Examine; Test,Scan reports Q1-Q2 2026; 50 critical findings tracked to closure; penetration test report 2025-11; OT vulnerability records (none),EV-RA-5,Other than satisfied,14 of 50 critical findings missed the 30-day target; an internet-facing VPN appliance critical took 41 days,Moderate,POAM-019
RA-5,RA-05e.,information obtained from the vulnerability monitoring process and control assessments is shared with [organization-defined value] to help eliminate similar vulnerabilities in other systems;,Examine; Test,Scan reports Q1-Q2 2026; 50 critical findings tracked to closure; penetration test report 2025-11; OT vulnerability records (none),EV-RA-5,Satisfied,Evidence supports the statement for IT systems,,
RA-5,RA-05f.,vulnerability monitoring tools that include the capability to readily update the vulnerabilities to be scanned are employed.,Examine; Test,Scan reports Q1-Q2 2026; 50 critical findings tracked to closure; penetration test report 2025-11; OT vulnerability records (none),EV-RA-5,Satisfied,Evidence supports the statement for IT systems,,
SA-9,SA-09a.[01],providers of external system services comply with organizational security requirements;,Examine; Interview,"Vendor files for 20 of 110 vendors; SOC 2 reports for 4 Tier 1 vendors; contracts for the SCADA integrator, pivot manufacturer, refrigeration contractor, development firm, and agronomy analytics vendor",EV-SA-9,Other than satisfied,No security requirements are set for the 4 OT and code vendors; 13 of 20 sampled contracts have no security terms,Moderate,POAM-016
SA-9,SA-09a.[02],providers of external system services comply with organizational privacy requirements;,Examine; Interview,"Vendor files for 20 of 110 vendors; SOC 2 reports for 4 Tier 1 vendors; contracts for the SCADA integrator, pivot manufacturer, refrigeration contractor, development firm, and agronomy analytics vendor",EV-SA-9,Other than satisfied,The agronomy analytics vendor's terms allow secondary use of company and grower data,Moderate,POAM-016
SA-9,SA-09a.[03],providers of external system services employ [organization-defined value];,Examine; Interview,"Vendor files for 20 of 110 vendors; SOC 2 reports for 4 Tier 1 vendors; contracts for the SCADA integrator, pivot manufacturer, refrigeration contractor, development firm, and agronomy analytics vendor",EV-SA-9,Other than satisfied,"Required controls (MFA, logging, breach notice) are not specified for vendors",Moderate,POAM-016
SA-9,SA-09b.[01],organizational oversight with regard to external system services are defined and documented;,Examine; Interview,"Vendor files for 20 of 110 vendors; SOC 2 reports for 4 Tier 1 vendors; contracts for the SCADA integrator, pivot manufacturer, refrigeration contractor, development firm, and agronomy analytics vendor",EV-SA-9,Satisfied,The 2024 vendor procedure defines company oversight at onboarding,,
SA-9,SA-09b.[02],user roles and responsibilities with regard to external system services are defined and documented;,Examine; Interview,"Vendor files for 20 of 110 vendors; SOC 2 reports for 4 Tier 1 vendors; contracts for the SCADA integrator, pivot manufacturer, refrigeration contractor, development firm, and agronomy analytics vendor",EV-SA-9,Other than satisfied,User roles and responsibilities are undefined for vendor accounts in SCADA and the pivot cloud,Moderate,POAM-016
SA-9,SA-09c.,[organization-defined value] are employed to monitor control compliance by external service providers on an ongoing basis.,Examine; Interview,"Vendor files for 20 of 110 vendors; SOC 2 reports for 4 Tier 1 vendors; contracts for the SCADA integrator, pivot manufacturer, refrigeration contractor, development firm, and agronomy analytics vendor",EV-SA-9,Other than satisfied,Compliance is checked only at onboarding; 10 of 14 Tier 1 vendors have never been reassessed,Moderate,POAM-016
SA-11,SA-11a.[01],"the developer of the system, system component, or system service is required at all post-design stages of the system development life cycle to develop a plan for ongoing security assessments;",Examine; Interview,Development contract; pipeline definition; unit test reports; penetration test report 2025-11 and retest 2026-01; development firm interview,EV-SA-11,Other than satisfied,The firm is not required to develop a security assessment plan,Moderate,POAM-017
SA-11,SA-11a.[02],"the developer of the system, system component, or system service is required at all post-design stages of the system development life cycle to implement a plan for ongoing security assessments;",Examine; Interview,Development contract; pipeline definition; unit test reports; penetration test report 2025-11 and retest 2026-01; development firm interview,EV-SA-11,Other than satisfied,No security assessment plan is implemented,Moderate,POAM-017
SA-11,SA-11a.[03],"the developer of the system, system component, or system service is required at all post-design stages of the system development life cycle to develop a plan for privacy assessments;",Examine; Interview,Development contract; pipeline definition; unit test reports; penetration test report 2025-11 and retest 2026-01; development firm interview,EV-SA-11,Other than satisfied,No privacy assessment plan is required for grower data,Moderate,POAM-017
SA-11,SA-11a.[04],"the developer of the system, system component, or system service is required at all post-design stages of the system development life cycle to implement a plan for ongoing privacy assessments;",Examine; Interview,Development contract; pipeline definition; unit test reports; penetration test report 2025-11 and retest 2026-01; development firm interview,EV-SA-11,Other than satisfied,No privacy assessment plan is implemented,Moderate,POAM-017
SA-11,SA-11b.,"the developer of the system, system component, or system service is required at all post-design stages of the system development life cycle to perform [organization-defined value] testing/evaluation [organization-defined value] at [organization-defined value];",Examine; Interview,Development contract; pipeline definition; unit test reports; penetration test report 2025-11 and retest 2026-01; development firm interview,EV-SA-11,Other than satisfied,"Testing is limited to unit tests; no static analysis, dependency scanning, or settlement regression tests",Moderate,POAM-017
SA-11,SA-11c.[01],"the developer of the system, system component, or system service is required at all post-design stages of the system development life cycle to produce evidence of the execution of the assessment plan;",Examine; Interview,Development contract; pipeline definition; unit test reports; penetration test report 2025-11 and retest 2026-01; development firm interview,EV-SA-11,Other than satisfied,No evidence that a security assessment plan was executed,Moderate,POAM-017
SA-11,SA-11c.[02],"the developer of the system, system component, or system service is required at all post-design stages of the system development life cycle to produce the results of the testing and evaluation;",Examine; Interview,Development contract; pipeline definition; unit test reports; penetration test report 2025-11 and retest 2026-01; development firm interview,EV-SA-11,Satisfied,Evidence supports the statement,,
SA-11,SA-11d.,"the developer of the system, system component, or system service is required at all post-design stages of the system development life cycle to implement a verifiable flaw remediation process;",Examine; Interview,Development contract; pipeline definition; unit test reports; penetration test report 2025-11 and retest 2026-01; development firm interview,EV-SA-11,Satisfied,Evidence supports the statement,,
SA-11,SA-11e.,"the developer of the system, system component, or system service is required at all post-design stages of the system development life cycle to correct flaws identified during testing and evaluation.",Examine; Interview,Development contract; pipeline definition; unit test reports; penetration test report 2025-11 and retest 2026-01; development firm interview,EV-SA-11,Satisfied,Evidence supports the statement,,
SC-7,SC-07a.[01],communications at external managed interfaces to the system are monitored;,Examine; Interview; Test,"Firewall rule exports (headquarters, packinghouse, cloud hub) 2026-07-20; reachability test from the packinghouse office VLAN to the controller VLAN (2026-08-12); passive capture at the Farm 1 office; pivot modem connectivity",EV-SC-7,Satisfied,Evidence supports the statement,,
SC-7,SC-07a.[02],communications at external managed interfaces to the system are controlled;,Examine; Interview; Test,"Firewall rule exports (headquarters, packinghouse, cloud hub) 2026-07-20; reachability test from the packinghouse office VLAN to the controller VLAN (2026-08-12); passive capture at the Farm 1 office; pivot modem connectivity",EV-SC-7,Satisfied,Evidence supports the statement,,
SC-7,SC-07a.[03],communications at key internal managed interfaces within the system are monitored;,Examine; Interview; Test,"Firewall rule exports (headquarters, packinghouse, cloud hub) 2026-07-20; reachability test from the packinghouse office VLAN to the controller VLAN (2026-08-12); passive capture at the Farm 1 office; pivot modem connectivity",EV-SC-7,Other than satisfied,Traffic between office and OT networks at Farms 1 and 2 is not monitored,High,POAM-018
SC-7,SC-07a.[04],communications at key internal managed interfaces within the system are controlled;,Examine; Interview; Test,"Firewall rule exports (headquarters, packinghouse, cloud hub) 2026-07-20; reachability test from the packinghouse office VLAN to the controller VLAN (2026-08-12); passive capture at the Farm 1 office; pivot modem connectivity",EV-SC-7,Other than satisfied,Farm 1 and Farm 2 pump-station and fertigation networks are flat with the farm office networks; a packinghouse rule allows any office host to reach the refrigeration and ripening controllers (reachability test succeeded),High,POAM-018
SC-7,SC-07b.,subnetworks for publicly accessible system components are [organization-defined value] separated from internal organizational networks;,Examine; Interview; Test,"Firewall rule exports (headquarters, packinghouse, cloud hub) 2026-07-20; reachability test from the packinghouse office VLAN to the controller VLAN (2026-08-12); passive capture at the Farm 1 office; pivot modem connectivity",EV-SC-7,Satisfied,Evidence supports the statement,,
SC-7,SC-07c.,external networks or systems are only connected to through managed interfaces consisting of boundary protection devices arranged in accordance with an organizational security and privacy architecture.,Examine; Interview; Test,"Firewall rule exports (headquarters, packinghouse, cloud hub) 2026-07-20; reachability test from the packinghouse office VLAN to the controller VLAN (2026-08-12); passive capture at the Farm 1 office; pivot modem connectivity",EV-SC-7,Other than satisfied,Pivot cellular modems and the integrator's remote tool connect to external networks without passing a company boundary device,High,POAM-018
SI-2,SI-02a.[01],system flaws are identified;,Examine; Test,Patch compliance report Q2 2026 (82% on time); SCADA and HMI patch history; PLC and pivot modem firmware versions (10 sampled),EV-SI-2,Satisfied,Evidence supports the statement,,
SI-2,SI-02a.[02],system flaws are reported;,Examine; Test,Patch compliance report Q2 2026 (82% on time); SCADA and HMI patch history; PLC and pivot modem firmware versions (10 sampled),EV-SI-2,Satisfied,Evidence supports the statement,,
SI-2,SI-02a.[03],system flaws are corrected;,Examine; Test,Patch compliance report Q2 2026 (82% on time); SCADA and HMI patch history; PLC and pivot modem firmware versions (10 sampled),EV-SI-2,Other than satisfied,SCADA servers and HMIs were last patched in 2025-03; 2 HMIs run an unsupported operating system,Moderate,POAM-019
SI-2,SI-02b.[01],software updates related to flaw remediation are tested for effectiveness before installation;,Examine; Test,Patch compliance report Q2 2026 (82% on time); SCADA and HMI patch history; PLC and pivot modem firmware versions (10 sampled),EV-SI-2,Satisfied,Evidence supports the statement,,
SI-2,SI-02b.[02],software updates related to flaw remediation are tested for potential side effects before installation;,Examine; Test,Patch compliance report Q2 2026 (82% on time); SCADA and HMI patch history; PLC and pivot modem firmware versions (10 sampled),EV-SI-2,Satisfied,Evidence supports the statement,,
SI-2,SI-02b.[03],firmware updates related to flaw remediation are tested for effectiveness before installation;,Examine; Test,Patch compliance report Q2 2026 (82% on time); SCADA and HMI patch history; PLC and pivot modem firmware versions (10 sampled),EV-SI-2,Satisfied,Evidence supports the statement,,
SI-2,SI-02b.[04],firmware updates related to flaw remediation are tested for potential side effects before installation;,Examine; Test,Patch compliance report Q2 2026 (82% on time); SCADA and HMI patch history; PLC and pivot modem firmware versions (10 sampled),EV-SI-2,Satisfied,Evidence supports the statement,,
SI-2,SI-02c.[01],security-relevant software updates are installed within [organization-defined value] of the release of the updates;,Examine; Test,Patch compliance report Q2 2026 (82% on time); SCADA and HMI patch history; PLC and pivot modem firmware versions (10 sampled),EV-SI-2,Other than satisfied,18% of IT patches missed the 30-day target in Q2 2026; SCADA patches are 17 months behind,Moderate,POAM-019
SI-2,SI-02c.[02],security-relevant firmware updates are installed within [organization-defined value] of the release of the updates;,Examine; Test,Patch compliance report Q2 2026 (82% on time); SCADA and HMI patch history; PLC and pivot modem firmware versions (10 sampled),EV-SI-2,Other than satisfied,PLC firmware has never been updated; 8 of 10 sampled pivot modems are 2 or more firmware versions behind,Moderate,POAM-019
SI-2,SI-02d.,flaw remediation is incorporated into the organizational configuration management process.,Examine; Test,Patch compliance report Q2 2026 (82% on time); SCADA and HMI patch history; PLC and pivot modem firmware versions (10 sampled),EV-SI-2,Satisfied,Evidence supports the statement,,
SI-3,SI-03a.[01],[organization-defined value] malicious code protection mechanisms are implemented at system entry and exit points to detect malicious code;,Examine; Test,EDR policy export; test files on 5 laptops and 2 packinghouse line PCs; SCADA antivirus console,EV-SI-3,Satisfied,Evidence supports the statement; test files on all 5 laptops were detected and quarantined within 5 minutes,,
SI-3,SI-03a.[02],[organization-defined value] malicious code protection mechanisms are implemented at system entry and exit points to eradicate malicious code;,Examine; Test,EDR policy export; test files on 5 laptops and 2 packinghouse line PCs; SCADA antivirus console,EV-SI-3,Satisfied,Evidence supports the statement; test files on all 5 laptops were detected and quarantined within 5 minutes,,
SI-3,SI-03b.,malicious code protection mechanisms are updated automatically as new releases are available in accordance with organizational configuration management policy and procedures;,Examine; Test,EDR policy export; test files on 5 laptops and 2 packinghouse line PCs; SCADA antivirus console,EV-SI-3,Other than satisfied,SCADA server antivirus signatures were 4 months old,Low,POAM-019
SI-3,SI-03c.01[01],malicious code protection mechanisms are configured to perform periodic scans of the system [organization-defined value];,Examine; Test,EDR policy export; test files on 5 laptops and 2 packinghouse line PCs; SCADA antivirus console,EV-SI-3,Satisfied,Evidence supports the statement; test files on all 5 laptops were detected and quarantined within 5 minutes,,
SI-3,SI-03c.01[02],"malicious code protection mechanisms are configured to perform real-time scans of files from external sources at [organization-defined value] as the files are downloaded, opened, or executed in accordance with organizational policy;",Examine; Test,EDR policy export; test files on 5 laptops and 2 packinghouse line PCs; SCADA antivirus console,EV-SI-3,Satisfied,Evidence supports the statement; test files on all 5 laptops were detected and quarantined within 5 minutes,,
SI-3,SI-03c.02[01],malicious code protection mechanisms are configured to [organization-defined value] in response to malicious code detection;,Examine; Test,EDR policy export; test files on 5 laptops and 2 packinghouse line PCs; SCADA antivirus console,EV-SI-3,Other than satisfied,Line PCs detected the test file but did not quarantine it (detect-only mode),Low,POAM-019
SI-3,SI-03c.02[02],malicious code protection mechanisms are configured to send alerts to [organization-defined value] in response to malicious code detection;,Examine; Test,EDR policy export; test files on 5 laptops and 2 packinghouse line PCs; SCADA antivirus console,EV-SI-3,Satisfied,Evidence supports the statement; test files on all 5 laptops were detected and quarantined within 5 minutes,,
SI-3,SI-03d.,the receipt of false positives during malicious code detection and eradication and the resulting potential impact on the availability of the system are addressed.,Examine; Test,EDR policy export; test files on 5 laptops and 2 packinghouse line PCs; SCADA antivirus console,EV-SI-3,Satisfied,Evidence supports the statement; test files on all 5 laptops were detected and quarantined within 5 minutes,,
SI-4,SI-04a.01,the system is monitored to detect attacks and indicators of potential attacks in accordance with [organization-defined value];,Examine; Interview; Test,SIEM use cases and source list; MSSP reports; test: integrator remote session on 2026-08-12 (no alert); passive capture at Farm 1,EV-SI-4,Satisfied,Evidence supports the statement for IT systems,,
SI-4,SI-04a.02[01],the system is monitored to detect unauthorized local connections;,Examine; Interview; Test,SIEM use cases and source list; MSSP reports; test: integrator remote session on 2026-08-12 (no alert); passive capture at Farm 1,EV-SI-4,Other than satisfied,"Local connections to OT (USB, laptops at pump stations) are not monitored",High,POAM-020
SI-4,SI-04a.02[02],the system is monitored to detect unauthorized network connections;,Examine; Interview; Test,SIEM use cases and source list; MSSP reports; test: integrator remote session on 2026-08-12 (no alert); passive capture at Farm 1,EV-SI-4,Other than satisfied,Unauthorized network connections in OT networks are not detected,High,POAM-020
SI-4,SI-04a.02[03],the system is monitored to detect unauthorized remote connections;,Examine; Interview; Test,SIEM use cases and source list; MSSP reports; test: integrator remote session on 2026-08-12 (no alert); passive capture at Farm 1,EV-SI-4,Other than satisfied,The integrator's remote session on 2026-08-12 generated no alert,High,POAM-020
SI-4,SI-04b.,unauthorized use of the system is identified through [organization-defined value];,Examine; Interview; Test,SIEM use cases and source list; MSSP reports; test: integrator remote session on 2026-08-12 (no alert); passive capture at Farm 1,EV-SI-4,Satisfied,Evidence supports the statement for IT systems,,
SI-4,SI-04c.01,internal monitoring capabilities are invoked or monitoring devices are deployed strategically within the system to collect organization-determined essential information;,Examine; Interview; Test,SIEM use cases and source list; MSSP reports; test: integrator remote session on 2026-08-12 (no alert); passive capture at Farm 1,EV-SI-4,Other than satisfied,No monitoring sensors are deployed in OT networks,High,POAM-020
SI-4,SI-04c.02,internal monitoring capabilities are invoked or monitoring devices are deployed at ad hoc locations within the system to track specific types of transactions of interest to the organization;,Examine; Interview; Test,SIEM use cases and source list; MSSP reports; test: integrator remote session on 2026-08-12 (no alert); passive capture at Farm 1,EV-SI-4,Satisfied,Evidence supports the statement for IT systems,,
SI-4,SI-04d.[01],detected events are analyzed;,Examine; Interview; Test,SIEM use cases and source list; MSSP reports; test: integrator remote session on 2026-08-12 (no alert); passive capture at Farm 1,EV-SI-4,Satisfied,Evidence supports the statement for IT systems,,
SI-4,SI-04d.[02],detected anomalies are analyzed;,Examine; Interview; Test,SIEM use cases and source list; MSSP reports; test: integrator remote session on 2026-08-12 (no alert); passive capture at Farm 1,EV-SI-4,Satisfied,Evidence supports the statement for IT systems,,
SI-4,SI-04e.,"the level of system monitoring activity is adjusted when there is a change in risk to organizational operations and assets, individuals, other organizations, or the Nation;",Examine; Interview; Test,SIEM use cases and source list; MSSP reports; test: integrator remote session on 2026-08-12 (no alert); passive capture at Farm 1,EV-SI-4,Satisfied,Evidence supports the statement for IT systems,,
SI-4,SI-04f.,a legal opinion regarding system monitoring activities is obtained;,Examine; Interview; Test,SIEM use cases and source list; MSSP reports; test: integrator remote session on 2026-08-12 (no alert); passive capture at Farm 1,EV-SI-4,Satisfied,Evidence supports the statement for IT systems,,
SI-4,SI-04g.,[organization-defined value] is provided to [organization-defined value] [organization-defined value].,Examine; Interview; Test,SIEM use cases and source list; MSSP reports; test: integrator remote session on 2026-08-12 (no alert); passive capture at Farm 1,EV-SI-4,Satisfied,Evidence supports the statement for IT systems,,
SR-6,SR-06,"the supply chain-related risks associated with suppliers or contractors and the systems, system components, or system services they provide are assessed and reviewed [organization-defined value].",Examine; Interview,Vendor tiering list (14 Tier 1); P09 vendor SOC 2 reviews; purchasing records,EV-SR-6,Other than satisfied,"Supply chain risks were assessed in 2026 for 4 of 14 Tier 1 vendors; OT suppliers (integrator, pivot manufacturer, refrigeration contractor) have never been assessed",Moderate,POAM-016
