control_id,objective_id,determination_statement_summary,method,assessment_object,evidence_ref,finding,finding_detail,risk_level,poam_id
AC-2,AC-02a.[01],account types allowed for use within the system are defined and documented;,Examine; Interview; Test,"DCS, SIS, terminal, and gateway user exports; driver card list; POL-02; HR termination and transfer reports; samples: 25 of 96 terminations, 15 of 41 transfers, 25 of 186 DCS accounts; Controls Engineering Manager and HR Director interviews",EV-AC-2,Satisfied,Evidence supports the statement for the sampled accounts,,
AC-2,AC-02a.[02],account types specifically prohibited for use within the system are defined and documented;,Examine; Interview; Test,"DCS, SIS, terminal, and gateway user exports; driver card list; POL-02; HR termination and transfer reports; samples: 25 of 96 terminations, 15 of 41 transfers, 25 of 186 DCS accounts; Controls Engineering Manager and HR Director interviews",EV-AC-2,Satisfied,Evidence supports the statement for the sampled accounts,,
AC-2,AC-02b.,account managers are assigned;,Examine; Interview; Test,"DCS, SIS, terminal, and gateway user exports; driver card list; POL-02; HR termination and transfer reports; samples: 25 of 96 terminations, 15 of 41 transfers, 25 of 186 DCS accounts; Controls Engineering Manager and HR Director interviews",EV-AC-2,Satisfied,Evidence supports the statement for the sampled accounts,,
AC-2,AC-02c.,[organization-defined value] for group and role membership are required;,Examine; Interview; Test,"DCS, SIS, terminal, and gateway user exports; driver card list; POL-02; HR termination and transfer reports; samples: 25 of 96 terminations, 15 of 41 transfers, 25 of 186 DCS accounts; Controls Engineering Manager and HR Director interviews",EV-AC-2,Satisfied,Evidence supports the statement for the sampled accounts,,
AC-2,AC-02d.01,authorized users of the system are specified;,Examine; Interview; Test,"DCS, SIS, terminal, and gateway user exports; driver card list; POL-02; HR termination and transfer reports; samples: 25 of 96 terminations, 15 of 41 transfers, 25 of 186 DCS accounts; Controls Engineering Manager and HR Director interviews",EV-AC-2,Other than satisfied,"Operators share one account per console position at both plants, so the authorized user behind a console account cannot be identified",Moderate,POAM-002
AC-2,AC-02d.02,group and role membership are specified;,Examine; Interview; Test,"DCS, SIS, terminal, and gateway user exports; driver card list; POL-02; HR termination and transfer reports; samples: 25 of 96 terminations, 15 of 41 transfers, 25 of 186 DCS accounts; Controls Engineering Manager and HR Director interviews",EV-AC-2,Satisfied,Evidence supports the statement for the sampled accounts,,
AC-2,AC-02d.03[01],"access authorizations (i.e., privileges) are specified for each account;",Examine; Interview; Test,"DCS, SIS, terminal, and gateway user exports; driver card list; POL-02; HR termination and transfer reports; samples: 25 of 96 terminations, 15 of 41 transfers, 25 of 186 DCS accounts; Controls Engineering Manager and HR Director interviews",EV-AC-2,Satisfied,Evidence supports the statement for the sampled accounts,,
AC-2,AC-02d.03[02],[organization-defined value] are specified for each account;,Examine; Interview; Test,"DCS, SIS, terminal, and gateway user exports; driver card list; POL-02; HR termination and transfer reports; samples: 25 of 96 terminations, 15 of 41 transfers, 25 of 186 DCS accounts; Controls Engineering Manager and HR Director interviews",EV-AC-2,Satisfied,Evidence supports the statement for the sampled accounts,,
AC-2,AC-02e.,approvals are required by [organization-defined value] for requests to create accounts;,Examine; Interview; Test,"DCS, SIS, terminal, and gateway user exports; driver card list; POL-02; HR termination and transfer reports; samples: 25 of 96 terminations, 15 of 41 transfers, 25 of 186 DCS accounts; Controls Engineering Manager and HR Director interviews",EV-AC-2,Satisfied,Evidence supports the statement for the sampled accounts,,
AC-2,AC-02f.[01],accounts are created in accordance with [organization-defined value];,Examine; Interview; Test,"DCS, SIS, terminal, and gateway user exports; driver card list; POL-02; HR termination and transfer reports; samples: 25 of 96 terminations, 15 of 41 transfers, 25 of 186 DCS accounts; Controls Engineering Manager and HR Director interviews",EV-AC-2,Satisfied,Evidence supports the statement for the sampled accounts,,
AC-2,AC-02f.[02],accounts are enabled in accordance with [organization-defined value];,Examine; Interview; Test,"DCS, SIS, terminal, and gateway user exports; driver card list; POL-02; HR termination and transfer reports; samples: 25 of 96 terminations, 15 of 41 transfers, 25 of 186 DCS accounts; Controls Engineering Manager and HR Director interviews",EV-AC-2,Satisfied,Evidence supports the statement for the sampled accounts,,
AC-2,AC-02f.[03],accounts are modified in accordance with [organization-defined value];,Examine; Interview; Test,"DCS, SIS, terminal, and gateway user exports; driver card list; POL-02; HR termination and transfer reports; samples: 25 of 96 terminations, 15 of 41 transfers, 25 of 186 DCS accounts; Controls Engineering Manager and HR Director interviews",EV-AC-2,Satisfied,Evidence supports the statement for the sampled accounts,,
AC-2,AC-02f.[04],accounts are disabled in accordance with [organization-defined value];,Examine; Interview; Test,"DCS, SIS, terminal, and gateway user exports; driver card list; POL-02; HR termination and transfer reports; samples: 25 of 96 terminations, 15 of 41 transfers, 25 of 186 DCS accounts; Controls Engineering Manager and HR Director interviews",EV-AC-2,Other than satisfied,3 of 25 sampled leavers still had enabled DCS accounts 9 to 61 days after leaving; 2 loading bay driver cards of leavers were active,Moderate,POAM-002
AC-2,AC-02f.[05],accounts are removed in accordance with [organization-defined value];,Examine; Interview; Test,"DCS, SIS, terminal, and gateway user exports; driver card list; POL-02; HR termination and transfer reports; samples: 25 of 96 terminations, 15 of 41 transfers, 25 of 186 DCS accounts; Controls Engineering Manager and HR Director interviews",EV-AC-2,Other than satisfied,Same 3 DCS accounts and 2 driver cards had not been removed; removal relies on a manual checklist,Moderate,POAM-002
AC-2,AC-02g.,the use of accounts is monitored;,Examine; Interview; Test,"DCS, SIS, terminal, and gateway user exports; driver card list; POL-02; HR termination and transfer reports; samples: 25 of 96 terminations, 15 of 41 transfers, 25 of 186 DCS accounts; Controls Engineering Manager and HR Director interviews",EV-AC-2,Other than satisfied,Use of OT accounts is not monitored; DCS security events are local only,Moderate,POAM-002
AC-2,AC-02h.01,account managers and [organization-defined value] are notified within [organization-defined value] when accounts are no longer required;,Examine; Interview; Test,"DCS, SIS, terminal, and gateway user exports; driver card list; POL-02; HR termination and transfer reports; samples: 25 of 96 terminations, 15 of 41 transfers, 25 of 186 DCS accounts; Controls Engineering Manager and HR Director interviews",EV-AC-2,Satisfied,Evidence supports the statement for the sampled accounts,,
AC-2,AC-02h.02,account managers and [organization-defined value] are notified within [organization-defined value] when users are terminated or transferred;,Examine; Interview; Test,"DCS, SIS, terminal, and gateway user exports; driver card list; POL-02; HR termination and transfer reports; samples: 25 of 96 terminations, 15 of 41 transfers, 25 of 186 DCS accounts; Controls Engineering Manager and HR Director interviews",EV-AC-2,Other than satisfied,The controls team was not notified of 3 of 25 sampled terminations and of any of the 15 sampled transfers,Moderate,POAM-002
AC-2,AC-02h.03,account managers and [organization-defined value] are notified within [organization-defined value] when system usage or the need to know changes for an individual;,Examine; Interview; Test,"DCS, SIS, terminal, and gateway user exports; driver card list; POL-02; HR termination and transfer reports; samples: 25 of 96 terminations, 15 of 41 transfers, 25 of 186 DCS accounts; Controls Engineering Manager and HR Director interviews",EV-AC-2,Satisfied,Evidence supports the statement for the sampled accounts,,
AC-2,AC-02i.01,access to the system is authorized based on a valid access authorization;,Examine; Interview; Test,"DCS, SIS, terminal, and gateway user exports; driver card list; POL-02; HR termination and transfer reports; samples: 25 of 96 terminations, 15 of 41 transfers, 25 of 186 DCS accounts; Controls Engineering Manager and HR Director interviews",EV-AC-2,Satisfied,Evidence supports the statement for the sampled accounts,,
AC-2,AC-02i.02,access to the system is authorized based on intended system usage;,Examine; Interview; Test,"DCS, SIS, terminal, and gateway user exports; driver card list; POL-02; HR termination and transfer reports; samples: 25 of 96 terminations, 15 of 41 transfers, 25 of 186 DCS accounts; Controls Engineering Manager and HR Director interviews",EV-AC-2,Satisfied,Evidence supports the statement for the sampled accounts,,
AC-2,AC-02i.03,access to the system is authorized based on [organization-defined value];,Examine; Interview; Test,"DCS, SIS, terminal, and gateway user exports; driver card list; POL-02; HR termination and transfer reports; samples: 25 of 96 terminations, 15 of 41 transfers, 25 of 186 DCS accounts; Controls Engineering Manager and HR Director interviews",EV-AC-2,Satisfied,Evidence supports the statement for the sampled accounts,,
AC-2,AC-02j.,accounts are reviewed for compliance with account management requirements [organization-defined value];,Examine; Interview; Test,"DCS, SIS, terminal, and gateway user exports; driver card list; POL-02; HR termination and transfer reports; samples: 25 of 96 terminations, 15 of 41 transfers, 25 of 186 DCS accounts; Controls Engineering Manager and HR Director interviews",EV-AC-2,Other than satisfied,OT accounts and driver cards were last reviewed 2025-11 (annual); POL-02 now requires quarterly,Moderate,POAM-002
AC-2,AC-02k.[01],a process is established for changing shared or group account authenticators (if deployed) when individuals are removed from the group;,Examine; Interview; Test,"DCS, SIS, terminal, and gateway user exports; driver card list; POL-02; HR termination and transfer reports; samples: 25 of 96 terminations, 15 of 41 transfers, 25 of 186 DCS accounts; Controls Engineering Manager and HR Director interviews",EV-AC-2,Satisfied,Evidence supports the statement for the sampled accounts,,
AC-2,AC-02k.[02],a process is implemented for changing shared or group account authenticators (if deployed) when individuals are removed from the group;,Examine; Interview; Test,"DCS, SIS, terminal, and gateway user exports; driver card list; POL-02; HR termination and transfer reports; samples: 25 of 96 terminations, 15 of 41 transfers, 25 of 186 DCS accounts; Controls Engineering Manager and HR Director interviews",EV-AC-2,Other than satisfied,"Shared console passwords are changed twice a year, not when an operator leaves the crew; the process in POL-02 is new and not yet operating",Moderate,POAM-002
AC-2,AC-02l.[01],account management processes are aligned with personnel termination processes;,Examine; Interview; Test,"DCS, SIS, terminal, and gateway user exports; driver card list; POL-02; HR termination and transfer reports; samples: 25 of 96 terminations, 15 of 41 transfers, 25 of 186 DCS accounts; Controls Engineering Manager and HR Director interviews",EV-AC-2,Other than satisfied,OT account removal is not linked to the termination workflow in the HR system,Moderate,POAM-002
AC-2,AC-02l.[02],account management processes are aligned with personnel transfer processes.,Examine; Interview; Test,"DCS, SIS, terminal, and gateway user exports; driver card list; POL-02; HR termination and transfer reports; samples: 25 of 96 terminations, 15 of 41 transfers, 25 of 186 DCS accounts; Controls Engineering Manager and HR Director interviews",EV-AC-2,Other than satisfied,Transfers do not trigger a review of OT roles (15 of 15 sampled transfers),Moderate,POAM-002
AC-3,AC-03,approved authorizations for logical access to information and system resources are enforced in accordance with applicable access control policies.,Examine; Interview; Test,DCS security configuration export; SIS keyswitch and download test on the Blend Hall 1 outage; recipe author role test,EV-AC-3,Satisfied,DCS rejected a setpoint write from an operator-level account; the SIS controller rejected a download with the keyswitch in run; a non-author account could not edit a recipe (tested 2026-08-19),,
AC-6,AC-06,"the principle of least privilege is employed, allowing only authorized accesses for users (or processes acting on behalf of users) that are necessary to accomplish assigned organizational tasks.",Examine; Interview; Test,Gateway policy export; DCS role matrix; tank gauging server and dock transfer PLC role settings; console login sample 2026-08-17 to 2026-08-21,EV-AC-6,Other than satisfied,2 integrator gateway accounts had standing rights to all OT zones (narrowed 2026-09-15); the tank gauging server and dock transfer PLC have a single administrator role; 2 of 5 controls engineers used engineering accounts for routine monitoring,Moderate,POAM-003
AC-17,AC-17a.[01],usage restrictions are established and documented for each type of remote access allowed;,Examine; Interview; Test,POL-02 4.8; gateway policy and justification records; 20 of 312 gateway sessions (2026-05 to 2026-07); Shift Supervisor interviews (4),EV-AC-17,Satisfied,Gateway usage restrictions and connection requirements are documented per vendor,,
AC-17,AC-17a.[02],configuration/connection requirements are established and documented for each type of remote access allowed;,Examine; Interview; Test,POL-02 4.8; gateway policy and justification records; 20 of 312 gateway sessions (2026-05 to 2026-07); Shift Supervisor interviews (4),EV-AC-17,Satisfied,Gateway usage restrictions and connection requirements are documented per vendor,,
AC-17,AC-17a.[03],implementation guidance is established and documented for each type of remote access allowed;,Examine; Interview; Test,POL-02 4.8; gateway policy and justification records; 20 of 312 gateway sessions (2026-05 to 2026-07); Shift Supervisor interviews (4),EV-AC-17,Other than satisfied,No written procedure for how Shift Supervisors approve a session; approvals were given by phone,High,POAM-003
AC-17,AC-17b.,each type of remote access to the system is authorized prior to allowing such connections.,Examine; Interview; Test,POL-02 4.8; gateway policy and justification records; 20 of 312 gateway sessions (2026-05 to 2026-07); Shift Supervisor interviews (4),EV-AC-17,Other than satisfied,6 of 20 sampled sessions had no recorded authorization before connection,High,POAM-003
AT-2,AT-02a.01[01],"security literacy training is provided to system users (including managers, senior executives, and contractors) as part of initial training for new users;",Examine; Interview; Test,Training platform reports (2026-01-12 and 2026-08-31); contractor badge list (40 active OT contractors); course content; 15 staff interviews,EV-AT-2,Other than satisfied,Contractors with OT access receive no security literacy training before access (0 of 40),High,POAM-010
AT-2,AT-02a.01[02],"privacy literacy training is provided to system users (including managers, senior executives, and contractors) as part of initial training for new users;",Examine; Interview; Test,Training platform reports (2026-01-12 and 2026-08-31); contractor badge list (40 active OT contractors); course content; 15 staff interviews,EV-AT-2,Satisfied,Privacy content (employee data) is included in the training and agreements; no gap for this system,,
AT-2,AT-02a.01[03],"security literacy training is provided to system users (including managers, senior executives, and contractors) [organization-defined value] thereafter;",Examine; Interview; Test,Training platform reports (2026-01-12 and 2026-08-31); contractor badge list (40 active OT contractors); course content; 15 staff interviews,EV-AT-2,Other than satisfied,Annual training not complete: 371 of 430 Port employees by the 2026-01-12 USCG deadline; 412 of 430 by 2026-08-31,High,POAM-010
AT-2,AT-02a.01[04],"privacy literacy training is provided to system users (including managers, senior executives, and contractors) [organization-defined value] thereafter;",Examine; Interview; Test,Training platform reports (2026-01-12 and 2026-08-31); contractor badge list (40 active OT contractors); course content; 15 staff interviews,EV-AT-2,Satisfied,Privacy content (employee data) is included in the training and agreements; no gap for this system,,
AT-2,AT-02a.02[01],"security literacy training is provided to system users (including managers, senior executives, and contractors) when required by system changes or following [organization-defined value];",Examine; Interview; Test,Training platform reports (2026-01-12 and 2026-08-31); contractor badge list (40 active OT contractors); course content; 15 staff interviews,EV-AT-2,Satisfied,"Training content includes security and privacy literacy, phishing simulations, and the USCG topics; content updated 2025-12",,
AT-2,AT-02a.02[02],"privacy literacy training is provided to system users (including managers, senior executives, and contractors) when required by system changes or following [organization-defined value];",Examine; Interview; Test,Training platform reports (2026-01-12 and 2026-08-31); contractor badge list (40 active OT contractors); course content; 15 staff interviews,EV-AT-2,Satisfied,Privacy content (employee data) is included in the training and agreements; no gap for this system,,
AT-2,AT-02b.,[organization-defined value] are employed to increase the security and privacy awareness of system users;,Examine; Interview; Test,Training platform reports (2026-01-12 and 2026-08-31); contractor badge list (40 active OT contractors); course content; 15 staff interviews,EV-AT-2,Satisfied,Privacy content (employee data) is included in the training and agreements; no gap for this system,,
AT-2,AT-02c.[01],literacy training and awareness content is updated [organization-defined value];,Examine; Interview; Test,Training platform reports (2026-01-12 and 2026-08-31); contractor badge list (40 active OT contractors); course content; 15 staff interviews,EV-AT-2,Satisfied,"Training content includes security and privacy literacy, phishing simulations, and the USCG topics; content updated 2025-12",,
AT-2,AT-02c.[02],literacy training and awareness content is updated following [organization-defined value];,Examine; Interview; Test,Training platform reports (2026-01-12 and 2026-08-31); contractor badge list (40 active OT contractors); course content; 15 staff interviews,EV-AT-2,Satisfied,"Training content includes security and privacy literacy, phishing simulations, and the USCG topics; content updated 2025-12",,
AT-2,AT-02d.,lessons learned from internal or external security incidents or breaches are incorporated into literacy training and awareness techniques.,Examine; Interview; Test,Training platform reports (2026-01-12 and 2026-08-31); contractor badge list (40 active OT contractors); course content; 15 staff interviews,EV-AT-2,Other than satisfied,"Lessons from OT incidents (sensor events, the tank gauging finding) are not yet used in awareness content",High,POAM-010
AT-3,AT-03a.01[01],"role-based security training is provided to [organization-defined value] before authorizing access to the system, information, or performing assigned duties;",Examine; Interview; Test,Role training roster; shift supervisor crew records; vendor engineer list,EV-AT-3,Other than satisfied,Contractor key personnel (integrator and SIS vendor engineers) receive no role training before access,Moderate,POAM-010
AT-3,AT-03a.01[02],"role-based privacy training is provided to [organization-defined value] before authorizing access to the system, information, or performing assigned duties;",Examine; Interview; Test,Role training roster; shift supervisor crew records; vendor engineer list,EV-AT-3,Satisfied,Privacy content (employee data) is included in the training and agreements; no gap for this system,,
AT-3,AT-03a.01[03],role-based security training is provided to [organization-defined value] [organization-defined value] thereafter;,Examine; Interview; Test,Role training roster; shift supervisor crew records; vendor engineer list,EV-AT-3,Other than satisfied,Shift supervisors on 2 of 4 crews have not had cyber incident role training,Moderate,POAM-010
AT-3,AT-03a.01[04],role-based privacy training is provided to [organization-defined value] [organization-defined value] thereafter;,Examine; Interview; Test,Role training roster; shift supervisor crew records; vendor engineer list,EV-AT-3,Satisfied,Privacy content (employee data) is included in the training and agreements; no gap for this system,,
AT-3,AT-03a.02[01],role-based security training is provided to personnel with assigned security roles and responsibilities when required by system changes;,Examine; Interview; Test,Role training roster; shift supervisor crew records; vendor engineer list,EV-AT-3,Satisfied,"Role-based training for the CySO, alternate, and controls engineers is current",,
AT-3,AT-03a.02[02],role-based privacy training is provided to personnel with assigned security roles and responsibilities when required by system changes;,Examine; Interview; Test,Role training roster; shift supervisor crew records; vendor engineer list,EV-AT-3,Satisfied,Privacy content (employee data) is included in the training and agreements; no gap for this system,,
AT-3,AT-03b.[01],role-based training content is updated [organization-defined value];,Examine; Interview; Test,Role training roster; shift supervisor crew records; vendor engineer list,EV-AT-3,Satisfied,"Role-based training for the CySO, alternate, and controls engineers is current",,
AT-3,AT-03b.[02],role-based training content is updated following [organization-defined value];,Examine; Interview; Test,Role training roster; shift supervisor crew records; vendor engineer list,EV-AT-3,Satisfied,"Role-based training for the CySO, alternate, and controls engineers is current",,
AT-3,AT-03c.,lessons learned from internal or external security incidents or breaches are incorporated into role-based training.,Examine; Interview; Test,Role training roster; shift supervisor crew records; vendor engineer list,EV-AT-3,Other than satisfied,No lessons learned feed into role training yet,Moderate,POAM-010
AU-6,AU-06a.,system audit records are reviewed and analyzed [organization-defined value] for indications of [organization-defined value] and the potential impact of the inappropriate or unusual activity;,Examine; Interview; Test,SIEM review records; MSSP statement of work; OT sensor alert mailbox (2026-07); conduit log samples,EV-AU-6,Other than satisfied,IT/OT conduit logs reach the SIEM but are not reviewed; 14 OT sensor alerts in July 2026 were read on the next business day (3 were outside business hours for more than 60 hours),High,POAM-004
AU-6,AU-06b.,findings are reported to [organization-defined value];,Examine; Interview; Test,SIEM review records; MSSP statement of work; OT sensor alert mailbox (2026-07); conduit log samples,EV-AU-6,Other than satisfied,No reporting of OT log review results to the CySO,High,POAM-004
AU-6,AU-06c.,"the level of audit record review, analysis, and reporting within the system is adjusted when there is a change in risk based on law enforcement information, intelligence information, or other credible sources of information.",Examine; Interview; Test,SIEM review records; MSSP statement of work; OT sensor alert mailbox (2026-07); conduit log samples,EV-AU-6,Other than satisfied,Review level was not raised after the 2026-05 CISA advisory on remote access tools in chemical facilities,High,POAM-004
AU-9,AU-09a.,"audit information and audit logging tools are protected from unauthorized access, modification, and deletion;",Examine; Interview; Test,SIEM role list; DCS administrator rights; test clearing of a DCS audit trail on the training station,EV-AU-9,Other than satisfied,A DCS administrator can clear the local audit trail (demonstrated on the training station); DCS logs are not forwarded,Moderate,POAM-004
AU-9,AU-09b.,"[organization-defined value] are alerted upon detection of unauthorized access, modification, or deletion of audit information.",Examine; Interview; Test,SIEM role list; DCS administrator rights; test clearing of a DCS audit trail on the training station,EV-AU-9,Other than satisfied,No alert when a DCS audit trail is cleared,Moderate,POAM-004
CA-3,CA-03a.,the exchange of information between the system and other systems is approved and managed using [organization-defined value];,Examine; Interview,2023 OT DMZ design record; ERP order relay record; data platform feed; vendor service agreements,EV-CA-3,Satisfied,The ERP order relay and historian replica exchanges are documented with interface characteristics and controls,,
CA-3,CA-03b.[01],the interface characteristics are documented as part of each exchange agreement;,Examine; Interview,2023 OT DMZ design record; ERP order relay record; data platform feed; vendor service agreements,EV-CA-3,Satisfied,The ERP order relay and historian replica exchanges are documented with interface characteristics and controls,,
CA-3,CA-03b.[02],security requirements are documented as part of each exchange agreement;,Examine; Interview,2023 OT DMZ design record; ERP order relay record; data platform feed; vendor service agreements,EV-CA-3,Satisfied,The ERP order relay and historian replica exchanges are documented with interface characteristics and controls,,
CA-3,CA-03b.[03],privacy requirements are documented as part of each exchange agreement;,Examine; Interview,2023 OT DMZ design record; ERP order relay record; data platform feed; vendor service agreements,EV-CA-3,Satisfied,Privacy content (employee data) is included in the training and agreements; no gap for this system,,
CA-3,CA-03b.[04],controls are documented as part of each exchange agreement;,Examine; Interview,2023 OT DMZ design record; ERP order relay record; data platform feed; vendor service agreements,EV-CA-3,Satisfied,The ERP order relay and historian replica exchanges are documented with interface characteristics and controls,,
CA-3,CA-03b.[05],responsibilities for each system are documented as part of each exchange agreement;,Examine; Interview,2023 OT DMZ design record; ERP order relay record; data platform feed; vendor service agreements,EV-CA-3,Other than satisfied,Responsibilities are not documented for the cloud data platform feed and the three vendor gateway connections,Low,POAM-013
CA-3,CA-03b.[06],the impact level of the information communicated is documented as part of each exchange agreement;,Examine; Interview,2023 OT DMZ design record; ERP order relay record; data platform feed; vendor service agreements,EV-CA-3,Other than satisfied,Impact level of the information exchanged is not recorded for any exchange,Low,POAM-013
CA-3,CA-03c.,agreements are reviewed and updated [organization-defined value].,Examine; Interview,2023 OT DMZ design record; ERP order relay record; data platform feed; vendor service agreements,EV-CA-3,Other than satisfied,No review schedule for interconnection records,Low,POAM-013
CM-2,CM-02a.[01],a current baseline configuration of the system is developed and documented;,Examine; Interview; Test,"DCS baseline document 2024; terminal PLC, tank gauging, and loading bay configurations; network map 2023",EV-CM-2,Other than satisfied,"No baselines for the dock transfer PLC, the tank gauging server, the 6 loading bay controllers, or the packaging PLCs",Moderate,POAM-007
CM-2,CM-02a.[02],a current baseline configuration of the system is maintained under configuration control;,Examine; Interview; Test,"DCS baseline document 2024; terminal PLC, tank gauging, and loading bay configurations; network map 2023",EV-CM-2,Satisfied,"DCS controller, server, and station baselines are documented and kept under MOC",,
CM-2,CM-02b.01,the baseline configuration of the system is reviewed and updated [organization-defined value];,Examine; Interview; Test,"DCS baseline document 2024; terminal PLC, tank gauging, and loading bay configurations; network map 2023",EV-CM-2,Other than satisfied,Baselines have not been reviewed since 2024 (no review frequency set),Moderate,POAM-007
CM-2,CM-02b.02,the baseline configuration of the system is reviewed and updated when required due to [organization-defined value];,Examine; Interview; Test,"DCS baseline document 2024; terminal PLC, tank gauging, and loading bay configurations; network map 2023",EV-CM-2,Satisfied,"DCS controller, server, and station baselines are documented and kept under MOC",,
CM-2,CM-02b.03,the baseline configuration of the system is reviewed and updated when system components are installed or upgraded.,Examine; Interview; Test,"DCS baseline document 2024; terminal PLC, tank gauging, and loading bay configurations; network map 2023",EV-CM-2,Satisfied,"DCS controller, server, and station baselines are documented and kept under MOC",,
CM-3,CM-03a.,the types of changes to the system that are configuration-controlled are determined and documented;,Examine; Interview; Test,MOC log: 15 of 63 control system changes (2025-08 to 2026-07); 10 firewall change tickets; Process Safety Manager interview,EV-CM-3,Other than satisfied,Terminal PLC and OT firewall changes are not defined as MOC-controlled changes,Moderate,POAM-008
CM-3,CM-03b.[01],proposed configuration-controlled changes to the system are reviewed;,Examine; Interview; Test,MOC log: 15 of 63 control system changes (2025-08 to 2026-07); 10 firewall change tickets; Process Safety Manager interview,EV-CM-3,Satisfied,"MOC records for DCS and SIS changes show review, safety and security impact questions, approvals, and implementation",,
CM-3,CM-03b.[02],proposed configuration-controlled changes to the system are approved or disapproved with explicit consideration for security and privacy impact analyses;,Examine; Interview; Test,MOC log: 15 of 63 control system changes (2025-08 to 2026-07); 10 firewall change tickets; Process Safety Manager interview,EV-CM-3,Other than satisfied,"2 of 15 sampled control changes (dock transfer PLC timer, tank gauging alarm) were made without MOC review of security impact",Moderate,POAM-008
CM-3,CM-03c.,configuration change decisions associated with the system are documented;,Examine; Interview; Test,MOC log: 15 of 63 control system changes (2025-08 to 2026-07); 10 firewall change tickets; Process Safety Manager interview,EV-CM-3,Satisfied,"MOC records for DCS and SIS changes show review, safety and security impact questions, approvals, and implementation",,
CM-3,CM-03d.,approved configuration-controlled changes to the system are implemented;,Examine; Interview; Test,MOC log: 15 of 63 control system changes (2025-08 to 2026-07); 10 firewall change tickets; Process Safety Manager interview,EV-CM-3,Satisfied,"MOC records for DCS and SIS changes show review, safety and security impact questions, approvals, and implementation",,
CM-3,CM-03e.,records of configuration-controlled changes to the system are retained for [organization-defined value];,Examine; Interview; Test,MOC log: 15 of 63 control system changes (2025-08 to 2026-07); 10 firewall change tickets; Process Safety Manager interview,EV-CM-3,Satisfied,"MOC records for DCS and SIS changes show review, safety and security impact questions, approvals, and implementation",,
CM-3,CM-03f.[01],activities associated with configuration-controlled changes to the system are monitored;,Examine; Interview; Test,MOC log: 15 of 63 control system changes (2025-08 to 2026-07); 10 firewall change tickets; Process Safety Manager interview,EV-CM-3,Other than satisfied,Changes on terminal equipment and firewalls are not monitored against approved MOCs,Moderate,POAM-008
CM-3,CM-03f.[02],activities associated with configuration-controlled changes to the system are reviewed;,Examine; Interview; Test,MOC log: 15 of 63 control system changes (2025-08 to 2026-07); 10 firewall change tickets; Process Safety Manager interview,EV-CM-3,Satisfied,"MOC records for DCS and SIS changes show review, safety and security impact questions, approvals, and implementation",,
CM-3,CM-03g.[01],configuration change control activities are coordinated and overseen by [organization-defined value];,Examine; Interview; Test,MOC log: 15 of 63 control system changes (2025-08 to 2026-07); 10 firewall change tickets; Process Safety Manager interview,EV-CM-3,Satisfied,"MOC records for DCS and SIS changes show review, safety and security impact questions, approvals, and implementation",,
CM-3,CM-03g.[02],the configuration control element convenes [organization-defined value].,Examine; Interview; Test,MOC log: 15 of 63 control system changes (2025-08 to 2026-07); 10 firewall change tickets; Process Safety Manager interview,EV-CM-3,Satisfied,"MOC records for DCS and SIS changes show review, safety and security impact questions, approvals, and implementation",,
CM-5,CM-05[01],physical access restrictions associated with changes to the system are defined and documented;,Examine; Interview; Test,SIS keyswitch procedure; SIS EWS location and logon test; SIS proof test record 2025-11-04; logic compare evidence,EV-CM-5,Satisfied,"Physical and logical change restrictions for the DCS and SIS are defined, approved, and enforced (keyswitch, SIS EWS on the SIS network, named accounts)",,
CM-5,CM-05[02],physical access restrictions associated with changes to the system are approved;,Examine; Interview; Test,SIS keyswitch procedure; SIS EWS location and logon test; SIS proof test record 2025-11-04; logic compare evidence,EV-CM-5,Satisfied,"Physical and logical change restrictions for the DCS and SIS are defined, approved, and enforced (keyswitch, SIS EWS on the SIS network, named accounts)",,
CM-5,CM-05[03],physical access restrictions associated with changes to the system are enforced;,Examine; Interview; Test,SIS keyswitch procedure; SIS EWS location and logon test; SIS proof test record 2025-11-04; logic compare evidence,EV-CM-5,Satisfied,"Physical and logical change restrictions for the DCS and SIS are defined, approved, and enforced (keyswitch, SIS EWS on the SIS network, named accounts)",,
CM-5,CM-05[04],logical access restrictions associated with changes to the system are defined and documented;,Examine; Interview; Test,SIS keyswitch procedure; SIS EWS location and logon test; SIS proof test record 2025-11-04; logic compare evidence,EV-CM-5,Satisfied,"Physical and logical change restrictions for the DCS and SIS are defined, approved, and enforced (keyswitch, SIS EWS on the SIS network, named accounts)",,
CM-5,CM-05[05],logical access restrictions associated with changes to the system are approved;,Examine; Interview; Test,SIS keyswitch procedure; SIS EWS location and logon test; SIS proof test record 2025-11-04; logic compare evidence,EV-CM-5,Satisfied,"Physical and logical change restrictions for the DCS and SIS are defined, approved, and enforced (keyswitch, SIS EWS on the SIS network, named accounts)",,
CM-5,CM-05[06],logical access restrictions associated with changes to the system are enforced.,Examine; Interview; Test,SIS keyswitch procedure; SIS EWS location and logon test; SIS proof test record 2025-11-04; logic compare evidence,EV-CM-5,Other than satisfied,"Enforcement is not verified between yearly proof tests: the running SIS logic is compared with the approved copy only at the proof test, and keyswitch position is not alarmed",High,POAM-006
CM-7,CM-07a.,the system is configured to provide only [organization-defined value];,Examine; Interview; Test,"Switch port audit (Blend Hall 1, tank farm); device control report; tank gauging server service list",EV-CM-7,Other than satisfied,The tank gauging server runs a web service that is not needed from the supervisory zone,Moderate,POAM-007
CM-7,CM-07b.[01],the use of [organization-defined value] is prohibited or restricted;,Examine; Interview; Test,"Switch port audit (Blend Hall 1, tank farm); device control report; tank gauging server service list",EV-CM-7,Other than satisfied,31 unused switch ports in the field were enabled,Moderate,POAM-007
CM-7,CM-07b.[02],the use of [organization-defined value] is prohibited or restricted;,Examine; Interview; Test,"Switch port audit (Blend Hall 1, tank farm); device control report; tank gauging server service list",EV-CM-7,Satisfied,DCS stations run only vendor-required services,,
CM-7,CM-07b.[03],the use of [organization-defined value] is prohibited or restricted;,Examine; Interview; Test,"Switch port audit (Blend Hall 1, tank farm); device control report; tank gauging server service list",EV-CM-7,Satisfied,DCS stations run only vendor-required services,,
CM-7,CM-07b.[04],the use of [organization-defined value] is prohibited or restricted;,Examine; Interview; Test,"Switch port audit (Blend Hall 1, tank farm); device control report; tank gauging server service list",EV-CM-7,Satisfied,DCS stations run only vendor-required services,,
CM-7,CM-07b.[05],the use of [organization-defined value] is prohibited or restricted.,Examine; Interview; Test,"Switch port audit (Blend Hall 1, tank farm); device control report; tank gauging server service list",EV-CM-7,Satisfied,DCS stations run only vendor-required services,,
CM-8,CM-08a.01,an inventory of system components that accurately reflects the system is developed and documented;,Examine; Interview; Test,Asset register 2026-08-01; OT sensor inventory (412 assets); walkdown of Blend Hall 1 and the terminal,EV-CM-8,Other than satisfied,72 reconciled devices lack firmware versions,Moderate,POAM-007
CM-8,CM-08a.02,an inventory of system components that includes all components within the system is developed and documented;,Examine; Interview; Test,Asset register 2026-08-01; OT sensor inventory (412 assets); walkdown of Blend Hall 1 and the terminal,EV-CM-8,Other than satisfied,72 of 412 sensor-discovered assets are not yet in the register,Moderate,POAM-007
CM-8,CM-08a.03,an inventory of system components that does not include duplicate accounting of components or components assigned to any other system is developed and documented;,Examine; Interview; Test,Asset register 2026-08-01; OT sensor inventory (412 assets); walkdown of Blend Hall 1 and the terminal,EV-CM-8,Satisfied,Inventory is at the granularity needed and avoids duplicates for reconciled assets,,
CM-8,CM-08a.04,an inventory of system components that is at the level of granularity deemed necessary for tracking and reporting is developed and documented;,Examine; Interview; Test,Asset register 2026-08-01; OT sensor inventory (412 assets); walkdown of Blend Hall 1 and the terminal,EV-CM-8,Satisfied,Inventory is at the granularity needed and avoids duplicates for reconciled assets,,
CM-8,CM-08a.05,an inventory of system components that includes [organization-defined value] is developed and documented;,Examine; Interview; Test,Asset register 2026-08-01; OT sensor inventory (412 assets); walkdown of Blend Hall 1 and the terminal,EV-CM-8,Other than satisfied,Critical IT and OT system designations (33 CFR 101.650(b)(3)) are not recorded,Moderate,POAM-007
CM-8,CM-08b.,the system component inventory is reviewed and updated [organization-defined value].,Examine; Interview; Test,Asset register 2026-08-01; OT sensor inventory (412 assets); walkdown of Blend Hall 1 and the terminal,EV-CM-8,Other than satisfied,No update frequency set; last full reconciliation 2026-08-01,Moderate,POAM-007
CP-2,CP-02a.01,a contingency plan for the system is developed that identifies essential mission and business functions and associated contingency requirements;,Examine; Interview,Emergency response plan; OT contingency plan draft (2026-08); BIA (P05); Controls Engineering Manager interview,EV-CP-2,Satisfied,"The emergency response plan and BIA identify essential functions, recovery objectives, and priorities; plan is protected and coordinated with incident handling",,
CP-2,CP-02a.02[01],a contingency plan for the system is developed that provides recovery objectives;,Examine; Interview,Emergency response plan; OT contingency plan draft (2026-08); BIA (P05); Controls Engineering Manager interview,EV-CP-2,Satisfied,"The emergency response plan and BIA identify essential functions, recovery objectives, and priorities; plan is protected and coordinated with incident handling",,
CP-2,CP-02a.02[02],a contingency plan for the system is developed that provides restoration priorities;,Examine; Interview,Emergency response plan; OT contingency plan draft (2026-08); BIA (P05); Controls Engineering Manager interview,EV-CP-2,Satisfied,"The emergency response plan and BIA identify essential functions, recovery objectives, and priorities; plan is protected and coordinated with incident handling",,
CP-2,CP-02a.02[03],a contingency plan for the system is developed that provides metrics;,Examine; Interview,Emergency response plan; OT contingency plan draft (2026-08); BIA (P05); Controls Engineering Manager interview,EV-CP-2,Satisfied,"The emergency response plan and BIA identify essential functions, recovery objectives, and priorities; plan is protected and coordinated with incident handling",,
CP-2,CP-02a.03[01],a contingency plan for the system is developed that addresses contingency roles;,Examine; Interview,Emergency response plan; OT contingency plan draft (2026-08); BIA (P05); Controls Engineering Manager interview,EV-CP-2,Satisfied,"The emergency response plan and BIA identify essential functions, recovery objectives, and priorities; plan is protected and coordinated with incident handling",,
CP-2,CP-02a.03[02],a contingency plan for the system is developed that addresses contingency responsibilities;,Examine; Interview,Emergency response plan; OT contingency plan draft (2026-08); BIA (P05); Controls Engineering Manager interview,EV-CP-2,Satisfied,"The emergency response plan and BIA identify essential functions, recovery objectives, and priorities; plan is protected and coordinated with incident handling",,
CP-2,CP-02a.03[03],a contingency plan for the system is developed that addresses assigned individuals with contact information;,Examine; Interview,Emergency response plan; OT contingency plan draft (2026-08); BIA (P05); Controls Engineering Manager interview,EV-CP-2,Other than satisfied,OT contingency plan draft has no named contacts for vendor recovery support,High,POAM-005
CP-2,CP-02a.04,"a contingency plan for the system is developed that addresses maintaining essential mission and business functions despite a system disruption, compromise, or failure;",Examine; Interview,Emergency response plan; OT contingency plan draft (2026-08); BIA (P05); Controls Engineering Manager interview,EV-CP-2,Satisfied,"The emergency response plan and BIA identify essential functions, recovery objectives, and priorities; plan is protected and coordinated with incident handling",,
CP-2,CP-02a.05,"a contingency plan for the system is developed that addresses eventual, full-system restoration without deterioration of the controls originally planned and implemented;",Examine; Interview,Emergency response plan; OT contingency plan draft (2026-08); BIA (P05); Controls Engineering Manager interview,EV-CP-2,Other than satisfied,No procedure for full DCS rebuild from clean media,High,POAM-005
CP-2,CP-02a.06,a contingency plan for the system is developed that addresses the sharing of contingency information;,Examine; Interview,Emergency response plan; OT contingency plan draft (2026-08); BIA (P05); Controls Engineering Manager interview,EV-CP-2,Satisfied,"The emergency response plan and BIA identify essential functions, recovery objectives, and priorities; plan is protected and coordinated with incident handling",,
CP-2,CP-02a.07[01],a contingency plan for the system is developed that is reviewed by [organization-defined value];,Examine; Interview,Emergency response plan; OT contingency plan draft (2026-08); BIA (P05); Controls Engineering Manager interview,EV-CP-2,Other than satisfied,OT contingency plan not yet reviewed,High,POAM-005
CP-2,CP-02a.07[02],a contingency plan for the system is developed that is approved by [organization-defined value];,Examine; Interview,Emergency response plan; OT contingency plan draft (2026-08); BIA (P05); Controls Engineering Manager interview,EV-CP-2,Other than satisfied,OT contingency plan not yet approved (due 2026-12-31),High,POAM-005
CP-2,CP-02b.[01],copies of the contingency plan are distributed to [organization-defined value];,Examine; Interview,Emergency response plan; OT contingency plan draft (2026-08); BIA (P05); Controls Engineering Manager interview,EV-CP-2,Other than satisfied,Not distributed to shift supervisors or the DCS integrator,High,POAM-005
CP-2,CP-02b.[02],copies of the contingency plan are distributed to [organization-defined value];,Examine; Interview,Emergency response plan; OT contingency plan draft (2026-08); BIA (P05); Controls Engineering Manager interview,EV-CP-2,Other than satisfied,Not distributed to the Inland plant,High,POAM-005
CP-2,CP-02c.,contingency planning activities are coordinated with incident handling activities;,Examine; Interview,Emergency response plan; OT contingency plan draft (2026-08); BIA (P05); Controls Engineering Manager interview,EV-CP-2,Satisfied,"The emergency response plan and BIA identify essential functions, recovery objectives, and priorities; plan is protected and coordinated with incident handling",,
CP-2,CP-02d.,the contingency plan for the system is reviewed [organization-defined value];,Examine; Interview,Emergency response plan; OT contingency plan draft (2026-08); BIA (P05); Controls Engineering Manager interview,EV-CP-2,Other than satisfied,No review frequency set,High,POAM-005
CP-2,CP-02e.[01],"the contingency plan is updated to address changes to the organization, system, or environment of operation;",Examine; Interview,Emergency response plan; OT contingency plan draft (2026-08); BIA (P05); Controls Engineering Manager interview,EV-CP-2,Satisfied,"The emergency response plan and BIA identify essential functions, recovery objectives, and priorities; plan is protected and coordinated with incident handling",,
CP-2,CP-02e.[02],"the contingency plan is updated to address problems encountered during contingency plan implementation, execution, or testing;",Examine; Interview,Emergency response plan; OT contingency plan draft (2026-08); BIA (P05); Controls Engineering Manager interview,EV-CP-2,Satisfied,"The emergency response plan and BIA identify essential functions, recovery objectives, and priorities; plan is protected and coordinated with incident handling",,
CP-2,CP-02f.[01],contingency plan changes are communicated to [organization-defined value];,Examine; Interview,Emergency response plan; OT contingency plan draft (2026-08); BIA (P05); Controls Engineering Manager interview,EV-CP-2,Other than satisfied,No change communication process,High,POAM-005
CP-2,CP-02f.[02],contingency plan changes are communicated to [organization-defined value];,Examine; Interview,Emergency response plan; OT contingency plan draft (2026-08); BIA (P05); Controls Engineering Manager interview,EV-CP-2,Other than satisfied,No change communication process for vendors,High,POAM-005
CP-2,CP-02g.[01],lessons learned from contingency plan testing or actual contingency activities are incorporated into contingency testing;,Examine; Interview,Emergency response plan; OT contingency plan draft (2026-08); BIA (P05); Controls Engineering Manager interview,EV-CP-2,Other than satisfied,"No tests yet, so no lessons learned",High,POAM-005
CP-2,CP-02g.[02],lessons learned from contingency plan training or actual contingency activities are incorporated into contingency testing and training;,Examine; Interview,Emergency response plan; OT contingency plan draft (2026-08); BIA (P05); Controls Engineering Manager interview,EV-CP-2,Satisfied,"The emergency response plan and BIA identify essential functions, recovery objectives, and priorities; plan is protected and coordinated with incident handling",,
CP-2,CP-02h.[01],the contingency plan is protected from unauthorized disclosure;,Examine; Interview,Emergency response plan; OT contingency plan draft (2026-08); BIA (P05); Controls Engineering Manager interview,EV-CP-2,Satisfied,"The emergency response plan and BIA identify essential functions, recovery objectives, and priorities; plan is protected and coordinated with incident handling",,
CP-2,CP-02h.[02],the contingency plan is protected from unauthorized modification.,Examine; Interview,Emergency response plan; OT contingency plan draft (2026-08); BIA (P05); Controls Engineering Manager interview,EV-CP-2,Satisfied,"The emergency response plan and BIA identify essential functions, recovery objectives, and priorities; plan is protected and coordinated with incident handling",,
CP-4,CP-04a.[01],the contingency plan for the system is tested [organization-defined value];,Examine; Interview; Test,Restore record 2025-03 (one operator station); test plan for 2026-11-10; restore of one historian client image during the outage,EV-CP-4,Other than satisfied,The OT contingency plan has not been tested; only one operator station restore has ever been done,High,POAM-005
CP-4,CP-04a.[02],[organization-defined value] are used to determine the effectiveness of the plan;,Examine; Interview; Test,Restore record 2025-03 (one operator station); test plan for 2026-11-10; restore of one historian client image during the outage,EV-CP-4,Other than satisfied,No effectiveness criteria defined,High,POAM-005
CP-4,CP-04a.[03],[organization-defined value] are used to determine the readiness to execute the plan;,Examine; Interview; Test,Restore record 2025-03 (one operator station); test plan for 2026-11-10; restore of one historian client image during the outage,EV-CP-4,Other than satisfied,No readiness criteria defined,High,POAM-005
CP-4,CP-04b.,the contingency plan test results are reviewed;,Examine; Interview; Test,Restore record 2025-03 (one operator station); test plan for 2026-11-10; restore of one historian client image during the outage,EV-CP-4,Other than satisfied,No test results to review,High,POAM-005
CP-4,CP-04c.,"corrective actions are initiated, if needed.",Examine; Interview; Test,Restore record 2025-03 (one operator station); test plan for 2026-11-10; restore of one historian client image during the outage,EV-CP-4,Other than satisfied,No corrective actions from testing,High,POAM-005
CP-9,CP-09a.,backups of user-level information contained in [organization-defined value] are conducted [organization-defined value];,Examine; Interview; Test,"Backup job logs (30 nightly jobs, July 2026); fire safe log (4 weekly copies); hash check of the latest offline copy",EV-CP-9,Satisfied,Nightly and weekly backups ran for all 30 sampled days; offline copies are protected in the fire safe and hashes matched,,
CP-9,CP-09b.,backups of system-level information contained in the system are conducted [organization-defined value];,Examine; Interview; Test,"Backup job logs (30 nightly jobs, July 2026); fire safe log (4 weekly copies); hash check of the latest offline copy",EV-CP-9,Other than satisfied,"System-level backups do not cover the dock transfer PLC, tank gauging server, or loading bay controllers",Moderate,POAM-005
CP-9,CP-09c.,"backups of system documentation, including security- and privacy-related documentation are conducted [organization-defined value];",Examine; Interview; Test,"Backup job logs (30 nightly jobs, July 2026); fire safe log (4 weekly copies); hash check of the latest offline copy",EV-CP-9,Satisfied,Nightly and weekly backups ran for all 30 sampled days; offline copies are protected in the fire safe and hashes matched,,
CP-9,CP-09d.[01],the confidentiality of backup information is protected;,Examine; Interview; Test,"Backup job logs (30 nightly jobs, July 2026); fire safe log (4 weekly copies); hash check of the latest offline copy",EV-CP-9,Satisfied,Nightly and weekly backups ran for all 30 sampled days; offline copies are protected in the fire safe and hashes matched,,
CP-9,CP-09d.[02],the integrity of backup information is protected;,Examine; Interview; Test,"Backup job logs (30 nightly jobs, July 2026); fire safe log (4 weekly copies); hash check of the latest offline copy",EV-CP-9,Satisfied,Nightly and weekly backups ran for all 30 sampled days; offline copies are protected in the fire safe and hashes matched,,
CP-9,CP-09d.[03],the availability of backup information is protected.,Examine; Interview; Test,"Backup job logs (30 nightly jobs, July 2026); fire safe log (4 weekly copies); hash check of the latest offline copy",EV-CP-9,Satisfied,Nightly and weekly backups ran for all 30 sampled days; offline copies are protected in the fire safe and hashes matched,,
CP-10,CP-10[01],"the recovery of the system to a known state is provided within [organization-defined value] after a disruption, compromise, or failure;",Examine; Interview; Test,Recovery procedure draft; spares list; interview with the DCS integrator,EV-CP-10,Other than satisfied,Recovery to a known state within the 12-hour RTO has not been demonstrated (P05 finding 1),High,POAM-005
CP-10,CP-10[02],"a reconstitution of the system to a known state is provided within [organization-defined value] after a disruption, compromise, or failure.",Examine; Interview; Test,Recovery procedure draft; spares list; interview with the DCS integrator,EV-CP-10,Other than satisfied,No tested reconstitution procedure for the DCS server pair from clean media,High,POAM-005
IA-2,IA-02[01],organizational users are uniquely identified and authenticated;,Examine; Interview; Test,DCS user export; console login test,EV-IA-2,Other than satisfied,Console users are not uniquely identified (shared console accounts at both plants),High,POAM-002
IA-2,IA-02[02],the unique identification of authenticated organizational users is associated with processes acting on behalf of those users.,Examine; Interview; Test,DCS user export; console login test,EV-IA-2,Other than satisfied,Console actions cannot be tied to an individual,High,POAM-002
IA-5,IA-05a.,"system authenticators are managed through the verification of the identity of the individual, group, role, service, or device receiving the authenticator as part of the initial authenticator distribution;",Examine; Interview; Test,"Default credential test on 30 Port OT devices (vendor-approved, during the outage); password settings; shared password change log",EV-IA-5,Satisfied,"Authenticators are issued after identity verification, protected in the vault for administrators, and users are told how to protect them",,
IA-5,IA-05b.,system authenticators are managed through the establishment of initial authenticator content for any authenticators issued by the organization;,Examine; Interview; Test,"Default credential test on 30 Port OT devices (vendor-approved, during the outage); password settings; shared password change log",EV-IA-5,Satisfied,"Authenticators are issued after identity verification, protected in the vault for administrators, and users are told how to protect them",,
IA-5,IA-05c.,system authenticators are managed to ensure that authenticators have sufficient strength of mechanism for their intended use;,Examine; Interview; Test,"Default credential test on 30 Port OT devices (vendor-approved, during the outage); password settings; shared password change log",EV-IA-5,Other than satisfied,The dock transfer PLC uses a 4-digit PIN,High,POAM-001
IA-5,IA-05d.,"system authenticators are managed through the establishment and implementation of administrative procedures for initial authenticator distribution; lost, compromised, or damaged authenticators; and the revocation of authenticators;",Examine; Interview; Test,"Default credential test on 30 Port OT devices (vendor-approved, during the outage); password settings; shared password change log",EV-IA-5,Satisfied,"Authenticators are issued after identity verification, protected in the vault for administrators, and users are told how to protect them",,
IA-5,IA-05e.,system authenticators are managed through the change of default authenticators prior to first use;,Examine; Interview; Test,"Default credential test on 30 Port OT devices (vendor-approved, during the outage); password settings; shared password change log",EV-IA-5,Other than satisfied,"The radar tank gauging server accepted the vendor default administrator password (1 of 30 devices tested, 2026-08-19); changed 2026-08-20",High,POAM-001
IA-5,IA-05f.,system authenticators are managed through the change or refreshment of authenticators [organization-defined value] or when [organization-defined value] occur;,Examine; Interview; Test,"Default credential test on 30 Port OT devices (vendor-approved, during the outage); password settings; shared password change log",EV-IA-5,Other than satisfied,Shared console passwords changed only twice a year,High,POAM-001
IA-5,IA-05g.,system authenticators are managed through the protection of authenticator content from unauthorized disclosure and modification;,Examine; Interview; Test,"Default credential test on 30 Port OT devices (vendor-approved, during the outage); password settings; shared password change log",EV-IA-5,Satisfied,"Authenticators are issued after identity verification, protected in the vault for administrators, and users are told how to protect them",,
IA-5,IA-05h.[01],system authenticators are managed through the requirement for individuals to take specific controls to protect authenticators;,Examine; Interview; Test,"Default credential test on 30 Port OT devices (vendor-approved, during the outage); password settings; shared password change log",EV-IA-5,Satisfied,"Authenticators are issued after identity verification, protected in the vault for administrators, and users are told how to protect them",,
IA-5,IA-05h.[02],system authenticators are managed through the requirement for devices to implement specific controls to protect authenticators;,Examine; Interview; Test,"Default credential test on 30 Port OT devices (vendor-approved, during the outage); password settings; shared password change log",EV-IA-5,Satisfied,"Authenticators are issued after identity verification, protected in the vault for administrators, and users are told how to protect them",,
IA-5,IA-05i.,system authenticators are managed through the change of authenticators for group or role accounts when membership to those accounts changes.,Examine; Interview; Test,"Default credential test on 30 Port OT devices (vendor-approved, during the outage); password settings; shared password change log",EV-IA-5,Other than satisfied,Shared console passwords not changed when crew members leave,High,POAM-001
IR-4,IR-04a.[01],an incident handling capability for incidents is implemented that is consistent with the incident response plan;,Examine; Interview; Test,"IR plan 2024; P08 runbooks; incident register (11 incidents 2025-2026, all IT); OT sensor event emails",EV-IR-4,Other than satisfied,OT incident handling under the new runbook has not yet been used or exercised,Moderate,POAM-011
IR-4,IR-04a.[02],the incident handling capability for incidents includes preparation;,Examine; Interview; Test,"IR plan 2024; P08 runbooks; incident register (11 incidents 2025-2026, all IT); OT sensor event emails",EV-IR-4,Satisfied,IT incident handling covers preparation through recovery with the MSSP; lessons learned are recorded for IT incidents,,
IR-4,IR-04a.[03],the incident handling capability for incidents includes detection and analysis;,Examine; Interview; Test,"IR plan 2024; P08 runbooks; incident register (11 incidents 2025-2026, all IT); OT sensor event emails",EV-IR-4,Satisfied,IT incident handling covers preparation through recovery with the MSSP; lessons learned are recorded for IT incidents,,
IR-4,IR-04a.[04],the incident handling capability for incidents includes containment;,Examine; Interview; Test,"IR plan 2024; P08 runbooks; incident register (11 incidents 2025-2026, all IT); OT sensor event emails",EV-IR-4,Satisfied,IT incident handling covers preparation through recovery with the MSSP; lessons learned are recorded for IT incidents,,
IR-4,IR-04a.[05],the incident handling capability for incidents includes eradication;,Examine; Interview; Test,"IR plan 2024; P08 runbooks; incident register (11 incidents 2025-2026, all IT); OT sensor event emails",EV-IR-4,Satisfied,IT incident handling covers preparation through recovery with the MSSP; lessons learned are recorded for IT incidents,,
IR-4,IR-04a.[06],the incident handling capability for incidents includes recovery;,Examine; Interview; Test,"IR plan 2024; P08 runbooks; incident register (11 incidents 2025-2026, all IT); OT sensor event emails",EV-IR-4,Satisfied,IT incident handling covers preparation through recovery with the MSSP; lessons learned are recorded for IT incidents,,
IR-4,IR-04b.,incident handling activities are coordinated with contingency planning activities;,Examine; Interview; Test,"IR plan 2024; P08 runbooks; incident register (11 incidents 2025-2026, all IT); OT sensor event emails",EV-IR-4,Other than satisfied,Incident handling and the OT contingency plan are not yet coordinated (plan in draft),Moderate,POAM-011
IR-4,IR-04c.[01],"lessons learned from ongoing incident handling activities are incorporated into incident response procedures, training, and testing;",Examine; Interview; Test,"IR plan 2024; P08 runbooks; incident register (11 incidents 2025-2026, all IT); OT sensor event emails",EV-IR-4,Satisfied,IT incident handling covers preparation through recovery with the MSSP; lessons learned are recorded for IT incidents,,
IR-4,IR-04c.[02],the changes resulting from the incorporated lessons learned are implemented accordingly;,Examine; Interview; Test,"IR plan 2024; P08 runbooks; incident register (11 incidents 2025-2026, all IT); OT sensor event emails",EV-IR-4,Satisfied,IT incident handling covers preparation through recovery with the MSSP; lessons learned are recorded for IT incidents,,
IR-4,IR-04d.[01],the rigor of incident handling activities is comparable and predictable across the organization;,Examine; Interview; Test,"IR plan 2024; P08 runbooks; incident register (11 incidents 2025-2026, all IT); OT sensor event emails",EV-IR-4,Other than satisfied,"OT events handled informally by email, so rigor differs between IT and OT",Moderate,POAM-011
IR-4,IR-04d.[02],the intensity of incident handling activities is comparable and predictable across the organization;,Examine; Interview; Test,"IR plan 2024; P08 runbooks; incident register (11 incidents 2025-2026, all IT); OT sensor event emails",EV-IR-4,Satisfied,IT incident handling covers preparation through recovery with the MSSP; lessons learned are recorded for IT incidents,,
IR-4,IR-04d.[03],the scope of incident handling activities is comparable and predictable across the organization;,Examine; Interview; Test,"IR plan 2024; P08 runbooks; incident register (11 incidents 2025-2026, all IT); OT sensor event emails",EV-IR-4,Other than satisfied,Inland plant events are outside the incident process,Moderate,POAM-011
IR-4,IR-04d.[04],the results of incident handling activities are comparable and predictable across the organization.,Examine; Interview; Test,"IR plan 2024; P08 runbooks; incident register (11 incidents 2025-2026, all IT); OT sensor event emails",EV-IR-4,Satisfied,IT incident handling covers preparation through recovery with the MSSP; lessons learned are recorded for IT incidents,,
IR-6,IR-06a.,personnel is/are required to report suspected incidents to the organizational incident response capability within [organization-defined value];,Examine; Interview; Test,FSP reporting procedures; P08 notification matrix; 15 staff interviews,EV-IR-6,Other than satisfied,"Staff report to the control room or help desk, but no time limit is set; 9 of 15 interviewees did not know that suspected cyber incidents must reach the CySO",High,POAM-011
IR-6,IR-06b.,incident information is reported to [organization-defined value].,Examine; Interview; Test,FSP reporting procedures; P08 notification matrix; 15 staff interviews,EV-IR-6,Other than satisfied,"Reporting to the FBI, CISA, and the COTP under 33 CFR 6.16-1 is not in the FSP procedures",High,POAM-011
IR-7,IR-07[01],"an incident response support resource, integral to the organizational incident response capability, is provided;",Examine; Interview,MSSP contract; cyber insurance panel terms; DCS vendor incident response service schedule,EV-IR-7,Satisfied,"24x7 MSSP support for IT, the insurer's panel for forensics and counsel, and the DCS vendor's OT incident service are in place and known to the incident manager",,
IR-7,IR-07[02],the incident response support resource offers advice and assistance to users of the system for the response and reporting of incidents.,Examine; Interview,MSSP contract; cyber insurance panel terms; DCS vendor incident response service schedule,EV-IR-7,Satisfied,"24x7 MSSP support for IT, the insurer's panel for forensics and counsel, and the DCS vendor's OT incident service are in place and known to the incident manager",,
IR-8,IR-08a.01,an incident response plan is developed that provides the organization with a roadmap for implementing its incident response capability;,Examine; Interview,IR plan 2024; P08 runbooks and notification matrix (approved 2026-09-22); distribution list,EV-IR-8,Satisfied,"The 2024 plan and the new runbooks give a roadmap, structure, reportable incident definitions, approval, and designated responsibility; the plan is protected",,
IR-8,IR-08a.02,an incident response plan is developed that describes the structure and organization of the incident response capability;,Examine; Interview,IR plan 2024; P08 runbooks and notification matrix (approved 2026-09-22); distribution list,EV-IR-8,Satisfied,"The 2024 plan and the new runbooks give a roadmap, structure, reportable incident definitions, approval, and designated responsibility; the plan is protected",,
IR-8,IR-08a.03,an incident response plan is developed that provides a high-level approach for how the incident response capability fits into the overall organization;,Examine; Interview,IR plan 2024; P08 runbooks and notification matrix (approved 2026-09-22); distribution list,EV-IR-8,Satisfied,"The 2024 plan and the new runbooks give a roadmap, structure, reportable incident definitions, approval, and designated responsibility; the plan is protected",,
IR-8,IR-08a.04,"an incident response plan is developed that meets the unique requirements of the organization with regard to mission, size, structure, and functions;",Examine; Interview,IR plan 2024; P08 runbooks and notification matrix (approved 2026-09-22); distribution list,EV-IR-8,Satisfied,"The 2024 plan and the new runbooks give a roadmap, structure, reportable incident definitions, approval, and designated responsibility; the plan is protected",,
IR-8,IR-08a.05,an incident response plan is developed that defines reportable incidents;,Examine; Interview,IR plan 2024; P08 runbooks and notification matrix (approved 2026-09-22); distribution list,EV-IR-8,Satisfied,"The 2024 plan and the new runbooks give a roadmap, structure, reportable incident definitions, approval, and designated responsibility; the plan is protected",,
IR-8,IR-08a.06,an incident response plan is developed that provides metrics for measuring the incident response capability within the organization;,Examine; Interview,IR plan 2024; P08 runbooks and notification matrix (approved 2026-09-22); distribution list,EV-IR-8,Other than satisfied,No metrics for the incident response capability,Moderate,POAM-011
IR-8,IR-08a.07,an incident response plan is developed that defines the resources and management support needed to effectively maintain and mature an incident response capability;,Examine; Interview,IR plan 2024; P08 runbooks and notification matrix (approved 2026-09-22); distribution list,EV-IR-8,Satisfied,"The 2024 plan and the new runbooks give a roadmap, structure, reportable incident definitions, approval, and designated responsibility; the plan is protected",,
IR-8,IR-08a.08,an incident response plan is developed that addresses the sharing of incident information;,Examine; Interview,IR plan 2024; P08 runbooks and notification matrix (approved 2026-09-22); distribution list,EV-IR-8,Satisfied,"The 2024 plan and the new runbooks give a roadmap, structure, reportable incident definitions, approval, and designated responsibility; the plan is protected",,
IR-8,IR-08a.09,an incident response plan is developed that is reviewed and approved by [organization-defined value] [organization-defined value];,Examine; Interview,IR plan 2024; P08 runbooks and notification matrix (approved 2026-09-22); distribution list,EV-IR-8,Satisfied,"The 2024 plan and the new runbooks give a roadmap, structure, reportable incident definitions, approval, and designated responsibility; the plan is protected",,
IR-8,IR-08a.10,an incident response plan is developed that explicitly designates responsibility for incident response to [organization-defined value].,Examine; Interview,IR plan 2024; P08 runbooks and notification matrix (approved 2026-09-22); distribution list,EV-IR-8,Satisfied,"The 2024 plan and the new runbooks give a roadmap, structure, reportable incident definitions, approval, and designated responsibility; the plan is protected",,
IR-8,IR-08b.[01],copies of the incident response plan are distributed to [organization-defined value];,Examine; Interview,IR plan 2024; P08 runbooks and notification matrix (approved 2026-09-22); distribution list,EV-IR-8,Other than satisfied,Runbooks not yet distributed to shift supervisors,Moderate,POAM-011
IR-8,IR-08b.[02],copies of the incident response plan are distributed to [organization-defined value];,Examine; Interview,IR plan 2024; P08 runbooks and notification matrix (approved 2026-09-22); distribution list,EV-IR-8,Other than satisfied,Runbooks not yet distributed to the MSSP and DCS integrator,Moderate,POAM-011
IR-8,IR-08c.,"the incident response plan is updated to address system and organizational changes or problems encountered during plan implementation, execution, or testing;",Examine; Interview,IR plan 2024; P08 runbooks and notification matrix (approved 2026-09-22); distribution list,EV-IR-8,Satisfied,"The 2024 plan and the new runbooks give a roadmap, structure, reportable incident definitions, approval, and designated responsibility; the plan is protected",,
IR-8,IR-08d.[01],incident response plan changes are communicated to [organization-defined value];,Examine; Interview,IR plan 2024; P08 runbooks and notification matrix (approved 2026-09-22); distribution list,EV-IR-8,Other than satisfied,No process to communicate plan changes,Moderate,POAM-011
IR-8,IR-08d.[02],incident response plan changes are communicated to [organization-defined value];,Examine; Interview,IR plan 2024; P08 runbooks and notification matrix (approved 2026-09-22); distribution list,EV-IR-8,Other than satisfied,No process to communicate plan changes to vendors,Moderate,POAM-011
IR-8,IR-08e.[01],the incident response plan is protected from unauthorized disclosure;,Examine; Interview,IR plan 2024; P08 runbooks and notification matrix (approved 2026-09-22); distribution list,EV-IR-8,Satisfied,"The 2024 plan and the new runbooks give a roadmap, structure, reportable incident definitions, approval, and designated responsibility; the plan is protected",,
IR-8,IR-08e.[02],the incident response plan is protected from unauthorized modification.,Examine; Interview,IR plan 2024; P08 runbooks and notification matrix (approved 2026-09-22); distribution list,EV-IR-8,Satisfied,"The 2024 plan and the new runbooks give a roadmap, structure, reportable incident definitions, approval, and designated responsibility; the plan is protected",,
MA-4,MA-04a.[01],nonlocal maintenance and diagnostic activities are approved;,Examine; Interview; Test,Gateway records for 20 vendor sessions; justification records; session termination settings,EV-MA-4,Other than satisfied,6 of 20 vendor sessions had no recorded approval,Moderate,POAM-003
MA-4,MA-04a.[02],nonlocal maintenance and diagnostic activities are monitored;,Examine; Interview; Test,Gateway records for 20 vendor sessions; justification records; session termination settings,EV-MA-4,Other than satisfied,Sessions are recorded but not reviewed,Moderate,POAM-003
MA-4,MA-04b.[01],the use of nonlocal maintenance and diagnostic tools are allowed only as consistent with organizational policy;,Examine; Interview; Test,Gateway records for 20 vendor sessions; justification records; session termination settings,EV-MA-4,Satisfied,"Nonlocal maintenance runs only through the gateway with MFA, recording, and automatic session termination",,
MA-4,MA-04b.[02],the use of nonlocal maintenance and diagnostic tools are documented in the security plan for the system;,Examine; Interview; Test,Gateway records for 20 vendor sessions; justification records; session termination settings,EV-MA-4,Satisfied,"Nonlocal maintenance runs only through the gateway with MFA, recording, and automatic session termination",,
MA-4,MA-04c.,strong authentication is employed in the establishment of nonlocal maintenance and diagnostic sessions;,Examine; Interview; Test,Gateway records for 20 vendor sessions; justification records; session termination settings,EV-MA-4,Satisfied,"Nonlocal maintenance runs only through the gateway with MFA, recording, and automatic session termination",,
MA-4,MA-04d.,records for nonlocal maintenance and diagnostic activities are maintained;,Examine; Interview; Test,Gateway records for 20 vendor sessions; justification records; session termination settings,EV-MA-4,Satisfied,"Nonlocal maintenance runs only through the gateway with MFA, recording, and automatic session termination",,
MA-4,MA-04e.[01],session connections are terminated when nonlocal maintenance is completed;,Examine; Interview; Test,Gateway records for 20 vendor sessions; justification records; session termination settings,EV-MA-4,Satisfied,"Nonlocal maintenance runs only through the gateway with MFA, recording, and automatic session termination",,
MA-4,MA-04e.[02],network connections are terminated when nonlocal maintenance is completed.,Examine; Interview; Test,Gateway records for 20 vendor sessions; justification records; session termination settings,EV-MA-4,Satisfied,"Nonlocal maintenance runs only through the gateway with MFA, recording, and automatic session termination",,
MP-7,MP-07a.,the use of [organization-defined value] is [organization-defined value] on [organization-defined value] using [organization-defined value];,Examine; Interview; Test,Device control report for 52 Port OT workstations; media kiosk log,EV-MP-7,Other than satisfied,USB storage is allowed on 14 local HMIs in Blend Hall 1 and packaging,Moderate,POAM-007
MP-7,MP-07b.,the use of portable storage devices in organizational systems is prohibited when such devices have no identifiable owner.,Examine; Interview; Test,Device control report for 52 Port OT workstations; media kiosk log,EV-MP-7,Satisfied,Portable storage without an identifiable owner is blocked on DCS stations; kiosk scanning in use,,
PE-3,PE-03a.01,physical access authorizations are enforced at [organization-defined value] by verifying individual access authorizations before granting access to the facility;,Examine; Interview; Test,"Badge reports for the control room, server room, and rack rooms; walkdown 2026-07-14 and 2026-08-19; key log",EV-PE-3,Satisfied,"Badge and TWIC controls, visitor escort, and audit logs operate for the control room, OT server room, and rack rooms",,
PE-3,PE-03a.02,physical access authorizations are enforced at [organization-defined value] by controlling ingress and egress to the facility using [organization-defined value];,Examine; Interview; Test,"Badge reports for the control room, server room, and rack rooms; walkdown 2026-07-14 and 2026-08-19; key log",EV-PE-3,Satisfied,"Badge and TWIC controls, visitor escort, and audit logs operate for the control room, OT server room, and rack rooms",,
PE-3,PE-03b.,physical access audit logs are maintained for [organization-defined value];,Examine; Interview; Test,"Badge reports for the control room, server room, and rack rooms; walkdown 2026-07-14 and 2026-08-19; key log",EV-PE-3,Other than satisfied,No access log for 4 remote I/O cabinets on keyed locks,Low,POAM-014
PE-3,PE-03c.,access to areas within the facility designated as publicly accessible are maintained by implementing [organization-defined value];,Examine; Interview; Test,"Badge reports for the control room, server room, and rack rooms; walkdown 2026-07-14 and 2026-08-19; key log",EV-PE-3,Satisfied,"Badge and TWIC controls, visitor escort, and audit logs operate for the control room, OT server room, and rack rooms",,
PE-3,PE-03d.[01],visitors are escorted;,Examine; Interview; Test,"Badge reports for the control room, server room, and rack rooms; walkdown 2026-07-14 and 2026-08-19; key log",EV-PE-3,Satisfied,"Badge and TWIC controls, visitor escort, and audit logs operate for the control room, OT server room, and rack rooms",,
PE-3,PE-03d.[02],visitor activity is controlled [organization-defined value];,Examine; Interview; Test,"Badge reports for the control room, server room, and rack rooms; walkdown 2026-07-14 and 2026-08-19; key log",EV-PE-3,Satisfied,"Badge and TWIC controls, visitor escort, and audit logs operate for the control room, OT server room, and rack rooms",,
PE-3,PE-03e.[01],keys are secured;,Examine; Interview; Test,"Badge reports for the control room, server room, and rack rooms; walkdown 2026-07-14 and 2026-08-19; key log",EV-PE-3,Satisfied,"Badge and TWIC controls, visitor escort, and audit logs operate for the control room, OT server room, and rack rooms",,
PE-3,PE-03e.[02],combinations are secured;,Examine; Interview; Test,"Badge reports for the control room, server room, and rack rooms; walkdown 2026-07-14 and 2026-08-19; key log",EV-PE-3,Satisfied,"Badge and TWIC controls, visitor escort, and audit logs operate for the control room, OT server room, and rack rooms",,
PE-3,PE-03e.[03],other physical access devices are secured;,Examine; Interview; Test,"Badge reports for the control room, server room, and rack rooms; walkdown 2026-07-14 and 2026-08-19; key log",EV-PE-3,Satisfied,"Badge and TWIC controls, visitor escort, and audit logs operate for the control room, OT server room, and rack rooms",,
PE-3,PE-03f.,[organization-defined value] are inventoried [organization-defined value];,Examine; Interview; Test,"Badge reports for the control room, server room, and rack rooms; walkdown 2026-07-14 and 2026-08-19; key log",EV-PE-3,Satisfied,"Badge and TWIC controls, visitor escort, and audit logs operate for the control room, OT server room, and rack rooms",,
PE-3,PE-03g.[01],"combinations are changed [organization-defined value] , when combinations are compromised, or when individuals possessing the combinations are transferred or terminated;",Examine; Interview; Test,"Badge reports for the control room, server room, and rack rooms; walkdown 2026-07-14 and 2026-08-19; key log",EV-PE-3,Satisfied,"Badge and TWIC controls, visitor escort, and audit logs operate for the control room, OT server room, and rack rooms",,
PE-3,PE-03g.[02],"keys are changed [organization-defined value] , when keys are lost, or when individuals possessing the keys are transferred or terminated.",Examine; Interview; Test,"Badge reports for the control room, server room, and rack rooms; walkdown 2026-07-14 and 2026-08-19; key log",EV-PE-3,Other than satisfied,Cabinet keys have not been changed since 2019 despite staff turnover,Low,POAM-014
RA-3,RA-03a.01,a risk assessment is conducted to identify threats to and vulnerabilities in the system;,Examine; Interview,P01 risk register and report (2026-07-31); BIA (P05); audit committee pack,EV-RA-3,Satisfied,"The 2026 risk assessment identifies threats and vulnerabilities, rates likelihood and impact with SP 800-30 tables, is documented, reviewed, and shared with the audit committee",,
RA-3,RA-03a.02,"a risk assessment is conducted to determine the likelihood and magnitude of harm from unauthorized access, use, disclosure, disruption, modification, or destruction of the system; the information it processes, stores, or transmits; and any related information;",Examine; Interview,P01 risk register and report (2026-07-31); BIA (P05); audit committee pack,EV-RA-3,Satisfied,"The 2026 risk assessment identifies threats and vulnerabilities, rates likelihood and impact with SP 800-30 tables, is documented, reviewed, and shared with the audit committee",,
RA-3,RA-03a.03,a risk assessment is conducted to determine the likelihood and impact of adverse effects on individuals arising from the processing of personally identifiable information;,Examine; Interview,P01 risk register and report (2026-07-31); BIA (P05); audit committee pack,EV-RA-3,Satisfied,"The 2026 risk assessment identifies threats and vulnerabilities, rates likelihood and impact with SP 800-30 tables, is documented, reviewed, and shared with the audit committee",,
RA-3,RA-03b.,risk assessment results and risk management decisions from the organization and mission or business process perspectives are integrated with system-level risk assessments;,Examine; Interview,P01 risk register and report (2026-07-31); BIA (P05); audit committee pack,EV-RA-3,Satisfied,"The 2026 risk assessment identifies threats and vulnerabilities, rates likelihood and impact with SP 800-30 tables, is documented, reviewed, and shared with the audit committee",,
RA-3,RA-03c.,risk assessment results are documented in [organization-defined value];,Examine; Interview,P01 risk register and report (2026-07-31); BIA (P05); audit committee pack,EV-RA-3,Satisfied,"The 2026 risk assessment identifies threats and vulnerabilities, rates likelihood and impact with SP 800-30 tables, is documented, reviewed, and shared with the audit committee",,
RA-3,RA-03d.,risk assessment results are reviewed [organization-defined value];,Examine; Interview,P01 risk register and report (2026-07-31); BIA (P05); audit committee pack,EV-RA-3,Satisfied,"The 2026 risk assessment identifies threats and vulnerabilities, rates likelihood and impact with SP 800-30 tables, is documented, reviewed, and shared with the audit committee",,
RA-3,RA-03e.,risk assessment results are disseminated to [organization-defined value];,Examine; Interview,P01 risk register and report (2026-07-31); BIA (P05); audit committee pack,EV-RA-3,Satisfied,"The 2026 risk assessment identifies threats and vulnerabilities, rates likelihood and impact with SP 800-30 tables, is documented, reviewed, and shared with the audit committee",,
RA-3,RA-03f.,"the risk assessment is updated [organization-defined value] or when there are significant changes to the system, its environment of operation, or other conditions that may impact the security or privacy state of the system.",Examine; Interview,P01 risk register and report (2026-07-31); BIA (P05); audit committee pack,EV-RA-3,Satisfied,"The 2026 risk assessment identifies threats and vulnerabilities, rates likelihood and impact with SP 800-30 tables, is documented, reviewed, and shared with the audit committee",,
RA-5,RA-05a.[01],systems and hosted applications are monitored for vulnerabilities [organization-defined value] and when new vulnerabilities potentially affecting the system are identified and reported;,Examine; Interview; Test,Quarterly IT and DMZ scan reports; OT sensor vulnerability report (2026-08); KEV comparison by the assessors,EV-RA-5,Other than satisfied,OT assets are not monitored against the KEV catalog; the assessors matched 18 KEV-listed vulnerabilities to 23 Port OT assets,High,POAM-009
RA-5,RA-05a.[02],systems and hosted applications are scanned for vulnerabilities [organization-defined value] and when new vulnerabilities potentially affecting the system are identified and reported;,Examine; Interview; Test,Quarterly IT and DMZ scan reports; OT sensor vulnerability report (2026-08); KEV comparison by the assessors,EV-RA-5,Satisfied,IT and DMZ systems are scanned quarterly with standard enumeration; results are analyzed,,
RA-5,RA-05b.01,"vulnerability monitoring tools and techniques are employed to automate parts of the vulnerability management process by using standards for enumerating platforms, software flaws, and improper configurations;",Examine; Interview; Test,Quarterly IT and DMZ scan reports; OT sensor vulnerability report (2026-08); KEV comparison by the assessors,EV-RA-5,Satisfied,IT and DMZ systems are scanned quarterly with standard enumeration; results are analyzed,,
RA-5,RA-05b.02,vulnerability monitoring tools and techniques are employed to facilitate interoperability among tools and to automate parts of the vulnerability management process by using standards for formatting checklists and test procedures;,Examine; Interview; Test,Quarterly IT and DMZ scan reports; OT sensor vulnerability report (2026-08); KEV comparison by the assessors,EV-RA-5,Satisfied,IT and DMZ systems are scanned quarterly with standard enumeration; results are analyzed,,
RA-5,RA-05b.03,vulnerability monitoring tools and techniques are employed to facilitate interoperability among tools and to automate parts of the vulnerability management process by using standards for measuring vulnerability impact;,Examine; Interview; Test,Quarterly IT and DMZ scan reports; OT sensor vulnerability report (2026-08); KEV comparison by the assessors,EV-RA-5,Satisfied,IT and DMZ systems are scanned quarterly with standard enumeration; results are analyzed,,
RA-5,RA-05c.,vulnerability scan reports and results from vulnerability monitoring are analyzed;,Examine; Interview; Test,Quarterly IT and DMZ scan reports; OT sensor vulnerability report (2026-08); KEV comparison by the assessors,EV-RA-5,Satisfied,IT and DMZ systems are scanned quarterly with standard enumeration; results are analyzed,,
RA-5,RA-05d.,legitimate vulnerabilities are remediated [organization-defined value] in accordance with an organizational assessment of risk;,Examine; Interview; Test,Quarterly IT and DMZ scan reports; OT sensor vulnerability report (2026-08); KEV comparison by the assessors,EV-RA-5,Other than satisfied,No remediation timeframes for OT findings,High,POAM-009
RA-5,RA-05e.,information obtained from the vulnerability monitoring process and control assessments is shared with [organization-defined value] to help eliminate similar vulnerabilities in other systems;,Examine; Interview; Test,Quarterly IT and DMZ scan reports; OT sensor vulnerability report (2026-08); KEV comparison by the assessors,EV-RA-5,Other than satisfied,OT vulnerability information is not shared with the Inland plant or vendors,High,POAM-009
RA-5,RA-05f.,vulnerability monitoring tools that include the capability to readily update the vulnerabilities to be scanned are employed.,Examine; Interview; Test,Quarterly IT and DMZ scan reports; OT sensor vulnerability report (2026-08); KEV comparison by the assessors,EV-RA-5,Satisfied,IT and DMZ systems are scanned quarterly with standard enumeration; results are analyzed,,
SA-9,SA-09a.[01],providers of external system services comply with organizational security requirements;,Examine; Interview; Test,"Vendor files for the DCS integrator, SIS vendor, tank gauging vendor, MSSP, and 11 key SaaS vendors",EV-SA-9,Other than satisfied,OT vendor contracts have no security requirements beyond confidentiality,High,POAM-012
SA-9,SA-09a.[02],providers of external system services comply with organizational privacy requirements;,Examine; Interview; Test,"Vendor files for the DCS integrator, SIS vendor, tank gauging vendor, MSSP, and 11 key SaaS vendors",EV-SA-9,Satisfied,Security requirements are in the MSSP and SaaS contracts,,
SA-9,SA-09a.[03],providers of external system services employ [organization-defined value];,Examine; Interview; Test,"Vendor files for the DCS integrator, SIS vendor, tank gauging vendor, MSSP, and 11 key SaaS vendors",EV-SA-9,Satisfied,Security requirements are in the MSSP and SaaS contracts,,
SA-9,SA-09b.[01],organizational oversight with regard to external system services are defined and documented;,Examine; Interview; Test,"Vendor files for the DCS integrator, SIS vendor, tank gauging vendor, MSSP, and 11 key SaaS vendors",EV-SA-9,Other than satisfied,No oversight process after onboarding,High,POAM-012
SA-9,SA-09b.[02],user roles and responsibilities with regard to external system services are defined and documented;,Examine; Interview; Test,"Vendor files for the DCS integrator, SIS vendor, tank gauging vendor, MSSP, and 11 key SaaS vendors",EV-SA-9,Satisfied,Security requirements are in the MSSP and SaaS contracts,,
SA-9,SA-09c.,[organization-defined value] are employed to monitor control compliance by external service providers on an ongoing basis.,Examine; Interview; Test,"Vendor files for the DCS integrator, SIS vendor, tank gauging vendor, MSSP, and 11 key SaaS vendors",EV-SA-9,Other than satisfied,SOC 2 reports reviewed for 3 of 11 key SaaS vendors; no OT vendor monitoring,High,POAM-012
SC-7,SC-07a.[01],communications at external managed interfaces to the system are monitored;,Examine; Interview; Test,"Firewall rule export (214 rules, all reviewed); reachability tests from the supervisory zone and the business network during the outage",EV-SC-7,Satisfied,External interfaces are monitored and controlled; the DMZ separates public-facing and internal components; no direct business-to-control path,,
SC-7,SC-07a.[02],communications at external managed interfaces to the system are controlled;,Examine; Interview; Test,"Firewall rule export (214 rules, all reviewed); reachability tests from the supervisory zone and the business network during the outage",EV-SC-7,Satisfied,External interfaces are monitored and controlled; the DMZ separates public-facing and internal components; no direct business-to-control path,,
SC-7,SC-07a.[03],communications at key internal managed interfaces within the system are monitored;,Examine; Interview; Test,"Firewall rule export (214 rules, all reviewed); reachability tests from the supervisory zone and the business network during the outage",EV-SC-7,Other than satisfied,Conduit traffic is logged but not monitored,High,POAM-001
SC-7,SC-07a.[04],communications at key internal managed interfaces within the system are controlled;,Examine; Interview; Test,"Firewall rule export (214 rules, all reviewed); reachability tests from the supervisory zone and the business network during the outage",EV-SC-7,Other than satisfied,The tank gauging server web interface was reachable from the whole supervisory zone; 7 rules broader than documented,High,POAM-001
SC-7,SC-07b.,subnetworks for publicly accessible system components are [organization-defined value] separated from internal organizational networks;,Examine; Interview; Test,"Firewall rule export (214 rules, all reviewed); reachability tests from the supervisory zone and the business network during the outage",EV-SC-7,Satisfied,External interfaces are monitored and controlled; the DMZ separates public-facing and internal components; no direct business-to-control path,,
SC-7,SC-07c.,external networks or systems are only connected to through managed interfaces consisting of boundary protection devices arranged in accordance with an organizational security and privacy architecture.,Examine; Interview; Test,"Firewall rule export (214 rules, all reviewed); reachability tests from the supervisory zone and the business network during the outage",EV-SC-7,Satisfied,External interfaces are monitored and controlled; the DMZ separates public-facing and internal components; no direct business-to-control path,,
SI-2,SI-02a.[01],system flaws are identified;,Examine; Interview; Test,Turnaround patch record 2025-10; DCS vendor release notes; sensor vulnerability report,EV-SI-2,Satisfied,Flaws are identified and reported through vendor notices; patches are tested with the vendor before installation,,
SI-2,SI-02a.[02],system flaws are reported;,Examine; Interview; Test,Turnaround patch record 2025-10; DCS vendor release notes; sensor vulnerability report,EV-SI-2,Satisfied,Flaws are identified and reported through vendor notices; patches are tested with the vendor before installation,,
SI-2,SI-02a.[03],system flaws are corrected;,Examine; Interview; Test,Turnaround patch record 2025-10; DCS vendor release notes; sensor vulnerability report,EV-SI-2,Other than satisfied,Flaws in OT are corrected only at the yearly turnaround; DCS one major release behind; 9 end-of-support workstations,High,POAM-009
SI-2,SI-02b.[01],software updates related to flaw remediation are tested for effectiveness before installation;,Examine; Interview; Test,Turnaround patch record 2025-10; DCS vendor release notes; sensor vulnerability report,EV-SI-2,Satisfied,Flaws are identified and reported through vendor notices; patches are tested with the vendor before installation,,
SI-2,SI-02b.[02],software updates related to flaw remediation are tested for potential side effects before installation;,Examine; Interview; Test,Turnaround patch record 2025-10; DCS vendor release notes; sensor vulnerability report,EV-SI-2,Satisfied,Flaws are identified and reported through vendor notices; patches are tested with the vendor before installation,,
SI-2,SI-02b.[03],firmware updates related to flaw remediation are tested for effectiveness before installation;,Examine; Interview; Test,Turnaround patch record 2025-10; DCS vendor release notes; sensor vulnerability report,EV-SI-2,Satisfied,Flaws are identified and reported through vendor notices; patches are tested with the vendor before installation,,
SI-2,SI-02b.[04],firmware updates related to flaw remediation are tested for potential side effects before installation;,Examine; Interview; Test,Turnaround patch record 2025-10; DCS vendor release notes; sensor vulnerability report,EV-SI-2,Satisfied,Flaws are identified and reported through vendor notices; patches are tested with the vendor before installation,,
SI-2,SI-02c.[01],security-relevant software updates are installed within [organization-defined value] of the release of the updates;,Examine; Interview; Test,Turnaround patch record 2025-10; DCS vendor release notes; sensor vulnerability report,EV-SI-2,Other than satisfied,No timeframe for installing security-relevant OT software updates,High,POAM-009
SI-2,SI-02c.[02],security-relevant firmware updates are installed within [organization-defined value] of the release of the updates;,Examine; Interview; Test,Turnaround patch record 2025-10; DCS vendor release notes; sensor vulnerability report,EV-SI-2,Other than satisfied,No timeframe for OT firmware updates,High,POAM-009
SI-2,SI-02d.,flaw remediation is incorporated into the organizational configuration management process.,Examine; Interview; Test,Turnaround patch record 2025-10; DCS vendor release notes; sensor vulnerability report,EV-SI-2,Satisfied,Flaws are identified and reported through vendor notices; patches are tested with the vendor before installation,,
SI-4,SI-04a.01,the system is monitored to detect attacks and indicators of potential attacks in accordance with [organization-defined value];,Examine; Interview; Test,OT sensor configuration and alert mailbox; MSSP statement of work; simulated port scan from the supervisory zone during the outage,EV-SI-4,Other than satisfied,No monitoring objectives defined for OT,High,POAM-004
SI-4,SI-04a.02[01],the system is monitored to detect unauthorized local connections;,Examine; Interview; Test,OT sensor configuration and alert mailbox; MSSP statement of work; simulated port scan from the supervisory zone during the outage,EV-SI-4,Other than satisfied,Unauthorized local connections at field switches not monitored,High,POAM-004
SI-4,SI-04a.02[02],the system is monitored to detect unauthorized network connections;,Examine; Interview; Test,OT sensor configuration and alert mailbox; MSSP statement of work; simulated port scan from the supervisory zone during the outage,EV-SI-4,Satisfied,The OT sensor is deployed at the Port plant core switches and detected the simulated scan,,
SI-4,SI-04a.02[03],the system is monitored to detect unauthorized remote connections;,Examine; Interview; Test,OT sensor configuration and alert mailbox; MSSP statement of work; simulated port scan from the supervisory zone during the outage,EV-SI-4,Satisfied,The OT sensor is deployed at the Port plant core switches and detected the simulated scan,,
SI-4,SI-04b.,unauthorized use of the system is identified through [organization-defined value];,Examine; Interview; Test,OT sensor configuration and alert mailbox; MSSP statement of work; simulated port scan from the supervisory zone during the outage,EV-SI-4,Other than satisfied,Unauthorized use of OT accounts not identified (no DCS log forwarding),High,POAM-004
SI-4,SI-04c.01,internal monitoring capabilities are invoked or monitoring devices are deployed strategically within the system to collect organization-determined essential information;,Examine; Interview; Test,OT sensor configuration and alert mailbox; MSSP statement of work; simulated port scan from the supervisory zone during the outage,EV-SI-4,Satisfied,The OT sensor is deployed at the Port plant core switches and detected the simulated scan,,
SI-4,SI-04c.02,internal monitoring capabilities are invoked or monitoring devices are deployed at ad hoc locations within the system to track specific types of transactions of interest to the organization;,Examine; Interview; Test,OT sensor configuration and alert mailbox; MSSP statement of work; simulated port scan from the supervisory zone during the outage,EV-SI-4,Satisfied,The OT sensor is deployed at the Port plant core switches and detected the simulated scan,,
SI-4,SI-04d.[01],detected events are analyzed;,Examine; Interview; Test,OT sensor configuration and alert mailbox; MSSP statement of work; simulated port scan from the supervisory zone during the outage,EV-SI-4,Other than satisfied,The simulated scan alert was read 19 hours later,High,POAM-004
SI-4,SI-04d.[02],detected anomalies are analyzed;,Examine; Interview; Test,OT sensor configuration and alert mailbox; MSSP statement of work; simulated port scan from the supervisory zone during the outage,EV-SI-4,Other than satisfied,Anomalies analyzed only in business hours,High,POAM-004
SI-4,SI-04e.,"the level of system monitoring activity is adjusted when there is a change in risk to organizational operations and assets, individuals, other organizations, or the Nation;",Examine; Interview; Test,OT sensor configuration and alert mailbox; MSSP statement of work; simulated port scan from the supervisory zone during the outage,EV-SI-4,Other than satisfied,No change in monitoring after the 2026-05 CISA advisory,High,POAM-004
SI-4,SI-04f.,a legal opinion regarding system monitoring activities is obtained;,Examine; Interview; Test,OT sensor configuration and alert mailbox; MSSP statement of work; simulated port scan from the supervisory zone during the outage,EV-SI-4,Satisfied,The OT sensor is deployed at the Port plant core switches and detected the simulated scan,,
SI-4,SI-04g.,[organization-defined value] is provided to [organization-defined value] [organization-defined value].,Examine; Interview; Test,OT sensor configuration and alert mailbox; MSSP statement of work; simulated port scan from the supervisory zone during the outage,EV-SI-4,Other than satisfied,OT alerts not provided to the MSSP or the control room,High,POAM-004
IA-2(1),IA-02(01),multi-factor authentication is implemented for access to privileged accounts.,Test,MFA sign-in test on all 41 gateway and OT administrator accounts,EV-IA-2(1),Satisfied,All 41 privileged accounts required MFA,,
PS-4,PS-04a.,"upon termination of individual employment, system access is disabled within [organization-defined value];",Examine; Interview; Test,25 of 96 terminations (2025-07-01 to 2026-06-30); termination checklist; badge and driver card system,EV-PS-4,Satisfied,Identity provider access disabled the same day for all 25; exit interviews and property return done,,
PS-4,PS-04b.,"upon termination of individual employment, any authenticators and credentials are terminated or revoked;",Examine; Interview; Test,25 of 96 terminations (2025-07-01 to 2026-06-30); termination checklist; badge and driver card system,EV-PS-4,Other than satisfied,3 DCS accounts and 2 driver cards not revoked at termination,Moderate,POAM-002
PS-4,PS-04c.,"upon termination of individual employment, exit interviews that include a discussion of [organization-defined value] are conducted;",Examine; Interview; Test,25 of 96 terminations (2025-07-01 to 2026-06-30); termination checklist; badge and driver card system,EV-PS-4,Satisfied,Identity provider access disabled the same day for all 25; exit interviews and property return done,,
PS-4,PS-04d.,"upon termination of individual employment, all security-related organizational system-related property is retrieved;",Examine; Interview; Test,25 of 96 terminations (2025-07-01 to 2026-06-30); termination checklist; badge and driver card system,EV-PS-4,Satisfied,Identity provider access disabled the same day for all 25; exit interviews and property return done,,
PS-4,PS-04e.,"upon termination of individual employment, access to organizational information and systems formerly controlled by the terminated individual are retained.",Examine; Interview; Test,25 of 96 terminations (2025-07-01 to 2026-06-30); termination checklist; badge and driver card system,EV-PS-4,Satisfied,Identity provider access disabled the same day for all 25; exit interviews and property return done,,
SR-8,SR-08,"agreements and procedures are established with entities involved in the supply chain for the system, system components, or system service for [organization-defined value].",Examine; Interview,"Contracts for the DCS integrator, SIS vendor, tank gauging vendor, Inland integrator, MSSP",EV-SR-8,Other than satisfied,No notification agreements for compromises or vulnerabilities with any OT vendor (the MSSP contract has one),High,POAM-012
