control_id,objective_id,determination_statement_summary,method,assessment_object,evidence_ref,finding,finding_detail,risk_level,poam_id
AC-2,AC-02a.[01],account types allowed for use within the system are defined and documented;,Examine; Interview; Test,"OT access workflow; OT domain export; shared account register; HR leaver and mover records; Director of SCADA Engineering interview. Population: 412 OT account changes (2026-01-01 to 2026-06-30); 118 departures and transfers of station staff; 1,450 OT domain accounts. Sample: 60 account changes (random); 25 departures and transfers (random); 100% of accounts (data analytic)",EV-AC-2,Satisfied,"Sampled changes matched approved requests, role templates, and owner approvals",,
AC-2,AC-02a.[02],account types specifically prohibited for use within the system are defined and documented;,Examine; Interview; Test,"OT access workflow; OT domain export; shared account register; HR leaver and mover records; Director of SCADA Engineering interview. Population: 412 OT account changes (2026-01-01 to 2026-06-30); 118 departures and transfers of station staff; 1,450 OT domain accounts. Sample: 60 account changes (random); 25 departures and transfers (random); 100% of accounts (data analytic)",EV-AC-2,Satisfied,"Sampled changes matched approved requests, role templates, and owner approvals",,
AC-2,AC-02b.,account managers are assigned;,Examine; Interview; Test,"OT access workflow; OT domain export; shared account register; HR leaver and mover records; Director of SCADA Engineering interview. Population: 412 OT account changes (2026-01-01 to 2026-06-30); 118 departures and transfers of station staff; 1,450 OT domain accounts. Sample: 60 account changes (random); 25 departures and transfers (random); 100% of accounts (data analytic)",EV-AC-2,Satisfied,"Sampled changes matched approved requests, role templates, and owner approvals",,
AC-2,AC-02c.,[organization-defined value] for group and role membership are required;,Examine; Interview; Test,"OT access workflow; OT domain export; shared account register; HR leaver and mover records; Director of SCADA Engineering interview. Population: 412 OT account changes (2026-01-01 to 2026-06-30); 118 departures and transfers of station staff; 1,450 OT domain accounts. Sample: 60 account changes (random); 25 departures and transfers (random); 100% of accounts (data analytic)",EV-AC-2,Satisfied,"Sampled changes matched approved requests, role templates, and owner approvals",,
AC-2,AC-02d.01,authorized users of the system are specified;,Examine; Interview; Test,"OT access workflow; OT domain export; shared account register; HR leaver and mover records; Director of SCADA Engineering interview. Population: 412 OT account changes (2026-01-01 to 2026-06-30); 118 departures and transfers of station staff; 1,450 OT domain accounts. Sample: 60 account changes (random); 25 departures and transfers (random); 100% of accounts (data analytic)",EV-AC-2,Satisfied,"Sampled changes matched approved requests, role templates, and owner approvals",,
AC-2,AC-02d.02,group and role membership are specified;,Examine; Interview; Test,"OT access workflow; OT domain export; shared account register; HR leaver and mover records; Director of SCADA Engineering interview. Population: 412 OT account changes (2026-01-01 to 2026-06-30); 118 departures and transfers of station staff; 1,450 OT domain accounts. Sample: 60 account changes (random); 25 departures and transfers (random); 100% of accounts (data analytic)",EV-AC-2,Satisfied,"Sampled changes matched approved requests, role templates, and owner approvals",,
AC-2,AC-02d.03[01],"access authorizations (i.e., privileges) are specified for each account;",Examine; Interview; Test,"OT access workflow; OT domain export; shared account register; HR leaver and mover records; Director of SCADA Engineering interview. Population: 412 OT account changes (2026-01-01 to 2026-06-30); 118 departures and transfers of station staff; 1,450 OT domain accounts. Sample: 60 account changes (random); 25 departures and transfers (random); 100% of accounts (data analytic)",EV-AC-2,Satisfied,"Sampled changes matched approved requests, role templates, and owner approvals",,
AC-2,AC-02d.03[02],[organization-defined value] are specified for each account;,Examine; Interview; Test,"OT access workflow; OT domain export; shared account register; HR leaver and mover records; Director of SCADA Engineering interview. Population: 412 OT account changes (2026-01-01 to 2026-06-30); 118 departures and transfers of station staff; 1,450 OT domain accounts. Sample: 60 account changes (random); 25 departures and transfers (random); 100% of accounts (data analytic)",EV-AC-2,Satisfied,"Sampled changes matched approved requests, role templates, and owner approvals",,
AC-2,AC-02e.,approvals are required by [organization-defined value] for requests to create accounts;,Examine; Interview; Test,"OT access workflow; OT domain export; shared account register; HR leaver and mover records; Director of SCADA Engineering interview. Population: 412 OT account changes (2026-01-01 to 2026-06-30); 118 departures and transfers of station staff; 1,450 OT domain accounts. Sample: 60 account changes (random); 25 departures and transfers (random); 100% of accounts (data analytic)",EV-AC-2,Satisfied,"Sampled changes matched approved requests, role templates, and owner approvals",,
AC-2,AC-02f.[01],accounts are created in accordance with [organization-defined value];,Examine; Interview; Test,"OT access workflow; OT domain export; shared account register; HR leaver and mover records; Director of SCADA Engineering interview. Population: 412 OT account changes (2026-01-01 to 2026-06-30); 118 departures and transfers of station staff; 1,450 OT domain accounts. Sample: 60 account changes (random); 25 departures and transfers (random); 100% of accounts (data analytic)",EV-AC-2,Satisfied,"Sampled changes matched approved requests, role templates, and owner approvals",,
AC-2,AC-02f.[02],accounts are enabled in accordance with [organization-defined value];,Examine; Interview; Test,"OT access workflow; OT domain export; shared account register; HR leaver and mover records; Director of SCADA Engineering interview. Population: 412 OT account changes (2026-01-01 to 2026-06-30); 118 departures and transfers of station staff; 1,450 OT domain accounts. Sample: 60 account changes (random); 25 departures and transfers (random); 100% of accounts (data analytic)",EV-AC-2,Satisfied,"Sampled changes matched approved requests, role templates, and owner approvals",,
AC-2,AC-02f.[03],accounts are modified in accordance with [organization-defined value];,Examine; Interview; Test,"OT access workflow; OT domain export; shared account register; HR leaver and mover records; Director of SCADA Engineering interview. Population: 412 OT account changes (2026-01-01 to 2026-06-30); 118 departures and transfers of station staff; 1,450 OT domain accounts. Sample: 60 account changes (random); 25 departures and transfers (random); 100% of accounts (data analytic)",EV-AC-2,Satisfied,"Sampled changes matched approved requests, role templates, and owner approvals",,
AC-2,AC-02f.[04],accounts are disabled in accordance with [organization-defined value];,Examine; Interview; Test,"OT access workflow; OT domain export; shared account register; HR leaver and mover records; Director of SCADA Engineering interview. Population: 412 OT account changes (2026-01-01 to 2026-06-30); 118 departures and transfers of station staff; 1,450 OT domain accounts. Sample: 60 account changes (random); 25 departures and transfers (random); 100% of accounts (data analytic)",EV-AC-2,Satisfied,"Sampled changes matched approved requests, role templates, and owner approvals",,
AC-2,AC-02f.[05],accounts are removed in accordance with [organization-defined value];,Examine; Interview; Test,"OT access workflow; OT domain export; shared account register; HR leaver and mover records; Director of SCADA Engineering interview. Population: 412 OT account changes (2026-01-01 to 2026-06-30); 118 departures and transfers of station staff; 1,450 OT domain accounts. Sample: 60 account changes (random); 25 departures and transfers (random); 100% of accounts (data analytic)",EV-AC-2,Satisfied,"Sampled changes matched approved requests, role templates, and owner approvals",,
AC-2,AC-02g.,the use of accounts is monitored;,Examine; Interview; Test,"OT access workflow; OT domain export; shared account register; HR leaver and mover records; Director of SCADA Engineering interview. Population: 412 OT account changes (2026-01-01 to 2026-06-30); 118 departures and transfers of station staff; 1,450 OT domain accounts. Sample: 60 account changes (random); 25 departures and transfers (random); 100% of accounts (data analytic)",EV-AC-2,Satisfied,"Sampled changes matched approved requests, role templates, and owner approvals",,
AC-2,AC-02h.01,account managers and [organization-defined value] are notified within [organization-defined value] when accounts are no longer required;,Examine; Interview; Test,"OT access workflow; OT domain export; shared account register; HR leaver and mover records; Director of SCADA Engineering interview. Population: 412 OT account changes (2026-01-01 to 2026-06-30); 118 departures and transfers of station staff; 1,450 OT domain accounts. Sample: 60 account changes (random); 25 departures and transfers (random); 100% of accounts (data analytic)",EV-AC-2,Satisfied,"Sampled changes matched approved requests, role templates, and owner approvals",,
AC-2,AC-02h.02,account managers and [organization-defined value] are notified within [organization-defined value] when users are terminated or transferred;,Examine; Interview; Test,"OT access workflow; OT domain export; shared account register; HR leaver and mover records; Director of SCADA Engineering interview. Population: 412 OT account changes (2026-01-01 to 2026-06-30); 118 departures and transfers of station staff; 1,450 OT domain accounts. Sample: 60 account changes (random); 25 departures and transfers (random); 100% of accounts (data analytic)",EV-AC-2,Satisfied,"Sampled changes matched approved requests, role templates, and owner approvals",,
AC-2,AC-02h.03,account managers and [organization-defined value] are notified within [organization-defined value] when system usage or the need to know changes for an indiv...,Examine; Interview; Test,"OT access workflow; OT domain export; shared account register; HR leaver and mover records; Director of SCADA Engineering interview. Population: 412 OT account changes (2026-01-01 to 2026-06-30); 118 departures and transfers of station staff; 1,450 OT domain accounts. Sample: 60 account changes (random); 25 departures and transfers (random); 100% of accounts (data analytic)",EV-AC-2,Satisfied,"Sampled changes matched approved requests, role templates, and owner approvals",,
AC-2,AC-02i.01,access to the system is authorized based on a valid access authorization;,Examine; Interview; Test,"OT access workflow; OT domain export; shared account register; HR leaver and mover records; Director of SCADA Engineering interview. Population: 412 OT account changes (2026-01-01 to 2026-06-30); 118 departures and transfers of station staff; 1,450 OT domain accounts. Sample: 60 account changes (random); 25 departures and transfers (random); 100% of accounts (data analytic)",EV-AC-2,Satisfied,"Sampled changes matched approved requests, role templates, and owner approvals",,
AC-2,AC-02i.02,access to the system is authorized based on intended system usage;,Examine; Interview; Test,"OT access workflow; OT domain export; shared account register; HR leaver and mover records; Director of SCADA Engineering interview. Population: 412 OT account changes (2026-01-01 to 2026-06-30); 118 departures and transfers of station staff; 1,450 OT domain accounts. Sample: 60 account changes (random); 25 departures and transfers (random); 100% of accounts (data analytic)",EV-AC-2,Satisfied,"Sampled changes matched approved requests, role templates, and owner approvals",,
AC-2,AC-02i.03,access to the system is authorized based on [organization-defined value];,Examine; Interview; Test,"OT access workflow; OT domain export; shared account register; HR leaver and mover records; Director of SCADA Engineering interview. Population: 412 OT account changes (2026-01-01 to 2026-06-30); 118 departures and transfers of station staff; 1,450 OT domain accounts. Sample: 60 account changes (random); 25 departures and transfers (random); 100% of accounts (data analytic)",EV-AC-2,Satisfied,"Sampled changes matched approved requests, role templates, and owner approvals",,
AC-2,AC-02j.,accounts are reviewed for compliance with account management requirements [organization-defined value];,Examine; Interview; Test,"OT access workflow; OT domain export; shared account register; HR leaver and mover records; Director of SCADA Engineering interview. Population: 412 OT account changes (2026-01-01 to 2026-06-30); 118 departures and transfers of station staff; 1,450 OT domain accounts. Sample: 60 account changes (random); 25 departures and transfers (random); 100% of accounts (data analytic)",EV-AC-2,Satisfied,"Sampled changes matched approved requests, role templates, and owner approvals",,
AC-2,AC-02k.[01],a process is established for changing shared or group account authenticators (if deployed) when individuals are removed from the group;,Examine; Interview; Test,"OT access workflow; OT domain export; shared account register; HR leaver and mover records; Director of SCADA Engineering interview. Population: 412 OT account changes (2026-01-01 to 2026-06-30); 118 departures and transfers of station staff; 1,450 OT domain accounts. Sample: 60 account changes (random); 25 departures and transfers (random); 100% of accounts (data analytic)",EV-AC-2,Satisfied,"Sampled changes matched approved requests, role templates, and owner approvals",,
AC-2,AC-02k.[02],a process is implemented for changing shared or group account authenticators (if deployed) when individuals are removed from the group;,Examine; Interview; Test,"OT access workflow; OT domain export; shared account register; HR leaver and mover records; Director of SCADA Engineering interview. Population: 412 OT account changes (2026-01-01 to 2026-06-30); 118 departures and transfers of station staff; 1,450 OT domain accounts. Sample: 60 account changes (random); 25 departures and transfers (random); 100% of accounts (data analytic)",EV-AC-2,Other than satisfied,Process exists but was not followed for 4 of 25 sampled departures and transfers: shared station passwords not changed,High,POAM-001
AC-2,AC-02l.[01],account management processes are aligned with personnel termination processes;,Examine; Interview; Test,"OT access workflow; OT domain export; shared account register; HR leaver and mover records; Director of SCADA Engineering interview. Population: 412 OT account changes (2026-01-01 to 2026-06-30); 118 departures and transfers of station staff; 1,450 OT domain accounts. Sample: 60 account changes (random); 25 departures and transfers (random); 100% of accounts (data analytic)",EV-AC-2,Satisfied,"Sampled changes matched approved requests, role templates, and owner approvals",,
AC-2,AC-02l.[02],account management processes are aligned with personnel transfer processes.,Examine; Interview; Test,"OT access workflow; OT domain export; shared account register; HR leaver and mover records; Director of SCADA Engineering interview. Population: 412 OT account changes (2026-01-01 to 2026-06-30); 118 departures and transfers of station staff; 1,450 OT domain accounts. Sample: 60 account changes (random); 25 departures and transfers (random); 100% of accounts (data analytic)",EV-AC-2,Other than satisfied,3 of 60 sampled accounts of transferred staff kept OT access beyond 5 business days; transfers do not trigger an OT review,Moderate,POAM-008
AC-2(1),AC-02(01),the management of system accounts is supported using [organization-defined value].,Examine; Test,Workflow logs; OT domain and PS-3 legacy SCADA account exports. Population: HR leaver events for staff with OT accounts (2026-01-01 to 2026-06-30). Sample: 100% (data analytic),EV-AC-2(1),Other than satisfied,"PS-3 legacy SCADA accounts are disabled manually from a weekly report, outside the automated workflow",High,POAM-016
AC-4,AC-04,approved authorizations are enforced for controlling the flow of information within the system and between connected systems based on [organization-defined v...,Examine; Test,DMZ firewall exports; data diode and replica configuration. Population: n/a (configuration). Sample: DMZ firewall rules at both GCCs inspected; one-way transfer to the historian replica tested,EV-AC-4,Satisfied,"Flows between business, DMZ, and control zones are enforced; historian data leaves only one way",,
AC-5,AC-05a.,[organization-defined value] are identified and documented;,Examine; Interview,Role matrix; configuration release approvals. Population: 64 users with SCADA configuration rights. Sample: 100%,EV-AC-5,Satisfied,Configuration changes need a second approver; no user both makes and approves a release,,
AC-5,AC-05b.,system access authorizations to support separation of duties are defined.,Examine; Interview,Role matrix; configuration release approvals. Population: 64 users with SCADA configuration rights. Sample: 100%,EV-AC-5,Satisfied,Configuration changes need a second approver; no user both makes and approves a release,,
AC-6,AC-06,"the principle of least privilege is employed, allowing only authorized accesses for users (or processes acting on behalf of users) that are necessary to acco...",Examine; Test,"Role templates; account permissions. Population: 1,450 OT domain accounts. Sample: 25 accounts (random)",EV-AC-6,Satisfied,Sampled accounts held only the rights in their role template; only controller roles can command field devices,,
AC-6(9),AC-06(09),the execution of privileged functions is logged.,Examine; Test,OT privileged access session logs; SIEM. Population: n/a (configuration). Sample: OT privileged access logs inspected for 5 days (random),EV-AC-6(9),Satisfied,Privileged functions in the OT domain and on SCADA hosts are logged and forwarded,,
AC-17,AC-17a.[01],usage restrictions are established and documented for each type of remote access allowed;,Examine; Interview; Test,"STD-02.3 and STD-02.4; gateway records; modem inventory; architecture design review 2025-04. Population: About 210 vendor users; 2,316 gateway sessions (2026-01-01 to 2026-06-30); modem inventories at 96 stations. Sample: 25 sessions (random); 100% of modem inventories; 6 stations visited",EV-AC-17,Satisfied,"Gateway sessions were approved, used MFA, and were recorded",,
AC-17,AC-17a.[02],configuration/connection requirements are established and documented for each type of remote access allowed;,Examine; Interview; Test,"STD-02.3 and STD-02.4; gateway records; modem inventory; architecture design review 2025-04. Population: About 210 vendor users; 2,316 gateway sessions (2026-01-01 to 2026-06-30); modem inventories at 96 stations. Sample: 25 sessions (random); 100% of modem inventories; 6 stations visited",EV-AC-17,Satisfied,"Gateway sessions were approved, used MFA, and were recorded",,
AC-17,AC-17a.[03],implementation guidance is established and documented for each type of remote access allowed;,Examine; Interview; Test,"STD-02.3 and STD-02.4; gateway records; modem inventory; architecture design review 2025-04. Population: About 210 vendor users; 2,316 gateway sessions (2026-01-01 to 2026-06-30); modem inventories at 96 stations. Sample: 25 sessions (random); 100% of modem inventories; 6 stations visited",EV-AC-17,Satisfied,"Gateway sessions were approved, used MFA, and were recorded",,
AC-17,AC-17b.,each type of remote access to the system is authorized prior to allowing such connections.,Examine; Interview; Test,"STD-02.3 and STD-02.4; gateway records; modem inventory; architecture design review 2025-04. Population: About 210 vendor users; 2,316 gateway sessions (2026-01-01 to 2026-06-30); modem inventories at 96 stations. Sample: 25 sessions (random); 100% of modem inventories; 6 stations visited",EV-AC-17,Other than satisfied,7 always-on cellular modems at 5 stations allow vendor connections without per-connection authorization,High,POAM-004
AT-3,AT-03a.01[01],"role-based security training is provided to [organization-defined value] before authorizing access to the system, information, or performing assigned duties;",Examine; Interview,"Learning system records; simulator scenarios; Vice President, Gas Control interview. Population: About 150 GCC controllers; 18 PS-3 controllers; about 60 OT engineers. Sample: 25 controllers (random); all 18 PS-3 controllers; 25 OT engineers (random)",EV-AT-3,Satisfied,"Role-based training exists, is updated each year, and includes lessons from incidents",,
AT-3,AT-03a.01[02],"role-based privacy training is provided to [organization-defined value] before authorizing access to the system, information, or performing assigned duties;",Examine; Interview,"Learning system records; simulator scenarios; Vice President, Gas Control interview. Population: About 150 GCC controllers; 18 PS-3 controllers; about 60 OT engineers. Sample: 25 controllers (random); all 18 PS-3 controllers; 25 OT engineers (random)",EV-AT-3,Satisfied,"Role-based training exists, is updated each year, and includes lessons from incidents",,
AT-3,AT-03a.01[03],role-based security training is provided to [organization-defined value] [organization-defined value] thereafter;,Examine; Interview,"Learning system records; simulator scenarios; Vice President, Gas Control interview. Population: About 150 GCC controllers; 18 PS-3 controllers; about 60 OT engineers. Sample: 25 controllers (random); all 18 PS-3 controllers; 25 OT engineers (random)",EV-AT-3,Other than satisfied,PS-3 controllers have not completed the cyber AOC simulator module; 6 of 25 sampled OT engineers past due for ICS training,Low,POAM-017
AT-3,AT-03a.01[04],role-based privacy training is provided to [organization-defined value] [organization-defined value] thereafter;,Examine; Interview,"Learning system records; simulator scenarios; Vice President, Gas Control interview. Population: About 150 GCC controllers; 18 PS-3 controllers; about 60 OT engineers. Sample: 25 controllers (random); all 18 PS-3 controllers; 25 OT engineers (random)",EV-AT-3,Satisfied,"Role-based training exists, is updated each year, and includes lessons from incidents",,
AT-3,AT-03a.02[01],role-based security training is provided to personnel with assigned security roles and responsibilities when required by system changes;,Examine; Interview,"Learning system records; simulator scenarios; Vice President, Gas Control interview. Population: About 150 GCC controllers; 18 PS-3 controllers; about 60 OT engineers. Sample: 25 controllers (random); all 18 PS-3 controllers; 25 OT engineers (random)",EV-AT-3,Satisfied,"Role-based training exists, is updated each year, and includes lessons from incidents",,
AT-3,AT-03a.02[02],role-based privacy training is provided to personnel with assigned security roles and responsibilities when required by system changes;,Examine; Interview,"Learning system records; simulator scenarios; Vice President, Gas Control interview. Population: About 150 GCC controllers; 18 PS-3 controllers; about 60 OT engineers. Sample: 25 controllers (random); all 18 PS-3 controllers; 25 OT engineers (random)",EV-AT-3,Satisfied,"Role-based training exists, is updated each year, and includes lessons from incidents",,
AT-3,AT-03b.[01],role-based training content is updated [organization-defined value];,Examine; Interview,"Learning system records; simulator scenarios; Vice President, Gas Control interview. Population: About 150 GCC controllers; 18 PS-3 controllers; about 60 OT engineers. Sample: 25 controllers (random); all 18 PS-3 controllers; 25 OT engineers (random)",EV-AT-3,Satisfied,"Role-based training exists, is updated each year, and includes lessons from incidents",,
AT-3,AT-03b.[02],role-based training content is updated following [organization-defined value];,Examine; Interview,"Learning system records; simulator scenarios; Vice President, Gas Control interview. Population: About 150 GCC controllers; 18 PS-3 controllers; about 60 OT engineers. Sample: 25 controllers (random); all 18 PS-3 controllers; 25 OT engineers (random)",EV-AT-3,Satisfied,"Role-based training exists, is updated each year, and includes lessons from incidents",,
AT-3,AT-03c.,lessons learned from internal or external security incidents or breaches are incorporated into role-based training.,Examine; Interview,"Learning system records; simulator scenarios; Vice President, Gas Control interview. Population: About 150 GCC controllers; 18 PS-3 controllers; about 60 OT engineers. Sample: 25 controllers (random); all 18 PS-3 controllers; 25 OT engineers (random)",EV-AT-3,Satisfied,"Role-based training exists, is updated each year, and includes lessons from incidents",,
AU-6,AU-06a.,system audit records are reviewed and analyzed [organization-defined value] for indications of [organization-defined value] and the potential impact of the i...,Examine; Interview; Test,"SOC review records; SIEM source list; Director of Security Operations interview. Population: 26 weeks of OT monitoring cell review records; about 1,180 expected OT log sources. Sample: 5 weeks (random); 100% of log sources",EV-AU-6,Other than satisfied,"Logs from 22 compressor stations are not forwarded, so they are not reviewed except during investigations",Moderate,POAM-006
AU-6,AU-06b.,findings are reported to [organization-defined value];,Examine; Interview; Test,"SOC review records; SIEM source list; Director of Security Operations interview. Population: 26 weeks of OT monitoring cell review records; about 1,180 expected OT log sources. Sample: 5 weeks (random); 100% of log sources",EV-AU-6,Satisfied,Reviews occurred as scheduled for forwarded sources and findings were reported,,
AU-6,AU-06c.,"the level of audit record review, analysis, and reporting within the system is adjusted when there is a change in risk based on law enforcement information,...",Examine; Interview; Test,"SOC review records; SIEM source list; Director of Security Operations interview. Population: 26 weeks of OT monitoring cell review records; about 1,180 expected OT log sources. Sample: 5 weeks (random); 100% of log sources",EV-AU-6,Satisfied,Reviews occurred as scheduled for forwarded sources and findings were reported,,
AU-11,AU-11,audit records are retained for [organization-defined value] to provide support for after-the-fact investigations of incidents and to meet regulatory and orga...,Examine; Test,"SIEM and archive retention settings; station HMI settings. Population: About 1,180 OT log sources. Sample: 100% (retention settings)",EV-AU-11,Other than satisfied,"22 compressor stations keep logs locally for 90 days only, against the 12-month standard",Moderate,POAM-006
AU-12,AU-12a.,audit record generation capability for the event types the system is capable of auditing (defined in AU-02_ODP[01]) is provided by [organization-defined value];,Examine; Test,"Audit configuration exports. Population: n/a (configuration). Sample: 4 SCADA hosts, 2 gateway nodes, 2 OT domain controllers, and 4 station HMIs (2 legacy)",EV-AU-12,Other than satisfied,Legacy station HMIs at 22 stations cannot generate most STD-01.4 event types,Moderate,POAM-006
AU-12,AU-12b.,[organization-defined value] is/are allowed to select the event types that are to be logged by specific components of the system;,Examine; Test,"Audit configuration exports. Population: n/a (configuration). Sample: 4 SCADA hosts, 2 gateway nodes, 2 OT domain controllers, and 4 station HMIs (2 legacy)",EV-AU-12,Satisfied,Audit generation enabled with the STD-01.4 event list on modern components,,
AU-12,AU-12c.,audit records for the event types defined in AU-02_ODP[02] that include the audit record content defined in AU-03 are generated.,Examine; Test,"Audit configuration exports. Population: n/a (configuration). Sample: 4 SCADA hosts, 2 gateway nodes, 2 OT domain controllers, and 4 station HMIs (2 legacy)",EV-AU-12,Satisfied,Audit generation enabled with the STD-01.4 event list on modern components,,
CA-2,CA-02a.,an appropriate assessor or assessment team is selected for the type of assessment to be conducted;,Examine; Interview,Assessment Plan approved 2025-11-14; assessment schedule; Director of OT Security interview. Population: n/a. Sample: Cybersecurity Assessment Plan; 2025 annual report; architecture design review 2025-04,EV-CA-2,Satisfied,"Assessment plan, independence, schedule (38% of measures this cycle), and reporting meet the plan",,
CA-2,CA-02b.01,"a control assessment plan is developed that describes the scope of the assessment, including controls and control enhancements under assessment;",Examine; Interview,Assessment Plan approved 2025-11-14; assessment schedule; Director of OT Security interview. Population: n/a. Sample: Cybersecurity Assessment Plan; 2025 annual report; architecture design review 2025-04,EV-CA-2,Satisfied,"Assessment plan, independence, schedule (38% of measures this cycle), and reporting meet the plan",,
CA-2,CA-02b.02,"a control assessment plan is developed that describes the scope of the assessment, including assessment procedures to be used to determine control effectiven...",Examine; Interview,Assessment Plan approved 2025-11-14; assessment schedule; Director of OT Security interview. Population: n/a. Sample: Cybersecurity Assessment Plan; 2025 annual report; architecture design review 2025-04,EV-CA-2,Satisfied,"Assessment plan, independence, schedule (38% of measures this cycle), and reporting meet the plan",,
CA-2,CA-02b.03[01],"a control assessment plan is developed that describes the scope of the assessment, including the assessment environment;",Examine; Interview,Assessment Plan approved 2025-11-14; assessment schedule; Director of OT Security interview. Population: n/a. Sample: Cybersecurity Assessment Plan; 2025 annual report; architecture design review 2025-04,EV-CA-2,Satisfied,"Assessment plan, independence, schedule (38% of measures this cycle), and reporting meet the plan",,
CA-2,CA-02b.03[02],"a control assessment plan is developed that describes the scope of the assessment, including the assessment team;",Examine; Interview,Assessment Plan approved 2025-11-14; assessment schedule; Director of OT Security interview. Population: n/a. Sample: Cybersecurity Assessment Plan; 2025 annual report; architecture design review 2025-04,EV-CA-2,Satisfied,"Assessment plan, independence, schedule (38% of measures this cycle), and reporting meet the plan",,
CA-2,CA-02b.03[03],"a control assessment plan is developed that describes the scope of the assessment, including assessment roles and responsibilities;",Examine; Interview,Assessment Plan approved 2025-11-14; assessment schedule; Director of OT Security interview. Population: n/a. Sample: Cybersecurity Assessment Plan; 2025 annual report; architecture design review 2025-04,EV-CA-2,Satisfied,"Assessment plan, independence, schedule (38% of measures this cycle), and reporting meet the plan",,
CA-2,CA-02c.,the control assessment plan is reviewed and approved by the authorizing official or designated representative prior to conducting the assessment;,Examine; Interview,Assessment Plan approved 2025-11-14; assessment schedule; Director of OT Security interview. Population: n/a. Sample: Cybersecurity Assessment Plan; 2025 annual report; architecture design review 2025-04,EV-CA-2,Satisfied,"Assessment plan, independence, schedule (38% of measures this cycle), and reporting meet the plan",,
CA-2,CA-02d.[01],controls are assessed in the system and its environment of operation [organization-defined value] to determine the extent to which the controls are implement...,Examine; Interview,Assessment Plan approved 2025-11-14; assessment schedule; Director of OT Security interview. Population: n/a. Sample: Cybersecurity Assessment Plan; 2025 annual report; architecture design review 2025-04,EV-CA-2,Satisfied,"Assessment plan, independence, schedule (38% of measures this cycle), and reporting meet the plan",,
CA-2,CA-02d.[02],controls are assessed in the system and its environment of operation [organization-defined value] to determine the extent to which the controls are implement...,Examine; Interview,Assessment Plan approved 2025-11-14; assessment schedule; Director of OT Security interview. Population: n/a. Sample: Cybersecurity Assessment Plan; 2025 annual report; architecture design review 2025-04,EV-CA-2,Satisfied,"Assessment plan, independence, schedule (38% of measures this cycle), and reporting meet the plan",,
CA-2,CA-02e.,a control assessment report is produced that documents the results of the assessment;,Examine; Interview,Assessment Plan approved 2025-11-14; assessment schedule; Director of OT Security interview. Population: n/a. Sample: Cybersecurity Assessment Plan; 2025 annual report; architecture design review 2025-04,EV-CA-2,Satisfied,"Assessment plan, independence, schedule (38% of measures this cycle), and reporting meet the plan",,
CA-2,CA-02f.,the results of the control assessment are provided to [organization-defined value].,Examine; Interview,Assessment Plan approved 2025-11-14; assessment schedule; Director of OT Security interview. Population: n/a. Sample: Cybersecurity Assessment Plan; 2025 annual report; architecture design review 2025-04,EV-CA-2,Satisfied,"Assessment plan, independence, schedule (38% of measures this cycle), and reporting meet the plan",,
CA-7,CA-07[01],a system-level continuous monitoring strategy is developed;,Examine; Interview,Continuous monitoring strategy; metric packages; risk committee reports. Population: 6 monthly OT security metric packages. Sample: 3 months (random),EV-CA-7,Satisfied,"Metrics defined, collected, analyzed, and reported. The PSGCS holds no personal information beyond account data; privacy status is reported by the enterprise privacy program",,
CA-7,CA-07[02],system-level continuous monitoring is implemented in accordance with the organization-level continuous monitoring strategy;,Examine; Interview,Continuous monitoring strategy; metric packages; risk committee reports. Population: 6 monthly OT security metric packages. Sample: 3 months (random),EV-CA-7,Satisfied,"Metrics defined, collected, analyzed, and reported. The PSGCS holds no personal information beyond account data; privacy status is reported by the enterprise privacy program",,
CA-7,CA-07a.,system-level continuous monitoring includes establishment of the following system-level metrics to be monitored: [organization-defined value];,Examine; Interview,Continuous monitoring strategy; metric packages; risk committee reports. Population: 6 monthly OT security metric packages. Sample: 3 months (random),EV-CA-7,Satisfied,"Metrics defined, collected, analyzed, and reported. The PSGCS holds no personal information beyond account data; privacy status is reported by the enterprise privacy program",,
CA-7,CA-07b.[01],system-level continuous monitoring includes established [organization-defined value] for monitoring;,Examine; Interview,Continuous monitoring strategy; metric packages; risk committee reports. Population: 6 monthly OT security metric packages. Sample: 3 months (random),EV-CA-7,Satisfied,"Metrics defined, collected, analyzed, and reported. The PSGCS holds no personal information beyond account data; privacy status is reported by the enterprise privacy program",,
CA-7,CA-07b.[02],system-level continuous monitoring includes established [organization-defined value] for assessment of control effectiveness;,Examine; Interview,Continuous monitoring strategy; metric packages; risk committee reports. Population: 6 monthly OT security metric packages. Sample: 3 months (random),EV-CA-7,Satisfied,"Metrics defined, collected, analyzed, and reported. The PSGCS holds no personal information beyond account data; privacy status is reported by the enterprise privacy program",,
CA-7,CA-07c.,system-level continuous monitoring includes ongoing control assessments in accordance with the continuous monitoring strategy;,Examine; Interview,Continuous monitoring strategy; metric packages; risk committee reports. Population: 6 monthly OT security metric packages. Sample: 3 months (random),EV-CA-7,Satisfied,"Metrics defined, collected, analyzed, and reported. The PSGCS holds no personal information beyond account data; privacy status is reported by the enterprise privacy program",,
CA-7,CA-07d.,system-level continuous monitoring includes ongoing monitoring of system and organization-defined metrics in accordance with the continuous monitoring strategy;,Examine; Interview,Continuous monitoring strategy; metric packages; risk committee reports. Population: 6 monthly OT security metric packages. Sample: 3 months (random),EV-CA-7,Satisfied,"Metrics defined, collected, analyzed, and reported. The PSGCS holds no personal information beyond account data; privacy status is reported by the enterprise privacy program",,
CA-7,CA-07e.,system-level continuous monitoring includes correlation and analysis of information generated by control assessments and monitoring;,Examine; Interview,Continuous monitoring strategy; metric packages; risk committee reports. Population: 6 monthly OT security metric packages. Sample: 3 months (random),EV-CA-7,Satisfied,"Metrics defined, collected, analyzed, and reported. The PSGCS holds no personal information beyond account data; privacy status is reported by the enterprise privacy program",,
CA-7,CA-07f.,system-level continuous monitoring includes response actions to address the results of the analysis of control assessment and monitoring information;,Examine; Interview,Continuous monitoring strategy; metric packages; risk committee reports. Population: 6 monthly OT security metric packages. Sample: 3 months (random),EV-CA-7,Satisfied,"Metrics defined, collected, analyzed, and reported. The PSGCS holds no personal information beyond account data; privacy status is reported by the enterprise privacy program",,
CA-7,CA-07g.[01],system-level continuous monitoring includes reporting the security status of the system to [organization-defined value] [organization-defined value];,Examine; Interview,Continuous monitoring strategy; metric packages; risk committee reports. Population: 6 monthly OT security metric packages. Sample: 3 months (random),EV-CA-7,Satisfied,"Metrics defined, collected, analyzed, and reported. The PSGCS holds no personal information beyond account data; privacy status is reported by the enterprise privacy program",,
CA-7,CA-07g.[02],system-level continuous monitoring includes reporting the privacy status of the system to [organization-defined value] [organization-defined value].,Examine; Interview,Continuous monitoring strategy; metric packages; risk committee reports. Population: 6 monthly OT security metric packages. Sample: 3 months (random),EV-CA-7,Satisfied,"Metrics defined, collected, analyzed, and reported. The PSGCS holds no personal information beyond account data; privacy status is reported by the enterprise privacy program",,
CM-2,CM-02a.[01],a current baseline configuration of the system is developed and documented;,Examine; Test,"Baseline repository; configuration exports. Population: About 1,100 hosts and HMIs in the PSGCS. Sample: 25 components (random, stratified: 15 PS-1 and PS-2, 10 PS-3)",EV-CM-2,Other than satisfied,Baselines for PS-3 components are incomplete; 6 of 10 sampled PS-3 components had no documented baseline,High,POAM-016
CM-2,CM-02a.[02],a current baseline configuration of the system is maintained under configuration control;,Examine; Test,"Baseline repository; configuration exports. Population: About 1,100 hosts and HMIs in the PSGCS. Sample: 25 components (random, stratified: 15 PS-1 and PS-2, 10 PS-3)",EV-CM-2,Satisfied,Baselines exist and are under configuration control for PS-1 and PS-2 components,,
CM-2,CM-02b.01,the baseline configuration of the system is reviewed and updated [organization-defined value];,Examine; Test,"Baseline repository; configuration exports. Population: About 1,100 hosts and HMIs in the PSGCS. Sample: 25 components (random, stratified: 15 PS-1 and PS-2, 10 PS-3)",EV-CM-2,Satisfied,Baselines exist and are under configuration control for PS-1 and PS-2 components,,
CM-2,CM-02b.02,the baseline configuration of the system is reviewed and updated when required due to [organization-defined value];,Examine; Test,"Baseline repository; configuration exports. Population: About 1,100 hosts and HMIs in the PSGCS. Sample: 25 components (random, stratified: 15 PS-1 and PS-2, 10 PS-3)",EV-CM-2,Satisfied,Baselines exist and are under configuration control for PS-1 and PS-2 components,,
CM-2,CM-02b.03,the baseline configuration of the system is reviewed and updated when system components are installed or upgraded.,Examine; Test,"Baseline repository; configuration exports. Population: About 1,100 hosts and HMIs in the PSGCS. Sample: 25 components (random, stratified: 15 PS-1 and PS-2, 10 PS-3)",EV-CM-2,Satisfied,Baselines exist and are under configuration control for PS-1 and PS-2 components,,
CM-3,CM-03a.,the types of changes to the system that are configuration-controlled are determined and documented;,Examine; Interview; Test,Management of change records; verification records; change board minutes. Population: 184 SCADA display and point changes (2026-01-01 to 2026-06-30). Sample: 40 changes (random),EV-CM-3,Satisfied,"Changes were reviewed, approved with Gas Control participation, tested, and recorded",,
CM-3,CM-03b.[01],proposed configuration-controlled changes to the system are reviewed;,Examine; Interview; Test,Management of change records; verification records; change board minutes. Population: 184 SCADA display and point changes (2026-01-01 to 2026-06-30). Sample: 40 changes (random),EV-CM-3,Satisfied,"Changes were reviewed, approved with Gas Control participation, tested, and recorded",,
CM-3,CM-03b.[02],proposed configuration-controlled changes to the system are approved or disapproved with explicit consideration for security and privacy impact analyses;,Examine; Interview; Test,Management of change records; verification records; change board minutes. Population: 184 SCADA display and point changes (2026-01-01 to 2026-06-30). Sample: 40 changes (random),EV-CM-3,Satisfied,"Changes were reviewed, approved with Gas Control participation, tested, and recorded",,
CM-3,CM-03c.,configuration change decisions associated with the system are documented;,Examine; Interview; Test,Management of change records; verification records; change board minutes. Population: 184 SCADA display and point changes (2026-01-01 to 2026-06-30). Sample: 40 changes (random),EV-CM-3,Other than satisfied,2 of 40 sampled changes had no point-to-point verification record attached to the release decision,Moderate,POAM-009
CM-3,CM-03d.,approved configuration-controlled changes to the system are implemented;,Examine; Interview; Test,Management of change records; verification records; change board minutes. Population: 184 SCADA display and point changes (2026-01-01 to 2026-06-30). Sample: 40 changes (random),EV-CM-3,Satisfied,"Changes were reviewed, approved with Gas Control participation, tested, and recorded",,
CM-3,CM-03e.,records of configuration-controlled changes to the system are retained for [organization-defined value];,Examine; Interview; Test,Management of change records; verification records; change board minutes. Population: 184 SCADA display and point changes (2026-01-01 to 2026-06-30). Sample: 40 changes (random),EV-CM-3,Satisfied,"Changes were reviewed, approved with Gas Control participation, tested, and recorded",,
CM-3,CM-03f.[01],activities associated with configuration-controlled changes to the system are monitored;,Examine; Interview; Test,Management of change records; verification records; change board minutes. Population: 184 SCADA display and point changes (2026-01-01 to 2026-06-30). Sample: 40 changes (random),EV-CM-3,Satisfied,"Changes were reviewed, approved with Gas Control participation, tested, and recorded",,
CM-3,CM-03f.[02],activities associated with configuration-controlled changes to the system are reviewed;,Examine; Interview; Test,Management of change records; verification records; change board minutes. Population: 184 SCADA display and point changes (2026-01-01 to 2026-06-30). Sample: 40 changes (random),EV-CM-3,Satisfied,"Changes were reviewed, approved with Gas Control participation, tested, and recorded",,
CM-3,CM-03g.[01],configuration change control activities are coordinated and overseen by [organization-defined value];,Examine; Interview; Test,Management of change records; verification records; change board minutes. Population: 184 SCADA display and point changes (2026-01-01 to 2026-06-30). Sample: 40 changes (random),EV-CM-3,Satisfied,"Changes were reviewed, approved with Gas Control participation, tested, and recorded",,
CM-3,CM-03g.[02],the configuration control element convenes [organization-defined value].,Examine; Interview; Test,Management of change records; verification records; change board minutes. Population: 184 SCADA display and point changes (2026-01-01 to 2026-06-30). Sample: 40 changes (random),EV-CM-3,Satisfied,"Changes were reviewed, approved with Gas Control participation, tested, and recorded",,
CM-6,CM-06a.,configuration settings that reflect the most restrictive mode consistent with operational requirements are established and documented for components employed...,Examine; Test,Configuration compliance report; exception register. Population: 96 compressor stations. Sample: 100% (configuration compliance report); 6 stations inspected,EV-CM-6,Satisfied,Settings match the baselines at modern stations; deviations at legacy stations are documented and approved under EXC-2026-011,,
CM-6,CM-06b.,the configuration settings documented in CM-06a are implemented;,Examine; Test,Configuration compliance report; exception register. Population: 96 compressor stations. Sample: 100% (configuration compliance report); 6 stations inspected,EV-CM-6,Other than satisfied,"22 legacy stations cannot implement the baseline settings (unsupported operating systems, default services)",High,POAM-003
CM-6,CM-06c.[01],any deviations from established configuration settings for [organization-defined value] are identified and documented based on [organization-defined value];,Examine; Test,Configuration compliance report; exception register. Population: 96 compressor stations. Sample: 100% (configuration compliance report); 6 stations inspected,EV-CM-6,Satisfied,Settings match the baselines at modern stations; deviations at legacy stations are documented and approved under EXC-2026-011,,
CM-6,CM-06c.[02],any deviations from established configuration settings for [organization-defined value] are approved;,Examine; Test,Configuration compliance report; exception register. Population: 96 compressor stations. Sample: 100% (configuration compliance report); 6 stations inspected,EV-CM-6,Satisfied,Settings match the baselines at modern stations; deviations at legacy stations are documented and approved under EXC-2026-011,,
CM-6,CM-06d.[01],changes to the configuration settings are monitored in accordance with organizational policies and procedures;,Examine; Test,Configuration compliance report; exception register. Population: 96 compressor stations. Sample: 100% (configuration compliance report); 6 stations inspected,EV-CM-6,Satisfied,Settings match the baselines at modern stations; deviations at legacy stations are documented and approved under EXC-2026-011,,
CM-6,CM-06d.[02],changes to the configuration settings are controlled in accordance with organizational policies and procedures.,Examine; Test,Configuration compliance report; exception register. Population: 96 compressor stations. Sample: 100% (configuration compliance report); 6 stations inspected,EV-CM-6,Satisfied,Settings match the baselines at modern stations; deviations at legacy stations are documented and approved under EXC-2026-011,,
CM-8,CM-08a.01,an inventory of system components that accurately reflects the system is developed and documented;,Examine; Interview; Test,"OT asset inventory; passive discovery reports; field walkdowns. Population: About 6,900 field devices (about 1,300 on PS-3). Sample: 60 devices traced from the field to the inventory (stratified: 40 PS-1 and PS-2, 20 PS-3); 25 inventory entries traced to the field",EV-CM-8,Satisfied,Inventory is reconciled monthly and holds firmware detail for PS-1 and PS-2,,
CM-8,CM-08a.02,an inventory of system components that includes all components within the system is developed and documented;,Examine; Interview; Test,"OT asset inventory; passive discovery reports; field walkdowns. Population: About 6,900 field devices (about 1,300 on PS-3). Sample: 60 devices traced from the field to the inventory (stratified: 40 PS-1 and PS-2, 20 PS-3); 25 inventory entries traced to the field",EV-CM-8,Other than satisfied,7 of 60 sampled devices (all PS-3) were missing from the inventory,Moderate,POAM-015
CM-8,CM-08a.03,an inventory of system components that does not include duplicate accounting of components or components assigned to any other system is developed and docume...,Examine; Interview; Test,"OT asset inventory; passive discovery reports; field walkdowns. Population: About 6,900 field devices (about 1,300 on PS-3). Sample: 60 devices traced from the field to the inventory (stratified: 40 PS-1 and PS-2, 20 PS-3); 25 inventory entries traced to the field",EV-CM-8,Satisfied,Inventory is reconciled monthly and holds firmware detail for PS-1 and PS-2,,
CM-8,CM-08a.04,an inventory of system components that is at the level of granularity deemed necessary for tracking and reporting is developed and documented;,Examine; Interview; Test,"OT asset inventory; passive discovery reports; field walkdowns. Population: About 6,900 field devices (about 1,300 on PS-3). Sample: 60 devices traced from the field to the inventory (stratified: 40 PS-1 and PS-2, 20 PS-3); 25 inventory entries traced to the field",EV-CM-8,Satisfied,Inventory is reconciled monthly and holds firmware detail for PS-1 and PS-2,,
CM-8,CM-08a.05,an inventory of system components that includes [organization-defined value] is developed and documented;,Examine; Interview; Test,"OT asset inventory; passive discovery reports; field walkdowns. Population: About 6,900 field devices (about 1,300 on PS-3). Sample: 60 devices traced from the field to the inventory (stratified: 40 PS-1 and PS-2, 20 PS-3); 25 inventory entries traced to the field",EV-CM-8,Satisfied,Inventory is reconciled monthly and holds firmware detail for PS-1 and PS-2,,
CM-8,CM-08b.,the system component inventory is reviewed and updated [organization-defined value].,Examine; Interview; Test,"OT asset inventory; passive discovery reports; field walkdowns. Population: About 6,900 field devices (about 1,300 on PS-3). Sample: 60 devices traced from the field to the inventory (stratified: 40 PS-1 and PS-2, 20 PS-3); 25 inventory entries traced to the field",EV-CM-8,Satisfied,Inventory is reconciled monthly and holds firmware detail for PS-1 and PS-2,,
CP-2,CP-02a.01,a contingency plan for the system is developed that identifies essential mission and business functions and associated contingency requirements;,Examine; Interview,"Contingency plan v6; BIA (P05); Vice President, Gas Control and Director of SCADA Engineering interviews. Population: n/a (plan). Sample: PSGCS contingency plan v6 examined; 4 interviews",EV-CP-2,Satisfied,"Plan covers loss of GCC-1, telecommunications, and manual operation, with roles, contacts, and recovery objectives from the BIA",,
CP-2,CP-02a.02[01],a contingency plan for the system is developed that provides recovery objectives;,Examine; Interview,"Contingency plan v6; BIA (P05); Vice President, Gas Control and Director of SCADA Engineering interviews. Population: n/a (plan). Sample: PSGCS contingency plan v6 examined; 4 interviews",EV-CP-2,Satisfied,"Plan covers loss of GCC-1, telecommunications, and manual operation, with roles, contacts, and recovery objectives from the BIA",,
CP-2,CP-02a.02[02],a contingency plan for the system is developed that provides restoration priorities;,Examine; Interview,"Contingency plan v6; BIA (P05); Vice President, Gas Control and Director of SCADA Engineering interviews. Population: n/a (plan). Sample: PSGCS contingency plan v6 examined; 4 interviews",EV-CP-2,Satisfied,"Plan covers loss of GCC-1, telecommunications, and manual operation, with roles, contacts, and recovery objectives from the BIA",,
CP-2,CP-02a.02[03],a contingency plan for the system is developed that provides metrics;,Examine; Interview,"Contingency plan v6; BIA (P05); Vice President, Gas Control and Director of SCADA Engineering interviews. Population: n/a (plan). Sample: PSGCS contingency plan v6 examined; 4 interviews",EV-CP-2,Satisfied,"Plan covers loss of GCC-1, telecommunications, and manual operation, with roles, contacts, and recovery objectives from the BIA",,
CP-2,CP-02a.03[01],a contingency plan for the system is developed that addresses contingency roles;,Examine; Interview,"Contingency plan v6; BIA (P05); Vice President, Gas Control and Director of SCADA Engineering interviews. Population: n/a (plan). Sample: PSGCS contingency plan v6 examined; 4 interviews",EV-CP-2,Satisfied,"Plan covers loss of GCC-1, telecommunications, and manual operation, with roles, contacts, and recovery objectives from the BIA",,
CP-2,CP-02a.03[02],a contingency plan for the system is developed that addresses contingency responsibilities;,Examine; Interview,"Contingency plan v6; BIA (P05); Vice President, Gas Control and Director of SCADA Engineering interviews. Population: n/a (plan). Sample: PSGCS contingency plan v6 examined; 4 interviews",EV-CP-2,Satisfied,"Plan covers loss of GCC-1, telecommunications, and manual operation, with roles, contacts, and recovery objectives from the BIA",,
CP-2,CP-02a.03[03],a contingency plan for the system is developed that addresses assigned individuals with contact information;,Examine; Interview,"Contingency plan v6; BIA (P05); Vice President, Gas Control and Director of SCADA Engineering interviews. Population: n/a (plan). Sample: PSGCS contingency plan v6 examined; 4 interviews",EV-CP-2,Satisfied,"Plan covers loss of GCC-1, telecommunications, and manual operation, with roles, contacts, and recovery objectives from the BIA",,
CP-2,CP-02a.04,"a contingency plan for the system is developed that addresses maintaining essential mission and business functions despite a system disruption, compromise, o...",Examine; Interview,"Contingency plan v6; BIA (P05); Vice President, Gas Control and Director of SCADA Engineering interviews. Population: n/a (plan). Sample: PSGCS contingency plan v6 examined; 4 interviews",EV-CP-2,Other than satisfied,Plan does not address keeping gas control running through a fault or compromise of the common SCADA platform that affects both GCCs,High,POAM-011
CP-2,CP-02a.05,"a contingency plan for the system is developed that addresses eventual, full-system restoration without deterioration of the controls originally planned and...",Examine; Interview,"Contingency plan v6; BIA (P05); Vice President, Gas Control and Director of SCADA Engineering interviews. Population: n/a (plan). Sample: PSGCS contingency plan v6 examined; 4 interviews",EV-CP-2,Other than satisfied,Plan has no full restoration path for a platform-wide SCADA failure or for the PS-3 legacy SCADA,High,POAM-011
CP-2,CP-02a.06,a contingency plan for the system is developed that addresses the sharing of contingency information;,Examine; Interview,"Contingency plan v6; BIA (P05); Vice President, Gas Control and Director of SCADA Engineering interviews. Population: n/a (plan). Sample: PSGCS contingency plan v6 examined; 4 interviews",EV-CP-2,Satisfied,"Plan covers loss of GCC-1, telecommunications, and manual operation, with roles, contacts, and recovery objectives from the BIA",,
CP-2,CP-02a.07[01],a contingency plan for the system is developed that is reviewed by [organization-defined value];,Examine; Interview,"Contingency plan v6; BIA (P05); Vice President, Gas Control and Director of SCADA Engineering interviews. Population: n/a (plan). Sample: PSGCS contingency plan v6 examined; 4 interviews",EV-CP-2,Satisfied,"Plan covers loss of GCC-1, telecommunications, and manual operation, with roles, contacts, and recovery objectives from the BIA",,
CP-2,CP-02a.07[02],a contingency plan for the system is developed that is approved by [organization-defined value];,Examine; Interview,"Contingency plan v6; BIA (P05); Vice President, Gas Control and Director of SCADA Engineering interviews. Population: n/a (plan). Sample: PSGCS contingency plan v6 examined; 4 interviews",EV-CP-2,Satisfied,"Plan covers loss of GCC-1, telecommunications, and manual operation, with roles, contacts, and recovery objectives from the BIA",,
CP-2,CP-02b.[01],copies of the contingency plan are distributed to [organization-defined value];,Examine; Interview,"Contingency plan v6; BIA (P05); Vice President, Gas Control and Director of SCADA Engineering interviews. Population: n/a (plan). Sample: PSGCS contingency plan v6 examined; 4 interviews",EV-CP-2,Satisfied,"Plan covers loss of GCC-1, telecommunications, and manual operation, with roles, contacts, and recovery objectives from the BIA",,
CP-2,CP-02b.[02],copies of the contingency plan are distributed to [organization-defined value];,Examine; Interview,"Contingency plan v6; BIA (P05); Vice President, Gas Control and Director of SCADA Engineering interviews. Population: n/a (plan). Sample: PSGCS contingency plan v6 examined; 4 interviews",EV-CP-2,Satisfied,"Plan covers loss of GCC-1, telecommunications, and manual operation, with roles, contacts, and recovery objectives from the BIA",,
CP-2,CP-02c.,contingency planning activities are coordinated with incident handling activities;,Examine; Interview,"Contingency plan v6; BIA (P05); Vice President, Gas Control and Director of SCADA Engineering interviews. Population: n/a (plan). Sample: PSGCS contingency plan v6 examined; 4 interviews",EV-CP-2,Satisfied,"Plan covers loss of GCC-1, telecommunications, and manual operation, with roles, contacts, and recovery objectives from the BIA",,
CP-2,CP-02d.,the contingency plan for the system is reviewed [organization-defined value];,Examine; Interview,"Contingency plan v6; BIA (P05); Vice President, Gas Control and Director of SCADA Engineering interviews. Population: n/a (plan). Sample: PSGCS contingency plan v6 examined; 4 interviews",EV-CP-2,Satisfied,"Plan covers loss of GCC-1, telecommunications, and manual operation, with roles, contacts, and recovery objectives from the BIA",,
CP-2,CP-02e.[01],"the contingency plan is updated to address changes to the organization, system, or environment of operation;",Examine; Interview,"Contingency plan v6; BIA (P05); Vice President, Gas Control and Director of SCADA Engineering interviews. Population: n/a (plan). Sample: PSGCS contingency plan v6 examined; 4 interviews",EV-CP-2,Satisfied,"Plan covers loss of GCC-1, telecommunications, and manual operation, with roles, contacts, and recovery objectives from the BIA",,
CP-2,CP-02e.[02],"the contingency plan is updated to address problems encountered during contingency plan implementation, execution, or testing;",Examine; Interview,"Contingency plan v6; BIA (P05); Vice President, Gas Control and Director of SCADA Engineering interviews. Population: n/a (plan). Sample: PSGCS contingency plan v6 examined; 4 interviews",EV-CP-2,Satisfied,"Plan covers loss of GCC-1, telecommunications, and manual operation, with roles, contacts, and recovery objectives from the BIA",,
CP-2,CP-02f.[01],contingency plan changes are communicated to [organization-defined value];,Examine; Interview,"Contingency plan v6; BIA (P05); Vice President, Gas Control and Director of SCADA Engineering interviews. Population: n/a (plan). Sample: PSGCS contingency plan v6 examined; 4 interviews",EV-CP-2,Satisfied,"Plan covers loss of GCC-1, telecommunications, and manual operation, with roles, contacts, and recovery objectives from the BIA",,
CP-2,CP-02f.[02],contingency plan changes are communicated to [organization-defined value];,Examine; Interview,"Contingency plan v6; BIA (P05); Vice President, Gas Control and Director of SCADA Engineering interviews. Population: n/a (plan). Sample: PSGCS contingency plan v6 examined; 4 interviews",EV-CP-2,Satisfied,"Plan covers loss of GCC-1, telecommunications, and manual operation, with roles, contacts, and recovery objectives from the BIA",,
CP-2,CP-02g.[01],lessons learned from contingency plan testing or actual contingency activities are incorporated into contingency testing;,Examine; Interview,"Contingency plan v6; BIA (P05); Vice President, Gas Control and Director of SCADA Engineering interviews. Population: n/a (plan). Sample: PSGCS contingency plan v6 examined; 4 interviews",EV-CP-2,Satisfied,"Plan covers loss of GCC-1, telecommunications, and manual operation, with roles, contacts, and recovery objectives from the BIA",,
CP-2,CP-02g.[02],lessons learned from contingency plan training or actual contingency activities are incorporated into contingency testing and training;,Examine; Interview,"Contingency plan v6; BIA (P05); Vice President, Gas Control and Director of SCADA Engineering interviews. Population: n/a (plan). Sample: PSGCS contingency plan v6 examined; 4 interviews",EV-CP-2,Satisfied,"Plan covers loss of GCC-1, telecommunications, and manual operation, with roles, contacts, and recovery objectives from the BIA",,
CP-2,CP-02h.[01],the contingency plan is protected from unauthorized disclosure;,Examine; Interview,"Contingency plan v6; BIA (P05); Vice President, Gas Control and Director of SCADA Engineering interviews. Population: n/a (plan). Sample: PSGCS contingency plan v6 examined; 4 interviews",EV-CP-2,Satisfied,"Plan covers loss of GCC-1, telecommunications, and manual operation, with roles, contacts, and recovery objectives from the BIA",,
CP-2,CP-02h.[02],the contingency plan is protected from unauthorized modification.,Examine; Interview,"Contingency plan v6; BIA (P05); Vice President, Gas Control and Director of SCADA Engineering interviews. Population: n/a (plan). Sample: PSGCS contingency plan v6 examined; 4 interviews",EV-CP-2,Satisfied,"Plan covers loss of GCC-1, telecommunications, and manual operation, with roles, contacts, and recovery objectives from the BIA",,
CP-4,CP-04a.[01],the contingency plan for the system is tested [organization-defined value];,Examine; Interview,Test reports; after-action reports. Population: 2026 contingency tests. Sample: GCC-2 failover test 2026-04-22; manual operation test 2026-04; exercise 2026-03-18,EV-CP-4,Other than satisfied,GCC-2 and PS3-CR isolation and PS-3 manual operation at scale have not been tested,High,POAM-012
CP-4,CP-04a.[02],[organization-defined value] are used to determine the effectiveness of the plan;,Examine; Interview,Test reports; after-action reports. Population: 2026 contingency tests. Sample: GCC-2 failover test 2026-04-22; manual operation test 2026-04; exercise 2026-03-18,EV-CP-4,Satisfied,Tests were reviewed and corrective actions opened,,
CP-4,CP-04a.[03],[organization-defined value] are used to determine the readiness to execute the plan;,Examine; Interview,Test reports; after-action reports. Population: 2026 contingency tests. Sample: GCC-2 failover test 2026-04-22; manual operation test 2026-04; exercise 2026-03-18,EV-CP-4,Satisfied,Tests were reviewed and corrective actions opened,,
CP-4,CP-04b.,the contingency plan test results are reviewed;,Examine; Interview,Test reports; after-action reports. Population: 2026 contingency tests. Sample: GCC-2 failover test 2026-04-22; manual operation test 2026-04; exercise 2026-03-18,EV-CP-4,Satisfied,Tests were reviewed and corrective actions opened,,
CP-4,CP-04c.,"corrective actions are initiated, if needed.",Examine; Interview,Test reports; after-action reports. Population: 2026 contingency tests. Sample: GCC-2 failover test 2026-04-22; manual operation test 2026-04; exercise 2026-03-18,EV-CP-4,Satisfied,Tests were reviewed and corrective actions opened,,
CP-7,CP-07a.,"an alternate processing site, including necessary agreements to permit the transfer and resumption of [organization-defined value] for essential mission and...",Examine; Interview,GCC-2 readiness checklist; site visit 2026-07-28. Population: n/a. Sample: GCC-2 readiness checklist; site visit,EV-CP-7,Other than satisfied,PS-3 has no alternate control site until migration,High,POAM-016
CP-7,CP-07b.[01],the equipment and supplies required to transfer operations are made available at the alternate processing site or if contracts are in place to support delive...,Examine; Interview,GCC-2 readiness checklist; site visit 2026-07-28. Population: n/a. Sample: GCC-2 readiness checklist; site visit,EV-CP-7,Satisfied,"GCC-2 is a hot standby with equivalent controls for PS-1, PS-2, and JV pipelines",,
CP-7,CP-07b.[02],the equipment and supplies required to resume operations are made available at the alternate processing site or if contracts are in place to support delivery...,Examine; Interview,GCC-2 readiness checklist; site visit 2026-07-28. Population: n/a. Sample: GCC-2 readiness checklist; site visit,EV-CP-7,Satisfied,"GCC-2 is a hot standby with equivalent controls for PS-1, PS-2, and JV pipelines",,
CP-7,CP-07c.,controls provided at the alternate processing site are equivalent to those at the primary site.,Examine; Interview,GCC-2 readiness checklist; site visit 2026-07-28. Population: n/a. Sample: GCC-2 readiness checklist; site visit,EV-CP-7,Satisfied,"GCC-2 is a hot standby with equivalent controls for PS-1, PS-2, and JV pipelines",,
CP-8,CP-08,"alternate telecommunications services, including necessary agreements to permit the resumption of [organization-defined value] , are established for essentia...",Examine; Interview,Telecommunications design; carrier agreements; Director of Network Engineering interview. Population: n/a. Sample: Telecommunications design; carrier contracts,EV-CP-8,Other than satisfied,PS-3 has a single carrier and 140 meter and valve sites are cellular-only with no alternate path,Moderate,POAM-021
CP-9,CP-09a.,backups of user-level information contained in [organization-defined value] are conducted [organization-defined value];,Examine; Test,Backup logs; scan records; restore observation. Population: 181 daily SCADA backup jobs. Sample: 25 jobs (random); 1 restore observed at GCC-2,EV-CP-9,Satisfied,"Backups ran, were scanned when made, copied offline to the other GCC, and restored cleanly",,
CP-9,CP-09b.,backups of system-level information contained in the system are conducted [organization-defined value];,Examine; Test,Backup logs; scan records; restore observation. Population: 181 daily SCADA backup jobs. Sample: 25 jobs (random); 1 restore observed at GCC-2,EV-CP-9,Satisfied,"Backups ran, were scanned when made, copied offline to the other GCC, and restored cleanly",,
CP-9,CP-09c.,"backups of system documentation, including security- and privacy-related documentation are conducted [organization-defined value];",Examine; Test,Backup logs; scan records; restore observation. Population: 181 daily SCADA backup jobs. Sample: 25 jobs (random); 1 restore observed at GCC-2,EV-CP-9,Satisfied,"Backups ran, were scanned when made, copied offline to the other GCC, and restored cleanly",,
CP-9,CP-09d.[01],the confidentiality of backup information is protected;,Examine; Test,Backup logs; scan records; restore observation. Population: 181 daily SCADA backup jobs. Sample: 25 jobs (random); 1 restore observed at GCC-2,EV-CP-9,Satisfied,"Backups ran, were scanned when made, copied offline to the other GCC, and restored cleanly",,
CP-9,CP-09d.[02],the integrity of backup information is protected;,Examine; Test,Backup logs; scan records; restore observation. Population: 181 daily SCADA backup jobs. Sample: 25 jobs (random); 1 restore observed at GCC-2,EV-CP-9,Other than satisfied,"PS-3 SCADA backups are kept online in PS3-CR with no offline copy, so their integrity is not protected from an attacker in that network",High,POAM-016
CP-9,CP-09d.[03],the availability of backup information is protected.,Examine; Test,Backup logs; scan records; restore observation. Population: 181 daily SCADA backup jobs. Sample: 25 jobs (random); 1 restore observed at GCC-2,EV-CP-9,Satisfied,"Backups ran, were scanned when made, copied offline to the other GCC, and restored cleanly",,
CP-10,CP-10[01],"the recovery of the system to a known state is provided within [organization-defined value] after a disruption, compromise, or failure;",Examine; Interview,Rebuild runbooks for SCADA hosts and consoles. Population: n/a. Sample: Rebuild runbooks; restore observation,EV-CP-10,Satisfied,Recovery to a known state within the BIA RTO is documented and was observed for a GCC-2 host,,
CP-10,CP-10[02],"a reconstitution of the system to a known state is provided within [organization-defined value] after a disruption, compromise, or failure.",Examine; Interview,Rebuild runbooks for SCADA hosts and consoles. Population: n/a. Sample: Rebuild runbooks; restore observation,EV-CP-10,Other than satisfied,No tested rebuild procedure for the PS-3 legacy SCADA,High,POAM-016
IA-2,IA-02[01],organizational users are uniquely identified and authenticated;,Examine; Test,"Sign-in logs; account exports. Population: 1,450 OT domain accounts; PS-3 legacy SCADA accounts. Sample: 25 console sign-ins (random); PS-3 account list",EV-IA-2,Other than satisfied,"PS-3 legacy SCADA uses shared local accounts, so PS3-CR users are not uniquely identified",High,POAM-016
IA-2,IA-02[02],the unique identification of authenticated organizational users is associated with processes acting on behalf of those users.,Examine; Test,"Sign-in logs; account exports. Population: 1,450 OT domain accounts; PS-3 legacy SCADA accounts. Sample: 25 console sign-ins (random); PS-3 account list",EV-IA-2,Satisfied,OT domain users are uniquely identified; station shared accounts are registered and permitted under EXC-2026-007,,
IA-2(1),IA-02(01),multi-factor authentication is implemented for access to privileged accounts.,Examine; Test,OT privileged access configuration; MFA enrollment report. Population: 64 privileged OT accounts. Sample: 100%,EV-IA-2(1),Satisfied,All privileged OT accounts require hardware-token MFA,,
IA-2(2),IA-02(02),multi-factor authentication for access to non-privileged accounts is implemented.,Examine; Interview; Test,MFA configuration; Cybersecurity Implementation Plan compensating control entry; control room walkthroughs. Population: Engineering and remote access paths; 3 control rooms. Sample: 100%,EV-IA-2(2),Other than satisfied,"MFA or the documented compensating controls are in place at GCC-1 and GCC-2, but PS3-CR lacks the badge and PIN floor control and console session logging",High,POAM-016
IA-5,IA-05a.,"system authenticators are managed through the verification of the identity of the individual, group, role, service, or device receiving the authenticator as...",Examine; Interview; Test,"Password age report; mitigation register; shared account register; default-credential test with vendor tools. Population: About 1,450 OT accounts; 38 components that cannot be reset; 31 shared station accounts; PS-3 field devices. Sample: 100% (password age report); 25 departures (same sample as AC-2); 20 PS-3 field devices tested for default credentials",EV-IA-5,Satisfied,Reset schedule met for all domain accounts; authenticators protected,,
IA-5,IA-05b.,system authenticators are managed through the establishment of initial authenticator content for any authenticators issued by the organization;,Examine; Interview; Test,"Password age report; mitigation register; shared account register; default-credential test with vendor tools. Population: About 1,450 OT accounts; 38 components that cannot be reset; 31 shared station accounts; PS-3 field devices. Sample: 100% (password age report); 25 departures (same sample as AC-2); 20 PS-3 field devices tested for default credentials",EV-IA-5,Satisfied,Reset schedule met for all domain accounts; authenticators protected,,
IA-5,IA-05c.,system authenticators are managed to ensure that authenticators have sufficient strength of mechanism for their intended use;,Examine; Interview; Test,"Password age report; mitigation register; shared account register; default-credential test with vendor tools. Population: About 1,450 OT accounts; 38 components that cannot be reset; 31 shared station accounts; PS-3 field devices. Sample: 100% (password age report); 25 departures (same sample as AC-2); 20 PS-3 field devices tested for default credentials",EV-IA-5,Satisfied,Reset schedule met for all domain accounts; authenticators protected,,
IA-5,IA-05d.,"system authenticators are managed through the establishment and implementation of administrative procedures for initial authenticator distribution; lost, com...",Examine; Interview; Test,"Password age report; mitigation register; shared account register; default-credential test with vendor tools. Population: About 1,450 OT accounts; 38 components that cannot be reset; 31 shared station accounts; PS-3 field devices. Sample: 100% (password age report); 25 departures (same sample as AC-2); 20 PS-3 field devices tested for default credentials",EV-IA-5,Satisfied,Reset schedule met for all domain accounts; authenticators protected,,
IA-5,IA-05e.,system authenticators are managed through the change of default authenticators prior to first use;,Examine; Interview; Test,"Password age report; mitigation register; shared account register; default-credential test with vendor tools. Population: About 1,450 OT accounts; 38 components that cannot be reset; 31 shared station accounts; PS-3 field devices. Sample: 100% (password age report); 25 departures (same sample as AC-2); 20 PS-3 field devices tested for default credentials",EV-IA-5,Other than satisfied,"Default credentials found on 6 of 20 PS-3 field devices tested (new finding, reported to the CISO 2026-08-07)",Moderate,POAM-018
IA-5,IA-05f.,system authenticators are managed through the change or refreshment of authenticators [organization-defined value] or when [organization-defined value] occur;,Examine; Interview; Test,"Password age report; mitigation register; shared account register; default-credential test with vendor tools. Population: About 1,450 OT accounts; 38 components that cannot be reset; 31 shared station accounts; PS-3 field devices. Sample: 100% (password age report); 25 departures (same sample as AC-2); 20 PS-3 field devices tested for default credentials",EV-IA-5,Other than satisfied,Mitigations for 14 of 38 components that cannot be reset are past their timeframe,Moderate,POAM-007
IA-5,IA-05g.,system authenticators are managed through the protection of authenticator content from unauthorized disclosure and modification;,Examine; Interview; Test,"Password age report; mitigation register; shared account register; default-credential test with vendor tools. Population: About 1,450 OT accounts; 38 components that cannot be reset; 31 shared station accounts; PS-3 field devices. Sample: 100% (password age report); 25 departures (same sample as AC-2); 20 PS-3 field devices tested for default credentials",EV-IA-5,Satisfied,Reset schedule met for all domain accounts; authenticators protected,,
IA-5,IA-05h.[01],system authenticators are managed through the requirement for individuals to take specific controls to protect authenticators;,Examine; Interview; Test,"Password age report; mitigation register; shared account register; default-credential test with vendor tools. Population: About 1,450 OT accounts; 38 components that cannot be reset; 31 shared station accounts; PS-3 field devices. Sample: 100% (password age report); 25 departures (same sample as AC-2); 20 PS-3 field devices tested for default credentials",EV-IA-5,Satisfied,Reset schedule met for all domain accounts; authenticators protected,,
IA-5,IA-05h.[02],system authenticators are managed through the requirement for devices to implement specific controls to protect authenticators;,Examine; Interview; Test,"Password age report; mitigation register; shared account register; default-credential test with vendor tools. Population: About 1,450 OT accounts; 38 components that cannot be reset; 31 shared station accounts; PS-3 field devices. Sample: 100% (password age report); 25 departures (same sample as AC-2); 20 PS-3 field devices tested for default credentials",EV-IA-5,Satisfied,Reset schedule met for all domain accounts; authenticators protected,,
IA-5,IA-05i.,system authenticators are managed through the change of authenticators for group or role accounts when membership to those accounts changes.,Examine; Interview; Test,"Password age report; mitigation register; shared account register; default-credential test with vendor tools. Population: About 1,450 OT accounts; 38 components that cannot be reset; 31 shared station accounts; PS-3 field devices. Sample: 100% (password age report); 25 departures (same sample as AC-2); 20 PS-3 field devices tested for default credentials",EV-IA-5,Other than satisfied,Shared station passwords not changed after 4 of 25 sampled departures and transfers,High,POAM-001
IR-3,IR-03,the effectiveness of the incident response capability for the system is tested [organization-defined value] using [organization-defined value].,Examine; Interview,Exercise report; attendance records. Population: 2026 exercises. Sample: Exercise 2026-03-18 report and attendance,EV-IR-3,Other than satisfied,Exercise tested two objectives at GCC-1 only; isolation at GCC-2 and PS3-CR untested and PS-3 positions absent,High,POAM-012
IR-4,IR-04a.[01],an incident handling capability for incidents is implemented that is consistent with the incident response plan;,Examine; Interview; Test,SOC case records; playbooks; Director of Security Operations interview. Population: 167 security incidents (2025-09 to 2026-06). Sample: 25 incidents (random),EV-IR-4,Satisfied,"Handling covered preparation, containment, eradication, and recovery, and was coordinated with contingency planning",,
IR-4,IR-04a.[02],the incident handling capability for incidents includes preparation;,Examine; Interview; Test,SOC case records; playbooks; Director of Security Operations interview. Population: 167 security incidents (2025-09 to 2026-06). Sample: 25 incidents (random),EV-IR-4,Satisfied,"Handling covered preparation, containment, eradication, and recovery, and was coordinated with contingency planning",,
IR-4,IR-04a.[03],the incident handling capability for incidents includes detection and analysis;,Examine; Interview; Test,SOC case records; playbooks; Director of Security Operations interview. Population: 167 security incidents (2025-09 to 2026-06). Sample: 25 incidents (random),EV-IR-4,Other than satisfied,3 of 25 sampled incidents had hosts reimaged without a forensic memory image,Moderate,POAM-024
IR-4,IR-04a.[04],the incident handling capability for incidents includes containment;,Examine; Interview; Test,SOC case records; playbooks; Director of Security Operations interview. Population: 167 security incidents (2025-09 to 2026-06). Sample: 25 incidents (random),EV-IR-4,Satisfied,"Handling covered preparation, containment, eradication, and recovery, and was coordinated with contingency planning",,
IR-4,IR-04a.[05],the incident handling capability for incidents includes eradication;,Examine; Interview; Test,SOC case records; playbooks; Director of Security Operations interview. Population: 167 security incidents (2025-09 to 2026-06). Sample: 25 incidents (random),EV-IR-4,Satisfied,"Handling covered preparation, containment, eradication, and recovery, and was coordinated with contingency planning",,
IR-4,IR-04a.[06],the incident handling capability for incidents includes recovery;,Examine; Interview; Test,SOC case records; playbooks; Director of Security Operations interview. Population: 167 security incidents (2025-09 to 2026-06). Sample: 25 incidents (random),EV-IR-4,Satisfied,"Handling covered preparation, containment, eradication, and recovery, and was coordinated with contingency planning",,
IR-4,IR-04b.,incident handling activities are coordinated with contingency planning activities;,Examine; Interview; Test,SOC case records; playbooks; Director of Security Operations interview. Population: 167 security incidents (2025-09 to 2026-06). Sample: 25 incidents (random),EV-IR-4,Satisfied,"Handling covered preparation, containment, eradication, and recovery, and was coordinated with contingency planning",,
IR-4,IR-04c.[01],"lessons learned from ongoing incident handling activities are incorporated into incident response procedures, training, and testing;",Examine; Interview; Test,SOC case records; playbooks; Director of Security Operations interview. Population: 167 security incidents (2025-09 to 2026-06). Sample: 25 incidents (random),EV-IR-4,Satisfied,"Handling covered preparation, containment, eradication, and recovery, and was coordinated with contingency planning",,
IR-4,IR-04c.[02],the changes resulting from the incorporated lessons learned are implemented accordingly;,Examine; Interview; Test,SOC case records; playbooks; Director of Security Operations interview. Population: 167 security incidents (2025-09 to 2026-06). Sample: 25 incidents (random),EV-IR-4,Satisfied,"Handling covered preparation, containment, eradication, and recovery, and was coordinated with contingency planning",,
IR-4,IR-04d.[01],the rigor of incident handling activities is comparable and predictable across the organization;,Examine; Interview; Test,SOC case records; playbooks; Director of Security Operations interview. Population: 167 security incidents (2025-09 to 2026-06). Sample: 25 incidents (random),EV-IR-4,Other than satisfied,"PS-3 incidents are handled with separate legacy tools and procedures, so rigor is not comparable across pipeline systems",High,POAM-016
IR-4,IR-04d.[02],the intensity of incident handling activities is comparable and predictable across the organization;,Examine; Interview; Test,SOC case records; playbooks; Director of Security Operations interview. Population: 167 security incidents (2025-09 to 2026-06). Sample: 25 incidents (random),EV-IR-4,Satisfied,"Handling covered preparation, containment, eradication, and recovery, and was coordinated with contingency planning",,
IR-4,IR-04d.[03],the scope of incident handling activities is comparable and predictable across the organization;,Examine; Interview; Test,SOC case records; playbooks; Director of Security Operations interview. Population: 167 security incidents (2025-09 to 2026-06). Sample: 25 incidents (random),EV-IR-4,Satisfied,"Handling covered preparation, containment, eradication, and recovery, and was coordinated with contingency planning",,
IR-4,IR-04d.[04],the results of incident handling activities are comparable and predictable across the organization.,Examine; Interview; Test,SOC case records; playbooks; Director of Security Operations interview. Population: 167 security incidents (2025-09 to 2026-06). Sample: 25 incidents (random),EV-IR-4,Satisfied,"Handling covered preparation, containment, eradication, and recovery, and was coordinated with contingency planning",,
IR-6,IR-06a.,personnel is/are required to report suspected incidents to the organizational incident response capability within [organization-defined value];,Examine; Interview,CISA report records; case system clock. Population: 14 reports to CISA (2025-09 to 2026-08); 167 incidents. Sample: 100% of reports; 25 incidents (same sample as IR-4) for reportability decisions,EV-IR-6,Satisfied,All 14 reports reached CISA within 72 hours (median 19 hours); reportability decisions documented,,
IR-6,IR-06b.,incident information is reported to [organization-defined value].,Examine; Interview,CISA report records; case system clock. Population: 14 reports to CISA (2025-09 to 2026-08); 167 incidents. Sample: 100% of reports; 25 incidents (same sample as IR-4) for reportability decisions,EV-IR-6,Satisfied,All 14 reports reached CISA within 72 hours (median 19 hours); reportability decisions documented,,
IR-8,IR-08a.01,an incident response plan is developed that provides the organization with a roadmap for implementing its incident response capability;,Examine; Interview,"Cybersecurity Incident Response Plan v5; materiality playbook; disclosure committee charter. Population: n/a (plan). Sample: Plan v5 examined; interviews with the General Counsel, CFO, CISO, and Director of OT Security",EV-IR-8,Satisfied,"Plan covers structure, roles, positions, resources, reporting to CISA, and protection of the plan as SSI",,
IR-8,IR-08a.02,an incident response plan is developed that describes the structure and organization of the incident response capability;,Examine; Interview,"Cybersecurity Incident Response Plan v5; materiality playbook; disclosure committee charter. Population: n/a (plan). Sample: Plan v5 examined; interviews with the General Counsel, CFO, CISO, and Director of OT Security",EV-IR-8,Satisfied,"Plan covers structure, roles, positions, resources, reporting to CISA, and protection of the plan as SSI",,
IR-8,IR-08a.03,an incident response plan is developed that provides a high-level approach for how the incident response capability fits into the overall organization;,Examine; Interview,"Cybersecurity Incident Response Plan v5; materiality playbook; disclosure committee charter. Population: n/a (plan). Sample: Plan v5 examined; interviews with the General Counsel, CFO, CISO, and Director of OT Security",EV-IR-8,Satisfied,"Plan covers structure, roles, positions, resources, reporting to CISA, and protection of the plan as SSI",,
IR-8,IR-08a.04,"an incident response plan is developed that meets the unique requirements of the organization with regard to mission, size, structure, and functions;",Examine; Interview,"Cybersecurity Incident Response Plan v5; materiality playbook; disclosure committee charter. Population: n/a (plan). Sample: Plan v5 examined; interviews with the General Counsel, CFO, CISO, and Director of OT Security",EV-IR-8,Other than satisfied,"Plan does not address the company-specific need to assess materiality of a curtailment or shutdown (reservation charge credits, shipper claims)",High,POAM-013
IR-8,IR-08a.05,an incident response plan is developed that defines reportable incidents;,Examine; Interview,"Cybersecurity Incident Response Plan v5; materiality playbook; disclosure committee charter. Population: n/a (plan). Sample: Plan v5 examined; interviews with the General Counsel, CFO, CISO, and Director of OT Security",EV-IR-8,Other than satisfied,Reportable (material) incident criteria for SEC purposes lack operational shutdown factors; never exercised,High,POAM-013
IR-8,IR-08a.06,an incident response plan is developed that provides metrics for measuring the incident response capability within the organization;,Examine; Interview,"Cybersecurity Incident Response Plan v5; materiality playbook; disclosure committee charter. Population: n/a (plan). Sample: Plan v5 examined; interviews with the General Counsel, CFO, CISO, and Director of OT Security",EV-IR-8,Satisfied,"Plan covers structure, roles, positions, resources, reporting to CISA, and protection of the plan as SSI",,
IR-8,IR-08a.07,an incident response plan is developed that defines the resources and management support needed to effectively maintain and mature an incident response capab...,Examine; Interview,"Cybersecurity Incident Response Plan v5; materiality playbook; disclosure committee charter. Population: n/a (plan). Sample: Plan v5 examined; interviews with the General Counsel, CFO, CISO, and Director of OT Security",EV-IR-8,Satisfied,"Plan covers structure, roles, positions, resources, reporting to CISA, and protection of the plan as SSI",,
IR-8,IR-08a.08,an incident response plan is developed that addresses the sharing of incident information;,Examine; Interview,"Cybersecurity Incident Response Plan v5; materiality playbook; disclosure committee charter. Population: n/a (plan). Sample: Plan v5 examined; interviews with the General Counsel, CFO, CISO, and Director of OT Security",EV-IR-8,Satisfied,"Plan covers structure, roles, positions, resources, reporting to CISA, and protection of the plan as SSI",,
IR-8,IR-08a.09,an incident response plan is developed that is reviewed and approved by [organization-defined value] [organization-defined value];,Examine; Interview,"Cybersecurity Incident Response Plan v5; materiality playbook; disclosure committee charter. Population: n/a (plan). Sample: Plan v5 examined; interviews with the General Counsel, CFO, CISO, and Director of OT Security",EV-IR-8,Satisfied,"Plan covers structure, roles, positions, resources, reporting to CISA, and protection of the plan as SSI",,
IR-8,IR-08a.10,an incident response plan is developed that explicitly designates responsibility for incident response to [organization-defined value].,Examine; Interview,"Cybersecurity Incident Response Plan v5; materiality playbook; disclosure committee charter. Population: n/a (plan). Sample: Plan v5 examined; interviews with the General Counsel, CFO, CISO, and Director of OT Security",EV-IR-8,Satisfied,"Plan covers structure, roles, positions, resources, reporting to CISA, and protection of the plan as SSI",,
IR-8,IR-08b.[01],copies of the incident response plan are distributed to [organization-defined value];,Examine; Interview,"Cybersecurity Incident Response Plan v5; materiality playbook; disclosure committee charter. Population: n/a (plan). Sample: Plan v5 examined; interviews with the General Counsel, CFO, CISO, and Director of OT Security",EV-IR-8,Satisfied,"Plan covers structure, roles, positions, resources, reporting to CISA, and protection of the plan as SSI",,
IR-8,IR-08b.[02],copies of the incident response plan are distributed to [organization-defined value];,Examine; Interview,"Cybersecurity Incident Response Plan v5; materiality playbook; disclosure committee charter. Population: n/a (plan). Sample: Plan v5 examined; interviews with the General Counsel, CFO, CISO, and Director of OT Security",EV-IR-8,Satisfied,"Plan covers structure, roles, positions, resources, reporting to CISA, and protection of the plan as SSI",,
IR-8,IR-08c.,"the incident response plan is updated to address system and organizational changes or problems encountered during plan implementation, execution, or testing;",Examine; Interview,"Cybersecurity Incident Response Plan v5; materiality playbook; disclosure committee charter. Population: n/a (plan). Sample: Plan v5 examined; interviews with the General Counsel, CFO, CISO, and Director of OT Security",EV-IR-8,Satisfied,"Plan covers structure, roles, positions, resources, reporting to CISA, and protection of the plan as SSI",,
IR-8,IR-08d.[01],incident response plan changes are communicated to [organization-defined value];,Examine; Interview,"Cybersecurity Incident Response Plan v5; materiality playbook; disclosure committee charter. Population: n/a (plan). Sample: Plan v5 examined; interviews with the General Counsel, CFO, CISO, and Director of OT Security",EV-IR-8,Satisfied,"Plan covers structure, roles, positions, resources, reporting to CISA, and protection of the plan as SSI",,
IR-8,IR-08d.[02],incident response plan changes are communicated to [organization-defined value];,Examine; Interview,"Cybersecurity Incident Response Plan v5; materiality playbook; disclosure committee charter. Population: n/a (plan). Sample: Plan v5 examined; interviews with the General Counsel, CFO, CISO, and Director of OT Security",EV-IR-8,Satisfied,"Plan covers structure, roles, positions, resources, reporting to CISA, and protection of the plan as SSI",,
IR-8,IR-08e.[01],the incident response plan is protected from unauthorized disclosure;,Examine; Interview,"Cybersecurity Incident Response Plan v5; materiality playbook; disclosure committee charter. Population: n/a (plan). Sample: Plan v5 examined; interviews with the General Counsel, CFO, CISO, and Director of OT Security",EV-IR-8,Satisfied,"Plan covers structure, roles, positions, resources, reporting to CISA, and protection of the plan as SSI",,
IR-8,IR-08e.[02],the incident response plan is protected from unauthorized modification.,Examine; Interview,"Cybersecurity Incident Response Plan v5; materiality playbook; disclosure committee charter. Population: n/a (plan). Sample: Plan v5 examined; interviews with the General Counsel, CFO, CISO, and Director of OT Security",EV-IR-8,Satisfied,"Plan covers structure, roles, positions, resources, reporting to CISA, and protection of the plan as SSI",,
MA-4,MA-04a.[01],nonlocal maintenance and diagnostic activities are approved;,Examine; Interview; Test,Gateway records; modem list; station visits. Population: Nonlocal maintenance paths: gateway and 7 modems. Sample: 100%,EV-MA-4,Other than satisfied,Maintenance through the 7 always-on modems is not approved per session,High,POAM-004
MA-4,MA-04a.[02],nonlocal maintenance and diagnostic activities are monitored;,Examine; Interview; Test,Gateway records; modem list; station visits. Population: Nonlocal maintenance paths: gateway and 7 modems. Sample: 100%,EV-MA-4,Satisfied,"Gateway sessions were approved, strongly authenticated, recorded, and terminated",,
MA-4,MA-04b.[01],the use of nonlocal maintenance and diagnostic tools are allowed only as consistent with organizational policy;,Examine; Interview; Test,Gateway records; modem list; station visits. Population: Nonlocal maintenance paths: gateway and 7 modems. Sample: 100%,EV-MA-4,Satisfied,"Gateway sessions were approved, strongly authenticated, recorded, and terminated",,
MA-4,MA-04b.[02],the use of nonlocal maintenance and diagnostic tools are documented in the security plan for the system;,Examine; Interview; Test,Gateway records; modem list; station visits. Population: Nonlocal maintenance paths: gateway and 7 modems. Sample: 100%,EV-MA-4,Satisfied,"Gateway sessions were approved, strongly authenticated, recorded, and terminated",,
MA-4,MA-04c.,strong authentication is employed in the establishment of nonlocal maintenance and diagnostic sessions;,Examine; Interview; Test,Gateway records; modem list; station visits. Population: Nonlocal maintenance paths: gateway and 7 modems. Sample: 100%,EV-MA-4,Other than satisfied,Modem sessions do not use strong authentication,High,POAM-004
MA-4,MA-04d.,records for nonlocal maintenance and diagnostic activities are maintained;,Examine; Interview; Test,Gateway records; modem list; station visits. Population: Nonlocal maintenance paths: gateway and 7 modems. Sample: 100%,EV-MA-4,Satisfied,"Gateway sessions were approved, strongly authenticated, recorded, and terminated",,
MA-4,MA-04e.[01],session connections are terminated when nonlocal maintenance is completed;,Examine; Interview; Test,Gateway records; modem list; station visits. Population: Nonlocal maintenance paths: gateway and 7 modems. Sample: 100%,EV-MA-4,Satisfied,"Gateway sessions were approved, strongly authenticated, recorded, and terminated",,
MA-4,MA-04e.[02],network connections are terminated when nonlocal maintenance is completed.,Examine; Interview; Test,Gateway records; modem list; station visits. Population: Nonlocal maintenance paths: gateway and 7 modems. Sample: 100%,EV-MA-4,Satisfied,"Gateway sessions were approved, strongly authenticated, recorded, and terminated",,
MP-3,MP-03a.,"system media is marked to indicate distribution limitations, handling caveats, and applicable security markings (if any) of the information;",Examine; Test,SSI library; marking templates. Population: About 640 records in the TSA submission library. Sample: 25 records (random),EV-MP-3,Other than satisfied,3 of 25 sampled TSA submission records were not marked as SSI,Moderate,POAM-010
MP-3,MP-03b.,[organization-defined value] remain within [organization-defined value].,Examine; Test,SSI library; marking templates. Population: About 640 records in the TSA submission library. Sample: 25 records (random),EV-MP-3,Satisfied,Markings applied where labels were used; SSI kept within the SSI library,,
PE-3,PE-03a.01,physical access authorizations are enforced at [organization-defined value] by verifying individual access authorizations before granting access to the facil...,Examine; Interview; Test,Badge system reports; visitor logs; key logs; site visits. Population: 3 control rooms; 96 stations; badge logs. Sample: 3 control rooms visited; 6 stations visited; 30 days of badge logs at GCC-1 (5 days random),EV-PE-3,Satisfied,"Badge, visitor, key, and log controls operate at GCC-1, GCC-2, and the stations visited",,
PE-3,PE-03a.02,physical access authorizations are enforced at [organization-defined value] by controlling ingress and egress to the facility using [organization-defined val...,Examine; Interview; Test,Badge system reports; visitor logs; key logs; site visits. Population: 3 control rooms; 96 stations; badge logs. Sample: 3 control rooms visited; 6 stations visited; 30 days of badge logs at GCC-1 (5 days random),EV-PE-3,Other than satisfied,PS3-CR control room floor has no badge and PIN control; entry relies on the building lock,High,POAM-016
PE-3,PE-03b.,physical access audit logs are maintained for [organization-defined value];,Examine; Interview; Test,Badge system reports; visitor logs; key logs; site visits. Population: 3 control rooms; 96 stations; badge logs. Sample: 3 control rooms visited; 6 stations visited; 30 days of badge logs at GCC-1 (5 days random),EV-PE-3,Satisfied,"Badge, visitor, key, and log controls operate at GCC-1, GCC-2, and the stations visited",,
PE-3,PE-03c.,access to areas within the facility designated as publicly accessible are maintained by implementing [organization-defined value];,Examine; Interview; Test,Badge system reports; visitor logs; key logs; site visits. Population: 3 control rooms; 96 stations; badge logs. Sample: 3 control rooms visited; 6 stations visited; 30 days of badge logs at GCC-1 (5 days random),EV-PE-3,Satisfied,"Badge, visitor, key, and log controls operate at GCC-1, GCC-2, and the stations visited",,
PE-3,PE-03d.[01],visitors are escorted;,Examine; Interview; Test,Badge system reports; visitor logs; key logs; site visits. Population: 3 control rooms; 96 stations; badge logs. Sample: 3 control rooms visited; 6 stations visited; 30 days of badge logs at GCC-1 (5 days random),EV-PE-3,Satisfied,"Badge, visitor, key, and log controls operate at GCC-1, GCC-2, and the stations visited",,
PE-3,PE-03d.[02],visitor activity is controlled [organization-defined value];,Examine; Interview; Test,Badge system reports; visitor logs; key logs; site visits. Population: 3 control rooms; 96 stations; badge logs. Sample: 3 control rooms visited; 6 stations visited; 30 days of badge logs at GCC-1 (5 days random),EV-PE-3,Satisfied,"Badge, visitor, key, and log controls operate at GCC-1, GCC-2, and the stations visited",,
PE-3,PE-03e.[01],keys are secured;,Examine; Interview; Test,Badge system reports; visitor logs; key logs; site visits. Population: 3 control rooms; 96 stations; badge logs. Sample: 3 control rooms visited; 6 stations visited; 30 days of badge logs at GCC-1 (5 days random),EV-PE-3,Satisfied,"Badge, visitor, key, and log controls operate at GCC-1, GCC-2, and the stations visited",,
PE-3,PE-03e.[02],combinations are secured;,Examine; Interview; Test,Badge system reports; visitor logs; key logs; site visits. Population: 3 control rooms; 96 stations; badge logs. Sample: 3 control rooms visited; 6 stations visited; 30 days of badge logs at GCC-1 (5 days random),EV-PE-3,Satisfied,"Badge, visitor, key, and log controls operate at GCC-1, GCC-2, and the stations visited",,
PE-3,PE-03e.[03],other physical access devices are secured;,Examine; Interview; Test,Badge system reports; visitor logs; key logs; site visits. Population: 3 control rooms; 96 stations; badge logs. Sample: 3 control rooms visited; 6 stations visited; 30 days of badge logs at GCC-1 (5 days random),EV-PE-3,Satisfied,"Badge, visitor, key, and log controls operate at GCC-1, GCC-2, and the stations visited",,
PE-3,PE-03f.,[organization-defined value] are inventoried [organization-defined value];,Examine; Interview; Test,Badge system reports; visitor logs; key logs; site visits. Population: 3 control rooms; 96 stations; badge logs. Sample: 3 control rooms visited; 6 stations visited; 30 days of badge logs at GCC-1 (5 days random),EV-PE-3,Satisfied,"Badge, visitor, key, and log controls operate at GCC-1, GCC-2, and the stations visited",,
PE-3,PE-03g.[01],"combinations are changed [organization-defined value] , when combinations are compromised, or when individuals possessing the combinations are transferred or...",Examine; Interview; Test,Badge system reports; visitor logs; key logs; site visits. Population: 3 control rooms; 96 stations; badge logs. Sample: 3 control rooms visited; 6 stations visited; 30 days of badge logs at GCC-1 (5 days random),EV-PE-3,Satisfied,"Badge, visitor, key, and log controls operate at GCC-1, GCC-2, and the stations visited",,
PE-3,PE-03g.[02],"keys are changed [organization-defined value] , when keys are lost, or when individuals possessing the keys are transferred or terminated.",Examine; Interview; Test,Badge system reports; visitor logs; key logs; site visits. Population: 3 control rooms; 96 stations; badge logs. Sample: 3 control rooms visited; 6 stations visited; 30 days of badge logs at GCC-1 (5 days random),EV-PE-3,Satisfied,"Badge, visitor, key, and log controls operate at GCC-1, GCC-2, and the stations visited",,
PS-4,PS-04a.,"upon termination of individual employment, system access is disabled within [organization-defined value];",Examine; Test,"HR records; OT domain and PS-3 account exports. Population: 214 terminations of staff with OT access (2026-01-01 to 2026-06-30), 18 on PS-3. Sample: 40 terminations (stratified: 30 PS-1, PS-2, and JV; 10 PS-3)",EV-PS-4,Other than satisfied,2 of 10 sampled PS-3 terminations had legacy SCADA accounts disabled 3 and 5 days after termination (weekly report),High,POAM-016
PS-4,PS-04b.,"upon termination of individual employment, any authenticators and credentials are terminated or revoked;",Examine; Test,"HR records; OT domain and PS-3 account exports. Population: 214 terminations of staff with OT access (2026-01-01 to 2026-06-30), 18 on PS-3. Sample: 40 terminations (stratified: 30 PS-1, PS-2, and JV; 10 PS-3)",EV-PS-4,Satisfied,"Authenticators revoked, property retrieved, and OT domain access disabled within 4 hours",,
PS-4,PS-04c.,"upon termination of individual employment, exit interviews that include a discussion of [organization-defined value] are conducted;",Examine; Test,"HR records; OT domain and PS-3 account exports. Population: 214 terminations of staff with OT access (2026-01-01 to 2026-06-30), 18 on PS-3. Sample: 40 terminations (stratified: 30 PS-1, PS-2, and JV; 10 PS-3)",EV-PS-4,Satisfied,"Authenticators revoked, property retrieved, and OT domain access disabled within 4 hours",,
PS-4,PS-04d.,"upon termination of individual employment, all security-related organizational system-related property is retrieved;",Examine; Test,"HR records; OT domain and PS-3 account exports. Population: 214 terminations of staff with OT access (2026-01-01 to 2026-06-30), 18 on PS-3. Sample: 40 terminations (stratified: 30 PS-1, PS-2, and JV; 10 PS-3)",EV-PS-4,Satisfied,"Authenticators revoked, property retrieved, and OT domain access disabled within 4 hours",,
PS-4,PS-04e.,"upon termination of individual employment, access to organizational information and systems formerly controlled by the terminated individual are retained.",Examine; Test,"HR records; OT domain and PS-3 account exports. Population: 214 terminations of staff with OT access (2026-01-01 to 2026-06-30), 18 on PS-3. Sample: 40 terminations (stratified: 30 PS-1, PS-2, and JV; 10 PS-3)",EV-PS-4,Satisfied,"Authenticators revoked, property retrieved, and OT domain access disabled within 4 hours",,
RA-3,RA-03a.01,a risk assessment is conducted to identify threats to and vulnerabilities in the system;,Examine; Interview,P01 register and report; risk committee minutes. Population: n/a. Sample: 2026 enterprise risk analysis examined (P01),EV-RA-3,Satisfied,"Risk assessment done, documented, reviewed, disseminated, and updated; individuals affected (public safety along the pipelines) are considered",,
RA-3,RA-03a.02,"a risk assessment is conducted to determine the likelihood and magnitude of harm from unauthorized access, use, disclosure, disruption, modification, or dest...",Examine; Interview,P01 register and report; risk committee minutes. Population: n/a. Sample: 2026 enterprise risk analysis examined (P01),EV-RA-3,Satisfied,"Risk assessment done, documented, reviewed, disseminated, and updated; individuals affected (public safety along the pipelines) are considered",,
RA-3,RA-03a.03,a risk assessment is conducted to determine the likelihood and impact of adverse effects on individuals arising from the processing of personally identifiabl...,Examine; Interview,P01 register and report; risk committee minutes. Population: n/a. Sample: 2026 enterprise risk analysis examined (P01),EV-RA-3,Satisfied,"Risk assessment done, documented, reviewed, disseminated, and updated; individuals affected (public safety along the pipelines) are considered",,
RA-3,RA-03b.,risk assessment results and risk management decisions from the organization and mission or business process perspectives are integrated with system-level ris...,Examine; Interview,P01 register and report; risk committee minutes. Population: n/a. Sample: 2026 enterprise risk analysis examined (P01),EV-RA-3,Satisfied,"Risk assessment done, documented, reviewed, disseminated, and updated; individuals affected (public safety along the pipelines) are considered",,
RA-3,RA-03c.,risk assessment results are documented in [organization-defined value];,Examine; Interview,P01 register and report; risk committee minutes. Population: n/a. Sample: 2026 enterprise risk analysis examined (P01),EV-RA-3,Satisfied,"Risk assessment done, documented, reviewed, disseminated, and updated; individuals affected (public safety along the pipelines) are considered",,
RA-3,RA-03d.,risk assessment results are reviewed [organization-defined value];,Examine; Interview,P01 register and report; risk committee minutes. Population: n/a. Sample: 2026 enterprise risk analysis examined (P01),EV-RA-3,Satisfied,"Risk assessment done, documented, reviewed, disseminated, and updated; individuals affected (public safety along the pipelines) are considered",,
RA-3,RA-03e.,risk assessment results are disseminated to [organization-defined value];,Examine; Interview,P01 register and report; risk committee minutes. Population: n/a. Sample: 2026 enterprise risk analysis examined (P01),EV-RA-3,Satisfied,"Risk assessment done, documented, reviewed, disseminated, and updated; individuals affected (public safety along the pipelines) are considered",,
RA-3,RA-03f.,"the risk assessment is updated [organization-defined value] or when there are significant changes to the system, its environment of operation, or other condi...",Examine; Interview,P01 register and report; risk committee minutes. Population: n/a. Sample: 2026 enterprise risk analysis examined (P01),EV-RA-3,Satisfied,"Risk assessment done, documented, reviewed, disseminated, and updated; individuals affected (public safety along the pipelines) are considered",,
RA-5,RA-05a.[01],systems and hosted applications are monitored for vulnerabilities [organization-defined value] and when new vulnerabilities potentially affecting the system...,Examine; Test,"Scan reports; passive vulnerability data; KEV feed configuration. Population: 1,236 applicable patch items; 96 stations. Sample: 60 vulnerability findings (random); scan coverage report",EV-RA-5,Satisfied,"Monitoring is continuous where sensors exist, findings are analyzed and shared, and the KEV feed updates daily",,
RA-5,RA-05a.[02],systems and hosted applications are scanned for vulnerabilities [organization-defined value] and when new vulnerabilities potentially affecting the system ar...,Examine; Test,"Scan reports; passive vulnerability data; KEV feed configuration. Population: 1,236 applicable patch items; 96 stations. Sample: 60 vulnerability findings (random); scan coverage report",EV-RA-5,Other than satisfied,Hosts at 31 compressor stations are not credential-scanned,Moderate,POAM-020
RA-5,RA-05b.01,vulnerability monitoring tools and techniques are employed to automate parts of the vulnerability management process by using standards for enumerating platf...,Examine; Test,"Scan reports; passive vulnerability data; KEV feed configuration. Population: 1,236 applicable patch items; 96 stations. Sample: 60 vulnerability findings (random); scan coverage report",EV-RA-5,Satisfied,"Monitoring is continuous where sensors exist, findings are analyzed and shared, and the KEV feed updates daily",,
RA-5,RA-05b.02,vulnerability monitoring tools and techniques are employed to facilitate interoperability among tools and to automate parts of the vulnerability management p...,Examine; Test,"Scan reports; passive vulnerability data; KEV feed configuration. Population: 1,236 applicable patch items; 96 stations. Sample: 60 vulnerability findings (random); scan coverage report",EV-RA-5,Satisfied,"Monitoring is continuous where sensors exist, findings are analyzed and shared, and the KEV feed updates daily",,
RA-5,RA-05b.03,vulnerability monitoring tools and techniques are employed to facilitate interoperability among tools and to automate parts of the vulnerability management p...,Examine; Test,"Scan reports; passive vulnerability data; KEV feed configuration. Population: 1,236 applicable patch items; 96 stations. Sample: 60 vulnerability findings (random); scan coverage report",EV-RA-5,Satisfied,"Monitoring is continuous where sensors exist, findings are analyzed and shared, and the KEV feed updates daily",,
RA-5,RA-05c.,vulnerability scan reports and results from vulnerability monitoring are analyzed;,Examine; Test,"Scan reports; passive vulnerability data; KEV feed configuration. Population: 1,236 applicable patch items; 96 stations. Sample: 60 vulnerability findings (random); scan coverage report",EV-RA-5,Satisfied,"Monitoring is continuous where sensors exist, findings are analyzed and shared, and the KEV feed updates daily",,
RA-5,RA-05d.,legitimate vulnerabilities are remediated [organization-defined value] in accordance with an organizational assessment of risk;,Examine; Test,"Scan reports; passive vulnerability data; KEV feed configuration. Population: 1,236 applicable patch items; 96 stations. Sample: 60 vulnerability findings (random); scan coverage report",EV-RA-5,Satisfied,"Monitoring is continuous where sensors exist, findings are analyzed and shared, and the KEV feed updates daily",,
RA-5,RA-05e.,information obtained from the vulnerability monitoring process and control assessments is shared with [organization-defined value] to help eliminate similar...,Examine; Test,"Scan reports; passive vulnerability data; KEV feed configuration. Population: 1,236 applicable patch items; 96 stations. Sample: 60 vulnerability findings (random); scan coverage report",EV-RA-5,Satisfied,"Monitoring is continuous where sensors exist, findings are analyzed and shared, and the KEV feed updates daily",,
RA-5,RA-05f.,vulnerability monitoring tools that include the capability to readily update the vulnerabilities to be scanned are employed.,Examine; Test,"Scan reports; passive vulnerability data; KEV feed configuration. Population: 1,236 applicable patch items; 96 stations. Sample: 60 vulnerability findings (random); scan coverage report",EV-RA-5,Satisfied,"Monitoring is continuous where sensors exist, findings are analyzed and shared, and the KEV feed updates daily",,
SA-9,SA-09a.[01],providers of external system services comply with organizational security requirements;,Examine; Interview,Supplier register; contracts; reviews. Population: 6 critical OT suppliers. Sample: 100%,EV-SA-9,Other than satisfied,2 of 6 critical OT suppliers have no incident notice terms,High,POAM-014
SA-9,SA-09a.[02],providers of external system services comply with organizational privacy requirements;,Examine; Interview,Supplier register; contracts; reviews. Population: 6 critical OT suppliers. Sample: 100%,EV-SA-9,Satisfied,"Oversight, roles, and annual reviews are defined for all 6 critical OT suppliers",,
SA-9,SA-09a.[03],providers of external system services employ [organization-defined value];,Examine; Interview,Supplier register; contracts; reviews. Population: 6 critical OT suppliers. Sample: 100%,EV-SA-9,Satisfied,"Oversight, roles, and annual reviews are defined for all 6 critical OT suppliers",,
SA-9,SA-09b.[01],organizational oversight with regard to external system services are defined and documented;,Examine; Interview,Supplier register; contracts; reviews. Population: 6 critical OT suppliers. Sample: 100%,EV-SA-9,Satisfied,"Oversight, roles, and annual reviews are defined for all 6 critical OT suppliers",,
SA-9,SA-09b.[02],user roles and responsibilities with regard to external system services are defined and documented;,Examine; Interview,Supplier register; contracts; reviews. Population: 6 critical OT suppliers. Sample: 100%,EV-SA-9,Satisfied,"Oversight, roles, and annual reviews are defined for all 6 critical OT suppliers",,
SA-9,SA-09c.,[organization-defined value] are employed to monitor control compliance by external service providers on an ongoing basis.,Examine; Interview,Supplier register; contracts; reviews. Population: 6 critical OT suppliers. Sample: 100%,EV-SA-9,Satisfied,"Oversight, roles, and annual reviews are defined for all 6 critical OT suppliers",,
SA-22,SA-22a.,"system components are replaced when support for the components is no longer available from the developer, vendor, or manufacturer;",Examine; Interview,Unsupported component register; replacement program plan. Population: 22 stations with unsupported components. Sample: 100%,EV-SA-22,Other than satisfied,22 stations still run end-of-support HMIs or PLC firmware; replacement is scheduled for 2027 to 2028 and 7 have no documented mitigations,High,POAM-003
SA-22,SA-22b.,[organization-defined value] provide options for alternative sources for continued support for unsupported components.,Examine; Interview,Unsupported component register; replacement program plan. Population: 22 stations with unsupported components. Sample: 100%,EV-SA-22,Satisfied,Alternative support options are documented for the 15 mitigated stations,,
SC-7,SC-07a.[01],communications at external managed interfaces to the system are monitored;,Examine; Interview; Test,"Firewall exports; zone diagram; reachability test. Population: About 4,800 firewall rules; 96 stations. Sample: 60 rules (random); reachability tests at 2 PS-3 stations and 2 PS-1 stations",EV-SC-7,Satisfied,External and DMZ interfaces are monitored and controlled; PS-1 and PS-2 conduits deny by default,,
SC-7,SC-07a.[02],communications at external managed interfaces to the system are controlled;,Examine; Interview; Test,"Firewall exports; zone diagram; reachability test. Population: About 4,800 firewall rules; 96 stations. Sample: 60 rules (random); reachability tests at 2 PS-3 stations and 2 PS-1 stations",EV-SC-7,Satisfied,External and DMZ interfaces are monitored and controlled; PS-1 and PS-2 conduits deny by default,,
SC-7,SC-07a.[03],communications at key internal managed interfaces within the system are monitored;,Examine; Interview; Test,"Firewall exports; zone diagram; reachability test. Population: About 4,800 firewall rules; 96 stations. Sample: 60 rules (random); reachability tests at 2 PS-3 stations and 2 PS-1 stations",EV-SC-7,Satisfied,External and DMZ interfaces are monitored and controlled; PS-1 and PS-2 conduits deny by default,,
SC-7,SC-07a.[04],communications at key internal managed interfaces within the system are controlled;,Examine; Interview; Test,"Firewall exports; zone diagram; reachability test. Population: About 4,800 firewall rules; 96 stations. Sample: 60 rules (random); reachability tests at 2 PS-3 stations and 2 PS-1 stations",EV-SC-7,Other than satisfied,12 of 20 PS-3 stations have flat networks with no controlled internal interfaces,High,POAM-016
SC-7,SC-07b.,subnetworks for publicly accessible system components are [organization-defined value] separated from internal organizational networks;,Examine; Interview; Test,"Firewall exports; zone diagram; reachability test. Population: About 4,800 firewall rules; 96 stations. Sample: 60 rules (random); reachability tests at 2 PS-3 stations and 2 PS-1 stations",EV-SC-7,Satisfied,External and DMZ interfaces are monitored and controlled; PS-1 and PS-2 conduits deny by default,,
SC-7,SC-07c.,external networks or systems are only connected to through managed interfaces consisting of boundary protection devices arranged in accordance with an organi...,Examine; Interview; Test,"Firewall exports; zone diagram; reachability test. Population: About 4,800 firewall rules; 96 stations. Sample: 60 rules (random); reachability tests at 2 PS-3 stations and 2 PS-1 stations",EV-SC-7,Other than satisfied,7 vendor modems connect external networks to station networks outside managed interfaces,High,POAM-004
SC-8,SC-08,the [organization-defined value] of transmitted information is/are protected.,Examine; Test,Network design; packet capture. Population: All SCADA polling paths. Sample: 100% (network design review); packet capture on one PS-3 circuit,EV-SC-8,Other than satisfied,PS-3 polling crosses the shared corporate MPLS without encryption,High,POAM-016
SI-2,SI-02a.[01],system flaws are identified;,Examine; Test,"Patch status report; maintenance window records. Population: 1,236 applicable patch items on OT hosts (2026-01-01 to 2026-06-30). Sample: 60 items (random)",EV-SI-2,Satisfied,"Flaws are identified, reported, tested in the SCADA test environment, and tracked in change management",,
SI-2,SI-02a.[02],system flaws are reported;,Examine; Test,"Patch status report; maintenance window records. Population: 1,236 applicable patch items on OT hosts (2026-01-01 to 2026-06-30). Sample: 60 items (random)",EV-SI-2,Satisfied,"Flaws are identified, reported, tested in the SCADA test environment, and tracked in change management",,
SI-2,SI-02a.[03],system flaws are corrected;,Examine; Test,"Patch status report; maintenance window records. Population: 1,236 applicable patch items on OT hosts (2026-01-01 to 2026-06-30). Sample: 60 items (random)",EV-SI-2,Satisfied,"Flaws are identified, reported, tested in the SCADA test environment, and tracked in change management",,
SI-2,SI-02b.[01],software updates related to flaw remediation are tested for effectiveness before installation;,Examine; Test,"Patch status report; maintenance window records. Population: 1,236 applicable patch items on OT hosts (2026-01-01 to 2026-06-30). Sample: 60 items (random)",EV-SI-2,Satisfied,"Flaws are identified, reported, tested in the SCADA test environment, and tracked in change management",,
SI-2,SI-02b.[02],software updates related to flaw remediation are tested for potential side effects before installation;,Examine; Test,"Patch status report; maintenance window records. Population: 1,236 applicable patch items on OT hosts (2026-01-01 to 2026-06-30). Sample: 60 items (random)",EV-SI-2,Satisfied,"Flaws are identified, reported, tested in the SCADA test environment, and tracked in change management",,
SI-2,SI-02b.[03],firmware updates related to flaw remediation are tested for effectiveness before installation;,Examine; Test,"Patch status report; maintenance window records. Population: 1,236 applicable patch items on OT hosts (2026-01-01 to 2026-06-30). Sample: 60 items (random)",EV-SI-2,Satisfied,"Flaws are identified, reported, tested in the SCADA test environment, and tracked in change management",,
SI-2,SI-02b.[04],firmware updates related to flaw remediation are tested for potential side effects before installation;,Examine; Test,"Patch status report; maintenance window records. Population: 1,236 applicable patch items on OT hosts (2026-01-01 to 2026-06-30). Sample: 60 items (random)",EV-SI-2,Satisfied,"Flaws are identified, reported, tested in the SCADA test environment, and tracked in change management",,
SI-2,SI-02c.[01],security-relevant software updates are installed within [organization-defined value] of the release of the updates;,Examine; Test,"Patch status report; maintenance window records. Population: 1,236 applicable patch items on OT hosts (2026-01-01 to 2026-06-30). Sample: 60 items (random)",EV-SI-2,Other than satisfied,1 of 60 sampled software patch items was installed after the plan timeline,High,POAM-002
SI-2,SI-02c.[02],security-relevant firmware updates are installed within [organization-defined value] of the release of the updates;,Examine; Test,"Patch status report; maintenance window records. Population: 1,236 applicable patch items on OT hosts (2026-01-01 to 2026-06-30). Sample: 60 items (random)",EV-SI-2,Other than satisfied,4 of 60 sampled items were station firmware updates past the plan timeline,High,POAM-002
SI-2,SI-02d.,flaw remediation is incorporated into the organizational configuration management process.,Examine; Test,"Patch status report; maintenance window records. Population: 1,236 applicable patch items on OT hosts (2026-01-01 to 2026-06-30). Sample: 60 items (random)",EV-SI-2,Satisfied,"Flaws are identified, reported, tested in the SCADA test environment, and tracked in change management",,
SI-4,SI-04a.01,the system is monitored to detect attacks and indicators of potential attacks in accordance with [organization-defined value];,Examine; Interview; Test,Sensor coverage report; SIEM use cases; detection test. Population: 96 stations; 3 control rooms. Sample: Sensor coverage report (100%); detection test at 2 stations,EV-SI-4,Other than satisfied,No monitoring for attack indicators at 22 stations or at meter and valve sites,High,POAM-005
SI-4,SI-04a.02[01],the system is monitored to detect unauthorized local connections;,Examine; Interview; Test,Sensor coverage report; SIEM use cases; detection test. Population: 96 stations; 3 control rooms. Sample: Sensor coverage report (100%); detection test at 2 stations,EV-SI-4,Satisfied,Monitoring at the GCCs and 74 stations detected the test events; analysis and legal review in place,,
SI-4,SI-04a.02[02],the system is monitored to detect unauthorized network connections;,Examine; Interview; Test,Sensor coverage report; SIEM use cases; detection test. Population: 96 stations; 3 control rooms. Sample: Sensor coverage report (100%); detection test at 2 stations,EV-SI-4,Satisfied,Monitoring at the GCCs and 74 stations detected the test events; analysis and legal review in place,,
SI-4,SI-04a.02[03],the system is monitored to detect unauthorized remote connections;,Examine; Interview; Test,Sensor coverage report; SIEM use cases; detection test. Population: 96 stations; 3 control rooms. Sample: Sensor coverage report (100%); detection test at 2 stations,EV-SI-4,Other than satisfied,Remote connections through the 7 vendor modems are not monitored,High,POAM-004
SI-4,SI-04b.,unauthorized use of the system is identified through [organization-defined value];,Examine; Interview; Test,Sensor coverage report; SIEM use cases; detection test. Population: 96 stations; 3 control rooms. Sample: Sensor coverage report (100%); detection test at 2 stations,EV-SI-4,Satisfied,Monitoring at the GCCs and 74 stations detected the test events; analysis and legal review in place,,
SI-4,SI-04c.01,internal monitoring capabilities are invoked or monitoring devices are deployed strategically within the system to collect organization-determined essential...,Examine; Interview; Test,Sensor coverage report; SIEM use cases; detection test. Population: 96 stations; 3 control rooms. Sample: Sensor coverage report (100%); detection test at 2 stations,EV-SI-4,Other than satisfied,Monitoring devices are not deployed at 22 compressor stations,High,POAM-005
SI-4,SI-04c.02,internal monitoring capabilities are invoked or monitoring devices are deployed at ad hoc locations within the system to track specific types of transactions...,Examine; Interview; Test,Sensor coverage report; SIEM use cases; detection test. Population: 96 stations; 3 control rooms. Sample: Sensor coverage report (100%); detection test at 2 stations,EV-SI-4,Satisfied,Monitoring at the GCCs and 74 stations detected the test events; analysis and legal review in place,,
SI-4,SI-04d.[01],detected events are analyzed;,Examine; Interview; Test,Sensor coverage report; SIEM use cases; detection test. Population: 96 stations; 3 control rooms. Sample: Sensor coverage report (100%); detection test at 2 stations,EV-SI-4,Satisfied,Monitoring at the GCCs and 74 stations detected the test events; analysis and legal review in place,,
SI-4,SI-04d.[02],detected anomalies are analyzed;,Examine; Interview; Test,Sensor coverage report; SIEM use cases; detection test. Population: 96 stations; 3 control rooms. Sample: Sensor coverage report (100%); detection test at 2 stations,EV-SI-4,Satisfied,Monitoring at the GCCs and 74 stations detected the test events; analysis and legal review in place,,
SI-4,SI-04e.,"the level of system monitoring activity is adjusted when there is a change in risk to organizational operations and assets, individuals, other organizations,...",Examine; Interview; Test,Sensor coverage report; SIEM use cases; detection test. Population: 96 stations; 3 control rooms. Sample: Sensor coverage report (100%); detection test at 2 stations,EV-SI-4,Satisfied,Monitoring at the GCCs and 74 stations detected the test events; analysis and legal review in place,,
SI-4,SI-04f.,a legal opinion regarding system monitoring activities is obtained;,Examine; Interview; Test,Sensor coverage report; SIEM use cases; detection test. Population: 96 stations; 3 control rooms. Sample: Sensor coverage report (100%); detection test at 2 stations,EV-SI-4,Satisfied,Monitoring at the GCCs and 74 stations detected the test events; analysis and legal review in place,,
SI-4,SI-04g.,[organization-defined value] is provided to [organization-defined value] [organization-defined value].,Examine; Interview; Test,Sensor coverage report; SIEM use cases; detection test. Population: 96 stations; 3 control rooms. Sample: Sensor coverage report (100%); detection test at 2 stations,EV-SI-4,Satisfied,Monitoring at the GCCs and 74 stations detected the test events; analysis and legal review in place,,
SI-7,SI-07a.[01],integrity verification tools are employed to detect unauthorized changes to [organization-defined value];,Examine; Test,Integrity tools; golden copy comparison reports. Population: n/a. Sample: File integrity reports; PLC logic comparison reports for 3 months,EV-SI-7,Satisfied,"File integrity monitoring on SCADA hosts and monthly PLC logic comparison at modern stations, with response actions",,
SI-7,SI-07a.[02],integrity verification tools are employed to detect unauthorized changes to [organization-defined value];,Examine; Test,Integrity tools; golden copy comparison reports. Population: n/a. Sample: File integrity reports; PLC logic comparison reports for 3 months,EV-SI-7,Other than satisfied,No automated firmware or logic integrity check at the 22 legacy stations,High,POAM-003
SI-7,SI-07a.[03],integrity verification tools are employed to detect unauthorized changes to [organization-defined value];,Examine; Test,Integrity tools; golden copy comparison reports. Population: n/a. Sample: File integrity reports; PLC logic comparison reports for 3 months,EV-SI-7,Satisfied,"File integrity monitoring on SCADA hosts and monthly PLC logic comparison at modern stations, with response actions",,
SI-7,SI-07b.[01],"[organization-defined value] are taken when unauthorized changes to the software, are detected;",Examine; Test,Integrity tools; golden copy comparison reports. Population: n/a. Sample: File integrity reports; PLC logic comparison reports for 3 months,EV-SI-7,Satisfied,"File integrity monitoring on SCADA hosts and monthly PLC logic comparison at modern stations, with response actions",,
SI-7,SI-07b.[02],[organization-defined value] are taken when unauthorized changes to the firmware are detected;,Examine; Test,Integrity tools; golden copy comparison reports. Population: n/a. Sample: File integrity reports; PLC logic comparison reports for 3 months,EV-SI-7,Satisfied,"File integrity monitoring on SCADA hosts and monthly PLC logic comparison at modern stations, with response actions",,
SI-7,SI-07b.[03],[organization-defined value] are taken when unauthorized changes to the information are detected.,Examine; Test,Integrity tools; golden copy comparison reports. Population: n/a. Sample: File integrity reports; PLC logic comparison reports for 3 months,EV-SI-7,Satisfied,"File integrity monitoring on SCADA hosts and monthly PLC logic comparison at modern stations, with response actions",,
SR-6,SR-06,"the supply chain-related risks associated with suppliers or contractors and the systems, system components, or system services they provide are assessed and...",Examine; Interview,Supplier assessments. Population: 6 critical OT suppliers. Sample: 100%,EV-SR-6,Other than satisfied,Supplier reviews do not cover software composition: no software bills of materials from the SCADA vendor,High,POAM-014
