control_id,objective_id,determination_statement_summary,method,assessment_object,evidence_ref,finding,finding_detail,risk_level,poam_id
AC-2,AC-02a.[01],account types allowed for use within the system are defined and documented;,Examine; Interview; Test,"Identity governance workflows; CAD, PTC, and OT directory exports; HR termination records; CAD Application Manager and Director of Identity and Access Management interviews. Population: 1,212 TDPB account events (2026-01-01 to 2026-06-30); 1,318 terminations of staff with TDPB or corporate access (96 at AQ-04 to AQ-06). Sample: 60 account events (random); 60 terminations (stratified: 50 enterprise, 10 AQ)",EV-AC-2,Satisfied,Sampled events matched approved requests and role templates,,
AC-2,AC-02a.[02],account types specifically prohibited for use within the system are defined and documented;,Examine; Interview; Test,"Identity governance workflows; CAD, PTC, and OT directory exports; HR termination records; CAD Application Manager and Director of Identity and Access Management interviews. Population: 1,212 TDPB account events (2026-01-01 to 2026-06-30); 1,318 terminations of staff with TDPB or corporate access (96 at AQ-04 to AQ-06). Sample: 60 account events (random); 60 terminations (stratified: 50 enterprise, 10 AQ)",EV-AC-2,Satisfied,Sampled events matched approved requests and role templates,,
AC-2,AC-02b.,account managers are assigned;,Examine; Interview; Test,"Identity governance workflows; CAD, PTC, and OT directory exports; HR termination records; CAD Application Manager and Director of Identity and Access Management interviews. Population: 1,212 TDPB account events (2026-01-01 to 2026-06-30); 1,318 terminations of staff with TDPB or corporate access (96 at AQ-04 to AQ-06). Sample: 60 account events (random); 60 terminations (stratified: 50 enterprise, 10 AQ)",EV-AC-2,Satisfied,Sampled events matched approved requests and role templates,,
AC-2,AC-02c.,[organization-defined value] for group and role membership are required;,Examine; Interview; Test,"Identity governance workflows; CAD, PTC, and OT directory exports; HR termination records; CAD Application Manager and Director of Identity and Access Management interviews. Population: 1,212 TDPB account events (2026-01-01 to 2026-06-30); 1,318 terminations of staff with TDPB or corporate access (96 at AQ-04 to AQ-06). Sample: 60 account events (random); 60 terminations (stratified: 50 enterprise, 10 AQ)",EV-AC-2,Satisfied,Sampled events matched approved requests and role templates,,
AC-2,AC-02d.01,authorized users of the system are specified;,Examine; Interview; Test,"Identity governance workflows; CAD, PTC, and OT directory exports; HR termination records; CAD Application Manager and Director of Identity and Access Management interviews. Population: 1,212 TDPB account events (2026-01-01 to 2026-06-30); 1,318 terminations of staff with TDPB or corporate access (96 at AQ-04 to AQ-06). Sample: 60 account events (random); 60 terminations (stratified: 50 enterprise, 10 AQ)",EV-AC-2,Satisfied,Sampled events matched approved requests and role templates,,
AC-2,AC-02d.02,group and role membership are specified;,Examine; Interview; Test,"Identity governance workflows; CAD, PTC, and OT directory exports; HR termination records; CAD Application Manager and Director of Identity and Access Management interviews. Population: 1,212 TDPB account events (2026-01-01 to 2026-06-30); 1,318 terminations of staff with TDPB or corporate access (96 at AQ-04 to AQ-06). Sample: 60 account events (random); 60 terminations (stratified: 50 enterprise, 10 AQ)",EV-AC-2,Satisfied,Sampled events matched approved requests and role templates,,
AC-2,AC-02d.03[01],"access authorizations (i.e., privileges) are specified for each account;",Examine; Interview; Test,"Identity governance workflows; CAD, PTC, and OT directory exports; HR termination records; CAD Application Manager and Director of Identity and Access Management interviews. Population: 1,212 TDPB account events (2026-01-01 to 2026-06-30); 1,318 terminations of staff with TDPB or corporate access (96 at AQ-04 to AQ-06). Sample: 60 account events (random); 60 terminations (stratified: 50 enterprise, 10 AQ)",EV-AC-2,Satisfied,Sampled events matched approved requests and role templates,,
AC-2,AC-02d.03[02],[organization-defined value] are specified for each account;,Examine; Interview; Test,"Identity governance workflows; CAD, PTC, and OT directory exports; HR termination records; CAD Application Manager and Director of Identity and Access Management interviews. Population: 1,212 TDPB account events (2026-01-01 to 2026-06-30); 1,318 terminations of staff with TDPB or corporate access (96 at AQ-04 to AQ-06). Sample: 60 account events (random); 60 terminations (stratified: 50 enterprise, 10 AQ)",EV-AC-2,Satisfied,Sampled events matched approved requests and role templates,,
AC-2,AC-02e.,approvals are required by [organization-defined value] for requests to create accounts;,Examine; Interview; Test,"Identity governance workflows; CAD, PTC, and OT directory exports; HR termination records; CAD Application Manager and Director of Identity and Access Management interviews. Population: 1,212 TDPB account events (2026-01-01 to 2026-06-30); 1,318 terminations of staff with TDPB or corporate access (96 at AQ-04 to AQ-06). Sample: 60 account events (random); 60 terminations (stratified: 50 enterprise, 10 AQ)",EV-AC-2,Satisfied,Sampled events matched approved requests and role templates,,
AC-2,AC-02f.[01],accounts are created in accordance with [organization-defined value];,Examine; Interview; Test,"Identity governance workflows; CAD, PTC, and OT directory exports; HR termination records; CAD Application Manager and Director of Identity and Access Management interviews. Population: 1,212 TDPB account events (2026-01-01 to 2026-06-30); 1,318 terminations of staff with TDPB or corporate access (96 at AQ-04 to AQ-06). Sample: 60 account events (random); 60 terminations (stratified: 50 enterprise, 10 AQ)",EV-AC-2,Satisfied,Sampled events matched approved requests and role templates,,
AC-2,AC-02f.[02],accounts are enabled in accordance with [organization-defined value];,Examine; Interview; Test,"Identity governance workflows; CAD, PTC, and OT directory exports; HR termination records; CAD Application Manager and Director of Identity and Access Management interviews. Population: 1,212 TDPB account events (2026-01-01 to 2026-06-30); 1,318 terminations of staff with TDPB or corporate access (96 at AQ-04 to AQ-06). Sample: 60 account events (random); 60 terminations (stratified: 50 enterprise, 10 AQ)",EV-AC-2,Satisfied,Sampled events matched approved requests and role templates,,
AC-2,AC-02f.[03],accounts are modified in accordance with [organization-defined value];,Examine; Interview; Test,"Identity governance workflows; CAD, PTC, and OT directory exports; HR termination records; CAD Application Manager and Director of Identity and Access Management interviews. Population: 1,212 TDPB account events (2026-01-01 to 2026-06-30); 1,318 terminations of staff with TDPB or corporate access (96 at AQ-04 to AQ-06). Sample: 60 account events (random); 60 terminations (stratified: 50 enterprise, 10 AQ)",EV-AC-2,Satisfied,Sampled events matched approved requests and role templates,,
AC-2,AC-02f.[04],accounts are disabled in accordance with [organization-defined value];,Examine; Interview; Test,"Identity governance workflows; CAD, PTC, and OT directory exports; HR termination records; CAD Application Manager and Director of Identity and Access Management interviews. Population: 1,212 TDPB account events (2026-01-01 to 2026-06-30); 1,318 terminations of staff with TDPB or corporate access (96 at AQ-04 to AQ-06). Sample: 60 account events (random); 60 terminations (stratified: 50 enterprise, 10 AQ)",EV-AC-2,Other than satisfied,3 of 10 sampled AQ terminations were disabled 2 to 9 days late in local directories; all 50 enterprise terminations were disabled the same business day,High,POAM-001
AC-2,AC-02f.[05],accounts are removed in accordance with [organization-defined value];,Examine; Interview; Test,"Identity governance workflows; CAD, PTC, and OT directory exports; HR termination records; CAD Application Manager and Director of Identity and Access Management interviews. Population: 1,212 TDPB account events (2026-01-01 to 2026-06-30); 1,318 terminations of staff with TDPB or corporate access (96 at AQ-04 to AQ-06). Sample: 60 account events (random); 60 terminations (stratified: 50 enterprise, 10 AQ)",EV-AC-2,Satisfied,Sampled events matched approved requests and role templates,,
AC-2,AC-02g.,the use of accounts is monitored;,Examine; Interview; Test,"Identity governance workflows; CAD, PTC, and OT directory exports; HR termination records; CAD Application Manager and Director of Identity and Access Management interviews. Population: 1,212 TDPB account events (2026-01-01 to 2026-06-30); 1,318 terminations of staff with TDPB or corporate access (96 at AQ-04 to AQ-06). Sample: 60 account events (random); 60 terminations (stratified: 50 enterprise, 10 AQ)",EV-AC-2,Satisfied,Sampled events matched approved requests and role templates,,
AC-2,AC-02h.01,account managers and [organization-defined value] are notified within [organization-defined value] when accounts are no longer required;,Examine; Interview; Test,"Identity governance workflows; CAD, PTC, and OT directory exports; HR termination records; CAD Application Manager and Director of Identity and Access Management interviews. Population: 1,212 TDPB account events (2026-01-01 to 2026-06-30); 1,318 terminations of staff with TDPB or corporate access (96 at AQ-04 to AQ-06). Sample: 60 account events (random); 60 terminations (stratified: 50 enterprise, 10 AQ)",EV-AC-2,Satisfied,Sampled events matched approved requests and role templates,,
AC-2,AC-02h.02,account managers and [organization-defined value] are notified within [organization-defined value] when users are terminated or transferred;,Examine; Interview; Test,"Identity governance workflows; CAD, PTC, and OT directory exports; HR termination records; CAD Application Manager and Director of Identity and Access Management interviews. Population: 1,212 TDPB account events (2026-01-01 to 2026-06-30); 1,318 terminations of staff with TDPB or corporate access (96 at AQ-04 to AQ-06). Sample: 60 account events (random); 60 terminations (stratified: 50 enterprise, 10 AQ)",EV-AC-2,Other than satisfied,Account managers at AQ-04 to AQ-06 are not notified automatically of terminations; they rely on a weekly HR report,High,POAM-001
AC-2,AC-02h.03,account managers and [organization-defined value] are notified within [organization-defined value] when system usage or the need to know changes for an individual;,Examine; Interview; Test,"Identity governance workflows; CAD, PTC, and OT directory exports; HR termination records; CAD Application Manager and Director of Identity and Access Management interviews. Population: 1,212 TDPB account events (2026-01-01 to 2026-06-30); 1,318 terminations of staff with TDPB or corporate access (96 at AQ-04 to AQ-06). Sample: 60 account events (random); 60 terminations (stratified: 50 enterprise, 10 AQ)",EV-AC-2,Satisfied,Sampled events matched approved requests and role templates,,
AC-2,AC-02i.01,access to the system is authorized based on a valid access authorization;,Examine; Interview; Test,"Identity governance workflows; CAD, PTC, and OT directory exports; HR termination records; CAD Application Manager and Director of Identity and Access Management interviews. Population: 1,212 TDPB account events (2026-01-01 to 2026-06-30); 1,318 terminations of staff with TDPB or corporate access (96 at AQ-04 to AQ-06). Sample: 60 account events (random); 60 terminations (stratified: 50 enterprise, 10 AQ)",EV-AC-2,Satisfied,Sampled events matched approved requests and role templates,,
AC-2,AC-02i.02,access to the system is authorized based on intended system usage;,Examine; Interview; Test,"Identity governance workflows; CAD, PTC, and OT directory exports; HR termination records; CAD Application Manager and Director of Identity and Access Management interviews. Population: 1,212 TDPB account events (2026-01-01 to 2026-06-30); 1,318 terminations of staff with TDPB or corporate access (96 at AQ-04 to AQ-06). Sample: 60 account events (random); 60 terminations (stratified: 50 enterprise, 10 AQ)",EV-AC-2,Satisfied,Sampled events matched approved requests and role templates,,
AC-2,AC-02i.03,access to the system is authorized based on [organization-defined value];,Examine; Interview; Test,"Identity governance workflows; CAD, PTC, and OT directory exports; HR termination records; CAD Application Manager and Director of Identity and Access Management interviews. Population: 1,212 TDPB account events (2026-01-01 to 2026-06-30); 1,318 terminations of staff with TDPB or corporate access (96 at AQ-04 to AQ-06). Sample: 60 account events (random); 60 terminations (stratified: 50 enterprise, 10 AQ)",EV-AC-2,Satisfied,Sampled events matched approved requests and role templates,,
AC-2,AC-02j.,accounts are reviewed for compliance with account management requirements [organization-defined value];,Examine; Interview; Test,"Identity governance workflows; CAD, PTC, and OT directory exports; HR termination records; CAD Application Manager and Director of Identity and Access Management interviews. Population: 1,212 TDPB account events (2026-01-01 to 2026-06-30); 1,318 terminations of staff with TDPB or corporate access (96 at AQ-04 to AQ-06). Sample: 60 account events (random); 60 terminations (stratified: 50 enterprise, 10 AQ)",EV-AC-2,Satisfied,Sampled events matched approved requests and role templates,,
AC-2,AC-02k.[01],a process is established for changing shared or group account authenticators (if deployed) when individuals are removed from the group;,Examine; Interview; Test,"Identity governance workflows; CAD, PTC, and OT directory exports; HR termination records; CAD Application Manager and Director of Identity and Access Management interviews. Population: 1,212 TDPB account events (2026-01-01 to 2026-06-30); 1,318 terminations of staff with TDPB or corporate access (96 at AQ-04 to AQ-06). Sample: 60 account events (random); 60 terminations (stratified: 50 enterprise, 10 AQ)",EV-AC-2,Satisfied,Sampled events matched approved requests and role templates,,
AC-2,AC-02k.[02],a process is implemented for changing shared or group account authenticators (if deployed) when individuals are removed from the group;,Examine; Interview; Test,"Identity governance workflows; CAD, PTC, and OT directory exports; HR termination records; CAD Application Manager and Director of Identity and Access Management interviews. Population: 1,212 TDPB account events (2026-01-01 to 2026-06-30); 1,318 terminations of staff with TDPB or corporate access (96 at AQ-04 to AQ-06). Sample: 60 account events (random); 60 terminations (stratified: 50 enterprise, 10 AQ)",EV-AC-2,Other than satisfied,Shared CTC code server administrator passwords were not changed when 2 signal engineers left in 2026,High,POAM-004
AC-2,AC-02l.[01],account management processes are aligned with personnel termination processes;,Examine; Interview; Test,"Identity governance workflows; CAD, PTC, and OT directory exports; HR termination records; CAD Application Manager and Director of Identity and Access Management interviews. Population: 1,212 TDPB account events (2026-01-01 to 2026-06-30); 1,318 terminations of staff with TDPB or corporate access (96 at AQ-04 to AQ-06). Sample: 60 account events (random); 60 terminations (stratified: 50 enterprise, 10 AQ)",EV-AC-2,Other than satisfied,Account management at AQ-04 to AQ-06 is not aligned with the HR termination process,High,POAM-001
AC-2,AC-02l.[02],account management processes are aligned with personnel transfer processes.,Examine; Interview; Test,"Identity governance workflows; CAD, PTC, and OT directory exports; HR termination records; CAD Application Manager and Director of Identity and Access Management interviews. Population: 1,212 TDPB account events (2026-01-01 to 2026-06-30); 1,318 terminations of staff with TDPB or corporate access (96 at AQ-04 to AQ-06). Sample: 60 account events (random); 60 terminations (stratified: 50 enterprise, 10 AQ)",EV-AC-2,Satisfied,Sampled events matched approved requests and role templates,,
AC-3,AC-03,approved authorizations for logical access to information and system resources are enforced in accordance with applicable access control policies.,Examine; Test,OT directory and server permission exports; trust configuration. Population: OT directory groups and permissions on 38 TDPB servers. Sample: 100% (permission analytic),EV-AC-3,Other than satisfied,"A legacy two-way directory trust lets 2 corporate groups resolve permissions on 14 OT servers, bypassing the OT role design",High,POAM-005
AC-6,AC-06,"the principle of least privilege is employed, allowing only authorized accesses for users (or processes acting on behalf of users) that are necessary to accomplish assigned...",Examine; Test,"PAM session records; role catalog. Population: 2,140 PAM elevation sessions to TDPB servers. Sample: 25 sessions (random)",EV-AC-6,Satisfied,"Sessions were checked out, approved, and limited to the window",,
AC-17,AC-17a.[01],usage restrictions are established and documented for each type of remote access allowed;,Examine; Interview; Test,PAM vendor register; field network scans; vendor contracts. Population: 5 remote access paths to Critical Cyber Systems; 14 OT vendors. Sample: 100%,EV-AC-17,Satisfied,Remote access paths documented with usage restrictions,,
AC-17,AC-17a.[02],configuration/connection requirements are established and documented for each type of remote access allowed;,Examine; Interview; Test,PAM vendor register; field network scans; vendor contracts. Population: 5 remote access paths to Critical Cyber Systems; 14 OT vendors. Sample: 100%,EV-AC-17,Satisfied,Remote access paths documented with usage restrictions,,
AC-17,AC-17a.[03],implementation guidance is established and documented for each type of remote access allowed;,Examine; Interview; Test,PAM vendor register; field network scans; vendor contracts. Population: 5 remote access paths to Critical Cyber Systems; 14 OT vendors. Sample: 100%,EV-AC-17,Satisfied,Remote access paths documented with usage restrictions,,
AC-17,AC-17b.,each type of remote access to the system is authorized prior to allowing such connections.,Examine; Interview; Test,PAM vendor register; field network scans; vendor contracts. Population: 5 remote access paths to Critical Cyber Systems; 14 OT vendors. Sample: 100%,EV-AC-17,Other than satisfied,The crossing monitor vendor reaches about 310 monitors through its own cellular modems that were never authorized; 2 modems also reach a CTC field code unit network in the Central region,High,POAM-008
AT-2,AT-02a.01[01],"security literacy training is provided to system users (including managers, senior executives, and contractors) as part of initial training for new users;",Examine,"Learning system reports; phishing simulation results. Population: 12,000 employees (520 network operations). Sample: 60 training records (random); phishing results for 6 months",EV-AT-2,Satisfied,Training completed and content current,,
AT-2,AT-02a.01[02],"privacy literacy training is provided to system users (including managers, senior executives, and contractors) as part of initial training for new users;",Examine,"Learning system reports; phishing simulation results. Population: 12,000 employees (520 network operations). Sample: 60 training records (random); phishing results for 6 months",EV-AT-2,Satisfied,Training completed and content current,,
AT-2,AT-02a.01[03],"security literacy training is provided to system users (including managers, senior executives, and contractors) [organization-defined value] thereafter;",Examine,"Learning system reports; phishing simulation results. Population: 12,000 employees (520 network operations). Sample: 60 training records (random); phishing results for 6 months",EV-AT-2,Satisfied,Training completed and content current,,
AT-2,AT-02a.01[04],"privacy literacy training is provided to system users (including managers, senior executives, and contractors) [organization-defined value] thereafter;",Examine,"Learning system reports; phishing simulation results. Population: 12,000 employees (520 network operations). Sample: 60 training records (random); phishing results for 6 months",EV-AT-2,Satisfied,Training completed and content current,,
AT-2,AT-02a.02[01],"security literacy training is provided to system users (including managers, senior executives, and contractors) when required by system changes or following...",Examine,"Learning system reports; phishing simulation results. Population: 12,000 employees (520 network operations). Sample: 60 training records (random); phishing results for 6 months",EV-AT-2,Satisfied,Training completed and content current,,
AT-2,AT-02a.02[02],"privacy literacy training is provided to system users (including managers, senior executives, and contractors) when required by system changes or following...",Examine,"Learning system reports; phishing simulation results. Population: 12,000 employees (520 network operations). Sample: 60 training records (random); phishing results for 6 months",EV-AT-2,Satisfied,Training completed and content current,,
AT-2,AT-02b.,[organization-defined value] are employed to increase the security and privacy awareness of system users;,Examine,"Learning system reports; phishing simulation results. Population: 12,000 employees (520 network operations). Sample: 60 training records (random); phishing results for 6 months",EV-AT-2,Satisfied,Training completed and content current,,
AT-2,AT-02c.[01],literacy training and awareness content is updated [organization-defined value];,Examine,"Learning system reports; phishing simulation results. Population: 12,000 employees (520 network operations). Sample: 60 training records (random); phishing results for 6 months",EV-AT-2,Satisfied,Training completed and content current,,
AT-2,AT-02c.[02],literacy training and awareness content is updated following [organization-defined value];,Examine,"Learning system reports; phishing simulation results. Population: 12,000 employees (520 network operations). Sample: 60 training records (random); phishing results for 6 months",EV-AT-2,Satisfied,Training completed and content current,,
AT-2,AT-02d.,lessons learned from internal or external security incidents or breaches are incorporated into literacy training and awareness techniques.,Examine,"Learning system reports; phishing simulation results. Population: 12,000 employees (520 network operations). Sample: 60 training records (random); phishing results for 6 months",EV-AT-2,Satisfied,Training completed and content current,,
AT-3,AT-03a.01[01],"role-based security training is provided to [organization-defined value] before authorizing access to the system, information, or performing assigned duties;",Examine; Interview,Learning system role-based assignments; NOC manager interview. Population: 310 dispatchers and supervisors; 46 train control staff. Sample: 100% (learning system analytic),EV-AT-3,Satisfied,Role-based training content and assignment rules in place,,
AT-3,AT-03a.01[02],"role-based privacy training is provided to [organization-defined value] before authorizing access to the system, information, or performing assigned duties;",Examine; Interview,Learning system role-based assignments; NOC manager interview. Population: 310 dispatchers and supervisors; 46 train control staff. Sample: 100% (learning system analytic),EV-AT-3,Satisfied,Role-based training content and assignment rules in place,,
AT-3,AT-03a.01[03],role-based security training is provided to [organization-defined value] [organization-defined value] thereafter;,Examine; Interview,Learning system role-based assignments; NOC manager interview. Population: 310 dispatchers and supervisors; 46 train control staff. Sample: 100% (learning system analytic),EV-AT-3,Other than satisfied,81% of dispatchers completed the 2026 role-based module by 2026-07-31 against a 100% annual target,Moderate,POAM-016
AT-3,AT-03a.01[04],role-based privacy training is provided to [organization-defined value] [organization-defined value] thereafter;,Examine; Interview,Learning system role-based assignments; NOC manager interview. Population: 310 dispatchers and supervisors; 46 train control staff. Sample: 100% (learning system analytic),EV-AT-3,Satisfied,Role-based training content and assignment rules in place,,
AT-3,AT-03a.02[01],role-based security training is provided to personnel with assigned security roles and responsibilities when required by system changes;,Examine; Interview,Learning system role-based assignments; NOC manager interview. Population: 310 dispatchers and supervisors; 46 train control staff. Sample: 100% (learning system analytic),EV-AT-3,Satisfied,Role-based training content and assignment rules in place,,
AT-3,AT-03a.02[02],role-based privacy training is provided to personnel with assigned security roles and responsibilities when required by system changes;,Examine; Interview,Learning system role-based assignments; NOC manager interview. Population: 310 dispatchers and supervisors; 46 train control staff. Sample: 100% (learning system analytic),EV-AT-3,Satisfied,Role-based training content and assignment rules in place,,
AT-3,AT-03b.[01],role-based training content is updated [organization-defined value];,Examine; Interview,Learning system role-based assignments; NOC manager interview. Population: 310 dispatchers and supervisors; 46 train control staff. Sample: 100% (learning system analytic),EV-AT-3,Satisfied,Role-based training content and assignment rules in place,,
AT-3,AT-03b.[02],role-based training content is updated following [organization-defined value];,Examine; Interview,Learning system role-based assignments; NOC manager interview. Population: 310 dispatchers and supervisors; 46 train control staff. Sample: 100% (learning system analytic),EV-AT-3,Satisfied,Role-based training content and assignment rules in place,,
AT-3,AT-03c.,lessons learned from internal or external security incidents or breaches are incorporated into role-based training.,Examine; Interview,Learning system role-based assignments; NOC manager interview. Population: 310 dispatchers and supervisors; 46 train control staff. Sample: 100% (learning system analytic),EV-AT-3,Satisfied,Role-based training content and assignment rules in place,,
AU-2,AU-02a.,[organization-defined value] that the system is capable of logging are identified in support of the audit logging function;,Examine; Test,"Logging configuration; SIEM records of test events. Population: n/a (configuration). Sample: 6 event types generated in test (authority issue, territory table change, PTC key event, privileged logon, configuration change, failed logon)",EV-AU-2,Satisfied,"Event types defined, coordinated with the SOC, and logged",,
AU-2,AU-02b.,the event logging function is coordinated with other organizational entities requiring audit-related information to guide and inform the selection criteria for events to be logged;,Examine; Test,"Logging configuration; SIEM records of test events. Population: n/a (configuration). Sample: 6 event types generated in test (authority issue, territory table change, PTC key event, privileged logon, configuration change, failed logon)",EV-AU-2,Satisfied,"Event types defined, coordinated with the SOC, and logged",,
AU-2,AU-02c.[01],[organization-defined value] are specified for logging within the system;,Examine; Test,"Logging configuration; SIEM records of test events. Population: n/a (configuration). Sample: 6 event types generated in test (authority issue, territory table change, PTC key event, privileged logon, configuration change, failed logon)",EV-AU-2,Satisfied,"Event types defined, coordinated with the SOC, and logged",,
AU-2,AU-02c.[02],the specified event types are logged within the system [organization-defined value];,Examine; Test,"Logging configuration; SIEM records of test events. Population: n/a (configuration). Sample: 6 event types generated in test (authority issue, territory table change, PTC key event, privileged logon, configuration change, failed logon)",EV-AU-2,Satisfied,"Event types defined, coordinated with the SOC, and logged",,
AU-2,AU-02d.,a rationale is provided for why the event types selected for logging are deemed to be adequate to support after-the-fact investigations of incidents;,Examine; Test,"Logging configuration; SIEM records of test events. Population: n/a (configuration). Sample: 6 event types generated in test (authority issue, territory table change, PTC key event, privileged logon, configuration change, failed logon)",EV-AU-2,Satisfied,"Event types defined, coordinated with the SOC, and logged",,
AU-2,AU-02e.,the event types selected for logging are reviewed and updated [organization-defined value].,Examine; Test,"Logging configuration; SIEM records of test events. Population: n/a (configuration). Sample: 6 event types generated in test (authority issue, territory table change, PTC key event, privileged logon, configuration change, failed logon)",EV-AU-2,Satisfied,"Event types defined, coordinated with the SOC, and logged",,
AU-6,AU-06a.,system audit records are reviewed and analyzed [organization-defined value] for indications of [organization-defined value] and the potential impact of the inappropriate or...,Examine; Interview; Test,SIEM source inventory; review records; Director of Security Operations interview. Population: 26 weeks of SOC and CAD/PTC exception reviews; 214 OT log sources. Sample: 5 weeks (random); 100% of log sources,EV-AU-6,Other than satisfied,"83 of 214 OT log sources (CTC code servers, 41 gateway devices, PTC message brokers) are not reviewed because they are not collected",Moderate,POAM-007
AU-6,AU-06b.,findings are reported to [organization-defined value];,Examine; Interview; Test,SIEM source inventory; review records; Director of Security Operations interview. Population: 26 weeks of SOC and CAD/PTC exception reviews; 214 OT log sources. Sample: 5 weeks (random); 100% of log sources,EV-AU-6,Satisfied,Reviews performed and findings reported for collected sources,,
AU-6,AU-06c.,"the level of audit record review, analysis, and reporting within the system is adjusted when there is a change in risk based on law enforcement information, intelligence...",Examine; Interview; Test,SIEM source inventory; review records; Director of Security Operations interview. Population: 26 weeks of SOC and CAD/PTC exception reviews; 214 OT log sources. Sample: 5 weeks (random); 100% of log sources,EV-AU-6,Satisfied,Reviews performed and findings reported for collected sources,,
AU-9,AU-09a.,"audit information and audit logging tools are protected from unauthorized access, modification, and deletion;",Examine; Test,Archive retention lock; SIEM role assignments. Population: n/a (configuration). Sample: Write-once settings inspected; deletion attempt tested with a test account,EV-AU-9,Satisfied,Audit records protected from deletion and change,,
AU-9,AU-09b.,"[organization-defined value] are alerted upon detection of unauthorized access, modification, or deletion of audit information.",Examine; Test,Archive retention lock; SIEM role assignments. Population: n/a (configuration). Sample: Write-once settings inspected; deletion attempt tested with a test account,EV-AU-9,Satisfied,Audit records protected from deletion and change,,
AU-11,AU-11,audit records are retained for [organization-defined value] to provide support for after-the-fact investigations of incidents and to meet regulatory and organizational...,Examine,SIEM and local retention settings. Population: n/a (configuration); 83 uncollected OT sources. Sample: Retention settings inspected for all TDPB sources,EV-AU-11,Other than satisfied,"Uncollected OT sources keep logs for 30 days locally, short of the 13-month standard",Moderate,POAM-007
AU-12,AU-12a.,audit record generation capability for the event types the system is capable of auditing (defined in AU-02_ODP[01]) is provided by [organization-defined value];,Examine; Test,Agent configuration; SIEM records. Population: 38 TDPB servers. Sample: 10 servers (random),EV-AU-12,Satisfied,Audit generation enabled on sampled servers,,
AU-12,AU-12b.,[organization-defined value] is/are allowed to select the event types that are to be logged by specific components of the system;,Examine; Test,Agent configuration; SIEM records. Population: 38 TDPB servers. Sample: 10 servers (random),EV-AU-12,Satisfied,Audit generation enabled on sampled servers,,
AU-12,AU-12c.,audit records for the event types defined in AU-02_ODP[02] that include the audit record content defined in AU-03 are generated.,Examine; Test,Agent configuration; SIEM records. Population: 38 TDPB servers. Sample: 10 servers (random),EV-AU-12,Satisfied,Audit generation enabled on sampled servers,,
CA-2,CA-02a.,an appropriate assessor or assessment team is selected for the type of assessment to be conducted;,Examine; Interview,CAP approval 2025-12-05; assessment plans; Chief Audit Executive interview. Population: n/a (plan). Sample: 2026 CAP and assessment plans examined,EV-CA-2,Satisfied,"Assessment plan, independence, and reporting in place",,
CA-2,CA-02b.01,"a control assessment plan is developed that describes the scope of the assessment, including controls and control enhancements under assessment;",Examine; Interview,CAP approval 2025-12-05; assessment plans; Chief Audit Executive interview. Population: n/a (plan). Sample: 2026 CAP and assessment plans examined,EV-CA-2,Satisfied,"Assessment plan, independence, and reporting in place",,
CA-2,CA-02b.02,"a control assessment plan is developed that describes the scope of the assessment, including assessment procedures to be used to determine control effectiveness;",Examine; Interview,CAP approval 2025-12-05; assessment plans; Chief Audit Executive interview. Population: n/a (plan). Sample: 2026 CAP and assessment plans examined,EV-CA-2,Satisfied,"Assessment plan, independence, and reporting in place",,
CA-2,CA-02b.03[01],"a control assessment plan is developed that describes the scope of the assessment, including the assessment environment;",Examine; Interview,CAP approval 2025-12-05; assessment plans; Chief Audit Executive interview. Population: n/a (plan). Sample: 2026 CAP and assessment plans examined,EV-CA-2,Satisfied,"Assessment plan, independence, and reporting in place",,
CA-2,CA-02b.03[02],"a control assessment plan is developed that describes the scope of the assessment, including the assessment team;",Examine; Interview,CAP approval 2025-12-05; assessment plans; Chief Audit Executive interview. Population: n/a (plan). Sample: 2026 CAP and assessment plans examined,EV-CA-2,Satisfied,"Assessment plan, independence, and reporting in place",,
CA-2,CA-02b.03[03],"a control assessment plan is developed that describes the scope of the assessment, including assessment roles and responsibilities;",Examine; Interview,CAP approval 2025-12-05; assessment plans; Chief Audit Executive interview. Population: n/a (plan). Sample: 2026 CAP and assessment plans examined,EV-CA-2,Satisfied,"Assessment plan, independence, and reporting in place",,
CA-2,CA-02c.,the control assessment plan is reviewed and approved by the authorizing official or designated representative prior to conducting the assessment;,Examine; Interview,CAP approval 2025-12-05; assessment plans; Chief Audit Executive interview. Population: n/a (plan). Sample: 2026 CAP and assessment plans examined,EV-CA-2,Satisfied,"Assessment plan, independence, and reporting in place",,
CA-2,CA-02d.[01],"controls are assessed in the system and its environment of operation [organization-defined value] to determine the extent to which the controls are implemented correctly,...",Examine; Interview,CAP approval 2025-12-05; assessment plans; Chief Audit Executive interview. Population: n/a (plan). Sample: 2026 CAP and assessment plans examined,EV-CA-2,Satisfied,"Assessment plan, independence, and reporting in place",,
CA-2,CA-02d.[02],"controls are assessed in the system and its environment of operation [organization-defined value] to determine the extent to which the controls are implemented correctly,...",Examine; Interview,CAP approval 2025-12-05; assessment plans; Chief Audit Executive interview. Population: n/a (plan). Sample: 2026 CAP and assessment plans examined,EV-CA-2,Satisfied,"Assessment plan, independence, and reporting in place",,
CA-2,CA-02e.,a control assessment report is produced that documents the results of the assessment;,Examine; Interview,CAP approval 2025-12-05; assessment plans; Chief Audit Executive interview. Population: n/a (plan). Sample: 2026 CAP and assessment plans examined,EV-CA-2,Satisfied,"Assessment plan, independence, and reporting in place",,
CA-2,CA-02f.,the results of the control assessment are provided to [organization-defined value].,Examine; Interview,CAP approval 2025-12-05; assessment plans; Chief Audit Executive interview. Population: n/a (plan). Sample: 2026 CAP and assessment plans examined,EV-CA-2,Satisfied,"Assessment plan, independence, and reporting in place",,
CA-7,CA-07[01],a system-level continuous monitoring strategy is developed;,Examine,Continuous monitoring metrics; executive risk committee minutes. Population: 6 monthly metric packages. Sample: 3 months (random),EV-CA-7,Satisfied,"Metrics defined, collected, and reported",,
CA-7,CA-07[02],system-level continuous monitoring is implemented in accordance with the organization-level continuous monitoring strategy;,Examine,Continuous monitoring metrics; executive risk committee minutes. Population: 6 monthly metric packages. Sample: 3 months (random),EV-CA-7,Satisfied,"Metrics defined, collected, and reported",,
CA-7,CA-07a.,system-level continuous monitoring includes establishment of the following system-level metrics to be monitored: [organization-defined value];,Examine,Continuous monitoring metrics; executive risk committee minutes. Population: 6 monthly metric packages. Sample: 3 months (random),EV-CA-7,Satisfied,"Metrics defined, collected, and reported",,
CA-7,CA-07b.[01],system-level continuous monitoring includes established [organization-defined value] for monitoring;,Examine,Continuous monitoring metrics; executive risk committee minutes. Population: 6 monthly metric packages. Sample: 3 months (random),EV-CA-7,Satisfied,"Metrics defined, collected, and reported",,
CA-7,CA-07b.[02],system-level continuous monitoring includes established [organization-defined value] for assessment of control effectiveness;,Examine,Continuous monitoring metrics; executive risk committee minutes. Population: 6 monthly metric packages. Sample: 3 months (random),EV-CA-7,Satisfied,"Metrics defined, collected, and reported",,
CA-7,CA-07c.,system-level continuous monitoring includes ongoing control assessments in accordance with the continuous monitoring strategy;,Examine,Continuous monitoring metrics; executive risk committee minutes. Population: 6 monthly metric packages. Sample: 3 months (random),EV-CA-7,Satisfied,"Metrics defined, collected, and reported",,
CA-7,CA-07d.,system-level continuous monitoring includes ongoing monitoring of system and organization-defined metrics in accordance with the continuous monitoring strategy;,Examine,Continuous monitoring metrics; executive risk committee minutes. Population: 6 monthly metric packages. Sample: 3 months (random),EV-CA-7,Satisfied,"Metrics defined, collected, and reported",,
CA-7,CA-07e.,system-level continuous monitoring includes correlation and analysis of information generated by control assessments and monitoring;,Examine,Continuous monitoring metrics; executive risk committee minutes. Population: 6 monthly metric packages. Sample: 3 months (random),EV-CA-7,Satisfied,"Metrics defined, collected, and reported",,
CA-7,CA-07f.,system-level continuous monitoring includes response actions to address the results of the analysis of control assessment and monitoring information;,Examine,Continuous monitoring metrics; executive risk committee minutes. Population: 6 monthly metric packages. Sample: 3 months (random),EV-CA-7,Satisfied,"Metrics defined, collected, and reported",,
CA-7,CA-07g.[01],system-level continuous monitoring includes reporting the security status of the system to [organization-defined value] [organization-defined value];,Examine,Continuous monitoring metrics; executive risk committee minutes. Population: 6 monthly metric packages. Sample: 3 months (random),EV-CA-7,Satisfied,"Metrics defined, collected, and reported",,
CA-7,CA-07g.[02],system-level continuous monitoring includes reporting the privacy status of the system to [organization-defined value] [organization-defined value].,Examine,Continuous monitoring metrics; executive risk committee minutes. Population: 6 monthly metric packages. Sample: 3 months (random),EV-CA-7,Satisfied,"Metrics defined, collected, and reported",,
CA-8,CA-08,penetration testing is conducted [organization-defined value] on [organization-defined value].,Examine,Test reports; remediation tracking. Population: 2026 penetration test and purple team exercise. Sample: 100%,EV-CA-8,Satisfied,Independent testing performed and findings tracked,,
CM-2,CM-02a.[01],a current baseline configuration of the system is developed and documented;,Examine; Test,Baseline documents; weekly compliance scans. Population: 38 TDPB servers; 148 consoles. Sample: 10 servers and 25 consoles (random),EV-CM-2,Satisfied,"Baselines documented, current, and retained",,
CM-2,CM-02a.[02],a current baseline configuration of the system is maintained under configuration control;,Examine; Test,Baseline documents; weekly compliance scans. Population: 38 TDPB servers; 148 consoles. Sample: 10 servers and 25 consoles (random),EV-CM-2,Satisfied,"Baselines documented, current, and retained",,
CM-2,CM-02b.01,the baseline configuration of the system is reviewed and updated [organization-defined value];,Examine; Test,Baseline documents; weekly compliance scans. Population: 38 TDPB servers; 148 consoles. Sample: 10 servers and 25 consoles (random),EV-CM-2,Satisfied,"Baselines documented, current, and retained",,
CM-2,CM-02b.02,the baseline configuration of the system is reviewed and updated when required due to [organization-defined value];,Examine; Test,Baseline documents; weekly compliance scans. Population: 38 TDPB servers; 148 consoles. Sample: 10 servers and 25 consoles (random),EV-CM-2,Satisfied,"Baselines documented, current, and retained",,
CM-2,CM-02b.03,the baseline configuration of the system is reviewed and updated when system components are installed or upgraded.,Examine; Test,Baseline documents; weekly compliance scans. Population: 38 TDPB servers; 148 consoles. Sample: 10 servers and 25 consoles (random),EV-CM-2,Satisfied,"Baselines documented, current, and retained",,
CM-3,CM-03a.,the types of changes to the system that are configuration-controlled are determined and documented;,Examine; Interview; Test,"Change tickets; change board minutes; CAD Application Manager interview. Population: 226 CAD and PTC change records (2026-01-01 to 2026-06-30), 40 of them emergency. Sample: All 40 emergency changes (100% of that stratum) and 25 standard changes (random)",EV-CM-3,Satisfied,"Change types defined, reviewed, implemented, and retained",,
CM-3,CM-03b.[01],proposed configuration-controlled changes to the system are reviewed;,Examine; Interview; Test,"Change tickets; change board minutes; CAD Application Manager interview. Population: 226 CAD and PTC change records (2026-01-01 to 2026-06-30), 40 of them emergency. Sample: All 40 emergency changes (100% of that stratum) and 25 standard changes (random)",EV-CM-3,Satisfied,"Change types defined, reviewed, implemented, and retained",,
CM-3,CM-03b.[02],proposed configuration-controlled changes to the system are approved or disapproved with explicit consideration for security and privacy impact analyses;,Examine; Interview; Test,"Change tickets; change board minutes; CAD Application Manager interview. Population: 226 CAD and PTC change records (2026-01-01 to 2026-06-30), 40 of them emergency. Sample: All 40 emergency changes (100% of that stratum) and 25 standard changes (random)",EV-CM-3,Other than satisfied,3 of 40 emergency CAD territory table changes had no retrospective approval within 2 business days,Moderate,POAM-011
CM-3,CM-03c.,configuration change decisions associated with the system are documented;,Examine; Interview; Test,"Change tickets; change board minutes; CAD Application Manager interview. Population: 226 CAD and PTC change records (2026-01-01 to 2026-06-30), 40 of them emergency. Sample: All 40 emergency changes (100% of that stratum) and 25 standard changes (random)",EV-CM-3,Other than satisfied,The same 3 emergency changes had no recorded change decision,Moderate,POAM-011
CM-3,CM-03d.,approved configuration-controlled changes to the system are implemented;,Examine; Interview; Test,"Change tickets; change board minutes; CAD Application Manager interview. Population: 226 CAD and PTC change records (2026-01-01 to 2026-06-30), 40 of them emergency. Sample: All 40 emergency changes (100% of that stratum) and 25 standard changes (random)",EV-CM-3,Satisfied,"Change types defined, reviewed, implemented, and retained",,
CM-3,CM-03e.,records of configuration-controlled changes to the system are retained for [organization-defined value];,Examine; Interview; Test,"Change tickets; change board minutes; CAD Application Manager interview. Population: 226 CAD and PTC change records (2026-01-01 to 2026-06-30), 40 of them emergency. Sample: All 40 emergency changes (100% of that stratum) and 25 standard changes (random)",EV-CM-3,Satisfied,"Change types defined, reviewed, implemented, and retained",,
CM-3,CM-03f.[01],activities associated with configuration-controlled changes to the system are monitored;,Examine; Interview; Test,"Change tickets; change board minutes; CAD Application Manager interview. Population: 226 CAD and PTC change records (2026-01-01 to 2026-06-30), 40 of them emergency. Sample: All 40 emergency changes (100% of that stratum) and 25 standard changes (random)",EV-CM-3,Satisfied,"Change types defined, reviewed, implemented, and retained",,
CM-3,CM-03f.[02],activities associated with configuration-controlled changes to the system are reviewed;,Examine; Interview; Test,"Change tickets; change board minutes; CAD Application Manager interview. Population: 226 CAD and PTC change records (2026-01-01 to 2026-06-30), 40 of them emergency. Sample: All 40 emergency changes (100% of that stratum) and 25 standard changes (random)",EV-CM-3,Satisfied,"Change types defined, reviewed, implemented, and retained",,
CM-3,CM-03g.[01],configuration change control activities are coordinated and overseen by [organization-defined value];,Examine; Interview; Test,"Change tickets; change board minutes; CAD Application Manager interview. Population: 226 CAD and PTC change records (2026-01-01 to 2026-06-30), 40 of them emergency. Sample: All 40 emergency changes (100% of that stratum) and 25 standard changes (random)",EV-CM-3,Satisfied,"Change types defined, reviewed, implemented, and retained",,
CM-3,CM-03g.[02],the configuration control element convenes [organization-defined value].,Examine; Interview; Test,"Change tickets; change board minutes; CAD Application Manager interview. Population: 226 CAD and PTC change records (2026-01-01 to 2026-06-30), 40 of them emergency. Sample: All 40 emergency changes (100% of that stratum) and 25 standard changes (random)",EV-CM-3,Satisfied,"Change types defined, reviewed, implemented, and retained",,
CM-6,CM-06a.,configuration settings that reflect the most restrictive mode consistent with operational requirements are established and documented for components employed within the system...,Examine; Test,Configuration compliance reports; console device control settings. Population: 148 dispatch consoles; 38 servers. Sample: 100% (configuration analytic),EV-CM-6,Satisfied,Settings established and monitored,,
CM-6,CM-06b.,the configuration settings documented in CM-06a are implemented;,Examine; Test,Configuration compliance reports; console device control settings. Population: 148 dispatch consoles; 38 servers. Sample: 100% (configuration analytic),EV-CM-6,Other than satisfied,"USB storage was enabled on 9 of 148 dispatch consoles at the backup NOC, contrary to the baseline",Moderate,POAM-017
CM-6,CM-06c.[01],any deviations from established configuration settings for [organization-defined value] are identified and documented based on [organization-defined value];,Examine; Test,Configuration compliance reports; console device control settings. Population: 148 dispatch consoles; 38 servers. Sample: 100% (configuration analytic),EV-CM-6,Satisfied,Settings established and monitored,,
CM-6,CM-06c.[02],any deviations from established configuration settings for [organization-defined value] are approved;,Examine; Test,Configuration compliance reports; console device control settings. Population: 148 dispatch consoles; 38 servers. Sample: 100% (configuration analytic),EV-CM-6,Other than satisfied,The 9 console deviations were not approved through the exception process,Moderate,POAM-017
CM-6,CM-06d.[01],changes to the configuration settings are monitored in accordance with organizational policies and procedures;,Examine; Test,Configuration compliance reports; console device control settings. Population: 148 dispatch consoles; 38 servers. Sample: 100% (configuration analytic),EV-CM-6,Satisfied,Settings established and monitored,,
CM-6,CM-06d.[02],changes to the configuration settings are controlled in accordance with organizational policies and procedures.,Examine; Test,Configuration compliance reports; console device control settings. Population: 148 dispatch consoles; 38 servers. Sample: 100% (configuration analytic),EV-CM-6,Satisfied,Settings established and monitored,,
CM-8,CM-08a.01,an inventory of system components that accurately reflects the system is developed and documented;,Examine; Interview; Test,"CMDB extracts; network discovery; field site visits (Central region 2026-08-05). Population: About 3,900 TDPB and OT field devices in 2 regions. Sample: 60 physical devices traced to the CMDB (random, 6 sites)",EV-CM-8,Satisfied,"Inventory accurate, granular, and reviewed monthly for traced items",,
CM-8,CM-08a.02,an inventory of system components that includes all components within the system is developed and documented;,Examine; Interview; Test,"CMDB extracts; network discovery; field site visits (Central region 2026-08-05). Population: About 3,900 TDPB and OT field devices in 2 regions. Sample: 60 physical devices traced to the CMDB (random, 6 sites)",EV-CM-8,Other than satisfied,7 of 60 traced field devices (vendor-installed crossing monitors and modems) were not in the inventory; OT inventory 88% complete,Moderate,POAM-009
CM-8,CM-08a.03,an inventory of system components that does not include duplicate accounting of components or components assigned to any other system is developed and documented;,Examine; Interview; Test,"CMDB extracts; network discovery; field site visits (Central region 2026-08-05). Population: About 3,900 TDPB and OT field devices in 2 regions. Sample: 60 physical devices traced to the CMDB (random, 6 sites)",EV-CM-8,Satisfied,"Inventory accurate, granular, and reviewed monthly for traced items",,
CM-8,CM-08a.04,an inventory of system components that is at the level of granularity deemed necessary for tracking and reporting is developed and documented;,Examine; Interview; Test,"CMDB extracts; network discovery; field site visits (Central region 2026-08-05). Population: About 3,900 TDPB and OT field devices in 2 regions. Sample: 60 physical devices traced to the CMDB (random, 6 sites)",EV-CM-8,Satisfied,"Inventory accurate, granular, and reviewed monthly for traced items",,
CM-8,CM-08a.05,an inventory of system components that includes [organization-defined value] is developed and documented;,Examine; Interview; Test,"CMDB extracts; network discovery; field site visits (Central region 2026-08-05). Population: About 3,900 TDPB and OT field devices in 2 regions. Sample: 60 physical devices traced to the CMDB (random, 6 sites)",EV-CM-8,Satisfied,"Inventory accurate, granular, and reviewed monthly for traced items",,
CM-8,CM-08b.,the system component inventory is reviewed and updated [organization-defined value].,Examine; Interview; Test,"CMDB extracts; network discovery; field site visits (Central region 2026-08-05). Population: About 3,900 TDPB and OT field devices in 2 regions. Sample: 60 physical devices traced to the CMDB (random, 6 sites)",EV-CM-8,Satisfied,"Inventory accurate, granular, and reviewed monthly for traced items",,
CP-2,CP-02a.01,a contingency plan for the system is developed that identifies essential mission and business functions and associated contingency requirements;,Examine; Interview,"Contingency plan v6; BIA (P05); interviews with the Vice President, Network Operations, Director of Train Control Systems, Assistant Vice President, Rail Security, and Vice President, Crew Management. Population: n/a (plan). Sample: TDPB contingency plan v6 examined; 4 interviews",EV-CP-2,Satisfied,"Plan elements present, approved, distributed, and protected",,
CP-2,CP-02a.02[01],a contingency plan for the system is developed that provides recovery objectives;,Examine; Interview,"Contingency plan v6; BIA (P05); interviews with the Vice President, Network Operations, Director of Train Control Systems, Assistant Vice President, Rail Security, and Vice President, Crew Management. Population: n/a (plan). Sample: TDPB contingency plan v6 examined; 4 interviews",EV-CP-2,Satisfied,"Plan elements present, approved, distributed, and protected",,
CP-2,CP-02a.02[02],a contingency plan for the system is developed that provides restoration priorities;,Examine; Interview,"Contingency plan v6; BIA (P05); interviews with the Vice President, Network Operations, Director of Train Control Systems, Assistant Vice President, Rail Security, and Vice President, Crew Management. Population: n/a (plan). Sample: TDPB contingency plan v6 examined; 4 interviews",EV-CP-2,Satisfied,"Plan elements present, approved, distributed, and protected",,
CP-2,CP-02a.02[03],a contingency plan for the system is developed that provides metrics;,Examine; Interview,"Contingency plan v6; BIA (P05); interviews with the Vice President, Network Operations, Director of Train Control Systems, Assistant Vice President, Rail Security, and Vice President, Crew Management. Population: n/a (plan). Sample: TDPB contingency plan v6 examined; 4 interviews",EV-CP-2,Satisfied,"Plan elements present, approved, distributed, and protected",,
CP-2,CP-02a.03[01],a contingency plan for the system is developed that addresses contingency roles;,Examine; Interview,"Contingency plan v6; BIA (P05); interviews with the Vice President, Network Operations, Director of Train Control Systems, Assistant Vice President, Rail Security, and Vice President, Crew Management. Population: n/a (plan). Sample: TDPB contingency plan v6 examined; 4 interviews",EV-CP-2,Satisfied,"Plan elements present, approved, distributed, and protected",,
CP-2,CP-02a.03[02],a contingency plan for the system is developed that addresses contingency responsibilities;,Examine; Interview,"Contingency plan v6; BIA (P05); interviews with the Vice President, Network Operations, Director of Train Control Systems, Assistant Vice President, Rail Security, and Vice President, Crew Management. Population: n/a (plan). Sample: TDPB contingency plan v6 examined; 4 interviews",EV-CP-2,Satisfied,"Plan elements present, approved, distributed, and protected",,
CP-2,CP-02a.03[03],a contingency plan for the system is developed that addresses assigned individuals with contact information;,Examine; Interview,"Contingency plan v6; BIA (P05); interviews with the Vice President, Network Operations, Director of Train Control Systems, Assistant Vice President, Rail Security, and Vice President, Crew Management. Population: n/a (plan). Sample: TDPB contingency plan v6 examined; 4 interviews",EV-CP-2,Satisfied,"Plan elements present, approved, distributed, and protected",,
CP-2,CP-02a.04,"a contingency plan for the system is developed that addresses maintaining essential mission and business functions despite a system disruption, compromise, or failure;",Examine; Interview,"Contingency plan v6; BIA (P05); interviews with the Vice President, Network Operations, Director of Train Control Systems, Assistant Vice President, Rail Security, and Vice President, Crew Management. Population: n/a (plan). Sample: TDPB contingency plan v6 examined; 4 interviews",EV-CP-2,Other than satisfied,"The plan has no tested procedure to answer a TSA RSSM location request within 30 minutes with the TMS down, and the crew calling telephony fallback is untested",High,POAM-019
CP-2,CP-02a.05,"a contingency plan for the system is developed that addresses eventual, full-system restoration without deterioration of the controls originally planned and implemented;",Examine; Interview,"Contingency plan v6; BIA (P05); interviews with the Vice President, Network Operations, Director of Train Control Systems, Assistant Vice President, Rail Security, and Vice President, Crew Management. Population: n/a (plan). Sample: TDPB contingency plan v6 examined; 4 interviews",EV-CP-2,Satisfied,"Plan elements present, approved, distributed, and protected",,
CP-2,CP-02a.06,a contingency plan for the system is developed that addresses the sharing of contingency information;,Examine; Interview,"Contingency plan v6; BIA (P05); interviews with the Vice President, Network Operations, Director of Train Control Systems, Assistant Vice President, Rail Security, and Vice President, Crew Management. Population: n/a (plan). Sample: TDPB contingency plan v6 examined; 4 interviews",EV-CP-2,Satisfied,"Plan elements present, approved, distributed, and protected",,
CP-2,CP-02a.07[01],a contingency plan for the system is developed that is reviewed by [organization-defined value];,Examine; Interview,"Contingency plan v6; BIA (P05); interviews with the Vice President, Network Operations, Director of Train Control Systems, Assistant Vice President, Rail Security, and Vice President, Crew Management. Population: n/a (plan). Sample: TDPB contingency plan v6 examined; 4 interviews",EV-CP-2,Satisfied,"Plan elements present, approved, distributed, and protected",,
CP-2,CP-02a.07[02],a contingency plan for the system is developed that is approved by [organization-defined value];,Examine; Interview,"Contingency plan v6; BIA (P05); interviews with the Vice President, Network Operations, Director of Train Control Systems, Assistant Vice President, Rail Security, and Vice President, Crew Management. Population: n/a (plan). Sample: TDPB contingency plan v6 examined; 4 interviews",EV-CP-2,Satisfied,"Plan elements present, approved, distributed, and protected",,
CP-2,CP-02b.[01],copies of the contingency plan are distributed to [organization-defined value];,Examine; Interview,"Contingency plan v6; BIA (P05); interviews with the Vice President, Network Operations, Director of Train Control Systems, Assistant Vice President, Rail Security, and Vice President, Crew Management. Population: n/a (plan). Sample: TDPB contingency plan v6 examined; 4 interviews",EV-CP-2,Satisfied,"Plan elements present, approved, distributed, and protected",,
CP-2,CP-02b.[02],copies of the contingency plan are distributed to [organization-defined value];,Examine; Interview,"Contingency plan v6; BIA (P05); interviews with the Vice President, Network Operations, Director of Train Control Systems, Assistant Vice President, Rail Security, and Vice President, Crew Management. Population: n/a (plan). Sample: TDPB contingency plan v6 examined; 4 interviews",EV-CP-2,Satisfied,"Plan elements present, approved, distributed, and protected",,
CP-2,CP-02c.,contingency planning activities are coordinated with incident handling activities;,Examine; Interview,"Contingency plan v6; BIA (P05); interviews with the Vice President, Network Operations, Director of Train Control Systems, Assistant Vice President, Rail Security, and Vice President, Crew Management. Population: n/a (plan). Sample: TDPB contingency plan v6 examined; 4 interviews",EV-CP-2,Satisfied,"Plan elements present, approved, distributed, and protected",,
CP-2,CP-02d.,the contingency plan for the system is reviewed [organization-defined value];,Examine; Interview,"Contingency plan v6; BIA (P05); interviews with the Vice President, Network Operations, Director of Train Control Systems, Assistant Vice President, Rail Security, and Vice President, Crew Management. Population: n/a (plan). Sample: TDPB contingency plan v6 examined; 4 interviews",EV-CP-2,Satisfied,"Plan elements present, approved, distributed, and protected",,
CP-2,CP-02e.[01],"the contingency plan is updated to address changes to the organization, system, or environment of operation;",Examine; Interview,"Contingency plan v6; BIA (P05); interviews with the Vice President, Network Operations, Director of Train Control Systems, Assistant Vice President, Rail Security, and Vice President, Crew Management. Population: n/a (plan). Sample: TDPB contingency plan v6 examined; 4 interviews",EV-CP-2,Satisfied,"Plan elements present, approved, distributed, and protected",,
CP-2,CP-02e.[02],"the contingency plan is updated to address problems encountered during contingency plan implementation, execution, or testing;",Examine; Interview,"Contingency plan v6; BIA (P05); interviews with the Vice President, Network Operations, Director of Train Control Systems, Assistant Vice President, Rail Security, and Vice President, Crew Management. Population: n/a (plan). Sample: TDPB contingency plan v6 examined; 4 interviews",EV-CP-2,Other than satisfied,The plan was not updated after the 2026-04-25 DR test showed the PTC back office failover takes 9.5 hours,High,POAM-006
CP-2,CP-02f.[01],contingency plan changes are communicated to [organization-defined value];,Examine; Interview,"Contingency plan v6; BIA (P05); interviews with the Vice President, Network Operations, Director of Train Control Systems, Assistant Vice President, Rail Security, and Vice President, Crew Management. Population: n/a (plan). Sample: TDPB contingency plan v6 examined; 4 interviews",EV-CP-2,Satisfied,"Plan elements present, approved, distributed, and protected",,
CP-2,CP-02f.[02],contingency plan changes are communicated to [organization-defined value];,Examine; Interview,"Contingency plan v6; BIA (P05); interviews with the Vice President, Network Operations, Director of Train Control Systems, Assistant Vice President, Rail Security, and Vice President, Crew Management. Population: n/a (plan). Sample: TDPB contingency plan v6 examined; 4 interviews",EV-CP-2,Satisfied,"Plan elements present, approved, distributed, and protected",,
CP-2,CP-02g.[01],lessons learned from contingency plan testing or actual contingency activities are incorporated into contingency testing;,Examine; Interview,"Contingency plan v6; BIA (P05); interviews with the Vice President, Network Operations, Director of Train Control Systems, Assistant Vice President, Rail Security, and Vice President, Crew Management. Population: n/a (plan). Sample: TDPB contingency plan v6 examined; 4 interviews",EV-CP-2,Satisfied,"Plan elements present, approved, distributed, and protected",,
CP-2,CP-02g.[02],lessons learned from contingency plan training or actual contingency activities are incorporated into contingency testing and training;,Examine; Interview,"Contingency plan v6; BIA (P05); interviews with the Vice President, Network Operations, Director of Train Control Systems, Assistant Vice President, Rail Security, and Vice President, Crew Management. Population: n/a (plan). Sample: TDPB contingency plan v6 examined; 4 interviews",EV-CP-2,Satisfied,"Plan elements present, approved, distributed, and protected",,
CP-2,CP-02h.[01],the contingency plan is protected from unauthorized disclosure;,Examine; Interview,"Contingency plan v6; BIA (P05); interviews with the Vice President, Network Operations, Director of Train Control Systems, Assistant Vice President, Rail Security, and Vice President, Crew Management. Population: n/a (plan). Sample: TDPB contingency plan v6 examined; 4 interviews",EV-CP-2,Satisfied,"Plan elements present, approved, distributed, and protected",,
CP-2,CP-02h.[02],the contingency plan is protected from unauthorized modification.,Examine; Interview,"Contingency plan v6; BIA (P05); interviews with the Vice President, Network Operations, Director of Train Control Systems, Assistant Vice President, Rail Security, and Vice President, Crew Management. Population: n/a (plan). Sample: TDPB contingency plan v6 examined; 4 interviews",EV-CP-2,Satisfied,"Plan elements present, approved, distributed, and protected",,
CP-4,CP-04a.[01],the contingency plan for the system is tested [organization-defined value];,Examine; Interview,DR test report 2026-04-25; manual operations exercise records. Population: 1 annual DR test; 11 signaled railroads. Sample: 100%,EV-CP-4,Satisfied,"Annual DR test performed, results reviewed, corrective actions opened",,
CP-4,CP-04a.[02],[organization-defined value] are used to determine the effectiveness of the plan;,Examine; Interview,DR test report 2026-04-25; manual operations exercise records. Population: 1 annual DR test; 11 signaled railroads. Sample: 100%,EV-CP-4,Satisfied,"Annual DR test performed, results reviewed, corrective actions opened",,
CP-4,CP-04a.[03],[organization-defined value] are used to determine the readiness to execute the plan;,Examine; Interview,DR test report 2026-04-25; manual operations exercise records. Population: 1 annual DR test; 11 signaled railroads. Sample: 100%,EV-CP-4,Other than satisfied,Readiness to run manual operations on CTC territory has been exercised at only 2 of 11 signaled railroads,High,POAM-020
CP-4,CP-04b.,the contingency plan test results are reviewed;,Examine; Interview,DR test report 2026-04-25; manual operations exercise records. Population: 1 annual DR test; 11 signaled railroads. Sample: 100%,EV-CP-4,Satisfied,"Annual DR test performed, results reviewed, corrective actions opened",,
CP-4,CP-04c.,"corrective actions are initiated, if needed.",Examine; Interview,DR test report 2026-04-25; manual operations exercise records. Population: 1 annual DR test; 11 signaled railroads. Sample: 100%,EV-CP-4,Satisfied,"Annual DR test performed, results reviewed, corrective actions opened",,
CP-7,CP-07a.,"an alternate processing site, including necessary agreements to permit the transfer and resumption of [organization-defined value] for essential mission and business functions,...",Examine; Test,Alternate site agreements; DR test report. Population: DC-2 and the backup NOC. Sample: Site visit 2026-07-29,EV-CP-7,Satisfied,Alternate site established and ready,,
CP-7,CP-07b.[01],the equipment and supplies required to transfer operations are made available at the alternate processing site or if contracts are in place to support delivery to the site...,Examine; Test,Alternate site agreements; DR test report. Population: DC-2 and the backup NOC. Sample: Site visit 2026-07-29,EV-CP-7,Satisfied,Alternate site established and ready,,
CP-7,CP-07b.[02],the equipment and supplies required to resume operations are made available at the alternate processing site or if contracts are in place to support delivery to the site within...,Examine; Test,Alternate site agreements; DR test report. Population: DC-2 and the backup NOC. Sample: Site visit 2026-07-29,EV-CP-7,Satisfied,Alternate site established and ready,,
CP-7,CP-07c.,controls provided at the alternate processing site are equivalent to those at the primary site.,Examine; Test,Alternate site agreements; DR test report. Population: DC-2 and the backup NOC. Sample: Site visit 2026-07-29,EV-CP-7,Satisfied,Alternate site established and ready,,
CP-8,CP-08,"alternate telecommunications services, including necessary agreements to permit the resumption of [organization-defined value] , are established for essential mission and...",Examine,Carrier and backhaul inventory; telephony contract. Population: About 380 tower and field sites; crew calling telephony. Sample: 100% (carrier inventory analytic),EV-CP-8,Other than satisfied,"14 tower sites on CTC territory have one backhaul route, and the crew calling telephony provider has no tested alternative",Moderate,POAM-021
CP-9,CP-09a.,backups of user-level information contained in [organization-defined value] are conducted [organization-defined value];,Examine; Test,Backup job reports; scan logs; restore observation. Population: 181 daily backup jobs (CAD and PTC). Sample: 25 jobs (random); 1 restore observed,EV-CP-9,Satisfied,"Backups complete, protected, and scanned",,
CP-9,CP-09b.,backups of system-level information contained in the system are conducted [organization-defined value];,Examine; Test,Backup job reports; scan logs; restore observation. Population: 181 daily backup jobs (CAD and PTC). Sample: 25 jobs (random); 1 restore observed,EV-CP-9,Satisfied,"Backups complete, protected, and scanned",,
CP-9,CP-09c.,"backups of system documentation, including security- and privacy-related documentation are conducted [organization-defined value];",Examine; Test,Backup job reports; scan logs; restore observation. Population: 181 daily backup jobs (CAD and PTC). Sample: 25 jobs (random); 1 restore observed,EV-CP-9,Satisfied,"Backups complete, protected, and scanned",,
CP-9,CP-09d.[01],the confidentiality of backup information is protected;,Examine; Test,Backup job reports; scan logs; restore observation. Population: 181 daily backup jobs (CAD and PTC). Sample: 25 jobs (random); 1 restore observed,EV-CP-9,Satisfied,"Backups complete, protected, and scanned",,
CP-9,CP-09d.[02],the integrity of backup information is protected;,Examine; Test,Backup job reports; scan logs; restore observation. Population: 181 daily backup jobs (CAD and PTC). Sample: 25 jobs (random); 1 restore observed,EV-CP-9,Satisfied,"Backups complete, protected, and scanned",,
CP-9,CP-09d.[03],the availability of backup information is protected.,Examine; Test,Backup job reports; scan logs; restore observation. Population: 181 daily backup jobs (CAD and PTC). Sample: 25 jobs (random); 1 restore observed,EV-CP-9,Satisfied,"Backups complete, protected, and scanned",,
CP-10,CP-10[01],"the recovery of the system to a known state is provided within [organization-defined value] after a disruption, compromise, or failure;",Examine,DR test report 2026-04-25. Population: 1 DR test (CAD and PTC). Sample: 100%,EV-CP-10,Other than satisfied,PTC back office recovery took 9.5 hours against the 4-hour RTO in the 2026-04-25 DR test,High,POAM-006
CP-10,CP-10[02],"a reconstitution of the system to a known state is provided within [organization-defined value] after a disruption, compromise, or failure.",Examine,DR test report 2026-04-25. Population: 1 DR test (CAD and PTC). Sample: 100%,EV-CP-10,Other than satisfied,PTC back office reconstitution depends on manual steps and 2 key custodians; not achievable within the RTO,High,POAM-006
IA-2,IA-02[01],organizational users are uniquely identified and authenticated;,Examine; Test,"Account inventory; CTC code server local accounts. Population: 1,912 accounts on Critical Cyber Systems. Sample: 100% (analytic)",EV-IA-2,Other than satisfied,3 shared administrator accounts on the CTC code servers; users are not uniquely identified,High,POAM-004
IA-2,IA-02[02],the unique identification of authenticated organizational users is associated with processes acting on behalf of those users.,Examine; Test,"Account inventory; CTC code server local accounts. Population: 1,912 accounts on Critical Cyber Systems. Sample: 100% (analytic)",EV-IA-2,Satisfied,Corporate and OT directory users uniquely identified,,
IA-2(1),IA-02(01),multi-factor authentication is implemented for access to privileged accounts.,Examine; Test,PAM and identity provider policies; sign-in logs. Population: 31 TDPB administrators. Sample: 100%,EV-IA-2(1),Satisfied,Phishing-resistant MFA enforced for privileged access,,
IA-5,IA-05a.,"system authenticators are managed through the verification of the identity of the individual, group, role, service, or device receiving the authenticator as part of the initial...",Examine; Test,"Credential tests; password policy settings; vault records. Population: About 640 detector modems and 41 field code unit gateways. Sample: 60 detector modems (random) plus all 41 gateways, tested in maintenance windows with signal engineering approval",EV-IA-5,Satisfied,Authenticator policy and protection in place,,
IA-5,IA-05b.,system authenticators are managed through the establishment of initial authenticator content for any authenticators issued by the organization;,Examine; Test,"Credential tests; password policy settings; vault records. Population: About 640 detector modems and 41 field code unit gateways. Sample: 60 detector modems (random) plus all 41 gateways, tested in maintenance windows with signal engineering approval",EV-IA-5,Satisfied,Authenticator policy and protection in place,,
IA-5,IA-05c.,system authenticators are managed to ensure that authenticators have sufficient strength of mechanism for their intended use;,Examine; Test,"Credential tests; password policy settings; vault records. Population: About 640 detector modems and 41 field code unit gateways. Sample: 60 detector modems (random) plus all 41 gateways, tested in maintenance windows with signal engineering approval",EV-IA-5,Satisfied,Authenticator policy and protection in place,,
IA-5,IA-05d.,"system authenticators are managed through the establishment and implementation of administrative procedures for initial authenticator distribution; lost, compromised, or...",Examine; Test,"Credential tests; password policy settings; vault records. Population: About 640 detector modems and 41 field code unit gateways. Sample: 60 detector modems (random) plus all 41 gateways, tested in maintenance windows with signal engineering approval",EV-IA-5,Satisfied,Authenticator policy and protection in place,,
IA-5,IA-05e.,system authenticators are managed through the change of default authenticators prior to first use;,Examine; Test,"Credential tests; password policy settings; vault records. Population: About 640 detector modems and 41 field code unit gateways. Sample: 60 detector modems (random) plus all 41 gateways, tested in maintenance windows with signal engineering approval",EV-IA-5,Other than satisfied,Vendor default credentials found on 4 of 60 sampled detector modems and 2 of 41 field code unit gateways (reported to the CISO 2026-08-11),High,POAM-012
IA-5,IA-05f.,system authenticators are managed through the change or refreshment of authenticators [organization-defined value] or when [organization-defined value] occur;,Examine; Test,"Credential tests; password policy settings; vault records. Population: About 640 detector modems and 41 field code unit gateways. Sample: 60 detector modems (random) plus all 41 gateways, tested in maintenance windows with signal engineering approval",EV-IA-5,Satisfied,Authenticator policy and protection in place,,
IA-5,IA-05g.,system authenticators are managed through the protection of authenticator content from unauthorized disclosure and modification;,Examine; Test,"Credential tests; password policy settings; vault records. Population: About 640 detector modems and 41 field code unit gateways. Sample: 60 detector modems (random) plus all 41 gateways, tested in maintenance windows with signal engineering approval",EV-IA-5,Satisfied,Authenticator policy and protection in place,,
IA-5,IA-05h.[01],system authenticators are managed through the requirement for individuals to take specific controls to protect authenticators;,Examine; Test,"Credential tests; password policy settings; vault records. Population: About 640 detector modems and 41 field code unit gateways. Sample: 60 detector modems (random) plus all 41 gateways, tested in maintenance windows with signal engineering approval",EV-IA-5,Satisfied,Authenticator policy and protection in place,,
IA-5,IA-05h.[02],system authenticators are managed through the requirement for devices to implement specific controls to protect authenticators;,Examine; Test,"Credential tests; password policy settings; vault records. Population: About 640 detector modems and 41 field code unit gateways. Sample: 60 detector modems (random) plus all 41 gateways, tested in maintenance windows with signal engineering approval",EV-IA-5,Satisfied,Authenticator policy and protection in place,,
IA-5,IA-05i.,system authenticators are managed through the change of authenticators for group or role accounts when membership to those accounts changes.,Examine; Test,"Credential tests; password policy settings; vault records. Population: About 640 detector modems and 41 field code unit gateways. Sample: 60 detector modems (random) plus all 41 gateways, tested in maintenance windows with signal engineering approval",EV-IA-5,Other than satisfied,Shared CTC account authenticators were not changed when membership changed,High,POAM-004
IR-3,IR-03,the effectiveness of the incident response capability for the system is tested [organization-defined value] using [organization-defined value].,Examine,"Exercise plan, report, and attendance. Population: 1 annual exercise (2026-03-18). Sample: 100%",EV-IR-3,Satisfied,Exercise tested two objectives with named positions,,
IR-4,IR-04a.[01],an incident handling capability for incidents is implemented that is consistent with the incident response plan;,Examine; Interview,SOC case records; SOAR playbooks. Population: 212 security incidents (2026-01-01 to 2026-06-30). Sample: 25 incidents (random),EV-IR-4,Satisfied,"Incidents handled through preparation, analysis, containment, and recovery steps",,
IR-4,IR-04a.[02],the incident handling capability for incidents includes preparation;,Examine; Interview,SOC case records; SOAR playbooks. Population: 212 security incidents (2026-01-01 to 2026-06-30). Sample: 25 incidents (random),EV-IR-4,Satisfied,"Incidents handled through preparation, analysis, containment, and recovery steps",,
IR-4,IR-04a.[03],the incident handling capability for incidents includes detection and analysis;,Examine; Interview,SOC case records; SOAR playbooks. Population: 212 security incidents (2026-01-01 to 2026-06-30). Sample: 25 incidents (random),EV-IR-4,Satisfied,"Incidents handled through preparation, analysis, containment, and recovery steps",,
IR-4,IR-04a.[04],the incident handling capability for incidents includes containment;,Examine; Interview,SOC case records; SOAR playbooks. Population: 212 security incidents (2026-01-01 to 2026-06-30). Sample: 25 incidents (random),EV-IR-4,Satisfied,"Incidents handled through preparation, analysis, containment, and recovery steps",,
IR-4,IR-04a.[05],the incident handling capability for incidents includes eradication;,Examine; Interview,SOC case records; SOAR playbooks. Population: 212 security incidents (2026-01-01 to 2026-06-30). Sample: 25 incidents (random),EV-IR-4,Satisfied,"Incidents handled through preparation, analysis, containment, and recovery steps",,
IR-4,IR-04a.[06],the incident handling capability for incidents includes recovery;,Examine; Interview,SOC case records; SOAR playbooks. Population: 212 security incidents (2026-01-01 to 2026-06-30). Sample: 25 incidents (random),EV-IR-4,Satisfied,"Incidents handled through preparation, analysis, containment, and recovery steps",,
IR-4,IR-04b.,incident handling activities are coordinated with contingency planning activities;,Examine; Interview,SOC case records; SOAR playbooks. Population: 212 security incidents (2026-01-01 to 2026-06-30). Sample: 25 incidents (random),EV-IR-4,Satisfied,"Incidents handled through preparation, analysis, containment, and recovery steps",,
IR-4,IR-04c.[01],"lessons learned from ongoing incident handling activities are incorporated into incident response procedures, training, and testing;",Examine; Interview,SOC case records; SOAR playbooks. Population: 212 security incidents (2026-01-01 to 2026-06-30). Sample: 25 incidents (random),EV-IR-4,Satisfied,"Incidents handled through preparation, analysis, containment, and recovery steps",,
IR-4,IR-04c.[02],the changes resulting from the incorporated lessons learned are implemented accordingly;,Examine; Interview,SOC case records; SOAR playbooks. Population: 212 security incidents (2026-01-01 to 2026-06-30). Sample: 25 incidents (random),EV-IR-4,Satisfied,"Incidents handled through preparation, analysis, containment, and recovery steps",,
IR-4,IR-04d.[01],the rigor of incident handling activities is comparable and predictable across the organization;,Examine; Interview,SOC case records; SOAR playbooks. Population: 212 security incidents (2026-01-01 to 2026-06-30). Sample: 25 incidents (random),EV-IR-4,Satisfied,"Incidents handled through preparation, analysis, containment, and recovery steps",,
IR-4,IR-04d.[02],the intensity of incident handling activities is comparable and predictable across the organization;,Examine; Interview,SOC case records; SOAR playbooks. Population: 212 security incidents (2026-01-01 to 2026-06-30). Sample: 25 incidents (random),EV-IR-4,Satisfied,"Incidents handled through preparation, analysis, containment, and recovery steps",,
IR-4,IR-04d.[03],the scope of incident handling activities is comparable and predictable across the organization;,Examine; Interview,SOC case records; SOAR playbooks. Population: 212 security incidents (2026-01-01 to 2026-06-30). Sample: 25 incidents (random),EV-IR-4,Satisfied,"Incidents handled through preparation, analysis, containment, and recovery steps",,
IR-4,IR-04d.[04],the results of incident handling activities are comparable and predictable across the organization.,Examine; Interview,SOC case records; SOAR playbooks. Population: 212 security incidents (2026-01-01 to 2026-06-30). Sample: 25 incidents (random),EV-IR-4,Satisfied,"Incidents handled through preparation, analysis, containment, and recovery steps",,
IR-6,IR-06a.,personnel is/are required to report suspected incidents to the organizational incident response capability within [organization-defined value];,Examine; Interview,CISA report confirmations; SOC cases; staff interviews. Population: 212 incidents; 2 CISA reports; 20 staff interviews. Sample: 25 incidents; 2 reports; 20 staff,EV-IR-6,Satisfied,Staff know reporting duties; reports made within the company target,,
IR-6,IR-06b.,incident information is reported to [organization-defined value].,Examine; Interview,CISA report confirmations; SOC cases; staff interviews. Population: 212 incidents; 2 CISA reports; 20 staff interviews. Sample: 25 incidents; 2 reports; 20 staff,EV-IR-6,Satisfied,Staff know reporting duties; reports made within the company target,,
IR-8,IR-08a.01,an incident response plan is developed that provides the organization with a roadmap for implementing its incident response capability;,Examine; Interview,"CIRP v5; materiality playbook; disclosure committee minutes. Population: n/a (plan). Sample: CIRP v5 and materiality playbook examined; interviews with the General Counsel, CFO, CISO",EV-IR-8,Satisfied,"Plan structure, reportable incidents, and protection in place",,
IR-8,IR-08a.02,an incident response plan is developed that describes the structure and organization of the incident response capability;,Examine; Interview,"CIRP v5; materiality playbook; disclosure committee minutes. Population: n/a (plan). Sample: CIRP v5 and materiality playbook examined; interviews with the General Counsel, CFO, CISO",EV-IR-8,Satisfied,"Plan structure, reportable incidents, and protection in place",,
IR-8,IR-08a.03,an incident response plan is developed that provides a high-level approach for how the incident response capability fits into the overall organization;,Examine; Interview,"CIRP v5; materiality playbook; disclosure committee minutes. Population: n/a (plan). Sample: CIRP v5 and materiality playbook examined; interviews with the General Counsel, CFO, CISO",EV-IR-8,Other than satisfied,"The plan does not show how incident response fits with SEC disclosure; the TSA/CISA and SEC steps are in separate playbooks, and the disclosure committee has not exercised them since 3 members joined",High,POAM-010
IR-8,IR-08a.04,"an incident response plan is developed that meets the unique requirements of the organization with regard to mission, size, structure, and functions;",Examine; Interview,"CIRP v5; materiality playbook; disclosure committee minutes. Population: n/a (plan). Sample: CIRP v5 and materiality playbook examined; interviews with the General Counsel, CFO, CISO",EV-IR-8,Satisfied,"Plan structure, reportable incidents, and protection in place",,
IR-8,IR-08a.05,an incident response plan is developed that defines reportable incidents;,Examine; Interview,"CIRP v5; materiality playbook; disclosure committee minutes. Population: n/a (plan). Sample: CIRP v5 and materiality playbook examined; interviews with the General Counsel, CFO, CISO",EV-IR-8,Satisfied,"Plan structure, reportable incidents, and protection in place",,
IR-8,IR-08a.06,an incident response plan is developed that provides metrics for measuring the incident response capability within the organization;,Examine; Interview,"CIRP v5; materiality playbook; disclosure committee minutes. Population: n/a (plan). Sample: CIRP v5 and materiality playbook examined; interviews with the General Counsel, CFO, CISO",EV-IR-8,Satisfied,"Plan structure, reportable incidents, and protection in place",,
IR-8,IR-08a.07,an incident response plan is developed that defines the resources and management support needed to effectively maintain and mature an incident response capability;,Examine; Interview,"CIRP v5; materiality playbook; disclosure committee minutes. Population: n/a (plan). Sample: CIRP v5 and materiality playbook examined; interviews with the General Counsel, CFO, CISO",EV-IR-8,Satisfied,"Plan structure, reportable incidents, and protection in place",,
IR-8,IR-08a.08,an incident response plan is developed that addresses the sharing of incident information;,Examine; Interview,"CIRP v5; materiality playbook; disclosure committee minutes. Population: n/a (plan). Sample: CIRP v5 and materiality playbook examined; interviews with the General Counsel, CFO, CISO",EV-IR-8,Satisfied,"Plan structure, reportable incidents, and protection in place",,
IR-8,IR-08a.09,an incident response plan is developed that is reviewed and approved by [organization-defined value] [organization-defined value];,Examine; Interview,"CIRP v5; materiality playbook; disclosure committee minutes. Population: n/a (plan). Sample: CIRP v5 and materiality playbook examined; interviews with the General Counsel, CFO, CISO",EV-IR-8,Satisfied,"Plan structure, reportable incidents, and protection in place",,
IR-8,IR-08a.10,an incident response plan is developed that explicitly designates responsibility for incident response to [organization-defined value].,Examine; Interview,"CIRP v5; materiality playbook; disclosure committee minutes. Population: n/a (plan). Sample: CIRP v5 and materiality playbook examined; interviews with the General Counsel, CFO, CISO",EV-IR-8,Satisfied,"Plan structure, reportable incidents, and protection in place",,
IR-8,IR-08b.[01],copies of the incident response plan are distributed to [organization-defined value];,Examine; Interview,"CIRP v5; materiality playbook; disclosure committee minutes. Population: n/a (plan). Sample: CIRP v5 and materiality playbook examined; interviews with the General Counsel, CFO, CISO",EV-IR-8,Satisfied,"Plan structure, reportable incidents, and protection in place",,
IR-8,IR-08b.[02],copies of the incident response plan are distributed to [organization-defined value];,Examine; Interview,"CIRP v5; materiality playbook; disclosure committee minutes. Population: n/a (plan). Sample: CIRP v5 and materiality playbook examined; interviews with the General Counsel, CFO, CISO",EV-IR-8,Satisfied,"Plan structure, reportable incidents, and protection in place",,
IR-8,IR-08c.,"the incident response plan is updated to address system and organizational changes or problems encountered during plan implementation, execution, or testing;",Examine; Interview,"CIRP v5; materiality playbook; disclosure committee minutes. Population: n/a (plan). Sample: CIRP v5 and materiality playbook examined; interviews with the General Counsel, CFO, CISO",EV-IR-8,Other than satisfied,The plan was not updated for the acquisition of CR-10 or for the change in disclosure committee membership,High,POAM-010
IR-8,IR-08d.[01],incident response plan changes are communicated to [organization-defined value];,Examine; Interview,"CIRP v5; materiality playbook; disclosure committee minutes. Population: n/a (plan). Sample: CIRP v5 and materiality playbook examined; interviews with the General Counsel, CFO, CISO",EV-IR-8,Satisfied,"Plan structure, reportable incidents, and protection in place",,
IR-8,IR-08d.[02],incident response plan changes are communicated to [organization-defined value];,Examine; Interview,"CIRP v5; materiality playbook; disclosure committee minutes. Population: n/a (plan). Sample: CIRP v5 and materiality playbook examined; interviews with the General Counsel, CFO, CISO",EV-IR-8,Satisfied,"Plan structure, reportable incidents, and protection in place",,
IR-8,IR-08e.[01],the incident response plan is protected from unauthorized disclosure;,Examine; Interview,"CIRP v5; materiality playbook; disclosure committee minutes. Population: n/a (plan). Sample: CIRP v5 and materiality playbook examined; interviews with the General Counsel, CFO, CISO",EV-IR-8,Satisfied,"Plan structure, reportable incidents, and protection in place",,
IR-8,IR-08e.[02],the incident response plan is protected from unauthorized modification.,Examine; Interview,"CIRP v5; materiality playbook; disclosure committee minutes. Population: n/a (plan). Sample: CIRP v5 and materiality playbook examined; interviews with the General Counsel, CFO, CISO",EV-IR-8,Satisfied,"Plan structure, reportable incidents, and protection in place",,
MA-4,MA-04a.[01],nonlocal maintenance and diagnostic activities are approved;,Examine; Test,PAM session recordings; tickets. Population: 312 vendor maintenance sessions to CAD and PTC. Sample: 25 sessions (random),EV-MA-4,Satisfied,"Vendor sessions approved, authenticated, recorded, and closed",,
MA-4,MA-04a.[02],nonlocal maintenance and diagnostic activities are monitored;,Examine; Test,PAM session recordings; tickets. Population: 312 vendor maintenance sessions to CAD and PTC. Sample: 25 sessions (random),EV-MA-4,Satisfied,"Vendor sessions approved, authenticated, recorded, and closed",,
MA-4,MA-04b.[01],the use of nonlocal maintenance and diagnostic tools are allowed only as consistent with organizational policy;,Examine; Test,PAM session recordings; tickets. Population: 312 vendor maintenance sessions to CAD and PTC. Sample: 25 sessions (random),EV-MA-4,Satisfied,"Vendor sessions approved, authenticated, recorded, and closed",,
MA-4,MA-04b.[02],the use of nonlocal maintenance and diagnostic tools are documented in the security plan for the system;,Examine; Test,PAM session recordings; tickets. Population: 312 vendor maintenance sessions to CAD and PTC. Sample: 25 sessions (random),EV-MA-4,Satisfied,"Vendor sessions approved, authenticated, recorded, and closed",,
MA-4,MA-04c.,strong authentication is employed in the establishment of nonlocal maintenance and diagnostic sessions;,Examine; Test,PAM session recordings; tickets. Population: 312 vendor maintenance sessions to CAD and PTC. Sample: 25 sessions (random),EV-MA-4,Satisfied,"Vendor sessions approved, authenticated, recorded, and closed",,
MA-4,MA-04d.,records for nonlocal maintenance and diagnostic activities are maintained;,Examine; Test,PAM session recordings; tickets. Population: 312 vendor maintenance sessions to CAD and PTC. Sample: 25 sessions (random),EV-MA-4,Satisfied,"Vendor sessions approved, authenticated, recorded, and closed",,
MA-4,MA-04e.[01],session connections are terminated when nonlocal maintenance is completed;,Examine; Test,PAM session recordings; tickets. Population: 312 vendor maintenance sessions to CAD and PTC. Sample: 25 sessions (random),EV-MA-4,Satisfied,"Vendor sessions approved, authenticated, recorded, and closed",,
MA-4,MA-04e.[02],network connections are terminated when nonlocal maintenance is completed.,Examine; Test,PAM session recordings; tickets. Population: 312 vendor maintenance sessions to CAD and PTC. Sample: 25 sessions (random),EV-MA-4,Satisfied,"Vendor sessions approved, authenticated, recorded, and closed",,
PE-3,PE-03a.01,physical access authorizations are enforced at [organization-defined value] by verifying individual access authorizations before granting access to the facility;,Examine; Test,"Badge logs; site observation. Population: NOC floors, DC-1 and DC-2 data halls. Sample: 3 site visits; 25 badge events (random)",EV-PE-3,Satisfied,Physical access enforced at entry points,,
PE-3,PE-03a.02,physical access authorizations are enforced at [organization-defined value] by controlling ingress and egress to the facility using [organization-defined value];,Examine; Test,"Badge logs; site observation. Population: NOC floors, DC-1 and DC-2 data halls. Sample: 3 site visits; 25 badge events (random)",EV-PE-3,Satisfied,Physical access enforced at entry points,,
PE-3,PE-03b.,physical access audit logs are maintained for [organization-defined value];,Examine; Test,"Badge logs; site observation. Population: NOC floors, DC-1 and DC-2 data halls. Sample: 3 site visits; 25 badge events (random)",EV-PE-3,Satisfied,Physical access enforced at entry points,,
PE-3,PE-03c.,access to areas within the facility designated as publicly accessible are maintained by implementing [organization-defined value];,Examine; Test,"Badge logs; site observation. Population: NOC floors, DC-1 and DC-2 data halls. Sample: 3 site visits; 25 badge events (random)",EV-PE-3,Satisfied,Physical access enforced at entry points,,
PE-3,PE-03d.[01],visitors are escorted;,Examine; Test,"Badge logs; site observation. Population: NOC floors, DC-1 and DC-2 data halls. Sample: 3 site visits; 25 badge events (random)",EV-PE-3,Satisfied,Physical access enforced at entry points,,
PE-3,PE-03d.[02],visitor activity is controlled [organization-defined value];,Examine; Test,"Badge logs; site observation. Population: NOC floors, DC-1 and DC-2 data halls. Sample: 3 site visits; 25 badge events (random)",EV-PE-3,Satisfied,Physical access enforced at entry points,,
PE-3,PE-03e.[01],keys are secured;,Examine; Test,"Badge logs; site observation. Population: NOC floors, DC-1 and DC-2 data halls. Sample: 3 site visits; 25 badge events (random)",EV-PE-3,Satisfied,Physical access enforced at entry points,,
PE-3,PE-03e.[02],combinations are secured;,Examine; Test,"Badge logs; site observation. Population: NOC floors, DC-1 and DC-2 data halls. Sample: 3 site visits; 25 badge events (random)",EV-PE-3,Satisfied,Physical access enforced at entry points,,
PE-3,PE-03e.[03],other physical access devices are secured;,Examine; Test,"Badge logs; site observation. Population: NOC floors, DC-1 and DC-2 data halls. Sample: 3 site visits; 25 badge events (random)",EV-PE-3,Satisfied,Physical access enforced at entry points,,
PE-3,PE-03f.,[organization-defined value] are inventoried [organization-defined value];,Examine; Test,"Badge logs; site observation. Population: NOC floors, DC-1 and DC-2 data halls. Sample: 3 site visits; 25 badge events (random)",EV-PE-3,Satisfied,Physical access enforced at entry points,,
PE-3,PE-03g.[01],"combinations are changed [organization-defined value] , when combinations are compromised, or when individuals possessing the combinations are transferred or terminated;",Examine; Test,"Badge logs; site observation. Population: NOC floors, DC-1 and DC-2 data halls. Sample: 3 site visits; 25 badge events (random)",EV-PE-3,Satisfied,Physical access enforced at entry points,,
PE-3,PE-03g.[02],"keys are changed [organization-defined value] , when keys are lost, or when individuals possessing the keys are transferred or terminated.",Examine; Test,"Badge logs; site observation. Population: NOC floors, DC-1 and DC-2 data halls. Sample: 3 site visits; 25 badge events (random)",EV-PE-3,Satisfied,Physical access enforced at entry points,,
PS-4,PS-04a.,"upon termination of individual employment, system access is disabled within [organization-defined value];",Examine; Test,"HR records; directory disable timestamps. Population: 1,318 terminations. Sample: 60 (same sample as AC-2)",EV-PS-4,Other than satisfied,"3 of 60 sampled terminations (all AQ) disabled 2 to 9 days after termination, outside the same-business-day standard",High,POAM-001
PS-4,PS-04b.,"upon termination of individual employment, any authenticators and credentials are terminated or revoked;",Examine; Test,"HR records; directory disable timestamps. Population: 1,318 terminations. Sample: 60 (same sample as AC-2)",EV-PS-4,Satisfied,Credentials revoked and property retrieved for sampled terminations,,
PS-4,PS-04c.,"upon termination of individual employment, exit interviews that include a discussion of [organization-defined value] are conducted;",Examine; Test,"HR records; directory disable timestamps. Population: 1,318 terminations. Sample: 60 (same sample as AC-2)",EV-PS-4,Satisfied,Credentials revoked and property retrieved for sampled terminations,,
PS-4,PS-04d.,"upon termination of individual employment, all security-related organizational system-related property is retrieved;",Examine; Test,"HR records; directory disable timestamps. Population: 1,318 terminations. Sample: 60 (same sample as AC-2)",EV-PS-4,Satisfied,Credentials revoked and property retrieved for sampled terminations,,
PS-4,PS-04e.,"upon termination of individual employment, access to organizational information and systems formerly controlled by the terminated individual are retained.",Examine; Test,"HR records; directory disable timestamps. Population: 1,318 terminations. Sample: 60 (same sample as AC-2)",EV-PS-4,Satisfied,Credentials revoked and property retrieved for sampled terminations,,
RA-3,RA-03a.01,a risk assessment is conducted to identify threats to and vulnerabilities in the system;,Examine,Risk register; risk method. Population: n/a. Sample: 2026 risk analysis examined (P01),EV-RA-3,Satisfied,"Risk assessment performed, documented, and reviewed",,
RA-3,RA-03a.02,"a risk assessment is conducted to determine the likelihood and magnitude of harm from unauthorized access, use, disclosure, disruption, modification, or destruction of the...",Examine,Risk register; risk method. Population: n/a. Sample: 2026 risk analysis examined (P01),EV-RA-3,Satisfied,"Risk assessment performed, documented, and reviewed",,
RA-3,RA-03a.03,a risk assessment is conducted to determine the likelihood and impact of adverse effects on individuals arising from the processing of personally identifiable information;,Examine,Risk register; risk method. Population: n/a. Sample: 2026 risk analysis examined (P01),EV-RA-3,Satisfied,"Risk assessment performed, documented, and reviewed",,
RA-3,RA-03b.,risk assessment results and risk management decisions from the organization and mission or business process perspectives are integrated with system-level risk assessments;,Examine,Risk register; risk method. Population: n/a. Sample: 2026 risk analysis examined (P01),EV-RA-3,Satisfied,"Risk assessment performed, documented, and reviewed",,
RA-3,RA-03c.,risk assessment results are documented in [organization-defined value];,Examine,Risk register; risk method. Population: n/a. Sample: 2026 risk analysis examined (P01),EV-RA-3,Satisfied,"Risk assessment performed, documented, and reviewed",,
RA-3,RA-03d.,risk assessment results are reviewed [organization-defined value];,Examine,Risk register; risk method. Population: n/a. Sample: 2026 risk analysis examined (P01),EV-RA-3,Satisfied,"Risk assessment performed, documented, and reviewed",,
RA-3,RA-03e.,risk assessment results are disseminated to [organization-defined value];,Examine,Risk register; risk method. Population: n/a. Sample: 2026 risk analysis examined (P01),EV-RA-3,Satisfied,"Risk assessment performed, documented, and reviewed",,
RA-3,RA-03f.,"the risk assessment is updated [organization-defined value] or when there are significant changes to the system, its environment of operation, or other conditions that may...",Examine,Risk register; risk method. Population: n/a. Sample: 2026 risk analysis examined (P01),EV-RA-3,Satisfied,"Risk assessment performed, documented, and reviewed",,
RA-5,RA-05a.[01],systems and hosted applications are monitored for vulnerabilities [organization-defined value] and when new vulnerabilities potentially affecting the system are identified and...,Examine; Test,"Scan reports; passive detection coverage; KEV dashboard. Population: 1,904 vulnerability findings on TDPB components; field segment coverage map. Sample: 60 findings (random); coverage map in full",EV-RA-5,Other than satisfied,22% of wayside and field components that connect to the TDPB are outside passive vulnerability monitoring,Moderate,POAM-014
RA-5,RA-05a.[02],systems and hosted applications are scanned for vulnerabilities [organization-defined value] and when new vulnerabilities potentially affecting the system are identified and...,Examine; Test,"Scan reports; passive detection coverage; KEV dashboard. Population: 1,904 vulnerability findings on TDPB components; field segment coverage map. Sample: 60 findings (random); coverage map in full",EV-RA-5,Satisfied,"Scanning, analysis, and remediation tracking in place for covered components",,
RA-5,RA-05b.01,"vulnerability monitoring tools and techniques are employed to automate parts of the vulnerability management process by using standards for enumerating platforms, software...",Examine; Test,"Scan reports; passive detection coverage; KEV dashboard. Population: 1,904 vulnerability findings on TDPB components; field segment coverage map. Sample: 60 findings (random); coverage map in full",EV-RA-5,Satisfied,"Scanning, analysis, and remediation tracking in place for covered components",,
RA-5,RA-05b.02,vulnerability monitoring tools and techniques are employed to facilitate interoperability among tools and to automate parts of the vulnerability management process by using...,Examine; Test,"Scan reports; passive detection coverage; KEV dashboard. Population: 1,904 vulnerability findings on TDPB components; field segment coverage map. Sample: 60 findings (random); coverage map in full",EV-RA-5,Satisfied,"Scanning, analysis, and remediation tracking in place for covered components",,
RA-5,RA-05b.03,vulnerability monitoring tools and techniques are employed to facilitate interoperability among tools and to automate parts of the vulnerability management process by using...,Examine; Test,"Scan reports; passive detection coverage; KEV dashboard. Population: 1,904 vulnerability findings on TDPB components; field segment coverage map. Sample: 60 findings (random); coverage map in full",EV-RA-5,Satisfied,"Scanning, analysis, and remediation tracking in place for covered components",,
RA-5,RA-05c.,vulnerability scan reports and results from vulnerability monitoring are analyzed;,Examine; Test,"Scan reports; passive detection coverage; KEV dashboard. Population: 1,904 vulnerability findings on TDPB components; field segment coverage map. Sample: 60 findings (random); coverage map in full",EV-RA-5,Satisfied,"Scanning, analysis, and remediation tracking in place for covered components",,
RA-5,RA-05d.,legitimate vulnerabilities are remediated [organization-defined value] in accordance with an organizational assessment of risk;,Examine; Test,"Scan reports; passive detection coverage; KEV dashboard. Population: 1,904 vulnerability findings on TDPB components; field segment coverage map. Sample: 60 findings (random); coverage map in full",EV-RA-5,Satisfied,"Scanning, analysis, and remediation tracking in place for covered components",,
RA-5,RA-05e.,information obtained from the vulnerability monitoring process and control assessments is shared with [organization-defined value] to help eliminate similar vulnerabilities in...,Examine; Test,"Scan reports; passive detection coverage; KEV dashboard. Population: 1,904 vulnerability findings on TDPB components; field segment coverage map. Sample: 60 findings (random); coverage map in full",EV-RA-5,Satisfied,"Scanning, analysis, and remediation tracking in place for covered components",,
RA-5,RA-05f.,vulnerability monitoring tools that include the capability to readily update the vulnerabilities to be scanned are employed.,Examine; Test,"Scan reports; passive detection coverage; KEV dashboard. Population: 1,904 vulnerability findings on TDPB components; field segment coverage map. Sample: 60 findings (random); coverage map in full",EV-RA-5,Satisfied,"Scanning, analysis, and remediation tracking in place for covered components",,
SA-9,SA-09a.[01],providers of external system services comply with organizational security requirements;,Examine,Vendor register; SOC report reviews; contracts. Population: 12 external services supporting the TDPB. Sample: 100%,EV-SA-9,Satisfied,Requirements defined in contracts,,
SA-9,SA-09a.[02],providers of external system services comply with organizational privacy requirements;,Examine,Vendor register; SOC report reviews; contracts. Population: 12 external services supporting the TDPB. Sample: 100%,EV-SA-9,Satisfied,Requirements defined in contracts,,
SA-9,SA-09a.[03],providers of external system services employ [organization-defined value];,Examine,Vendor register; SOC report reviews; contracts. Population: 12 external services supporting the TDPB. Sample: 100%,EV-SA-9,Satisfied,Requirements defined in contracts,,
SA-9,SA-09b.[01],organizational oversight with regard to external system services are defined and documented;,Examine,Vendor register; SOC report reviews; contracts. Population: 12 external services supporting the TDPB. Sample: 100%,EV-SA-9,Satisfied,Requirements defined in contracts,,
SA-9,SA-09b.[02],user roles and responsibilities with regard to external system services are defined and documented;,Examine,Vendor register; SOC report reviews; contracts. Population: 12 external services supporting the TDPB. Sample: 100%,EV-SA-9,Satisfied,Requirements defined in contracts,,
SA-9,SA-09c.,[organization-defined value] are employed to monitor control compliance by external service providers on an ongoing basis.,Examine,Vendor register; SOC report reviews; contracts. Population: 12 external services supporting the TDPB. Sample: 100%,EV-SA-9,Other than satisfied,SOC report reviews overdue for 2 of 12 services supporting the TDPB (including crew calling telephony); 14 of 140 tier-1 vendors overdue enterprise-wide,Moderate,POAM-015
SC-7,SC-07a.[01],communications at external managed interfaces to the system are monitored;,Examine; Test,Firewall rules; zone model; test results. Population: 11 zone boundaries. Sample: Reachability tests from an AQ-06 site network and from the crossing monitor vendor network (2026-08-05),EV-SC-7,Satisfied,Boundary devices monitor and control external interfaces,,
SC-7,SC-07a.[02],communications at external managed interfaces to the system are controlled;,Examine; Test,Firewall rules; zone model; test results. Population: 11 zone boundaries. Sample: Reachability tests from an AQ-06 site network and from the crossing monitor vendor network (2026-08-05),EV-SC-7,Satisfied,Boundary devices monitor and control external interfaces,,
SC-7,SC-07a.[03],communications at key internal managed interfaces within the system are monitored;,Examine; Test,Firewall rules; zone model; test results. Population: 11 zone boundaries. Sample: Reachability tests from an AQ-06 site network and from the crossing monitor vendor network (2026-08-05),EV-SC-7,Satisfied,Boundary devices monitor and control external interfaces,,
SC-7,SC-07a.[04],communications at key internal managed interfaces within the system are controlled;,Examine; Test,Firewall rules; zone model; test results. Population: 11 zone boundaries. Sample: Reachability tests from an AQ-06 site network and from the crossing monitor vendor network (2026-08-05),EV-SC-7,Other than satisfied,"Vendor modems bridge the crossing monitor network and a CTC field network, bypassing the internal managed interface",High,POAM-008
SC-7,SC-07b.,subnetworks for publicly accessible system components are [organization-defined value] separated from internal organizational networks;,Examine; Test,Firewall rules; zone model; test results. Population: 11 zone boundaries. Sample: Reachability tests from an AQ-06 site network and from the crossing monitor vendor network (2026-08-05),EV-SC-7,Satisfied,Boundary devices monitor and control external interfaces,,
SC-7,SC-07c.,external networks or systems are only connected to through managed interfaces consisting of boundary protection devices arranged in accordance with an organizational security...,Examine; Test,Firewall rules; zone model; test results. Population: 11 zone boundaries. Sample: Reachability tests from an AQ-06 site network and from the crossing monitor vendor network (2026-08-05),EV-SC-7,Other than satisfied,A test from an AQ-06 site network reached TMS integration APIs over a legacy site VPN without passing the managed interface,High,POAM-018
SC-8,SC-08,the [organization-defined value] of transmitted information is/are protected.,Examine; Test,Circuit inventory; packet captures. Population: All TDPB and code line circuits on 11 signaled railroads. Sample: 100% (TLS scan; packet capture on leased circuits),EV-SC-8,Other than satisfied,CTC code line traffic on leased carrier circuits on 3 Class II railroads has no encryption or integrity protection,Moderate,POAM-013
SC-12,SC-12[01],cryptographic keys are established when cryptography is employed within the system in accordance with [organization-defined value];,Examine; Interview,Key management procedure; HSM logs; key custodian interviews. Population: PTC key management procedure; HSMs in DC-1 and DC-2. Sample: Key ceremony records for 2 rotations,EV-SC-12,Satisfied,Keys established and managed in HSMs,,
SC-12,SC-12[02],cryptographic keys are managed when cryptography is employed within the system in accordance with [organization-defined value].,Examine; Interview,Key management procedure; HSM logs; key custodian interviews. Population: PTC key management procedure; HSMs in DC-1 and DC-2. Sample: Key ceremony records for 2 rotations,EV-SC-12,Satisfied,Keys established and managed in HSMs,,
SI-2,SI-02a.[01],system flaws are identified;,Examine; Test,Patch reports; vendor certification records. Population: 212 patches for TDPB components. Sample: 25 patches (random),EV-SI-2,Satisfied,"Flaws identified, tested in the lab, and tracked",,
SI-2,SI-02a.[02],system flaws are reported;,Examine; Test,Patch reports; vendor certification records. Population: 212 patches for TDPB components. Sample: 25 patches (random),EV-SI-2,Satisfied,"Flaws identified, tested in the lab, and tracked",,
SI-2,SI-02a.[03],system flaws are corrected;,Examine; Test,Patch reports; vendor certification records. Population: 212 patches for TDPB components. Sample: 25 patches (random),EV-SI-2,Satisfied,"Flaws identified, tested in the lab, and tracked",,
SI-2,SI-02b.[01],software updates related to flaw remediation are tested for effectiveness before installation;,Examine; Test,Patch reports; vendor certification records. Population: 212 patches for TDPB components. Sample: 25 patches (random),EV-SI-2,Satisfied,"Flaws identified, tested in the lab, and tracked",,
SI-2,SI-02b.[02],software updates related to flaw remediation are tested for potential side effects before installation;,Examine; Test,Patch reports; vendor certification records. Population: 212 patches for TDPB components. Sample: 25 patches (random),EV-SI-2,Satisfied,"Flaws identified, tested in the lab, and tracked",,
SI-2,SI-02b.[03],firmware updates related to flaw remediation are tested for effectiveness before installation;,Examine; Test,Patch reports; vendor certification records. Population: 212 patches for TDPB components. Sample: 25 patches (random),EV-SI-2,Satisfied,"Flaws identified, tested in the lab, and tracked",,
SI-2,SI-02b.[04],firmware updates related to flaw remediation are tested for potential side effects before installation;,Examine; Test,Patch reports; vendor certification records. Population: 212 patches for TDPB components. Sample: 25 patches (random),EV-SI-2,Satisfied,"Flaws identified, tested in the lab, and tracked",,
SI-2,SI-02c.[01],security-relevant software updates are installed within [organization-defined value] of the release of the updates;,Examine; Test,Patch reports; vendor certification records. Population: 212 patches for TDPB components. Sample: 25 patches (random),EV-SI-2,Other than satisfied,3 of 25 sampled patches (all PTC back office) not installed within the standard; servers 7 months behind with no documented compensating measures,High,POAM-003
SI-2,SI-02c.[02],security-relevant firmware updates are installed within [organization-defined value] of the release of the updates;,Examine; Test,Patch reports; vendor certification records. Population: 212 patches for TDPB components. Sample: 25 patches (random),EV-SI-2,Satisfied,"Flaws identified, tested in the lab, and tracked",,
SI-2,SI-02d.,flaw remediation is incorporated into the organizational configuration management process.,Examine; Test,Patch reports; vendor certification records. Population: 212 patches for TDPB components. Sample: 25 patches (random),EV-SI-2,Satisfied,"Flaws identified, tested in the lab, and tracked",,
SI-3,SI-03a.[01],[organization-defined value] malicious code protection mechanisms are implemented at system entry and exit points to detect malicious code;,Examine; Test,EDR console; allowlisting reports. Population: 38 TDPB servers; 148 consoles. Sample: 10 servers and 25 consoles (random),EV-SI-3,Satisfied,Malicious code protection deployed and updated,,
SI-3,SI-03a.[02],[organization-defined value] malicious code protection mechanisms are implemented at system entry and exit points to eradicate malicious code;,Examine; Test,EDR console; allowlisting reports. Population: 38 TDPB servers; 148 consoles. Sample: 10 servers and 25 consoles (random),EV-SI-3,Satisfied,Malicious code protection deployed and updated,,
SI-3,SI-03b.,malicious code protection mechanisms are updated automatically as new releases are available in accordance with organizational configuration management policy and procedures;,Examine; Test,EDR console; allowlisting reports. Population: 38 TDPB servers; 148 consoles. Sample: 10 servers and 25 consoles (random),EV-SI-3,Satisfied,Malicious code protection deployed and updated,,
SI-3,SI-03c.01[01],malicious code protection mechanisms are configured to perform periodic scans of the system [organization-defined value];,Examine; Test,EDR console; allowlisting reports. Population: 38 TDPB servers; 148 consoles. Sample: 10 servers and 25 consoles (random),EV-SI-3,Satisfied,Malicious code protection deployed and updated,,
SI-3,SI-03c.01[02],"malicious code protection mechanisms are configured to perform real-time scans of files from external sources at [organization-defined value] as the files are downloaded,...",Examine; Test,EDR console; allowlisting reports. Population: 38 TDPB servers; 148 consoles. Sample: 10 servers and 25 consoles (random),EV-SI-3,Satisfied,Malicious code protection deployed and updated,,
SI-3,SI-03c.02[01],malicious code protection mechanisms are configured to [organization-defined value] in response to malicious code detection;,Examine; Test,EDR console; allowlisting reports. Population: 38 TDPB servers; 148 consoles. Sample: 10 servers and 25 consoles (random),EV-SI-3,Satisfied,Malicious code protection deployed and updated,,
SI-3,SI-03c.02[02],malicious code protection mechanisms are configured to send alerts to [organization-defined value] in response to malicious code detection;,Examine; Test,EDR console; allowlisting reports. Population: 38 TDPB servers; 148 consoles. Sample: 10 servers and 25 consoles (random),EV-SI-3,Satisfied,Malicious code protection deployed and updated,,
SI-3,SI-03d.,the receipt of false positives during malicious code detection and eradication and the resulting potential impact on the availability of the system are addressed.,Examine; Test,EDR console; allowlisting reports. Population: 38 TDPB servers; 148 consoles. Sample: 10 servers and 25 consoles (random),EV-SI-3,Satisfied,Malicious code protection deployed and updated,,
SI-4,SI-04a.01,the system is monitored to detect attacks and indicators of potential attacks in accordance with [organization-defined value];,Examine; Test,Detection coverage; SOC alerts; test results. Population: 11 NOC and DMZ monitoring points; field segment coverage. Sample: All monitoring points; rogue connection test at the backup NOC,EV-SI-4,Satisfied,Monitoring at NOC zones and DMZ detects and analyzes events,,
SI-4,SI-04a.02[01],the system is monitored to detect unauthorized local connections;,Examine; Test,Detection coverage; SOC alerts; test results. Population: 11 NOC and DMZ monitoring points; field segment coverage. Sample: All monitoring points; rogue connection test at the backup NOC,EV-SI-4,Satisfied,Monitoring at NOC zones and DMZ detects and analyzes events,,
SI-4,SI-04a.02[02],the system is monitored to detect unauthorized network connections;,Examine; Test,Detection coverage; SOC alerts; test results. Population: 11 NOC and DMZ monitoring points; field segment coverage. Sample: All monitoring points; rogue connection test at the backup NOC,EV-SI-4,Satisfied,Monitoring at NOC zones and DMZ detects and analyzes events,,
SI-4,SI-04a.02[03],the system is monitored to detect unauthorized remote connections;,Examine; Test,Detection coverage; SOC alerts; test results. Population: 11 NOC and DMZ monitoring points; field segment coverage. Sample: All monitoring points; rogue connection test at the backup NOC,EV-SI-4,Satisfied,Monitoring at NOC zones and DMZ detects and analyzes events,,
SI-4,SI-04b.,unauthorized use of the system is identified through [organization-defined value];,Examine; Test,Detection coverage; SOC alerts; test results. Population: 11 NOC and DMZ monitoring points; field segment coverage. Sample: All monitoring points; rogue connection test at the backup NOC,EV-SI-4,Satisfied,Monitoring at NOC zones and DMZ detects and analyzes events,,
SI-4,SI-04c.01,internal monitoring capabilities are invoked or monitoring devices are deployed strategically within the system to collect organization-determined essential information;,Examine; Test,Detection coverage; SOC alerts; test results. Population: 11 NOC and DMZ monitoring points; field segment coverage. Sample: All monitoring points; rogue connection test at the backup NOC,EV-SI-4,Other than satisfied,Monitoring devices cover 78% of wayside and field segments; 39% of OT log sources are not collected,Moderate,POAM-014
SI-4,SI-04c.02,internal monitoring capabilities are invoked or monitoring devices are deployed at ad hoc locations within the system to track specific types of transactions of interest to the...,Examine; Test,Detection coverage; SOC alerts; test results. Population: 11 NOC and DMZ monitoring points; field segment coverage. Sample: All monitoring points; rogue connection test at the backup NOC,EV-SI-4,Satisfied,Monitoring at NOC zones and DMZ detects and analyzes events,,
SI-4,SI-04d.[01],detected events are analyzed;,Examine; Test,Detection coverage; SOC alerts; test results. Population: 11 NOC and DMZ monitoring points; field segment coverage. Sample: All monitoring points; rogue connection test at the backup NOC,EV-SI-4,Satisfied,Monitoring at NOC zones and DMZ detects and analyzes events,,
SI-4,SI-04d.[02],detected anomalies are analyzed;,Examine; Test,Detection coverage; SOC alerts; test results. Population: 11 NOC and DMZ monitoring points; field segment coverage. Sample: All monitoring points; rogue connection test at the backup NOC,EV-SI-4,Satisfied,Monitoring at NOC zones and DMZ detects and analyzes events,,
SI-4,SI-04e.,"the level of system monitoring activity is adjusted when there is a change in risk to organizational operations and assets, individuals, other organizations, or the Nation;",Examine; Test,Detection coverage; SOC alerts; test results. Population: 11 NOC and DMZ monitoring points; field segment coverage. Sample: All monitoring points; rogue connection test at the backup NOC,EV-SI-4,Satisfied,Monitoring at NOC zones and DMZ detects and analyzes events,,
SI-4,SI-04f.,a legal opinion regarding system monitoring activities is obtained;,Examine; Test,Detection coverage; SOC alerts; test results. Population: 11 NOC and DMZ monitoring points; field segment coverage. Sample: All monitoring points; rogue connection test at the backup NOC,EV-SI-4,Satisfied,Monitoring at NOC zones and DMZ detects and analyzes events,,
SI-4,SI-04g.,[organization-defined value] is provided to [organization-defined value] [organization-defined value].,Examine; Test,Detection coverage; SOC alerts; test results. Population: 11 NOC and DMZ monitoring points; field segment coverage. Sample: All monitoring points; rogue connection test at the backup NOC,EV-SI-4,Satisfied,Monitoring at NOC zones and DMZ detects and analyzes events,,
SI-7,SI-07a.[01],integrity verification tools are employed to detect unauthorized changes to [organization-defined value];,Examine; Test,FIM configuration; alert records. Population: n/a. Sample: File integrity monitoring and territory table checksum examined; test change in the CAD lab,EV-SI-7,Satisfied,Integrity verification and alerting in place,,
SI-7,SI-07a.[02],integrity verification tools are employed to detect unauthorized changes to [organization-defined value];,Examine; Test,FIM configuration; alert records. Population: n/a. Sample: File integrity monitoring and territory table checksum examined; test change in the CAD lab,EV-SI-7,Satisfied,Integrity verification and alerting in place,,
SI-7,SI-07a.[03],integrity verification tools are employed to detect unauthorized changes to [organization-defined value];,Examine; Test,FIM configuration; alert records. Population: n/a. Sample: File integrity monitoring and territory table checksum examined; test change in the CAD lab,EV-SI-7,Satisfied,Integrity verification and alerting in place,,
SI-7,SI-07b.[01],"[organization-defined value] are taken when unauthorized changes to the software, are detected;",Examine; Test,FIM configuration; alert records. Population: n/a. Sample: File integrity monitoring and territory table checksum examined; test change in the CAD lab,EV-SI-7,Satisfied,Integrity verification and alerting in place,,
SI-7,SI-07b.[02],[organization-defined value] are taken when unauthorized changes to the firmware are detected;,Examine; Test,FIM configuration; alert records. Population: n/a. Sample: File integrity monitoring and territory table checksum examined; test change in the CAD lab,EV-SI-7,Satisfied,Integrity verification and alerting in place,,
SI-7,SI-07b.[03],[organization-defined value] are taken when unauthorized changes to the information are detected.,Examine; Test,FIM configuration; alert records. Population: n/a. Sample: File integrity monitoring and territory table checksum examined; test change in the CAD lab,EV-SI-7,Satisfied,Integrity verification and alerting in place,,
