req_id,regulation,regulatory_driver,citation,requirement_summary,requirement_type,applies_at_this_tier,csf2_subcategories,sp800_53_controls,nist_official_sp800_53r5,crosswalk_source,ot_application_sp800_82r3,target_profile_priority,current_state,evidence,status,gap_description,gap_risk_level,remediation_action,owner,target_date,pending_rule_change
G-001,NIST CSF 2.0 (voluntary benchmark),CSF 2.0 GV.OC-01 (benchmark),CSF 2.0 GV.OC-01 (Govern; Organizational Context),The organizational mission is understood and informs cybersecurity risk management,CSF 2.0 subcategory (voluntary),Yes (voluntary benchmark),GV.OC-01,PM-11,PM-11,CSF 2.0 to SP 800-53: official NIST informative reference (SRC-OLIR-CSF-53) in column nist_official_sp800_53r5; key-control subset selected by the author,Not OT-specific,Medium,"The mission (grow, pack, and market produce safely for retail customers and contract growers) is in the board-approved strategic plan; the 2026 risk assessment and BIA tie cyber risk to irrigation, freeze protection, packing, and settlements",EV-046 (strategic plan FY2026); P01 section 1; P05 section 2,Met,None,Very Low,None,Chief Operating Officer,,None
G-002,NIST CSF 2.0 (voluntary benchmark),CSF 2.0 GV.OC-02 (benchmark),CSF 2.0 GV.OC-02 (Govern; Organizational Context),"Internal and external stakeholders are understood, and their needs and expectations regarding cybersecurity risk management are understood and considered",CSF 2.0 subcategory (voluntary),Yes (voluntary benchmark),GV.OC-02,PM-9; PM-30,PM-9; PM-18; PM-30; SR-3; SR-5; SR-6; SR-8,CSF 2.0 to SP 800-53: official NIST informative reference (SRC-OLIR-CSF-53) in column nist_official_sp800_53r5; key-control subset selected by the author,Not OT-specific,Medium,"Stakeholders are known: retail customers, contract growers and their lenders, the growers' association, H-2A workers, FDA, EPA, DOL, water management districts, the insurer, and the PE sponsor. Retail and grower expectations are captured in contracts and the 2026 SOC 2 request; worker privacy expectations are not recorded",EV-056 (retail supplier agreements); EV-057 (grower marketing agreements; growers' association letter 2026-05),Partially met,No maintained register of stakeholder security expectations,Low,"Stakeholder expectations section in this workbook, reviewed each July",vCISO,2026-12-31,None
G-003,NIST CSF 2.0 (voluntary benchmark),CSF 2.0 GV.OC-03 (benchmark),CSF 2.0 GV.OC-03 (Govern; Organizational Context),"Legal, regulatory, and contractual requirements regarding cybersecurity - including privacy and civil liberties obligations - are understood and managed",CSF 2.0 subcategory (voluntary),Yes (voluntary benchmark),GV.OC-03,PM-28; PL-2; SA-9,AC-1; AT-1; AU-1; CA-1; CM-1; CP-1; IA-1; IR-1; MA-1; MP-1; PE-1; PL-1; PM-1; PS-1; PT-1; RA-1; SA-1; SC-1; SI-1; SR-1; PM-28; PT family,CSF 2.0 to SP 800-53: official NIST informative reference (SRC-OLIR-CSF-53) in column nist_official_sp800_53r5; key-control subset selected by the author,Not OT-specific,High,"Legal, regulatory, and contractual requirements were identified in one place for the first time in this gap analysis (Produce Safety, FTR, H-2A, WPS, PACA, Fla. Stat. 501.171, PCI DSS by contract, retail and grower contracts). The contract register does not flag security or notice terms",P03 section 1; EV-048 (contract register); EV-071 (interview with outside general counsel 2026-07-21),Partially met,No maintained register; contract notice terms not tracked,Moderate,Keep this workbook as the requirements register; general counsel review each July; flag notice and security terms in the contract register,vCISO,2026-12-31,None
G-004,NIST CSF 2.0 (voluntary benchmark),CSF 2.0 GV.OC-04 (benchmark),CSF 2.0 GV.OC-04 (Govern; Organizational Context),"Critical objectives, capabilities, and services that external stakeholders depend on or expect from the organization are understood and communicated",CSF 2.0 subcategory (voluntary),Yes (voluntary benchmark),GV.OC-04,CP-2; PM-11,PM-8; PM-11; CP-2(8); PM-30(1); RA-9,CSF 2.0 to SP 800-53: official NIST informative reference (SRC-OLIR-CSF-53) in column nist_official_sp800_53r5; key-control subset selected by the author,Not OT-specific,Medium,"The BIA documents the services others depend on: retail delivery windows, grower alerts at 99.5% monthly availability, and the weekly settlement schedule. Top retail customers have not been told the company's continuity arrangements",P05 BIA; EV-057 (marketing agreement service schedule),Partially met,Continuity expectations not communicated to key customers,Low,Share continuity contacts and the downtime ordering procedure with the top 10 retail customers; publish grower service commitments in the portal,Director of Sales,2027-03-31,None
G-005,NIST CSF 2.0 (voluntary benchmark),CSF 2.0 GV.OC-05 (benchmark); SP 800-82r3 5.3.2,CSF 2.0 GV.OC-05 (Govern; Organizational Context),"Outcomes, capabilities, and services that the organization depends on are understood and communicated",CSF 2.0 subcategory (voluntary),Yes (voluntary benchmark),GV.OC-05,CP-2; SA-9; PM-11,PM-11; PM-30; RA-7; SA-9; SR-5,CSF 2.0 to SP 800-53: official NIST informative reference (SRC-OLIR-CSF-53) in column nist_official_sp800_53r5; key-control subset selected by the author,SP 800-82r3 5.3.2 Availability Considerations: integrator and power are OT dependencies,High,"Dependencies are documented in the BIA (FMIS vendor, SCADA integrator, pivot cloud, alarm service, utilities, carriers) but not managed: the FMIS vendor's RTO of 8 hours misses the 4-hour harvest RTO, Farm 2 has one internet circuit, and the integrator holds 31 of 68 PLC and HMI programs",P05 sections 5-6; EV-049 (FMIS SOC 2 report); EV-025 (PLC and HMI program inventory); EV-016 (Farm 2 single circuit),Partially met,Single points of failure in suppliers and links,High,FMIS recovery terms at the 2027 renewal (R-013); cellular backup at Farm 2 (R-042); company-held copies of all PLC and HMI programs (POAM-010),Chief Operating Officer,2027-06-30,None
G-006,NIST CSF 2.0 (voluntary benchmark),CSF 2.0 GV.RM-01 (benchmark),CSF 2.0 GV.RM-01 (Govern; Risk Management Strategy),Risk management objectives are established and agreed to by organizational stakeholders,CSF 2.0 subcategory (voluntary),Yes (voluntary benchmark),GV.RM-01,PM-9,PM-9; RA-7; SR-2,CSF 2.0 to SP 800-53: official NIST informative reference (SRC-OLIR-CSF-53) in column nist_official_sp800_53r5; key-control subset selected by the author,Not OT-specific,Medium,Risk management objectives are set in POL-01 (revised 2026-09-15) and in the risk appetite statements approved by the CEO and noted by the audit committee,P01 section 1; audit committee minutes 2026-09-15,Met,None,Very Low,None,vCISO,,None
G-007,NIST CSF 2.0 (voluntary benchmark),CSF 2.0 GV.RM-02 (benchmark); SP 800-82r3 4.1.1,CSF 2.0 GV.RM-02 (Govern; Risk Management Strategy),"Risk appetite and risk tolerance statements are established, communicated, and maintained",CSF 2.0 subcategory (voluntary),Yes (voluntary benchmark),GV.RM-02,PM-9,PM-9,CSF 2.0 to SP 800-53: official NIST informative reference (SRC-OLIR-CSF-53) in column nist_official_sp800_53r5; key-control subset selected by the author,SP 800-82r3 4.1.1 Framing OT Risk: safety risks treated separately,High,"Appetite statements cover food safety, crop protection, settlement integrity, worker data, records, third parties, AI, and financial loss; tolerance is set by risk level with named acceptance authorities",P01 section 1,Met,None,Very Low,None,Chief Executive Officer,,None
G-008,NIST CSF 2.0 (voluntary benchmark),CSF 2.0 GV.RM-03 (benchmark),CSF 2.0 GV.RM-03 (Govern; Risk Management Strategy),Cybersecurity risk management activities and outcomes are included in enterprise risk management processes,CSF 2.0 subcategory (voluntary),Yes (voluntary benchmark),GV.RM-03,PM-9; PM-3,PM-3; PM-9; PM-30; RA-7; SA-24; SR-2,CSF 2.0 to SP 800-53: official NIST informative reference (SRC-OLIR-CSF-53) in column nist_official_sp800_53r5; key-control subset selected by the author,Not OT-specific,Medium,Cyber risk rolls up as one line in the enterprise risk register (NIST IR 8286 Rev. 1) and was reported to the audit committee for the first time on 2026-09-15. The food safety hazard analysis and the cyber register are not cross-referenced,P01 section 5; enterprise risk register Q3 2026,Partially met,One quarter on record; food safety and cyber risks not linked,Low,"Cross-reference the food safety and worker safety hazard analyses with R-006, R-022, and R-050 at each annual review",vCISO,2027-03-31,None
G-009,NIST CSF 2.0 (voluntary benchmark),CSF 2.0 GV.RM-04 (benchmark),CSF 2.0 GV.RM-04 (Govern; Risk Management Strategy),Strategic direction that describes appropriate risk response options is established and communicated,CSF 2.0 subcategory (voluntary),Yes (voluntary benchmark),GV.RM-04,PM-9; PM-18,PM-9; PM-28; PM-30; SR-2,CSF 2.0 to SP 800-53: official NIST informative reference (SRC-OLIR-CSF-53) in column nist_official_sp800_53r5; key-control subset selected by the author,Not OT-specific,Low,"Response options (mitigate, accept, transfer, avoid) are defined; insurance is not counted as the treatment for safety-linked risks",P01 section 4,Met,None,Very Low,None,vCISO,,None
G-010,NIST CSF 2.0 (voluntary benchmark),CSF 2.0 GV.RM-05 (benchmark),CSF 2.0 GV.RM-05 (Govern; Risk Management Strategy),"Lines of communication across the organization are established for cybersecurity risks, including risks from suppliers and other third parties",CSF 2.0 subcategory (voluntary),Yes (voluntary benchmark),GV.RM-05,PM-9; SR-3,PM-9; PM-30,CSF 2.0 to SP 800-53: official NIST informative reference (SRC-OLIR-CSF-53) in column nist_official_sp800_53r5; key-control subset selected by the author,Not OT-specific,Medium,"The Security Manager reports to the CFO monthly and the vCISO to the audit committee quarterly. Irrigation, packinghouse, and Grower Services staff have no defined path to report cyber concerns such as unexplained setpoint or settlement changes","EV-068 (interviews with the Director of Irrigation, Packinghouse Manager, and 6 Irrigation Technicians 2026-07-14 to 2026-07-16)",Partially met,No escalation path from operations to security,Moderate,Escalation path in POL-03 and STD-04; monthly OT and Grower Services metrics to the Security Manager,Security Manager,2026-12-31,None
G-011,NIST CSF 2.0 (voluntary benchmark),CSF 2.0 GV.RM-06 (benchmark),CSF 2.0 GV.RM-06 (Govern; Risk Management Strategy),"A standardized method for calculating, documenting, categorizing, and prioritizing cybersecurity risks is established and communicated",CSF 2.0 subcategory (voluntary),Yes (voluntary benchmark),GV.RM-06,PM-9; RA-3,PM-9; PM-18; PM-28; PM-30; RA-3,CSF 2.0 to SP 800-53: official NIST informative reference (SRC-OLIR-CSF-53) in column nist_official_sp800_53r5; key-control subset selected by the author,Not OT-specific,Medium,SP 800-30 Rev. 1 Tables G-5 and I-2 are applied by script; semi-quantitative scores and exposure ranges support the enterprise roll-up,P01 section 2,Met,None,Very Low,None,Security Manager,,None
G-012,NIST CSF 2.0 (voluntary benchmark),CSF 2.0 GV.RM-07 (benchmark),CSF 2.0 GV.RM-07 (Govern; Risk Management Strategy),"Strategic opportunities (i.e., positive risks) are characterized and are included in organizational cybersecurity risk discussions",CSF 2.0 subcategory (voluntary),Yes (voluntary benchmark),GV.RM-07,PM-9,PM-9; PM-18; PM-28; PM-30; RA-3,CSF 2.0 to SP 800-53: official NIST informative reference (SRC-OLIR-CSF-53) in column nist_official_sp800_53r5; key-control subset selected by the author,Not OT-specific,Low,"Precision agriculture and AI opportunities are reflected in the Innovation and AI appetite statement, but positive risks are not recorded in the register",P01 section 1,Partially met,Opportunities not tracked,Low,Add an opportunities section at the July 2027 risk assessment,vCISO,2027-07-31,None
G-013,NIST CSF 2.0 (voluntary benchmark),CSF 2.0 GV.RR-01 (benchmark),"CSF 2.0 GV.RR-01 (Govern; Roles, Responsibilities, and Authorities)","Organizational leadership is responsible and accountable for cybersecurity risk and fosters a culture that is risk-aware, ethical, and continually improving",CSF 2.0 subcategory (voluntary),Yes (voluntary benchmark),GV.RR-01,PM-2; PM-29,PM-2; PM-19; PM-23; PM-24; PM-29,CSF 2.0 to SP 800-53: official NIST informative reference (SRC-OLIR-CSF-53) in column nist_official_sp800_53r5; key-control subset selected by the author,Not OT-specific,Medium,"The CEO approves the appetite and budget; the COO is executive sponsor and FMICP system owner; the audit committee oversees quarterly. The FY2027 security plan ($1.25 million one-time, $460,000 a year) was approved 2026-09-15",P01 section 4; board minutes 2026-09-15,Met,None,Very Low,None,Chief Executive Officer,,None
G-014,NIST CSF 2.0 (voluntary benchmark),CSF 2.0 GV.RR-02 (benchmark); SP 800-82r3 3.3.2,"CSF 2.0 GV.RR-02 (Govern; Roles, Responsibilities, and Authorities)","Roles, responsibilities, and authorities related to cybersecurity risk management are established, communicated, understood, and enforced",CSF 2.0 subcategory (voluntary),Yes (voluntary benchmark),GV.RR-02,PM-2; PS-9,PM-2; PM-13; PM-19; PM-23; PM-24; PM-29,CSF 2.0 to SP 800-53: official NIST informative reference (SRC-OLIR-CSF-53) in column nist_official_sp800_53r5; key-control subset selected by the author,"SP 800-82r3 3.3.2: cross-functional OT security team (Director of Irrigation and Water Resources, Packinghouse Manager, IT Director, SCADA integrator)",High,"The Security Manager is the designated security lead in writing (2024 memo) and the vCISO sets strategy. Responsibilities for packinghouse OT, grower portal application security, and AI were not assigned in writing at fieldwork",EV-034 (designation memo 2024); EV-004 (job descriptions); EV-072 (interviews),Partially met,"OT, application, and AI security roles undefined at fieldwork",Moderate,Role tables in POL-01 to POL-05 (approved 2026-09-15); monthly OT security working group,vCISO,2026-10-31,None
G-015,NIST CSF 2.0 (voluntary benchmark),CSF 2.0 GV.RR-03 (benchmark),"CSF 2.0 GV.RR-03 (Govern; Roles, Responsibilities, and Authorities)","Adequate resources are allocated commensurate with the cybersecurity risk strategy, roles, responsibilities, and policies",CSF 2.0 subcategory (voluntary),Yes (voluntary benchmark),GV.RR-03,PM-3,PM-3,CSF 2.0 to SP 800-53: official NIST informative reference (SRC-OLIR-CSF-53) in column nist_official_sp800_53r5; key-control subset selected by the author,Not OT-specific,Medium,"Security has 3 staff and a part-time vCISO for 600 staff at peak and about 2,900 OT devices. The FY2027 plan funds a second GRC analyst. OT security work depends on the SCADA integrator",EV-034 (organization chart); P01 section 4 (FY2027 budget),Partially met,OT security capacity depends on a vendor,Moderate,Hire the second GRC analyst; OT security training for 2 Irrigation Technicians; review staffing at the July 2027 assessment,Chief Financial Officer,2027-03-31,None
G-016,NIST CSF 2.0 (voluntary benchmark),CSF 2.0 GV.RR-04 (benchmark),"CSF 2.0 GV.RR-04 (Govern; Roles, Responsibilities, and Authorities)",Cybersecurity is included in human resources practices,CSF 2.0 subcategory (voluntary),Yes (voluntary benchmark),GV.RR-04,PS-1; PS-4; PS-7,PM-13; PS-1; PS-7; PS-9,CSF 2.0 to SP 800-53: official NIST informative reference (SRC-OLIR-CSF-53) in column nist_official_sp800_53r5; key-control subset selected by the author,Not OT-specific,High,"Background checks cover office, IT, and settlement staff. Terminations disable identity provider access the same day, but SYS-01 mobile accounts, SCADA accounts, badges, and pump-station keys are removed manually: 9 of 25 sampled leavers kept a SYS-01 mobile account for more than 30 days","EV-AC-2 and EV-PS-4 (termination sample 25 of 214, P07 AC-2 and PS-4); EV-004 (termination checklist)",Partially met,"HR process does not reach local, OT, and mobile accounts or keys",Moderate,"Termination checklist covers all local accounts, badges, and keys; season-end account sweep (POAM-001)",HR Director,2027-01-31,None
G-017,NIST CSF 2.0 (voluntary benchmark),CSF 2.0 GV.PO-01 (benchmark); SP 800-82r3 3.3.4,CSF 2.0 GV.PO-01 (Govern; Policy),"Policy for managing cybersecurity risks is established based on organizational context, cybersecurity strategy, and priorities and is communicated and enforced",CSF 2.0 subcategory (voluntary),Yes (voluntary benchmark),GV.PO-01,PL-1; PM-1,AC-1; AT-1; AU-1; CA-1; CM-1; CP-1; IA-1; IR-1; MA-1; MP-1; PE-1; PL-1; PM-1; PS-1; PT-1; RA-1; SA-1; SC-1; SI-1; SR-1,CSF 2.0 to SP 800-53: official NIST informative reference (SRC-OLIR-CSF-53) in column nist_official_sp800_53r5; key-control subset selected by the author,"SP 800-82r3 3.3.4: OT-specific policies needed (vendor remote access; changes to PLC logic, fertigation recipes, and ripening programs)",High,"The 5 policies were revised and approved 2026-09-15 (effective 2026-10-01) and now cover OT, vendors, and AI. Most supporting standards (configuration, OT, logging, vendor risk, secure development) are in draft",P06 policies and standards index,Partially met,Standards not yet issued (EV-033),Moderate,Issue the standards on the P06 schedule (R-039),Security Manager,2027-03-31,None
G-018,NIST CSF 2.0 (voluntary benchmark),CSF 2.0 GV.PO-02 (benchmark),CSF 2.0 GV.PO-02 (Govern; Policy),"Policy for managing cybersecurity risks is reviewed, updated, communicated, and enforced to reflect changes in requirements, threats, technology, and organizational mission",CSF 2.0 subcategory (voluntary),Yes (voluntary benchmark),GV.PO-02,PL-1; PM-1,AC-1; AT-1; AU-1; CA-1; CM-1; CP-1; IA-1; IR-1; MA-1; MP-1; PE-1; PL-1; PM-1; PS-1; PT-1; RA-1; SA-1; SC-1; SI-1; SR-1,CSF 2.0 to SP 800-53: official NIST informative reference (SRC-OLIR-CSF-53) in column nist_official_sp800_53r5; key-control subset selected by the author,Not OT-specific,Medium,Policies are reviewed annually and acknowledged by office staff in English and Spanish. Crew leads and Irrigation Technicians receive only the acceptable use summary at hire,"EV-037 (acknowledgment report 2026, 96% of office users; pre-season meeting agenda 2025)",Partially met,Policies not communicated to field roles in role terms,Low,Spanish summaries and a security segment at pre-season meetings; annual policy review each September,Security Manager,2026-11-30,None
G-019,NIST CSF 2.0 (voluntary benchmark),CSF 2.0 GV.OV-01 (benchmark),CSF 2.0 GV.OV-01 (Govern; Oversight),Cybersecurity risk management strategy outcomes are reviewed to inform and adjust strategy and direction,CSF 2.0 subcategory (voluntary),Yes (voluntary benchmark),GV.OV-01,PM-9; CA-7,AC-1; AT-1; AU-1; CA-1; CM-1; CP-1; IA-1; IR-1; MA-1; MP-1; PE-1; PL-1; PM-1; PS-1; PT-1; RA-1; SA-1; SC-1; SI-1; SR-1; PM-9; PM-18; PM-30; PM-31; RA-7; SR-6,CSF 2.0 to SP 800-53: official NIST informative reference (SRC-OLIR-CSF-53) in column nist_official_sp800_53r5; key-control subset selected by the author,Not OT-specific,Medium,Quarterly reporting to the audit committee started 2026-09-15. Five of 12 actions from the 2025 risk assessment were still open at the 2026 assessment,Audit committee minutes 2026-09-15; EV-035 (2025 action list),Partially met,Strategy outcomes reviewed for the first time in 2026; older actions not closed,Low,Quarterly POA&M and roadmap report to the audit committee,vCISO,2026-12-31,None
G-020,NIST CSF 2.0 (voluntary benchmark),CSF 2.0 GV.OV-02 (benchmark),CSF 2.0 GV.OV-02 (Govern; Oversight),The cybersecurity risk management strategy is reviewed and adjusted to ensure coverage of organizational requirements and risks,CSF 2.0 subcategory (voluntary),Yes (voluntary benchmark),GV.OV-02,PM-9,PM-9; PM-19; PM-30; PM-31; RA-7; SR-6,CSF 2.0 to SP 800-53: official NIST informative reference (SRC-OLIR-CSF-53) in column nist_official_sp800_53r5; key-control subset selected by the author,Not OT-specific,Low,"OT, Grower Services, and AI were added to the strategy in 2026. The PE growth plan includes acquiring neighboring farms, which the strategy does not address",EV-046 (PE sponsor 100-day plan); P01 R-049,Partially met,Acquisition integration not covered,Moderate,Acquisition security checklist and isolated onboarding network (R-049),vCISO,2027-06-30,None
G-021,NIST CSF 2.0 (voluntary benchmark),CSF 2.0 GV.OV-03 (benchmark),CSF 2.0 GV.OV-03 (Govern; Oversight),Organizational cybersecurity risk management performance is evaluated and reviewed for adjustments needed,CSF 2.0 subcategory (voluntary),Yes (voluntary benchmark),GV.OV-03,PM-6; CA-7,PM-4; PM-6; RA-7; SR-6,CSF 2.0 to SP 800-53: official NIST informative reference (SRC-OLIR-CSF-53) in column nist_official_sp800_53r5; key-control subset selected by the author,Not OT-specific,Low,"Monthly IT metrics (patching, scans, EDR health, phishing) go to the CFO and vCISO. No OT, vendor, or Grower Services metrics are collected",EV-030 (monthly security report 2026-06),Partially met,Performance not measured outside IT,Low,"Add OT, vendor, and settlement integrity metrics to the monthly report",Security Manager,2027-03-31,None
G-022,NIST CSF 2.0 (voluntary benchmark),CSF 2.0 GV.SC-01 (benchmark); SP 800-82r3 4.2.1,CSF 2.0 GV.SC-01 (Govern; Cybersecurity Supply Chain Risk Management),"A cybersecurity supply chain risk management program, strategy, objectives, policies, and processes are established and agreed to by organizational stakeholders",CSF 2.0 subcategory (voluntary),Yes (voluntary benchmark),GV.SC-01,SR-1; SR-2; PM-30,PM-30; SR-2; SR-3,CSF 2.0 to SP 800-53: official NIST informative reference (SRC-OLIR-CSF-53) in column nist_official_sp800_53r5; key-control subset selected by the author,SP 800-82r3 4.2.1 Supply Chain Risk Management,High,There is no supply chain risk strategy or program. Vendors are reviewed only at onboarding. A strategy and plan are planned in the vendor risk standard (P02 PM-30 and SR-2 Planned),EV-048 (vendor files); P02,Not met,No C-SCRM program while vendors hold standing access to OT,High,"STD-03 vendor risk standard with strategy, tiering, and annual Tier 1 reviews (POAM-016)",Security Manager,2026-12-31,None
G-023,NIST CSF 2.0 (voluntary benchmark),CSF 2.0 GV.SC-02 (benchmark); SP 800-82r3 6.1.5,CSF 2.0 GV.SC-02 (Govern; Cybersecurity Supply Chain Risk Management),"Cybersecurity roles and responsibilities for suppliers, customers, and partners are established, communicated, and coordinated internally and externally",CSF 2.0 subcategory (voluntary),Yes (voluntary benchmark),GV.SC-02,SR-3; PS-7,SR-2; SR-3; SR-5,CSF 2.0 to SP 800-53: official NIST informative reference (SRC-OLIR-CSF-53) in column nist_official_sp800_53r5; key-control subset selected by the author,SP 800-82r3 6.1.5,Medium,"Security roles are written into the MSSP and FMIS vendor contracts. The SCADA integrator, pivot manufacturer, refrigeration contractor, and development firm contracts define no security responsibilities","EV-080 (contract sample 20 of 110 vendors, 13 with no security or breach notice terms)",Partially met,Supplier security roles undefined for OT and code vendors,Moderate,Security responsibility schedule in the 4 contracts at renewal or by amendment (POAM-016),Security Manager,2026-12-31,None
G-024,NIST CSF 2.0 (voluntary benchmark),CSF 2.0 GV.SC-03 (benchmark),CSF 2.0 GV.SC-03 (Govern; Cybersecurity Supply Chain Risk Management),"Cybersecurity supply chain risk management is integrated into cybersecurity and enterprise risk management, risk assessment, and improvement processes",CSF 2.0 subcategory (voluntary),Yes (voluntary benchmark),GV.SC-03,SR-2; PM-9,AC-1; AT-1; AU-1; CA-1; CM-1; CP-1; IA-1; IR-1; MA-1; MP-1; PE-1; PL-1; PM-1; PS-1; PT-1; RA-1; SA-1; SC-1; SI-1; SR-1; PM-9; PM-18; PM-30; PM-31; SR-2; SR-3; RA-3; RA-7,CSF 2.0 to SP 800-53: official NIST informative reference (SRC-OLIR-CSF-53) in column nist_official_sp800_53r5; key-control subset selected by the author,Not OT-specific,Low,"Supplier risks appear in P01 (R-014, R-027, R-045) but are not assessed vendor by vendor; purchasing reviews only new SaaS",P01; EV-052 (purchasing procedure 2025),Partially met,Supplier risk not integrated vendor by vendor,Low,Carry vendor tiers and review results into the risk register and purchasing,Security Manager,2027-03-31,None
G-025,NIST CSF 2.0 (voluntary benchmark),CSF 2.0 GV.SC-04 (benchmark),CSF 2.0 GV.SC-04 (Govern; Cybersecurity Supply Chain Risk Management),Suppliers are known and prioritized by criticality,CSF 2.0 subcategory (voluntary),Yes (voluntary benchmark),GV.SC-04,SA-9; SR-6; RA-9,RA-9; SA-9; SR-6,CSF 2.0 to SP 800-53: official NIST informative reference (SRC-OLIR-CSF-53) in column nist_official_sp800_53r5; key-control subset selected by the author,Not OT-specific,High,"About 110 vendors are in accounts payable; 38 with data or system access were identified in 2026, and 14 were rated Tier 1 under the P09 tiering. Tiers are not yet used in purchasing","EV-047 (accounts payable vendor master); EV-048 (contract register, 38 vendors with data or system access); P09 Part B",Partially met,Tiering is new and not applied to all 38,Moderate,Apply tiers to all 38 vendors with access and record them in the vendor register (STD-03),Security Manager,2026-12-31,None
G-026,NIST CSF 2.0 (voluntary benchmark),CSF 2.0 GV.SC-05 (benchmark); SP 800-82r3 6.2.10,CSF 2.0 GV.SC-05 (Govern; Cybersecurity Supply Chain Risk Management),"Requirements to address cybersecurity risks in supply chains are established, prioritized, and integrated into contracts and other types of agreements with suppliers and other relevant third parties",CSF 2.0 subcategory (voluntary),Yes (voluntary benchmark),GV.SC-05,SA-4; SA-9; SR-3; SR-5,SA-4; SA-9; SR-3; SR-5; SR-6; SR-10,CSF 2.0 to SP 800-53: official NIST informative reference (SRC-OLIR-CSF-53) in column nist_official_sp800_53r5; key-control subset selected by the author,SP 800-82r3 6.2.10 Remote Access,High,"Security terms exist in the MSSP and FMIS contracts. The SCADA integrator (shared remote account), pivot manufacturer, refrigeration contractor, development firm, and agronomy analytics vendor have no security, access, or breach notice terms",EV-080 (contract sample 20 of 110); EV-048 (integrator services agreement); P02 section 8,Partially met,Requirements not in contracts for vendors with OT or code access,High,"Security schedule (named accounts, MFA, brokered access, breach notice within 72 hours, secure development) in 5 contracts (POAM-003, POAM-016)",Security Manager,2026-12-31,None
G-027,NIST CSF 2.0 (voluntary benchmark),CSF 2.0 GV.SC-06 (benchmark),CSF 2.0 GV.SC-06 (Govern; Cybersecurity Supply Chain Risk Management),Planning and due diligence are performed to reduce risks before entering into formal supplier or other third-party relationships,CSF 2.0 subcategory (voluntary),Yes (voluntary benchmark),GV.SC-06,SA-4; SR-6,SA-4; SA-9; SR-5; SR-6,CSF 2.0 to SP 800-53: official NIST informative reference (SRC-OLIR-CSF-53) in column nist_official_sp800_53r5; key-control subset selected by the author,Not OT-specific,Medium,"Purchasing has required a security review for new SaaS since 2025. Pivots, sensors, graders, and the agronomy analytics service were bought without one",EV-052 (purchasing records 2025-2026),Partially met,"No due diligence for OT, equipment, and AI suppliers",Moderate,"Purchasing gate for OT, equipment, and AI suppliers (STD-03, STD-05)",Chief Financial Officer,2026-12-31,None
G-028,NIST CSF 2.0 (voluntary benchmark),CSF 2.0 GV.SC-07 (benchmark),CSF 2.0 GV.SC-07 (Govern; Cybersecurity Supply Chain Risk Management),"The risks posed by a supplier, their products and services, and other third parties are understood, recorded, prioritized, assessed, responded to, and monitored over the course of the relationship",CSF 2.0 subcategory (voluntary),Yes (voluntary benchmark),GV.SC-07,SA-9; SR-6; RA-3,RA-9; SA-4; SA-9; SR-3; SR-6,CSF 2.0 to SP 800-53: official NIST informative reference (SRC-OLIR-CSF-53) in column nist_official_sp800_53r5; key-control subset selected by the author,Not OT-specific,High,"SOC 2 reviews were completed in 2026 for 4 of 14 Tier 1 vendors (FMIS, MSSP, identity provider, cloud provider). The other 10 have not been reassessed since onboarding",P09 vendor-soc2-review.csv,Partially met,10 Tier 1 vendors not reviewed,Moderate,Annual Tier 1 reviews; remaining 10 by 2027-03-31 (POAM-016),Security Manager,2027-03-31,None
G-029,NIST CSF 2.0 (voluntary benchmark),CSF 2.0 GV.SC-08 (benchmark); SP 800-82r3 3.3.8,CSF 2.0 GV.SC-08 (Govern; Cybersecurity Supply Chain Risk Management),"Relevant suppliers and other third parties are included in incident planning, response, and recovery activities",CSF 2.0 subcategory (voluntary),Yes (voluntary benchmark),GV.SC-08,IR-4; IR-8; SR-8,SA-4; SA-9; SR-2; SR-3; SR-8; CP-1; IR-1,CSF 2.0 to SP 800-53: official NIST informative reference (SRC-OLIR-CSF-53) in column nist_official_sp800_53r5; key-control subset selected by the author,SP 800-82r3 3.3.8,High,"The MSSP and the insurer's panel are in the 2024 IT incident plan. The SCADA integrator, FMIS vendor, pivot manufacturer, refrigeration contractor, and alarm service were added in the P08 runbooks (2026-09-15) but have not exercised with the company",EV-038 (2024 IT incident plan); P08 runbooks,Partially met,Key OT and SaaS suppliers untested in incident response,Moderate,Include the integrator and FMIS vendor in the 2026-11-10 and 2027-01-20 tabletops (POAM-014),Security Manager,2027-01-31,None
G-030,NIST CSF 2.0 (voluntary benchmark),CSF 2.0 GV.SC-09 (benchmark),CSF 2.0 GV.SC-09 (Govern; Cybersecurity Supply Chain Risk Management),"Supply chain security practices are integrated into cybersecurity and enterprise risk management programs, and their performance is monitored throughout the technology product and service life cycle",CSF 2.0 subcategory (voluntary),Yes (voluntary benchmark),GV.SC-09,SR-6; SA-9,PM-9; PM-19; PM-28; PM-30; PM-31; RA-3; RA-7; SA-4; SA-9; SR-2; SR-3; SR-5; SR-6,CSF 2.0 to SP 800-53: official NIST informative reference (SRC-OLIR-CSF-53) in column nist_official_sp800_53r5; key-control subset selected by the author,Not OT-specific,Low,"Vendor risk is part of the enterprise roll-up, but vendor performance against security terms is not monitored",P01 section 5,Partially met,No supplier performance monitoring,Low,Tier 1 vendor scorecard in the quarterly report,Security Manager,2027-06-30,None
G-031,NIST CSF 2.0 (voluntary benchmark),CSF 2.0 GV.SC-10 (benchmark),CSF 2.0 GV.SC-10 (Govern; Cybersecurity Supply Chain Risk Management),Cybersecurity supply chain risk management plans include provisions for activities that occur after the conclusion of a partnership or service agreement,CSF 2.0 subcategory (voluntary),Yes (voluntary benchmark),GV.SC-10,SA-9; SR-12,PM-31; RA-3; RA-5; RA-7; SA-4; SA-9; SR-2; SR-3; SR-5; SR-6,CSF 2.0 to SP 800-53: official NIST informative reference (SRC-OLIR-CSF-53) in column nist_official_sp800_53r5; key-control subset selected by the author,Not OT-specific,Low,"Contracts have no exit provisions for data return, deletion, or access removal. The agronomy analytics vendor keeps imagery indefinitely under click-through terms",EV-080 (contract sample 20 of 110); EV-048 (agronomy vendor terms),Not met,No end-of-relationship provisions,Moderate,Exit and deletion terms in STD-03 and at each renewal (R-028),Security Manager,2027-06-30,None
G-032,NIST CSF 2.0 (voluntary benchmark),CSF 2.0 ID.AM-01 (benchmark); SP 800-82r3 6.1.1,CSF 2.0 ID.AM-01 (Identify; Asset Management),Inventories of hardware managed by the organization are maintained,CSF 2.0 subcategory (voluntary),Yes (voluntary benchmark),ID.AM-01,CM-8,CM-8; PM-5,CSF 2.0 to SP 800-53: official NIST informative reference (SRC-OLIR-CSF-53) in column nist_official_sp800_53r5; key-control subset selected by the author,SP 800-82r3 6.1.1 Asset Management: OT inventory by passive methods,High,"IT hardware inventory is complete through EDR and MDM. The OT and IoT inventory covers about 1,600 of about 2,900 devices (55%); field sensor and valve counts come from installer invoices",EV-012 (CMDB export 2026-07); EV-013 (OT inventory spreadsheet); EV-014 (installer invoices); EV-CM-8 (P07 CM-8),Partially met,"OT inventory incomplete (EV-013, EV-014)",Moderate,Passive OT discovery and a field audit of pump stations (POAM-008),IT Director,2026-12-31,None
G-033,NIST CSF 2.0 (voluntary benchmark),CSF 2.0 ID.AM-02 (benchmark); SP 800-82r3 6.1.1,CSF 2.0 ID.AM-02 (Identify; Asset Management),"Inventories of software, services, and systems managed by the organization are maintained",CSF 2.0 subcategory (voluntary),Yes (voluntary benchmark),ID.AM-02,CM-8; CM-10,AC-20; CM-8; PM-5; SA-5; SA-9,CSF 2.0 to SP 800-53: official NIST informative reference (SRC-OLIR-CSF-53) in column nist_official_sp800_53r5; key-control subset selected by the author,SP 800-82r3 6.1.1,High,"Software and SaaS are inventoried for IT. SCADA software, PLC firmware, HMI operating systems, and grader software versions are not recorded. Five AI tools adopted by departments were unknown to IT until 2026",EV-012 (CMDB export); EV-065 (AI tool discovery); P10 inventory,Partially met,OT software and departmental SaaS not inventoried,Moderate,Add OT software and firmware to the inventory; SaaS discovery through the identity provider and expense reports,IT Director,2027-03-31,None
G-034,NIST CSF 2.0 (voluntary benchmark),CSF 2.0 ID.AM-03 (benchmark); SP 800-82r3 5.2.3,CSF 2.0 ID.AM-03 (Identify; Asset Management),Representations of the organization's authorized network communication and internal and external network data flows are maintained,CSF 2.0 subcategory (voluntary),Yes (voluntary benchmark),ID.AM-03,AC-4; PL-8; CA-3,AC-4; CA-3; CA-9; PL-2; PL-8; PM-7,CSF 2.0 to SP 800-53: official NIST informative reference (SRC-OLIR-CSF-53) in column nist_official_sp800_53r5; key-control subset selected by the author,SP 800-82r3 5.2.3 Network Security,High,"Network and data flow diagrams exist for headquarters, the packinghouse, and the cloud (P04). Farm 1 and Farm 2 pump-station diagrams are out of date; flows to the pivot cloud, alarm service, and contract growers' gateways were first documented in P02",P04 diagram; P02 section 8; EV-069 (walk-through 2026-07-16),Partially met,Diagrams incomplete for farm OT,Moderate,Zones-and-conduits diagrams for all sites (P02 PL-8 target architecture),IT Director,2027-03-31,None
G-035,NIST CSF 2.0 (voluntary benchmark),CSF 2.0 ID.AM-04 (benchmark),CSF 2.0 ID.AM-04 (Identify; Asset Management),Inventories of services provided by suppliers are maintained,CSF 2.0 subcategory (voluntary),Yes (voluntary benchmark),ID.AM-04,SA-9; SA-5,AC-20; SA-9; SR-2,CSF 2.0 to SP 800-53: official NIST informative reference (SRC-OLIR-CSF-53) in column nist_official_sp800_53r5; key-control subset selected by the author,Not OT-specific,Medium,Supplier services appear in accounts payable and the P02 interconnection table; there is no single inventory of services with the data each one holds,P02 section 8; EV-047 (vendor list),Partially met,No consolidated supplier service inventory,Low,"Vendor register with services, data types, and tier (STD-03)",Security Manager,2026-12-31,None
G-036,NIST CSF 2.0 (voluntary benchmark),CSF 2.0 ID.AM-05 (benchmark),CSF 2.0 ID.AM-05 (Identify; Asset Management),"Assets are prioritized based on classification, criticality, resources, and impact on the mission",CSF 2.0 subcategory (voluntary),Yes (voluntary benchmark),ID.AM-05,RA-2; RA-9; CP-2,RA-3; RA-9; RA-2,CSF 2.0 to SP 800-53: official NIST informative reference (SRC-OLIR-CSF-53) in column nist_official_sp800_53r5; key-control subset selected by the author,Not OT-specific,Medium,Assets are prioritized by BIA criticality and recovery order (P05) and by the FIPS 199 categorization of the FMICP (P02),P05 section 7; P02 section 6,Met,None,Very Low,None,Security Manager,,None
G-037,NIST CSF 2.0 (voluntary benchmark),CSF 2.0 ID.AM-07 (benchmark),CSF 2.0 ID.AM-07 (Identify; Asset Management),Inventories of data and corresponding metadata for designated data types are maintained,CSF 2.0 subcategory (voluntary),Yes (voluntary benchmark),ID.AM-07,CM-12; CM-13; RA-2,CM-12; CM-13; SI-12,CSF 2.0 to SP 800-53: official NIST informative reference (SRC-OLIR-CSF-53) in column nist_official_sp800_53r5; key-control subset selected by the author,Not OT-specific,High,"There is no inventory of where personal information and regulated records live: biometric templates on 14 time clocks, the personnel share, HR exports in the productivity suite, operator geolocation in telematics, and grower bank details","EV-072 (interviews with HR Director and IT Director); EV-041 (data inventory request); EV-074 (file share scan 2026-07-22, 1,140 files with Social Security or passport numbers)",Not met,No data inventory (EV-041),High,Data inventory of Restricted data and regulated records (POL-04 4.4),Security Manager,2026-12-31,None
G-038,NIST CSF 2.0 (voluntary benchmark),CSF 2.0 ID.AM-08 (benchmark); SP 800-82r3 5.2.4,CSF 2.0 ID.AM-08 (Identify; Asset Management),"Systems, hardware, software, services, and data are managed throughout their life cycles",CSF 2.0 subcategory (voluntary),Yes (voluntary benchmark),ID.AM-08,SA-22; MP-6; CM-8,CM-9; CM-13; MA-2; MA-6; PL-2; PM-22; PM-23; SA-3; SA-4; SA-8; SA-22; SI-12; SI-18; SR-5; SR-12,CSF 2.0 to SP 800-53: official NIST informative reference (SRC-OLIR-CSF-53) in column nist_official_sp800_53r5; key-control subset selected by the author,SP 800-82r3 5.2.4 Hardware Security,Medium,IT assets are managed through their life cycle. Two HMIs run an unsupported operating system; replaced HMIs and line PCs are returned to vendors without wiping; biometric templates and personnel files have no retention rule,"P02 SA-22, MP-6, SI-12",Partially met,Life-cycle gaps for OT and personal data,Moderate,HMI replacement (POAM-021); sanitization for OT media; retention schedule (POAM-022),IT Director,2027-06-30,None
G-039,NIST CSF 2.0 (voluntary benchmark),CSF 2.0 ID.RA-01 (benchmark); SP 800-82r3 6.1.3,CSF 2.0 ID.RA-01 (Identify; Risk Assessment),"Vulnerabilities in assets are identified, validated, and recorded",CSF 2.0 subcategory (voluntary),Yes (voluntary benchmark),ID.RA-01,RA-5; CA-8,CA-2; CA-7; CA-8; RA-3; RA-5; SA-11(2); SA-15(7); SA-15(8); SI-4; SI-5,CSF 2.0 to SP 800-53: official NIST informative reference (SRC-OLIR-CSF-53) in column nist_official_sp800_53r5; key-control subset selected by the author,SP 800-82r3 6.1.3: avoid active scanning of live PLCs; scan in a maintenance window,High,IT systems get quarterly authenticated scans and the grower portal an annual penetration test (2025-11). OT vulnerabilities are not identified,EV-017 (scan reports Q1-Q2 2026); EV-019 (penetration test report 2025-11); EV-RA-5 (P07 RA-5),Partially met,No OT vulnerability identification,Moderate,Monthly IT scans; passive OT vulnerability identification and ICS advisory matching (POAM-019),Security Manager,2027-03-31,None
G-040,NIST CSF 2.0 (voluntary benchmark),CSF 2.0 ID.RA-02 (benchmark),CSF 2.0 ID.RA-02 (Identify; Risk Assessment),Cyber threat intelligence is received from information sharing forums and sources,CSF 2.0 subcategory (voluntary),Yes (voluntary benchmark),ID.RA-02,PM-16; SI-5,SI-5; PM-15; PM-16,CSF 2.0 to SP 800-53: official NIST informative reference (SRC-OLIR-CSF-53) in column nist_official_sp800_53r5; key-control subset selected by the author,Not OT-specific,Medium,"The security team receives CISA advisories (including ICS advisories), FMIS and SCADA vendor bulletins, and MSSP threat reports, and logs actions taken",EV-031 (advisory log 2026),Met,None,Very Low,None,Security Manager,,None
G-041,NIST CSF 2.0 (voluntary benchmark),CSF 2.0 ID.RA-03 (benchmark); SP 800-82r3 Appendix C,CSF 2.0 ID.RA-03 (Identify; Risk Assessment),Internal and external threats to the organization are identified and recorded,CSF 2.0 subcategory (voluntary),Yes (voluntary benchmark),ID.RA-03,RA-3; PM-16,PM-12; PM-16; RA-3; SI-5,CSF 2.0 to SP 800-53: official NIST informative reference (SRC-OLIR-CSF-53) in column nist_official_sp800_53r5; key-control subset selected by the author,SP 800-82r3 Appendix C,Medium,Threats are recorded in P01 using SP 800-30 Appendices D and E and SP 800-82 Rev. 3 Appendix C,P01 risk register (50 risks),Met,None,Very Low,None,Security Manager,,None
G-042,NIST CSF 2.0 (voluntary benchmark),CSF 2.0 ID.RA-04 (benchmark),CSF 2.0 ID.RA-04 (Identify; Risk Assessment),Potential impacts and likelihoods of threats exploiting vulnerabilities are identified and recorded,CSF 2.0 subcategory (voluntary),Yes (voluntary benchmark),ID.RA-04,RA-3,PM-9; PM-11; RA-2; RA-3; RA-8; RA-9,CSF 2.0 to SP 800-53: official NIST informative reference (SRC-OLIR-CSF-53) in column nist_official_sp800_53r5; key-control subset selected by the author,Not OT-specific,Medium,Likelihood and impact are rated for each risk with SP 800-30 Tables G-5 and I-2,P01 section 2,Met,None,Very Low,None,Security Manager,,None
G-043,NIST CSF 2.0 (voluntary benchmark),CSF 2.0 ID.RA-05 (benchmark),CSF 2.0 ID.RA-05 (Identify; Risk Assessment),"Threats, vulnerabilities, likelihoods, and impacts are used to understand inherent risk and inform risk response prioritization",CSF 2.0 subcategory (voluntary),Yes (voluntary benchmark),ID.RA-05,RA-3; PM-9,PM-16; RA-2; RA-3; RA-7,CSF 2.0 to SP 800-53: official NIST informative reference (SRC-OLIR-CSF-53) in column nist_official_sp800_53r5; key-control subset selected by the author,Not OT-specific,Medium,"Risk levels, semi-quantitative scores, and exposure ranges are used to prioritize the FY2027 plan",P01 sections 3-4,Met,None,Very Low,None,Security Manager,,None
G-044,NIST CSF 2.0 (voluntary benchmark),CSF 2.0 ID.RA-06 (benchmark),CSF 2.0 ID.RA-06 (Identify; Risk Assessment),"Risk responses are chosen, prioritized, planned, tracked, and communicated",CSF 2.0 subcategory (voluntary),Yes (voluntary benchmark),ID.RA-06,CA-5; PM-4,PM-9; PM-18; PM-30; RA-7,CSF 2.0 to SP 800-53: official NIST informative reference (SRC-OLIR-CSF-53) in column nist_official_sp800_53r5; key-control subset selected by the author,Not OT-specific,Medium,"Every risk has an owner, treatment, and due date, and the POA&M is reported quarterly from 2026-09. Closure tracking of earlier actions was weak",P01; P07 poam.csv; EV-035 (2025 action list),Partially met,Closure of earlier actions not tracked,Low,Quarterly POA&M review by the COO,Security Manager,2026-12-31,None
G-045,NIST CSF 2.0 (voluntary benchmark),CSF 2.0 ID.RA-07 (benchmark); SP 800-82r3 6.2.4,CSF 2.0 ID.RA-07 (Identify; Risk Assessment),"Changes and exceptions are managed, assessed for risk impact, recorded, and tracked",CSF 2.0 subcategory (voluntary),Yes (voluntary benchmark),ID.RA-07,CM-3; CM-4,CA-7; CM-3; CM-4,CSF 2.0 to SP 800-53: official NIST informative reference (SRC-OLIR-CSF-53) in column nist_official_sp800_53r5; key-control subset selected by the author,SP 800-82r3 6.2.4: configuration change control for OT,High,"IT changes go through a weekly change meeting. PLC logic, HMI screens, fertigation recipes, ripening programs, and settlement calculation changes have no change records or second reviewer: 10 settlement code changes in 12 months had no company approval, and no OT change records exist",EV-021 (change log 2025-07 to 2026-06); EV-053 (deployment history of the settlement service); EV-CM-3 (P07 CM-3),Partially met,"No change control for OT and settlement logic (EV-021, EV-053)",Moderate,OT change log approved by the owners (POAM-007); company approval gate for settlement code (POAM-017),Director of Irrigation and Water Resources,2027-03-31,None
G-046,NIST CSF 2.0 (voluntary benchmark),CSF 2.0 ID.RA-08 (benchmark),CSF 2.0 ID.RA-08 (Identify; Risk Assessment),"Processes for receiving, analyzing, and responding to vulnerability disclosures are established",CSF 2.0 subcategory (voluntary),Yes (voluntary benchmark),ID.RA-08,RA-5; SI-5,RA-5,CSF 2.0 to SP 800-53: official NIST informative reference (SRC-OLIR-CSF-53) in column nist_official_sp800_53r5; key-control subset selected by the author,Not OT-specific,Low,The grower portal has no security contact or vulnerability disclosure process,EV-076 (portal review 2026-07-20),Not met,No disclosure process,Low,Security contact and disclosure page for the portal,Vice President of Grower Services,2027-03-31,None
G-047,NIST CSF 2.0 (voluntary benchmark),CSF 2.0 ID.RA-09 (benchmark); SP 800-82r3 5.2.4,CSF 2.0 ID.RA-09 (Identify; Risk Assessment),The authenticity and integrity of hardware and software are assessed prior to acquisition and use,CSF 2.0 subcategory (voluntary),Yes (voluntary benchmark),ID.RA-09,SR-4; SR-11; SI-7,SA-4; SA-5; SA-10; SA-11; SA-15; SA-17; SI-7; SR-5; SR-6; SR-10; SR-11,CSF 2.0 to SP 800-53: official NIST informative reference (SRC-OLIR-CSF-53) in column nist_official_sp800_53r5; key-control subset selected by the author,SP 800-82r3 5.2.4,Low,IT software comes from approved sources. PLC firmware and HMI updates arrive from the integrator on USB media without integrity verification,EV-070 (interview with the SCADA integrator 2026-07-17),Partially met,No integrity check of OT updates,Low,Hash verification of vendor media (STD-04),Director of Irrigation and Water Resources,2027-03-31,None
G-048,NIST CSF 2.0 (voluntary benchmark),CSF 2.0 ID.RA-10 (benchmark),CSF 2.0 ID.RA-10 (Identify; Risk Assessment),Critical suppliers are assessed prior to acquisition,CSF 2.0 subcategory (voluntary),Yes (voluntary benchmark),ID.RA-10,SA-4; SR-6,SR-6,CSF 2.0 to SP 800-53: official NIST informative reference (SRC-OLIR-CSF-53) in column nist_official_sp800_53r5; key-control subset selected by the author,Not OT-specific,Medium,New SaaS suppliers are assessed before contract; OT and AI suppliers are not,EV-052 (purchasing records 2025-2026),Partially met,Critical OT and AI suppliers not assessed before acquisition,Moderate,"Pre-contract assessment for all Tier 1 suppliers, including OT (STD-03)",Security Manager,2026-12-31,None
G-049,NIST CSF 2.0 (voluntary benchmark),CSF 2.0 ID.IM-01 (benchmark),CSF 2.0 ID.IM-01 (Identify; Improvement),Improvements are identified from evaluations,CSF 2.0 subcategory (voluntary),Yes (voluntary benchmark),ID.IM-01,CA-2; CA-5; PM-4,AC-1; AT-1; AU-1; CA-1; CM-1; CP-1; IA-1; IR-1; MA-1; MP-1; PE-1; PL-1; PM-1; PS-1; PT-1; RA-1; SA-1; SC-1; SI-1; SR-1; CA-2; CA-5; CA-7; CA-8; CP-2; IR-4; IR-8; PL-2; RA-3; RA-5; RA-7; SA-8; SA-11; SA-17(6); SI-2; SI-4; SR-5,CSF 2.0 to SP 800-53: official NIST informative reference (SRC-OLIR-CSF-53) in column nist_official_sp800_53r5; key-control subset selected by the author,Not OT-specific,Medium,"The annual IT audit and the 2026 control assessment (P07), which covered OT for the first time, identify improvements that are tracked in the POA&M",EV-036 (2025 internal IT audit); P07 assessment-plan.md; POA&M (24 items),Met,None,Very Low,None,vCISO,,None
G-050,NIST CSF 2.0 (voluntary benchmark),CSF 2.0 ID.IM-02 (benchmark); SP 800-82r3 3.3.8,CSF 2.0 ID.IM-02 (Identify; Improvement),"Improvements are identified from security tests and exercises, including those done in coordination with suppliers and relevant third parties",CSF 2.0 subcategory (voluntary),Yes (voluntary benchmark),ID.IM-02,IR-3; CP-4; CA-8,AC-1; AT-1; AU-1; CA-1; CM-1; CP-1; IA-1; IR-1; MA-1; MP-1; PE-1; PL-1; PM-1; PS-1; PT-1; RA-1; SA-1; SC-1; SI-1; SR-1; CA-2; CA-5; CA-7; CA-8; CP-2; CP-4; IR-3; IR-4; IR-8; PL-2; PM-4; PM-31; RA-3; RA-5; RA-7; SA-8; SA-11; SI-2; SI-4; SR-5,CSF 2.0 to SP 800-53: official NIST informative reference (SRC-OLIR-CSF-53) in column nist_official_sp800_53r5; key-control subset selected by the author,SP 800-82r3 3.3.8,High,"The grower portal has an annual penetration test. No incident or recovery exercise has been held in 2 years, and restore tests cover file services only",EV-019 (penetration test report 2025-11); EV-024 (restore test log 2026); EV-038 (no exercise record),Partially met,Response and recovery capabilities never exercised,High,"Tabletops 2026-11-10 and 2027-01-20; quarterly restore tests including SCADA (POAM-011, POAM-014)",Security Manager,2027-03-31,None
G-051,NIST CSF 2.0 (voluntary benchmark),CSF 2.0 ID.IM-03 (benchmark),CSF 2.0 ID.IM-03 (Identify; Improvement),"Improvements are identified from execution of operational processes, procedures, and activities",CSF 2.0 subcategory (voluntary),Yes (voluntary benchmark),ID.IM-03,CA-7; PM-4,AC-1; AT-1; AU-1; CA-1; CM-1; CP-1; IA-1; IR-1; MA-1; MP-1; PE-1; PL-1; PM-1; PS-1; PT-1; RA-1; SA-1; SC-1; SI-1; SR-1; CA-2; CA-5; CA-7; CA-8; CP-2; IR-4; IR-8; PL-2; PM-4; PM-31; RA-3; RA-5; RA-7; SA-4; SA-8; SA-11; SI-2; SI-4; SR-5,CSF 2.0 to SP 800-53: official NIST informative reference (SRC-OLIR-CSF-53) in column nist_official_sp800_53r5; key-control subset selected by the author,Not OT-specific,Low,Two mock recalls a year improve traceability. Lessons from the 22 IT incidents in the last 12 months were not consistently recorded,EV-043 (mock recall reports 2025-11 and 2026-04); EV-080 (incident sample 10 of 22),Partially met,Operational lessons not captured for IT incidents,Low,Required lessons-learned field for severity 1 and 2 incidents,Security Manager,2026-12-31,None
G-052,NIST CSF 2.0 (voluntary benchmark),CSF 2.0 ID.IM-04 (benchmark); SP 800-82r3 3.3.8,CSF 2.0 ID.IM-04 (Identify; Improvement),"Incident response plans and other cybersecurity plans that affect operations are established, communicated, maintained, and improved",CSF 2.0 subcategory (voluntary),Yes (voluntary benchmark),ID.IM-04,IR-8; CP-2,CP-2; IR-8; PL-2; SR-2,CSF 2.0 to SP 800-53: official NIST informative reference (SRC-OLIR-CSF-53) in column nist_official_sp800_53r5; key-control subset selected by the author,SP 800-82r3 3.3.8,High,"An IT incident response plan and an IT disaster recovery plan (2024) exist. Neither covers SCADA, the packinghouse, freeze protection, or Grower Services. The P08 runbooks (2026-09-15) are not exercised and STD-07 is in draft",EV-038 (IT plans 2024); P08; P06 standards index,Partially met,Plans do not cover operations,High,Contingency plan covering OT and Grower Services (POAM-009); exercise the runbooks (POAM-014),IT Director,2026-12-31,None
G-053,NIST CSF 2.0 (voluntary benchmark),CSF 2.0 PR.AA-01 (benchmark); SP 800-82r3 6.2.1,"CSF 2.0 PR.AA-01 (Protect; Identity Management, Authentication, and Access Control)","Identities and credentials for authorized users, services, and hardware are managed by the organization",CSF 2.0 subcategory (voluntary),Yes (voluntary benchmark),PR.AA-01,IA-2; IA-4; IA-5; AC-2,AC-1; AC-2; AC-14; IA-1; IA-2; IA-3; IA-4; IA-5; IA-6; IA-7; IA-8; IA-9; IA-10; IA-11,CSF 2.0 to SP 800-53: official NIST informative reference (SRC-OLIR-CSF-53) in column nist_official_sp800_53r5; key-control subset selected by the author,SP 800-82r3 6.2.1: shared OT accounts need compensating controls where named accounts are not supported,High,"Office identities come from the HR system through the identity provider. Crew lead tablets use 6 shared SYS-01 logins, the SCADA integrator uses 1 shared account, and 2 HMIs use a shared operator login",EV-007 (SYS-01 user list); EV-008 (SCADA account list); EV-IA-2 (P07 IA-2),Partially met,"Shared accounts on records and OT systems (EV-007, EV-008)",High,Named crew accounts with tablet PINs (POAM-001); remove the integrator's shared account (POAM-003),IT Director,2026-12-31,None
G-054,NIST CSF 2.0 (voluntary benchmark),CSF 2.0 PR.AA-02 (benchmark),"CSF 2.0 PR.AA-02 (Protect; Identity Management, Authentication, and Access Control)",Identities are proofed and bound to credentials based on the context of interactions,CSF 2.0 subcategory (voluntary),Yes (voluntary benchmark),PR.AA-02,IA-12,IA-12,CSF 2.0 to SP 800-53: official NIST informative reference (SRC-OLIR-CSF-53) in column nist_official_sp800_53r5; key-control subset selected by the author,Not OT-specific,Low,"Office staff are identity-proofed at hire and H-2A workers through program documents. Grower portal users are verified by email only, and bank detail changes are accepted by email","EV-011 (portal registration process); EV-079 (bank change requests sample 10, 2026)",Partially met,Grower identity not verified for bank detail changes (R-010),Moderate,Call-back verification for all bank detail changes; portal bank changes require MFA and a 48-hour hold,Controller,2026-12-31,None
G-055,NIST CSF 2.0 (voluntary benchmark),CSF 2.0 PR.AA-03 (benchmark); SP 800-82r3 6.2.10,"CSF 2.0 PR.AA-03 (Protect; Identity Management, Authentication, and Access Control)","Users, services, and hardware are authenticated",CSF 2.0 subcategory (voluntary),Yes (voluntary benchmark),PR.AA-03,IA-2; IA-2(1); IA-2(2); IA-8,AC-7; AC-12; IA-2; IA-3; IA-5; IA-7; IA-8; IA-9; IA-10; IA-11,CSF 2.0 to SP 800-53: official NIST informative reference (SRC-OLIR-CSF-53) in column nist_official_sp800_53r5; key-control subset selected by the author,SP 800-82r3 6.2.10,High,"MFA covers office users, cloud administrators, the SYS-01 web console, and the VPN. SCADA engineer accounts and the integrator have no MFA; grower portal MFA is optional (31% enrolled); push MFA is open to adversary-in-the-middle phishing",EV-002 (conditional access policy); EV-IA-2(1) (P07 IA-2(1) test); EV-011 (portal MFA report),Partially met,No MFA for OT and most growers,High,MFA at the access broker for OT (POAM-003); phishing-resistant MFA for administrators (POAM-002); required grower MFA for settlement functions (R-011),Security Manager,2027-03-31,None
G-056,NIST CSF 2.0 (voluntary benchmark),CSF 2.0 PR.AA-04 (benchmark),"CSF 2.0 PR.AA-04 (Protect; Identity Management, Authentication, and Access Control)","Identity assertions are protected, conveyed, and verified",CSF 2.0 subcategory (voluntary),Yes (voluntary benchmark),PR.AA-04,IA-2; SC-23,IA-13,CSF 2.0 to SP 800-53: official NIST informative reference (SRC-OLIR-CSF-53) in column nist_official_sp800_53r5; key-control subset selected by the author,Not OT-specific,Low,"SYS-01 web, the cloud accounts, the ERP, and the SYS-12 staff console use federated sign-on with signed assertions from the identity provider",EV-001 (identity provider application list),Met,None,Very Low,None,IT Director,,None
G-057,NIST CSF 2.0 (voluntary benchmark),CSF 2.0 PR.AA-05 (benchmark); SP 800-82r3 6.2.1,"CSF 2.0 PR.AA-05 (Protect; Identity Management, Authentication, and Access Control)","Access permissions, entitlements, and authorizations are defined in a policy, managed, enforced, and reviewed, and incorporate the principles of least privilege and separation of duties",CSF 2.0 subcategory (voluntary),Yes (voluntary benchmark),PR.AA-05,AC-2; AC-3; AC-6; PS-4,AC-1; AC-2; AC-3; AC-5; AC-6; AC-10; AC-16; AC-17; AC-18; AC-19; AC-24; IA-13,CSF 2.0 to SP 800-53: official NIST informative reference (SRC-OLIR-CSF-53) in column nist_official_sp800_53r5; key-control subset selected by the author,SP 800-82r3 6.2.1,High,"Role-based access is enforced in SYS-01, the cloud, and SYS-12. Access reviews are annual (last 2026-02); 38 privileged accounts include standing rights outside the cloud; transfers do not trigger a permission review","EV-005 (access review record 2026-02); EV-006 (privileged account list); EV-AC-2 (transfer sample 25 of 41, P07 AC-2)",Partially met,"Annual reviews and standing privilege (EV-005, EV-006)",High,Quarterly access reviews (POAM-001); privileged access management for all administrative planes (POAM-002),Security Manager,2027-03-31,None
G-058,NIST CSF 2.0 (voluntary benchmark),CSF 2.0 PR.AA-06 (benchmark); SP 800-82r3 5.2.2,"CSF 2.0 PR.AA-06 (Protect; Identity Management, Authentication, and Access Control)","Physical access to assets is managed, monitored, and enforced commensurate with risk",CSF 2.0 subcategory (voluntary),Yes (voluntary benchmark),PR.AA-06,PE-2; PE-3; PE-6,PE-2; PE-3; PE-4; PE-5; PE-6; PE-8; PE-18; PE-19; PE-20,CSF 2.0 to SP 800-53: official NIST informative reference (SRC-OLIR-CSF-53) in column nist_official_sp800_53r5; key-control subset selected by the author,SP 800-82r3 5.2.2 Physical Security,Medium,"Badge readers protect headquarters, the IOC, and the packinghouse control room. The 54 pump stations and 14 fertigation skids use padlocks on a common key; 8 of 12 sampled pump-station panels were unlocked","EV-PE-3 (walk-through of 12 pump stations 2026-08-12, P07 PE-3); EV-044 (badge list)",Partially met,Field OT physically exposed,Moderate,Restricted keys and panel door switches wired to SCADA alarms (POAM-015),Director of Irrigation and Water Resources,2027-03-31,None
G-059,NIST CSF 2.0 (voluntary benchmark),CSF 2.0 PR.AT-01 (benchmark); SP 800-82r3 3.3.5,CSF 2.0 PR.AT-01 (Protect; Awareness and Training),Personnel are provided with awareness and training so that they possess the knowledge and skills to perform general tasks with cybersecurity risks in mind,CSF 2.0 subcategory (voluntary),Yes (voluntary benchmark),PR.AT-01,AT-2; AT-3,AT-2; AT-3,CSF 2.0 to SP 800-53: official NIST informative reference (SRC-OLIR-CSF-53) in column nist_official_sp800_53r5; key-control subset selected by the author,SP 800-82r3 3.3.5,High,Office users take annual training and quarterly phishing simulations in English and Spanish (June 2026 click rate 9.1%). Crew leads and Irrigation Technicians get no security content,EV-037 (training completion report 2026; phishing report 2026-06; pre-season meeting agenda),Partially met,Field roles untrained (R-038),Moderate,Security segment at pre-season crew lead and irrigation meetings; incident reporting cards in English and Spanish (POAM-004),Security Manager,2026-11-30,None
G-060,NIST CSF 2.0 (voluntary benchmark),CSF 2.0 PR.AT-02 (benchmark); SP 800-82r3 3.3.5,CSF 2.0 PR.AT-02 (Protect; Awareness and Training),Individuals in specialized roles are provided with awareness and training so that they possess the knowledge and skills to perform relevant tasks with cybersecurity risks in mind,CSF 2.0 subcategory (voluntary),Yes (voluntary benchmark),PR.AT-02,AT-3,AT-3,CSF 2.0 to SP 800-53: official NIST informative reference (SRC-OLIR-CSF-53) in column nist_official_sp800_53r5; key-control subset selected by the author,SP 800-82r3 3.3.5,Medium,"SCADA engineers, Irrigation Technicians, settlement analysts, and the contract developers receive no role-based security training",EV-037 (training records); EV-068 (interviews),Not met,No role-based training,Moderate,"Role-based modules for OT, settlement, and development roles (POAM-004)",Security Manager,2027-01-31,None
G-061,NIST CSF 2.0 (voluntary benchmark),CSF 2.0 PR.DS-01 (benchmark),CSF 2.0 PR.DS-01 (Protect; Data Security),"The confidentiality, integrity, and availability of data-at-rest are protected",CSF 2.0 subcategory (voluntary),Yes (voluntary benchmark),PR.DS-01,SC-28; AC-3; MP-4,CA-3; CP-9; MP-8; SC-4; SC-7; SC-12; SC-13; SC-28; SC-32; SC-39; SC-43; SI-3; SI-4; SI-7,CSF 2.0 to SP 800-53: official NIST informative reference (SRC-OLIR-CSF-53) in column nist_official_sp800_53r5; key-control subset selected by the author,Not OT-specific,High,"Cloud storage, SaaS, and laptops are encrypted. SCADA servers, the local SCADA backup device, and packinghouse line PCs are not. The personnel share with H-2A passport and visa copies is readable by 46 manager and office accounts",EV-029 (encryption report); EV-074 (file share permissions 2026-07-22),Partially met,Restricted data on unencrypted or over-shared stores (R-003),High,Restrict the personnel share to HR; purge payroll exports after 90 days; encrypt the local backup device,HR Director,2027-01-31,None
G-062,NIST CSF 2.0 (voluntary benchmark),CSF 2.0 PR.DS-02 (benchmark); SP 800-82r3 5.3.3,CSF 2.0 PR.DS-02 (Protect; Data Security),"The confidentiality, integrity, and availability of data-in-transit are protected",CSF 2.0 subcategory (voluntary),Yes (voluntary benchmark),PR.DS-02,SC-8; SC-13,AU-16; CA-3; SC-4; SC-7; SC-8; SC-11; SC-12; SC-13; SC-16; SC-40; SC-43; SI-3; SI-4; SI-7,CSF 2.0 to SP 800-53: official NIST informative reference (SRC-OLIR-CSF-53) in column nist_official_sp800_53r5; key-control subset selected by the author,SP 800-82r3 5.3.3 Geographically Distributed Systems: protect radio and cellular links to pump stations and pivots,Medium,"TLS 1.2 or higher protects web and API traffic, and IPsec links the sites. Pump-station radio links and LoRaWAN rely on vendor encryption that has not been reviewed; PLC traffic at Farms 1 and 2 crosses flat networks",P02 SC-8; EV-015 (radio vendor documentation),Partially met,Field links unreviewed and unsegmented,Moderate,Review radio and LoRaWAN encryption; protect PLC traffic through segmentation (POAM-018),IT Director,2027-03-31,None
G-063,NIST CSF 2.0 (voluntary benchmark),CSF 2.0 PR.DS-10 (benchmark),CSF 2.0 PR.DS-10 (Protect; Data Security),"The confidentiality, integrity, and availability of data-in-use are protected",CSF 2.0 subcategory (voluntary),Yes (voluntary benchmark),PR.DS-10,AC-11; SC-4,AC-2; AC-3; AC-4; AU-9; AU-13; CA-3; CP-9; SA-8; SC-4; SC-7; SC-11; SC-13; SC-24; SC-32; SC-39; SC-40; SC-43; SI-3; SI-4; SI-7; SI-10; SI-16,CSF 2.0 to SP 800-53: official NIST informative reference (SRC-OLIR-CSF-53) in column nist_official_sp800_53r5; key-control subset selected by the author,Not OT-specific,Low,"Laptops lock after 10 minutes. HMIs and line PCs stay unlocked by design in staffed rooms, a documented compensating control in the SSP",P02 AC-11,Met,None,Very Low,None,IT Director,,None
G-064,NIST CSF 2.0 (voluntary benchmark),CSF 2.0 PR.DS-11 (benchmark); SP 800-82r3 3.3.9,CSF 2.0 PR.DS-11 (Protect; Data Security),"Backups of data are created, protected, maintained, and tested",CSF 2.0 subcategory (voluntary),Yes (voluntary benchmark),PR.DS-11,CP-9; CP-4; CP-6,CP-6; CP-9,CSF 2.0 to SP 800-53: official NIST informative reference (SRC-OLIR-CSF-53) in column nist_official_sp800_53r5; key-control subset selected by the author,SP 800-82r3 3.3.9 Recovery and Restoration,High,Cloud workloads have daily write-once backups in a separate account and region (35 days). SCADA servers are backed up weekly to a device on the same network and never verified; 31 of 68 PLC and HMI programs are held only by the integrator; there is no company-held copy of FMIS records,"EV-CP-9 (backup reports July 2026, P07 CP-9); EV-023 (SCADA backup schedule); EV-025 (PLC program inventory); EV-051 (no company-held FMIS copy)",Partially met,"OT and SaaS records not recoverable from company-held copies (EV-025, EV-051)",High,Offline versioned OT backups (POAM-010); monthly full FMIS export (POAM-022),IT Director,2026-12-31,None
G-065,NIST CSF 2.0 (voluntary benchmark),CSF 2.0 PR.PS-01 (benchmark); SP 800-82r3 6.2.4,CSF 2.0 PR.PS-01 (Protect; Platform Security),Configuration management practices are established and applied,CSF 2.0 subcategory (voluntary),Yes (voluntary benchmark),PR.PS-01,CM-2; CM-6; CM-7,CM-1; CM-2; CM-3; CM-4; CM-5; CM-6; CM-7; CM-8; CM-9; CM-10; CM-11,CSF 2.0 to SP 800-53: official NIST informative reference (SRC-OLIR-CSF-53) in column nist_official_sp800_53r5; key-control subset selected by the author,SP 800-82r3 6.2.4,High,"Cloud guardrails and IT endpoint baselines exist. A benchmark scan of 10 servers found 31% of settings deviating; SCADA servers run the integrator's default build with a remote access tool, a browser, and email","EV-CM-6 (configuration scan 2026-08-11, P07 CM-6); EV-CM-7 (SCADA software list); EV-020 (guardrails and endpoint baselines)",Partially met,No baselines for OT and the portal build,Moderate,STD-01 baselines including SCADA servers and HMIs (POAM-006),IT Director,2027-03-31,None
G-066,NIST CSF 2.0 (voluntary benchmark),CSF 2.0 PR.PS-02 (benchmark); SP 800-82r3 6.2.11,CSF 2.0 PR.PS-02 (Protect; Platform Security),"Software is maintained, replaced, and removed commensurate with risk",CSF 2.0 subcategory (voluntary),Yes (voluntary benchmark),PR.PS-02,SI-2; SA-22; CM-11,CM-11; MA-3(6); SA-10(1); SI-2; SI-7,CSF 2.0 to SP 800-53: official NIST informative reference (SRC-OLIR-CSF-53) in column nist_official_sp800_53r5; key-control subset selected by the author,SP 800-82r3 6.2.11 Flaw Remediation and Patch Management,High,IT systems are patched monthly (82% on time in Q2 2026). SCADA servers and HMIs were last patched in 2025-03; PLC firmware has never been updated; 2 HMIs are past end of support,EV-018 (patch report Q2 2026; SCADA patch history); EV-SI-2 (P07 SI-2),Partially met,OT patching lags (R-019),Moderate,Integrator-tested quarterly SCADA patching (POAM-019); HMI replacement (POAM-021),Director of Irrigation and Water Resources,2027-06-30,None
G-067,NIST CSF 2.0 (voluntary benchmark),CSF 2.0 PR.PS-03 (benchmark); SP 800-82r3 5.2.4,CSF 2.0 PR.PS-03 (Protect; Platform Security),"Hardware is maintained, replaced, and removed commensurate with risk",CSF 2.0 subcategory (voluntary),Yes (voluntary benchmark),PR.PS-03,MA-6; SA-22,CM-7(9); SA-10(3); SC-3(1); SC-39(1); SC-49; SC-51,CSF 2.0 to SP 800-53: official NIST informative reference (SRC-OLIR-CSF-53) in column nist_official_sp800_53r5; key-control subset selected by the author,SP 800-82r3 5.2.4,Medium,"Pump, VFD, and PLC maintenance is scheduled in SYS-01 work orders; integrator and refrigeration contractor maintenance is not recorded",EV-051 (SYS-01 work order report),Partially met,Contractor maintenance unrecorded,Low,Record all contractor maintenance in work orders,Director of Irrigation and Water Resources,2027-03-31,None
G-068,NIST CSF 2.0 (voluntary benchmark),CSF 2.0 PR.PS-04 (benchmark); SP 800-82r3 6.3.2,CSF 2.0 PR.PS-04 (Protect; Platform Security),Log records are generated and made available for continuous monitoring,CSF 2.0 subcategory (voluntary),Yes (voluntary benchmark),PR.PS-04,AU-2; AU-11; AU-12,AU-2; AU-3; AU-6; AU-7; AU-11; AU-12; SA-15(13),CSF 2.0 to SP 800-53: official NIST informative reference (SRC-OLIR-CSF-53) in column nist_official_sp800_53r5; key-control subset selected by the author,"SP 800-82r3 6.3.2: collect SCADA, HMI, and controller events passively where devices cannot forward logs",Medium,"IT logs (identity, cloud, firewall, EDR, SYS-03, SYS-12) reach the SIEM and are kept 1 year searchable and 3 years archived. SCADA audit logging is available but off; historian events are kept 90 days on the server; the pivot cloud and packinghouse controllers send no logs",EV-026 (SIEM source list); EV-008 (SCADA configuration); EV-AU-2 (P07 AU-2),Partially met,No OT logs (EV-026),Moderate,Enable SCADA audit logging and forward OT events through passive monitoring (POAM-020),Security Manager,2027-03-31,None
G-069,NIST CSF 2.0 (voluntary benchmark),CSF 2.0 PR.PS-05 (benchmark); SP 800-82r3 5.2.5,CSF 2.0 PR.PS-05 (Protect; Platform Security),Installation and execution of unauthorized software are prevented,CSF 2.0 subcategory (voluntary),Yes (voluntary benchmark),PR.PS-05,CM-7; CM-11; SI-3,CM-7(2); CM-7(4); CM-7(5); SC-34,CSF 2.0 to SP 800-53: official NIST informative reference (SRC-OLIR-CSF-53) in column nist_official_sp800_53r5; key-control subset selected by the author,SP 800-82r3 5.2.5 Software Security,Medium,"Users cannot install software on managed laptops. Packinghouse line PCs run EDR in detect-only mode, and SCADA engineer accounts can install software on SCADA servers",EV-012 (EDR policy export); EV-SI-3 and EV-CM-7 (P07 SI-3 and CM-7),Partially met,Unauthorized software not prevented on OT-adjacent hosts,Moderate,Application allowlisting on SCADA servers and line PCs (POAM-006),IT Director,2027-03-31,None
G-070,NIST CSF 2.0 (voluntary benchmark),CSF 2.0 PR.PS-06 (benchmark),CSF 2.0 PR.PS-06 (Protect; Platform Security),"Secure software development practices are integrated, and their performance is monitored throughout the software development life cycle",CSF 2.0 subcategory (voluntary),Yes (voluntary benchmark),PR.PS-06,SA-15,SA-3; SA-8; SA-10; SA-11; SA-15; SA-15(13); SA-17; SA-24,CSF 2.0 to SP 800-53: official NIST informative reference (SRC-OLIR-CSF-53) in column nist_official_sp800_53r5; key-control subset selected by the author,Not OT-specific,Medium,"A contract firm builds the grower portal and settlement service without a secure development standard. There is no static analysis, dependency scanning, or settlement regression testing, and the firm can deploy without company approval",EV-053 (pipeline definition; development contract); EV-SA-11 (P07 SA-11),Not met,No secure development practice (EV-053),Moderate,STD-11 and pipeline controls with a company approval gate (POAM-017),Vice President of Grower Services,2027-03-31,None
G-071,NIST CSF 2.0 (voluntary benchmark),CSF 2.0 PR.IR-01 (benchmark); SP 800-82r3 5.2.3,CSF 2.0 PR.IR-01 (Protect; Technology Infrastructure Resilience),Networks and environments are protected from unauthorized logical access and usage,CSF 2.0 subcategory (voluntary),Yes (voluntary benchmark),PR.IR-01,SC-7; AC-4; AC-18,AC-3; AC-4; SC-4; SC-5; SC-7,CSF 2.0 to SP 800-53: official NIST informative reference (SRC-OLIR-CSF-53) in column nist_official_sp800_53r5; key-control subset selected by the author,SP 800-82r3 5.2.3 Network Security: separate OT from IT with a boundary device,High,"IT/OT firewalls protect headquarters and the packinghouse (2025). Farm 1 and Farm 2 pump-station and fertigation networks are flat with the farm office networks, a Farm 1 office Wi-Fi shares the pump network, and a packinghouse rule allows any office host to reach the refrigeration and ripening controllers",EV-015 (network documentation); EV-075 (firewall rule exports 2026-07-20); EV-SC-7 (P07 SC-7),Partially met,"Flat farm OT networks; broad packinghouse rule (R-005, R-050)",High,Remove the packinghouse rule by 2026-10-15; segment Farms 1 and 2 by 2027-03-31 (POAM-018),IT Director,2027-03-31,None
G-072,NIST CSF 2.0 (voluntary benchmark),CSF 2.0 PR.IR-02 (benchmark),CSF 2.0 PR.IR-02 (Protect; Technology Infrastructure Resilience),The organization's technology assets are protected from environmental threats,CSF 2.0 subcategory (voluntary),Yes (voluntary benchmark),PR.IR-02,PE-9; PE-11; PE-13; PE-15,CP-2; PE-9; PE-10; PE-11; PE-12; PE-13; PE-14; PE-15; PE-18; PE-23,CSF 2.0 to SP 800-53: official NIST informative reference (SRC-OLIR-CSF-53) in column nist_official_sp800_53r5; key-control subset selected by the author,Not OT-specific,Medium,"The IOC server room has cooling, temperature alarms, UPS, and generator; the packinghouse control room is on generator; pump stations have surge protection and spare PLCs and VFDs",EV-044 (facilities checklist); EV-069 (walk-through 2026-07-16),Met,None,Very Low,None,Director of Irrigation and Water Resources,,None
G-073,NIST CSF 2.0 (voluntary benchmark),CSF 2.0 PR.IR-03 (benchmark); SP 800-82r3 5.3.2,CSF 2.0 PR.IR-03 (Protect; Technology Infrastructure Resilience),Mechanisms are implemented to achieve resilience requirements in normal and adverse situations,CSF 2.0 subcategory (voluntary),Yes (voluntary benchmark),PR.IR-03,CP-2; CP-8; SC-7,CP family; IR family; SA-8; SA-24; SC-6; SC-24; SC-36; SC-39; SI-13,CSF 2.0 to SP 800-53: official NIST informative reference (SRC-OLIR-CSF-53) in column nist_official_sp800_53r5; key-control subset selected by the author,SP 800-82r3 5.3.2,High,"Freeze protection at Farm 2 depends on SCADA automation, one alarm dialer, and one radio link; the manual night-start procedure is unwritten and untested. Farm 2 has one internet circuit, the IOC has no alternate site, and the hurricane plan has no cyber recovery steps",P05 finding 1; EV-068 (interviews with the Farm 2 Farm Manager and freeze crew 2026-07-15); EV-040 (one alarm dialer); EV-039 (no written night-start or hurricane cyber procedure); EV-016 (single Farm 2 circuit),Not met,"No resilience for the shortest-MTD process (EV-039, EV-040; R-004, R-023)",High,"Standalone freeze alarm and a written, tested manual start by 2026-11-30 (POAM-012); cellular backup links (R-042); alternate SCADA operation and hurricane plan update by 2027-05-31 (R-023)",Chief Operating Officer,2026-11-30,None
G-074,NIST CSF 2.0 (voluntary benchmark),CSF 2.0 PR.IR-04 (benchmark),CSF 2.0 PR.IR-04 (Protect; Technology Infrastructure Resilience),Adequate resource capacity to ensure availability is maintained,CSF 2.0 subcategory (voluntary),Yes (voluntary benchmark),PR.IR-04,CP-2; SC-5,CP-6; CP-7; CP-8; PM-3; PM-9,CSF 2.0 to SP 800-53: official NIST informative reference (SRC-OLIR-CSF-53) in column nist_official_sp800_53r5; key-control subset selected by the author,Not OT-specific,Low,"Cloud workloads scale with demand, SD-WAN capacity is monitored, and the grower portal met the spring 2026 peak without degradation",EV-032 (capacity reports 2026-04),Met,None,Very Low,None,IT Director,,None
G-075,NIST CSF 2.0 (voluntary benchmark),CSF 2.0 DE.CM-01 (benchmark); SP 800-82r3 6.3.2,CSF 2.0 DE.CM-01 (Detect; Continuous Monitoring),Networks and network services are monitored to find potentially adverse events,CSF 2.0 subcategory (voluntary),Yes (voluntary benchmark),DE.CM-01,SI-4; AU-12,AC-2; AU-12; CA-7; CM-3; SC-5; SC-7; SI-4,CSF 2.0 to SP 800-53: official NIST informative reference (SRC-OLIR-CSF-53) in column nist_official_sp800_53r5; key-control subset selected by the author,SP 800-82r3 6.3.2: passive OT network monitoring; no active probing of live PLCs,High,"The MSSP monitors IT network events (firewalls, cloud flow logs). There is no OT network monitoring, and egress volume alerts are not configured",EV-026 (SIEM source list); EV-SI-4 (P07 SI-4),Partially met,No OT network monitoring (R-021),High,"Passive OT monitoring at headquarters and the packinghouse, then Farms 1 and 2; egress alerts (POAM-020)",Security Manager,2027-03-31,None
G-076,NIST CSF 2.0 (voluntary benchmark),CSF 2.0 DE.CM-02 (benchmark),CSF 2.0 DE.CM-02 (Detect; Continuous Monitoring),The physical environment is monitored to find potentially adverse events,CSF 2.0 subcategory (voluntary),Yes (voluntary benchmark),DE.CM-02,PE-6; PE-14,CA-7; PE-3; PE-6; PE-20,CSF 2.0 to SP 800-53: official NIST informative reference (SRC-OLIR-CSF-53) in column nist_official_sp800_53r5; key-control subset selected by the author,Not OT-specific,Low,Cameras cover headquarters and the packinghouse. Pump stations are not monitored,EV-044 (camera layout),Partially met,Remote OT sites unmonitored,Low,Panel door switches wired to SCADA alarms (POAM-015),Director of Irrigation and Water Resources,2027-03-31,None
G-077,NIST CSF 2.0 (voluntary benchmark),CSF 2.0 DE.CM-03 (benchmark),CSF 2.0 DE.CM-03 (Detect; Continuous Monitoring),Personnel activity and technology usage are monitored to find potentially adverse events,CSF 2.0 subcategory (voluntary),Yes (voluntary benchmark),DE.CM-03,AU-6; SI-4; AC-2,AC-2; AU-12; AU-13; CA-7; CM-10; CM-11,CSF 2.0 to SP 800-53: official NIST informative reference (SRC-OLIR-CSF-53) in column nist_official_sp800_53r5; key-control subset selected by the author,Not OT-specific,Medium,"The identity provider and MSSP alert on risky sign-ins. Nobody reviews SYS-01 audit logs (tally edits), settlement changes, or SCADA operator actions",EV-AU-6 (P07 AU-6; tally edit sample); EV-002 (risky sign-in alerts),Partially met,"No review of record and settlement activity (R-015, R-044)",Moderate,Weekly tally edit review; monthly SYS-01 administrator activity review (POAM-005),Security Manager,2027-03-31,None
G-078,NIST CSF 2.0 (voluntary benchmark),CSF 2.0 DE.CM-06 (benchmark); SP 800-82r3 6.2.10,CSF 2.0 DE.CM-06 (Detect; Continuous Monitoring),External service provider activities and services are monitored to find potentially adverse events,CSF 2.0 subcategory (voluntary),Yes (voluntary benchmark),DE.CM-06,SA-9; MA-4; AU-6,CA-7; PS-7; SA-4; SA-9; SI-4,CSF 2.0 to SP 800-53: official NIST informative reference (SRC-OLIR-CSF-53) in column nist_official_sp800_53r5; key-control subset selected by the author,SP 800-82r3 6.2.10,High,"Vendor remote sessions to SCADA are not logged or recorded, and pivot manufacturer and equipment dealer access is not monitored",EV-008 (remote access tool inventory); EV-009 (pivot cloud user list); EV-010 (dealer access); EV-AC-17 and EV-MA-4 (P07 AC-17 and MA-4),Not met,Supplier activity invisible (EV-008; R-002),High,"Brokered, recorded vendor sessions (POAM-003)",Security Manager,2026-12-31,None
G-079,NIST CSF 2.0 (voluntary benchmark),CSF 2.0 DE.CM-09 (benchmark); SP 800-82r3 6.3.1,CSF 2.0 DE.CM-09 (Detect; Continuous Monitoring),"Computing hardware and software, runtime environments, and their data are monitored to find potentially adverse events",CSF 2.0 subcategory (voluntary),Yes (voluntary benchmark),DE.CM-09,SI-3; SI-4; SI-7,AC-4; AC-9; AU-12; CA-7; CM-3; CM-6; CM-10; CM-11; SC-34; SC-35; SI-4; SI-7,CSF 2.0 to SP 800-53: official NIST informative reference (SRC-OLIR-CSF-53) in column nist_official_sp800_53r5; key-control subset selected by the author,SP 800-82r3 6.3.1 Anomalies and Events,High,"EDR protects laptops and desktops 24x7. Line PCs run EDR in detect-only mode; SCADA antivirus signatures are 4 months old; nothing checks the integrity of PLC programs, recipes, or settlement code","EV-012 (EDR console); EV-SI-3 (SCADA antivirus status 2026-08-12, P07 SI-3)",Partially met,No integrity monitoring of OT logic or settlement code (R-021),High,OT monitoring with program and setpoint change alerts (POAM-020); signature updates and prevention mode (POAM-019),Security Manager,2027-03-31,None
G-080,NIST CSF 2.0 (voluntary benchmark),CSF 2.0 DE.AE-02 (benchmark); SP 800-82r3 6.3.1,CSF 2.0 DE.AE-02 (Detect; Adverse Event Analysis),Potentially adverse events are analyzed to better understand associated activities,CSF 2.0 subcategory (voluntary),Yes (voluntary benchmark),DE.AE-02,AU-6; IR-4; SI-4,AU-6; CA-7; IR-4; SI-4,CSF 2.0 to SP 800-53: official NIST informative reference (SRC-OLIR-CSF-53) in column nist_official_sp800_53r5; key-control subset selected by the author,"SP 800-82r3 6.3.1 Anomalies and Events: treat unexplained setpoint, schedule, or recipe changes as security events",Medium,"The MSSP analyzes IT alerts and escalates within 30 minutes. SCADA alarms are reviewed by irrigation staff for operations only, never as possible security events",EV-027 (MSSP monthly reports); EV-068 (interviews),Partially met,OT events not analyzed for security,Moderate,OT alarm triage criteria in STD-04,Security Manager,2027-03-31,None
G-081,NIST CSF 2.0 (voluntary benchmark),CSF 2.0 DE.AE-03 (benchmark),CSF 2.0 DE.AE-03 (Detect; Adverse Event Analysis),Information is correlated from multiple sources,CSF 2.0 subcategory (voluntary),Yes (voluntary benchmark),DE.AE-03,AU-6(3); SI-4,AU-6; CA-7; PM-16; IR-4; IR-5; IR-8; SI-4,CSF 2.0 to SP 800-53: official NIST informative reference (SRC-OLIR-CSF-53) in column nist_official_sp800_53r5; key-control subset selected by the author,Not OT-specific,Low,"The SIEM correlates identity, cloud, firewall, EDR, SYS-03, and SYS-12 logs. SYS-01 and OT sources are missing",EV-026 (SIEM source list),Partially met,Correlation limited to IT,Low,Add SYS-01 and OT sources (POAM-020),Security Manager,2027-03-31,None
G-082,NIST CSF 2.0 (voluntary benchmark),CSF 2.0 DE.AE-04 (benchmark),CSF 2.0 DE.AE-04 (Detect; Adverse Event Analysis),The estimated impact and scope of adverse events are understood,CSF 2.0 subcategory (voluntary),Yes (voluntary benchmark),DE.AE-04,IR-4; RA-3,PM-9; PM-11; PM-18; PM-28; PM-30,CSF 2.0 to SP 800-53: official NIST informative reference (SRC-OLIR-CSF-53) in column nist_official_sp800_53r5; key-control subset selected by the author,Not OT-specific,Low,"The MSSP severity model covers IT. Crop, food safety, and settlement impact criteria were added in P08 (2026-09-15) but the MSSP has not adopted them",EV-027 (MSSP runbook); P08,Partially met,Impact criteria not shared with the MSSP,Low,Give the P08 severity criteria to the MSSP and update its runbook,Security Manager,2026-12-31,None
G-083,NIST CSF 2.0 (voluntary benchmark),CSF 2.0 DE.AE-06 (benchmark),CSF 2.0 DE.AE-06 (Detect; Adverse Event Analysis),Information on adverse events is provided to authorized staff and tools,CSF 2.0 subcategory (voluntary),Yes (voluntary benchmark),DE.AE-06,IR-4; SI-4,IR-4; PM-15; PM-16; RA-4; RA-10,CSF 2.0 to SP 800-53: official NIST informative reference (SRC-OLIR-CSF-53) in column nist_official_sp800_53r5; key-control subset selected by the author,Not OT-specific,Medium,MSSP high-severity alerts reach the Security Manager and the on-call analyst within 30 minutes; the P07 test escalated in 18 minutes,EV-027 (MSSP reports); EV-IR-4 (P07 IR-4 test 2026-08-13),Met,None,Very Low,None,Security Manager,,None
G-084,NIST CSF 2.0 (voluntary benchmark),CSF 2.0 DE.AE-07 (benchmark),CSF 2.0 DE.AE-07 (Detect; Adverse Event Analysis),Cyber threat intelligence and other contextual information are integrated into the analysis,CSF 2.0 subcategory (voluntary),Yes (voluntary benchmark),DE.AE-07,PM-16; SI-5,PM-16; RA-3; RA-10,CSF 2.0 to SP 800-53: official NIST informative reference (SRC-OLIR-CSF-53) in column nist_official_sp800_53r5; key-control subset selected by the author,Not OT-specific,Low,Threat intelligence is received but cannot be matched to OT assets without an OT inventory,EV-031 (advisory log); EV-013 (OT inventory),Partially met,Intelligence not applied to OT,Low,ICS advisory matching against the OT inventory (POAM-019),Security Manager,2027-03-31,None
G-085,NIST CSF 2.0 (voluntary benchmark),CSF 2.0 DE.AE-08 (benchmark),CSF 2.0 DE.AE-08 (Detect; Adverse Event Analysis),Incidents are declared when adverse events meet the defined incident criteria,CSF 2.0 subcategory (voluntary),Yes (voluntary benchmark),DE.AE-08,IR-4; IR-8,IR-4; IR-8,CSF 2.0 to SP 800-53: official NIST informative reference (SRC-OLIR-CSF-53) in column nist_official_sp800_53r5; key-control subset selected by the author,Not OT-specific,Medium,Incident criteria for IT are in the 2024 plan; OT and food safety criteria were added in P08 and are not exercised,EV-038 (IT plan 2024); P08,Partially met,New criteria untested,Low,Exercise the criteria in the tabletops (POAM-014),Security Manager,2027-01-31,None
G-086,NIST CSF 2.0 (voluntary benchmark),CSF 2.0 RS.MA-01 (benchmark); SP 800-82r3 3.3.8,CSF 2.0 RS.MA-01 (Respond; Incident Management),The incident response plan is executed in coordination with relevant third parties once an incident is declared,CSF 2.0 subcategory (voluntary),Yes (voluntary benchmark),RS.MA-01,IR-4; IR-8,IR-6; IR-7; IR-8; SR-3; SR-8,CSF 2.0 to SP 800-53: official NIST informative reference (SRC-OLIR-CSF-53) in column nist_official_sp800_53r5; key-control subset selected by the author,SP 800-82r3 3.3.8,High,"The 2024 IT plan was used with the MSSP for 22 incidents in 12 months. OT containment, food safety holds, grower communication, and legal steps were not defined until P08",EV-028 (incident queue); EV-080 (incident sample 10 of 22); P08,Partially met,Plan untested for OT and business impacts,Moderate,Exercise both P08 runbooks (POAM-014),Security Manager,2027-01-31,None
G-087,NIST CSF 2.0 (voluntary benchmark),CSF 2.0 RS.MA-02 (benchmark),CSF 2.0 RS.MA-02 (Respond; Incident Management),Incident reports are triaged and validated,CSF 2.0 subcategory (voluntary),Yes (voluntary benchmark),RS.MA-02,IR-5; IR-6,IR-4; IR-5; IR-6,CSF 2.0 to SP 800-53: official NIST informative reference (SRC-OLIR-CSF-53) in column nist_official_sp800_53r5; key-control subset selected by the author,Not OT-specific,Medium,Reports go to the service desk security queue and are triaged and validated; 10 of 10 sampled incidents had triage notes and timestamps,EV-080 (incident sample 10 of 22),Met,None,Very Low,None,Security Manager,,None
G-088,NIST CSF 2.0 (voluntary benchmark),CSF 2.0 RS.MA-03 (benchmark),CSF 2.0 RS.MA-03 (Respond; Incident Management),Incidents are categorized and prioritized,CSF 2.0 subcategory (voluntary),Yes (voluntary benchmark),RS.MA-03,IR-4; IR-5,IR-4; IR-5; IR-6,CSF 2.0 to SP 800-53: official NIST informative reference (SRC-OLIR-CSF-53) in column nist_official_sp800_53r5; key-control subset selected by the author,Not OT-specific,Low,Incidents are categorized and prioritized by severity in the queue,EV-080 (incident sample 10 of 22),Met,None,Very Low,None,Security Manager,,None
G-089,NIST CSF 2.0 (voluntary benchmark),CSF 2.0 RS.MA-04 (benchmark),CSF 2.0 RS.MA-04 (Respond; Incident Management),Incidents are escalated or elevated as needed,CSF 2.0 subcategory (voluntary),Yes (voluntary benchmark),RS.MA-04,IR-4; IR-7,IR-4; IR-5; IR-6; IR-7,CSF 2.0 to SP 800-53: official NIST informative reference (SRC-OLIR-CSF-53) in column nist_official_sp800_53r5; key-control subset selected by the author,Not OT-specific,Medium,"The MSSP escalates within 30 minutes. Escalation to the COO, CEO, food safety, and counsel, and the insurer's hotline requirement, were not in the 2024 plan",EV-038 (IT plan 2024); EV-055 (insurance policy),Partially met,Business and legal escalation undefined before P08,Moderate,P08 escalation tiers exercised (POAM-014),Security Manager,2027-01-31,None
G-090,NIST CSF 2.0 (voluntary benchmark),CSF 2.0 RS.MA-05 (benchmark),CSF 2.0 RS.MA-05 (Respond; Incident Management),The criteria for initiating incident recovery are applied,CSF 2.0 subcategory (voluntary),Yes (voluntary benchmark),RS.MA-05,IR-4; CP-10,IR-4; IR-8,CSF 2.0 to SP 800-53: official NIST informative reference (SRC-OLIR-CSF-53) in column nist_official_sp800_53r5; key-control subset selected by the author,Not OT-specific,Low,IT recovery criteria are in the DR plan; there are no criteria for reconnecting OT after an incident,EV-038 (IT DR plan 2024),Partially met,No OT reconnection criteria,Low,OT recovery criteria in STD-07,IT Director,2026-12-31,None
G-091,NIST CSF 2.0 (voluntary benchmark),CSF 2.0 RS.AN-03 (benchmark),CSF 2.0 RS.AN-03 (Respond; Incident Analysis),Analysis is performed to establish what has taken place during an incident and the root cause of the incident,CSF 2.0 subcategory (voluntary),Yes (voluntary benchmark),RS.AN-03,IR-4; AU-6,AU-7; IR-4; SI-2(7),CSF 2.0 to SP 800-53: official NIST informative reference (SRC-OLIR-CSF-53) in column nist_official_sp800_53r5; key-control subset selected by the author,Not OT-specific,Medium,The MSSP and the insurer's panel forensics firm can investigate IT incidents. OT forensic capability depends on the integrator,EV-027 (MSSP contract); EV-055 (insurance policy); EV-070 (OT forensics through the integrator),Partially met,No OT forensic capability,Moderate,OT forensic support in the integrator contract or the MSSP retainer,Security Manager,2027-03-31,None
G-092,NIST CSF 2.0 (voluntary benchmark),CSF 2.0 RS.AN-06 (benchmark),CSF 2.0 RS.AN-06 (Respond; Incident Analysis),"Actions performed during an investigation are recorded, and the records' integrity and provenance are preserved",CSF 2.0 subcategory (voluntary),Yes (voluntary benchmark),RS.AN-06,AU-9; IR-4,AU-7; IR-4; IR-6,CSF 2.0 to SP 800-53: official NIST informative reference (SRC-OLIR-CSF-53) in column nist_official_sp800_53r5; key-control subset selected by the author,Not OT-specific,Low,The incident log records actions; chain of custody is informal,EV-080 (incident sample 10 of 22),Partially met,No chain-of-custody procedure,Low,Chain-of-custody form in the P08 runbooks,Security Manager,2026-12-31,None
G-093,NIST CSF 2.0 (voluntary benchmark),CSF 2.0 RS.AN-07 (benchmark); SP 800-82r3 6.3.2,CSF 2.0 RS.AN-07 (Respond; Incident Analysis),"Incident data and metadata are collected, and their integrity and provenance are preserved",CSF 2.0 subcategory (voluntary),Yes (voluntary benchmark),RS.AN-07,AU-9; AU-11; IR-4,AU-7; IR-4; IR-6,CSF 2.0 to SP 800-53: official NIST informative reference (SRC-OLIR-CSF-53) in column nist_official_sp800_53r5; key-control subset selected by the author,"SP 800-82r3 6.3.2: preserve historian and controller event data, which OT devices overwrite quickly",Medium,IT logs are preserved 1 year searchable and 3 years in a locked archive. SCADA logs are kept 90 days on the server only,EV-026 (SIEM retention settings); EV-008 (SCADA configuration),Partially met,OT evidence not preserved,Moderate,OT log forwarding (POAM-020),Security Manager,2027-03-31,None
G-094,NIST CSF 2.0 (voluntary benchmark),CSF 2.0 RS.AN-08 (benchmark),CSF 2.0 RS.AN-08 (Respond; Incident Analysis),An incident's magnitude is estimated and validated,CSF 2.0 subcategory (voluntary),Yes (voluntary benchmark),RS.AN-08,IR-4,IR-4; IR-8; RA-3; RA-7,CSF 2.0 to SP 800-53: official NIST informative reference (SRC-OLIR-CSF-53) in column nist_official_sp800_53r5; key-control subset selected by the author,Not OT-specific,Low,"Without a data inventory, the number of affected workers, growers, and customers cannot be estimated quickly",EV-072 (interviews),Partially met,Magnitude estimation not possible for personal data,Low,Data inventory (ID.AM-07),Security Manager,2026-12-31,None
G-095,NIST CSF 2.0 (voluntary benchmark),CSF 2.0 RS.CO-02 (benchmark),CSF 2.0 RS.CO-02 (Respond; Incident Response Reporting and Communication),Internal and external stakeholders are notified of incidents,CSF 2.0 subcategory (voluntary),Yes (voluntary benchmark),RS.CO-02,IR-6; IR-7,IR-4; IR-6; IR-7; SR-3; SR-8,CSF 2.0 to SP 800-53: official NIST informative reference (SRC-OLIR-CSF-53) in column nist_official_sp800_53r5; key-control subset selected by the author,Not OT-specific,High,"The 2024 plan had no notification matrix. The P08 matrix (2026-09-15) covers Fla. Stat. 501.171, the retail 24-hour notice, the insurer, and growers, but no Spanish-language notice template exists and the matrix is untested",P08 notification-matrix.csv,Partially met,Notice process new and untested,Moderate,Notice templates in English and Spanish; tabletop 2026-11-10,Chief Operating Officer,2026-11-30,None
G-096,NIST CSF 2.0 (voluntary benchmark),CSF 2.0 RS.CO-03 (benchmark),CSF 2.0 RS.CO-03 (Respond; Incident Response Reporting and Communication),Information is shared with designated internal and external stakeholders,CSF 2.0 subcategory (voluntary),Yes (voluntary benchmark),RS.CO-03,IR-6; PM-15,IR-4; IR-6; IR-7; SR-3; SR-8,CSF 2.0 to SP 800-53: official NIST informative reference (SRC-OLIR-CSF-53) in column nist_official_sp800_53r5; key-control subset selected by the author,Not OT-specific,Low,Information goes to retail customers under contract notice terms. There is no established contact with the FBI field office or CISA,EV-072 (interviews),Partially met,No law enforcement or CISA relationship,Low,Register contacts with the FBI field office and CISA,Security Manager,2026-12-31,None
G-097,NIST CSF 2.0 (voluntary benchmark),CSF 2.0 RS.MI-01 (benchmark); SP 800-82r3 6.4.4,CSF 2.0 RS.MI-01 (Respond; Incident Mitigation),Incidents are contained,CSF 2.0 subcategory (voluntary),Yes (voluntary benchmark),RS.MI-01,IR-4; SC-7,IR-4,CSF 2.0 to SP 800-53: official NIST informative reference (SRC-OLIR-CSF-53) in column nist_official_sp800_53r5; key-control subset selected by the author,SP 800-82r3 6.4.4 Response Mitigation: hand over to manual operation before isolating OT segments,High,"The MSSP isolates IT endpoints automatically. There are no OT containment steps, and SCADA cannot be isolated at Farms 1 and 2 without stopping irrigation",EV-027 (MSSP runbook); EV-IR-4 (P07 IR-4),Partially met,OT containment undefined,Moderate,OT containment steps with manual-operation handover in P08; segmentation to allow isolation (POAM-018),Director of Irrigation and Water Resources,2027-03-31,None
G-098,NIST CSF 2.0 (voluntary benchmark),CSF 2.0 RS.MI-02 (benchmark),CSF 2.0 RS.MI-02 (Respond; Incident Mitigation),Incidents are eradicated,CSF 2.0 subcategory (voluntary),Yes (voluntary benchmark),RS.MI-02,IR-4; SI-3,IR-4,CSF 2.0 to SP 800-53: official NIST informative reference (SRC-OLIR-CSF-53) in column nist_official_sp800_53r5; key-control subset selected by the author,Not OT-specific,Low,IT hosts are reimaged after incidents. OT eradication depends on the integrator's media,EV-080 (incident sample); EV-070 (interviews),Partially met,OT eradication depends on a vendor,Moderate,Offline OT images and program copies (POAM-010),Director of Irrigation and Water Resources,2026-12-31,None
G-099,NIST CSF 2.0 (voluntary benchmark),CSF 2.0 RC.RP-01 (benchmark); SP 800-82r3 6.5.1,CSF 2.0 RC.RP-01 (Recover; Incident Recovery Plan Execution),The recovery portion of the incident response plan is executed once initiated from the incident response process,CSF 2.0 subcategory (voluntary),Yes (voluntary benchmark),RC.RP-01,CP-10; IR-4,CP-10; IR-4; IR-8,CSF 2.0 to SP 800-53: official NIST informative reference (SRC-OLIR-CSF-53) in column nist_official_sp800_53r5; key-control subset selected by the author,SP 800-82r3 6.5.1 Recovery Planning,High,"The IT DR plan covers the cloud, identity, and productivity services. OT and Grower Services recovery are not planned; the P08 recovery order was approved 2026-09-15",EV-038 (IT DR plan 2024); P08,Partially met,Recovery plan incomplete (R-001),High,STD-07 contingency plan covering OT and Grower Services (POAM-009),IT Director,2026-12-31,None
G-100,NIST CSF 2.0 (voluntary benchmark),CSF 2.0 RC.RP-02 (benchmark),CSF 2.0 RC.RP-02 (Recover; Incident Recovery Plan Execution),"Recovery actions are selected, scoped, prioritized, and performed",CSF 2.0 subcategory (voluntary),Yes (voluntary benchmark),RC.RP-02,CP-2; CP-10,CP-10; IR-4; IR-8,CSF 2.0 to SP 800-53: official NIST informative reference (SRC-OLIR-CSF-53) in column nist_official_sp800_53r5; key-control subset selected by the author,Not OT-specific,High,"Recovery priorities and RTOs are set in the BIA but have not been demonstrated for SCADA, the farm data hub, or the grower portal",P05; EV-024 (restore test log),Partially met,RTOs unproven,High,Quarterly restore tests (POAM-011),IT Director,2027-03-31,None
G-101,NIST CSF 2.0 (voluntary benchmark),CSF 2.0 RC.RP-03 (benchmark); SP 800-82r3 3.3.9,CSF 2.0 RC.RP-03 (Recover; Incident Recovery Plan Execution),The integrity of backups and other restoration assets is verified before using them for restoration,CSF 2.0 subcategory (voluntary),Yes (voluntary benchmark),RC.RP-03,CP-9; CP-4; SI-7,CP-2; CP-4; CP-9,CSF 2.0 to SP 800-53: official NIST informative reference (SRC-OLIR-CSF-53) in column nist_official_sp800_53r5; key-control subset selected by the author,SP 800-82r3 3.3.9 Recovery and Restoration: compare PLC programs to known-good versions before reload,High,Cloud backup integrity is checked by the backup service. SCADA backups have never been verified and PLC programs are not compared with known-good versions,EV-CP-9 (P07 CP-9); EV-023 (backup integrity checks); EV-070 (interviews),Not met,OT restoration assets not verified (R-007),High,"Hashed, versioned offline copies verified quarterly (POAM-010)",Director of Irrigation and Water Resources,2026-12-31,None
G-102,NIST CSF 2.0 (voluntary benchmark),CSF 2.0 RC.RP-04 (benchmark),CSF 2.0 RC.RP-04 (Recover; Incident Recovery Plan Execution),Critical mission functions and cybersecurity risk management are considered to establish post-incident operational norms,CSF 2.0 subcategory (voluntary),Yes (voluntary benchmark),RC.RP-04,CP-2; IR-4,PM-8; PM-9; PM-11; IR-1; IR-8,CSF 2.0 to SP 800-53: official NIST informative reference (SRC-OLIR-CSF-53) in column nist_official_sp800_53r5; key-control subset selected by the author,Not OT-specific,Low,"The BIA weighs crop, food safety, and cash impacts, but post-incident operating norms are not defined",P05,Partially met,Post-incident norms undefined,Low,Define post-incident operating norms in STD-07,IT Director,2026-12-31,None
G-103,NIST CSF 2.0 (voluntary benchmark),CSF 2.0 RC.RP-05 (benchmark); SP 800-82r3 6.5.1,CSF 2.0 RC.RP-05 (Recover; Incident Recovery Plan Execution),"The integrity of restored assets is verified, systems and services are restored, and normal operating status is confirmed",CSF 2.0 subcategory (voluntary),Yes (voluntary benchmark),RC.RP-05,CP-10; SI-7,CP-10,CSF 2.0 to SP 800-53: official NIST informative reference (SRC-OLIR-CSF-53) in column nist_official_sp800_53r5; key-control subset selected by the author,SP 800-82r3 6.5.1 Recovery Planning: validate restored control logic and setpoints with operators before automatic operation resumes,Medium,"There is no procedure to verify restored SCADA servers, PLC programs, or settlement calculations before normal operation resumes",EV-068 and EV-070 (interviews),Not met,Restored logic not validated,Moderate,Validation checklist in STD-07 (program hash comparison; settlement reconciliation to the prior week),IT Director,2026-12-31,None
G-104,NIST CSF 2.0 (voluntary benchmark),CSF 2.0 RC.RP-06 (benchmark),CSF 2.0 RC.RP-06 (Recover; Incident Recovery Plan Execution),"The end of incident recovery is declared based on criteria, and incident-related documentation is completed",CSF 2.0 subcategory (voluntary),Yes (voluntary benchmark),RC.RP-06,IR-4; CP-10,IR-4; IR-8,CSF 2.0 to SP 800-53: official NIST informative reference (SRC-OLIR-CSF-53) in column nist_official_sp800_53r5; key-control subset selected by the author,Not OT-specific,Low,The Security Manager closes IT incidents; criteria to end recovery were added in P08,P08,Partially met,Criteria untested,Low,Exercise in the tabletops (POAM-014),Security Manager,2027-01-31,None
G-105,NIST CSF 2.0 (voluntary benchmark),CSF 2.0 RC.CO-03 (benchmark),CSF 2.0 RC.CO-03 (Recover; Incident Recovery Communication),Recovery activities and progress in restoring operational capabilities are communicated to designated internal and external stakeholders,CSF 2.0 subcategory (voluntary),Yes (voluntary benchmark),RC.CO-03,CP-2; IR-4,IR-4; IR-6; SR-8,CSF 2.0 to SP 800-53: official NIST informative reference (SRC-OLIR-CSF-53) in column nist_official_sp800_53r5; key-control subset selected by the author,Not OT-specific,Low,"Recovery updates go by email and chat, which may be down in an incident. An out-of-band messaging group was set up in 2026-09 and is untested",P08 section 0,Partially met,Out-of-band channel untested,Low,Quarterly test of the out-of-band group,Security Manager,2026-12-31,None
G-106,NIST CSF 2.0 (voluntary benchmark),CSF 2.0 RC.CO-04 (benchmark),CSF 2.0 RC.CO-04 (Recover; Incident Recovery Communication),Public updates on incident recovery are shared using approved methods and messaging,CSF 2.0 subcategory (voluntary),Yes (voluntary benchmark),RC.CO-04,IR-4,CP-2; IR-4,CSF 2.0 to SP 800-53: official NIST informative reference (SRC-OLIR-CSF-53) in column nist_official_sp800_53r5; key-control subset selected by the author,Not OT-specific,Low,The Communications Manager handles media; there are no pre-approved holding statements for growers and retail customers,EV-072 (interviews),Partially met,No approved public messaging,Low,Holding statements approved by counsel (P08),Communications Manager,2026-11-30,None
G-107,"FDA Produce Safety Rule, records",21 CFR 112.161(a)(1)-(3),21 CFR 112.161(a)(1)-(3),"Required records must include the farm name and location, actual values and observations, a description of the covered produce, the growing or packing area, and the date and time; be created at the time an activity is performed or observed; and be accurate, legible, and indelible",Binding regulation (records),Yes - covered farm (21 CFR 112.4(a)); above the qualified exemption limit (112.5),PR.DS-01; PR.PS-04,AU-10; SI-7; AU-3,,Author mapping (no official NIST mapping for this rule),Not OT-specific,High,SYS-01 forms capture the required fields and keep an edit history. Most entries are made at the time on tablets; at Farm 1 entries from cellular dead zones are keyed at day end from paper notes,"EV-077 (sample of 30 harvest and field sanitation records from the 3 farms, 2026-07-15)",Partially met,5 of 30 sampled records were keyed at day end from paper notes that were not kept,Moderate,Enable offline mode on crew tablets; keep the paper note when an entry is keyed later,Director of Food Safety and Quality,2026-11-30,None
G-108,"FDA Produce Safety Rule, records",21 CFR 112.161(a)(4),21 CFR 112.161(a)(4),"Records must be dated, and signed or initialed by the person who performed the activity documented",Binding regulation (records),Yes - covered farm,PR.AA-01; PR.AA-05,IA-2; AU-10,,Author mapping (no official NIST mapping for this rule),Not OT-specific,High,Named users sign most records electronically. Harvest and field sanitation entries at Farms 1 and 2 are made under 6 shared crew lead logins,"EV-007 (SYS-01 user list); EV-077 (sample of 30 records, 2026-07-15)",Not met,11 of 30 sampled records were entered under shared logins and cannot be attributed to the person who did the work,High,Named crew lead accounts with tablet PINs in kiosk mode (POAM-001; R-015),Farm Managers (3),2026-11-15,None
G-109,"FDA Produce Safety Rule, records",21 CFR 112.161(b),21 CFR 112.161(b),"Specified records (for example training records under 112.30(b)) must be reviewed, dated, and signed by a supervisor or responsible party within a reasonable time",Binding regulation (records),Yes - covered farm,GV.RR-02,AU-6,,Author mapping (no official NIST mapping for this rule),Not OT-specific,Medium,Food Safety Coordinators review and sign the required records weekly in SYS-01,"EV-077 (SYS-01 review sign-off report, 12 sampled weeks 2026-01 to 2026-06)",Met,None,Very Low,None,Director of Food Safety and Quality,,None
G-110,"FDA Produce Safety Rule, records",21 CFR 112.162,21 CFR 112.162,Offsite records must be retrievable and provided onsite within 24 hours of a request for official review; electronic records accessible from an onsite location are considered onsite,Binding regulation (records),Yes - covered farm,PR.IR-03; PR.DS-11,CP-9; CP-2,,Author mapping (no official NIST mapping for this rule),Not OT-specific,High,"SYS-01 is reachable from every farm office, so records are onsite in normal operation. There is no company-held copy if SYS-01 or a site's internet link is down",EV-069 (walk-through 2026-07-16); P05 BP-08,Partially met,No alternate copy or access path during an outage,Moderate,Monthly full SYS-01 export to the backup account (POAM-022); cellular backup links (R-042),Director of Food Safety and Quality,2026-12-31,None
G-111,"FDA Produce Safety Rule, records",21 CFR 112.164(a)(1); 112.164(b),21 CFR 112.164(a)(1); 112.164(b),Keep required records for at least 2 years past the date the record was created; keep records on the adequacy of equipment or processes and on analyses and action plans for at least 2 years after their use is discontinued,Binding regulation (records),Yes - covered farm,PR.DS-11; ID.AM-08,SI-12; CP-9,,Author mapping (no official NIST mapping for this rule),Not OT-specific,High,Records stay in SYS-01 as long as the subscription runs. There is no company-held copy and no retention rule,EV-051 (SYS-01 subscription terms),Partially met,Retention depends on the vendor subscription (EV-051),Moderate,Retention schedule in POL-04 (at least 2 years); monthly export (POAM-022),Director of Food Safety and Quality,2026-12-31,None
G-112,"FDA Produce Safety Rule, records",21 CFR 112.165,21 CFR 112.165,"Records may be kept as originals, true copies, or electronic records; electronic records kept to satisfy Part 112 are exempt from 21 CFR Part 11",Binding regulation (records),Yes - covered farm,PR.DS-01,SI-12,,Author mapping (no official NIST mapping for this rule),Not OT-specific,Low,Electronic records in SYS-01; paper forms in field binders for downtime,EV-051 (SYS-01); EV-069 (field binders at 3 farms),Met,None,Very Low,None,Director of Food Safety and Quality,,None
G-113,"FDA Produce Safety Rule, records",21 CFR 112.166(a)-(b),21 CFR 112.166(a)-(b),"Records must be readily available and accessible for inspection and copying by FDA during the retention period (24 hours for records kept offsite), and electronic records must be provided in an accessible and legible format",Binding regulation (records),Yes - covered farm,PR.DS-11; RC.RP-02,CP-9; CP-10,,Author mapping (no official NIST mapping for this rule),Not OT-specific,High,SYS-01 exports records to PDF and spreadsheet. A full record set for a 24-hour FDA request has never been exported or timed,"EV-077 (export test of one month of Farm 1 records 2026-07-17, 2 hours 40 minutes); EV-051 (export history)",Partially met,Full 24-hour retrieval untested (EV-051; R-024),Moderate,Quarterly 24-hour retrieval drill with the monthly export (POAM-022),Director of Food Safety and Quality,2026-12-31,None
G-114,FDA Food Traceability Rule (readiness),21 CFR 1.1315(a) (FTR),21 CFR 1.1315(a),"Establish and maintain a traceability plan: record-keeping procedures, how Food Traceability List foods are identified, how traceability lot codes are assigned, a point of contact, and a farm map showing each field where a listed food is grown with geographic coordinates",Binding regulation (records); not enforced before 2028-07-20,"Yes - grower, initial packer, and shipper of tomatoes, peppers, and watermelons",GV.OC-03; ID.AM-07,SI-12; CM-8,,Author mapping (no official NIST mapping for this rule),Not OT-specific,Medium,"A lot coding procedure exists for retail audits, and SYS-01 holds field names with GPS boundaries for all 3 farms. There is no written traceability plan",EV-043 (lot coding procedure 2025); EV-077 (SYS-01 field map export),Partially met,No traceability plan,Low,Written traceability plan with the farm map exported from SYS-01 (R-025),Director of Food Safety and Quality,2027-06-30,Compliance date: FDA proposed 2028-07-20 (90 FR 38084); Pub. L. 119-37 sec. 780 directs no enforcement before then
G-115,FDA Food Traceability Rule (readiness),21 CFR 1.1320(a); 1.1330(a) (FTR),21 CFR 1.1320(a); 1.1330(a),"Assign a traceability lot code at initial packing and keep the initial packer's key data elements, including the harvest farm, the field name used by the grower, the harvester's business name and phone, and harvest and cooling dates, linked to the lot",Binding regulation (records); not enforced before 2028-07-20,Yes - initial packer for own and contract growers' produce,PR.DS-01; ID.AM-07,SI-7; SI-10,,Author mapping (no official NIST mapping for this rule),Not OT-specific,Medium,"Packing lines assign lot codes and the ERP links them to shipments. For contract growers, receiving tickets record the grower and block but not the field name the grower uses or the harvester contact",EV-077 (receiving ticket sample of 20 contract grower loads 2026-04),Partially met,Initial packer data incomplete for contract growers (R-025),Moderate,Capture field name and harvester contact at the receiving dock for every contract grower load,Vice President of Grower Services,2027-12-31,Compliance date: FDA proposed 2028-07-20 (90 FR 38084); Pub. L. 119-37 sec. 780 directs no enforcement before then
G-116,FDA Food Traceability Rule (readiness),21 CFR 1.1325(a)-(b) (FTR),21 CFR 1.1325(a)-(b),"For each listed raw agricultural commodity harvested or cooled before initial packing, keep the harvest or cooling key data elements and pass them to the initial packer",Binding regulation (records); not enforced before 2028-07-20,Yes - grower that harvests and cools listed foods,PR.DS-01,AU-3; SI-7,,Author mapping (no official NIST mapping for this rule),Not OT-specific,Low,"Field tally records field, commodity, quantity, and date. Forced-air cooling records sit in the packinghouse controls and are not linked to lots",EV-077 (SYS-01 tally report; cooling controller logs),Partially met,Cooling records not linked to lots,Low,Link cooling dates to receiving lots in the farm data hub,Packinghouse Manager,2027-12-31,Compliance date: FDA proposed 2028-07-20 (90 FR 38084); Pub. L. 119-37 sec. 780 directs no enforcement before then
G-117,FDA Food Traceability Rule (readiness),21 CFR 1.1340 (FTR),21 CFR 1.1340,"For each traceability lot shipped, keep the shipping key data elements and give the immediate subsequent recipient the lot code, quantity, product description, locations, ship date, and lot code source",Binding regulation (records); not enforced before 2028-07-20,Yes - shipper of listed foods,PR.DS-02,SI-7,,Author mapping (no official NIST mapping for this rule),Not OT-specific,Low,Advance ship notices to retail customers carry lot codes by EDI. Terminal market shipments use paper bills of lading without lot codes,EV-077 (EDI ASN sample; 10 terminal market bills of lading 2026-05),Partially met,Lot codes not passed to terminal market buyers,Low,Print lot codes on all bills of lading from the ERP,Director of Sales,2027-12-31,Compliance date: FDA proposed 2028-07-20 (90 FR 38084); Pub. L. 119-37 sec. 780 directs no enforcement before then
G-118,FDA Food Traceability Rule (readiness),21 CFR 1.1455(b)-(c)(2) (FTR),21 CFR 1.1455(b)-(c)(2),"Records kept by another entity on the company's behalf must be retrievable and provided onsite within 24 hours; records must be available to FDA within 24 hours of a request, with the information needed to understand them",Binding regulation (records); not enforced before 2028-07-20,Yes - records held in the FMIS and ERP SaaS,PR.DS-11; GV.SC-05,CP-9; SA-9,,Author mapping (no official NIST mapping for this rule),Not OT-specific,Medium,Mock recalls in 2025-11 and 2026-04 traced lots in 6 and 9 hours using SYS-01 and SYS-10. Both depend on vendor availability; vendor contracts do not commit to 24-hour retrieval,EV-043 (mock recall reports 2025-11 and 2026-04),Partially met,Retrieval depends on SaaS availability without contract terms,Low,Monthly export (POAM-022); retrieval terms at the FMIS and ERP renewals,Director of Food Safety and Quality,2027-06-30,Compliance date: FDA proposed 2028-07-20 (90 FR 38084); Pub. L. 119-37 sec. 780 directs no enforcement before then
G-119,FDA Food Traceability Rule (readiness),21 CFR 1.1455(c)(3)(ii) (FTR),21 CFR 1.1455(c)(3)(ii),"When FDA requests records to address a threat to public health, provide the key data elements in an electronic sortable spreadsheet within 24 hours (the farm exemption in 1.1455(c)(3)(iii)(A) is limited to farms with no more than $250,000 in average annual sales, inflation-adjusted)",Binding regulation (records); not enforced before 2028-07-20,"Yes - sales far above the $250,000 threshold",PR.DS-11; RC.RP-02,SI-12; CP-10,,Author mapping (no official NIST mapping for this rule),Not OT-specific,Medium,"Harvest, packing, and shipping data sit in 3 systems (SYS-01, packing line controllers, SYS-10). No combined spreadsheet export exists","EV-043 (mock recall 2026-04, data assembled by hand in 9 hours)",Not met,No electronic sortable spreadsheet (EV-043; R-025),Moderate,Integrate the key data elements in the farm data hub and test a spreadsheet export,Director of Food Safety and Quality,2027-12-31,Compliance date: FDA proposed 2028-07-20 (90 FR 38084); Pub. L. 119-37 sec. 780 directs no enforcement before then
G-120,FDA Food Traceability Rule (readiness),21 CFR 1.1455(d) (FTR),21 CFR 1.1455(d),Keep traceability records for 2 years from the date they were created or obtained,Binding regulation (records); not enforced before 2028-07-20,Yes,ID.AM-08; PR.DS-11,SI-12,,Author mapping (no official NIST mapping for this rule),Not OT-specific,Low,The ERP keeps 7 years of shipping records. SYS-01 keeps tally under the subscription. Packing line lot data is kept 90 days on the controllers,EV-077 (ERP retention setting; packing line configuration),Partially met,Packing line lot data kept too briefly,Low,Retention schedule (POAM-022); copy packing line lot data to the farm data hub,Director of Food Safety and Quality,2026-12-31,Compliance date: FDA proposed 2028-07-20 (90 FR 38084); Pub. L. 119-37 sec. 780 directs no enforcement before then
G-121,"H-2A program, earnings records",20 CFR 655.122(j)(1),20 CFR 655.122(j)(1),"Keep accurate and adequate records of each worker's earnings, including field tally records, hours offered and worked each day, start and end times, rate of pay, earnings per pay period, the home-country permanent address (and email and phone when available), and deductions",Binding regulation (records),Yes - H-2A employer (up to 370 workers),PR.AA-01; PR.DS-01,AU-10; IA-2; SI-7,,Author mapping (no official NIST mapping for this rule),Not OT-specific,High,"Field tally is in SYS-01, hours come from the biometric clocks, and pay is in the payroll service. All required fields were present for the 25 sampled workers, but 7 tally adjustments were edited without a record of who changed them or why","EV-078 (sample of 25 H-2A workers' records, May 2026 pay periods)",Partially met,Tally entries and edits not attributable (R-015),High,Named crew lead accounts (POAM-001); weekly tally edit review with reason codes (POAM-005),Farm Managers (3),2026-11-15,"DOL proposed rescinding parts of the 2024 farmworker rule (90 FR 28919, 2025-07-02); no final rule found as of 2026-09-25; the company follows the current text"
G-122,"H-2A program, earnings records",20 CFR 655.122(j)(2),20 CFR 655.122(j)(2),"Keep the records, including field tally and summary payroll records, safe and accessible at the place of employment or a central recordkeeping office, and make centrally kept records available within 72 hours of notice",Binding regulation (records),Yes - H-2A employer,PR.DS-01; PR.DS-11; PR.AA-05,AC-3; AC-6; CP-9,,Author mapping (no official NIST mapping for this rule),Not OT-specific,High,"Records are kept centrally at headquarters. The personnel share with passport and visa copies is readable by 46 accounts, and payroll exports sit in staff mailboxes","EV-074 (file share permissions 2026-07-22; mailbox search for payroll exports, 64 found)",Partially met,Records not kept safe (over-shared; R-003),High,Restrict the personnel share to HR; purge payroll exports after 90 days; egress alerts,HR Director,2027-01-31,None
G-123,"H-2A program, earnings records",20 CFR 655.122(j)(4),20 CFR 655.122(j)(4),Retain the records for not less than 3 years after the date of the certification,Binding regulation (records),Yes - H-2A employer,ID.AM-08; PR.DS-11,SI-12; CP-9,,Author mapping (no official NIST mapping for this rule),Not OT-specific,Medium,The payroll service keeps payroll history for 7 years. SYS-01 tally is kept under the subscription; there is no company-held copy or retention rule,EV-048 (payroll provider terms); EV-051 (SYS-01 subscription),Partially met,No retention rule or company-held copy of tally,Moderate,Retention schedule (3 years after each certification); season-end tally export (POAM-022),HR Director,2026-12-31,None
G-124,"H-2A program, earnings statements",20 CFR 655.122(k),20 CFR 655.122(k),"Give each worker, on or before each payday, a written statement of total earnings, rates, hours offered (separating the three-fourths guarantee), hours worked, deductions, units produced daily for piece rates, pay period dates, and the employer's name, address, and FEIN",Binding regulation (records),Yes - H-2A employer,RC.RP-02; PR.IR-03,CP-2,,Author mapping (no official NIST mapping for this rule),Not OT-specific,Medium,The payroll service produces bilingual statements with all 8 elements. There is no written procedure to issue statements if SYS-01 tally or the payroll service is down on a payday,EV-078 (sample of 25 statements May 2026); P05 BP-13,Partially met,No downtime procedure for statements,Moderate,Paper statement procedure in STD-07 and the P08 runbooks,HR Director,2026-12-31,None
G-125,"EPA Worker Protection Standard, application records","40 CFR 170.311(b)(1), (5)","40 CFR 170.311(b)(1), (5)","Display pesticide application and hazard information (safety data sheet, product name, EPA registration number, active ingredients, crop and treated area, application start and end, restricted-entry interval) no later than 24 hours after the end of the application",Binding regulation (records),Yes - agricultural employer,PR.IR-03; PR.DS-11,CP-2; CP-9,,Author mapping (no official NIST mapping for this rule),Not OT-specific,High,Applicators enter applications in SYS-01; Food Safety Coordinators print and post the display at each farm's central board,EV-077 (sample of 20 applications 2026-03 to 2026-05),Partially met,"1 of 20 sampled displays (Farm 1) was posted 31 hours after the application ended, during a SYS-01 mobile sync failure",Moderate,Paper application form fallback when SYS-01 is unavailable; daily check for unposted applications,Director of Food Safety and Quality,2026-11-30,None
G-126,"EPA Worker Protection Standard, application records",40 CFR 170.311(b)(6),40 CFR 170.311(b)(6),Retain the application and hazard information on the agricultural establishment for 2 years after the restricted-entry interval expires,Binding regulation (records),Yes - agricultural employer,PR.DS-11; ID.AM-08,SI-12; CP-9,,Author mapping (no official NIST mapping for this rule),Not OT-specific,Medium,Records are kept in SYS-01 with no company-held copy,EV-051 (SYS-01 subscription),Partially met,Retention depends on the vendor subscription,Moderate,Monthly export and retention schedule (POAM-022),Director of Food Safety and Quality,2026-12-31,None
G-127,"EPA Worker Protection Standard, application records",40 CFR 170.311(b)(7)-(9),40 CFR 170.311(b)(7)-(9),"Give workers and handlers a copy of or access to retained application information within 15 days of a request, give treating medical personnel prompt access, and give designated representatives access within 15 days",Binding regulation (records),Yes - agricultural employer,GV.OC-03,SI-12,,Author mapping (no official NIST mapping for this rule),Not OT-specific,Low,HR handles requests with the Food Safety Coordinators; 2 requests in 2025 were answered within 5 days,EV-077 (request log 2025),Met,None,Very Low,None,Director of Food Safety and Quality,,None
G-128,"PACA, growers' agent accounting",7 CFR 46.32(b),7 CFR 46.32(b),"A growers' agent must keep complete records that can be audited, identify and segregate each grower's lots, record the results of packing and grading (quantity lost and quantity and quality packed out), and render prompt, accurate, and detailed accountings; under a pool agreement the accounting must show how pool costs and pool sales prices are computed",Binding regulation (records),"Yes - Grower Services packs and markets produce for about 30 growers (growers' agent, 7 CFR 46.2(q))",PR.DS-01; ID.RA-07,SI-10; SI-7; CM-3; AU-10,,Author mapping (no official NIST mapping for this rule),Not OT-specific,High,"Settlement statements show pool prices, charges, and pack-out by grade, and receiving tickets segregate lots by grower. Grade data from the optical graders is not reconciled to packed cases, and 10 settlement code changes in 12 months had no company review","EV-079 (reperformance of 5 weekly settlements, 2026-04 to 2026-05); EV-053 (settlement service deployment history)",Partially met,"Settlement accuracy not independently checked (R-012, R-031)",Moderate,Weekly grade-to-case reconciliation and hand-grade audit sample (POAM-023); company approval gate for settlement code (POAM-017),Vice President of Grower Services,2027-03-31,None
G-129,Florida Information Protection Act (data security),Fla. Stat. 501.171(2),Fla. Stat. 501.171(2),"Each covered entity and third-party agent must take reasonable measures to protect and secure electronic data containing personal information, which includes Social Security, passport, and financial account numbers, biometric data as defined in s. 501.702, and geolocation, with a name",Binding state law,Yes - commercial entity holding personal information of Florida residents,GV.OC-03; PR.DS-01; PR.AA-05,SC-28; AC-3; AC-6; RA-3,,Author mapping (no official NIST mapping for this rule),Not OT-specific,High,"MFA, EDR, and cloud encryption are in place. The personnel share is over-shared, biometric templates on 14 time clocks have no retention rule, telematics location history has standing dealer access, and there is no data inventory","Rows G-037, G-057, G-061; EV-074 (file share scan 2026-07-22); EV-042 (time clocks); EV-010 (telematics location history)",Partially met,"Reasonable measures not yet in place for personnel, biometric, and telematics data (R-003, R-035, R-017)",High,Data inventory; restrict the personnel share; delete clock templates within 30 days of separation; on-request dealer access,HR Director,2027-01-31,None
G-130,Florida Information Protection Act (breach notice),Fla. Stat. 501.171(3),Fla. Stat. 501.171(3),Notify the Department of Legal Affairs of a breach affecting 500 or more individuals in Florida no later than 30 days after determination of the breach or reason to believe a breach occurred (the 15-day good-cause extension applies only to notice to individuals),Binding state law,"Yes - applies if 500 or more Floridians are affected (workers, staff, and about 9,000 online customers)",RS.CO-02,IR-6,,Author mapping (no official NIST mapping for this rule),Not OT-specific,Medium,The P08 notification matrix (2026-09-15) covers the Department notice; it has not been exercised,P08 notification-matrix.csv,Partially met,Procedure new and untested,Moderate,Tabletop 2026-11-10 covering the notice decision (POAM-014),Chief Operating Officer,2026-11-30,None
G-131,Florida Information Protection Act (breach notice),Fla. Stat. 501.171(4),Fla. Stat. 501.171(4),"Notify each affected Florida individual by mail or email no later than 30 days after determination, with the date range, information involved, and a contact, unless law enforcement delays notice in writing or the company documents in writing (kept 5 years, copy to the Department within 30 days) that the breach will not likely result in identity theft or financial harm",Binding state law,Yes,RS.CO-02; RS.AN-08,IR-6; IR-4,,Author mapping (no official NIST mapping for this rule),Not OT-specific,High,"English notice templates are drafted in P08. There is no Spanish template, and email and phone details for seasonal workers are incomplete","P08; EV-078 (HR contact data sample of 25 H-2A workers, 9 without email)",Partially met,Templates and worker contact data incomplete,Moderate,"Spanish notice template; collect permanent email and phone at onboarding, as 655.122(j)(1) already asks",HR Director,2026-11-30,None
G-132,Florida Information Protection Act (breach notice),Fla. Stat. 501.171(5),Fla. Stat. 501.171(5),"If notice is required to more than 1,000 individuals at a single time, notify the nationwide consumer reporting agencies without unreasonable delay",Binding state law,"Yes if more than 1,000 are notified (about 9,000 online customers; up to 600 workers)",RS.CO-02,IR-6,,Author mapping (no official NIST mapping for this rule),Not OT-specific,Low,Covered in the P08 matrix,P08,Partially met,Untested,Low,Include in the 2026-11-10 tabletop,Chief Operating Officer,2026-11-30,None
G-133,Florida Information Protection Act (third-party agents),Fla. Stat. 501.171(6),Fla. Stat. 501.171(6),A third-party agent must notify the covered entity of a breach of its system no later than 10 days after determination and give the entity what it needs to provide notice,Binding state law,"Yes - payroll provider, HR SaaS, e-commerce vendor, and FMIS vendor hold personal information for the company",GV.SC-05; GV.SC-08,SA-9; IR-6,,Author mapping (no official NIST mapping for this rule),Not OT-specific,Medium,The statute binds the agents directly. The Security Manager is registered as breach contact with the payroll provider only; other contracts are silent,EV-048 (vendor contact records); EV-080 (contract sample),Partially met,Agents cannot reach the right person; contracts silent,Low,Register the breach contact with each agent; add notice terms at renewal (STD-03),Security Manager,2026-12-31,None
G-134,Florida Information Protection Act (disposal),Fla. Stat. 501.171(8),Fla. Stat. 501.171(8),"Take all reasonable measures to dispose of customer records containing personal information when they are no longer to be retained, by shredding, erasing, or otherwise making the information unreadable",Binding state law,"Yes - online customer records, worker and grower records",ID.AM-08; PR.DS-01,MP-6; SI-12,,Author mapping (no official NIST mapping for this rule),Not OT-specific,Medium,"Online store accounts are kept indefinitely; replaced HMIs, line PCs, and 2 time clocks were returned to vendors without wiping",EV-069 (walk-through 2026-07-16); EV-045 (asset disposal log 2025-2026); EV-064 (online store accounts),Not met,No retention limit or disposal method for customer and worker records,Moderate,Retention and disposal rules in POL-04; wipe or destruction certificates for all returned devices (POAM-022),IT Director,2026-12-31,None
G-135,"PCI DSS (contractual, via the acquirer agreement)",Acquirer merchant agreement,PCI DSS v4.0.1 merchant validation,Annual PCI DSS self-assessment questionnaire as the acquirer requires (requirement IDs and text not reproduced; copyrighted standard),Contractual,Yes - card-accepting merchant (on-farm market and online store),GV.OC-03; PR.DS-02,SA-9; SC-8,,Author mapping (no official NIST mapping for this rule),Not OT-specific,Medium,Processor-managed P2PE terminals and the e-commerce vendor's hosted payment page keep card data off company systems; questionnaire completed 2026-02,EV-060 (processor compliance portal record 2026-02),Met,None,Very Low,Repeat annually,Director of Sales,2027-02-28,None
G-136,Retail supplier agreements (contractual),Retail supplier agreements (contract),Retail supplier agreements: notice and food defense terms,"Notify the customer within 24 hours of any event that could affect product safety, traceability, or committed volumes; keep a food defense plan, lot traceability, and an annual third-party food safety audit",Contractual,Yes - about 55% of produce sales,RS.CO-02; GV.OC-03,IR-6,,Author mapping (no official NIST mapping for this rule),Not OT-specific,High,The food safety team notifies customers of quality events. Cyber events (for example an OT integrity incident or an ERP outage) were not in the notice procedure before P08,"EV-056 (supplier agreements; notice log 2025-2026, 3 quality notices)",Partially met,Cyber events not in the customer notice procedure,Moderate,Customer notice steps in both P08 runbooks; exercise in the tabletops,Director of Sales,2026-11-30,None
G-137,FSMA intentional adulteration rule (N11-R01),N11-R01 (21 CFR 121.1; 121.5(d); 21 CFR 1.226(b)),21 CFR Part 121,"Food defense plan with vulnerability assessment, mitigation strategies, monitoring, corrective actions, verification, and training for registered food facilities",Binding regulation,"No - applies only to facilities required to register under FD&C Act section 415 (121.1); farms, including secondary activities farms, are exempt from registration (21 CFR 1.226(b)); farm activities subject to 21 CFR Part 112 are exempt (121.5(d))",GV.OC-03,,,Author mapping (no official NIST mapping for this rule),Not OT-specific,Low,"Not applicable. Used as a voluntary checklist for the food defense plan retail customers require (fertigation, packinghouse water, ripening rooms; P01 R-006)",P03 section 1; EV-043 (food defense plan 2025); EV-059 (no food facility registration),Not applicable,None,Very Low,Recheck if the company begins processing food (for example fresh-cut or value-added products) or acquires a facility that must register,Chief Operating Officer,,None
