control_id,objective_id,determination_statement_summary,method,test_type,assessment_object,evidence_ref,finding,finding_detail,risk_level,poam_id
AC-2,AC-02a.[01],account types allowed for use within the system are defined and documented;,Examine; Interview; Test,Operating effectiveness,"Identity governance workflows; SYS-01 to SYS-04 user exports; E-Verify user list; integration service account inventory; HR termination records. Population: 2,310 ALPP account events (2026-01-01 to 2026-06-30); 2,900 enterprise and 160 ACQ-1 terminations; about 1,100 E-Verify accounts; about 400 client integrations. Sample: 60 account events (random); 60 enterprise and 40 ACQ-1 terminations (stratified); 100% of E-Verify accounts and integrations (analytics)",EV-AC-2,Satisfied,Sampled events matched approved requests and role templates,,
AC-2,AC-02a.[02],account types specifically prohibited for use within the system are defined and documented;,Examine; Interview; Test,Operating effectiveness,"Identity governance workflows; SYS-01 to SYS-04 user exports; E-Verify user list; integration service account inventory; HR termination records. Population: 2,310 ALPP account events (2026-01-01 to 2026-06-30); 2,900 enterprise and 160 ACQ-1 terminations; about 1,100 E-Verify accounts; about 400 client integrations. Sample: 60 account events (random); 60 enterprise and 40 ACQ-1 terminations (stratified); 100% of E-Verify accounts and integrations (analytics)",EV-AC-2,Satisfied,Sampled events matched approved requests and role templates,,
AC-2,AC-02b.,account managers are assigned;,Examine; Interview; Test,Operating effectiveness,"Identity governance workflows; SYS-01 to SYS-04 user exports; E-Verify user list; integration service account inventory; HR termination records. Population: 2,310 ALPP account events (2026-01-01 to 2026-06-30); 2,900 enterprise and 160 ACQ-1 terminations; about 1,100 E-Verify accounts; about 400 client integrations. Sample: 60 account events (random); 60 enterprise and 40 ACQ-1 terminations (stratified); 100% of E-Verify accounts and integrations (analytics)",EV-AC-2,Satisfied,Sampled events matched approved requests and role templates,,
AC-2,AC-02c.,[organization-defined value] for group and role membership are required;,Examine; Interview; Test,Operating effectiveness,"Identity governance workflows; SYS-01 to SYS-04 user exports; E-Verify user list; integration service account inventory; HR termination records. Population: 2,310 ALPP account events (2026-01-01 to 2026-06-30); 2,900 enterprise and 160 ACQ-1 terminations; about 1,100 E-Verify accounts; about 400 client integrations. Sample: 60 account events (random); 60 enterprise and 40 ACQ-1 terminations (stratified); 100% of E-Verify accounts and integrations (analytics)",EV-AC-2,Satisfied,Sampled events matched approved requests and role templates,,
AC-2,AC-02d.01,authorized users of the system are specified;,Examine; Interview; Test,Operating effectiveness,"Identity governance workflows; SYS-01 to SYS-04 user exports; E-Verify user list; integration service account inventory; HR termination records. Population: 2,310 ALPP account events (2026-01-01 to 2026-06-30); 2,900 enterprise and 160 ACQ-1 terminations; about 1,100 E-Verify accounts; about 400 client integrations. Sample: 60 account events (random); 60 enterprise and 40 ACQ-1 terminations (stratified); 100% of E-Verify accounts and integrations (analytics)",EV-AC-2,Satisfied,Sampled events matched approved requests and role templates,,
AC-2,AC-02d.02,group and role membership are specified;,Examine; Interview; Test,Operating effectiveness,"Identity governance workflows; SYS-01 to SYS-04 user exports; E-Verify user list; integration service account inventory; HR termination records. Population: 2,310 ALPP account events (2026-01-01 to 2026-06-30); 2,900 enterprise and 160 ACQ-1 terminations; about 1,100 E-Verify accounts; about 400 client integrations. Sample: 60 account events (random); 60 enterprise and 40 ACQ-1 terminations (stratified); 100% of E-Verify accounts and integrations (analytics)",EV-AC-2,Satisfied,Sampled events matched approved requests and role templates,,
AC-2,AC-02d.03[01],"access authorizations (i.e., privileges) are specified for each account;",Examine; Interview; Test,Operating effectiveness,"Identity governance workflows; SYS-01 to SYS-04 user exports; E-Verify user list; integration service account inventory; HR termination records. Population: 2,310 ALPP account events (2026-01-01 to 2026-06-30); 2,900 enterprise and 160 ACQ-1 terminations; about 1,100 E-Verify accounts; about 400 client integrations. Sample: 60 account events (random); 60 enterprise and 40 ACQ-1 terminations (stratified); 100% of E-Verify accounts and integrations (analytics)",EV-AC-2,Satisfied,Sampled events matched approved requests and role templates,,
AC-2,AC-02d.03[02],[organization-defined value] are specified for each account;,Examine; Interview; Test,Operating effectiveness,"Identity governance workflows; SYS-01 to SYS-04 user exports; E-Verify user list; integration service account inventory; HR termination records. Population: 2,310 ALPP account events (2026-01-01 to 2026-06-30); 2,900 enterprise and 160 ACQ-1 terminations; about 1,100 E-Verify accounts; about 400 client integrations. Sample: 60 account events (random); 60 enterprise and 40 ACQ-1 terminations (stratified); 100% of E-Verify accounts and integrations (analytics)",EV-AC-2,Satisfied,Sampled events matched approved requests and role templates,,
AC-2,AC-02e.,approvals are required by [organization-defined value] for requests to create accounts;,Examine; Interview; Test,Operating effectiveness,"Identity governance workflows; SYS-01 to SYS-04 user exports; E-Verify user list; integration service account inventory; HR termination records. Population: 2,310 ALPP account events (2026-01-01 to 2026-06-30); 2,900 enterprise and 160 ACQ-1 terminations; about 1,100 E-Verify accounts; about 400 client integrations. Sample: 60 account events (random); 60 enterprise and 40 ACQ-1 terminations (stratified); 100% of E-Verify accounts and integrations (analytics)",EV-AC-2,Satisfied,Sampled events matched approved requests and role templates,,
AC-2,AC-02f.[01],accounts are created in accordance with [organization-defined value];,Examine; Interview; Test,Operating effectiveness,"Identity governance workflows; SYS-01 to SYS-04 user exports; E-Verify user list; integration service account inventory; HR termination records. Population: 2,310 ALPP account events (2026-01-01 to 2026-06-30); 2,900 enterprise and 160 ACQ-1 terminations; about 1,100 E-Verify accounts; about 400 client integrations. Sample: 60 account events (random); 60 enterprise and 40 ACQ-1 terminations (stratified); 100% of E-Verify accounts and integrations (analytics)",EV-AC-2,Satisfied,Sampled events matched approved requests and role templates,,
AC-2,AC-02f.[02],accounts are enabled in accordance with [organization-defined value];,Examine; Interview; Test,Operating effectiveness,"Identity governance workflows; SYS-01 to SYS-04 user exports; E-Verify user list; integration service account inventory; HR termination records. Population: 2,310 ALPP account events (2026-01-01 to 2026-06-30); 2,900 enterprise and 160 ACQ-1 terminations; about 1,100 E-Verify accounts; about 400 client integrations. Sample: 60 account events (random); 60 enterprise and 40 ACQ-1 terminations (stratified); 100% of E-Verify accounts and integrations (analytics)",EV-AC-2,Satisfied,Sampled events matched approved requests and role templates,,
AC-2,AC-02f.[03],accounts are modified in accordance with [organization-defined value];,Examine; Interview; Test,Operating effectiveness,"Identity governance workflows; SYS-01 to SYS-04 user exports; E-Verify user list; integration service account inventory; HR termination records. Population: 2,310 ALPP account events (2026-01-01 to 2026-06-30); 2,900 enterprise and 160 ACQ-1 terminations; about 1,100 E-Verify accounts; about 400 client integrations. Sample: 60 account events (random); 60 enterprise and 40 ACQ-1 terminations (stratified); 100% of E-Verify accounts and integrations (analytics)",EV-AC-2,Satisfied,Sampled events matched approved requests and role templates,,
AC-2,AC-02f.[04],accounts are disabled in accordance with [organization-defined value];,Examine; Interview; Test,Operating effectiveness,"Identity governance workflows; SYS-01 to SYS-04 user exports; E-Verify user list; integration service account inventory; HR termination records. Population: 2,310 ALPP account events (2026-01-01 to 2026-06-30); 2,900 enterprise and 160 ACQ-1 terminations; about 1,100 E-Verify accounts; about 400 client integrations. Sample: 60 account events (random); 60 enterprise and 40 ACQ-1 terminations (stratified); 100% of E-Verify accounts and integrations (analytics)",EV-AC-2,Other than satisfied,3 of 40 sampled ACQ-1 terminations were disabled 2 to 9 days late; 37 departed users still held E-Verify accounts,High,POAM-002
AC-2,AC-02f.[05],accounts are removed in accordance with [organization-defined value];,Examine; Interview; Test,Operating effectiveness,"Identity governance workflows; SYS-01 to SYS-04 user exports; E-Verify user list; integration service account inventory; HR termination records. Population: 2,310 ALPP account events (2026-01-01 to 2026-06-30); 2,900 enterprise and 160 ACQ-1 terminations; about 1,100 E-Verify accounts; about 400 client integrations. Sample: 60 account events (random); 60 enterprise and 40 ACQ-1 terminations (stratified); 100% of E-Verify accounts and integrations (analytics)",EV-AC-2,Satisfied,Sampled events matched approved requests and role templates,,
AC-2,AC-02g.,the use of accounts is monitored;,Examine; Interview; Test,Operating effectiveness,"Identity governance workflows; SYS-01 to SYS-04 user exports; E-Verify user list; integration service account inventory; HR termination records. Population: 2,310 ALPP account events (2026-01-01 to 2026-06-30); 2,900 enterprise and 160 ACQ-1 terminations; about 1,100 E-Verify accounts; about 400 client integrations. Sample: 60 account events (random); 60 enterprise and 40 ACQ-1 terminations (stratified); 100% of E-Verify accounts and integrations (analytics)",EV-AC-2,Satisfied,Sampled events matched approved requests and role templates,,
AC-2,AC-02h.01,account managers and [organization-defined value] are notified within [organization-defined value] when accounts are no longer required;,Examine; Interview; Test,Operating effectiveness,"Identity governance workflows; SYS-01 to SYS-04 user exports; E-Verify user list; integration service account inventory; HR termination records. Population: 2,310 ALPP account events (2026-01-01 to 2026-06-30); 2,900 enterprise and 160 ACQ-1 terminations; about 1,100 E-Verify accounts; about 400 client integrations. Sample: 60 account events (random); 60 enterprise and 40 ACQ-1 terminations (stratified); 100% of E-Verify accounts and integrations (analytics)",EV-AC-2,Satisfied,Sampled events matched approved requests and role templates,,
AC-2,AC-02h.02,account managers and [organization-defined value] are notified within [organization-defined value] when users are terminated or transferred;,Examine; Interview; Test,Operating effectiveness,"Identity governance workflows; SYS-01 to SYS-04 user exports; E-Verify user list; integration service account inventory; HR termination records. Population: 2,310 ALPP account events (2026-01-01 to 2026-06-30); 2,900 enterprise and 160 ACQ-1 terminations; about 1,100 E-Verify accounts; about 400 client integrations. Sample: 60 account events (random); 60 enterprise and 40 ACQ-1 terminations (stratified); 100% of E-Verify accounts and integrations (analytics)",EV-AC-2,Other than satisfied,E-Verify program administrators receive no termination notice; disablement depends on a quarterly review,Moderate,POAM-006
AC-2,AC-02h.03,account managers and [organization-defined value] are notified within [organization-defined value] when system usage or the need to know changes for an individual;,Examine; Interview; Test,Operating effectiveness,"Identity governance workflows; SYS-01 to SYS-04 user exports; E-Verify user list; integration service account inventory; HR termination records. Population: 2,310 ALPP account events (2026-01-01 to 2026-06-30); 2,900 enterprise and 160 ACQ-1 terminations; about 1,100 E-Verify accounts; about 400 client integrations. Sample: 60 account events (random); 60 enterprise and 40 ACQ-1 terminations (stratified); 100% of E-Verify accounts and integrations (analytics)",EV-AC-2,Satisfied,Sampled events matched approved requests and role templates,,
AC-2,AC-02i.01,access to the system is authorized based on a valid access authorization;,Examine; Interview; Test,Operating effectiveness,"Identity governance workflows; SYS-01 to SYS-04 user exports; E-Verify user list; integration service account inventory; HR termination records. Population: 2,310 ALPP account events (2026-01-01 to 2026-06-30); 2,900 enterprise and 160 ACQ-1 terminations; about 1,100 E-Verify accounts; about 400 client integrations. Sample: 60 account events (random); 60 enterprise and 40 ACQ-1 terminations (stratified); 100% of E-Verify accounts and integrations (analytics)",EV-AC-2,Satisfied,Sampled events matched approved requests and role templates,,
AC-2,AC-02i.02,access to the system is authorized based on intended system usage;,Examine; Interview; Test,Operating effectiveness,"Identity governance workflows; SYS-01 to SYS-04 user exports; E-Verify user list; integration service account inventory; HR termination records. Population: 2,310 ALPP account events (2026-01-01 to 2026-06-30); 2,900 enterprise and 160 ACQ-1 terminations; about 1,100 E-Verify accounts; about 400 client integrations. Sample: 60 account events (random); 60 enterprise and 40 ACQ-1 terminations (stratified); 100% of E-Verify accounts and integrations (analytics)",EV-AC-2,Satisfied,Sampled events matched approved requests and role templates,,
AC-2,AC-02i.03,access to the system is authorized based on [organization-defined value];,Examine; Interview; Test,Operating effectiveness,"Identity governance workflows; SYS-01 to SYS-04 user exports; E-Verify user list; integration service account inventory; HR termination records. Population: 2,310 ALPP account events (2026-01-01 to 2026-06-30); 2,900 enterprise and 160 ACQ-1 terminations; about 1,100 E-Verify accounts; about 400 client integrations. Sample: 60 account events (random); 60 enterprise and 40 ACQ-1 terminations (stratified); 100% of E-Verify accounts and integrations (analytics)",EV-AC-2,Satisfied,Sampled events matched approved requests and role templates,,
AC-2,AC-02j.,accounts are reviewed for compliance with account management requirements [organization-defined value];,Examine; Interview; Test,Operating effectiveness,"Identity governance workflows; SYS-01 to SYS-04 user exports; E-Verify user list; integration service account inventory; HR termination records. Population: 2,310 ALPP account events (2026-01-01 to 2026-06-30); 2,900 enterprise and 160 ACQ-1 terminations; about 1,100 E-Verify accounts; about 400 client integrations. Sample: 60 account events (random); 60 enterprise and 40 ACQ-1 terminations (stratified); 100% of E-Verify accounts and integrations (analytics)",EV-AC-2,Other than satisfied,"Client integration service accounts (about 400) have never been reviewed; E-Verify accounts reviewed quarterly, not monthly as STD-02.1 requires",High,POAM-008
AC-2,AC-02k.[01],a process is established for changing shared or group account authenticators (if deployed) when individuals are removed from the group;,Examine; Interview; Test,Operating effectiveness,"Identity governance workflows; SYS-01 to SYS-04 user exports; E-Verify user list; integration service account inventory; HR termination records. Population: 2,310 ALPP account events (2026-01-01 to 2026-06-30); 2,900 enterprise and 160 ACQ-1 terminations; about 1,100 E-Verify accounts; about 400 client integrations. Sample: 60 account events (random); 60 enterprise and 40 ACQ-1 terminations (stratified); 100% of E-Verify accounts and integrations (analytics)",EV-AC-2,Satisfied,Sampled events matched approved requests and role templates,,
AC-2,AC-02k.[02],a process is implemented for changing shared or group account authenticators (if deployed) when individuals are removed from the group;,Examine; Interview; Test,Operating effectiveness,"Identity governance workflows; SYS-01 to SYS-04 user exports; E-Verify user list; integration service account inventory; HR termination records. Population: 2,310 ALPP account events (2026-01-01 to 2026-06-30); 2,900 enterprise and 160 ACQ-1 terminations; about 1,100 E-Verify accounts; about 400 client integrations. Sample: 60 account events (random); 60 enterprise and 40 ACQ-1 terminations (stratified); 100% of E-Verify accounts and integrations (analytics)",EV-AC-2,Other than satisfied,Shared client integration accounts are not re-keyed when client or firm staff with knowledge of the key leave,High,POAM-008
AC-2,AC-02l.[01],account management processes are aligned with personnel termination processes;,Examine; Interview; Test,Operating effectiveness,"Identity governance workflows; SYS-01 to SYS-04 user exports; E-Verify user list; integration service account inventory; HR termination records. Population: 2,310 ALPP account events (2026-01-01 to 2026-06-30); 2,900 enterprise and 160 ACQ-1 terminations; about 1,100 E-Verify accounts; about 400 client integrations. Sample: 60 account events (random); 60 enterprise and 40 ACQ-1 terminations (stratified); 100% of E-Verify accounts and integrations (analytics)",EV-AC-2,Other than satisfied,E-Verify access is not part of the HR termination process,Moderate,POAM-006
AC-2,AC-02l.[02],account management processes are aligned with personnel transfer processes.,Examine; Interview; Test,Operating effectiveness,"Identity governance workflows; SYS-01 to SYS-04 user exports; E-Verify user list; integration service account inventory; HR termination records. Population: 2,310 ALPP account events (2026-01-01 to 2026-06-30); 2,900 enterprise and 160 ACQ-1 terminations; about 1,100 E-Verify accounts; about 400 client integrations. Sample: 60 account events (random); 60 enterprise and 40 ACQ-1 terminations (stratified); 100% of E-Verify accounts and integrations (analytics)",EV-AC-2,Satisfied,Sampled events matched approved requests and role templates,,
AC-2(12),AC-02(12)(a),system accounts are monitored for [organization-defined value];,Examine; Test,Operating effectiveness,"Fraud rule set; bank-change records; SIEM rules. Population: About 41,000 associate and 1,900 staff bank changes (2026 H1). Sample: 100% (analytics); 60 flagged associate changes reviewed",EV-AC-2(12),Other than satisfied,"Associate bank changes are not monitored for atypical use (new device, new location, change shortly before payroll); 11 of 60 flagged changes reviewed were confirmed fraudulent",High,POAM-001
AC-2(12),AC-02(12)(b),atypical usage of system accounts is reported to [organization-defined value].,Examine; Test,Operating effectiveness,"Fraud rule set; bank-change records; SIEM rules. Population: About 41,000 associate and 1,900 staff bank changes (2026 H1). Sample: 100% (analytics); 60 flagged associate changes reviewed",EV-AC-2(12),Satisfied,"Atypical staff bank changes are scored, held, and reported to the fraud team",,
AC-3,AC-03,approved authorizations for logical access to information and system resources are enforced in accordance with applicable access control policies.,Examine; Test,Operating effectiveness,"ALPP role matrix; SYS-02 role export; access tests with audit test accounts. Population: About 9,800 workforce users. Sample: 25 users (random); 4 test accounts",EV-AC-3,Satisfied,Access matched the role matrix; Form I-9 images and consumer reports not reachable from recruiter roles,,
AC-5,AC-05a.,[organization-defined value] are identified and documented;,Examine; Interview; Test,Operating effectiveness,Payroll role matrix; SYS-03 role assignments; Payroll Engine Application Manager interview. Population: 38 users with the payroll configuration administrator role. Sample: 100%,EV-AC-5,Satisfied,Separation of duties documented,,
AC-5,AC-05b.,system access authorizations to support separation of duties are defined.,Examine; Interview; Test,Operating effectiveness,Payroll role matrix; SYS-03 role assignments; Payroll Engine Application Manager interview. Population: 38 users with the payroll configuration administrator role. Sample: 100%,EV-AC-5,Other than satisfied,All 38 payroll configuration administrators can also release a payroll; the role design does not enforce the documented separation,High,POAM-015
AC-6,AC-06,"the principle of least privilege is employed, allowing only authorized accesses for users (or processes acting on behalf of users) that are necessary to accomplish assigned organizational tasks.",Examine; Test,Operating effectiveness,"PAM elevation sessions; export rights list. Population: 2,640 PAM sessions to payroll engine servers and database. Sample: 25 sessions (random)",EV-AC-6,Satisfied,"Sessions approved, time-limited, and recorded; bulk export rights limited to 14 roles",,
AC-17,AC-17a.[01],usage restrictions are established and documented for each type of remote access allowed;,Examine; Test,Operating effectiveness,Zero-trust access policies; PAM vendor gateway log. Population: 3 remote access paths; 6 vendor support accounts. Sample: 100%,EV-AC-17,Satisfied,"Remote and vendor access only through approved, recorded paths",,
AC-17,AC-17a.[02],configuration/connection requirements are established and documented for each type of remote access allowed;,Examine; Test,Operating effectiveness,Zero-trust access policies; PAM vendor gateway log. Population: 3 remote access paths; 6 vendor support accounts. Sample: 100%,EV-AC-17,Satisfied,"Remote and vendor access only through approved, recorded paths",,
AC-17,AC-17a.[03],implementation guidance is established and documented for each type of remote access allowed;,Examine; Test,Operating effectiveness,Zero-trust access policies; PAM vendor gateway log. Population: 3 remote access paths; 6 vendor support accounts. Sample: 100%,EV-AC-17,Satisfied,"Remote and vendor access only through approved, recorded paths",,
AC-17,AC-17b.,each type of remote access to the system is authorized prior to allowing such connections.,Examine; Test,Operating effectiveness,Zero-trust access policies; PAM vendor gateway log. Population: 3 remote access paths; 6 vendor support accounts. Sample: 100%,EV-AC-17,Satisfied,"Remote and vendor access only through approved, recorded paths",,
AT-2,AT-02a.01[01],"security literacy training is provided to system users (including managers, senior executives, and contractors) as part of initial training for new users;",Examine; Interview,Operating effectiveness,"Learning system; phishing simulation results. Population: 12,000 internal employees (about 9,800 ALPP users). Sample: 60 training records (random); 6 months of simulation results",EV-AT-2,Satisfied,Training complete for 59 of 60 (1 on approved leave); click rate 3.1%,,
AT-2,AT-02a.01[02],"privacy literacy training is provided to system users (including managers, senior executives, and contractors) as part of initial training for new users;",Examine; Interview,Operating effectiveness,"Learning system; phishing simulation results. Population: 12,000 internal employees (about 9,800 ALPP users). Sample: 60 training records (random); 6 months of simulation results",EV-AT-2,Satisfied,Training complete for 59 of 60 (1 on approved leave); click rate 3.1%,,
AT-2,AT-02a.01[03],"security literacy training is provided to system users (including managers, senior executives, and contractors) [organization-defined value] thereafter;",Examine; Interview,Operating effectiveness,"Learning system; phishing simulation results. Population: 12,000 internal employees (about 9,800 ALPP users). Sample: 60 training records (random); 6 months of simulation results",EV-AT-2,Satisfied,Training complete for 59 of 60 (1 on approved leave); click rate 3.1%,,
AT-2,AT-02a.01[04],"privacy literacy training is provided to system users (including managers, senior executives, and contractors) [organization-defined value] thereafter;",Examine; Interview,Operating effectiveness,"Learning system; phishing simulation results. Population: 12,000 internal employees (about 9,800 ALPP users). Sample: 60 training records (random); 6 months of simulation results",EV-AT-2,Satisfied,Training complete for 59 of 60 (1 on approved leave); click rate 3.1%,,
AT-2,AT-02a.02[01],"security literacy training is provided to system users (including managers, senior executives, and contractors) when required by system changes or following [organization-defined value];",Examine; Interview,Operating effectiveness,"Learning system; phishing simulation results. Population: 12,000 internal employees (about 9,800 ALPP users). Sample: 60 training records (random); 6 months of simulation results",EV-AT-2,Satisfied,Training complete for 59 of 60 (1 on approved leave); click rate 3.1%,,
AT-2,AT-02a.02[02],"privacy literacy training is provided to system users (including managers, senior executives, and contractors) when required by system changes or following [organization-defined value];",Examine; Interview,Operating effectiveness,"Learning system; phishing simulation results. Population: 12,000 internal employees (about 9,800 ALPP users). Sample: 60 training records (random); 6 months of simulation results",EV-AT-2,Satisfied,Training complete for 59 of 60 (1 on approved leave); click rate 3.1%,,
AT-2,AT-02b.,[organization-defined value] are employed to increase the security and privacy awareness of system users;,Examine; Interview,Operating effectiveness,"Learning system; phishing simulation results. Population: 12,000 internal employees (about 9,800 ALPP users). Sample: 60 training records (random); 6 months of simulation results",EV-AT-2,Satisfied,Training complete for 59 of 60 (1 on approved leave); click rate 3.1%,,
AT-2,AT-02c.[01],literacy training and awareness content is updated [organization-defined value];,Examine; Interview,Operating effectiveness,"Learning system; phishing simulation results. Population: 12,000 internal employees (about 9,800 ALPP users). Sample: 60 training records (random); 6 months of simulation results",EV-AT-2,Satisfied,Training complete for 59 of 60 (1 on approved leave); click rate 3.1%,,
AT-2,AT-02c.[02],literacy training and awareness content is updated following [organization-defined value];,Examine; Interview,Operating effectiveness,"Learning system; phishing simulation results. Population: 12,000 internal employees (about 9,800 ALPP users). Sample: 60 training records (random); 6 months of simulation results",EV-AT-2,Satisfied,Training complete for 59 of 60 (1 on approved leave); click rate 3.1%,,
AT-2,AT-02d.,lessons learned from internal or external security incidents or breaches are incorporated into literacy training and awareness techniques.,Examine; Interview,Operating effectiveness,"Learning system; phishing simulation results. Population: 12,000 internal employees (about 9,800 ALPP users). Sample: 60 training records (random); 6 months of simulation results",EV-AT-2,Satisfied,Training complete for 59 of 60 (1 on approved leave); click rate 3.1%,,
AT-3,AT-03a.01[01],"role-based security training is provided to [organization-defined value] before authorizing access to the system, information, or performing assigned duties;",Examine; Interview; Test,Operating effectiveness,Role-based curricula; Associate Service Center training records; mystery-shopper results. Population: About 380 Associate Service Center agents; 650 onboarding specialists; 420 payroll staff. Sample: 25 records per group (random); 10 mystery-shopper calls,EV-AT-3,Other than satisfied,Associate Service Center agents receive no training on bank-change social engineering before handling changes; 2 of 10 mystery-shopper calls changed a bank account,High,POAM-018
AT-3,AT-03a.01[02],"role-based privacy training is provided to [organization-defined value] before authorizing access to the system, information, or performing assigned duties;",Examine; Interview; Test,Operating effectiveness,Role-based curricula; Associate Service Center training records; mystery-shopper results. Population: About 380 Associate Service Center agents; 650 onboarding specialists; 420 payroll staff. Sample: 25 records per group (random); 10 mystery-shopper calls,EV-AT-3,Satisfied,"Role-based training for payroll approvers, I-9 reviewers, and administrators completed before access",,
AT-3,AT-03a.01[03],role-based security training is provided to [organization-defined value] [organization-defined value] thereafter;,Examine; Interview; Test,Operating effectiveness,Role-based curricula; Associate Service Center training records; mystery-shopper results. Population: About 380 Associate Service Center agents; 650 onboarding specialists; 420 payroll staff. Sample: 25 records per group (random); 10 mystery-shopper calls,EV-AT-3,Satisfied,"Role-based training for payroll approvers, I-9 reviewers, and administrators completed before access",,
AT-3,AT-03a.01[04],role-based privacy training is provided to [organization-defined value] [organization-defined value] thereafter;,Examine; Interview; Test,Operating effectiveness,Role-based curricula; Associate Service Center training records; mystery-shopper results. Population: About 380 Associate Service Center agents; 650 onboarding specialists; 420 payroll staff. Sample: 25 records per group (random); 10 mystery-shopper calls,EV-AT-3,Satisfied,"Role-based training for payroll approvers, I-9 reviewers, and administrators completed before access",,
AT-3,AT-03a.02[01],role-based security training is provided to personnel with assigned security roles and responsibilities when required by system changes;,Examine; Interview; Test,Operating effectiveness,Role-based curricula; Associate Service Center training records; mystery-shopper results. Population: About 380 Associate Service Center agents; 650 onboarding specialists; 420 payroll staff. Sample: 25 records per group (random); 10 mystery-shopper calls,EV-AT-3,Satisfied,"Role-based training for payroll approvers, I-9 reviewers, and administrators completed before access",,
AT-3,AT-03a.02[02],role-based privacy training is provided to personnel with assigned security roles and responsibilities when required by system changes;,Examine; Interview; Test,Operating effectiveness,Role-based curricula; Associate Service Center training records; mystery-shopper results. Population: About 380 Associate Service Center agents; 650 onboarding specialists; 420 payroll staff. Sample: 25 records per group (random); 10 mystery-shopper calls,EV-AT-3,Satisfied,"Role-based training for payroll approvers, I-9 reviewers, and administrators completed before access",,
AT-3,AT-03b.[01],role-based training content is updated [organization-defined value];,Examine; Interview; Test,Operating effectiveness,Role-based curricula; Associate Service Center training records; mystery-shopper results. Population: About 380 Associate Service Center agents; 650 onboarding specialists; 420 payroll staff. Sample: 25 records per group (random); 10 mystery-shopper calls,EV-AT-3,Satisfied,"Role-based training for payroll approvers, I-9 reviewers, and administrators completed before access",,
AT-3,AT-03b.[02],role-based training content is updated following [organization-defined value];,Examine; Interview; Test,Operating effectiveness,Role-based curricula; Associate Service Center training records; mystery-shopper results. Population: About 380 Associate Service Center agents; 650 onboarding specialists; 420 payroll staff. Sample: 25 records per group (random); 10 mystery-shopper calls,EV-AT-3,Satisfied,"Role-based training for payroll approvers, I-9 reviewers, and administrators completed before access",,
AT-3,AT-03c.,lessons learned from internal or external security incidents or breaches are incorporated into role-based training.,Examine; Interview; Test,Operating effectiveness,Role-based curricula; Associate Service Center training records; mystery-shopper results. Population: About 380 Associate Service Center agents; 650 onboarding specialists; 420 payroll staff. Sample: 25 records per group (random); 10 mystery-shopper calls,EV-AT-3,Other than satisfied,The 214 fraud cases of 2025 were not used to update agent or payroll role-based training,Moderate,POAM-018
AU-2,AU-02a.,[organization-defined value] that the system is capable of logging are identified in support of the audit logging function;,Examine; Test,Operating effectiveness,"Logging standard; ALPP event list; generated test events. Population: n/a (configuration). Sample: 8 event types generated in test (bank change, pay rule change, release, export, I-9 change)",EV-AU-2,Satisfied,Defined events logged and reached the SIEM,,
AU-2,AU-02b.,the event logging function is coordinated with other organizational entities requiring audit-related information to guide and inform the selection criteria for events to be logged;,Examine; Test,Operating effectiveness,"Logging standard; ALPP event list; generated test events. Population: n/a (configuration). Sample: 8 event types generated in test (bank change, pay rule change, release, export, I-9 change)",EV-AU-2,Satisfied,Defined events logged and reached the SIEM,,
AU-2,AU-02c.[01],[organization-defined value] are specified for logging within the system;,Examine; Test,Operating effectiveness,"Logging standard; ALPP event list; generated test events. Population: n/a (configuration). Sample: 8 event types generated in test (bank change, pay rule change, release, export, I-9 change)",EV-AU-2,Satisfied,Defined events logged and reached the SIEM,,
AU-2,AU-02c.[02],the specified event types are logged within the system [organization-defined value];,Examine; Test,Operating effectiveness,"Logging standard; ALPP event list; generated test events. Population: n/a (configuration). Sample: 8 event types generated in test (bank change, pay rule change, release, export, I-9 change)",EV-AU-2,Satisfied,Defined events logged and reached the SIEM,,
AU-2,AU-02d.,a rationale is provided for why the event types selected for logging are deemed to be adequate to support after-the-fact investigations of incidents;,Examine; Test,Operating effectiveness,"Logging standard; ALPP event list; generated test events. Population: n/a (configuration). Sample: 8 event types generated in test (bank change, pay rule change, release, export, I-9 change)",EV-AU-2,Satisfied,Defined events logged and reached the SIEM,,
AU-2,AU-02e.,the event types selected for logging are reviewed and updated [organization-defined value].,Examine; Test,Operating effectiveness,"Logging standard; ALPP event list; generated test events. Population: n/a (configuration). Sample: 8 event types generated in test (bank change, pay rule change, release, export, I-9 change)",EV-AU-2,Satisfied,Defined events logged and reached the SIEM,,
AU-6,AU-06a.,system audit records are reviewed and analyzed [organization-defined value] for indications of [organization-defined value] and the potential impact of the inappropriate or unusual activity;,Examine; Interview; Test,Operating effectiveness,SIEM use case list; SOC review records; log source inventory. Population: 26 weeks of SOC review records; 148 tier-1 log sources. Sample: 5 weeks (random); 100% of log sources,EV-AU-6,Other than satisfied,"No use case reviews ATS or payroll engine exports for bulk extraction; an audit test export of 5,000 associate records raised no alert",High,POAM-016
AU-6,AU-06b.,findings are reported to [organization-defined value];,Examine; Interview; Test,Operating effectiveness,SIEM use case list; SOC review records; log source inventory. Population: 26 weeks of SOC review records; 148 tier-1 log sources. Sample: 5 weeks (random); 100% of log sources,EV-AU-6,Satisfied,Findings are reported to owners through the case system,,
AU-6,AU-06c.,"the level of audit record review, analysis, and reporting within the system is adjusted when there is a change in risk based on law enforcement information, intelligence information, or other credible sources of information.",Examine; Interview; Test,Operating effectiveness,SIEM use case list; SOC review records; log source inventory. Population: 26 weeks of SOC review records; 148 tier-1 log sources. Sample: 5 weeks (random); 100% of log sources,EV-AU-6,Other than satisfied,"Review was not extended when ACQ-1 was connected: its directory, ATS, and edge VPN send no logs to the SIEM (9 of 148 expected sources missing)",High,POAM-003
AU-12,AU-12a.,audit record generation capability for the event types the system is capable of auditing (defined in AU-02_ODP[01]) is provided by [organization-defined value];,Examine; Test,Operating effectiveness,Audit configuration of ALPP components; DC-2 archive file server. Population: 11 ALPP components. Sample: 100%,EV-AU-12,Other than satisfied,The scanned I-9 archive file server in DC-2 generates no access or change records,Moderate,POAM-007
AU-12,AU-12b.,[organization-defined value] is/are allowed to select the event types that are to be logged by specific components of the system;,Examine; Test,Operating effectiveness,Audit configuration of ALPP components; DC-2 archive file server. Population: 11 ALPP components. Sample: 100%,EV-AU-12,Satisfied,Audit generation enabled and selectable in SaaS tenants and the payroll engine,,
AU-12,AU-12c.,audit records for the event types defined in AU-02_ODP[02] that include the audit record content defined in AU-03 are generated.,Examine; Test,Operating effectiveness,Audit configuration of ALPP components; DC-2 archive file server. Population: 11 ALPP components. Sample: 100%,EV-AU-12,Satisfied,Audit generation enabled and selectable in SaaS tenants and the payroll engine,,
CA-2,CA-02a.,an appropriate assessor or assessment team is selected for the type of assessment to be conducted;,Examine; Interview,Operating effectiveness,Assessment plan; Internal Audit charter; prior report. Population: n/a. Sample: 2025 and 2026 assessments,EV-CA-2,Satisfied,Independent assessment planned and performed; results reported to the audit committee,,
CA-2,CA-02b.01,"a control assessment plan is developed that describes the scope of the assessment, including controls and control enhancements under assessment;",Examine; Interview,Operating effectiveness,Assessment plan; Internal Audit charter; prior report. Population: n/a. Sample: 2025 and 2026 assessments,EV-CA-2,Satisfied,Independent assessment planned and performed; results reported to the audit committee,,
CA-2,CA-02b.02,"a control assessment plan is developed that describes the scope of the assessment, including assessment procedures to be used to determine control effectiveness;",Examine; Interview,Operating effectiveness,Assessment plan; Internal Audit charter; prior report. Population: n/a. Sample: 2025 and 2026 assessments,EV-CA-2,Satisfied,Independent assessment planned and performed; results reported to the audit committee,,
CA-2,CA-02b.03[01],"a control assessment plan is developed that describes the scope of the assessment, including the assessment environment;",Examine; Interview,Operating effectiveness,Assessment plan; Internal Audit charter; prior report. Population: n/a. Sample: 2025 and 2026 assessments,EV-CA-2,Satisfied,Independent assessment planned and performed; results reported to the audit committee,,
CA-2,CA-02b.03[02],"a control assessment plan is developed that describes the scope of the assessment, including the assessment team;",Examine; Interview,Operating effectiveness,Assessment plan; Internal Audit charter; prior report. Population: n/a. Sample: 2025 and 2026 assessments,EV-CA-2,Satisfied,Independent assessment planned and performed; results reported to the audit committee,,
CA-2,CA-02b.03[03],"a control assessment plan is developed that describes the scope of the assessment, including assessment roles and responsibilities;",Examine; Interview,Operating effectiveness,Assessment plan; Internal Audit charter; prior report. Population: n/a. Sample: 2025 and 2026 assessments,EV-CA-2,Satisfied,Independent assessment planned and performed; results reported to the audit committee,,
CA-2,CA-02c.,the control assessment plan is reviewed and approved by the authorizing official or designated representative prior to conducting the assessment;,Examine; Interview,Operating effectiveness,Assessment plan; Internal Audit charter; prior report. Population: n/a. Sample: 2025 and 2026 assessments,EV-CA-2,Satisfied,Independent assessment planned and performed; results reported to the audit committee,,
CA-2,CA-02d.[01],"controls are assessed in the system and its environment of operation [organization-defined value] to determine the extent to which the controls are implemented correctly, operating as intended, and producing the desired outcome with respect to meeting established security requirements;",Examine; Interview,Operating effectiveness,Assessment plan; Internal Audit charter; prior report. Population: n/a. Sample: 2025 and 2026 assessments,EV-CA-2,Satisfied,Independent assessment planned and performed; results reported to the audit committee,,
CA-2,CA-02d.[02],"controls are assessed in the system and its environment of operation [organization-defined value] to determine the extent to which the controls are implemented correctly, operating as intended, and producing the desired outcome with respect to meeting established privacy requirements;",Examine; Interview,Operating effectiveness,Assessment plan; Internal Audit charter; prior report. Population: n/a. Sample: 2025 and 2026 assessments,EV-CA-2,Satisfied,Independent assessment planned and performed; results reported to the audit committee,,
CA-2,CA-02e.,a control assessment report is produced that documents the results of the assessment;,Examine; Interview,Operating effectiveness,Assessment plan; Internal Audit charter; prior report. Population: n/a. Sample: 2025 and 2026 assessments,EV-CA-2,Satisfied,Independent assessment planned and performed; results reported to the audit committee,,
CA-2,CA-02f.,the results of the control assessment are provided to [organization-defined value].,Examine; Interview,Operating effectiveness,Assessment plan; Internal Audit charter; prior report. Population: n/a. Sample: 2025 and 2026 assessments,EV-CA-2,Satisfied,Independent assessment planned and performed; results reported to the audit committee,,
CA-7,CA-07[01],a system-level continuous monitoring strategy is developed;,Examine; Interview,Operating effectiveness,Monthly metric packages; KRI dashboard. Population: 6 monthly packages. Sample: 3 months (random),EV-CA-7,Satisfied,Metrics produced and reviewed by the executive risk committee,,
CA-7,CA-07[02],system-level continuous monitoring is implemented in accordance with the organization-level continuous monitoring strategy;,Examine; Interview,Operating effectiveness,Monthly metric packages; KRI dashboard. Population: 6 monthly packages. Sample: 3 months (random),EV-CA-7,Satisfied,Metrics produced and reviewed by the executive risk committee,,
CA-7,CA-07a.,system-level continuous monitoring includes establishment of the following system-level metrics to be monitored: [organization-defined value];,Examine; Interview,Operating effectiveness,Monthly metric packages; KRI dashboard. Population: 6 monthly packages. Sample: 3 months (random),EV-CA-7,Satisfied,Metrics produced and reviewed by the executive risk committee,,
CA-7,CA-07b.[01],system-level continuous monitoring includes established [organization-defined value] for monitoring;,Examine; Interview,Operating effectiveness,Monthly metric packages; KRI dashboard. Population: 6 monthly packages. Sample: 3 months (random),EV-CA-7,Satisfied,Metrics produced and reviewed by the executive risk committee,,
CA-7,CA-07b.[02],system-level continuous monitoring includes established [organization-defined value] for assessment of control effectiveness;,Examine; Interview,Operating effectiveness,Monthly metric packages; KRI dashboard. Population: 6 monthly packages. Sample: 3 months (random),EV-CA-7,Satisfied,Metrics produced and reviewed by the executive risk committee,,
CA-7,CA-07c.,system-level continuous monitoring includes ongoing control assessments in accordance with the continuous monitoring strategy;,Examine; Interview,Operating effectiveness,Monthly metric packages; KRI dashboard. Population: 6 monthly packages. Sample: 3 months (random),EV-CA-7,Satisfied,Metrics produced and reviewed by the executive risk committee,,
CA-7,CA-07d.,system-level continuous monitoring includes ongoing monitoring of system and organization-defined metrics in accordance with the continuous monitoring strategy;,Examine; Interview,Operating effectiveness,Monthly metric packages; KRI dashboard. Population: 6 monthly packages. Sample: 3 months (random),EV-CA-7,Satisfied,Metrics produced and reviewed by the executive risk committee,,
CA-7,CA-07e.,system-level continuous monitoring includes correlation and analysis of information generated by control assessments and monitoring;,Examine; Interview,Operating effectiveness,Monthly metric packages; KRI dashboard. Population: 6 monthly packages. Sample: 3 months (random),EV-CA-7,Satisfied,Metrics produced and reviewed by the executive risk committee,,
CA-7,CA-07f.,system-level continuous monitoring includes response actions to address the results of the analysis of control assessment and monitoring information;,Examine; Interview,Operating effectiveness,Monthly metric packages; KRI dashboard. Population: 6 monthly packages. Sample: 3 months (random),EV-CA-7,Satisfied,Metrics produced and reviewed by the executive risk committee,,
CA-7,CA-07g.[01],system-level continuous monitoring includes reporting the security status of the system to [organization-defined value] [organization-defined value];,Examine; Interview,Operating effectiveness,Monthly metric packages; KRI dashboard. Population: 6 monthly packages. Sample: 3 months (random),EV-CA-7,Satisfied,Metrics produced and reviewed by the executive risk committee,,
CA-7,CA-07g.[02],system-level continuous monitoring includes reporting the privacy status of the system to [organization-defined value] [organization-defined value].,Examine; Interview,Operating effectiveness,Monthly metric packages; KRI dashboard. Population: 6 monthly packages. Sample: 3 months (random),EV-CA-7,Satisfied,Metrics produced and reviewed by the executive risk committee,,
CM-2,CM-02a.[01],a current baseline configuration of the system is developed and documented;,Examine; Test,Operating effectiveness,Image pipeline; configuration baseline v2026.2. Population: 6 payroll engine servers. Sample: 100%,EV-CM-2,Satisfied,Servers built from current hardened images,,
CM-2,CM-02a.[02],a current baseline configuration of the system is maintained under configuration control;,Examine; Test,Operating effectiveness,Image pipeline; configuration baseline v2026.2. Population: 6 payroll engine servers. Sample: 100%,EV-CM-2,Satisfied,Servers built from current hardened images,,
CM-2,CM-02b.01,the baseline configuration of the system is reviewed and updated [organization-defined value];,Examine; Test,Operating effectiveness,Image pipeline; configuration baseline v2026.2. Population: 6 payroll engine servers. Sample: 100%,EV-CM-2,Satisfied,Servers built from current hardened images,,
CM-2,CM-02b.02,the baseline configuration of the system is reviewed and updated when required due to [organization-defined value];,Examine; Test,Operating effectiveness,Image pipeline; configuration baseline v2026.2. Population: 6 payroll engine servers. Sample: 100%,EV-CM-2,Satisfied,Servers built from current hardened images,,
CM-2,CM-02b.03,the baseline configuration of the system is reviewed and updated when system components are installed or upgraded.,Examine; Test,Operating effectiveness,Image pipeline; configuration baseline v2026.2. Population: 6 payroll engine servers. Sample: 100%,EV-CM-2,Satisfied,Servers built from current hardened images,,
CM-3,CM-03a.,the types of changes to the system that are configuration-controlled are determined and documented;,Examine; Interview; Test,Operating effectiveness,"Change tickets; payroll configuration change log; approvals. Population: About 1,150 payroll configuration changes and 96 releases (2026 H1). Sample: 40 configuration changes (random); 25 releases (random)",EV-CM-3,Satisfied,Releases went through the change board with security review,,
CM-3,CM-03b.[01],proposed configuration-controlled changes to the system are reviewed;,Examine; Interview; Test,Operating effectiveness,"Change tickets; payroll configuration change log; approvals. Population: About 1,150 payroll configuration changes and 96 releases (2026 H1). Sample: 40 configuration changes (random); 25 releases (random)",EV-CM-3,Satisfied,Releases went through the change board with security review,,
CM-3,CM-03b.[02],proposed configuration-controlled changes to the system are approved or disapproved with explicit consideration for security and privacy impact analyses;,Examine; Interview; Test,Operating effectiveness,"Change tickets; payroll configuration change log; approvals. Population: About 1,150 payroll configuration changes and 96 releases (2026 H1). Sample: 40 configuration changes (random); 25 releases (random)",EV-CM-3,Other than satisfied,5 of 40 sampled pay rule and tax table changes were approved only by the person who made them,High,POAM-015
CM-3,CM-03c.,configuration change decisions associated with the system are documented;,Examine; Interview; Test,Operating effectiveness,"Change tickets; payroll configuration change log; approvals. Population: About 1,150 payroll configuration changes and 96 releases (2026 H1). Sample: 40 configuration changes (random); 25 releases (random)",EV-CM-3,Other than satisfied,The same 5 changes have no documented change decision,High,POAM-015
CM-3,CM-03d.,approved configuration-controlled changes to the system are implemented;,Examine; Interview; Test,Operating effectiveness,"Change tickets; payroll configuration change log; approvals. Population: About 1,150 payroll configuration changes and 96 releases (2026 H1). Sample: 40 configuration changes (random); 25 releases (random)",EV-CM-3,Satisfied,Releases went through the change board with security review,,
CM-3,CM-03e.,records of configuration-controlled changes to the system are retained for [organization-defined value];,Examine; Interview; Test,Operating effectiveness,"Change tickets; payroll configuration change log; approvals. Population: About 1,150 payroll configuration changes and 96 releases (2026 H1). Sample: 40 configuration changes (random); 25 releases (random)",EV-CM-3,Satisfied,Releases went through the change board with security review,,
CM-3,CM-03f.[01],activities associated with configuration-controlled changes to the system are monitored;,Examine; Interview; Test,Operating effectiveness,"Change tickets; payroll configuration change log; approvals. Population: About 1,150 payroll configuration changes and 96 releases (2026 H1). Sample: 40 configuration changes (random); 25 releases (random)",EV-CM-3,Satisfied,Releases went through the change board with security review,,
CM-3,CM-03f.[02],activities associated with configuration-controlled changes to the system are reviewed;,Examine; Interview; Test,Operating effectiveness,"Change tickets; payroll configuration change log; approvals. Population: About 1,150 payroll configuration changes and 96 releases (2026 H1). Sample: 40 configuration changes (random); 25 releases (random)",EV-CM-3,Satisfied,Releases went through the change board with security review,,
CM-3,CM-03g.[01],configuration change control activities are coordinated and overseen by [organization-defined value];,Examine; Interview; Test,Operating effectiveness,"Change tickets; payroll configuration change log; approvals. Population: About 1,150 payroll configuration changes and 96 releases (2026 H1). Sample: 40 configuration changes (random); 25 releases (random)",EV-CM-3,Satisfied,Releases went through the change board with security review,,
CM-3,CM-03g.[02],the configuration control element convenes [organization-defined value].,Examine; Interview; Test,Operating effectiveness,"Change tickets; payroll configuration change log; approvals. Population: About 1,150 payroll configuration changes and 96 releases (2026 H1). Sample: 40 configuration changes (random); 25 releases (random)",EV-CM-3,Satisfied,Releases went through the change board with security review,,
CM-6,CM-06a.,configuration settings that reflect the most restrictive mode consistent with operational requirements are established and documented for components employed within the system using [organization-defined value];,Examine; Test,Operating effectiveness,"Posture reports; time clock configuration inspection. Population: Payroll engine servers (6); on-site time clocks (140). Sample: 100% of servers; 25 time clocks (random, 9 sites)",EV-CM-6,Satisfied,Server and cloud settings match the baseline,,
CM-6,CM-06b.,the configuration settings documented in CM-06a are implemented;,Examine; Test,Operating effectiveness,"Posture reports; time clock configuration inspection. Population: Payroll engine servers (6); on-site time clocks (140). Sample: 100% of servers; 25 time clocks (random, 9 sites)",EV-CM-6,Other than satisfied,9 of 25 sampled time clocks still had the vendor default administrator PIN and factory settings,Moderate,POAM-024
CM-6,CM-06c.[01],any deviations from established configuration settings for [organization-defined value] are identified and documented based on [organization-defined value];,Examine; Test,Operating effectiveness,"Posture reports; time clock configuration inspection. Population: Payroll engine servers (6); on-site time clocks (140). Sample: 100% of servers; 25 time clocks (random, 9 sites)",EV-CM-6,Satisfied,Server and cloud settings match the baseline,,
CM-6,CM-06c.[02],any deviations from established configuration settings for [organization-defined value] are approved;,Examine; Test,Operating effectiveness,"Posture reports; time clock configuration inspection. Population: Payroll engine servers (6); on-site time clocks (140). Sample: 100% of servers; 25 time clocks (random, 9 sites)",EV-CM-6,Satisfied,Server and cloud settings match the baseline,,
CM-6,CM-06d.[01],changes to the configuration settings are monitored in accordance with organizational policies and procedures;,Examine; Test,Operating effectiveness,"Posture reports; time clock configuration inspection. Population: Payroll engine servers (6); on-site time clocks (140). Sample: 100% of servers; 25 time clocks (random, 9 sites)",EV-CM-6,Satisfied,Server and cloud settings match the baseline,,
CM-6,CM-06d.[02],changes to the configuration settings are controlled in accordance with organizational policies and procedures.,Examine; Test,Operating effectiveness,"Posture reports; time clock configuration inspection. Population: Payroll engine servers (6); on-site time clocks (140). Sample: 100% of servers; 25 time clocks (random, 9 sites)",EV-CM-6,Satisfied,Server and cloud settings match the baseline,,
CM-8,CM-08a.01,an inventory of system components that accurately reflects the system is developed and documented;,Examine; Test,Operating effectiveness,"CMDB; floor-to-CMDB trace. Population: About 15,650 endpoints; 140 time clocks. Sample: 60 devices traced (random, 6 sites)",EV-CM-8,Satisfied,All 60 traced devices were in the CMDB with owners,,
CM-8,CM-08a.02,an inventory of system components that includes all components within the system is developed and documented;,Examine; Test,Operating effectiveness,"CMDB; floor-to-CMDB trace. Population: About 15,650 endpoints; 140 time clocks. Sample: 60 devices traced (random, 6 sites)",EV-CM-8,Satisfied,All 60 traced devices were in the CMDB with owners,,
CM-8,CM-08a.03,an inventory of system components that does not include duplicate accounting of components or components assigned to any other system is developed and documented;,Examine; Test,Operating effectiveness,"CMDB; floor-to-CMDB trace. Population: About 15,650 endpoints; 140 time clocks. Sample: 60 devices traced (random, 6 sites)",EV-CM-8,Satisfied,All 60 traced devices were in the CMDB with owners,,
CM-8,CM-08a.04,an inventory of system components that is at the level of granularity deemed necessary for tracking and reporting is developed and documented;,Examine; Test,Operating effectiveness,"CMDB; floor-to-CMDB trace. Population: About 15,650 endpoints; 140 time clocks. Sample: 60 devices traced (random, 6 sites)",EV-CM-8,Other than satisfied,Time clocks are recorded by site only; firmware version and administrator settings are not tracked,Low,POAM-024
CM-8,CM-08a.05,an inventory of system components that includes [organization-defined value] is developed and documented;,Examine; Test,Operating effectiveness,"CMDB; floor-to-CMDB trace. Population: About 15,650 endpoints; 140 time clocks. Sample: 60 devices traced (random, 6 sites)",EV-CM-8,Satisfied,All 60 traced devices were in the CMDB with owners,,
CM-8,CM-08b.,the system component inventory is reviewed and updated [organization-defined value].,Examine; Test,Operating effectiveness,"CMDB; floor-to-CMDB trace. Population: About 15,650 endpoints; 140 time clocks. Sample: 60 devices traced (random, 6 sites)",EV-CM-8,Satisfied,All 60 traced devices were in the CMDB with owners,,
CP-2,CP-02a.01,a contingency plan for the system is developed that identifies essential mission and business functions and associated contingency requirements;,Examine; Interview,Operating effectiveness,ALPP contingency plan v3; DR test report; interviews. Population: n/a (plan). Sample: Plan examined; 4 interviews,EV-CP-2,Satisfied,"Plan covers essential functions, roles, the advance procedure, and restoration priorities",,
CP-2,CP-02a.02[01],a contingency plan for the system is developed that provides recovery objectives;,Examine; Interview,Operating effectiveness,ALPP contingency plan v3; DR test report; interviews. Population: n/a (plan). Sample: Plan examined; 4 interviews,EV-CP-2,Satisfied,"Plan covers essential functions, roles, the advance procedure, and restoration priorities",,
CP-2,CP-02a.02[02],a contingency plan for the system is developed that provides restoration priorities;,Examine; Interview,Operating effectiveness,ALPP contingency plan v3; DR test report; interviews. Population: n/a (plan). Sample: Plan examined; 4 interviews,EV-CP-2,Satisfied,"Plan covers essential functions, roles, the advance procedure, and restoration priorities",,
CP-2,CP-02a.02[03],a contingency plan for the system is developed that provides metrics;,Examine; Interview,Operating effectiveness,ALPP contingency plan v3; DR test report; interviews. Population: n/a (plan). Sample: Plan examined; 4 interviews,EV-CP-2,Satisfied,"Plan covers essential functions, roles, the advance procedure, and restoration priorities",,
CP-2,CP-02a.03[01],a contingency plan for the system is developed that addresses contingency roles;,Examine; Interview,Operating effectiveness,ALPP contingency plan v3; DR test report; interviews. Population: n/a (plan). Sample: Plan examined; 4 interviews,EV-CP-2,Satisfied,"Plan covers essential functions, roles, the advance procedure, and restoration priorities",,
CP-2,CP-02a.03[02],a contingency plan for the system is developed that addresses contingency responsibilities;,Examine; Interview,Operating effectiveness,ALPP contingency plan v3; DR test report; interviews. Population: n/a (plan). Sample: Plan examined; 4 interviews,EV-CP-2,Satisfied,"Plan covers essential functions, roles, the advance procedure, and restoration priorities",,
CP-2,CP-02a.03[03],a contingency plan for the system is developed that addresses assigned individuals with contact information;,Examine; Interview,Operating effectiveness,ALPP contingency plan v3; DR test report; interviews. Population: n/a (plan). Sample: Plan examined; 4 interviews,EV-CP-2,Satisfied,"Plan covers essential functions, roles, the advance procedure, and restoration priorities",,
CP-2,CP-02a.04,"a contingency plan for the system is developed that addresses maintaining essential mission and business functions despite a system disruption, compromise, or failure;",Examine; Interview,Operating effectiveness,ALPP contingency plan v3; DR test report; interviews. Population: n/a (plan). Sample: Plan examined; 4 interviews,EV-CP-2,Satisfied,"Plan covers essential functions, roles, the advance procedure, and restoration priorities",,
CP-2,CP-02a.05,"a contingency plan for the system is developed that addresses eventual, full-system restoration without deterioration of the controls originally planned and implemented;",Examine; Interview,Operating effectiveness,ALPP contingency plan v3; DR test report; interviews. Population: n/a (plan). Sample: Plan examined; 4 interviews,EV-CP-2,Satisfied,"Plan covers essential functions, roles, the advance procedure, and restoration priorities",,
CP-2,CP-02a.06,a contingency plan for the system is developed that addresses the sharing of contingency information;,Examine; Interview,Operating effectiveness,ALPP contingency plan v3; DR test report; interviews. Population: n/a (plan). Sample: Plan examined; 4 interviews,EV-CP-2,Satisfied,"Plan covers essential functions, roles, the advance procedure, and restoration priorities",,
CP-2,CP-02a.07[01],a contingency plan for the system is developed that is reviewed by [organization-defined value];,Examine; Interview,Operating effectiveness,ALPP contingency plan v3; DR test report; interviews. Population: n/a (plan). Sample: Plan examined; 4 interviews,EV-CP-2,Satisfied,"Plan covers essential functions, roles, the advance procedure, and restoration priorities",,
CP-2,CP-02a.07[02],a contingency plan for the system is developed that is approved by [organization-defined value];,Examine; Interview,Operating effectiveness,ALPP contingency plan v3; DR test report; interviews. Population: n/a (plan). Sample: Plan examined; 4 interviews,EV-CP-2,Satisfied,"Plan covers essential functions, roles, the advance procedure, and restoration priorities",,
CP-2,CP-02b.[01],copies of the contingency plan are distributed to [organization-defined value];,Examine; Interview,Operating effectiveness,ALPP contingency plan v3; DR test report; interviews. Population: n/a (plan). Sample: Plan examined; 4 interviews,EV-CP-2,Satisfied,"Plan covers essential functions, roles, the advance procedure, and restoration priorities",,
CP-2,CP-02b.[02],copies of the contingency plan are distributed to [organization-defined value];,Examine; Interview,Operating effectiveness,ALPP contingency plan v3; DR test report; interviews. Population: n/a (plan). Sample: Plan examined; 4 interviews,EV-CP-2,Satisfied,"Plan covers essential functions, roles, the advance procedure, and restoration priorities",,
CP-2,CP-02c.,contingency planning activities are coordinated with incident handling activities;,Examine; Interview,Operating effectiveness,ALPP contingency plan v3; DR test report; interviews. Population: n/a (plan). Sample: Plan examined; 4 interviews,EV-CP-2,Satisfied,"Plan covers essential functions, roles, the advance procedure, and restoration priorities",,
CP-2,CP-02d.,the contingency plan for the system is reviewed [organization-defined value];,Examine; Interview,Operating effectiveness,ALPP contingency plan v3; DR test report; interviews. Population: n/a (plan). Sample: Plan examined; 4 interviews,EV-CP-2,Satisfied,"Plan covers essential functions, roles, the advance procedure, and restoration priorities",,
CP-2,CP-02e.[01],"the contingency plan is updated to address changes to the organization, system, or environment of operation;",Examine; Interview,Operating effectiveness,ALPP contingency plan v3; DR test report; interviews. Population: n/a (plan). Sample: Plan examined; 4 interviews,EV-CP-2,Satisfied,"Plan covers essential functions, roles, the advance procedure, and restoration priorities",,
CP-2,CP-02e.[02],"the contingency plan is updated to address problems encountered during contingency plan implementation, execution, or testing;",Examine; Interview,Operating effectiveness,ALPP contingency plan v3; DR test report; interviews. Population: n/a (plan). Sample: Plan examined; 4 interviews,EV-CP-2,Other than satisfied,"The plan was not updated for the problems found in the 2026-05-16 DR test (manual endpoint re-pointing, replicas not pre-staged)",Moderate,POAM-010
CP-2,CP-02f.[01],contingency plan changes are communicated to [organization-defined value];,Examine; Interview,Operating effectiveness,ALPP contingency plan v3; DR test report; interviews. Population: n/a (plan). Sample: Plan examined; 4 interviews,EV-CP-2,Satisfied,"Plan covers essential functions, roles, the advance procedure, and restoration priorities",,
CP-2,CP-02f.[02],contingency plan changes are communicated to [organization-defined value];,Examine; Interview,Operating effectiveness,ALPP contingency plan v3; DR test report; interviews. Population: n/a (plan). Sample: Plan examined; 4 interviews,EV-CP-2,Satisfied,"Plan covers essential functions, roles, the advance procedure, and restoration priorities",,
CP-2,CP-02g.[01],lessons learned from contingency plan testing or actual contingency activities are incorporated into contingency testing;,Examine; Interview,Operating effectiveness,ALPP contingency plan v3; DR test report; interviews. Population: n/a (plan). Sample: Plan examined; 4 interviews,EV-CP-2,Other than satisfied,Lessons from the DR test have not been built into the next test plan,Moderate,POAM-010
CP-2,CP-02g.[02],lessons learned from contingency plan training or actual contingency activities are incorporated into contingency testing and training;,Examine; Interview,Operating effectiveness,ALPP contingency plan v3; DR test report; interviews. Population: n/a (plan). Sample: Plan examined; 4 interviews,EV-CP-2,Satisfied,"Plan covers essential functions, roles, the advance procedure, and restoration priorities",,
CP-2,CP-02h.[01],the contingency plan is protected from unauthorized disclosure;,Examine; Interview,Operating effectiveness,ALPP contingency plan v3; DR test report; interviews. Population: n/a (plan). Sample: Plan examined; 4 interviews,EV-CP-2,Satisfied,"Plan covers essential functions, roles, the advance procedure, and restoration priorities",,
CP-2,CP-02h.[02],the contingency plan is protected from unauthorized modification.,Examine; Interview,Operating effectiveness,ALPP contingency plan v3; DR test report; interviews. Population: n/a (plan). Sample: Plan examined; 4 interviews,EV-CP-2,Satisfied,"Plan covers essential functions, roles, the advance procedure, and restoration priorities",,
CP-4,CP-04a.[01],the contingency plan for the system is tested [organization-defined value];,Examine; Interview,Operating effectiveness,DR test plan and report 2026-05-16. Population: 1 annual DR test. Sample: 100%,EV-CP-4,Satisfied,"Test performed, results reviewed, and corrective actions opened",,
CP-4,CP-04a.[02],[organization-defined value] are used to determine the effectiveness of the plan;,Examine; Interview,Operating effectiveness,DR test plan and report 2026-05-16. Population: 1 annual DR test. Sample: 100%,EV-CP-4,Satisfied,"Test performed, results reviewed, and corrective actions opened",,
CP-4,CP-04a.[03],[organization-defined value] are used to determine the readiness to execute the plan;,Examine; Interview,Operating effectiveness,DR test plan and report 2026-05-16. Population: 1 annual DR test. Sample: 100%,EV-CP-4,Satisfied,"Test performed, results reviewed, and corrective actions opened",,
CP-4,CP-04b.,the contingency plan test results are reviewed;,Examine; Interview,Operating effectiveness,DR test plan and report 2026-05-16. Population: 1 annual DR test. Sample: 100%,EV-CP-4,Satisfied,"Test performed, results reviewed, and corrective actions opened",,
CP-4,CP-04c.,"corrective actions are initiated, if needed.",Examine; Interview,Operating effectiveness,DR test plan and report 2026-05-16. Population: 1 annual DR test. Sample: 100%,EV-CP-4,Satisfied,"Test performed, results reviewed, and corrective actions opened",,
CP-9,CP-09a.,backups of user-level information contained in [organization-defined value] are conducted [organization-defined value];,Examine; Test,Operating effectiveness,Backup job reports; restore observation. Population: 181 daily backup jobs. Sample: 25 jobs (random); 1 restore observed,EV-CP-9,Satisfied,"Backups completed, immutable, and restorable",,
CP-9,CP-09b.,backups of system-level information contained in the system are conducted [organization-defined value];,Examine; Test,Operating effectiveness,Backup job reports; restore observation. Population: 181 daily backup jobs. Sample: 25 jobs (random); 1 restore observed,EV-CP-9,Satisfied,"Backups completed, immutable, and restorable",,
CP-9,CP-09c.,"backups of system documentation, including security- and privacy-related documentation are conducted [organization-defined value];",Examine; Test,Operating effectiveness,Backup job reports; restore observation. Population: 181 daily backup jobs. Sample: 25 jobs (random); 1 restore observed,EV-CP-9,Satisfied,"Backups completed, immutable, and restorable",,
CP-9,CP-09d.[01],the confidentiality of backup information is protected;,Examine; Test,Operating effectiveness,Backup job reports; restore observation. Population: 181 daily backup jobs. Sample: 25 jobs (random); 1 restore observed,EV-CP-9,Satisfied,"Backups completed, immutable, and restorable",,
CP-9,CP-09d.[02],the integrity of backup information is protected;,Examine; Test,Operating effectiveness,Backup job reports; restore observation. Population: 181 daily backup jobs. Sample: 25 jobs (random); 1 restore observed,EV-CP-9,Satisfied,"Backups completed, immutable, and restorable",,
CP-9,CP-09d.[03],the availability of backup information is protected.,Examine; Test,Operating effectiveness,Backup job reports; restore observation. Population: 181 daily backup jobs. Sample: 25 jobs (random); 1 restore observed,EV-CP-9,Satisfied,"Backups completed, immutable, and restorable",,
CP-10,CP-10[01],"the recovery of the system to a known state is provided within [organization-defined value] after a disruption, compromise, or failure;",Examine; Interview,Operating effectiveness,DR test report. Population: 1 DR test. Sample: 100%,EV-CP-10,Other than satisfied,Payroll engine recovered in 9.5 hours against the 8-hour RTO,Moderate,POAM-010
CP-10,CP-10[02],"a reconstitution of the system to a known state is provided within [organization-defined value] after a disruption, compromise, or failure.",Examine; Interview,Operating effectiveness,DR test report. Population: 1 DR test. Sample: 100%,EV-CP-10,Satisfied,Reconstitution to a known state confirmed by parallel payroll check,,
IA-2,IA-02[01],organizational users are uniquely identified and authenticated;,Examine; Test,Operating effectiveness,"SSO application list; sign-in logs. Population: About 9,800 workforce users. Sample: 25 sign-ins (random)",EV-IA-2,Satisfied,Workforce users uniquely identified and authenticated through SSO; E-Verify users through named DHS accounts,,
IA-2,IA-02[02],the unique identification of authenticated organizational users is associated with processes acting on behalf of those users.,Examine; Test,Operating effectiveness,"SSO application list; sign-in logs. Population: About 9,800 workforce users. Sample: 25 sign-ins (random)",EV-IA-2,Satisfied,Workforce users uniquely identified and authenticated through SSO; E-Verify users through named DHS accounts,,
IA-2(1),IA-02(01),multi-factor authentication is implemented for access to privileged accounts.,Examine; Test,Operating effectiveness,PAM and MFA policy. Population: 64 privileged ALPP accounts. Sample: 100%,EV-IA-2(1),Satisfied,All privileged accounts use FIDO2 keys,,
IA-5,IA-05a.,"system authenticators are managed through the verification of the identity of the individual, group, role, service, or device receiving the authenticator as part of the initial authenticator distribution;",Examine; Test,Operating effectiveness,Secrets vault report; time clock test; password policy. Population: About 400 integration keys; 140 time clocks. Sample: 100% of keys (analytics); 25 time clocks (with site approval),EV-IA-5,Satisfied,Password policy and vaulting meet STD-02.2,,
IA-5,IA-05b.,system authenticators are managed through the establishment of initial authenticator content for any authenticators issued by the organization;,Examine; Test,Operating effectiveness,Secrets vault report; time clock test; password policy. Population: About 400 integration keys; 140 time clocks. Sample: 100% of keys (analytics); 25 time clocks (with site approval),EV-IA-5,Satisfied,Password policy and vaulting meet STD-02.2,,
IA-5,IA-05c.,system authenticators are managed to ensure that authenticators have sufficient strength of mechanism for their intended use;,Examine; Test,Operating effectiveness,Secrets vault report; time clock test; password policy. Population: About 400 integration keys; 140 time clocks. Sample: 100% of keys (analytics); 25 time clocks (with site approval),EV-IA-5,Satisfied,Password policy and vaulting meet STD-02.2,,
IA-5,IA-05d.,"system authenticators are managed through the establishment and implementation of administrative procedures for initial authenticator distribution; lost, compromised, or damaged authenticators; and the revocation of authenticators;",Examine; Test,Operating effectiveness,Secrets vault report; time clock test; password policy. Population: About 400 integration keys; 140 time clocks. Sample: 100% of keys (analytics); 25 time clocks (with site approval),EV-IA-5,Satisfied,Password policy and vaulting meet STD-02.2,,
IA-5,IA-05e.,system authenticators are managed through the change of default authenticators prior to first use;,Examine; Test,Operating effectiveness,Secrets vault report; time clock test; password policy. Population: About 400 integration keys; 140 time clocks. Sample: 100% of keys (analytics); 25 time clocks (with site approval),EV-IA-5,Other than satisfied,9 of 25 sampled time clocks still used the vendor default administrator PIN (new finding),Moderate,POAM-024
IA-5,IA-05f.,system authenticators are managed through the change or refreshment of authenticators [organization-defined value] or when [organization-defined value] occur;,Examine; Test,Operating effectiveness,Secrets vault report; time clock test; password policy. Population: About 400 integration keys; 140 time clocks. Sample: 100% of keys (analytics); 25 time clocks (with site approval),EV-IA-5,Other than satisfied,63 client integration API keys are older than 2 years against a 90-day rotation standard,High,POAM-008
IA-5,IA-05g.,system authenticators are managed through the protection of authenticator content from unauthorized disclosure and modification;,Examine; Test,Operating effectiveness,Secrets vault report; time clock test; password policy. Population: About 400 integration keys; 140 time clocks. Sample: 100% of keys (analytics); 25 time clocks (with site approval),EV-IA-5,Satisfied,Password policy and vaulting meet STD-02.2,,
IA-5,IA-05h.[01],system authenticators are managed through the requirement for individuals to take specific controls to protect authenticators;,Examine; Test,Operating effectiveness,Secrets vault report; time clock test; password policy. Population: About 400 integration keys; 140 time clocks. Sample: 100% of keys (analytics); 25 time clocks (with site approval),EV-IA-5,Satisfied,Password policy and vaulting meet STD-02.2,,
IA-5,IA-05h.[02],system authenticators are managed through the requirement for devices to implement specific controls to protect authenticators;,Examine; Test,Operating effectiveness,Secrets vault report; time clock test; password policy. Population: About 400 integration keys; 140 time clocks. Sample: 100% of keys (analytics); 25 time clocks (with site approval),EV-IA-5,Satisfied,Password policy and vaulting meet STD-02.2,,
IA-5,IA-05i.,system authenticators are managed through the change of authenticators for group or role accounts when membership to those accounts changes.,Examine; Test,Operating effectiveness,Secrets vault report; time clock test; password policy. Population: About 400 integration keys; 140 time clocks. Sample: 100% of keys (analytics); 25 time clocks (with site approval),EV-IA-5,Other than satisfied,Shared integration credentials are not changed when people with access leave,High,POAM-008
IA-8,IA-08,non-organizational users or processes acting on behalf of non-organizational users are uniquely identified and authenticated.,Examine; Test,Operating effectiveness,"Associate app identity settings; fraud report. Population: About 310,000 associate accounts. Sample: 100% (configuration and analytics)",EV-IA-8,Other than satisfied,"Associates are uniquely identified, but authentication is a password plus SMS code, which criminals defeat at scale (214 fraudulent bank changes in 2025)",High,POAM-001
IA-12,IA-12a.,users who require accounts for logical access to systems based on appropriate identity assurance level requirements as specified in applicable standards and guidelines are identity proofed;,Examine; Interview; Test,Operating effectiveness,"Onboarding records; alternative procedure videos; E-Verify results. Population: About 118,000 new associates (2026 H1). Sample: 25 onboarding records (random)",EV-IA-12,Satisfied,Identity proofed against Form I-9 documents and E-Verify before the account was bound,,
IA-12,IA-12b.,user identities are resolved to a unique individual;,Examine; Interview; Test,Operating effectiveness,"Onboarding records; alternative procedure videos; E-Verify results. Population: About 118,000 new associates (2026 H1). Sample: 25 onboarding records (random)",EV-IA-12,Satisfied,Identity proofed against Form I-9 documents and E-Verify before the account was bound,,
IA-12,IA-12c.[01],identity evidence is collected;,Examine; Interview; Test,Operating effectiveness,"Onboarding records; alternative procedure videos; E-Verify results. Population: About 118,000 new associates (2026 H1). Sample: 25 onboarding records (random)",EV-IA-12,Satisfied,Identity proofed against Form I-9 documents and E-Verify before the account was bound,,
IA-12,IA-12c.[02],identity evidence is validated;,Examine; Interview; Test,Operating effectiveness,"Onboarding records; alternative procedure videos; E-Verify results. Population: About 118,000 new associates (2026 H1). Sample: 25 onboarding records (random)",EV-IA-12,Satisfied,Identity proofed against Form I-9 documents and E-Verify before the account was bound,,
IA-12,IA-12c.[03],identity evidence is verified.,Examine; Interview; Test,Operating effectiveness,"Onboarding records; alternative procedure videos; E-Verify results. Population: About 118,000 new associates (2026 H1). Sample: 25 onboarding records (random)",EV-IA-12,Satisfied,Identity proofed against Form I-9 documents and E-Verify before the account was bound,,
IR-4,IR-04a.[01],an incident handling capability for incidents is implemented that is consistent with the incident response plan;,Examine; Interview; Test,Operating effectiveness,"SOC case records; ACQ-1 incident log. Population: About 8,400 SOC cases; 5 ACQ-1 incidents (2026 H1). Sample: 25 cases (random) plus all 5 ACQ-1 incidents",EV-IR-4,Satisfied,"Cases handled through preparation, analysis, containment, eradication, and recovery",,
IR-4,IR-04a.[02],the incident handling capability for incidents includes preparation;,Examine; Interview; Test,Operating effectiveness,"SOC case records; ACQ-1 incident log. Population: About 8,400 SOC cases; 5 ACQ-1 incidents (2026 H1). Sample: 25 cases (random) plus all 5 ACQ-1 incidents",EV-IR-4,Satisfied,"Cases handled through preparation, analysis, containment, eradication, and recovery",,
IR-4,IR-04a.[03],the incident handling capability for incidents includes detection and analysis;,Examine; Interview; Test,Operating effectiveness,"SOC case records; ACQ-1 incident log. Population: About 8,400 SOC cases; 5 ACQ-1 incidents (2026 H1). Sample: 25 cases (random) plus all 5 ACQ-1 incidents",EV-IR-4,Satisfied,"Cases handled through preparation, analysis, containment, eradication, and recovery",,
IR-4,IR-04a.[04],the incident handling capability for incidents includes containment;,Examine; Interview; Test,Operating effectiveness,"SOC case records; ACQ-1 incident log. Population: About 8,400 SOC cases; 5 ACQ-1 incidents (2026 H1). Sample: 25 cases (random) plus all 5 ACQ-1 incidents",EV-IR-4,Satisfied,"Cases handled through preparation, analysis, containment, eradication, and recovery",,
IR-4,IR-04a.[05],the incident handling capability for incidents includes eradication;,Examine; Interview; Test,Operating effectiveness,"SOC case records; ACQ-1 incident log. Population: About 8,400 SOC cases; 5 ACQ-1 incidents (2026 H1). Sample: 25 cases (random) plus all 5 ACQ-1 incidents",EV-IR-4,Satisfied,"Cases handled through preparation, analysis, containment, eradication, and recovery",,
IR-4,IR-04a.[06],the incident handling capability for incidents includes recovery;,Examine; Interview; Test,Operating effectiveness,"SOC case records; ACQ-1 incident log. Population: About 8,400 SOC cases; 5 ACQ-1 incidents (2026 H1). Sample: 25 cases (random) plus all 5 ACQ-1 incidents",EV-IR-4,Satisfied,"Cases handled through preparation, analysis, containment, eradication, and recovery",,
IR-4,IR-04b.,incident handling activities are coordinated with contingency planning activities;,Examine; Interview; Test,Operating effectiveness,"SOC case records; ACQ-1 incident log. Population: About 8,400 SOC cases; 5 ACQ-1 incidents (2026 H1). Sample: 25 cases (random) plus all 5 ACQ-1 incidents",EV-IR-4,Satisfied,"Cases handled through preparation, analysis, containment, eradication, and recovery",,
IR-4,IR-04c.[01],"lessons learned from ongoing incident handling activities are incorporated into incident response procedures, training, and testing;",Examine; Interview; Test,Operating effectiveness,"SOC case records; ACQ-1 incident log. Population: About 8,400 SOC cases; 5 ACQ-1 incidents (2026 H1). Sample: 25 cases (random) plus all 5 ACQ-1 incidents",EV-IR-4,Satisfied,"Cases handled through preparation, analysis, containment, eradication, and recovery",,
IR-4,IR-04c.[02],the changes resulting from the incorporated lessons learned are implemented accordingly;,Examine; Interview; Test,Operating effectiveness,"SOC case records; ACQ-1 incident log. Population: About 8,400 SOC cases; 5 ACQ-1 incidents (2026 H1). Sample: 25 cases (random) plus all 5 ACQ-1 incidents",EV-IR-4,Satisfied,"Cases handled through preparation, analysis, containment, eradication, and recovery",,
IR-4,IR-04d.[01],the rigor of incident handling activities is comparable and predictable across the organization;,Examine; Interview; Test,Operating effectiveness,"SOC case records; ACQ-1 incident log. Population: About 8,400 SOC cases; 5 ACQ-1 incidents (2026 H1). Sample: 25 cases (random) plus all 5 ACQ-1 incidents",EV-IR-4,Other than satisfied,"3 of 5 ACQ-1 incidents were handled by ACQ-1 IT with no SOC case, so rigor is not consistent across the firm",High,POAM-003
IR-4,IR-04d.[02],the intensity of incident handling activities is comparable and predictable across the organization;,Examine; Interview; Test,Operating effectiveness,"SOC case records; ACQ-1 incident log. Population: About 8,400 SOC cases; 5 ACQ-1 incidents (2026 H1). Sample: 25 cases (random) plus all 5 ACQ-1 incidents",EV-IR-4,Satisfied,"Cases handled through preparation, analysis, containment, eradication, and recovery",,
IR-4,IR-04d.[03],the scope of incident handling activities is comparable and predictable across the organization;,Examine; Interview; Test,Operating effectiveness,"SOC case records; ACQ-1 incident log. Population: About 8,400 SOC cases; 5 ACQ-1 incidents (2026 H1). Sample: 25 cases (random) plus all 5 ACQ-1 incidents",EV-IR-4,Satisfied,"Cases handled through preparation, analysis, containment, eradication, and recovery",,
IR-4,IR-04d.[04],the results of incident handling activities are comparable and predictable across the organization.,Examine; Interview; Test,Operating effectiveness,"SOC case records; ACQ-1 incident log. Population: About 8,400 SOC cases; 5 ACQ-1 incidents (2026 H1). Sample: 25 cases (random) plus all 5 ACQ-1 incidents",EV-IR-4,Satisfied,"Cases handled through preparation, analysis, containment, eradication, and recovery",,
IR-6,IR-06a.,personnel is/are required to report suspected incidents to the organizational incident response capability within [organization-defined value];,Examine; Interview,Operating effectiveness,"Incident reports; staff interviews. Population: About 8,400 cases; 20 staff interviews. Sample: 25 cases; 20 staff",EV-IR-6,Satisfied,Staff knew how to report; reports reached the SOC within 1 hour,,
IR-6,IR-06b.,incident information is reported to [organization-defined value].,Examine; Interview,Operating effectiveness,"Incident reports; staff interviews. Population: About 8,400 cases; 20 staff interviews. Sample: 25 cases; 20 staff",EV-IR-6,Satisfied,Staff knew how to report; reports reached the SOC within 1 hour,,
IR-8,IR-08a.01,an incident response plan is developed that provides the organization with a roadmap for implementing its incident response capability;,Examine; Interview,Operating effectiveness,"IR plan; disclosure playbook v2; interviews with General Counsel, CFO, CISO. Population: n/a (plan). Sample: Plan examined; 3 interviews",EV-IR-8,Satisfied,"Plan defines reportable incidents, roles, and the materiality step",,
IR-8,IR-08a.02,an incident response plan is developed that describes the structure and organization of the incident response capability;,Examine; Interview,Operating effectiveness,"IR plan; disclosure playbook v2; interviews with General Counsel, CFO, CISO. Population: n/a (plan). Sample: Plan examined; 3 interviews",EV-IR-8,Satisfied,"Plan defines reportable incidents, roles, and the materiality step",,
IR-8,IR-08a.03,an incident response plan is developed that provides a high-level approach for how the incident response capability fits into the overall organization;,Examine; Interview,Operating effectiveness,"IR plan; disclosure playbook v2; interviews with General Counsel, CFO, CISO. Population: n/a (plan). Sample: Plan examined; 3 interviews",EV-IR-8,Satisfied,"Plan defines reportable incidents, roles, and the materiality step",,
IR-8,IR-08a.04,"an incident response plan is developed that meets the unique requirements of the organization with regard to mission, size, structure, and functions;",Examine; Interview,Operating effectiveness,"IR plan; disclosure playbook v2; interviews with General Counsel, CFO, CISO. Population: n/a (plan). Sample: Plan examined; 3 interviews",EV-IR-8,Satisfied,"Plan defines reportable incidents, roles, and the materiality step",,
IR-8,IR-08a.05,an incident response plan is developed that defines reportable incidents;,Examine; Interview,Operating effectiveness,"IR plan; disclosure playbook v2; interviews with General Counsel, CFO, CISO. Population: n/a (plan). Sample: Plan examined; 3 interviews",EV-IR-8,Satisfied,"Plan defines reportable incidents, roles, and the materiality step",,
IR-8,IR-08a.06,an incident response plan is developed that provides metrics for measuring the incident response capability within the organization;,Examine; Interview,Operating effectiveness,"IR plan; disclosure playbook v2; interviews with General Counsel, CFO, CISO. Population: n/a (plan). Sample: Plan examined; 3 interviews",EV-IR-8,Satisfied,"Plan defines reportable incidents, roles, and the materiality step",,
IR-8,IR-08a.07,an incident response plan is developed that defines the resources and management support needed to effectively maintain and mature an incident response capability;,Examine; Interview,Operating effectiveness,"IR plan; disclosure playbook v2; interviews with General Counsel, CFO, CISO. Population: n/a (plan). Sample: Plan examined; 3 interviews",EV-IR-8,Satisfied,"Plan defines reportable incidents, roles, and the materiality step",,
IR-8,IR-08a.08,an incident response plan is developed that addresses the sharing of incident information;,Examine; Interview,Operating effectiveness,"IR plan; disclosure playbook v2; interviews with General Counsel, CFO, CISO. Population: n/a (plan). Sample: Plan examined; 3 interviews",EV-IR-8,Satisfied,"Plan defines reportable incidents, roles, and the materiality step",,
IR-8,IR-08a.09,an incident response plan is developed that is reviewed and approved by [organization-defined value] [organization-defined value];,Examine; Interview,Operating effectiveness,"IR plan; disclosure playbook v2; interviews with General Counsel, CFO, CISO. Population: n/a (plan). Sample: Plan examined; 3 interviews",EV-IR-8,Satisfied,"Plan defines reportable incidents, roles, and the materiality step",,
IR-8,IR-08a.10,an incident response plan is developed that explicitly designates responsibility for incident response to [organization-defined value].,Examine; Interview,Operating effectiveness,"IR plan; disclosure playbook v2; interviews with General Counsel, CFO, CISO. Population: n/a (plan). Sample: Plan examined; 3 interviews",EV-IR-8,Satisfied,"Plan defines reportable incidents, roles, and the materiality step",,
IR-8,IR-08b.[01],copies of the incident response plan are distributed to [organization-defined value];,Examine; Interview,Operating effectiveness,"IR plan; disclosure playbook v2; interviews with General Counsel, CFO, CISO. Population: n/a (plan). Sample: Plan examined; 3 interviews",EV-IR-8,Satisfied,"Plan defines reportable incidents, roles, and the materiality step",,
IR-8,IR-08b.[02],copies of the incident response plan are distributed to [organization-defined value];,Examine; Interview,Operating effectiveness,"IR plan; disclosure playbook v2; interviews with General Counsel, CFO, CISO. Population: n/a (plan). Sample: Plan examined; 3 interviews",EV-IR-8,Satisfied,"Plan defines reportable incidents, roles, and the materiality step",,
IR-8,IR-08c.,"the incident response plan is updated to address system and organizational changes or problems encountered during plan implementation, execution, or testing;",Examine; Interview,Operating effectiveness,"IR plan; disclosure playbook v2; interviews with General Counsel, CFO, CISO. Population: n/a (plan). Sample: Plan examined; 3 interviews",EV-IR-8,Other than satisfied,"Plan and playbook not updated for the new CFO and General Counsel, and no cost model for a PII breach",High,POAM-013
IR-8,IR-08d.[01],incident response plan changes are communicated to [organization-defined value];,Examine; Interview,Operating effectiveness,"IR plan; disclosure playbook v2; interviews with General Counsel, CFO, CISO. Population: n/a (plan). Sample: Plan examined; 3 interviews",EV-IR-8,Other than satisfied,Changes since 2025 were not communicated to the two new disclosure committee members,High,POAM-013
IR-8,IR-08d.[02],incident response plan changes are communicated to [organization-defined value];,Examine; Interview,Operating effectiveness,"IR plan; disclosure playbook v2; interviews with General Counsel, CFO, CISO. Population: n/a (plan). Sample: Plan examined; 3 interviews",EV-IR-8,Satisfied,"Plan defines reportable incidents, roles, and the materiality step",,
IR-8,IR-08e.[01],the incident response plan is protected from unauthorized disclosure;,Examine; Interview,Operating effectiveness,"IR plan; disclosure playbook v2; interviews with General Counsel, CFO, CISO. Population: n/a (plan). Sample: Plan examined; 3 interviews",EV-IR-8,Satisfied,"Plan defines reportable incidents, roles, and the materiality step",,
IR-8,IR-08e.[02],the incident response plan is protected from unauthorized modification.,Examine; Interview,Operating effectiveness,"IR plan; disclosure playbook v2; interviews with General Counsel, CFO, CISO. Population: n/a (plan). Sample: Plan examined; 3 interviews",EV-IR-8,Satisfied,"Plan defines reportable incidents, roles, and the materiality step",,
MP-6,MP-06a.[01],[organization-defined value] is sanitized using [organization-defined value] prior to disposal;,Examine; Interview,Operating effectiveness,"Certificates of destruction; vendor contract. Population: About 2,100 devices retired (2026 H1). Sample: 25 devices traced to certificates",EV-MP-6,Satisfied,Every sampled device had a certificate of destruction,,
MP-6,MP-06a.[02],[organization-defined value] is sanitized using [organization-defined value] prior to release from organizational control;,Examine; Interview,Operating effectiveness,"Certificates of destruction; vendor contract. Population: About 2,100 devices retired (2026 H1). Sample: 25 devices traced to certificates",EV-MP-6,Satisfied,Every sampled device had a certificate of destruction,,
MP-6,MP-06a.[03],[organization-defined value] is sanitized using [organization-defined value] prior to release for reuse;,Examine; Interview,Operating effectiveness,"Certificates of destruction; vendor contract. Population: About 2,100 devices retired (2026 H1). Sample: 25 devices traced to certificates",EV-MP-6,Satisfied,Every sampled device had a certificate of destruction,,
MP-6,MP-06b.,sanitization mechanisms with strength and integrity commensurate with the security category or classification of the information are employed.,Examine; Interview,Operating effectiveness,"Certificates of destruction; vendor contract. Population: About 2,100 devices retired (2026 H1). Sample: 25 devices traced to certificates",EV-MP-6,Satisfied,Every sampled device had a certificate of destruction,,
PS-4,PS-04a.,"upon termination of individual employment, system access is disabled within [organization-defined value];",Examine; Test,Operating effectiveness,"HR termination records; disablement timestamps. Population: 2,900 enterprise and 160 ACQ-1 terminations. Sample: 100 (same sample as AC-2)",EV-PS-4,Other than satisfied,3 of 40 sampled ACQ-1 terminations disabled 2 to 9 days late,High,POAM-002
PS-4,PS-04b.,"upon termination of individual employment, any authenticators and credentials are terminated or revoked;",Examine; Test,Operating effectiveness,"HR termination records; disablement timestamps. Population: 2,900 enterprise and 160 ACQ-1 terminations. Sample: 100 (same sample as AC-2)",EV-PS-4,Satisfied,Enterprise terminations disabled within 4 hours,,
PS-4,PS-04c.,"upon termination of individual employment, exit interviews that include a discussion of [organization-defined value] are conducted;",Examine; Test,Operating effectiveness,"HR termination records; disablement timestamps. Population: 2,900 enterprise and 160 ACQ-1 terminations. Sample: 100 (same sample as AC-2)",EV-PS-4,Satisfied,Enterprise terminations disabled within 4 hours,,
PS-4,PS-04d.,"upon termination of individual employment, all security-related organizational system-related property is retrieved;",Examine; Test,Operating effectiveness,"HR termination records; disablement timestamps. Population: 2,900 enterprise and 160 ACQ-1 terminations. Sample: 100 (same sample as AC-2)",EV-PS-4,Satisfied,Enterprise terminations disabled within 4 hours,,
PS-4,PS-04e.,"upon termination of individual employment, access to organizational information and systems formerly controlled by the terminated individual are retained.",Examine; Test,Operating effectiveness,"HR termination records; disablement timestamps. Population: 2,900 enterprise and 160 ACQ-1 terminations. Sample: 100 (same sample as AC-2)",EV-PS-4,Satisfied,Enterprise terminations disabled within 4 hours,,
RA-3,RA-03a.01,a risk assessment is conducted to identify threats to and vulnerabilities in the system;,Examine; Interview,Operating effectiveness,2026 risk assessment (P01). Population: n/a. Sample: Assessment examined,EV-RA-3,Satisfied,Risk assessment performed with SP 800-30 and reported to the board,,
RA-3,RA-03a.02,"a risk assessment is conducted to determine the likelihood and magnitude of harm from unauthorized access, use, disclosure, disruption, modification, or destruction of the system; the information it processes, stores, or transmits; and any related information;",Examine; Interview,Operating effectiveness,2026 risk assessment (P01). Population: n/a. Sample: Assessment examined,EV-RA-3,Satisfied,Risk assessment performed with SP 800-30 and reported to the board,,
RA-3,RA-03a.03,a risk assessment is conducted to determine the likelihood and impact of adverse effects on individuals arising from the processing of personally identifiable information;,Examine; Interview,Operating effectiveness,2026 risk assessment (P01). Population: n/a. Sample: Assessment examined,EV-RA-3,Satisfied,Risk assessment performed with SP 800-30 and reported to the board,,
RA-3,RA-03b.,risk assessment results and risk management decisions from the organization and mission or business process perspectives are integrated with system-level risk assessments;,Examine; Interview,Operating effectiveness,2026 risk assessment (P01). Population: n/a. Sample: Assessment examined,EV-RA-3,Satisfied,Risk assessment performed with SP 800-30 and reported to the board,,
RA-3,RA-03c.,risk assessment results are documented in [organization-defined value];,Examine; Interview,Operating effectiveness,2026 risk assessment (P01). Population: n/a. Sample: Assessment examined,EV-RA-3,Satisfied,Risk assessment performed with SP 800-30 and reported to the board,,
RA-3,RA-03d.,risk assessment results are reviewed [organization-defined value];,Examine; Interview,Operating effectiveness,2026 risk assessment (P01). Population: n/a. Sample: Assessment examined,EV-RA-3,Satisfied,Risk assessment performed with SP 800-30 and reported to the board,,
RA-3,RA-03e.,risk assessment results are disseminated to [organization-defined value];,Examine; Interview,Operating effectiveness,2026 risk assessment (P01). Population: n/a. Sample: Assessment examined,EV-RA-3,Satisfied,Risk assessment performed with SP 800-30 and reported to the board,,
RA-3,RA-03f.,"the risk assessment is updated [organization-defined value] or when there are significant changes to the system, its environment of operation, or other conditions that may impact the security or privacy state of the system.",Examine; Interview,Operating effectiveness,2026 risk assessment (P01). Population: n/a. Sample: Assessment examined,EV-RA-3,Satisfied,Risk assessment performed with SP 800-30 and reported to the board,,
RA-5,RA-05a.[01],systems and hosted applications are monitored for vulnerabilities [organization-defined value] and when new vulnerabilities potentially affecting the system are identified and reported;,Examine; Test,Operating effectiveness,"Scan reports; remediation tickets. Population: About 3,800 critical and high findings on ALPP and shared components. Sample: 60 findings (random)",EV-RA-5,Satisfied,Scanning weekly with current signatures; results analyzed,,
RA-5,RA-05a.[02],systems and hosted applications are scanned for vulnerabilities [organization-defined value] and when new vulnerabilities potentially affecting the system are identified and reported;,Examine; Test,Operating effectiveness,"Scan reports; remediation tickets. Population: About 3,800 critical and high findings on ALPP and shared components. Sample: 60 findings (random)",EV-RA-5,Satisfied,Scanning weekly with current signatures; results analyzed,,
RA-5,RA-05b.01,"vulnerability monitoring tools and techniques are employed to automate parts of the vulnerability management process by using standards for enumerating platforms, software flaws, and improper configurations;",Examine; Test,Operating effectiveness,"Scan reports; remediation tickets. Population: About 3,800 critical and high findings on ALPP and shared components. Sample: 60 findings (random)",EV-RA-5,Satisfied,Scanning weekly with current signatures; results analyzed,,
RA-5,RA-05b.02,vulnerability monitoring tools and techniques are employed to facilitate interoperability among tools and to automate parts of the vulnerability management process by using standards for formatting checklists and test procedures;,Examine; Test,Operating effectiveness,"Scan reports; remediation tickets. Population: About 3,800 critical and high findings on ALPP and shared components. Sample: 60 findings (random)",EV-RA-5,Satisfied,Scanning weekly with current signatures; results analyzed,,
RA-5,RA-05b.03,vulnerability monitoring tools and techniques are employed to facilitate interoperability among tools and to automate parts of the vulnerability management process by using standards for measuring vulnerability impact;,Examine; Test,Operating effectiveness,"Scan reports; remediation tickets. Population: About 3,800 critical and high findings on ALPP and shared components. Sample: 60 findings (random)",EV-RA-5,Satisfied,Scanning weekly with current signatures; results analyzed,,
RA-5,RA-05c.,vulnerability scan reports and results from vulnerability monitoring are analyzed;,Examine; Test,Operating effectiveness,"Scan reports; remediation tickets. Population: About 3,800 critical and high findings on ALPP and shared components. Sample: 60 findings (random)",EV-RA-5,Satisfied,Scanning weekly with current signatures; results analyzed,,
RA-5,RA-05d.,legitimate vulnerabilities are remediated [organization-defined value] in accordance with an organizational assessment of risk;,Examine; Test,Operating effectiveness,"Scan reports; remediation tickets. Population: About 3,800 critical and high findings on ALPP and shared components. Sample: 60 findings (random)",EV-RA-5,Other than satisfied,7 of 60 sampled critical and high findings on integration platform servers were past the 15-day SLA,Moderate,POAM-017
RA-5,RA-05e.,information obtained from the vulnerability monitoring process and control assessments is shared with [organization-defined value] to help eliminate similar vulnerabilities in other systems;,Examine; Test,Operating effectiveness,"Scan reports; remediation tickets. Population: About 3,800 critical and high findings on ALPP and shared components. Sample: 60 findings (random)",EV-RA-5,Satisfied,Scanning weekly with current signatures; results analyzed,,
RA-5,RA-05f.,vulnerability monitoring tools that include the capability to readily update the vulnerabilities to be scanned are employed.,Examine; Test,Operating effectiveness,"Scan reports; remediation tickets. Population: About 3,800 critical and high findings on ALPP and shared components. Sample: 60 findings (random)",EV-RA-5,Satisfied,Scanning weekly with current signatures; results analyzed,,
SA-9,SA-09a.[01],providers of external system services comply with organizational security requirements;,Examine; Interview,Operating effectiveness,Vendor register; contracts; SOC report reviews. Population: 14 external services supporting the ALPP. Sample: 100%,EV-SA-9,Other than satisfied,Screening provider 2's contract lacks the 72-hour incident notice term,Moderate,POAM-009
SA-9,SA-09a.[02],providers of external system services comply with organizational privacy requirements;,Examine; Interview,Operating effectiveness,Vendor register; contracts; SOC report reviews. Population: 14 external services supporting the ALPP. Sample: 100%,EV-SA-9,Satisfied,Oversight roles defined; most contracts carry security terms,,
SA-9,SA-09a.[03],providers of external system services employ [organization-defined value];,Examine; Interview,Operating effectiveness,Vendor register; contracts; SOC report reviews. Population: 14 external services supporting the ALPP. Sample: 100%,EV-SA-9,Satisfied,Oversight roles defined; most contracts carry security terms,,
SA-9,SA-09b.[01],organizational oversight with regard to external system services are defined and documented;,Examine; Interview,Operating effectiveness,Vendor register; contracts; SOC report reviews. Population: 14 external services supporting the ALPP. Sample: 100%,EV-SA-9,Satisfied,Oversight roles defined; most contracts carry security terms,,
SA-9,SA-09b.[02],user roles and responsibilities with regard to external system services are defined and documented;,Examine; Interview,Operating effectiveness,Vendor register; contracts; SOC report reviews. Population: 14 external services supporting the ALPP. Sample: 100%,EV-SA-9,Satisfied,Oversight roles defined; most contracts carry security terms,,
SA-9,SA-09c.,[organization-defined value] are employed to monitor control compliance by external service providers on an ongoing basis.,Examine; Interview,Operating effectiveness,Vendor register; contracts; SOC report reviews. Population: 14 external services supporting the ALPP. Sample: 100%,EV-SA-9,Other than satisfied,The paycard program manager's SOC report has not been reviewed since 2024,Moderate,POAM-009
SA-22,SA-22a.,"system components are replaced when support for the components is no longer available from the developer, vendor, or manufacturer;",Examine; Interview,Operating effectiveness,Unsupported component register. Population: Unsupported component list. Sample: 100%,EV-SA-22,Other than satisfied,Time clock server in DC-1 runs an unsupported operating system,Moderate,POAM-011
SA-22,SA-22b.,[organization-defined value] provide options for alternative sources for continued support for unsupported components.,Examine; Interview,Operating effectiveness,Unsupported component register. Population: Unsupported component list. Sample: 100%,EV-SA-22,Satisfied,Alternative support documented through an exception,,
SC-7,SC-07a.[01],communications at external managed interfaces to the system are monitored;,Examine; Test,Operating effectiveness,Network policies; reachability test from kiosks. Population: n/a (architecture). Sample: Test from a lobby kiosk at 2 legacy branches,EV-SC-7,Satisfied,External and cloud boundaries monitored and controlled,,
SC-7,SC-07a.[02],communications at external managed interfaces to the system are controlled;,Examine; Test,Operating effectiveness,Network policies; reachability test from kiosks. Population: n/a (architecture). Sample: Test from a lobby kiosk at 2 legacy branches,EV-SC-7,Satisfied,External and cloud boundaries monitored and controlled,,
SC-7,SC-07a.[03],communications at key internal managed interfaces within the system are monitored;,Examine; Test,Operating effectiveness,Network policies; reachability test from kiosks. Population: n/a (architecture). Sample: Test from a lobby kiosk at 2 legacy branches,EV-SC-7,Satisfied,External and cloud boundaries monitored and controlled,,
SC-7,SC-07a.[04],communications at key internal managed interfaces within the system are controlled;,Examine; Test,Operating effectiveness,Network policies; reachability test from kiosks. Population: n/a (architecture). Sample: Test from a lobby kiosk at 2 legacy branches,EV-SC-7,Other than satisfied,"From a lobby kiosk at 2 of 2 legacy branches tested, the auditor reached internal file shares and the branch printer management page",Moderate,POAM-012
SC-7,SC-07b.,subnetworks for publicly accessible system components are [organization-defined value] separated from internal organizational networks;,Examine; Test,Operating effectiveness,Network policies; reachability test from kiosks. Population: n/a (architecture). Sample: Test from a lobby kiosk at 2 legacy branches,EV-SC-7,Satisfied,External and cloud boundaries monitored and controlled,,
SC-7,SC-07c.,external networks or systems are only connected to through managed interfaces consisting of boundary protection devices arranged in accordance with an organizational security and privacy architecture.,Examine; Test,Operating effectiveness,Network policies; reachability test from kiosks. Population: n/a (architecture). Sample: Test from a lobby kiosk at 2 legacy branches,EV-SC-7,Satisfied,External and cloud boundaries monitored and controlled,,
SC-8,SC-08,the [organization-defined value] of transmitted information is/are protected.,Examine; Test,Operating effectiveness,TLS scan; SFTP configuration. Population: All ALPP interfaces. Sample: 100%,EV-SC-8,Satisfied,TLS 1.2 or higher and SFTP with file encryption,,
SC-28,SC-28,the [organization-defined value] of [organization-defined value] is/are protected.,Examine; Test,Operating effectiveness,Database and backup encryption; tokenization. Population: n/a (configuration). Sample: Configuration inspected,EV-SC-28,Satisfied,Encryption at rest with customer-managed keys; tokenization inside the payroll engine,,
SI-2,SI-02a.[01],system flaws are identified;,Examine; Test,Operating effectiveness,Patch reports for payroll engine servers. Population: 214 patches (2026 H1). Sample: 25 patches (random),EV-SI-2,Satisfied,Payroll engine patches tested and installed within SLA,,
SI-2,SI-02a.[02],system flaws are reported;,Examine; Test,Operating effectiveness,Patch reports for payroll engine servers. Population: 214 patches (2026 H1). Sample: 25 patches (random),EV-SI-2,Satisfied,Payroll engine patches tested and installed within SLA,,
SI-2,SI-02a.[03],system flaws are corrected;,Examine; Test,Operating effectiveness,Patch reports for payroll engine servers. Population: 214 patches (2026 H1). Sample: 25 patches (random),EV-SI-2,Satisfied,Payroll engine patches tested and installed within SLA,,
SI-2,SI-02b.[01],software updates related to flaw remediation are tested for effectiveness before installation;,Examine; Test,Operating effectiveness,Patch reports for payroll engine servers. Population: 214 patches (2026 H1). Sample: 25 patches (random),EV-SI-2,Satisfied,Payroll engine patches tested and installed within SLA,,
SI-2,SI-02b.[02],software updates related to flaw remediation are tested for potential side effects before installation;,Examine; Test,Operating effectiveness,Patch reports for payroll engine servers. Population: 214 patches (2026 H1). Sample: 25 patches (random),EV-SI-2,Satisfied,Payroll engine patches tested and installed within SLA,,
SI-2,SI-02b.[03],firmware updates related to flaw remediation are tested for effectiveness before installation;,Examine; Test,Operating effectiveness,Patch reports for payroll engine servers. Population: 214 patches (2026 H1). Sample: 25 patches (random),EV-SI-2,Satisfied,Payroll engine patches tested and installed within SLA,,
SI-2,SI-02b.[04],firmware updates related to flaw remediation are tested for potential side effects before installation;,Examine; Test,Operating effectiveness,Patch reports for payroll engine servers. Population: 214 patches (2026 H1). Sample: 25 patches (random),EV-SI-2,Satisfied,Payroll engine patches tested and installed within SLA,,
SI-2,SI-02c.[01],security-relevant software updates are installed within [organization-defined value] of the release of the updates;,Examine; Test,Operating effectiveness,Patch reports for payroll engine servers. Population: 214 patches (2026 H1). Sample: 25 patches (random),EV-SI-2,Satisfied,Payroll engine patches tested and installed within SLA,,
SI-2,SI-02c.[02],security-relevant firmware updates are installed within [organization-defined value] of the release of the updates;,Examine; Test,Operating effectiveness,Patch reports for payroll engine servers. Population: 214 patches (2026 H1). Sample: 25 patches (random),EV-SI-2,Satisfied,Payroll engine patches tested and installed within SLA,,
SI-2,SI-02d.,flaw remediation is incorporated into the organizational configuration management process.,Examine; Test,Operating effectiveness,Patch reports for payroll engine servers. Population: 214 patches (2026 H1). Sample: 25 patches (random),EV-SI-2,Satisfied,Payroll engine patches tested and installed within SLA,,
SI-4,SI-04a.01,the system is monitored to detect attacks and indicators of potential attacks in accordance with [organization-defined value];,Examine; Test,Operating effectiveness,SIEM use cases; audit test export. Population: n/a. Sample: Bulk export test; rule review,EV-SI-4,Other than satisfied,"Monitoring did not detect the audit test export of 5,000 associate records",High,POAM-016
SI-4,SI-04a.02[01],the system is monitored to detect unauthorized local connections;,Examine; Test,Operating effectiveness,SIEM use cases; audit test export. Population: n/a. Sample: Bulk export test; rule review,EV-SI-4,Satisfied,"Network, endpoint, and identity monitoring operates 24x7",,
SI-4,SI-04a.02[02],the system is monitored to detect unauthorized network connections;,Examine; Test,Operating effectiveness,SIEM use cases; audit test export. Population: n/a. Sample: Bulk export test; rule review,EV-SI-4,Satisfied,"Network, endpoint, and identity monitoring operates 24x7",,
SI-4,SI-04a.02[03],the system is monitored to detect unauthorized remote connections;,Examine; Test,Operating effectiveness,SIEM use cases; audit test export. Population: n/a. Sample: Bulk export test; rule review,EV-SI-4,Satisfied,"Network, endpoint, and identity monitoring operates 24x7",,
SI-4,SI-04b.,unauthorized use of the system is identified through [organization-defined value];,Examine; Test,Operating effectiveness,SIEM use cases; audit test export. Population: n/a. Sample: Bulk export test; rule review,EV-SI-4,Satisfied,"Network, endpoint, and identity monitoring operates 24x7",,
SI-4,SI-04c.01,internal monitoring capabilities are invoked or monitoring devices are deployed strategically within the system to collect organization-determined essential information;,Examine; Test,Operating effectiveness,SIEM use cases; audit test export. Population: n/a. Sample: Bulk export test; rule review,EV-SI-4,Satisfied,"Network, endpoint, and identity monitoring operates 24x7",,
SI-4,SI-04c.02,internal monitoring capabilities are invoked or monitoring devices are deployed at ad hoc locations within the system to track specific types of transactions of interest to the organization;,Examine; Test,Operating effectiveness,SIEM use cases; audit test export. Population: n/a. Sample: Bulk export test; rule review,EV-SI-4,Satisfied,"Network, endpoint, and identity monitoring operates 24x7",,
SI-4,SI-04d.[01],detected events are analyzed;,Examine; Test,Operating effectiveness,SIEM use cases; audit test export. Population: n/a. Sample: Bulk export test; rule review,EV-SI-4,Satisfied,"Network, endpoint, and identity monitoring operates 24x7",,
SI-4,SI-04d.[02],detected anomalies are analyzed;,Examine; Test,Operating effectiveness,SIEM use cases; audit test export. Population: n/a. Sample: Bulk export test; rule review,EV-SI-4,Satisfied,"Network, endpoint, and identity monitoring operates 24x7",,
SI-4,SI-04e.,"the level of system monitoring activity is adjusted when there is a change in risk to organizational operations and assets, individuals, other organizations, or the Nation;",Examine; Test,Operating effectiveness,SIEM use cases; audit test export. Population: n/a. Sample: Bulk export test; rule review,EV-SI-4,Other than satisfied,Monitoring was not raised when associate bank-change fraud rose in 2025,High,POAM-001
SI-4,SI-04f.,a legal opinion regarding system monitoring activities is obtained;,Examine; Test,Operating effectiveness,SIEM use cases; audit test export. Population: n/a. Sample: Bulk export test; rule review,EV-SI-4,Satisfied,"Network, endpoint, and identity monitoring operates 24x7",,
SI-4,SI-04g.,[organization-defined value] is provided to [organization-defined value] [organization-defined value].,Examine; Test,Operating effectiveness,SIEM use cases; audit test export. Population: n/a. Sample: Bulk export test; rule review,EV-SI-4,Satisfied,"Network, endpoint, and identity monitoring operates 24x7",,
SI-7,SI-07a.[01],integrity verification tools are employed to detect unauthorized changes to [organization-defined value];,Examine; Test,Operating effectiveness,File integrity monitoring; SFTP staging design; test file alteration. Population: n/a. Sample: Test alteration of a copy of a paycard funding file in the test environment,EV-SI-7,Satisfied,File integrity monitoring on payroll engine servers,,
SI-7,SI-07a.[02],integrity verification tools are employed to detect unauthorized changes to [organization-defined value];,Examine; Test,Operating effectiveness,File integrity monitoring; SFTP staging design; test file alteration. Population: n/a. Sample: Test alteration of a copy of a paycard funding file in the test environment,EV-SI-7,Satisfied,File integrity monitoring on payroll engine servers,,
SI-7,SI-07a.[03],integrity verification tools are employed to detect unauthorized changes to [organization-defined value];,Examine; Test,Not implemented (nothing to test),File integrity monitoring; SFTP staging design; test file alteration. Population: n/a. Sample: Test alteration of a copy of a paycard funding file in the test environment,EV-SI-7,Other than satisfied,No tool detects changes to bank and paycard files on the staging server; the altered test file passed,High,POAM-019
SI-7,SI-07b.[01],"[organization-defined value] are taken when unauthorized changes to the software, are detected;",Examine; Test,Operating effectiveness,File integrity monitoring; SFTP staging design; test file alteration. Population: n/a. Sample: Test alteration of a copy of a paycard funding file in the test environment,EV-SI-7,Satisfied,File integrity monitoring on payroll engine servers,,
SI-7,SI-07b.[02],[organization-defined value] are taken when unauthorized changes to the firmware are detected;,Examine; Test,Operating effectiveness,File integrity monitoring; SFTP staging design; test file alteration. Population: n/a. Sample: Test alteration of a copy of a paycard funding file in the test environment,EV-SI-7,Satisfied,File integrity monitoring on payroll engine servers,,
SI-7,SI-07b.[03],[organization-defined value] are taken when unauthorized changes to the information are detected.,Examine; Test,Not implemented (nothing to test),File integrity monitoring; SFTP staging design; test file alteration. Population: n/a. Sample: Test alteration of a copy of a paycard funding file in the test environment,EV-SI-7,Other than satisfied,No action is defined for an altered pay file,High,POAM-019
SI-10,SI-10,the validity of the [organization-defined value] is checked.,Examine; Test,Operating effectiveness,Intake validation rules; malformed test files. Population: 20 test SL-2 intake files. Sample: 100% in the test environment,EV-SI-10,Other than satisfied,"SL-2 intake accepted 6 of 20 test files with unreasonable values (pay rate 10 times normal, 168 hours a week)",Moderate,POAM-020
SI-12,SI-12[01],"information within the system is managed in accordance with applicable laws, Executive Orders, directives, regulations, policies, standards, guidelines, and operational requirements;",Examine; Test,Operating effectiveness,"Retention schedule STD-04.2; record age queries. Population: SYS-01, SYS-02, and data platform records. Sample: 100% (queries)",EV-SI-12,Satisfied,Information managed under the retention schedule's categories,,
SI-12,SI-12[02],"information within the system is retained in accordance with applicable laws, Executive Orders, directives, regulations, policies, standards, guidelines, and operational requirements;",Examine; Test,Operating effectiveness,"Retention schedule STD-04.2; record age queries. Population: SYS-01, SYS-02, and data platform records. Sample: 100% (queries)",EV-SI-12,Other than satisfied,"About 1.9 million applications, 410,000 consumer reports, and Forms I-9 past their retention date are still kept",Moderate,POAM-005
SI-12,SI-12[03],"information output from the system is managed in accordance with applicable laws, Executive Orders, directives, regulations, policies, standards, guidelines, and operational requirements;",Examine; Test,Operating effectiveness,"Retention schedule STD-04.2; record age queries. Population: SYS-01, SYS-02, and data platform records. Sample: 100% (queries)",EV-SI-12,Satisfied,Information managed under the retention schedule's categories,,
SI-12,SI-12[04],"information output from the system is retained in accordance with applicable laws, Executive Orders, directives, regulations, policies, standards, guidelines, and operational requirements.",Examine; Test,Not implemented (nothing to test),"Retention schedule STD-04.2; record age queries. Population: SYS-01, SYS-02, and data platform records. Sample: 100% (queries)",EV-SI-12,Other than satisfied,Extracts in the data platform have no retention or purge rule,Moderate,POAM-005
SR-6,SR-06,"the supply chain-related risks associated with suppliers or contractors and the systems, system components, or system services they provide are assessed and reviewed [organization-defined value].",Examine; Interview,Operating effectiveness,Vendor assessment schedule. Population: 220 vendors with personal information. Sample: 100% (analytics),EV-SR-6,Other than satisfied,31 of 220 vendors with personal information have no current assessment,Moderate,POAM-009
