req_id,regulation,regulatory_driver,citation,cmmc_practice_id,requirement_summary,requirement_type,cmmc_point_value,applies_at_this_tier,csf2_subcategories,sp800_53_controls,nist_official_sp800_53_appendix_d,crosswalk_source,current_state,evidence,status,gap_description,gap_risk_level,remediation_action,owner,target_date,poam_allowed_cmmc,pending_rule_change
G-001,NIST SP 800-171 Rev. 2 (DFARS 252.204-7012; CMMC Level 2),N42-R03 (252.204-7012(b)(2)); N42-R02 (32 CFR 170.14(c)(3)),SP 800-171 R2 3.1.1,AC.L2-3.1.1,"Limit system access to authorized users, processes acting on behalf of authorized users, and devices (including other systems).",Basic,5,Yes,PR.AA-05; PR.DS-10; PR.AA-01,AC-2; AC-3; AC-17,AC-2; AC-3; AC-17,"SP 800-53: official SP 800-171 R2 Appendix D (Rev. 4 IDs), refined to Rev. 5 by author; CSF 2.0: derived from the official CSF 2.0-to-SP 800-53 Rev. 5.2.0 reference (SRC-OLIR-CSF-53)","Named accounts in the identity provider, ERP, and file server. The general file share that holds CUI is readable by all 62 domain users",Identity provider user export; file share permission report 2026-07-16; WMS user list,Partially met,CUI share not limited to authorized users,High,"Move CUI to a restricted CUI share for 9 named users (CUI enclave project (CUI share, lab VLAN, hardened lab workstations))",IT Manager,2026-12-15,No (point value 5 > 1),None
G-002,NIST SP 800-171 Rev. 2 (DFARS 252.204-7012; CMMC Level 2),N42-R03 (252.204-7012(b)(2)); N42-R02 (32 CFR 170.14(c)(3)),SP 800-171 R2 3.1.2,AC.L2-3.1.2,Limit system access to the types of transactions and functions that authorized users are permitted to execute.,Basic,5,Yes,PR.AA-05; PR.DS-10; PR.IR-01,AC-3; AC-17,AC-2; AC-3; AC-17,"SP 800-53: official SP 800-171 R2 Appendix D (Rev. 4 IDs), refined to Rev. 5 by author; CSF 2.0: derived from the official CSF 2.0-to-SP 800-53 Rev. 5.2.0 reference (SRC-OLIR-CSF-53)","ERP roles limit purchasing, finance, and sales transactions. File share permissions are not role-based and 9 users hold ERP administrator rights",ERP role matrix; file share permission report,Partially met,Excess ERP administrator rights; CUI share has no role restriction,High,Role-based CUI share groups; reduce ERP administrators from 9 to 2,Systems Administrator,2026-11-30,No (point value 5 > 1),None
G-003,NIST SP 800-171 Rev. 2 (DFARS 252.204-7012; CMMC Level 2),N42-R03 (252.204-7012(b)(2)); N42-R02 (32 CFR 170.14(c)(3)),SP 800-171 R2 3.1.3,AC.L2-3.1.3,Control the flow of CUI in accordance with approved authorizations.,Derived,1,Yes,ID.AM-03; PR.DS-10; PR.IR-01,AC-4,AC-4,"SP 800-53: official SP 800-171 R2 Appendix D (Rev. 4 IDs), refined to Rev. 5 by author; CSF 2.0: derived from the official CSF 2.0-to-SP 800-53 Rev. 5.2.0 reference (SRC-OLIR-CSF-53)",No control of CUI flow. CUI documents were found as attachments on 14 ERP sales orders and on the flat lab network,ERP attachment search 2026-07-17; network diagram draft,Not met,CUI flows to the ERP and across the corporate network without restriction,High,Purge ERP CUI attachments; block attachments on DoD orders; segment lab VLAN with deny-by-default rules,IT Manager,2026-12-15,Yes (1 point),None
G-004,NIST SP 800-171 Rev. 2 (DFARS 252.204-7012; CMMC Level 2),N42-R03 (252.204-7012(b)(2)); N42-R02 (32 CFR 170.14(c)(3)),SP 800-171 R2 3.1.4,AC.L2-3.1.4,Separate the duties of individuals to reduce the risk of malevolent activity without collusion.,Derived,1,Yes,PR.AA-05,AC-5,AC-5,"SP 800-53: official SP 800-171 R2 Appendix D (Rev. 4 IDs), refined to Rev. 5 by author; CSF 2.0: derived from the official CSF 2.0-to-SP 800-53 Rev. 5.2.0 reference (SRC-OLIR-CSF-53)",ERP separates purchase order entry from payment approval. The Systems Administrator can change systems and also manages the logs,ERP role matrix; interview Controller 2026-07-15,Partially met,No separation between system administration and audit log management,Low,Send logs to a store that the Systems Administrator cannot delete; IT Manager reviews,IT Manager,2027-01-15,Yes (1 point),None
G-005,NIST SP 800-171 Rev. 2 (DFARS 252.204-7012; CMMC Level 2),N42-R03 (252.204-7012(b)(2)); N42-R02 (32 CFR 170.14(c)(3)),SP 800-171 R2 3.1.5,AC.L2-3.1.5,"Employ the principle of least privilege, including for specific security functions and privileged accounts.",Derived,3,Yes,PR.AA-05,AC-6; AC-6(1); AC-6(5),AC-6; AC-6(1); AC-6(5),"SP 800-53: official SP 800-171 R2 Appendix D (Rev. 4 IDs), refined to Rev. 5 by author; CSF 2.0: derived from the official CSF 2.0-to-SP 800-53 Rev. 5.2.0 reference (SRC-OLIR-CSF-53)","Standard users have no local administrator rights, except the 6 lab workstations. 9 ERP administrators",Endpoint policy report; ERP role matrix,Partially met,Lab users are local administrators; excess ERP administrators,Moderate,Remove local admin on lab workstations; use an elevation tool for configuration software,Systems Administrator,2026-12-15,No (point value 3 > 1),None
G-006,NIST SP 800-171 Rev. 2 (DFARS 252.204-7012; CMMC Level 2),N42-R03 (252.204-7012(b)(2)); N42-R02 (32 CFR 170.14(c)(3)),SP 800-171 R2 3.1.6,AC.L2-3.1.6,Use non-privileged accounts or roles when accessing nonsecurity functions,Derived,1,Yes,PR.AA-05,AC-6(2),AC-6(2),"SP 800-53: official SP 800-171 R2 Appendix D (Rev. 4 IDs), refined to Rev. 5 by author; CSF 2.0: derived from the official CSF 2.0-to-SP 800-53 Rev. 5.2.0 reference (SRC-OLIR-CSF-53)",IT staff use separate administrator accounts in the identity provider and cloud console. Lab technicians work daily as local administrators,Identity provider admin role report,Partially met,Lab technicians use privileged accounts for routine work,Low,Same fix as 3.1.5,Systems Administrator,2026-12-15,Yes (1 point),None
G-007,NIST SP 800-171 Rev. 2 (DFARS 252.204-7012; CMMC Level 2),N42-R03 (252.204-7012(b)(2)); N42-R02 (32 CFR 170.14(c)(3)),SP 800-171 R2 3.1.7,AC.L2-3.1.7,Prevent non-privileged users from executing privileged functions and capture the execution of such functions in audit logs.,Derived,1,Yes,PR.AA-05,AC-6(9); AC-6(10),AC-6(9); AC-6(10),"SP 800-53: official SP 800-171 R2 Appendix D (Rev. 4 IDs), refined to Rev. 5 by author; CSF 2.0: derived from the official CSF 2.0-to-SP 800-53 Rev. 5.2.0 reference (SRC-OLIR-CSF-53)",Endpoint policy blocks standard users from administrative tools. Execution of privileged functions is not defined as a logged event,Endpoint policy report,Partially met,Privileged function logging not defined or reviewed,Low,Define privileged-function events in the logging standard (3.3.3),IT Manager,2027-01-15,Yes (1 point),None
G-008,NIST SP 800-171 Rev. 2 (DFARS 252.204-7012; CMMC Level 2),N42-R03 (252.204-7012(b)(2)); N42-R02 (32 CFR 170.14(c)(3)),SP 800-171 R2 3.1.8,AC.L2-3.1.8,Limit unsuccessful logon attempts.,Derived,1,Yes,PR.AA-03,AC-7,AC-7,"SP 800-53: official SP 800-171 R2 Appendix D (Rev. 4 IDs), refined to Rev. 5 by author; CSF 2.0: derived from the official CSF 2.0-to-SP 800-53 Rev. 5.2.0 reference (SRC-OLIR-CSF-53)","Identity provider locks accounts after 10 failures for all CUI assets. The WMS is a Contractor Risk Managed Asset at Level 2 (32 CFR 170.19(c)(1)) and is documented in the SSP; its shared accounts are tracked in the FCI rows (G-111, G-115, G-116)",Identity provider policy,Met,None,Very Low,None,Systems Administrator,,n/a (Met),None
G-009,NIST SP 800-171 Rev. 2 (DFARS 252.204-7012; CMMC Level 2),N42-R03 (252.204-7012(b)(2)); N42-R02 (32 CFR 170.14(c)(3)),SP 800-171 R2 3.1.9,AC.L2-3.1.9,Provide privacy and security notices consistent with applicable CUI rules.,Derived,1,Yes,,AC-8,AC-8,"SP 800-53: official SP 800-171 R2 Appendix D (Rev. 4 IDs), refined to Rev. 5 by author; CSF 2.0: derived from the official CSF 2.0-to-SP 800-53 Rev. 5.2.0 reference (SRC-OLIR-CSF-53)",No system use notification on any logon screen,Observation of logon screens 2026-07-16,Not met,No CUI or monitoring notice,Low,"Logon banner on Windows, VPN, and CUI share",Systems Administrator,2026-10-31,Yes (1 point),None
G-010,NIST SP 800-171 Rev. 2 (DFARS 252.204-7012; CMMC Level 2),N42-R03 (252.204-7012(b)(2)); N42-R02 (32 CFR 170.14(c)(3)),SP 800-171 R2 3.1.10,AC.L2-3.1.10,Use session lock with pattern-hiding displays to prevent access and viewing of data after a period of inactivity,Derived,1,Yes,,AC-11; AC-11(1),AC-11; AC-11(1),"SP 800-53: official SP 800-171 R2 Appendix D (Rev. 4 IDs), refined to Rev. 5 by author; CSF 2.0: derived from the official CSF 2.0-to-SP 800-53 Rev. 5.2.0 reference (SRC-OLIR-CSF-53)",Windows screens lock after 15 minutes with a blank screen. The 6 lab workstations are exempt,Endpoint policy report,Partially met,Lab exemption,Low,Remove lab exemption,Systems Administrator,2026-11-30,Yes (1 point),None
G-011,NIST SP 800-171 Rev. 2 (DFARS 252.204-7012; CMMC Level 2),N42-R03 (252.204-7012(b)(2)); N42-R02 (32 CFR 170.14(c)(3)),SP 800-171 R2 3.1.11,AC.L2-3.1.11,Terminate (automatically) a user session after a defined condition.,Derived,1,Yes,PR.AA-03,AC-12,AC-12,"SP 800-53: official SP 800-171 R2 Appendix D (Rev. 4 IDs), refined to Rev. 5 by author; CSF 2.0: derived from the official CSF 2.0-to-SP 800-53 Rev. 5.2.0 reference (SRC-OLIR-CSF-53)","ERP sessions end after 60 minutes idle; the CUI share and Windows sessions lock and sign out per policy. The WMS is a Contractor Risk Managed Asset at Level 2 (32 CFR 170.19(c)(1)) and is documented in the SSP; its shared accounts are tracked in the FCI rows (G-111, G-115, G-116)",ERP and endpoint settings,Met,None,Very Low,None,Systems Administrator,,n/a (Met),None
G-012,NIST SP 800-171 Rev. 2 (DFARS 252.204-7012; CMMC Level 2),N42-R03 (252.204-7012(b)(2)); N42-R02 (32 CFR 170.14(c)(3)),SP 800-171 R2 3.1.12,AC.L2-3.1.12,Monitor and control remote access sessions.,Derived,5,Yes,PR.AA-05,AC-17(1),AC-17(1),"SP 800-53: official SP 800-171 R2 Appendix D (Rev. 4 IDs), refined to Rev. 5 by author; CSF 2.0: derived from the official CSF 2.0-to-SP 800-53 Rev. 5.2.0 reference (SRC-OLIR-CSF-53)",Remote access only through the VPN with MFA. VPN logs are kept 30 days and nobody reviews them,VPN configuration export,Partially met,Remote sessions not monitored,Moderate,Forward VPN logs to the log store; weekly review,IT Manager,2027-01-15,No (point value 5 > 1),None
G-013,NIST SP 800-171 Rev. 2 (DFARS 252.204-7012; CMMC Level 2),N42-R03 (252.204-7012(b)(2)); N42-R02 (32 CFR 170.14(c)(3)),SP 800-171 R2 3.1.13,AC.L2-3.1.13,Employ cryptographic mechanisms to protect the confidentiality of remote access sessions.,Derived,5,Yes,PR.AA-05,AC-17(2),AC-17(2),"SP 800-53: official SP 800-171 R2 Appendix D (Rev. 4 IDs), refined to Rev. 5 by author; CSF 2.0: derived from the official CSF 2.0-to-SP 800-53 Rev. 5.2.0 reference (SRC-OLIR-CSF-53)",The VPN uses IPsec with modern cipher suites,VPN configuration export,Met,None,Very Low,None,IT Manager,,n/a (Met),None
G-014,NIST SP 800-171 Rev. 2 (DFARS 252.204-7012; CMMC Level 2),N42-R03 (252.204-7012(b)(2)); N42-R02 (32 CFR 170.14(c)(3)),SP 800-171 R2 3.1.14,AC.L2-3.1.14,Route remote access via managed access control points.,Derived,1,Yes,PR.AA-05,AC-17(3),AC-17(3),"SP 800-53: official SP 800-171 R2 Appendix D (Rev. 4 IDs), refined to Rev. 5 by author; CSF 2.0: derived from the official CSF 2.0-to-SP 800-53 Rev. 5.2.0 reference (SRC-OLIR-CSF-53)",All remote access goes through the single firewall VPN,Firewall rule review 2026-07-16,Met,None,Very Low,None,IT Manager,,n/a (Met),None
G-015,NIST SP 800-171 Rev. 2 (DFARS 252.204-7012; CMMC Level 2),N42-R03 (252.204-7012(b)(2)); N42-R02 (32 CFR 170.14(c)(3)),SP 800-171 R2 3.1.15,AC.L2-3.1.15,Authorize remote execution of privileged commands and remote access to security-relevant information.,Derived,1,Yes,PR.AA-05,AC-17(4),AC-17(4),"SP 800-53: official SP 800-171 R2 Appendix D (Rev. 4 IDs), refined to Rev. 5 by author; CSF 2.0: derived from the official CSF 2.0-to-SP 800-53 Rev. 5.2.0 reference (SRC-OLIR-CSF-53)",The MSP runs privileged commands through its remote monitoring tool with no written authorization or scope,MSP contract; tool access list,Partially met,MSP privileged remote execution not authorized in writing,Moderate,Written MSP access authorization and customer responsibility matrix; restrict tool to approved sources,Chief Operating Officer,2026-11-30,Yes (1 point),None
G-016,NIST SP 800-171 Rev. 2 (DFARS 252.204-7012; CMMC Level 2),N42-R03 (252.204-7012(b)(2)); N42-R02 (32 CFR 170.14(c)(3)),SP 800-171 R2 3.1.16,AC.L2-3.1.16,Authorize wireless access prior to allowing such connections,Derived,5,Yes,PR.AA-05,AC-18,AC-18,"SP 800-53: official SP 800-171 R2 Appendix D (Rev. 4 IDs), refined to Rev. 5 by author; CSF 2.0: derived from the official CSF 2.0-to-SP 800-53 Rev. 5.2.0 reference (SRC-OLIR-CSF-53)",Corporate Wi-Fi uses individual directory credentials. The scanner Wi-Fi uses a shared key known to all warehouse staff and unchanged since 2023,Wireless controller configuration,Partially met,Scanner Wi-Fi access not individually authorized,Moderate,Certificate-based scanner Wi-Fi when handhelds are replaced (3.14.1),IT Manager,2027-01-31,No (point value 5 > 1),None
G-017,NIST SP 800-171 Rev. 2 (DFARS 252.204-7012; CMMC Level 2),N42-R03 (252.204-7012(b)(2)); N42-R02 (32 CFR 170.14(c)(3)),SP 800-171 R2 3.1.17,AC.L2-3.1.17,Protect wireless access using authentication and encryption,Derived,5,Yes,PR.AA-05,AC-18(1),AC-18(1),"SP 800-53: official SP 800-171 R2 Appendix D (Rev. 4 IDs), refined to Rev. 5 by author; CSF 2.0: derived from the official CSF 2.0-to-SP 800-53 Rev. 5.2.0 reference (SRC-OLIR-CSF-53)",All SSIDs use WPA2 or WPA3 encryption with authentication,Wireless controller configuration,Met,None,Very Low,None,IT Manager,,n/a (Met),None
G-018,NIST SP 800-171 Rev. 2 (DFARS 252.204-7012; CMMC Level 2),N42-R03 (252.204-7012(b)(2)); N42-R02 (32 CFR 170.14(c)(3)),SP 800-171 R2 3.1.18,AC.L2-3.1.18,Control connection of mobile devices.,Derived,5,Yes,PR.AA-05,AC-19,AC-19,"SP 800-53: official SP 800-171 R2 Appendix D (Rev. 4 IDs), refined to Rev. 5 by author; CSF 2.0: derived from the official CSF 2.0-to-SP 800-53 Rev. 5.2.0 reference (SRC-OLIR-CSF-53)",Phones reach email through the app with MFA. No mobile device management,Identity provider app policy,Partially met,Mobile devices not controlled,Moderate,App protection policy for email; prohibit CUI on mobile devices,IT Manager,2026-12-15,No (point value 5 > 1),None
G-019,NIST SP 800-171 Rev. 2 (DFARS 252.204-7012; CMMC Level 2),N42-R03 (252.204-7012(b)(2)); N42-R02 (32 CFR 170.14(c)(3)),SP 800-171 R2 3.1.19,AC.L2-3.1.19,Encrypt CUI on mobile devices and mobile computing platforms.[23],Derived,3,Yes,PR.AA-05,AC-19(5),AC-19(5),"SP 800-53: official SP 800-171 R2 Appendix D (Rev. 4 IDs), refined to Rev. 5 by author; CSF 2.0: derived from the official CSF 2.0-to-SP 800-53 Rev. 5.2.0 reference (SRC-OLIR-CSF-53)",Laptops use full-disk encryption. Phones are unmanaged and there is no rule keeping CUI off them,Encryption report,Partially met,No rule or control for CUI on phones,Moderate,POL-04 rule; app protection policy (3.1.18),IT Manager,2026-12-15,No (point value 3 > 1),None
G-020,NIST SP 800-171 Rev. 2 (DFARS 252.204-7012; CMMC Level 2),N42-R03 (252.204-7012(b)(2)); N42-R02 (32 CFR 170.14(c)(3)),SP 800-171 R2 3.1.20,AC.L2-3.1.20,Verify and control/limit connections to and use of external systems.,Derived,1,Yes,ID.AM-02; ID.AM-04,AC-20; AC-20(1),AC-20; AC-20(1),"SP 800-53: official SP 800-171 R2 Appendix D (Rev. 4 IDs), refined to Rev. 5 by author; CSF 2.0: derived from the official CSF 2.0-to-SP 800-53 Rev. 5.2.0 reference (SRC-OLIR-CSF-53)",Personal cloud storage and personal email are not blocked on company devices. No rule on external systems,Web filter configuration,Partially met,External system use not limited. Cannot be placed on a CMMC POA&M (32 CFR 170.21(a)(2)(iii)),Moderate,Block personal cloud storage; POL-05 rule on external systems,IT Manager,2026-11-30,No (32 CFR 170.21(a)(2)(iii)),None
G-021,NIST SP 800-171 Rev. 2 (DFARS 252.204-7012; CMMC Level 2),N42-R03 (252.204-7012(b)(2)); N42-R02 (32 CFR 170.14(c)(3)),SP 800-171 R2 3.1.21,AC.L2-3.1.21,Limit use of portable storage devices on external systems.,Derived,1,Yes,ID.AM-02; ID.AM-04,AC-20(2),AC-20(2),"SP 800-53: official SP 800-171 R2 Appendix D (Rev. 4 IDs), refined to Rev. 5 by author; CSF 2.0: derived from the official CSF 2.0-to-SP 800-53 Rev. 5.2.0 reference (SRC-OLIR-CSF-53)","USB storage is unrestricted, including on lab workstations",Endpoint policy report,Not met,No limit on portable storage,Moderate,Block USB storage except company-issued encrypted drives for the lab,Systems Administrator,2026-12-15,Yes (1 point),None
G-022,NIST SP 800-171 Rev. 2 (DFARS 252.204-7012; CMMC Level 2),N42-R03 (252.204-7012(b)(2)); N42-R02 (32 CFR 170.14(c)(3)),SP 800-171 R2 3.1.22,AC.L2-3.1.22,Control CUI posted or processed on publicly accessible systems.,Derived,1,Yes,,AC-22,AC-22,"SP 800-53: official SP 800-171 R2 Appendix D (Rev. 4 IDs), refined to Rev. 5 by author; CSF 2.0: derived from the official CSF 2.0-to-SP 800-53 Rev. 5.2.0 reference (SRC-OLIR-CSF-53)",Only the Sales Operations Manager and one marketing coordinator can publish to the website and portal. Content is reviewed before posting,Portal publishing roles; content approval log,Met,None,Very Low,None,Sales Operations Manager,,n/a (Met),None
G-023,NIST SP 800-171 Rev. 2 (DFARS 252.204-7012; CMMC Level 2),N42-R03 (252.204-7012(b)(2)); N42-R02 (32 CFR 170.14(c)(3)),SP 800-171 R2 3.2.1,AT.L2-3.2.1,"Ensure that managers, systems administrators, and users of organizational systems are made aware of the security risks associated with their activities and of the applicable policies, standards, and procedures related to the security of those systems.",Basic,5,Yes,PR.AT-01,AT-2,AT-2; AT-3,"SP 800-53: official SP 800-171 R2 Appendix D (Rev. 4 IDs), refined to Rev. 5 by author; CSF 2.0: derived from the official CSF 2.0-to-SP 800-53 Rev. 5.2.0 reference (SRC-OLIR-CSF-53)",Annual security awareness video for all staff,Training roster 2026-01,Partially met,"No content on CUI, supplier fraud, or current threats",High,Quarterly awareness modules including business email compromise and CUI,HR Manager,2026-11-30,No (point value 5 > 1),None
G-024,NIST SP 800-171 Rev. 2 (DFARS 252.204-7012; CMMC Level 2),N42-R03 (252.204-7012(b)(2)); N42-R02 (32 CFR 170.14(c)(3)),SP 800-171 R2 3.2.2,AT.L2-3.2.2,Ensure that personnel are trained to carry out their assigned information security-related duties and responsibilities.,Basic,5,Yes,PR.AT-01; PR.AT-02,AT-3,AT-2; AT-3,"SP 800-53: official SP 800-171 R2 Appendix D (Rev. 4 IDs), refined to Rev. 5 by author; CSF 2.0: derived from the official CSF 2.0-to-SP 800-53 Rev. 5.2.0 reference (SRC-OLIR-CSF-53)","No role-based training for CUI handlers, administrators, buyers, or receiving staff",Training roster,Not met,No role-based training,High,"Role-based modules: CUI handling (lab), anti-counterfeit (receiving, buyers), administrators",HR Manager,2026-12-15,No (point value 5 > 1),None
G-025,NIST SP 800-171 Rev. 2 (DFARS 252.204-7012; CMMC Level 2),N42-R03 (252.204-7012(b)(2)); N42-R02 (32 CFR 170.14(c)(3)),SP 800-171 R2 3.2.3,AT.L2-3.2.3,Provide security awareness training on recognizing and reporting potential indicators of insider threat.,Derived,1,Yes,PR.AT-01,AT-2(2),AT-2(2),"SP 800-53: official SP 800-171 R2 Appendix D (Rev. 4 IDs), refined to Rev. 5 by author; CSF 2.0: derived from the official CSF 2.0-to-SP 800-53 Rev. 5.2.0 reference (SRC-OLIR-CSF-53)",Insider threat is not covered in training,Training content review,Not met,No insider threat awareness,Low,Add insider threat module,HR Manager,2026-12-15,Yes (1 point),None
G-026,NIST SP 800-171 Rev. 2 (DFARS 252.204-7012; CMMC Level 2),N42-R03 (252.204-7012(b)(2)); N42-R02 (32 CFR 170.14(c)(3)),SP 800-171 R2 3.3.1,AU.L2-3.3.1,"Create and retain system audit logs and records to the extent needed to enable the monitoring, analysis, investigation, and reporting of unlawful or unauthorized system activity",Basic,5,Yes,PR.PS-04; DE.CM-01; DE.CM-03,AU-2; AU-3; AU-11; AU-12,AU-2; AU-3; AU-3(1); AU-6; AU-11; AU-12,"SP 800-53: official SP 800-171 R2 Appendix D (Rev. 4 IDs), refined to Rev. 5 by author; CSF 2.0: derived from the official CSF 2.0-to-SP 800-53 Rev. 5.2.0 reference (SRC-OLIR-CSF-53)","Identity provider, cloud, ERP, and firewall generate logs with default retention of 30 to 90 days. WMS logs only logons",Log settings exports,Partially met,Retention too short to support investigations or the 90-day preservation in DFARS 252.204-7012(e),High,Central log store with 1-year retention,IT Manager,2027-01-15,No (point value 5 > 1),None
G-027,NIST SP 800-171 Rev. 2 (DFARS 252.204-7012; CMMC Level 2),N42-R03 (252.204-7012(b)(2)); N42-R02 (32 CFR 170.14(c)(3)),SP 800-171 R2 3.3.2,AU.L2-3.3.2,"Ensure that the actions of individual system users can be uniquely traced to those users, so they can be held accountable for their actions.",Basic,3,Yes,PR.PS-04; DE.AE-02; DE.AE-03,AU-3; AU-6,AU-2; AU-3; AU-3(1); AU-6; AU-11; AU-12,"SP 800-53: official SP 800-171 R2 Appendix D (Rev. 4 IDs), refined to Rev. 5 by author; CSF 2.0: derived from the official CSF 2.0-to-SP 800-53 Rev. 5.2.0 reference (SRC-OLIR-CSF-53)","Actions on CUI assets trace to named users. The WMS is a Contractor Risk Managed Asset at Level 2 (32 CFR 170.19(c)(1)) and is documented in the SSP; its shared accounts are tracked in the FCI rows (G-111, G-115, G-116)",File server audit sample; identity provider logs,Met,None,Very Low,None,Systems Administrator,,n/a (Met),None
G-028,NIST SP 800-171 Rev. 2 (DFARS 252.204-7012; CMMC Level 2),N42-R03 (252.204-7012(b)(2)); N42-R02 (32 CFR 170.14(c)(3)),SP 800-171 R2 3.3.3,AU.L2-3.3.3,Review and update logged events.,Derived,1,Yes,PR.PS-04,AU-2,AU-2(3),"SP 800-53: official SP 800-171 R2 Appendix D (Rev. 4 IDs), refined to Rev. 5 by author; CSF 2.0: derived from the official CSF 2.0-to-SP 800-53 Rev. 5.2.0 reference (SRC-OLIR-CSF-53)",Logged events have never been reviewed or updated,Interview IT Manager 2026-07-14,Not met,No event review,Low,Logging standard with annual review,IT Manager,2027-01-15,Yes (1 point),None
G-029,NIST SP 800-171 Rev. 2 (DFARS 252.204-7012; CMMC Level 2),N42-R03 (252.204-7012(b)(2)); N42-R02 (32 CFR 170.14(c)(3)),SP 800-171 R2 3.3.4,AU.L2-3.3.4,Alert in the event of an audit logging process failure.,Derived,1,Yes,,AU-5,AU-5,"SP 800-53: official SP 800-171 R2 Appendix D (Rev. 4 IDs), refined to Rev. 5 by author; CSF 2.0: derived from the official CSF 2.0-to-SP 800-53 Rev. 5.2.0 reference (SRC-OLIR-CSF-53)",No alert when logging fails,Log settings exports,Not met,No failure alerting,Low,Alert on log source silence in the log store,IT Manager,2027-01-15,Yes (1 point),None
G-030,NIST SP 800-171 Rev. 2 (DFARS 252.204-7012; CMMC Level 2),N42-R03 (252.204-7012(b)(2)); N42-R02 (32 CFR 170.14(c)(3)),SP 800-171 R2 3.3.5,AU.L2-3.3.5,"Correlate audit record review, analysis, and reporting processes for investigation and response to indications of unlawful, unauthorized, suspicious, or unusual activity.",Derived,5,Yes,PR.PS-04; DE.AE-02; DE.AE-03,AU-6(3),AU-6(3),"SP 800-53: official SP 800-171 R2 Appendix D (Rev. 4 IDs), refined to Rev. 5 by author; CSF 2.0: derived from the official CSF 2.0-to-SP 800-53 Rev. 5.2.0 reference (SRC-OLIR-CSF-53)",No log review or correlation,Interview IT Manager,Not met,No correlation of events across sources,High,Managed detection service with correlation (MSP option),IT Manager,2027-01-15,No (point value 5 > 1),None
G-031,NIST SP 800-171 Rev. 2 (DFARS 252.204-7012; CMMC Level 2),N42-R03 (252.204-7012(b)(2)); N42-R02 (32 CFR 170.14(c)(3)),SP 800-171 R2 3.3.6,AU.L2-3.3.6,Provide audit record reduction and report generation to support on-demand analysis and reporting.,Derived,1,Yes,PR.PS-04; RS.AN-03; RS.AN-06,AU-7,AU-7,"SP 800-53: official SP 800-171 R2 Appendix D (Rev. 4 IDs), refined to Rev. 5 by author; CSF 2.0: derived from the official CSF 2.0-to-SP 800-53 Rev. 5.2.0 reference (SRC-OLIR-CSF-53)",Identity provider and cloud consoles provide search and reporting,Console demonstration 2026-07-16,Met,None,Very Low,None,IT Manager,,n/a (Met),None
G-032,NIST SP 800-171 Rev. 2 (DFARS 252.204-7012; CMMC Level 2),N42-R03 (252.204-7012(b)(2)); N42-R02 (32 CFR 170.14(c)(3)),SP 800-171 R2 3.3.7,AU.L2-3.3.7,Provide a system capability that compares and synchronizes internal system clocks with an authoritative source to generate time stamps for audit records,Derived,1,Yes,,AU-8; SC-45(1),AU-8; AU-8(1),"SP 800-53: official SP 800-171 R2 Appendix D (Rev. 4 IDs), refined to Rev. 5 by author; CSF 2.0: derived from the official CSF 2.0-to-SP 800-53 Rev. 5.2.0 reference (SRC-OLIR-CSF-53)",All systems synchronize time with the directory or provider time service,Configuration review,Met,None,Very Low,None,Systems Administrator,,n/a (Met),None
G-033,NIST SP 800-171 Rev. 2 (DFARS 252.204-7012; CMMC Level 2),N42-R03 (252.204-7012(b)(2)); N42-R02 (32 CFR 170.14(c)(3)),SP 800-171 R2 3.3.8,AU.L2-3.3.8,"Protect audit information and audit logging tools from unauthorized access, modification, and deletion.",Derived,1,Yes,PR.DS-10,AU-9,AU-9,"SP 800-53: official SP 800-171 R2 Appendix D (Rev. 4 IDs), refined to Rev. 5 by author; CSF 2.0: derived from the official CSF 2.0-to-SP 800-53 Rev. 5.2.0 reference (SRC-OLIR-CSF-53)","Cloud and identity logs can be deleted by any of the 3 administrators, including the MSP",Cloud role export,Partially met,Logs not protected from administrators,Low,Immutable log store (3.1.4),IT Manager,2027-01-15,Yes (1 point),None
G-034,NIST SP 800-171 Rev. 2 (DFARS 252.204-7012; CMMC Level 2),N42-R03 (252.204-7012(b)(2)); N42-R02 (32 CFR 170.14(c)(3)),SP 800-171 R2 3.3.9,AU.L2-3.3.9,Limit management of audit logging functionality to a subset of privileged users.,Derived,1,Yes,PR.DS-10,AU-9(4),AU-9(4),"SP 800-53: official SP 800-171 R2 Appendix D (Rev. 4 IDs), refined to Rev. 5 by author; CSF 2.0: derived from the official CSF 2.0-to-SP 800-53 Rev. 5.2.0 reference (SRC-OLIR-CSF-53)","Audit settings can be changed by the IT Manager, Systems Administrator, and MSP",Cloud role export,Partially met,Audit management not limited to a subset of administrators,Low,Limit to the IT Manager,IT Manager,2027-01-15,Yes (1 point),None
G-035,NIST SP 800-171 Rev. 2 (DFARS 252.204-7012; CMMC Level 2),N42-R03 (252.204-7012(b)(2)); N42-R02 (32 CFR 170.14(c)(3)),SP 800-171 R2 3.4.1,CM.L2-3.4.1,"Establish and maintain baseline configurations and inventories of organizational systems (including hardware, software, firmware, and documentation) throughout the respective system development life cycles.",Basic,5,Yes,PR.PS-01; ID.AM-01; ID.AM-02,CM-2; CM-8,CM-2; CM-6; CM-8; CM-8(1),"SP 800-53: official SP 800-171 R2 Appendix D (Rev. 4 IDs), refined to Rev. 5 by author; CSF 2.0: derived from the official CSF 2.0-to-SP 800-53 Rev. 5.2.0 reference (SRC-OLIR-CSF-53)","Windows image baseline exists. Inventory is missing handhelds, network devices, and lab workstations",Device management export,Partially met,Incomplete baseline and inventory,High,Complete inventory of all in-scope assets with CMMC asset category,Systems Administrator,2026-11-30,No (point value 5 > 1),None
G-036,NIST SP 800-171 Rev. 2 (DFARS 252.204-7012; CMMC Level 2),N42-R03 (252.204-7012(b)(2)); N42-R02 (32 CFR 170.14(c)(3)),SP 800-171 R2 3.4.2,CM.L2-3.4.2,Establish and enforce security configuration settings for information technology products employed in organizational systems.,Basic,5,Yes,PR.PS-01; DE.CM-09,CM-6,CM-2; CM-6; CM-8; CM-8(1),"SP 800-53: official SP 800-171 R2 Appendix D (Rev. 4 IDs), refined to Rev. 5 by author; CSF 2.0: derived from the official CSF 2.0-to-SP 800-53 Rev. 5.2.0 reference (SRC-OLIR-CSF-53)","Endpoint security settings enforced by device management. Firewall, servers, and lab workstations have no documented configuration",Device management policies,Partially met,"Undocumented settings for servers, firewall, lab",High,Hardening standards based on vendor guides,Systems Administrator,2026-12-15,No (point value 5 > 1),None
G-037,NIST SP 800-171 Rev. 2 (DFARS 252.204-7012; CMMC Level 2),N42-R03 (252.204-7012(b)(2)); N42-R02 (32 CFR 170.14(c)(3)),SP 800-171 R2 3.4.3,CM.L2-3.4.3,"Track, review, approve or disapprove, and log changes to organizational systems.",Derived,1,Yes,ID.RA-07; PR.PS-01; DE.CM-01,CM-3,CM-3,"SP 800-53: official SP 800-171 R2 Appendix D (Rev. 4 IDs), refined to Rev. 5 by author; CSF 2.0: derived from the official CSF 2.0-to-SP 800-53 Rev. 5.2.0 reference (SRC-OLIR-CSF-53)",No change control. Changes are made ad hoc by IT and the MSP,Ticket history review,Not met,Changes not tracked or approved,Moderate,Lightweight change log with approval by the IT Manager,IT Manager,2026-11-30,Yes (1 point),None
G-038,NIST SP 800-171 Rev. 2 (DFARS 252.204-7012; CMMC Level 2),N42-R03 (252.204-7012(b)(2)); N42-R02 (32 CFR 170.14(c)(3)),SP 800-171 R2 3.4.4,CM.L2-3.4.4,Analyze the security impact of changes prior to implementation.,Derived,1,Yes,ID.RA-07; PR.PS-01,CM-4,CM-4,"SP 800-53: official SP 800-171 R2 Appendix D (Rev. 4 IDs), refined to Rev. 5 by author; CSF 2.0: derived from the official CSF 2.0-to-SP 800-53 Rev. 5.2.0 reference (SRC-OLIR-CSF-53)",No security impact analysis before changes,Ticket history review,Not met,No impact analysis,Low,Impact question in the change log,IT Manager,2026-11-30,Yes (1 point),None
G-039,NIST SP 800-171 Rev. 2 (DFARS 252.204-7012; CMMC Level 2),N42-R03 (252.204-7012(b)(2)); N42-R02 (32 CFR 170.14(c)(3)),SP 800-171 R2 3.4.5,CM.L2-3.4.5,"Define, document, approve, and enforce physical and logical access restrictions associated with changes to organizational systems.",Derived,5,Yes,PR.PS-01,CM-5,CM-5,"SP 800-53: official SP 800-171 R2 Appendix D (Rev. 4 IDs), refined to Rev. 5 by author; CSF 2.0: derived from the official CSF 2.0-to-SP 800-53 Rev. 5.2.0 reference (SRC-OLIR-CSF-53)","Only the IT Manager, Systems Administrator, and MSP hold change rights on CUI assets, granted by role",Access lists,Met,None (MSP access scope is tracked in 3.1.15 and 3.7.2),Very Low,None,IT Manager,,n/a (Met),None
G-040,NIST SP 800-171 Rev. 2 (DFARS 252.204-7012; CMMC Level 2),N42-R03 (252.204-7012(b)(2)); N42-R02 (32 CFR 170.14(c)(3)),SP 800-171 R2 3.4.6,CM.L2-3.4.6,Employ the principle of least functionality by configuring organizational systems to provide only essential capabilities.,Derived,5,Yes,PR.PS-01,CM-7,CM-7,"SP 800-53: official SP 800-171 R2 Appendix D (Rev. 4 IDs), refined to Rev. 5 by author; CSF 2.0: derived from the official CSF 2.0-to-SP 800-53 Rev. 5.2.0 reference (SRC-OLIR-CSF-53)",Standard image removes unneeded software. Lab workstations run extra tools and services,Image record; lab workstation scan,Partially met,Lab workstations not hardened,Moderate,"Harden lab workstations (CUI enclave project (CUI share, lab VLAN, hardened lab workstations))",Systems Administrator,2026-12-15,No (point value 5 > 1),None
G-041,NIST SP 800-171 Rev. 2 (DFARS 252.204-7012; CMMC Level 2),N42-R03 (252.204-7012(b)(2)); N42-R02 (32 CFR 170.14(c)(3)),SP 800-171 R2 3.4.7,CM.L2-3.4.7,"Restrict, disable, or prevent the use of nonessential programs, functions, ports, protocols, and services.",Derived,5,Yes,PR.PS-01; PR.PS-05,CM-7(1); CM-7(2),CM-7(1); CM-7(2),"SP 800-53: official SP 800-171 R2 Appendix D (Rev. 4 IDs), refined to Rev. 5 by author; CSF 2.0: derived from the official CSF 2.0-to-SP 800-53 Rev. 5.2.0 reference (SRC-OLIR-CSF-53)",Firewall blocks unneeded inbound ports. Outbound traffic is allowed without restriction,Firewall rules,Partially met,Nonessential outbound ports open,Moderate,Outbound allow list for lab VLAN and servers,IT Manager,2026-12-15,No (point value 5 > 1),None
G-042,NIST SP 800-171 Rev. 2 (DFARS 252.204-7012; CMMC Level 2),N42-R03 (252.204-7012(b)(2)); N42-R02 (32 CFR 170.14(c)(3)),SP 800-171 R2 3.4.8,CM.L2-3.4.8,"Apply deny-by-exception (blacklisting) policy to prevent the use of unauthorized software or deny-all, permit-by-exception (whitelisting) policy to allow the execution of authorized software.",Derived,5,Yes,PR.PS-05; PR.PS-01,CM-7(4); CM-7(5),CM-7(4); CM-7(5),"SP 800-53: official SP 800-171 R2 Appendix D (Rev. 4 IDs), refined to Rev. 5 by author; CSF 2.0: derived from the official CSF 2.0-to-SP 800-53 Rev. 5.2.0 reference (SRC-OLIR-CSF-53)",No application allow list or deny list,Endpoint policy report,Not met,No software execution policy,High,Application allow list on lab workstations and servers,Systems Administrator,2027-01-15,No (point value 5 > 1),None
G-043,NIST SP 800-171 Rev. 2 (DFARS 252.204-7012; CMMC Level 2),N42-R03 (252.204-7012(b)(2)); N42-R02 (32 CFR 170.14(c)(3)),SP 800-171 R2 3.4.9,CM.L2-3.4.9,Control and monitor user-installed software.,Derived,1,Yes,PR.PS-01; PR.PS-02; DE.CM-03,CM-11,CM-11,"SP 800-53: official SP 800-171 R2 Appendix D (Rev. 4 IDs), refined to Rev. 5 by author; CSF 2.0: derived from the official CSF 2.0-to-SP 800-53 Rev. 5.2.0 reference (SRC-OLIR-CSF-53)","Users cannot install software, except lab technicians with local administrator rights",Endpoint policy report,Partially met,Lab users install software,Low,Same fix as 3.1.5,Systems Administrator,2026-12-15,Yes (1 point),None
G-044,NIST SP 800-171 Rev. 2 (DFARS 252.204-7012; CMMC Level 2),N42-R03 (252.204-7012(b)(2)); N42-R02 (32 CFR 170.14(c)(3)),SP 800-171 R2 3.5.1,IA.L2-3.5.1,"Identify system users, processes acting on behalf of users, and devices.",Basic,5,Yes,PR.AA-01; PR.AA-03,IA-2; IA-3,IA-2; IA-3; IA-5,"SP 800-53: official SP 800-171 R2 Appendix D (Rev. 4 IDs), refined to Rev. 5 by author; CSF 2.0: derived from the official CSF 2.0-to-SP 800-53 Rev. 5.2.0 reference (SRC-OLIR-CSF-53)","Named accounts on all CUI assets; 4 service accounts documented during fieldwork. The WMS is a Contractor Risk Managed Asset at Level 2 (32 CFR 170.19(c)(1)) and is documented in the SSP; its shared accounts are tracked in the FCI rows (G-111, G-115, G-116)",Identity provider export; service account register,Met,None,Very Low,None,Systems Administrator,,n/a (Met),None
G-045,NIST SP 800-171 Rev. 2 (DFARS 252.204-7012; CMMC Level 2),N42-R03 (252.204-7012(b)(2)); N42-R02 (32 CFR 170.14(c)(3)),SP 800-171 R2 3.5.2,IA.L2-3.5.2,"Authenticate (or verify) the identities of users, processes, or devices, as a prerequisite to allowing access to organizational systems.",Basic,5,Yes,PR.AA-01; PR.AA-03,IA-2; IA-5,IA-2; IA-3; IA-5,"SP 800-53: official SP 800-171 R2 Appendix D (Rev. 4 IDs), refined to Rev. 5 by author; CSF 2.0: derived from the official CSF 2.0-to-SP 800-53 Rev. 5.2.0 reference (SRC-OLIR-CSF-53)","Users and devices on CUI assets authenticate through the identity provider or directory. The WMS is a Contractor Risk Managed Asset at Level 2 (32 CFR 170.19(c)(1)) and is documented in the SSP; its shared accounts are tracked in the FCI rows (G-111, G-115, G-116)",Identity provider configuration,Met,None,Very Low,None,Systems Administrator,,n/a (Met),None
G-046,NIST SP 800-171 Rev. 2 (DFARS 252.204-7012; CMMC Level 2),N42-R03 (252.204-7012(b)(2)); N42-R02 (32 CFR 170.14(c)(3)),SP 800-171 R2 3.5.3,IA.L2-3.5.3,Use multifactor authentication for local and network access to privileged accounts and for network access to non-privileged accounts.[24] [25].,Derived,3 or 5,Yes,PR.AA-01; PR.AA-03,IA-2(1); IA-2(2),IA-2(1); IA-2(2); IA-2(3),"SP 800-53: official SP 800-171 R2 Appendix D (Rev. 4 IDs), refined to Rev. 5 by author; CSF 2.0: derived from the official CSF 2.0-to-SP 800-53 Rev. 5.2.0 reference (SRC-OLIR-CSF-53)","MFA for email, ERP, VPN, and the cloud console, covering all privileged and remote access. No MFA for network access to the file server (CUI share) from the office network. The WMS (a Contractor Risk Managed Asset) also has no MFA",Conditional access policy; WMS configuration,Partially met,MFA missing for non-privileged network access to the CUI share. Scored 3 points (partial) under 32 CFR 170.24(c)(2)(i)(B)(4)(i),High,Require MFA for the CUI share and lab workstation sign-in; integrate the WMS with the identity provider,Systems Administrator,2027-01-15,No (point value 5 > 1),None
G-047,NIST SP 800-171 Rev. 2 (DFARS 252.204-7012; CMMC Level 2),N42-R03 (252.204-7012(b)(2)); N42-R02 (32 CFR 170.14(c)(3)),SP 800-171 R2 3.5.4,IA.L2-3.5.4,Employ replay-resistant authentication mechanisms for network access to privileged and non-privileged accounts.,Derived,1,Yes,PR.AA-01; PR.AA-03,IA-2(8),IA-2(8); IA-2(9),"SP 800-53: official SP 800-171 R2 Appendix D (Rev. 4 IDs), refined to Rev. 5 by author; CSF 2.0: derived from the official CSF 2.0-to-SP 800-53 Rev. 5.2.0 reference (SRC-OLIR-CSF-53)",Identity provider uses replay-resistant protocols (modern federation and Kerberos),Identity provider configuration,Met,None,Very Low,None,Systems Administrator,,n/a (Met),None
G-048,NIST SP 800-171 Rev. 2 (DFARS 252.204-7012; CMMC Level 2),N42-R03 (252.204-7012(b)(2)); N42-R02 (32 CFR 170.14(c)(3)),SP 800-171 R2 3.5.5,IA.L2-3.5.5,Prevent reuse of identifiers for a defined period.,Derived,1,Yes,PR.AA-01,IA-4,IA-4,"SP 800-53: official SP 800-171 R2 Appendix D (Rev. 4 IDs), refined to Rev. 5 by author; CSF 2.0: derived from the official CSF 2.0-to-SP 800-53 Rev. 5.2.0 reference (SRC-OLIR-CSF-53)",Identifiers are never reused; the identity provider keeps disabled accounts,Identity provider export,Met,None,Very Low,None,Systems Administrator,,n/a (Met),None
G-049,NIST SP 800-171 Rev. 2 (DFARS 252.204-7012; CMMC Level 2),N42-R03 (252.204-7012(b)(2)); N42-R02 (32 CFR 170.14(c)(3)),SP 800-171 R2 3.5.6,IA.L2-3.5.6,Disable identifiers after a defined period of inactivity.,Derived,1,Yes,PR.AA-01,IA-4,IA-4,"SP 800-53: official SP 800-171 R2 Appendix D (Rev. 4 IDs), refined to Rev. 5 by author; CSF 2.0: derived from the official CSF 2.0-to-SP 800-53 Rev. 5.2.0 reference (SRC-OLIR-CSF-53)",No inactivity rule; 11 accounts unused for more than 90 days were found,Identity provider last-sign-in report,Not met,Stale accounts,Moderate,Disable after 90 days inactive; monthly report,Systems Administrator,2026-10-31,Yes (1 point),None
G-050,NIST SP 800-171 Rev. 2 (DFARS 252.204-7012; CMMC Level 2),N42-R03 (252.204-7012(b)(2)); N42-R02 (32 CFR 170.14(c)(3)),SP 800-171 R2 3.5.7,IA.L2-3.5.7,Enforce a minimum password complexity and change of characters when new passwords are created.,Derived,1,Yes,PR.AA-01; PR.AA-03,IA-5(1),IA-5(1),"SP 800-53: official SP 800-171 R2 Appendix D (Rev. 4 IDs), refined to Rev. 5 by author; CSF 2.0: derived from the official CSF 2.0-to-SP 800-53 Rev. 5.2.0 reference (SRC-OLIR-CSF-53)","Identity provider requires 14 characters with a banned-password list. The WMS is a Contractor Risk Managed Asset at Level 2 (32 CFR 170.19(c)(1)) and is documented in the SSP; its shared accounts are tracked in the FCI rows (G-111, G-115, G-116)",Identity provider policy,Met,None,Very Low,None,Systems Administrator,,n/a (Met),None
G-051,NIST SP 800-171 Rev. 2 (DFARS 252.204-7012; CMMC Level 2),N42-R03 (252.204-7012(b)(2)); N42-R02 (32 CFR 170.14(c)(3)),SP 800-171 R2 3.5.8,IA.L2-3.5.8,Prohibit password reuse for a specified number of generations.,Derived,1,Yes,PR.AA-01; PR.AA-03,IA-5(1),IA-5(1),"SP 800-53: official SP 800-171 R2 Appendix D (Rev. 4 IDs), refined to Rev. 5 by author; CSF 2.0: derived from the official CSF 2.0-to-SP 800-53 Rev. 5.2.0 reference (SRC-OLIR-CSF-53)","Identity provider blocks the last 12 passwords. The WMS is a Contractor Risk Managed Asset at Level 2 (32 CFR 170.19(c)(1)) and is documented in the SSP; its shared accounts are tracked in the FCI rows (G-111, G-115, G-116)",Identity provider policy,Met,None,Very Low,None,Systems Administrator,,n/a (Met),None
G-052,NIST SP 800-171 Rev. 2 (DFARS 252.204-7012; CMMC Level 2),N42-R03 (252.204-7012(b)(2)); N42-R02 (32 CFR 170.14(c)(3)),SP 800-171 R2 3.5.9,IA.L2-3.5.9,Allow temporary password use for system logons with an immediate change to a permanent password.,Derived,1,Yes,PR.AA-01; PR.AA-03,IA-5(1),IA-5(1),"SP 800-53: official SP 800-171 R2 Appendix D (Rev. 4 IDs), refined to Rev. 5 by author; CSF 2.0: derived from the official CSF 2.0-to-SP 800-53 Rev. 5.2.0 reference (SRC-OLIR-CSF-53)",Temporary passwords must be changed at first sign-in,Identity provider policy,Met,None,Very Low,None,Systems Administrator,,n/a (Met),None
G-053,NIST SP 800-171 Rev. 2 (DFARS 252.204-7012; CMMC Level 2),N42-R03 (252.204-7012(b)(2)); N42-R02 (32 CFR 170.14(c)(3)),SP 800-171 R2 3.5.10,IA.L2-3.5.10,Store and transmit only cryptographically-protected passwords.,Derived,5,Yes,PR.AA-01; PR.AA-03,IA-5(1),IA-5(1),"SP 800-53: official SP 800-171 R2 Appendix D (Rev. 4 IDs), refined to Rev. 5 by author; CSF 2.0: derived from the official CSF 2.0-to-SP 800-53 Rev. 5.2.0 reference (SRC-OLIR-CSF-53)","Identity provider and directory store and transmit only protected passwords. The WMS is a Contractor Risk Managed Asset at Level 2 (32 CFR 170.19(c)(1)) and is documented in the SSP; its shared accounts are tracked in the FCI rows (G-111, G-115, G-116) (WMS PINs are stored in a readable table; fix tracked in G-116)",Identity provider documentation,Met,None,Very Low,None,Systems Administrator,,n/a (Met),None
G-054,NIST SP 800-171 Rev. 2 (DFARS 252.204-7012; CMMC Level 2),N42-R03 (252.204-7012(b)(2)); N42-R02 (32 CFR 170.14(c)(3)),SP 800-171 R2 3.5.11,IA.L2-3.5.11,Obscure feedback of authentication information,Derived,1,Yes,PR.AA-01,IA-6,IA-6,"SP 800-53: official SP 800-171 R2 Appendix D (Rev. 4 IDs), refined to Rev. 5 by author; CSF 2.0: derived from the official CSF 2.0-to-SP 800-53 Rev. 5.2.0 reference (SRC-OLIR-CSF-53)",Passwords are masked on all sign-in screens,Observation,Met,None,Very Low,None,Systems Administrator,,n/a (Met),None
G-055,NIST SP 800-171 Rev. 2 (DFARS 252.204-7012; CMMC Level 2),N42-R03 (252.204-7012(b)(2)); N42-R02 (32 CFR 170.14(c)(3)),SP 800-171 R2 3.6.1,IR.L2-3.6.1,"Establish an operational incident-handling capability for organizational systems that includes preparation, detection, analysis, containment, recovery, and user response activities.",Basic,5,Yes,RS.MA-04; DE.AE-03; RS.MA-02,IR-2; IR-4; IR-5; IR-7,IR-2; IR-4; IR-5; IR-6; IR-7,"SP 800-53: official SP 800-171 R2 Appendix D (Rev. 4 IDs), refined to Rev. 5 by author; CSF 2.0: derived from the official CSF 2.0-to-SP 800-53 Rev. 5.2.0 reference (SRC-OLIR-CSF-53)",No written incident response plan. Incidents are handled ad hoc by the IT Manager,Interview IT Manager,Not met,No operational incident-handling capability,High,POL-03 and P08 runbook; forensic retainer through the insurer,IT Manager,2026-10-31,No (point value 5 > 1),None
G-056,NIST SP 800-171 Rev. 2 (DFARS 252.204-7012; CMMC Level 2),N42-R03 (252.204-7012(b)(2)); N42-R02 (32 CFR 170.14(c)(3)),SP 800-171 R2 3.6.2,IR.L2-3.6.2,"Track, document, and report incidents to designated officials and/or authorities both internal and external to the organization.",Basic,5,Yes,RS.MA-02; RS.MA-03; RS.MA-04,IR-5; IR-6,IR-2; IR-4; IR-5; IR-6; IR-7,"SP 800-53: official SP 800-171 R2 Appendix D (Rev. 4 IDs), refined to Rev. 5 by author; CSF 2.0: derived from the official CSF 2.0-to-SP 800-53 Rev. 5.2.0 reference (SRC-OLIR-CSF-53)","No incident tracking. No DoD-approved medium assurance certificate, so the company cannot file a DIBNet report (DFARS 252.204-7012(c)(3))",Interview Government Contracts Manager 2026-07-15,Not met,Cannot report within 72 hours,High,Obtain medium assurance certificate; incident log; reporting procedure in P08,Government Contracts Manager,2026-10-15,No (point value 5 > 1),"Proposed FAR 52.240-7 would add a 72-hour CUI incident report across agencies (FR Doc. 2026-12559; proposed, not final)"
G-057,NIST SP 800-171 Rev. 2 (DFARS 252.204-7012; CMMC Level 2),N42-R03 (252.204-7012(b)(2)); N42-R02 (32 CFR 170.14(c)(3)),SP 800-171 R2 3.6.3,IR.L2-3.6.3,Test the organizational incident response capability.,Derived,1,Yes,ID.IM-02,IR-3,IR-3,"SP 800-53: official SP 800-171 R2 Appendix D (Rev. 4 IDs), refined to Rev. 5 by author; CSF 2.0: derived from the official CSF 2.0-to-SP 800-53 Rev. 5.2.0 reference (SRC-OLIR-CSF-53)",Incident response has never been tested,Interview IT Manager,Not met,No testing,Low,Tabletop of the P08 runbook,IT Manager,2026-11-30,Yes (1 point),None
G-058,NIST SP 800-171 Rev. 2 (DFARS 252.204-7012; CMMC Level 2),N42-R03 (252.204-7012(b)(2)); N42-R02 (32 CFR 170.14(c)(3)),SP 800-171 R2 3.7.1,MA.L2-3.7.1,Perform maintenance on organizational systems.[26].,Basic,3,Yes,ID.AM-08,MA-2,MA-2; MA-3; MA-3(1); MA-3(2),"SP 800-53: official SP 800-171 R2 Appendix D (Rev. 4 IDs), refined to Rev. 5 by author; CSF 2.0: derived from the official CSF 2.0-to-SP 800-53 Rev. 5.2.0 reference (SRC-OLIR-CSF-53)","MSP patches and maintains servers monthly under a written schedule, logged in tickets",MSP tickets (sample of 6 months),Met,None,Very Low,None,IT Manager,,n/a (Met),None
G-059,NIST SP 800-171 Rev. 2 (DFARS 252.204-7012; CMMC Level 2),N42-R03 (252.204-7012(b)(2)); N42-R02 (32 CFR 170.14(c)(3)),SP 800-171 R2 3.7.2,MA.L2-3.7.2,"Provide controls on the tools, techniques, mechanisms, and personnel used to conduct system maintenance.",Basic,5,Yes,,MA-3; MA-5,MA-2; MA-3; MA-3(1); MA-3(2),"SP 800-53: official SP 800-171 R2 Appendix D (Rev. 4 IDs), refined to Rev. 5 by author; CSF 2.0: derived from the official CSF 2.0-to-SP 800-53 Rev. 5.2.0 reference (SRC-OLIR-CSF-53)",The MSP remote tool is installed on every endpoint with standing access. Vendor diagnostic tools in the lab are uncontrolled,Tool access list; lab walkthrough 2026-07-16,Partially met,Maintenance tools and personnel not controlled,High,Approve maintenance tools list; MSP access on request only,IT Manager,2026-12-15,No (point value 5 > 1),None
G-060,NIST SP 800-171 Rev. 2 (DFARS 252.204-7012; CMMC Level 2),N42-R03 (252.204-7012(b)(2)); N42-R02 (32 CFR 170.14(c)(3)),SP 800-171 R2 3.7.3,MA.L2-3.7.3,Ensure equipment removed for off-site maintenance is sanitized of any CUI.,Derived,1,Yes,ID.AM-08,MA-2,MA-2,"SP 800-53: official SP 800-171 R2 Appendix D (Rev. 4 IDs), refined to Rev. 5 by author; CSF 2.0: derived from the official CSF 2.0-to-SP 800-53 Rev. 5.2.0 reference (SRC-OLIR-CSF-53)",Failed lab workstations were sent for repair twice in 2025 with drives in place,Repair tickets,Partially met,No sanitization before off-site maintenance,Low,Remove or wipe drives before shipping,Systems Administrator,2026-10-31,Yes (1 point),None
G-061,NIST SP 800-171 Rev. 2 (DFARS 252.204-7012; CMMC Level 2),N42-R03 (252.204-7012(b)(2)); N42-R02 (32 CFR 170.14(c)(3)),SP 800-171 R2 3.7.4,MA.L2-3.7.4,Check media containing diagnostic and test programs for malicious code before the media are used in organizational systems.,Derived,3,Yes,,MA-3(2),MA-3(2),"SP 800-53: official SP 800-171 R2 Appendix D (Rev. 4 IDs), refined to Rev. 5 by author; CSF 2.0: derived from the official CSF 2.0-to-SP 800-53 Rev. 5.2.0 reference (SRC-OLIR-CSF-53)",Vendor diagnostic USB media used in the lab is never scanned,Lab walkthrough,Not met,Diagnostic media not checked for malicious code,Moderate,Scan station for all diagnostic media,Configuration Lab Lead,2026-11-30,No (point value 3 > 1),None
G-062,NIST SP 800-171 Rev. 2 (DFARS 252.204-7012; CMMC Level 2),N42-R03 (252.204-7012(b)(2)); N42-R02 (32 CFR 170.14(c)(3)),SP 800-171 R2 3.7.5,MA.L2-3.7.5,Require multifactor authentication to establish nonlocal maintenance sessions via external network connections and terminate such connections when nonlocal maintenance is complete.,Derived,5,Yes,,MA-4,MA-4,"SP 800-53: official SP 800-171 R2 Appendix D (Rev. 4 IDs), refined to Rev. 5 by author; CSF 2.0: derived from the official CSF 2.0-to-SP 800-53 Rev. 5.2.0 reference (SRC-OLIR-CSF-53)","MSP sign-in to its tool uses MFA, but sessions to company devices do not time out",MSP tool settings,Partially met,Nonlocal maintenance sessions not terminated,Moderate,Session timeout and connection approval prompts,IT Manager,2026-11-30,No (point value 5 > 1),None
G-063,NIST SP 800-171 Rev. 2 (DFARS 252.204-7012; CMMC Level 2),N42-R03 (252.204-7012(b)(2)); N42-R02 (32 CFR 170.14(c)(3)),SP 800-171 R2 3.7.6,MA.L2-3.7.6,Supervise the maintenance activities of maintenance personnel without required access authorization.,Derived,1,Yes,,MA-5,MA-5,"SP 800-53: official SP 800-171 R2 Appendix D (Rev. 4 IDs), refined to Rev. 5 by author; CSF 2.0: derived from the official CSF 2.0-to-SP 800-53 Rev. 5.2.0 reference (SRC-OLIR-CSF-53)","Firewall and badge-system vendor technicians are escorted, but escorts are not recorded",Interview Warehouse and Logistics Manager,Partially met,Supervision not documented,Low,Visitor log entry for maintenance personnel,Warehouse and Logistics Manager,2026-10-31,Yes (1 point),None
G-064,NIST SP 800-171 Rev. 2 (DFARS 252.204-7012; CMMC Level 2),N42-R03 (252.204-7012(b)(2)); N42-R02 (32 CFR 170.14(c)(3)),SP 800-171 R2 3.8.1,MP.L2-3.8.1,"Protect (i.e., physically control and securely store) system media containing CUI, both paper and digital.",Basic,3,Yes,,MP-4,MP-2; MP-4; MP-6,"SP 800-53: official SP 800-171 R2 Appendix D (Rev. 4 IDs), refined to Rev. 5 by author; CSF 2.0: derived from the official CSF 2.0-to-SP 800-53 Rev. 5.2.0 reference (SRC-OLIR-CSF-53)",Printed CUI drawings are left on lab benches. Configuration USB drives are kept in an unlocked drawer,Lab walkthrough 2026-07-16,Partially met,CUI media not secured,Moderate,Locked cabinet in the lab cage; clean-desk rule,Configuration Lab Lead,2026-10-31,No (point value 3 > 1),None
G-065,NIST SP 800-171 Rev. 2 (DFARS 252.204-7012; CMMC Level 2),N42-R03 (252.204-7012(b)(2)); N42-R02 (32 CFR 170.14(c)(3)),SP 800-171 R2 3.8.2,MP.L2-3.8.2,Limit access to CUI on system media to authorized users,Basic,3,Yes,,MP-2,MP-2; MP-4; MP-6,"SP 800-53: official SP 800-171 R2 Appendix D (Rev. 4 IDs), refined to Rev. 5 by author; CSF 2.0: derived from the official CSF 2.0-to-SP 800-53 Rev. 5.2.0 reference (SRC-OLIR-CSF-53)","Lab cage is badge-restricted, but printouts leave the cage with technicians",Lab walkthrough,Partially met,Access to CUI media not limited,Moderate,CUI printouts stay in the cage,Configuration Lab Lead,2026-10-31,No (point value 3 > 1),None
G-066,NIST SP 800-171 Rev. 2 (DFARS 252.204-7012; CMMC Level 2),N42-R03 (252.204-7012(b)(2)); N42-R02 (32 CFR 170.14(c)(3)),SP 800-171 R2 3.8.3,MP.L2-3.8.3,Sanitize or destroy system media containing CUI before disposal or release for reuse.,Basic,5,Yes,,MP-6,MP-2; MP-4; MP-6,"SP 800-53: official SP 800-171 R2 Appendix D (Rev. 4 IDs), refined to Rev. 5 by author; CSF 2.0: derived from the official CSF 2.0-to-SP 800-53 Rev. 5.2.0 reference (SRC-OLIR-CSF-53)",Certified e-waste vendor destroys drives and provides certificates of destruction,Certificates of destruction (2025-2026),Met,None,Very Low,None,IT Manager,,n/a (Met),None
G-067,NIST SP 800-171 Rev. 2 (DFARS 252.204-7012; CMMC Level 2),N42-R03 (252.204-7012(b)(2)); N42-R02 (32 CFR 170.14(c)(3)),SP 800-171 R2 3.8.4,MP.L2-3.8.4,Mark media with necessary CUI markings and distribution limitations.[27],Derived,1,Yes,,MP-3,MP-3,"SP 800-53: official SP 800-171 R2 Appendix D (Rev. 4 IDs), refined to Rev. 5 by author; CSF 2.0: derived from the official CSF 2.0-to-SP 800-53 Rev. 5.2.0 reference (SRC-OLIR-CSF-53)",Prime B documents arrive marked. Printouts and USB drives made from them are not marked,Lab walkthrough,Partially met,Derived media unmarked,Low,CUI cover sheets and USB labels,Configuration Lab Lead,2026-10-31,Yes (1 point),None
G-068,NIST SP 800-171 Rev. 2 (DFARS 252.204-7012; CMMC Level 2),N42-R03 (252.204-7012(b)(2)); N42-R02 (32 CFR 170.14(c)(3)),SP 800-171 R2 3.8.5,MP.L2-3.8.5,Control access to media containing CUI and maintain accountability for media during transport outside of controlled areas.,Derived,1,Yes,,MP-5,MP-5,"SP 800-53: official SP 800-171 R2 Appendix D (Rev. 4 IDs), refined to Rev. 5 by author; CSF 2.0: derived from the official CSF 2.0-to-SP 800-53 Rev. 5.2.0 reference (SRC-OLIR-CSF-53)","Configured devices carrying CUI configurations ship in sealed, tracked shipments. No chain-of-custody record",Shipping records,Partially met,No accountability record for CUI in transport,Low,Chain-of-custody log for configured devices,Warehouse and Logistics Manager,2026-11-30,Yes (1 point),None
G-069,NIST SP 800-171 Rev. 2 (DFARS 252.204-7012; CMMC Level 2),N42-R03 (252.204-7012(b)(2)); N42-R02 (32 CFR 170.14(c)(3)),SP 800-171 R2 3.8.6,MP.L2-3.8.6,Implement cryptographic mechanisms to protect the confidentiality of CUI stored on digital media during transport unless otherwise protected by alternative physical safeguards.,Derived,1,Yes,PR.DS-01,MP-5; SC-28(1),MP-5(4),"SP 800-53: official SP 800-171 R2 Appendix D (Rev. 4 IDs), refined to Rev. 5 by author; CSF 2.0: derived from the official CSF 2.0-to-SP 800-53 Rev. 5.2.0 reference (SRC-OLIR-CSF-53)","Prime B accepts sealed, tracked shipment as the alternative physical safeguard for configured devices",Prime B shipping instructions,Met,None,Very Low,None,Configuration Lab Lead,,n/a (Met),None
G-070,NIST SP 800-171 Rev. 2 (DFARS 252.204-7012; CMMC Level 2),N42-R03 (252.204-7012(b)(2)); N42-R02 (32 CFR 170.14(c)(3)),SP 800-171 R2 3.8.7,MP.L2-3.8.7,Control the use of removable media on system components.,Derived,5,Yes,,MP-7,MP-7,"SP 800-53: official SP 800-171 R2 Appendix D (Rev. 4 IDs), refined to Rev. 5 by author; CSF 2.0: derived from the official CSF 2.0-to-SP 800-53 Rev. 5.2.0 reference (SRC-OLIR-CSF-53)",Removable media use is not controlled,Endpoint policy report,Not met,No removable media control,High,USB control (3.1.21),Systems Administrator,2026-12-15,No (point value 5 > 1),None
G-071,NIST SP 800-171 Rev. 2 (DFARS 252.204-7012; CMMC Level 2),N42-R03 (252.204-7012(b)(2)); N42-R02 (32 CFR 170.14(c)(3)),SP 800-171 R2 3.8.8,MP.L2-3.8.8,Prohibit the use of portable storage devices when such devices have no identifiable owner.,Derived,3,Yes,,MP-7,MP-7(1),"SP 800-53: official SP 800-171 R2 Appendix D (Rev. 4 IDs), refined to Rev. 5 by author; CSF 2.0: derived from the official CSF 2.0-to-SP 800-53 Rev. 5.2.0 reference (SRC-OLIR-CSF-53)",Unlabeled USB drives are in use in the lab,Lab walkthrough,Not met,Media with no identifiable owner,Moderate,"Issue labeled, company-owned encrypted drives only",Configuration Lab Lead,2026-12-15,No (point value 3 > 1),None
G-072,NIST SP 800-171 Rev. 2 (DFARS 252.204-7012; CMMC Level 2),N42-R03 (252.204-7012(b)(2)); N42-R02 (32 CFR 170.14(c)(3)),SP 800-171 R2 3.8.9,MP.L2-3.8.9,Protect the confidentiality of backup CUI at storage locations.,Derived,1,Yes,PR.DS-01; PR.DS-10; PR.DS-11,CP-9,CP-9,"SP 800-53: official SP 800-171 R2 Appendix D (Rev. 4 IDs), refined to Rev. 5 by author; CSF 2.0: derived from the official CSF 2.0-to-SP 800-53 Rev. 5.2.0 reference (SRC-OLIR-CSF-53)",Backup vault encrypts backups at rest with provider-managed keys,Backup vault settings,Met,None,Very Low,None,IT Manager,,n/a (Met),None
G-073,NIST SP 800-171 Rev. 2 (DFARS 252.204-7012; CMMC Level 2),N42-R03 (252.204-7012(b)(2)); N42-R02 (32 CFR 170.14(c)(3)),SP 800-171 R2 3.9.1,PS.L2-3.9.1,Screen individuals prior to authorizing access to organizational systems containing CUI.,Basic,3,Yes,,PS-3,PS-3; PS-4; PS-5,"SP 800-53: official SP 800-171 R2 Appendix D (Rev. 4 IDs), refined to Rev. 5 by author; CSF 2.0: derived from the official CSF 2.0-to-SP 800-53 Rev. 5.2.0 reference (SRC-OLIR-CSF-53)",Background checks for all hires before start,HR checklist (sample of 8),Met,None,Very Low,None,HR Manager,,n/a (Met),None
G-074,NIST SP 800-171 Rev. 2 (DFARS 252.204-7012; CMMC Level 2),N42-R03 (252.204-7012(b)(2)); N42-R02 (32 CFR 170.14(c)(3)),SP 800-171 R2 3.9.2,PS.L2-3.9.2,Ensure that organizational systems containing CUI are protected during and after personnel actions such as terminations and transfers,Basic,5,Yes,,PS-4; PS-5,PS-3; PS-4; PS-5,"SP 800-53: official SP 800-171 R2 Appendix D (Rev. 4 IDs), refined to Rev. 5 by author; CSF 2.0: derived from the official CSF 2.0-to-SP 800-53 Rev. 5.2.0 reference (SRC-OLIR-CSF-53)",HR emails IT at termination; accounts are disabled within about 3 business days. No lab-specific return of CUI,Termination tickets (sample of 5),Partially met,Delayed access removal,High,Same-day disable; lab exit checklist,HR Manager,2026-10-31,No (point value 5 > 1),None
G-075,NIST SP 800-171 Rev. 2 (DFARS 252.204-7012; CMMC Level 2),N42-R03 (252.204-7012(b)(2)); N42-R02 (32 CFR 170.14(c)(3)),SP 800-171 R2 3.10.1,PE.L2-3.10.1,"Limit physical access to organizational systems, equipment, and the respective operating environments to authorized individuals.",Basic,5,Yes,PR.AA-06; DE.CM-02,PE-2; PE-3,PE-2; PE-4; PE-5; PE-6,"SP 800-53: official SP 800-171 R2 Appendix D (Rev. 4 IDs), refined to Rev. 5 by author; CSF 2.0: derived from the official CSF 2.0-to-SP 800-53 Rev. 5.2.0 reference (SRC-OLIR-CSF-53)",Badge access on exterior doors; lab cage limited to 9 badge holders,Badge access list; walkthrough,Met,None,Very Low,None,Warehouse and Logistics Manager,,n/a (Met),None
G-076,NIST SP 800-171 Rev. 2 (DFARS 252.204-7012; CMMC Level 2),N42-R03 (252.204-7012(b)(2)); N42-R02 (32 CFR 170.14(c)(3)),SP 800-171 R2 3.10.2,PE.L2-3.10.2,Protect and monitor the physical facility and support infrastructure for organizational systems.,Basic,5,Yes,PR.AA-06; DE.CM-02,PE-6,PE-2; PE-4; PE-5; PE-6,"SP 800-53: official SP 800-171 R2 Appendix D (Rev. 4 IDs), refined to Rev. 5 by author; CSF 2.0: derived from the official CSF 2.0-to-SP 800-53 Rev. 5.2.0 reference (SRC-OLIR-CSF-53)","Cameras cover doors, dock, and cage; intrusion alarm monitored by a central station",Camera layout; alarm contract,Met,None,Very Low,None,Warehouse and Logistics Manager,,n/a (Met),None
G-077,NIST SP 800-171 Rev. 2 (DFARS 252.204-7012; CMMC Level 2),N42-R03 (252.204-7012(b)(2)); N42-R02 (32 CFR 170.14(c)(3)),SP 800-171 R2 3.10.3,PE.L2-3.10.3,Escort visitors and monitor visitor activity.,Derived,1,Yes,PR.AA-06; DE.CM-02,PE-3; PE-8,PE-3,"SP 800-53: official SP 800-171 R2 Appendix D (Rev. 4 IDs), refined to Rev. 5 by author; CSF 2.0: derived from the official CSF 2.0-to-SP 800-53 Rev. 5.2.0 reference (SRC-OLIR-CSF-53)",Lab visitors are escorted. Truck drivers walk the dock unescorted,Walkthrough 2026-07-16,Partially met,Visitors not escorted at the dock. Cannot be placed on a CMMC POA&M (32 CFR 170.21(a)(2)(iii)),Moderate,Driver waiting area and escort rule,Warehouse and Logistics Manager,2026-10-31,No (32 CFR 170.21(a)(2)(iii)),None
G-078,NIST SP 800-171 Rev. 2 (DFARS 252.204-7012; CMMC Level 2),N42-R03 (252.204-7012(b)(2)); N42-R02 (32 CFR 170.14(c)(3)),SP 800-171 R2 3.10.4,PE.L2-3.10.4,Maintain audit logs of physical access.,Derived,1,Yes,PR.AA-06; DE.CM-02,PE-8; PE-3,PE-3,"SP 800-53: official SP 800-171 R2 Appendix D (Rev. 4 IDs), refined to Rev. 5 by author; CSF 2.0: derived from the official CSF 2.0-to-SP 800-53 Rev. 5.2.0 reference (SRC-OLIR-CSF-53)",Badge logs are kept 30 days; the paper visitor log is incomplete,Badge system settings; visitor log,Partially met,Physical access logs incomplete. Cannot be placed on a CMMC POA&M,Moderate,1-year badge log retention; electronic visitor log,Warehouse and Logistics Manager,2026-10-31,No (32 CFR 170.21(a)(2)(iii)),None
G-079,NIST SP 800-171 Rev. 2 (DFARS 252.204-7012; CMMC Level 2),N42-R03 (252.204-7012(b)(2)); N42-R02 (32 CFR 170.14(c)(3)),SP 800-171 R2 3.10.5,PE.L2-3.10.5,Control and manage physical access devices.,Derived,1,Yes,PR.AA-06; DE.CM-02,PE-3,PE-3,"SP 800-53: official SP 800-171 R2 Appendix D (Rev. 4 IDs), refined to Rev. 5 by author; CSF 2.0: derived from the official CSF 2.0-to-SP 800-53 Rev. 5.2.0 reference (SRC-OLIR-CSF-53)",Badges are issued by HR. Three keys to the lab cage padlock are unaccounted for,Key inventory,Partially met,Physical access devices not fully controlled. Cannot be placed on a CMMC POA&M,Moderate,Rekey the cage; key log,Warehouse and Logistics Manager,2026-10-15,No (32 CFR 170.21(a)(2)(iii)),None
G-080,NIST SP 800-171 Rev. 2 (DFARS 252.204-7012; CMMC Level 2),N42-R03 (252.204-7012(b)(2)); N42-R02 (32 CFR 170.14(c)(3)),SP 800-171 R2 3.10.6,PE.L2-3.10.6,Enforce safeguarding measures for CUI at alternate work sites.,Derived,1,Yes,,PE-17,PE-17,"SP 800-53: official SP 800-171 R2 Appendix D (Rev. 4 IDs), refined to Rev. 5 by author; CSF 2.0: derived from the official CSF 2.0-to-SP 800-53 Rev. 5.2.0 reference (SRC-OLIR-CSF-53)",Sales and office staff work from home 2 days a week. No rule keeps CUI out of home offices,Remote work policy,Partially met,No safeguarding rule for alternate work sites,Low,POL-04 rule: CUI only in the lab and CUI share,Configuration Lab Lead,2026-10-31,Yes (1 point),None
G-081,NIST SP 800-171 Rev. 2 (DFARS 252.204-7012; CMMC Level 2),N42-R03 (252.204-7012(b)(2)); N42-R02 (32 CFR 170.14(c)(3)),SP 800-171 R2 3.11.1,RA.L2-3.11.1,"Periodically assess the risk to organizational operations (including mission, functions, image, or reputation), organizational assets, and individuals, resulting from the operation of organizational systems and the associated processing, storage, or transmission of CUI",Basic,3,Yes,GV.RM-06; GV.RM-07; GV.SC-03,RA-3,RA-3,"SP 800-53: official SP 800-171 R2 Appendix D (Rev. 4 IDs), refined to Rev. 5 by author; CSF 2.0: derived from the official CSF 2.0-to-SP 800-53 Rev. 5.2.0 reference (SRC-OLIR-CSF-53)",Risk assessment completed 2026-07-24 using SP 800-30 Rev. 1 (P01),P01 risk register,Met,None,Very Low,None,IT Manager,,n/a (Met),"Proposed FAR 52.240-7 would require SP 800-171 Rev. 3, which adds 03.17 supply chain requirements (proposed, not final)"
G-082,NIST SP 800-171 Rev. 2 (DFARS 252.204-7012; CMMC Level 2),N42-R03 (252.204-7012(b)(2)); N42-R02 (32 CFR 170.14(c)(3)),SP 800-171 R2 3.11.2,RA.L2-3.11.2,Scan for vulnerabilities in organizational systems and applications periodically and when new vulnerabilities affecting those systems and applications are identified.,Derived,5,Yes,GV.SC-10; ID.RA-01; ID.RA-08,RA-5; RA-5(5),RA-5; RA-5(5),"SP 800-53: official SP 800-171 R2 Appendix D (Rev. 4 IDs), refined to Rev. 5 by author; CSF 2.0: derived from the official CSF 2.0-to-SP 800-53 Rev. 5.2.0 reference (SRC-OLIR-CSF-53)",No vulnerability scanning,Interview IT Manager,Not met,No scanning,High,Monthly authenticated scans by the MSP,IT Manager,2026-11-30,No (point value 5 > 1),None
G-083,NIST SP 800-171 Rev. 2 (DFARS 252.204-7012; CMMC Level 2),N42-R03 (252.204-7012(b)(2)); N42-R02 (32 CFR 170.14(c)(3)),SP 800-171 R2 3.11.3,RA.L2-3.11.3,Remediate vulnerabilities in accordance with risk assessments.,Derived,1,Yes,GV.SC-10; ID.RA-01; ID.RA-08,RA-5,RA-5,"SP 800-53: official SP 800-171 R2 Appendix D (Rev. 4 IDs), refined to Rev. 5 by author; CSF 2.0: derived from the official CSF 2.0-to-SP 800-53 Rev. 5.2.0 reference (SRC-OLIR-CSF-53)",No remediation timelines,Interview IT Manager,Not met,No risk-based remediation,Moderate,Remediation timelines by severity in the vulnerability standard,IT Manager,2026-11-30,Yes (1 point),None
G-084,NIST SP 800-171 Rev. 2 (DFARS 252.204-7012; CMMC Level 2),N42-R03 (252.204-7012(b)(2)); N42-R02 (32 CFR 170.14(c)(3)),SP 800-171 R2 3.12.1,CA.L2-3.12.1,Periodically assess the security controls in organizational systems to determine if the controls are effective in their application.,Basic,5,Yes,ID.RA-01; ID.IM-01; ID.IM-02,CA-2,CA-2; CA-5; CA-7; PL-2,"SP 800-53: official SP 800-171 R2 Appendix D (Rev. 4 IDs), refined to Rev. 5 by author; CSF 2.0: derived from the official CSF 2.0-to-SP 800-53 Rev. 5.2.0 reference (SRC-OLIR-CSF-53)",Gap analysis (this document) and control assessment (P07) completed in 2026,P03; P07,Met,None,Very Low,None,IT Manager,,n/a (Met),None
G-085,NIST SP 800-171 Rev. 2 (DFARS 252.204-7012; CMMC Level 2),N42-R03 (252.204-7012(b)(2)); N42-R02 (32 CFR 170.14(c)(3)),SP 800-171 R2 3.12.2,CA.L2-3.12.2,Develop and implement plans of action designed to correct deficiencies and reduce or eliminate vulnerabilities in organizational systems.,Basic,3,Yes,ID.IM-01; ID.IM-02; ID.IM-03,CA-5,CA-2; CA-5; CA-7; PL-2,"SP 800-53: official SP 800-171 R2 Appendix D (Rev. 4 IDs), refined to Rev. 5 by author; CSF 2.0: derived from the official CSF 2.0-to-SP 800-53 Rev. 5.2.0 reference (SRC-OLIR-CSF-53)",POA&M created in P07 with owners and dates,P07 poam.csv,Met,None,Very Low,None,IT Manager,,n/a (Met),None
G-086,NIST SP 800-171 Rev. 2 (DFARS 252.204-7012; CMMC Level 2),N42-R03 (252.204-7012(b)(2)); N42-R02 (32 CFR 170.14(c)(3)),SP 800-171 R2 3.12.3,CA.L2-3.12.3,Monitor security controls on an ongoing basis to ensure the continued effectiveness of the controls.,Basic,5,Yes,ID.RA-01; ID.RA-07; ID.IM-01,CA-7,CA-2; CA-5; CA-7; PL-2,"SP 800-53: official SP 800-171 R2 Appendix D (Rev. 4 IDs), refined to Rev. 5 by author; CSF 2.0: derived from the official CSF 2.0-to-SP 800-53 Rev. 5.2.0 reference (SRC-OLIR-CSF-53)",No ongoing monitoring of controls,Interview IT Manager,Not met,No continuous monitoring,High,Monthly POA&M and metrics review by the Chief Operating Officer,Chief Operating Officer,2026-11-30,No (point value 5 > 1),None
G-087,NIST SP 800-171 Rev. 2 (DFARS 252.204-7012; CMMC Level 2),N42-R03 (252.204-7012(b)(2)); N42-R02 (32 CFR 170.14(c)(3)),SP 800-171 R2 3.12.4,CA.L2-3.12.4,"Develop, document, and periodically update system security plans that describe system boundaries, system environments of operation, how security requirements are implemented, and the relationships with or connections to other systems.[28]",Basic,1,Yes,ID.AM-03; ID.AM-08; ID.IM-01,PL-2,CA-2; CA-5; CA-7; PL-2,"SP 800-53: official SP 800-171 R2 Appendix D (Rev. 4 IDs), refined to Rev. 5 by author; CSF 2.0: derived from the official CSF 2.0-to-SP 800-53 Rev. 5.2.0 reference (SRC-OLIR-CSF-53)",System security plan approved 2026-08-31 (P02). Replaces the incomplete 2024 template,P02 SSP,Met,None. Must stay current; cannot be placed on a CMMC POA&M,Very Low,None,IT Manager,,n/a (Met),None
G-088,NIST SP 800-171 Rev. 2 (DFARS 252.204-7012; CMMC Level 2),N42-R03 (252.204-7012(b)(2)); N42-R02 (32 CFR 170.14(c)(3)),SP 800-171 R2 3.13.1,SC.L2-3.13.1,"Monitor, control, and protect communications (i.e., information transmitted or received by organizational systems) at the external boundaries and key internal boundaries of organizational systems.",Basic,5,Yes,PR.DS-01; PR.DS-02; PR.DS-10,SC-7,SC-7; SA-8,"SP 800-53: official SP 800-171 R2 Appendix D (Rev. 4 IDs), refined to Rev. 5 by author; CSF 2.0: derived from the official CSF 2.0-to-SP 800-53 Rev. 5.2.0 reference (SRC-OLIR-CSF-53)",Next-generation firewall with intrusion prevention monitors and blocks traffic at the external boundary; alerts go to IT by email,Firewall configuration; IPS alert sample,Met,None (the internal lab boundary is tracked in 3.1.3 and 3.13.2),Very Low,None,IT Manager,,n/a (Met),None
G-089,NIST SP 800-171 Rev. 2 (DFARS 252.204-7012; CMMC Level 2),N42-R03 (252.204-7012(b)(2)); N42-R02 (32 CFR 170.14(c)(3)),SP 800-171 R2 3.13.2,SC.L2-3.13.2,"Employ architectural designs, software development techniques, and systems engineering principles that promote effective information security within organizational systems.",Basic,5,Yes,PR.DS-10; ID.AM-08; ID.IM-01,SA-8; SC-7,SC-7; SA-8,"SP 800-53: official SP 800-171 R2 Appendix D (Rev. 4 IDs), refined to Rev. 5 by author; CSF 2.0: derived from the official CSF 2.0-to-SP 800-53 Rev. 5.2.0 reference (SRC-OLIR-CSF-53)",No documented security architecture; flat network,Network diagram draft,Not met,No architectural design for CUI protection,High,Documented enclave architecture (P04),IT Manager,2026-12-15,No (point value 5 > 1),None
G-090,NIST SP 800-171 Rev. 2 (DFARS 252.204-7012; CMMC Level 2),N42-R03 (252.204-7012(b)(2)); N42-R02 (32 CFR 170.14(c)(3)),SP 800-171 R2 3.13.3,SC.L2-3.13.3,Separate user functionality from system management functionality.,Derived,1,Yes,,SC-2,SC-2,"SP 800-53: official SP 800-171 R2 Appendix D (Rev. 4 IDs), refined to Rev. 5 by author; CSF 2.0: derived from the official CSF 2.0-to-SP 800-53 Rev. 5.2.0 reference (SRC-OLIR-CSF-53)","Administrators use separate accounts, but management interfaces sit on the user VLAN",Network diagram draft,Partially met,Management plane not separated,Low,Management VLAN,IT Manager,2027-01-15,Yes (1 point),None
G-091,NIST SP 800-171 Rev. 2 (DFARS 252.204-7012; CMMC Level 2),N42-R03 (252.204-7012(b)(2)); N42-R02 (32 CFR 170.14(c)(3)),SP 800-171 R2 3.13.4,SC.L2-3.13.4,Prevent unauthorized and unintended information transfer via shared system resources.,Derived,1,Yes,PR.DS-01; PR.DS-02; PR.DS-10,SC-4,SC-4,"SP 800-53: official SP 800-171 R2 Appendix D (Rev. 4 IDs), refined to Rev. 5 by author; CSF 2.0: derived from the official CSF 2.0-to-SP 800-53 Rev. 5.2.0 reference (SRC-OLIR-CSF-53)",No shared system resources between users; file server enforces permissions on memory and storage reuse (provider-managed),Provider documentation,Met,None,Very Low,None,IT Manager,,n/a (Met),None
G-092,NIST SP 800-171 Rev. 2 (DFARS 252.204-7012; CMMC Level 2),N42-R03 (252.204-7012(b)(2)); N42-R02 (32 CFR 170.14(c)(3)),SP 800-171 R2 3.13.5,SC.L2-3.13.5,Implement subnetworks for publicly accessible system components that are physically or logically separated from internal networks.,Derived,5,Yes,PR.DS-01; PR.DS-02; PR.DS-10,SC-7,SC-7,"SP 800-53: official SP 800-171 R2 Appendix D (Rev. 4 IDs), refined to Rev. 5 by author; CSF 2.0: derived from the official CSF 2.0-to-SP 800-53 Rev. 5.2.0 reference (SRC-OLIR-CSF-53)",No publicly accessible components inside the boundary. The website and reseller portal are vendor-hosted,Firewall rules; P04 architecture,Not applicable,None,Very Low,None,IT Manager,,n/a (N/A scores as Met),None
G-093,NIST SP 800-171 Rev. 2 (DFARS 252.204-7012; CMMC Level 2),N42-R03 (252.204-7012(b)(2)); N42-R02 (32 CFR 170.14(c)(3)),SP 800-171 R2 3.13.6,SC.L2-3.13.6,"Deny network communications traffic by default and allow network communications traffic by exception (i.e., deny all, permit by exception).",Derived,5,Yes,PR.DS-01; PR.DS-02; PR.DS-10,SC-7(5),SC-7(5),"SP 800-53: official SP 800-171 R2 Appendix D (Rev. 4 IDs), refined to Rev. 5 by author; CSF 2.0: derived from the official CSF 2.0-to-SP 800-53 Rev. 5.2.0 reference (SRC-OLIR-CSF-53)",Inbound deny by default. Outbound allow all,Firewall rules,Partially met,Outbound not deny by default,High,Outbound allow list (3.4.7),IT Manager,2026-12-15,No (point value 5 > 1),None
G-094,NIST SP 800-171 Rev. 2 (DFARS 252.204-7012; CMMC Level 2),N42-R03 (252.204-7012(b)(2)); N42-R02 (32 CFR 170.14(c)(3)),SP 800-171 R2 3.13.7,SC.L2-3.13.7,"Prevent remote devices from simultaneously establishing non-remote connections with organizational systems and communicating via some other connection to resources in external networks (i.e., split tunneling).",Derived,1,Yes,PR.DS-01; PR.DS-02; PR.DS-10,SC-7(7),SC-7(7),"SP 800-53: official SP 800-171 R2 Appendix D (Rev. 4 IDs), refined to Rev. 5 by author; CSF 2.0: derived from the official CSF 2.0-to-SP 800-53 Rev. 5.2.0 reference (SRC-OLIR-CSF-53)",VPN is configured for split tunneling,VPN configuration,Not met,Split tunneling allowed,Low,Force tunnel for CUI users,IT Manager,2026-11-30,Yes (1 point),None
G-095,NIST SP 800-171 Rev. 2 (DFARS 252.204-7012; CMMC Level 2),N42-R03 (252.204-7012(b)(2)); N42-R02 (32 CFR 170.14(c)(3)),SP 800-171 R2 3.13.8,SC.L2-3.13.8,Implement cryptographic mechanisms to prevent unauthorized disclosure of CUI during transmission unless otherwise protected by alternative physical safeguards.,Derived,3,Yes,PR.DS-02,SC-8; SC-8(1),SC-8; SC-8(1),"SP 800-53: official SP 800-171 R2 Appendix D (Rev. 4 IDs), refined to Rev. 5 by author; CSF 2.0: derived from the official CSF 2.0-to-SP 800-53 Rev. 5.2.0 reference (SRC-OLIR-CSF-53)","TLS 1.2 or higher for ERP, portal, and EDI; SMB encryption to the file server over the VPN",TLS scan; file server settings,Met,None,Very Low,None,IT Manager,,n/a (Met),None
G-096,NIST SP 800-171 Rev. 2 (DFARS 252.204-7012; CMMC Level 2),N42-R03 (252.204-7012(b)(2)); N42-R02 (32 CFR 170.14(c)(3)),SP 800-171 R2 3.13.9,SC.L2-3.13.9,Terminate network connections associated with communications sessions at the end of the sessions or after a defined period of inactivity.,Derived,1,Yes,,SC-10,SC-10,"SP 800-53: official SP 800-171 R2 Appendix D (Rev. 4 IDs), refined to Rev. 5 by author; CSF 2.0: derived from the official CSF 2.0-to-SP 800-53 Rev. 5.2.0 reference (SRC-OLIR-CSF-53)",VPN idle timeout is 8 hours,VPN configuration,Partially met,Timeout too long,Low,30-minute idle disconnect,IT Manager,2026-10-31,Yes (1 point),None
G-097,NIST SP 800-171 Rev. 2 (DFARS 252.204-7012; CMMC Level 2),N42-R03 (252.204-7012(b)(2)); N42-R02 (32 CFR 170.14(c)(3)),SP 800-171 R2 3.13.10,SC.L2-3.13.10,Establish and manage cryptographic keys for cryptography employed in organizational systems.,Derived,1,Yes,PR.DS-01; PR.DS-02,SC-12,SC-12,"SP 800-53: official SP 800-171 R2 Appendix D (Rev. 4 IDs), refined to Rev. 5 by author; CSF 2.0: derived from the official CSF 2.0-to-SP 800-53 Rev. 5.2.0 reference (SRC-OLIR-CSF-53)",Provider-managed keys for cloud storage; certificate lifecycle tracked by IT,Key management settings,Met,None,Very Low,None,IT Manager,,n/a (Met),None
G-098,NIST SP 800-171 Rev. 2 (DFARS 252.204-7012; CMMC Level 2),N42-R03 (252.204-7012(b)(2)); N42-R02 (32 CFR 170.14(c)(3)),SP 800-171 R2 3.13.11,SC.L2-3.13.11,Employ FIPS-validated cryptography when used to protect the confidentiality of CUI.,Derived,3 or 5,Yes,PR.DS-01; PR.DS-02; PR.DS-10,SC-13,SC-13,"SP 800-53: official SP 800-171 R2 Appendix D (Rev. 4 IDs), refined to Rev. 5 by author; CSF 2.0: derived from the official CSF 2.0-to-SP 800-53 Rev. 5.2.0 reference (SRC-OLIR-CSF-53)","Encryption is used in transit and at rest, but FIPS validation of the modules (file server, VPN, lab laptops) is not confirmed",Provider documentation; VPN datasheet,Partially met,FIPS-validated cryptography not confirmed. Scored 3 points (partial) under 32 CFR 170.24(c)(2)(i)(B)(4)(ii),Moderate,Confirm validated modules; enable FIPS mode where needed,IT Manager,2026-12-15,Yes if encryption is used but not FIPS-validated (170.21(a)(2)(ii)),None
G-099,NIST SP 800-171 Rev. 2 (DFARS 252.204-7012; CMMC Level 2),N42-R03 (252.204-7012(b)(2)); N42-R02 (32 CFR 170.14(c)(3)),SP 800-171 R2 3.13.12,SC.L2-3.13.12,Prohibit remote activation of collaborative computing devices and provide indication of devices in use to users present at the device.[29].,Derived,1,Yes,,SC-15,SC-15,"SP 800-53: official SP 800-171 R2 Appendix D (Rev. 4 IDs), refined to Rev. 5 by author; CSF 2.0: derived from the official CSF 2.0-to-SP 800-53 Rev. 5.2.0 reference (SRC-OLIR-CSF-53)",No collaborative computing devices in the lab; office meeting cameras show an indicator light,Walkthrough,Met,None,Very Low,None,IT Manager,,n/a (Met),None
G-100,NIST SP 800-171 Rev. 2 (DFARS 252.204-7012; CMMC Level 2),N42-R03 (252.204-7012(b)(2)); N42-R02 (32 CFR 170.14(c)(3)),SP 800-171 R2 3.13.13,SC.L2-3.13.13,Control and monitor the use of mobile code.,Derived,1,Yes,,SC-18,SC-18,"SP 800-53: official SP 800-171 R2 Appendix D (Rev. 4 IDs), refined to Rev. 5 by author; CSF 2.0: derived from the official CSF 2.0-to-SP 800-53 Rev. 5.2.0 reference (SRC-OLIR-CSF-53)",Browsers use default settings for scripts and extensions,Browser policy,Partially met,Mobile code not controlled,Low,Browser extension allow list,Systems Administrator,2027-01-15,Yes (1 point),None
G-101,NIST SP 800-171 Rev. 2 (DFARS 252.204-7012; CMMC Level 2),N42-R03 (252.204-7012(b)(2)); N42-R02 (32 CFR 170.14(c)(3)),SP 800-171 R2 3.13.14,SC.L2-3.13.14,Control and monitor the use of Voice over Internet Protocol (VoIP) technologies.,Derived,1,Yes,PR.DS-01; PR.DS-02; PR.DS-10,SC-7; CM-6,SC-19,"SP 800-53: official SP 800-171 R2 Appendix D (Rev. 4 IDs), refined to Rev. 5 by author; CSF 2.0: derived from the official CSF 2.0-to-SP 800-53 Rev. 5.2.0 reference (SRC-OLIR-CSF-53)",Cloud phone system with MFA for administrators; no phones in the lab,Phone system settings,Met,None,Very Low,None,IT Manager,,n/a (Met),None
G-102,NIST SP 800-171 Rev. 2 (DFARS 252.204-7012; CMMC Level 2),N42-R03 (252.204-7012(b)(2)); N42-R02 (32 CFR 170.14(c)(3)),SP 800-171 R2 3.13.15,SC.L2-3.13.15,Protect the authenticity of communications sessions.,Derived,5,Yes,,SC-23,SC-23,"SP 800-53: official SP 800-171 R2 Appendix D (Rev. 4 IDs), refined to Rev. 5 by author; CSF 2.0: derived from the official CSF 2.0-to-SP 800-53 Rev. 5.2.0 reference (SRC-OLIR-CSF-53)",All in-scope services use TLS with valid certificates,TLS scan,Met,None,Very Low,None,IT Manager,,n/a (Met),None
G-103,NIST SP 800-171 Rev. 2 (DFARS 252.204-7012; CMMC Level 2),N42-R03 (252.204-7012(b)(2)); N42-R02 (32 CFR 170.14(c)(3)),SP 800-171 R2 3.13.16,SC.L2-3.13.16,Protect the confidentiality of CUI at rest.,Derived,1,Yes,PR.DS-01,SC-28,SC-28,"SP 800-53: official SP 800-171 R2 Appendix D (Rev. 4 IDs), refined to Rev. 5 by author; CSF 2.0: derived from the official CSF 2.0-to-SP 800-53 Rev. 5.2.0 reference (SRC-OLIR-CSF-53)","File server disks, backup vault, ERP, and laptops are encrypted at rest",Encryption settings; ERP vendor SOC 2 report,Met,None,Very Low,None,IT Manager,,n/a (Met),None
G-104,NIST SP 800-171 Rev. 2 (DFARS 252.204-7012; CMMC Level 2),N42-R03 (252.204-7012(b)(2)); N42-R02 (32 CFR 170.14(c)(3)),SP 800-171 R2 3.14.1,SI.L2-3.14.1,"Identify, report, and correct system flaws in a timely manner.",Basic,5,Yes,ID.IM-01; ID.IM-02; ID.IM-03,SI-2,SI-2; SI-3; SI-5,"SP 800-53: official SP 800-171 R2 Appendix D (Rev. 4 IDs), refined to Rev. 5 by author; CSF 2.0: derived from the official CSF 2.0-to-SP 800-53 Rev. 5.2.0 reference (SRC-OLIR-CSF-53)",Windows patched automatically; servers monthly by MSP. Firewall and switch firmware updated only when IT notices a release. Handheld OS past vendor support (Contractor Risk Managed Asset; see G-122),Patch report; firmware version record,Partially met,No firmware update schedule for network devices in the CUI scope,High,Quarterly firmware updates tracked in the change log; replace 40 handhelds by 2027-01-31,IT Manager,2026-12-15,No (point value 5 > 1),None
G-105,NIST SP 800-171 Rev. 2 (DFARS 252.204-7012; CMMC Level 2),N42-R03 (252.204-7012(b)(2)); N42-R02 (32 CFR 170.14(c)(3)),SP 800-171 R2 3.14.2,SI.L2-3.14.2,Provide protection from malicious code at designated locations within organizational systems.,Basic,5,Yes,PR.DS-01; PR.DS-02; PR.DS-10,SI-3,SI-2; SI-3; SI-5,"SP 800-53: official SP 800-171 R2 Appendix D (Rev. 4 IDs), refined to Rev. 5 by author; CSF 2.0: derived from the official CSF 2.0-to-SP 800-53 Rev. 5.2.0 reference (SRC-OLIR-CSF-53)",Next-generation antivirus on all Windows endpoints and servers,Antivirus console report,Met,None,Very Low,None,IT Manager,,n/a (Met),None
G-106,NIST SP 800-171 Rev. 2 (DFARS 252.204-7012; CMMC Level 2),N42-R03 (252.204-7012(b)(2)); N42-R02 (32 CFR 170.14(c)(3)),SP 800-171 R2 3.14.3,SI.L2-3.14.3,Monitor system security alerts and advisories and take action in response.,Basic,5,Yes,ID.RA-01; ID.RA-02; ID.RA-03,SI-5,SI-2; SI-3; SI-5,"SP 800-53: official SP 800-171 R2 Appendix D (Rev. 4 IDs), refined to Rev. 5 by author; CSF 2.0: derived from the official CSF 2.0-to-SP 800-53 Rev. 5.2.0 reference (SRC-OLIR-CSF-53)",IT Manager reads vendor and CISA alerts when time allows; no record of action,Interview IT Manager,Partially met,Alerts not tracked,High,Alert subscription with ticketed actions,IT Manager,2026-10-31,No (point value 5 > 1),None
G-107,NIST SP 800-171 Rev. 2 (DFARS 252.204-7012; CMMC Level 2),N42-R03 (252.204-7012(b)(2)); N42-R02 (32 CFR 170.14(c)(3)),SP 800-171 R2 3.14.4,SI.L2-3.14.4,Update malicious code protection mechanisms when new releases are available.,Derived,5,Yes,PR.DS-01; PR.DS-02; PR.DS-10,SI-3,SI-3,"SP 800-53: official SP 800-171 R2 Appendix D (Rev. 4 IDs), refined to Rev. 5 by author; CSF 2.0: derived from the official CSF 2.0-to-SP 800-53 Rev. 5.2.0 reference (SRC-OLIR-CSF-53)",Antivirus signatures and engines update automatically,Antivirus console report,Met,None,Very Low,None,IT Manager,,n/a (Met),None
G-108,NIST SP 800-171 Rev. 2 (DFARS 252.204-7012; CMMC Level 2),N42-R03 (252.204-7012(b)(2)); N42-R02 (32 CFR 170.14(c)(3)),SP 800-171 R2 3.14.5,SI.L2-3.14.5,"Perform periodic scans of organizational systems and real-time scans of files from external sources as files are downloaded, opened, or executed.",Derived,3,Yes,PR.DS-01; PR.DS-02; PR.DS-10,SI-3,SI-3,"SP 800-53: official SP 800-171 R2 Appendix D (Rev. 4 IDs), refined to Rev. 5 by author; CSF 2.0: derived from the official CSF 2.0-to-SP 800-53 Rev. 5.2.0 reference (SRC-OLIR-CSF-53)",Weekly full scans and real-time scanning of downloaded and opened files,Antivirus policy,Met,None,Very Low,None,IT Manager,,n/a (Met),None
G-109,NIST SP 800-171 Rev. 2 (DFARS 252.204-7012; CMMC Level 2),N42-R03 (252.204-7012(b)(2)); N42-R02 (32 CFR 170.14(c)(3)),SP 800-171 R2 3.14.6,SI.L2-3.14.6,"Monitor organizational systems, including inbound and outbound communications traffic, to detect attacks and indicators of potential attacks.",Derived,5,Yes,ID.RA-01; ID.IM-01; ID.IM-02,SI-4; SI-4(4),SI-4; SI-4(4),"SP 800-53: official SP 800-171 R2 Appendix D (Rev. 4 IDs), refined to Rev. 5 by author; CSF 2.0: derived from the official CSF 2.0-to-SP 800-53 Rev. 5.2.0 reference (SRC-OLIR-CSF-53)",No monitoring of alerts or traffic outside business hours; nobody reviews firewall alerts,Interview IT Manager,Not met,No system monitoring,High,Managed detection and response with 24x7 alerting,IT Manager,2027-01-15,No (point value 5 > 1),None
G-110,NIST SP 800-171 Rev. 2 (DFARS 252.204-7012; CMMC Level 2),N42-R03 (252.204-7012(b)(2)); N42-R02 (32 CFR 170.14(c)(3)),SP 800-171 R2 3.14.7,SI.L2-3.14.7,Identify unauthorized use of organizational systems.,Derived,3,Yes,ID.RA-01; ID.IM-01; ID.IM-02,SI-4,SI-4,"SP 800-53: official SP 800-171 R2 Appendix D (Rev. 4 IDs), refined to Rev. 5 by author; CSF 2.0: derived from the official CSF 2.0-to-SP 800-53 Rev. 5.2.0 reference (SRC-OLIR-CSF-53)",No process to identify unauthorized use,Interview IT Manager,Not met,Unauthorized use undetected,Moderate,Same fix as 3.14.6; weekly sign-in anomaly review,IT Manager,2027-01-15,No (point value 3 > 1),None
G-111,FAR 52.204-21 (CMMC Level 1),N42-R04 (52.204-21(b)(1)); N42-R02 (32 CFR 170.14(c)(2)),52.204-21(b)(1)(i),AC.L1-b.1.i,"Limit information system access to authorized users, processes acting on behalf of authorized users, or devices (including other information systems).",Basic safeguarding requirement,MET or NOT MET (170.24(c)(1)),Yes (FCI order stream),PR.AA-05; PR.DS-10; PR.AA-01,AC-2; AC-3; AC-17,n/a,SP 800-171 R2 equivalent 3.1.1 per 32 CFR 170.15 table 2; controls and CSF as for that requirement,Named accounts except 6 shared WMS zone accounts on handhelds that show DoD ship-to data,Same evidence as SP 800-171 R2 3.1.1,Partially met,Shared accounts,High,Named WMS accounts,Systems Administrator,2026-10-31,"No (no POA&M at Level 1, 170.21(a)(1))",None
G-112,FAR 52.204-21 (CMMC Level 1),N42-R04 (52.204-21(b)(1)); N42-R02 (32 CFR 170.14(c)(2)),52.204-21(b)(1)(ii),AC.L1-b.1.ii,Limit information system access to the types of transactions and functions that authorized users are permitted to execute.,Basic safeguarding requirement,MET or NOT MET (170.24(c)(1)),Yes (FCI order stream),PR.AA-05; PR.DS-10; PR.IR-01,AC-3; AC-17,n/a,SP 800-171 R2 equivalent 3.1.2 per 32 CFR 170.15 table 2; controls and CSF as for that requirement,ERP and WMS roles limit transactions for FCI,Same evidence as SP 800-171 R2 3.1.2,Met,None,Very Low,None,Systems Administrator,,"No (no POA&M at Level 1, 170.21(a)(1))",None
G-113,FAR 52.204-21 (CMMC Level 1),N42-R04 (52.204-21(b)(1)); N42-R02 (32 CFR 170.14(c)(2)),52.204-21(b)(1)(iii),AC.L1-b.1.iii,Verify and control/limit connections to and use of external information systems.,Basic safeguarding requirement,MET or NOT MET (170.24(c)(1)),Yes (FCI order stream),ID.AM-02; ID.AM-04,AC-20; AC-20(1),n/a,SP 800-171 R2 equivalent 3.1.20 per 32 CFR 170.15 table 2; controls and CSF as for that requirement,Personal cloud storage not blocked,Same evidence as SP 800-171 R2 3.1.20,Partially met,External systems not limited,Moderate,Block personal cloud storage,IT Manager,2026-10-31,"No (no POA&M at Level 1, 170.21(a)(1))",None
G-114,FAR 52.204-21 (CMMC Level 1),N42-R04 (52.204-21(b)(1)); N42-R02 (32 CFR 170.14(c)(2)),52.204-21(b)(1)(iv),AC.L1-b.1.iv,Control information posted or processed on publicly accessible information systems.,Basic safeguarding requirement,MET or NOT MET (170.24(c)(1)),Yes (FCI order stream),,AC-22,n/a,SP 800-171 R2 equivalent 3.1.22 per 32 CFR 170.15 table 2; controls and CSF as for that requirement,Designated publishers and content review,Same evidence as SP 800-171 R2 3.1.22,Met,None,Very Low,None,Sales Operations Manager,,"No (no POA&M at Level 1, 170.21(a)(1))",None
G-115,FAR 52.204-21 (CMMC Level 1),N42-R04 (52.204-21(b)(1)); N42-R02 (32 CFR 170.14(c)(2)),52.204-21(b)(1)(v),IA.L1-b.1.v,"Identify information system users, processes acting on behalf of users, or devices.",Basic safeguarding requirement,MET or NOT MET (170.24(c)(1)),Yes (FCI order stream),PR.AA-01; PR.AA-03,IA-2; IA-3,n/a,SP 800-171 R2 equivalent 3.5.1 per 32 CFR 170.15 table 2; controls and CSF as for that requirement,Shared WMS zone accounts,Same evidence as SP 800-171 R2 3.5.1,Partially met,Users not uniquely identified,High,Named WMS accounts,Systems Administrator,2026-10-31,"No (no POA&M at Level 1, 170.21(a)(1))",None
G-116,FAR 52.204-21 (CMMC Level 1),N42-R04 (52.204-21(b)(1)); N42-R02 (32 CFR 170.14(c)(2)),52.204-21(b)(1)(vi),IA.L1-b.1.vi,"Authenticate (or verify) the identities of those users, processes, or devices, as a prerequisite to allowing access to organizational information systems.",Basic safeguarding requirement,MET or NOT MET (170.24(c)(1)),Yes (FCI order stream),PR.AA-01; PR.AA-03,IA-2; IA-5,n/a,SP 800-171 R2 equivalent 3.5.2 per 32 CFR 170.15 table 2; controls and CSF as for that requirement,Shared 4-digit handheld PINs,Same evidence as SP 800-171 R2 3.5.2,Partially met,Users not individually authenticated,High,Named WMS accounts with individual PINs as an interim step,Systems Administrator,2026-10-31,"No (no POA&M at Level 1, 170.21(a)(1))",None
G-117,FAR 52.204-21 (CMMC Level 1),N42-R04 (52.204-21(b)(1)); N42-R02 (32 CFR 170.14(c)(2)),52.204-21(b)(1)(vii),MP.L1-b.1.vii,Sanitize or destroy information system media containing Federal Contract Information before disposal or release for reuse.,Basic safeguarding requirement,MET or NOT MET (170.24(c)(1)),Yes (FCI order stream),,MP-6,n/a,SP 800-171 R2 equivalent 3.8.3 per 32 CFR 170.15 table 2; controls and CSF as for that requirement,Certified destruction with certificates,Same evidence as SP 800-171 R2 3.8.3,Met,None,Very Low,None,IT Manager,,"No (no POA&M at Level 1, 170.21(a)(1))",None
G-118,FAR 52.204-21 (CMMC Level 1),N42-R04 (52.204-21(b)(1)); N42-R02 (32 CFR 170.14(c)(2)),52.204-21(b)(1)(viii),PE.L1-b.1.viii,"Limit physical access to organizational information systems, equipment, and the respective operating environments to authorized individuals.",Basic safeguarding requirement,MET or NOT MET (170.24(c)(1)),Yes (FCI order stream),PR.AA-06; DE.CM-02,PE-2; PE-3,n/a,SP 800-171 R2 equivalent 3.10.1 per 32 CFR 170.15 table 2; controls and CSF as for that requirement,Badge access on exterior doors,Same evidence as SP 800-171 R2 3.10.1,Met,None,Very Low,None,Warehouse and Logistics Manager,,"No (no POA&M at Level 1, 170.21(a)(1))",None
G-119,FAR 52.204-21 (CMMC Level 1),N42-R04 (52.204-21(b)(1)); N42-R02 (32 CFR 170.14(c)(2)),52.204-21(b)(1)(ix),PE.L1-b.1.ix,Escort visitors and monitor visitor activity; maintain audit logs of physical access; and control and manage physical access devices.,Basic safeguarding requirement,MET or NOT MET (170.24(c)(1)),Yes (FCI order stream),PR.AA-06; DE.CM-02,PE-3; PE-8,n/a,SP 800-171 R2 equivalent 3.10.3; 3.10.4; 3.10.5 per 32 CFR 170.15 table 2; controls and CSF as for that requirement,Drivers unescorted at dock; 30-day badge logs; lab cage keys unaccounted for,Same evidence as SP 800-171 R2 3.10.3; 3.10.4; 3.10.5,Partially met,"Escort, log, and device control incomplete",Moderate,Driver area and escort rule; 1-year badge logs; rekey,Warehouse and Logistics Manager,2026-10-31,"No (no POA&M at Level 1, 170.21(a)(1))",None
G-120,FAR 52.204-21 (CMMC Level 1),N42-R04 (52.204-21(b)(1)); N42-R02 (32 CFR 170.14(c)(2)),52.204-21(b)(1)(x),SC.L1-b.1.x,"Monitor, control, and protect organizational communications at the external boundaries and key internal boundaries of the information systems.",Basic safeguarding requirement,MET or NOT MET (170.24(c)(1)),Yes (FCI order stream),PR.DS-01; PR.DS-02; PR.DS-10,SC-7,n/a,SP 800-171 R2 equivalent 3.13.1 per 32 CFR 170.15 table 2; controls and CSF as for that requirement,Next-generation firewall with intrusion prevention at the boundary,Same evidence as SP 800-171 R2 3.13.1,Met,None,Very Low,None,IT Manager,,"No (no POA&M at Level 1, 170.21(a)(1))",None
G-121,FAR 52.204-21 (CMMC Level 1),N42-R04 (52.204-21(b)(1)); N42-R02 (32 CFR 170.14(c)(2)),52.204-21(b)(1)(xi),SC.L1-b.1.xi,Implement subnetworks for publicly accessible system components that are physically or logically separated from internal networks.,Basic safeguarding requirement,MET or NOT MET (170.24(c)(1)),Yes (FCI order stream),PR.DS-01; PR.DS-02; PR.DS-10,SC-7,n/a,SP 800-171 R2 equivalent 3.13.5 per 32 CFR 170.15 table 2; controls and CSF as for that requirement,No publicly accessible components inside the boundary,Same evidence as SP 800-171 R2 3.13.5,Not applicable,None,Very Low,None,IT Manager,,"No (no POA&M at Level 1, 170.21(a)(1))",None
G-122,FAR 52.204-21 (CMMC Level 1),N42-R04 (52.204-21(b)(1)); N42-R02 (32 CFR 170.14(c)(2)),52.204-21(b)(1)(xii),SI.L1-b.1.xii,"Identify, report, and correct information and information system flaws in a timely manner.",Basic safeguarding requirement,MET or NOT MET (170.24(c)(1)),Yes (FCI order stream),ID.IM-01; ID.IM-02; ID.IM-03,SI-2,n/a,SP 800-171 R2 equivalent 3.14.1 per 32 CFR 170.15 table 2; controls and CSF as for that requirement,Handheld OS past vendor support; firmware updated manually,Same evidence as SP 800-171 R2 3.14.1,Partially met,Flaws not corrected in a timely manner on handhelds,High,Isolate handhelds on scanner VLAN now; replace by 2027-01-31,Warehouse and Logistics Manager,2026-10-31,"No (no POA&M at Level 1, 170.21(a)(1))",None
G-123,FAR 52.204-21 (CMMC Level 1),N42-R04 (52.204-21(b)(1)); N42-R02 (32 CFR 170.14(c)(2)),52.204-21(b)(1)(xiii),SI.L1-b.1.xiii,Provide protection from malicious code at appropriate locations within organizational information systems.,Basic safeguarding requirement,MET or NOT MET (170.24(c)(1)),Yes (FCI order stream),PR.DS-01; PR.DS-02; PR.DS-10,SI-3,n/a,SP 800-171 R2 equivalent 3.14.2 per 32 CFR 170.15 table 2; controls and CSF as for that requirement,Next-generation antivirus,Same evidence as SP 800-171 R2 3.14.2,Met,None,Very Low,None,IT Manager,,"No (no POA&M at Level 1, 170.21(a)(1))",None
G-124,FAR 52.204-21 (CMMC Level 1),N42-R04 (52.204-21(b)(1)); N42-R02 (32 CFR 170.14(c)(2)),52.204-21(b)(1)(xiv),SI.L1-b.1.xiv,Update malicious code protection mechanisms when new releases are available.,Basic safeguarding requirement,MET or NOT MET (170.24(c)(1)),Yes (FCI order stream),PR.DS-01; PR.DS-02; PR.DS-10,SI-3,n/a,SP 800-171 R2 equivalent 3.14.4 per 32 CFR 170.15 table 2; controls and CSF as for that requirement,Automatic updates,Same evidence as SP 800-171 R2 3.14.4,Met,None,Very Low,None,IT Manager,,"No (no POA&M at Level 1, 170.21(a)(1))",None
G-125,FAR 52.204-21 (CMMC Level 1),N42-R04 (52.204-21(b)(1)); N42-R02 (32 CFR 170.14(c)(2)),52.204-21(b)(1)(xv),SI.L1-b.1.xv,"Perform periodic scans of the information system and real-time scans of files from external sources as files are downloaded, opened, or executed.",Basic safeguarding requirement,MET or NOT MET (170.24(c)(1)),Yes (FCI order stream),PR.DS-01; PR.DS-02; PR.DS-10,SI-3,n/a,SP 800-171 R2 equivalent 3.14.5 per 32 CFR 170.15 table 2; controls and CSF as for that requirement,Weekly full and real-time scans,Same evidence as SP 800-171 R2 3.14.5,Met,None,Very Low,None,IT Manager,,"No (no POA&M at Level 1, 170.21(a)(1))",None
G-126,FAR 52.204-25 (Section 889),N42-R05 (52.204-25(b)(1)),52.204-25(b)(1),n/a,"Do not provide the Government any equipment, system, or service that uses covered telecommunications or video surveillance equipment as a substantial or essential component",Contract clause,n/a,Yes (subcontract clause),GV.SC-05; GV.SC-07,SR-3; SR-5; SR-4,n/a,Author mapping,"Manual name check by the Government Contracts Manager, only when a prime asks. 1,260 SKUs (9%) have no manufacturer of record. P07 testing found 3 white-label video SKUs from a broker that match a covered manufacturer",Item master extract 2026-07-17; P07 finding,Partially met,"No systematic screening of SKUs, suppliers, or white-label products",High,Manufacturer-of-record field mandatory; covered-manufacturer screening list in the ERP with a hard block on federal orders; broker attestation,Government Contracts Manager,2026-11-30,n/a,"Proposed FAR 52.240-3 would consolidate security prohibitions and standardize reporting to 72 hours from discovery (FR Doc. 2026-12559; proposed, not final)"
G-127,FAR 52.204-25 (Section 889),N42-R05 (52.204-25(d)(1)-(2)),52.204-25(d),n/a,"Report covered equipment identified during performance within 1 business day, with further information within 10 business days (DoD: through DIBNet)",Contract clause,n/a,Yes (subcontract clause),RS.CO-02; GV.SC-08,IR-6; SR-8,n/a,Author mapping,No procedure; staff do not know the 1-business-day clock; no DIBNet access,Interview Government Contracts Manager,Not met,Cannot meet the reporting clock,High,Reporting procedure in P08; DIBNet access with the medium assurance certificate,Government Contracts Manager,2026-10-15,n/a,"Proposed FAR 52.240-3 would consolidate security prohibitions and standardize reporting to 72 hours from discovery (FR Doc. 2026-12559; proposed, not final)"
G-128,FAR 52.204-25 (Section 889),N42-R05 (52.204-25(e)),52.204-25(e),n/a,"Flow the substance of the clause down to all subcontracts, including for commercial products",Contract clause,n/a,Yes (subcontract clause),GV.SC-05,SR-3; SA-4,n/a,Author mapping,Company purchase orders to suppliers carry standard commercial terms only,Purchase order template,Not met,No flowdown to the company's own suppliers,Moderate,Add clause substance to purchase order terms for items that may ship on federal orders,Government Contracts Manager,2026-10-31,n/a,"Proposed FAR 52.240-3 would consolidate security prohibitions and standardize reporting to 72 hours from discovery (FR Doc. 2026-12559; proposed, not final)"
G-129,DFARS 252.246-7008 (electronic parts sourcing),Prime B subcontract clause (not in N42 register),252.246-7008(b)(1)-(2),n/a,"Buy electronic parts from the original manufacturer or its authorized suppliers first; use contractor-approved suppliers only when those sources cannot supply, under industry counterfeit-prevention standards",Contract clause,n/a,Yes (subcontract clause),GV.SC-06; GV.SC-07,SR-5; SR-6; SR-11,n/a,Author mapping,Buyers prefer authorized sources but use 12 brokers when stock is short. Brokers have never been assessed,Purchase history 2025-2026; approved supplier spreadsheet,Partially met,Sourcing order not documented; brokers not approved under an industry standard,High,Written sourcing rule and broker approval process (C-SCRM plan); DoD jobs from authorized sources only,Purchasing and Supplier Manager,2026-11-30,n/a,"Proposed FAR 52.240-7 would require SP 800-171 Rev. 3, which adds the 03.17 Supply Chain Risk Management family (FR Doc. 2026-12559; proposed, not final)"
G-130,DFARS 252.246-7008 (electronic parts sourcing),Prime B subcontract clause (not in N42 register),252.246-7008(b)(3)(ii),n/a,"When a part comes from any other source, or cannot be confirmed new, notify the Contracting Officer promptly and take responsibility for inspection, testing, and authentication",Contract clause,n/a,Yes (subcontract clause),GV.SC-08; RS.CO-03,SR-8; SR-11; IR-6,n/a,Author mapping,No notification or authentication procedure,Interview Purchasing and Supplier Manager,Not met,No notice or testing when broker parts are used,High,Notice to Prime B through the Government Contracts Manager; authentication by the OEM or an independent test lab,Government Contracts Manager,2026-10-31,n/a,None
G-131,DFARS 252.246-7008 (electronic parts sourcing),Prime B subcontract clause (not in N42 register),252.246-7008(c),n/a,"When not the original manufacturer or an authorized supplier, keep risk-based traceability from the original manufacturer to Government acceptance, or inspection and testing records",Contract clause,n/a,Yes (subcontract clause),ID.AM-08; GV.SC-07,SR-4; SR-11,n/a,Author mapping,"Serial numbers are scanned at shipping for DoD jobs, but supplier and OEM chain of custody is not recorded",WMS serial capture report,Partially met,Incomplete traceability,Moderate,"Record supplier, OEM authorization letter, and serials per lot in the ERP",Purchasing and Supplier Manager,2026-12-15,n/a,None
G-132,DFARS 252.246-7008 (electronic parts sourcing),Prime B subcontract clause (not in N42 register),252.246-7008(e),n/a,"Include the substance of the clause in subcontracts for electronic parts or assemblies, unless the subcontractor is the original manufacturer",Contract clause,n/a,Yes (subcontract clause),GV.SC-05,SR-3; SA-4,n/a,Author mapping,Not flowed down to authorized distributors or brokers,Purchase order template,Not met,No flowdown,Moderate,Add to purchase order terms,Government Contracts Manager,2026-10-31,n/a,None
G-133,DFARS 252.204-7012,N42-R03 (252.204-7012(b)(2)(ii)(D)),252.204-7012(b)(2)(ii)(D),n/a,"Cloud service providers that store, process, or transmit covered defense information must meet security requirements equivalent to the FedRAMP Moderate baseline and the clause's incident terms",Contract clause,n/a,Yes (subcontract clause),GV.SC-05; GV.SC-07,SA-9; SA-4,n/a,Author mapping,CUI found in the ERP SaaS (14 orders). The ERP vendor has no FedRAMP authorization or equivalency evidence. The cloud tenant services are FedRAMP Moderate authorized,ERP attachment search; FedRAMP Marketplace check 2026-07-15,Not met,CUI in a cloud service without FedRAMP Moderate equivalency,High,Purge CUI from the ERP and block attachments on DoD orders (keep CUI only in the cloud tenant enclave),IT Manager,2026-09-30,n/a,None
G-134,DFARS 252.204-7012,N42-R03 (252.204-7012(c)),252.204-7012(c)(1)-(3),n/a,"Rapidly report cyber incidents affecting covered defense information (within 72 hours of discovery) through DIBNet, which requires a DoD-approved medium assurance certificate",Contract clause,n/a,Yes (subcontract clause),RS.CO-02; RS.MA-01,IR-6; IR-4,n/a,Author mapping,"No certificate, no procedure",Interview Government Contracts Manager,Not met,Cannot report within 72 hours,High,Obtain certificate; P08 runbook,Government Contracts Manager,2026-10-15,n/a,"Proposed FAR 52.240-7 would add a 72-hour CUI incident report for civilian agencies too (proposed, not final)"
G-135,DFARS 252.204-7012,N42-R03 (252.204-7012(e)),252.204-7012(e),n/a,Preserve images of affected systems and relevant monitoring or packet capture data for at least 90 days from the incident report,Contract clause,n/a,Yes (subcontract clause),RS.AN-03; RS.AN-07,AU-11; IR-4,n/a,Author mapping,No imaging capability; logs kept 30 to 90 days,Log settings exports,Not met,Cannot preserve evidence for 90 days,Moderate,Forensic retainer; 1-year log retention (3.3.1),IT Manager,2027-01-15,n/a,None
G-136,DFARS 252.204-7019/-7020,N42-R03 (252.204-7012(b)(2)); DFARS 252.204-7019/-7020,252.204-7020(d)(1); 252.204-7019(b),n/a,Keep a current (not more than 3 years old) NIST SP 800-171 DoD Assessment summary score posted in SPRS for each covered system,Contract clause,n/a,Yes (subcontract clause),GV.OV-01; GV.PO-01,CA-2; CA-5,n/a,Author mapping,Basic Assessment posted 2024-03-15 (96/110) with no worksheet. The 2026 re-assessment in this document scores far lower,SPRS record; this gap analysis,Partially met,Posted score is not supported and expires 2027-03-15,High,"On counsel's advice, post a corrected Basic Assessment with the 2026 score and a realistic date to reach 110",Chief Executive Officer,2026-09-30,n/a,None
G-137,DFARS 252.204-7021 (CMMC),N42-R02 (32 CFR 170.15; 170.22),252.204-7021(d)(3); 32 CFR 170.15; 170.22,n/a,Keep a current CMMC Level 1 (Self) status and annual affirmation by the Affirming Official for systems that process FCI; no POA&M is allowed at Level 1,Contract clause,n/a,Yes (subcontract clause),GV.OV-01; GV.RR-01,CA-2; PM-9,n/a,Author mapping,Level 1 result and affirmation entered 2026-01-20 without a self-assessment. 6 of 15 FAR 52.204-21 requirements are only partially met (rows G-111 to G-125),SPRS record; rows G-111 to G-125,Not met,Affirmation not supported by evidence,High,"On counsel's advice, withdraw or correct the Level 1 entry; fix the 6 items; self-assess and re-affirm",Chief Executive Officer,2026-10-31,n/a,None
