control_id,objective_id,determination_statement_summary,method,assessment_object,evidence_ref,finding,finding_detail,risk_level,poam_id
AC-2,AC-02a.[01],account types allowed for use within the system are defined and documented;,Examine; Interview; Test,"Identity governance workflows; ERP and MES user exports; HR termination records; ERP Platform Manager interview. Population: 1,436 EPSP account events (2026-01-01 to 2026-06-30); 1,960 terminations of staff with EPSP access (90 at AQ-01). Sample: 60 account events (random); 60 terminations (stratified: 50 enterprise, 10 AQ-01)",EV-AC-2,Satisfied,Sampled events matched approved requests and role templates,,
AC-2,AC-02a.[02],account types specifically prohibited for use within the system are defined and documented;,Examine; Interview; Test,"Identity governance workflows; ERP and MES user exports; HR termination records; ERP Platform Manager interview. Population: 1,436 EPSP account events (2026-01-01 to 2026-06-30); 1,960 terminations of staff with EPSP access (90 at AQ-01). Sample: 60 account events (random); 60 terminations (stratified: 50 enterprise, 10 AQ-01)",EV-AC-2,Satisfied,Sampled events matched approved requests and role templates,,
AC-2,AC-02b.,account managers are assigned;,Examine; Interview; Test,"Identity governance workflows; ERP and MES user exports; HR termination records; ERP Platform Manager interview. Population: 1,436 EPSP account events (2026-01-01 to 2026-06-30); 1,960 terminations of staff with EPSP access (90 at AQ-01). Sample: 60 account events (random); 60 terminations (stratified: 50 enterprise, 10 AQ-01)",EV-AC-2,Satisfied,Sampled events matched approved requests and role templates,,
AC-2,AC-02c.,[organization-defined value] for group and role membership are required;,Examine; Interview; Test,"Identity governance workflows; ERP and MES user exports; HR termination records; ERP Platform Manager interview. Population: 1,436 EPSP account events (2026-01-01 to 2026-06-30); 1,960 terminations of staff with EPSP access (90 at AQ-01). Sample: 60 account events (random); 60 terminations (stratified: 50 enterprise, 10 AQ-01)",EV-AC-2,Satisfied,Sampled events matched approved requests and role templates,,
AC-2,AC-02d.01,authorized users of the system are specified;,Examine; Interview; Test,"Identity governance workflows; ERP and MES user exports; HR termination records; ERP Platform Manager interview. Population: 1,436 EPSP account events (2026-01-01 to 2026-06-30); 1,960 terminations of staff with EPSP access (90 at AQ-01). Sample: 60 account events (random); 60 terminations (stratified: 50 enterprise, 10 AQ-01)",EV-AC-2,Satisfied,Sampled events matched approved requests and role templates,,
AC-2,AC-02d.02,group and role membership are specified;,Examine; Interview; Test,"Identity governance workflows; ERP and MES user exports; HR termination records; ERP Platform Manager interview. Population: 1,436 EPSP account events (2026-01-01 to 2026-06-30); 1,960 terminations of staff with EPSP access (90 at AQ-01). Sample: 60 account events (random); 60 terminations (stratified: 50 enterprise, 10 AQ-01)",EV-AC-2,Satisfied,Sampled events matched approved requests and role templates,,
AC-2,AC-02d.03[01],"access authorizations (i.e., privileges) are specified for each account;",Examine; Interview; Test,"Identity governance workflows; ERP and MES user exports; HR termination records; ERP Platform Manager interview. Population: 1,436 EPSP account events (2026-01-01 to 2026-06-30); 1,960 terminations of staff with EPSP access (90 at AQ-01). Sample: 60 account events (random); 60 terminations (stratified: 50 enterprise, 10 AQ-01)",EV-AC-2,Satisfied,Sampled events matched approved requests and role templates,,
AC-2,AC-02d.03[02],[organization-defined value] are specified for each account;,Examine; Interview; Test,"Identity governance workflows; ERP and MES user exports; HR termination records; ERP Platform Manager interview. Population: 1,436 EPSP account events (2026-01-01 to 2026-06-30); 1,960 terminations of staff with EPSP access (90 at AQ-01). Sample: 60 account events (random); 60 terminations (stratified: 50 enterprise, 10 AQ-01)",EV-AC-2,Satisfied,Sampled events matched approved requests and role templates,,
AC-2,AC-02e.,approvals are required by [organization-defined value] for requests to create accounts;,Examine; Interview; Test,"Identity governance workflows; ERP and MES user exports; HR termination records; ERP Platform Manager interview. Population: 1,436 EPSP account events (2026-01-01 to 2026-06-30); 1,960 terminations of staff with EPSP access (90 at AQ-01). Sample: 60 account events (random); 60 terminations (stratified: 50 enterprise, 10 AQ-01)",EV-AC-2,Satisfied,Sampled events matched approved requests and role templates,,
AC-2,AC-02f.[01],accounts are created in accordance with [organization-defined value];,Examine; Interview; Test,"Identity governance workflows; ERP and MES user exports; HR termination records; ERP Platform Manager interview. Population: 1,436 EPSP account events (2026-01-01 to 2026-06-30); 1,960 terminations of staff with EPSP access (90 at AQ-01). Sample: 60 account events (random); 60 terminations (stratified: 50 enterprise, 10 AQ-01)",EV-AC-2,Satisfied,Sampled events matched approved requests and role templates,,
AC-2,AC-02f.[02],accounts are enabled in accordance with [organization-defined value];,Examine; Interview; Test,"Identity governance workflows; ERP and MES user exports; HR termination records; ERP Platform Manager interview. Population: 1,436 EPSP account events (2026-01-01 to 2026-06-30); 1,960 terminations of staff with EPSP access (90 at AQ-01). Sample: 60 account events (random); 60 terminations (stratified: 50 enterprise, 10 AQ-01)",EV-AC-2,Satisfied,Sampled events matched approved requests and role templates,,
AC-2,AC-02f.[03],accounts are modified in accordance with [organization-defined value];,Examine; Interview; Test,"Identity governance workflows; ERP and MES user exports; HR termination records; ERP Platform Manager interview. Population: 1,436 EPSP account events (2026-01-01 to 2026-06-30); 1,960 terminations of staff with EPSP access (90 at AQ-01). Sample: 60 account events (random); 60 terminations (stratified: 50 enterprise, 10 AQ-01)",EV-AC-2,Satisfied,Sampled events matched approved requests and role templates,,
AC-2,AC-02f.[04],accounts are disabled in accordance with [organization-defined value];,Examine; Interview; Test,"Identity governance workflows; ERP and MES user exports; HR termination records; ERP Platform Manager interview. Population: 1,436 EPSP account events (2026-01-01 to 2026-06-30); 1,960 terminations of staff with EPSP access (90 at AQ-01). Sample: 60 account events (random); 60 terminations (stratified: 50 enterprise, 10 AQ-01)",EV-AC-2,Other than satisfied,2 of 10 AQ-01 terminations disabled 4 and 7 days late in the legacy directory; all 50 enterprise terminations disabled same day,High,POAM-001
AC-2,AC-02f.[05],accounts are removed in accordance with [organization-defined value];,Examine; Interview; Test,"Identity governance workflows; ERP and MES user exports; HR termination records; ERP Platform Manager interview. Population: 1,436 EPSP account events (2026-01-01 to 2026-06-30); 1,960 terminations of staff with EPSP access (90 at AQ-01). Sample: 60 account events (random); 60 terminations (stratified: 50 enterprise, 10 AQ-01)",EV-AC-2,Satisfied,Sampled events matched approved requests and role templates,,
AC-2,AC-02g.,the use of accounts is monitored;,Examine; Interview; Test,"Identity governance workflows; ERP and MES user exports; HR termination records; ERP Platform Manager interview. Population: 1,436 EPSP account events (2026-01-01 to 2026-06-30); 1,960 terminations of staff with EPSP access (90 at AQ-01). Sample: 60 account events (random); 60 terminations (stratified: 50 enterprise, 10 AQ-01)",EV-AC-2,Satisfied,Sampled events matched approved requests and role templates,,
AC-2,AC-02h.01,account managers and [organization-defined value] are notified within [organization-defined value] when accounts are no longer required;,Examine; Interview; Test,"Identity governance workflows; ERP and MES user exports; HR termination records; ERP Platform Manager interview. Population: 1,436 EPSP account events (2026-01-01 to 2026-06-30); 1,960 terminations of staff with EPSP access (90 at AQ-01). Sample: 60 account events (random); 60 terminations (stratified: 50 enterprise, 10 AQ-01)",EV-AC-2,Satisfied,Sampled events matched approved requests and role templates,,
AC-2,AC-02h.02,account managers and [organization-defined value] are notified within [organization-defined value] when users are terminated or transferred;,Examine; Interview; Test,"Identity governance workflows; ERP and MES user exports; HR termination records; ERP Platform Manager interview. Population: 1,436 EPSP account events (2026-01-01 to 2026-06-30); 1,960 terminations of staff with EPSP access (90 at AQ-01). Sample: 60 account events (random); 60 terminations (stratified: 50 enterprise, 10 AQ-01)",EV-AC-2,Satisfied,Sampled events matched approved requests and role templates,,
AC-2,AC-02h.03,account managers and [organization-defined value] are notified within [organization-defined value] when system usage or the need to know changes for an individual;,Examine; Interview; Test,"Identity governance workflows; ERP and MES user exports; HR termination records; ERP Platform Manager interview. Population: 1,436 EPSP account events (2026-01-01 to 2026-06-30); 1,960 terminations of staff with EPSP access (90 at AQ-01). Sample: 60 account events (random); 60 terminations (stratified: 50 enterprise, 10 AQ-01)",EV-AC-2,Satisfied,Sampled events matched approved requests and role templates,,
AC-2,AC-02i.01,access to the system is authorized based on a valid access authorization;,Examine; Interview; Test,"Identity governance workflows; ERP and MES user exports; HR termination records; ERP Platform Manager interview. Population: 1,436 EPSP account events (2026-01-01 to 2026-06-30); 1,960 terminations of staff with EPSP access (90 at AQ-01). Sample: 60 account events (random); 60 terminations (stratified: 50 enterprise, 10 AQ-01)",EV-AC-2,Satisfied,Sampled events matched approved requests and role templates,,
AC-2,AC-02i.02,access to the system is authorized based on intended system usage;,Examine; Interview; Test,"Identity governance workflows; ERP and MES user exports; HR termination records; ERP Platform Manager interview. Population: 1,436 EPSP account events (2026-01-01 to 2026-06-30); 1,960 terminations of staff with EPSP access (90 at AQ-01). Sample: 60 account events (random); 60 terminations (stratified: 50 enterprise, 10 AQ-01)",EV-AC-2,Satisfied,Sampled events matched approved requests and role templates,,
AC-2,AC-02i.03,access to the system is authorized based on [organization-defined value];,Examine; Interview; Test,"Identity governance workflows; ERP and MES user exports; HR termination records; ERP Platform Manager interview. Population: 1,436 EPSP account events (2026-01-01 to 2026-06-30); 1,960 terminations of staff with EPSP access (90 at AQ-01). Sample: 60 account events (random); 60 terminations (stratified: 50 enterprise, 10 AQ-01)",EV-AC-2,Satisfied,Sampled events matched approved requests and role templates,,
AC-2,AC-02j.,accounts are reviewed for compliance with account management requirements [organization-defined value];,Examine; Interview; Test,"Identity governance workflows; ERP and MES user exports; HR termination records; ERP Platform Manager interview. Population: 1,436 EPSP account events (2026-01-01 to 2026-06-30); 1,960 terminations of staff with EPSP access (90 at AQ-01). Sample: 60 account events (random); 60 terminations (stratified: 50 enterprise, 10 AQ-01)",EV-AC-2,Other than satisfied,Supplier portal accounts are not reviewed periodically; 63 accounts inactive over 90 days,Moderate,POAM-002
AC-2,AC-02k.[01],a process is established for changing shared or group account authenticators (if deployed) when individuals are removed from the group;,Examine; Interview; Test,"Identity governance workflows; ERP and MES user exports; HR termination records; ERP Platform Manager interview. Population: 1,436 EPSP account events (2026-01-01 to 2026-06-30); 1,960 terminations of staff with EPSP access (90 at AQ-01). Sample: 60 account events (random); 60 terminations (stratified: 50 enterprise, 10 AQ-01)",EV-AC-2,Satisfied,Sampled events matched approved requests and role templates,,
AC-2,AC-02k.[02],a process is implemented for changing shared or group account authenticators (if deployed) when individuals are removed from the group;,Examine; Interview; Test,"Identity governance workflows; ERP and MES user exports; HR termination records; ERP Platform Manager interview. Population: 1,436 EPSP account events (2026-01-01 to 2026-06-30); 1,960 terminations of staff with EPSP access (90 at AQ-01). Sample: 60 account events (random); 60 terminations (stratified: 50 enterprise, 10 AQ-01)",EV-AC-2,Satisfied,Sampled events matched approved requests and role templates,,
AC-2,AC-02l.[01],account management processes are aligned with personnel termination processes;,Examine; Interview; Test,"Identity governance workflows; ERP and MES user exports; HR termination records; ERP Platform Manager interview. Population: 1,436 EPSP account events (2026-01-01 to 2026-06-30); 1,960 terminations of staff with EPSP access (90 at AQ-01). Sample: 60 account events (random); 60 terminations (stratified: 50 enterprise, 10 AQ-01)",EV-AC-2,Other than satisfied,AQ-01 termination process is not connected to identity governance,High,POAM-001
AC-2,AC-02l.[02],account management processes are aligned with personnel transfer processes.,Examine; Interview; Test,"Identity governance workflows; ERP and MES user exports; HR termination records; ERP Platform Manager interview. Population: 1,436 EPSP account events (2026-01-01 to 2026-06-30); 1,960 terminations of staff with EPSP access (90 at AQ-01). Sample: 60 account events (random); 60 terminations (stratified: 50 enterprise, 10 AQ-01)",EV-AC-2,Satisfied,Sampled events matched approved requests and role templates,,
AC-2(3),AC-02(03)(a),accounts are disabled within [organization-defined value] when the accounts have expired;,Examine; Test,"Inactivity job configuration; account exports. Population: 6,020 accounts (5,600 ERP workforce; 420 supplier portal). Sample: 100% (data analytic)",EV-AC-2(3),Satisfied,Workforce accounts disabled at 60 days as configured,,
AC-2(3),AC-02(03)(b),accounts are disabled within [organization-defined value] when the accounts are no longer associated with a user or individual;,Examine; Test,"Inactivity job configuration; account exports. Population: 6,020 accounts (5,600 ERP workforce; 420 supplier portal). Sample: 100% (data analytic)",EV-AC-2(3),Satisfied,Workforce accounts disabled at 60 days as configured,,
AC-2(3),AC-02(03)(c),accounts are disabled within [organization-defined value] when the accounts are in violation of organizational policy;,Examine; Test,"Inactivity job configuration; account exports. Population: 6,020 accounts (5,600 ERP workforce; 420 supplier portal). Sample: 100% (data analytic)",EV-AC-2(3),Satisfied,Workforce accounts disabled at 60 days as configured,,
AC-2(3),AC-02(03)(d),accounts are disabled within [organization-defined value] when the accounts have been inactive for [organization-defined value].,Examine; Test,"Inactivity job configuration; account exports. Population: 6,020 accounts (5,600 ERP workforce; 420 supplier portal). Sample: 100% (data analytic)",EV-AC-2(3),Other than satisfied,63 supplier portal accounts inactive over 90 days still enabled,Moderate,POAM-002
AC-3,AC-03,approved authorizations for logical access to information and system resources are enforced in accordance with applicable access control policies.,Examine; Test,"ERP role matrix; test of export release without the Trade Compliance role. Population: 5,600 ERP users. Sample: 25 users (random)",EV-AC-3,Satisfied,Access matched role templates; export release blocked without the Trade Compliance role,,
AC-5,AC-05a.,[organization-defined value] are identified and documented;,Examine; Interview,"SoD rule set; conflict report; Vice President, Enterprise Applications interview. Population: 5,600 ERP users. Sample: 100% (SoD analytic)",EV-AC-5,Satisfied,Conflicting duties are identified and documented in the SoD rule set,,
AC-5,AC-05b.,system access authorizations to support separation of duties are defined.,Examine; Interview,"SoD rule set; conflict report; Vice President, Enterprise Applications interview. Population: 5,600 ERP users. Sample: 100% (SoD analytic)",EV-AC-5,Other than satisfied,"23 users hold conflicting roles (routing maintenance with schedule release, or vendor maintenance with payment) without a mitigating review",High,POAM-003
AC-6,AC-06,"the principle of least privilege is employed, allowing only authorized accesses for users (or processes acting on behalf of users) that are necessary to accomplish assigned organizational tasks.",Examine; Test,"PAM records; role assignments. Population: 2,180 PAM elevation sessions to ERP, database, and MES servers. Sample: 25 sessions (random)",EV-AC-6,Satisfied,"Elevations were approved, time-limited, and recorded",,
AC-17,AC-17a.[01],usage restrictions are established and documented for each type of remote access allowed;,Examine; Test,"Remote access standard; gateway configuration; workstation scan. Population: 3 remote access paths into EPSP zones (zero-trust service, OT gateway, ERP vendor support). Sample: 100%; scan of 48 engineering workstations in MES zones",EV-AC-17,Satisfied,Usage restrictions and connection requirements documented for each path,,
AC-17,AC-17a.[02],configuration/connection requirements are established and documented for each type of remote access allowed;,Examine; Test,"Remote access standard; gateway configuration; workstation scan. Population: 3 remote access paths into EPSP zones (zero-trust service, OT gateway, ERP vendor support). Sample: 100%; scan of 48 engineering workstations in MES zones",EV-AC-17,Satisfied,Usage restrictions and connection requirements documented for each path,,
AC-17,AC-17a.[03],implementation guidance is established and documented for each type of remote access allowed;,Examine; Test,"Remote access standard; gateway configuration; workstation scan. Population: 3 remote access paths into EPSP zones (zero-trust service, OT gateway, ERP vendor support). Sample: 100%; scan of 48 engineering workstations in MES zones",EV-AC-17,Satisfied,Usage restrictions and connection requirements documented for each path,,
AC-17,AC-17b.,each type of remote access to the system is authorized prior to allowing such connections.,Examine; Test,"Remote access standard; gateway configuration; workstation scan. Population: 3 remote access paths into EPSP zones (zero-trust service, OT gateway, ERP vendor support). Sample: 100%; scan of 48 engineering workstations in MES zones",EV-AC-17,Other than satisfied,An OEM remote tool installed on a P4 engineering workstation in the MES zone provided an unauthorized remote path,High,POAM-008
AT-2,AT-02a.01[01],"security literacy training is provided to system users (including managers, senior executives, and contractors) as part of initial training for new users;",Examine,"Learning system; phishing reports. Population: 12,000 workforce. Sample: 60 training records (random); 6 months of phishing results",EV-AT-2,Satisfied,Training completed; phishing simulations run monthly,,
AT-2,AT-02a.01[02],"privacy literacy training is provided to system users (including managers, senior executives, and contractors) as part of initial training for new users;",Examine,"Learning system; phishing reports. Population: 12,000 workforce. Sample: 60 training records (random); 6 months of phishing results",EV-AT-2,Satisfied,Training completed; phishing simulations run monthly,,
AT-2,AT-02a.01[03],"security literacy training is provided to system users (including managers, senior executives, and contractors) [organization-defined value] thereafter;",Examine,"Learning system; phishing reports. Population: 12,000 workforce. Sample: 60 training records (random); 6 months of phishing results",EV-AT-2,Satisfied,Training completed; phishing simulations run monthly,,
AT-2,AT-02a.01[04],"privacy literacy training is provided to system users (including managers, senior executives, and contractors) [organization-defined value] thereafter;",Examine,"Learning system; phishing reports. Population: 12,000 workforce. Sample: 60 training records (random); 6 months of phishing results",EV-AT-2,Satisfied,Training completed; phishing simulations run monthly,,
AT-2,AT-02a.02[01],"security literacy training is provided to system users (including managers, senior executives, and contractors) when required by system changes or following [organization-defined value];",Examine,"Learning system; phishing reports. Population: 12,000 workforce. Sample: 60 training records (random); 6 months of phishing results",EV-AT-2,Satisfied,Training completed; phishing simulations run monthly,,
AT-2,AT-02a.02[02],"privacy literacy training is provided to system users (including managers, senior executives, and contractors) when required by system changes or following [organization-defined value];",Examine,"Learning system; phishing reports. Population: 12,000 workforce. Sample: 60 training records (random); 6 months of phishing results",EV-AT-2,Satisfied,Training completed; phishing simulations run monthly,,
AT-2,AT-02b.,[organization-defined value] are employed to increase the security and privacy awareness of system users;,Examine,"Learning system; phishing reports. Population: 12,000 workforce. Sample: 60 training records (random); 6 months of phishing results",EV-AT-2,Satisfied,Training completed; phishing simulations run monthly,,
AT-2,AT-02c.[01],literacy training and awareness content is updated [organization-defined value];,Examine,"Learning system; phishing reports. Population: 12,000 workforce. Sample: 60 training records (random); 6 months of phishing results",EV-AT-2,Satisfied,Training completed; phishing simulations run monthly,,
AT-2,AT-02c.[02],literacy training and awareness content is updated following [organization-defined value];,Examine,"Learning system; phishing reports. Population: 12,000 workforce. Sample: 60 training records (random); 6 months of phishing results",EV-AT-2,Satisfied,Training completed; phishing simulations run monthly,,
AT-2,AT-02d.,lessons learned from internal or external security incidents or breaches are incorporated into literacy training and awareness techniques.,Examine,"Learning system; phishing reports. Population: 12,000 workforce. Sample: 60 training records (random); 6 months of phishing results",EV-AT-2,Satisfied,Training completed; phishing simulations run monthly,,
AT-3,AT-03a.01[01],"role-based security training is provided to [organization-defined value] before authorizing access to the system, information, or performing assigned duties;",Examine; Interview,Role training records; curriculum. Population: 412 staff in EPSP and OT security roles. Sample: 40 (random),EV-AT-3,Other than satisfied,9 of 40 sampled controls technicians and MES administrators received access before role training,Moderate,POAM-017
AT-3,AT-03a.01[02],"role-based privacy training is provided to [organization-defined value] before authorizing access to the system, information, or performing assigned duties;",Examine; Interview,Role training records; curriculum. Population: 412 staff in EPSP and OT security roles. Sample: 40 (random),EV-AT-3,Satisfied,Role-based content current and updated after incidents,,
AT-3,AT-03a.01[03],role-based security training is provided to [organization-defined value] [organization-defined value] thereafter;,Examine; Interview,Role training records; curriculum. Population: 412 staff in EPSP and OT security roles. Sample: 40 (random),EV-AT-3,Other than satisfied,Annual refresher not completed by 7 of the 40,Moderate,POAM-017
AT-3,AT-03a.01[04],role-based privacy training is provided to [organization-defined value] [organization-defined value] thereafter;,Examine; Interview,Role training records; curriculum. Population: 412 staff in EPSP and OT security roles. Sample: 40 (random),EV-AT-3,Satisfied,Role-based content current and updated after incidents,,
AT-3,AT-03a.02[01],role-based security training is provided to personnel with assigned security roles and responsibilities when required by system changes;,Examine; Interview,Role training records; curriculum. Population: 412 staff in EPSP and OT security roles. Sample: 40 (random),EV-AT-3,Satisfied,Role-based content current and updated after incidents,,
AT-3,AT-03a.02[02],role-based privacy training is provided to personnel with assigned security roles and responsibilities when required by system changes;,Examine; Interview,Role training records; curriculum. Population: 412 staff in EPSP and OT security roles. Sample: 40 (random),EV-AT-3,Satisfied,Role-based content current and updated after incidents,,
AT-3,AT-03b.[01],role-based training content is updated [organization-defined value];,Examine; Interview,Role training records; curriculum. Population: 412 staff in EPSP and OT security roles. Sample: 40 (random),EV-AT-3,Satisfied,Role-based content current and updated after incidents,,
AT-3,AT-03b.[02],role-based training content is updated following [organization-defined value];,Examine; Interview,Role training records; curriculum. Population: 412 staff in EPSP and OT security roles. Sample: 40 (random),EV-AT-3,Satisfied,Role-based content current and updated after incidents,,
AT-3,AT-03c.,lessons learned from internal or external security incidents or breaches are incorporated into role-based training.,Examine; Interview,Role training records; curriculum. Population: 412 staff in EPSP and OT security roles. Sample: 40 (random),EV-AT-3,Satisfied,Role-based content current and updated after incidents,,
AU-2,AU-02a.,[organization-defined value] that the system is capable of logging are identified in support of the audit logging function;,Examine; Test,STD-01.4; ERP audit configuration. Population: n/a (configuration). Sample: 6 event types generated in test,EV-AU-2,Satisfied,Event types logged as defined,,
AU-2,AU-02b.,the event logging function is coordinated with other organizational entities requiring audit-related information to guide and inform the selection criteria for events to be logged;,Examine; Test,STD-01.4; ERP audit configuration. Population: n/a (configuration). Sample: 6 event types generated in test,EV-AU-2,Satisfied,Event types logged as defined,,
AU-2,AU-02c.[01],[organization-defined value] are specified for logging within the system;,Examine; Test,STD-01.4; ERP audit configuration. Population: n/a (configuration). Sample: 6 event types generated in test,EV-AU-2,Satisfied,Event types logged as defined,,
AU-2,AU-02c.[02],the specified event types are logged within the system [organization-defined value];,Examine; Test,STD-01.4; ERP audit configuration. Population: n/a (configuration). Sample: 6 event types generated in test,EV-AU-2,Satisfied,Event types logged as defined,,
AU-2,AU-02d.,a rationale is provided for why the event types selected for logging are deemed to be adequate to support after-the-fact investigations of incidents;,Examine; Test,STD-01.4; ERP audit configuration. Population: n/a (configuration). Sample: 6 event types generated in test,EV-AU-2,Satisfied,Event types logged as defined,,
AU-2,AU-02e.,the event types selected for logging are reviewed and updated [organization-defined value].,Examine; Test,STD-01.4; ERP audit configuration. Population: n/a (configuration). Sample: 6 event types generated in test,EV-AU-2,Satisfied,Event types logged as defined,,
AU-6,AU-06a.,system audit records are reviewed and analyzed [organization-defined value] for indications of [organization-defined value] and the potential impact of the inappropriate or unusual activity;,Examine; Interview,SOC review records; SIEM source list. Population: 26 weeks of SOC review records; 63 tier-1 log sources. Sample: 5 weeks (random); 100% of log sources,EV-AU-6,Other than satisfied,"MES application logs at P3 and P4 (and all AQ-01 systems, which are interconnected) are not reviewed because they are not in the SIEM",Moderate,POAM-005
AU-6,AU-06b.,findings are reported to [organization-defined value];,Examine; Interview,SOC review records; SIEM source list. Population: 26 weeks of SOC review records; 63 tier-1 log sources. Sample: 5 weeks (random); 100% of log sources,EV-AU-6,Satisfied,Findings reported and review level adjusted after AQ-01 acquisition,,
AU-6,AU-06c.,"the level of audit record review, analysis, and reporting within the system is adjusted when there is a change in risk based on law enforcement information, intelligence information, or other credible sources of information.",Examine; Interview,SOC review records; SIEM source list. Population: 26 weeks of SOC review records; 63 tier-1 log sources. Sample: 5 weeks (random); 100% of log sources,EV-AU-6,Satisfied,Findings reported and review level adjusted after AQ-01 acquisition,,
AU-9,AU-09a.,"audit information and audit logging tools are protected from unauthorized access, modification, and deletion;",Examine; Test,Log archive policies. Population: n/a (configuration). Sample: Write-once settings inspected; deletion attempt tested,EV-AU-9,Satisfied,Deletion attempt blocked,,
AU-9,AU-09b.,"[organization-defined value] are alerted upon detection of unauthorized access, modification, or deletion of audit information.",Examine; Test,Log archive policies. Population: n/a (configuration). Sample: Write-once settings inspected; deletion attempt tested,EV-AU-9,Satisfied,Deletion attempt blocked,,
AU-11,AU-11,audit records are retained for [organization-defined value] to provide support for after-the-fact investigations of incidents and to meet regulatory and organizational information retention requirements.,Examine,Retention settings. Population: n/a (configuration). Sample: Retention settings inspected,EV-AU-11,Satisfied,Retention set to 7 years in the archive,,
AU-12,AU-12a.,audit record generation capability for the event types the system is capable of auditing (defined in AU-02_ODP[01]) is provided by [organization-defined value];,Examine; Test,"Audit configuration. Population: n/a (configuration). Sample: 6 ERP servers, 2 integration nodes, 4 MES servers",EV-AU-12,Satisfied,Audit generation enabled on sampled components,,
AU-12,AU-12b.,[organization-defined value] is/are allowed to select the event types that are to be logged by specific components of the system;,Examine; Test,"Audit configuration. Population: n/a (configuration). Sample: 6 ERP servers, 2 integration nodes, 4 MES servers",EV-AU-12,Satisfied,Audit generation enabled on sampled components,,
AU-12,AU-12c.,audit records for the event types defined in AU-02_ODP[02] that include the audit record content defined in AU-03 are generated.,Examine; Test,"Audit configuration. Population: n/a (configuration). Sample: 6 ERP servers, 2 integration nodes, 4 MES servers",EV-AU-12,Satisfied,Audit generation enabled on sampled components,,
CA-7,CA-07[01],a system-level continuous monitoring strategy is developed;,Examine; Interview,Monitoring dashboard; KRI reports. Population: 6 monthly metric packages. Sample: 3 months (random),EV-CA-7,Satisfied,Metrics produced and reviewed monthly,,
CA-7,CA-07[02],system-level continuous monitoring is implemented in accordance with the organization-level continuous monitoring strategy;,Examine; Interview,Monitoring dashboard; KRI reports. Population: 6 monthly metric packages. Sample: 3 months (random),EV-CA-7,Satisfied,Metrics produced and reviewed monthly,,
CA-7,CA-07a.,system-level continuous monitoring includes establishment of the following system-level metrics to be monitored: [organization-defined value];,Examine; Interview,Monitoring dashboard; KRI reports. Population: 6 monthly metric packages. Sample: 3 months (random),EV-CA-7,Satisfied,Metrics produced and reviewed monthly,,
CA-7,CA-07b.[01],system-level continuous monitoring includes established [organization-defined value] for monitoring;,Examine; Interview,Monitoring dashboard; KRI reports. Population: 6 monthly metric packages. Sample: 3 months (random),EV-CA-7,Satisfied,Metrics produced and reviewed monthly,,
CA-7,CA-07b.[02],system-level continuous monitoring includes established [organization-defined value] for assessment of control effectiveness;,Examine; Interview,Monitoring dashboard; KRI reports. Population: 6 monthly metric packages. Sample: 3 months (random),EV-CA-7,Satisfied,Metrics produced and reviewed monthly,,
CA-7,CA-07c.,system-level continuous monitoring includes ongoing control assessments in accordance with the continuous monitoring strategy;,Examine; Interview,Monitoring dashboard; KRI reports. Population: 6 monthly metric packages. Sample: 3 months (random),EV-CA-7,Satisfied,Metrics produced and reviewed monthly,,
CA-7,CA-07d.,system-level continuous monitoring includes ongoing monitoring of system and organization-defined metrics in accordance with the continuous monitoring strategy;,Examine; Interview,Monitoring dashboard; KRI reports. Population: 6 monthly metric packages. Sample: 3 months (random),EV-CA-7,Satisfied,Metrics produced and reviewed monthly,,
CA-7,CA-07e.,system-level continuous monitoring includes correlation and analysis of information generated by control assessments and monitoring;,Examine; Interview,Monitoring dashboard; KRI reports. Population: 6 monthly metric packages. Sample: 3 months (random),EV-CA-7,Satisfied,Metrics produced and reviewed monthly,,
CA-7,CA-07f.,system-level continuous monitoring includes response actions to address the results of the analysis of control assessment and monitoring information;,Examine; Interview,Monitoring dashboard; KRI reports. Population: 6 monthly metric packages. Sample: 3 months (random),EV-CA-7,Satisfied,Metrics produced and reviewed monthly,,
CA-7,CA-07g.[01],system-level continuous monitoring includes reporting the security status of the system to [organization-defined value] [organization-defined value];,Examine; Interview,Monitoring dashboard; KRI reports. Population: 6 monthly metric packages. Sample: 3 months (random),EV-CA-7,Satisfied,Metrics produced and reviewed monthly,,
CA-7,CA-07g.[02],system-level continuous monitoring includes reporting the privacy status of the system to [organization-defined value] [organization-defined value].,Examine; Interview,Monitoring dashboard; KRI reports. Population: 6 monthly metric packages. Sample: 3 months (random),EV-CA-7,Satisfied,Metrics produced and reviewed monthly,,
CM-2,CM-02a.[01],a current baseline configuration of the system is developed and documented;,Examine; Test,Baselines; drift reports. Population: 12 EPSP servers. Sample: 100%,EV-CM-2,Satisfied,Servers matched baselines,,
CM-2,CM-02a.[02],a current baseline configuration of the system is maintained under configuration control;,Examine; Test,Baselines; drift reports. Population: 12 EPSP servers. Sample: 100%,EV-CM-2,Satisfied,Servers matched baselines,,
CM-2,CM-02b.01,the baseline configuration of the system is reviewed and updated [organization-defined value];,Examine; Test,Baselines; drift reports. Population: 12 EPSP servers. Sample: 100%,EV-CM-2,Satisfied,Servers matched baselines,,
CM-2,CM-02b.02,the baseline configuration of the system is reviewed and updated when required due to [organization-defined value];,Examine; Test,Baselines; drift reports. Population: 12 EPSP servers. Sample: 100%,EV-CM-2,Satisfied,Servers matched baselines,,
CM-2,CM-02b.03,the baseline configuration of the system is reviewed and updated when system components are installed or upgraded.,Examine; Test,Baselines; drift reports. Population: 12 EPSP servers. Sample: 100%,EV-CM-2,Satisfied,Servers matched baselines,,
CM-3,CM-03a.,the types of changes to the system that are configuration-controlled are determined and documented;,Examine; Interview; Test,Change tickets; CAB minutes; ERP change documents. Population: 212 EPSP changes (2026-01-01 to 2026-06-30). Sample: 40 changes (random),EV-CM-3,Satisfied,Change types defined; CAB convenes weekly; records retained,,
CM-3,CM-03b.[01],proposed configuration-controlled changes to the system are reviewed;,Examine; Interview; Test,Change tickets; CAB minutes; ERP change documents. Population: 212 EPSP changes (2026-01-01 to 2026-06-30). Sample: 40 changes (random),EV-CM-3,Satisfied,Change types defined; CAB convenes weekly; records retained,,
CM-3,CM-03b.[02],proposed configuration-controlled changes to the system are approved or disapproved with explicit consideration for security and privacy impact analyses;,Examine; Interview; Test,Change tickets; CAB minutes; ERP change documents. Population: 212 EPSP changes (2026-01-01 to 2026-06-30). Sample: 40 changes (random),EV-CM-3,Other than satisfied,5 of 40 sampled master data and APS scheduling rule changes lacked independent approval,High,POAM-003
CM-3,CM-03c.,configuration change decisions associated with the system are documented;,Examine; Interview; Test,Change tickets; CAB minutes; ERP change documents. Population: 212 EPSP changes (2026-01-01 to 2026-06-30). Sample: 40 changes (random),EV-CM-3,Other than satisfied,Decisions for the same 5 changes were not documented,High,POAM-003
CM-3,CM-03d.,approved configuration-controlled changes to the system are implemented;,Examine; Interview; Test,Change tickets; CAB minutes; ERP change documents. Population: 212 EPSP changes (2026-01-01 to 2026-06-30). Sample: 40 changes (random),EV-CM-3,Satisfied,Change types defined; CAB convenes weekly; records retained,,
CM-3,CM-03e.,records of configuration-controlled changes to the system are retained for [organization-defined value];,Examine; Interview; Test,Change tickets; CAB minutes; ERP change documents. Population: 212 EPSP changes (2026-01-01 to 2026-06-30). Sample: 40 changes (random),EV-CM-3,Satisfied,Change types defined; CAB convenes weekly; records retained,,
CM-3,CM-03f.[01],activities associated with configuration-controlled changes to the system are monitored;,Examine; Interview; Test,Change tickets; CAB minutes; ERP change documents. Population: 212 EPSP changes (2026-01-01 to 2026-06-30). Sample: 40 changes (random),EV-CM-3,Satisfied,Change types defined; CAB convenes weekly; records retained,,
CM-3,CM-03f.[02],activities associated with configuration-controlled changes to the system are reviewed;,Examine; Interview; Test,Change tickets; CAB minutes; ERP change documents. Population: 212 EPSP changes (2026-01-01 to 2026-06-30). Sample: 40 changes (random),EV-CM-3,Satisfied,Change types defined; CAB convenes weekly; records retained,,
CM-3,CM-03g.[01],configuration change control activities are coordinated and overseen by [organization-defined value];,Examine; Interview; Test,Change tickets; CAB minutes; ERP change documents. Population: 212 EPSP changes (2026-01-01 to 2026-06-30). Sample: 40 changes (random),EV-CM-3,Satisfied,Change types defined; CAB convenes weekly; records retained,,
CM-3,CM-03g.[02],the configuration control element convenes [organization-defined value].,Examine; Interview; Test,Change tickets; CAB minutes; ERP change documents. Population: 212 EPSP changes (2026-01-01 to 2026-06-30). Sample: 40 changes (random),EV-CM-3,Satisfied,Change types defined; CAB convenes weekly; records retained,,
CM-5,CM-05[01],physical access restrictions associated with changes to the system are defined and documented;,Examine; Test,PAM records; transport logs. Population: 212 changes. Sample: 10 changes traced to PAM sessions,EV-CM-5,Satisfied,Production changes made through PAM by authorized staff,,
CM-5,CM-05[02],physical access restrictions associated with changes to the system are approved;,Examine; Test,PAM records; transport logs. Population: 212 changes. Sample: 10 changes traced to PAM sessions,EV-CM-5,Satisfied,Production changes made through PAM by authorized staff,,
CM-5,CM-05[03],physical access restrictions associated with changes to the system are enforced;,Examine; Test,PAM records; transport logs. Population: 212 changes. Sample: 10 changes traced to PAM sessions,EV-CM-5,Satisfied,Production changes made through PAM by authorized staff,,
CM-5,CM-05[04],logical access restrictions associated with changes to the system are defined and documented;,Examine; Test,PAM records; transport logs. Population: 212 changes. Sample: 10 changes traced to PAM sessions,EV-CM-5,Satisfied,Production changes made through PAM by authorized staff,,
CM-5,CM-05[05],logical access restrictions associated with changes to the system are approved;,Examine; Test,PAM records; transport logs. Population: 212 changes. Sample: 10 changes traced to PAM sessions,EV-CM-5,Satisfied,Production changes made through PAM by authorized staff,,
CM-5,CM-05[06],logical access restrictions associated with changes to the system are enforced.,Examine; Test,PAM records; transport logs. Population: 212 changes. Sample: 10 changes traced to PAM sessions,EV-CM-5,Satisfied,Production changes made through PAM by authorized staff,,
CM-6,CM-06a.,configuration settings that reflect the most restrictive mode consistent with operational requirements are established and documented for components employed within the system using [organization-defined value];,Examine; Test,"Configuration compliance reports. Population: 12 servers and 1,100 kiosks. Sample: 12 servers (100%); 60 kiosks (random, P3 and P4)",EV-CM-6,Satisfied,Settings documented and monitored,,
CM-6,CM-06b.,the configuration settings documented in CM-06a are implemented;,Examine; Test,"Configuration compliance reports. Population: 12 servers and 1,100 kiosks. Sample: 12 servers (100%); 60 kiosks (random, P3 and P4)",EV-CM-6,Satisfied,Settings documented and monitored,,
CM-6,CM-06c.[01],any deviations from established configuration settings for [organization-defined value] are identified and documented based on [organization-defined value];,Examine; Test,"Configuration compliance reports. Population: 12 servers and 1,100 kiosks. Sample: 12 servers (100%); 60 kiosks (random, P3 and P4)",EV-CM-6,Satisfied,Settings documented and monitored,,
CM-6,CM-06c.[02],any deviations from established configuration settings for [organization-defined value] are approved;,Examine; Test,"Configuration compliance reports. Population: 12 servers and 1,100 kiosks. Sample: 12 servers (100%); 60 kiosks (random, P3 and P4)",EV-CM-6,Other than satisfied,37 P3 kiosks on an unsupported operating system deviate from the baseline with no approved deviation record,Moderate,POAM-009
CM-6,CM-06d.[01],changes to the configuration settings are monitored in accordance with organizational policies and procedures;,Examine; Test,"Configuration compliance reports. Population: 12 servers and 1,100 kiosks. Sample: 12 servers (100%); 60 kiosks (random, P3 and P4)",EV-CM-6,Satisfied,Settings documented and monitored,,
CM-6,CM-06d.[02],changes to the configuration settings are controlled in accordance with organizational policies and procedures.,Examine; Test,"Configuration compliance reports. Population: 12 servers and 1,100 kiosks. Sample: 12 servers (100%); 60 kiosks (random, P3 and P4)",EV-CM-6,Satisfied,Settings documented and monitored,,
CM-8,CM-08a.01,an inventory of system components that accurately reflects the system is developed and documented;,Examine; Test,"CMDB; floor walk. Population: About 1,100 kiosks and scanners at P1 to P6. Sample: 60 physical devices traced to the CMDB (random, P3 and P4)",EV-CM-8,Other than satisfied,9 of 60 sampled kiosks and scanners not in the CMDB or recorded at the wrong location,Moderate,POAM-010
CM-8,CM-08a.02,an inventory of system components that includes all components within the system is developed and documented;,Examine; Test,"CMDB; floor walk. Population: About 1,100 kiosks and scanners at P1 to P6. Sample: 60 physical devices traced to the CMDB (random, P3 and P4)",EV-CM-8,Other than satisfied,Same 9 devices missing from the inventory,Moderate,POAM-010
CM-8,CM-08a.03,an inventory of system components that does not include duplicate accounting of components or components assigned to any other system is developed and documented;,Examine; Test,"CMDB; floor walk. Population: About 1,100 kiosks and scanners at P1 to P6. Sample: 60 physical devices traced to the CMDB (random, P3 and P4)",EV-CM-8,Satisfied,Granularity and review cycle defined,,
CM-8,CM-08a.04,an inventory of system components that is at the level of granularity deemed necessary for tracking and reporting is developed and documented;,Examine; Test,"CMDB; floor walk. Population: About 1,100 kiosks and scanners at P1 to P6. Sample: 60 physical devices traced to the CMDB (random, P3 and P4)",EV-CM-8,Satisfied,Granularity and review cycle defined,,
CM-8,CM-08a.05,an inventory of system components that includes [organization-defined value] is developed and documented;,Examine; Test,"CMDB; floor walk. Population: About 1,100 kiosks and scanners at P1 to P6. Sample: 60 physical devices traced to the CMDB (random, P3 and P4)",EV-CM-8,Satisfied,Granularity and review cycle defined,,
CM-8,CM-08b.,the system component inventory is reviewed and updated [organization-defined value].,Examine; Test,"CMDB; floor walk. Population: About 1,100 kiosks and scanners at P1 to P6. Sample: 60 physical devices traced to the CMDB (random, P3 and P4)",EV-CM-8,Satisfied,Granularity and review cycle defined,,
CP-2,CP-02a.01,a contingency plan for the system is developed that identifies essential mission and business functions and associated contingency requirements;,Examine; Interview,EPSP contingency plan v5. Population: n/a (plan). Sample: Plan v5 examined; 4 interviews,EV-CP-2,Satisfied,"Plan covers objectives, roles, priorities, and restoration",,
CP-2,CP-02a.02[01],a contingency plan for the system is developed that provides recovery objectives;,Examine; Interview,EPSP contingency plan v5. Population: n/a (plan). Sample: Plan v5 examined; 4 interviews,EV-CP-2,Satisfied,"Plan covers objectives, roles, priorities, and restoration",,
CP-2,CP-02a.02[02],a contingency plan for the system is developed that provides restoration priorities;,Examine; Interview,EPSP contingency plan v5. Population: n/a (plan). Sample: Plan v5 examined; 4 interviews,EV-CP-2,Satisfied,"Plan covers objectives, roles, priorities, and restoration",,
CP-2,CP-02a.02[03],a contingency plan for the system is developed that provides metrics;,Examine; Interview,EPSP contingency plan v5. Population: n/a (plan). Sample: Plan v5 examined; 4 interviews,EV-CP-2,Satisfied,"Plan covers objectives, roles, priorities, and restoration",,
CP-2,CP-02a.03[01],a contingency plan for the system is developed that addresses contingency roles;,Examine; Interview,EPSP contingency plan v5. Population: n/a (plan). Sample: Plan v5 examined; 4 interviews,EV-CP-2,Satisfied,"Plan covers objectives, roles, priorities, and restoration",,
CP-2,CP-02a.03[02],a contingency plan for the system is developed that addresses contingency responsibilities;,Examine; Interview,EPSP contingency plan v5. Population: n/a (plan). Sample: Plan v5 examined; 4 interviews,EV-CP-2,Satisfied,"Plan covers objectives, roles, priorities, and restoration",,
CP-2,CP-02a.03[03],a contingency plan for the system is developed that addresses assigned individuals with contact information;,Examine; Interview,EPSP contingency plan v5. Population: n/a (plan). Sample: Plan v5 examined; 4 interviews,EV-CP-2,Satisfied,"Plan covers objectives, roles, priorities, and restoration",,
CP-2,CP-02a.04,"a contingency plan for the system is developed that addresses maintaining essential mission and business functions despite a system disruption, compromise, or failure;",Examine; Interview,EPSP contingency plan v5. Population: n/a (plan). Sample: Plan v5 examined; 4 interviews,EV-CP-2,Other than satisfied,Plan does not describe how plants keep scheduling during an outage (manual APS fallback) or the STRS registry dependency,Moderate,POAM-024
CP-2,CP-02a.05,"a contingency plan for the system is developed that addresses eventual, full-system restoration without deterioration of the controls originally planned and implemented;",Examine; Interview,EPSP contingency plan v5. Population: n/a (plan). Sample: Plan v5 examined; 4 interviews,EV-CP-2,Satisfied,"Plan covers objectives, roles, priorities, and restoration",,
CP-2,CP-02a.06,a contingency plan for the system is developed that addresses the sharing of contingency information;,Examine; Interview,EPSP contingency plan v5. Population: n/a (plan). Sample: Plan v5 examined; 4 interviews,EV-CP-2,Satisfied,"Plan covers objectives, roles, priorities, and restoration",,
CP-2,CP-02a.07[01],a contingency plan for the system is developed that is reviewed by [organization-defined value];,Examine; Interview,EPSP contingency plan v5. Population: n/a (plan). Sample: Plan v5 examined; 4 interviews,EV-CP-2,Satisfied,"Plan covers objectives, roles, priorities, and restoration",,
CP-2,CP-02a.07[02],a contingency plan for the system is developed that is approved by [organization-defined value];,Examine; Interview,EPSP contingency plan v5. Population: n/a (plan). Sample: Plan v5 examined; 4 interviews,EV-CP-2,Satisfied,"Plan covers objectives, roles, priorities, and restoration",,
CP-2,CP-02b.[01],copies of the contingency plan are distributed to [organization-defined value];,Examine; Interview,EPSP contingency plan v5. Population: n/a (plan). Sample: Plan v5 examined; 4 interviews,EV-CP-2,Satisfied,"Plan covers objectives, roles, priorities, and restoration",,
CP-2,CP-02b.[02],copies of the contingency plan are distributed to [organization-defined value];,Examine; Interview,EPSP contingency plan v5. Population: n/a (plan). Sample: Plan v5 examined; 4 interviews,EV-CP-2,Satisfied,"Plan covers objectives, roles, priorities, and restoration",,
CP-2,CP-02c.,contingency planning activities are coordinated with incident handling activities;,Examine; Interview,EPSP contingency plan v5. Population: n/a (plan). Sample: Plan v5 examined; 4 interviews,EV-CP-2,Satisfied,"Plan covers objectives, roles, priorities, and restoration",,
CP-2,CP-02d.,the contingency plan for the system is reviewed [organization-defined value];,Examine; Interview,EPSP contingency plan v5. Population: n/a (plan). Sample: Plan v5 examined; 4 interviews,EV-CP-2,Satisfied,"Plan covers objectives, roles, priorities, and restoration",,
CP-2,CP-02e.[01],"the contingency plan is updated to address changes to the organization, system, or environment of operation;",Examine; Interview,EPSP contingency plan v5. Population: n/a (plan). Sample: Plan v5 examined; 4 interviews,EV-CP-2,Satisfied,"Plan covers objectives, roles, priorities, and restoration",,
CP-2,CP-02e.[02],"the contingency plan is updated to address problems encountered during contingency plan implementation, execution, or testing;",Examine; Interview,EPSP contingency plan v5. Population: n/a (plan). Sample: Plan v5 examined; 4 interviews,EV-CP-2,Satisfied,"Plan covers objectives, roles, priorities, and restoration",,
CP-2,CP-02f.[01],contingency plan changes are communicated to [organization-defined value];,Examine; Interview,EPSP contingency plan v5. Population: n/a (plan). Sample: Plan v5 examined; 4 interviews,EV-CP-2,Satisfied,"Plan covers objectives, roles, priorities, and restoration",,
CP-2,CP-02f.[02],contingency plan changes are communicated to [organization-defined value];,Examine; Interview,EPSP contingency plan v5. Population: n/a (plan). Sample: Plan v5 examined; 4 interviews,EV-CP-2,Satisfied,"Plan covers objectives, roles, priorities, and restoration",,
CP-2,CP-02g.[01],lessons learned from contingency plan testing or actual contingency activities are incorporated into contingency testing;,Examine; Interview,EPSP contingency plan v5. Population: n/a (plan). Sample: Plan v5 examined; 4 interviews,EV-CP-2,Satisfied,"Plan covers objectives, roles, priorities, and restoration",,
CP-2,CP-02g.[02],lessons learned from contingency plan training or actual contingency activities are incorporated into contingency testing and training;,Examine; Interview,EPSP contingency plan v5. Population: n/a (plan). Sample: Plan v5 examined; 4 interviews,EV-CP-2,Satisfied,"Plan covers objectives, roles, priorities, and restoration",,
CP-2,CP-02h.[01],the contingency plan is protected from unauthorized disclosure;,Examine; Interview,EPSP contingency plan v5. Population: n/a (plan). Sample: Plan v5 examined; 4 interviews,EV-CP-2,Satisfied,"Plan covers objectives, roles, priorities, and restoration",,
CP-2,CP-02h.[02],the contingency plan is protected from unauthorized modification.,Examine; Interview,EPSP contingency plan v5. Population: n/a (plan). Sample: Plan v5 examined; 4 interviews,EV-CP-2,Satisfied,"Plan covers objectives, roles, priorities, and restoration",,
CP-4,CP-04a.[01],the contingency plan for the system is tested [organization-defined value];,Examine; Interview,DR test report; MES restore records. Population: 1 annual DR test; 6 MES instances. Sample: 100%,EV-CP-4,Other than satisfied,"MES restores tested at only 2 of 6 plants (P1, P5) in the last 12 months",Moderate,POAM-007
CP-4,CP-04a.[02],[organization-defined value] are used to determine the effectiveness of the plan;,Examine; Interview,DR test report; MES restore records. Population: 1 annual DR test; 6 MES instances. Sample: 100%,EV-CP-4,Satisfied,Results reviewed and corrective actions opened,,
CP-4,CP-04a.[03],[organization-defined value] are used to determine the readiness to execute the plan;,Examine; Interview,DR test report; MES restore records. Population: 1 annual DR test; 6 MES instances. Sample: 100%,EV-CP-4,Satisfied,Results reviewed and corrective actions opened,,
CP-4,CP-04b.,the contingency plan test results are reviewed;,Examine; Interview,DR test report; MES restore records. Population: 1 annual DR test; 6 MES instances. Sample: 100%,EV-CP-4,Satisfied,Results reviewed and corrective actions opened,,
CP-4,CP-04c.,"corrective actions are initiated, if needed.",Examine; Interview,DR test report; MES restore records. Population: 1 annual DR test; 6 MES instances. Sample: 100%,EV-CP-4,Satisfied,Results reviewed and corrective actions opened,,
CP-9,CP-09a.,backups of user-level information contained in [organization-defined value] are conducted [organization-defined value];,Examine; Test,Backup reports; restore observation. Population: 181 daily ERP backup jobs; 6 MES backup sets. Sample: 25 ERP jobs (random); 6 MES sets (100%); 1 restore observed,EV-CP-9,Satisfied,"ERP backups complete, encrypted, and immutable",,
CP-9,CP-09b.,backups of system-level information contained in the system are conducted [organization-defined value];,Examine; Test,Backup reports; restore observation. Population: 181 daily ERP backup jobs; 6 MES backup sets. Sample: 25 ERP jobs (random); 6 MES sets (100%); 1 restore observed,EV-CP-9,Other than satisfied,P3 MES backup job excluded the configuration database,Moderate,POAM-007
CP-9,CP-09c.,"backups of system documentation, including security- and privacy-related documentation are conducted [organization-defined value];",Examine; Test,Backup reports; restore observation. Population: 181 daily ERP backup jobs; 6 MES backup sets. Sample: 25 ERP jobs (random); 6 MES sets (100%); 1 restore observed,EV-CP-9,Satisfied,"ERP backups complete, encrypted, and immutable",,
CP-9,CP-09d.[01],the confidentiality of backup information is protected;,Examine; Test,Backup reports; restore observation. Population: 181 daily ERP backup jobs; 6 MES backup sets. Sample: 25 ERP jobs (random); 6 MES sets (100%); 1 restore observed,EV-CP-9,Satisfied,"ERP backups complete, encrypted, and immutable",,
CP-9,CP-09d.[02],the integrity of backup information is protected;,Examine; Test,Backup reports; restore observation. Population: 181 daily ERP backup jobs; 6 MES backup sets. Sample: 25 ERP jobs (random); 6 MES sets (100%); 1 restore observed,EV-CP-9,Satisfied,"ERP backups complete, encrypted, and immutable",,
CP-9,CP-09d.[03],the availability of backup information is protected.,Examine; Test,Backup reports; restore observation. Population: 181 daily ERP backup jobs; 6 MES backup sets. Sample: 25 ERP jobs (random); 6 MES sets (100%); 1 restore observed,EV-CP-9,Satisfied,"ERP backups complete, encrypted, and immutable",,
CP-10,CP-10[01],"the recovery of the system to a known state is provided within [organization-defined value] after a disruption, compromise, or failure;",Examine; Interview,DR test report 2026-05-16. Population: 1 DR test. Sample: 100%,EV-CP-10,Other than satisfied,Recovery took 11 hours against the 8-hour RTO,High,POAM-006
CP-10,CP-10[02],"a reconstitution of the system to a known state is provided within [organization-defined value] after a disruption, compromise, or failure.",Examine; Interview,DR test report 2026-05-16. Population: 1 DR test. Sample: 100%,EV-CP-10,Satisfied,Reconstitution to a known state demonstrated,,
IA-2,IA-02[01],organizational users are uniquely identified and authenticated;,Examine; Test,"SSO logs. Population: 5,600 ERP users. Sample: 25 sign-ins (random)",EV-IA-2,Satisfied,Unique identities used,,
IA-2,IA-02[02],the unique identification of authenticated organizational users is associated with processes acting on behalf of those users.,Examine; Test,"SSO logs. Population: 5,600 ERP users. Sample: 25 sign-ins (random)",EV-IA-2,Satisfied,Unique identities used,,
IA-2(1),IA-02(01),multi-factor authentication is implemented for access to privileged accounts.,Examine; Test,Conditional access; FIDO2 registration. Population: 64 privileged EPSP accounts. Sample: 100%,EV-IA-2(1),Satisfied,All privileged accounts use FIDO2,,
IA-5,IA-05a.,"system authenticators are managed through the verification of the identity of the individual, group, role, service, or device receiving the authenticator as part of the initial authenticator distribution;",Examine; Test,"PAM vault; credential tests. Population: About 90 OT devices with web interfaces in zones adjacent to the MES at P2, P4, and AQ-01. Sample: 100% (tested with OEM approval in maintenance windows)",EV-IA-5,Satisfied,Authenticator management procedures in place,,
IA-5,IA-05b.,system authenticators are managed through the establishment of initial authenticator content for any authenticators issued by the organization;,Examine; Test,"PAM vault; credential tests. Population: About 90 OT devices with web interfaces in zones adjacent to the MES at P2, P4, and AQ-01. Sample: 100% (tested with OEM approval in maintenance windows)",EV-IA-5,Satisfied,Authenticator management procedures in place,,
IA-5,IA-05c.,system authenticators are managed to ensure that authenticators have sufficient strength of mechanism for their intended use;,Examine; Test,"PAM vault; credential tests. Population: About 90 OT devices with web interfaces in zones adjacent to the MES at P2, P4, and AQ-01. Sample: 100% (tested with OEM approval in maintenance windows)",EV-IA-5,Satisfied,Authenticator management procedures in place,,
IA-5,IA-05d.,"system authenticators are managed through the establishment and implementation of administrative procedures for initial authenticator distribution; lost, compromised, or damaged authenticators; and the revocation of authenticators;",Examine; Test,"PAM vault; credential tests. Population: About 90 OT devices with web interfaces in zones adjacent to the MES at P2, P4, and AQ-01. Sample: 100% (tested with OEM approval in maintenance windows)",EV-IA-5,Satisfied,Authenticator management procedures in place,,
IA-5,IA-05e.,system authenticators are managed through the change of default authenticators prior to first use;,Examine; Test,"PAM vault; credential tests. Population: About 90 OT devices with web interfaces in zones adjacent to the MES at P2, P4, and AQ-01. Sample: 100% (tested with OEM approval in maintenance windows)",EV-IA-5,Other than satisfied,"OEM default passwords accepted on the web configuration interface of 5 drying oven HMIs (3 at P4, 2 at AQ-01); reported to the CISO within 24 hours",High,POAM-012
IA-5,IA-05f.,system authenticators are managed through the change or refreshment of authenticators [organization-defined value] or when [organization-defined value] occur;,Examine; Test,"PAM vault; credential tests. Population: About 90 OT devices with web interfaces in zones adjacent to the MES at P2, P4, and AQ-01. Sample: 100% (tested with OEM approval in maintenance windows)",EV-IA-5,Satisfied,Authenticator management procedures in place,,
IA-5,IA-05g.,system authenticators are managed through the protection of authenticator content from unauthorized disclosure and modification;,Examine; Test,"PAM vault; credential tests. Population: About 90 OT devices with web interfaces in zones adjacent to the MES at P2, P4, and AQ-01. Sample: 100% (tested with OEM approval in maintenance windows)",EV-IA-5,Satisfied,Authenticator management procedures in place,,
IA-5,IA-05h.[01],system authenticators are managed through the requirement for individuals to take specific controls to protect authenticators;,Examine; Test,"PAM vault; credential tests. Population: About 90 OT devices with web interfaces in zones adjacent to the MES at P2, P4, and AQ-01. Sample: 100% (tested with OEM approval in maintenance windows)",EV-IA-5,Satisfied,Authenticator management procedures in place,,
IA-5,IA-05h.[02],system authenticators are managed through the requirement for devices to implement specific controls to protect authenticators;,Examine; Test,"PAM vault; credential tests. Population: About 90 OT devices with web interfaces in zones adjacent to the MES at P2, P4, and AQ-01. Sample: 100% (tested with OEM approval in maintenance windows)",EV-IA-5,Satisfied,Authenticator management procedures in place,,
IA-5,IA-05i.,system authenticators are managed through the change of authenticators for group or role accounts when membership to those accounts changes.,Examine; Test,"PAM vault; credential tests. Population: About 90 OT devices with web interfaces in zones adjacent to the MES at P2, P4, and AQ-01. Sample: 100% (tested with OEM approval in maintenance windows)",EV-IA-5,Satisfied,Authenticator management procedures in place,,
IA-8,IA-08,non-organizational users or processes acting on behalf of non-organizational users are uniquely identified and authenticated.,Examine; Test,Portal MFA report. Population: 420 supplier portal accounts. Sample: 100% (data analytic),EV-IA-8,Other than satisfied,MFA not enforced for 38 supplier accounts (9%),Moderate,POAM-002
IR-4,IR-04a.[01],an incident handling capability for incidents is implemented that is consistent with the incident response plan;,Examine; Interview,Case records. Population: 248 security incidents (11 at AQ-01). Sample: 25 incidents (random) plus all 11 AQ-01 incidents,EV-IR-4,Satisfied,Incidents handled per the playbooks,,
IR-4,IR-04a.[02],the incident handling capability for incidents includes preparation;,Examine; Interview,Case records. Population: 248 security incidents (11 at AQ-01). Sample: 25 incidents (random) plus all 11 AQ-01 incidents,EV-IR-4,Satisfied,Incidents handled per the playbooks,,
IR-4,IR-04a.[03],the incident handling capability for incidents includes detection and analysis;,Examine; Interview,Case records. Population: 248 security incidents (11 at AQ-01). Sample: 25 incidents (random) plus all 11 AQ-01 incidents,EV-IR-4,Satisfied,Incidents handled per the playbooks,,
IR-4,IR-04a.[04],the incident handling capability for incidents includes containment;,Examine; Interview,Case records. Population: 248 security incidents (11 at AQ-01). Sample: 25 incidents (random) plus all 11 AQ-01 incidents,EV-IR-4,Satisfied,Incidents handled per the playbooks,,
IR-4,IR-04a.[05],the incident handling capability for incidents includes eradication;,Examine; Interview,Case records. Population: 248 security incidents (11 at AQ-01). Sample: 25 incidents (random) plus all 11 AQ-01 incidents,EV-IR-4,Satisfied,Incidents handled per the playbooks,,
IR-4,IR-04a.[06],the incident handling capability for incidents includes recovery;,Examine; Interview,Case records. Population: 248 security incidents (11 at AQ-01). Sample: 25 incidents (random) plus all 11 AQ-01 incidents,EV-IR-4,Satisfied,Incidents handled per the playbooks,,
IR-4,IR-04b.,incident handling activities are coordinated with contingency planning activities;,Examine; Interview,Case records. Population: 248 security incidents (11 at AQ-01). Sample: 25 incidents (random) plus all 11 AQ-01 incidents,EV-IR-4,Satisfied,Incidents handled per the playbooks,,
IR-4,IR-04c.[01],"lessons learned from ongoing incident handling activities are incorporated into incident response procedures, training, and testing;",Examine; Interview,Case records. Population: 248 security incidents (11 at AQ-01). Sample: 25 incidents (random) plus all 11 AQ-01 incidents,EV-IR-4,Satisfied,Incidents handled per the playbooks,,
IR-4,IR-04c.[02],the changes resulting from the incorporated lessons learned are implemented accordingly;,Examine; Interview,Case records. Population: 248 security incidents (11 at AQ-01). Sample: 25 incidents (random) plus all 11 AQ-01 incidents,EV-IR-4,Satisfied,Incidents handled per the playbooks,,
IR-4,IR-04d.[01],the rigor of incident handling activities is comparable and predictable across the organization;,Examine; Interview,Case records. Population: 248 security incidents (11 at AQ-01). Sample: 25 incidents (random) plus all 11 AQ-01 incidents,EV-IR-4,Satisfied,Incidents handled per the playbooks,,
IR-4,IR-04d.[02],the intensity of incident handling activities is comparable and predictable across the organization;,Examine; Interview,Case records. Population: 248 security incidents (11 at AQ-01). Sample: 25 incidents (random) plus all 11 AQ-01 incidents,EV-IR-4,Satisfied,Incidents handled per the playbooks,,
IR-4,IR-04d.[03],the scope of incident handling activities is comparable and predictable across the organization;,Examine; Interview,Case records. Population: 248 security incidents (11 at AQ-01). Sample: 25 incidents (random) plus all 11 AQ-01 incidents,EV-IR-4,Satisfied,Incidents handled per the playbooks,,
IR-4,IR-04d.[04],the results of incident handling activities are comparable and predictable across the organization.,Examine; Interview,Case records. Population: 248 security incidents (11 at AQ-01). Sample: 25 incidents (random) plus all 11 AQ-01 incidents,EV-IR-4,Satisfied,Incidents handled per the playbooks,,
IR-6,IR-06a.,personnel is/are required to report suspected incidents to the organizational incident response capability within [organization-defined value];,Examine; Interview,Notice log; obligations register. Population: 41 access-revocation notices; 248 incidents; 20 staff. Sample: 41 notices (100%); 25 incidents; 20 staff interviews,EV-IR-6,Satisfied,Staff know to report within 1 hour,,
IR-6,IR-06b.,incident information is reported to [organization-defined value].,Examine; Interview,Notice log; obligations register. Population: 41 access-revocation notices; 248 incidents; 20 staff. Sample: 41 notices (100%); 25 incidents; 20 staff interviews,EV-IR-6,Other than satisfied,3 of 41 access-revocation notices sent after 1 business day; runbook uses a single 48-hour clock although 27 addenda require 24 hours,High,POAM-016
IR-8,IR-08a.01,an incident response plan is developed that provides the organization with a roadmap for implementing its incident response capability;,Examine; Interview,"IR plan; materiality procedure; committee minutes. Population: n/a (plan). Sample: Plan and materiality procedure examined; interviews with General Counsel, CFO, CISO, COO",EV-IR-8,Satisfied,"Plan structure, roles, and distribution adequate",,
IR-8,IR-08a.02,an incident response plan is developed that describes the structure and organization of the incident response capability;,Examine; Interview,"IR plan; materiality procedure; committee minutes. Population: n/a (plan). Sample: Plan and materiality procedure examined; interviews with General Counsel, CFO, CISO, COO",EV-IR-8,Satisfied,"Plan structure, roles, and distribution adequate",,
IR-8,IR-08a.03,an incident response plan is developed that provides a high-level approach for how the incident response capability fits into the overall organization;,Examine; Interview,"IR plan; materiality procedure; committee minutes. Population: n/a (plan). Sample: Plan and materiality procedure examined; interviews with General Counsel, CFO, CISO, COO",EV-IR-8,Satisfied,"Plan structure, roles, and distribution adequate",,
IR-8,IR-08a.04,"an incident response plan is developed that meets the unique requirements of the organization with regard to mission, size, structure, and functions;",Examine; Interview,"IR plan; materiality procedure; committee minutes. Population: n/a (plan). Sample: Plan and materiality procedure examined; interviews with General Counsel, CFO, CISO, COO",EV-IR-8,Other than satisfied,"Materiality procedure has no method for production loss, deferred revenue, and liquidated damages, and no OT scenario",High,POAM-011
IR-8,IR-08a.05,an incident response plan is developed that defines reportable incidents;,Examine; Interview,"IR plan; materiality procedure; committee minutes. Population: n/a (plan). Sample: Plan and materiality procedure examined; interviews with General Counsel, CFO, CISO, COO",EV-IR-8,Satisfied,"Plan structure, roles, and distribution adequate",,
IR-8,IR-08a.06,an incident response plan is developed that provides metrics for measuring the incident response capability within the organization;,Examine; Interview,"IR plan; materiality procedure; committee minutes. Population: n/a (plan). Sample: Plan and materiality procedure examined; interviews with General Counsel, CFO, CISO, COO",EV-IR-8,Satisfied,"Plan structure, roles, and distribution adequate",,
IR-8,IR-08a.07,an incident response plan is developed that defines the resources and management support needed to effectively maintain and mature an incident response capability;,Examine; Interview,"IR plan; materiality procedure; committee minutes. Population: n/a (plan). Sample: Plan and materiality procedure examined; interviews with General Counsel, CFO, CISO, COO",EV-IR-8,Satisfied,"Plan structure, roles, and distribution adequate",,
IR-8,IR-08a.08,an incident response plan is developed that addresses the sharing of incident information;,Examine; Interview,"IR plan; materiality procedure; committee minutes. Population: n/a (plan). Sample: Plan and materiality procedure examined; interviews with General Counsel, CFO, CISO, COO",EV-IR-8,Satisfied,"Plan structure, roles, and distribution adequate",,
IR-8,IR-08a.09,an incident response plan is developed that is reviewed and approved by [organization-defined value] [organization-defined value];,Examine; Interview,"IR plan; materiality procedure; committee minutes. Population: n/a (plan). Sample: Plan and materiality procedure examined; interviews with General Counsel, CFO, CISO, COO",EV-IR-8,Satisfied,"Plan structure, roles, and distribution adequate",,
IR-8,IR-08a.10,an incident response plan is developed that explicitly designates responsibility for incident response to [organization-defined value].,Examine; Interview,"IR plan; materiality procedure; committee minutes. Population: n/a (plan). Sample: Plan and materiality procedure examined; interviews with General Counsel, CFO, CISO, COO",EV-IR-8,Satisfied,"Plan structure, roles, and distribution adequate",,
IR-8,IR-08b.[01],copies of the incident response plan are distributed to [organization-defined value];,Examine; Interview,"IR plan; materiality procedure; committee minutes. Population: n/a (plan). Sample: Plan and materiality procedure examined; interviews with General Counsel, CFO, CISO, COO",EV-IR-8,Satisfied,"Plan structure, roles, and distribution adequate",,
IR-8,IR-08b.[02],copies of the incident response plan are distributed to [organization-defined value];,Examine; Interview,"IR plan; materiality procedure; committee minutes. Population: n/a (plan). Sample: Plan and materiality procedure examined; interviews with General Counsel, CFO, CISO, COO",EV-IR-8,Satisfied,"Plan structure, roles, and distribution adequate",,
IR-8,IR-08c.,"the incident response plan is updated to address system and organizational changes or problems encountered during plan implementation, execution, or testing;",Examine; Interview,"IR plan; materiality procedure; committee minutes. Population: n/a (plan). Sample: Plan and materiality procedure examined; interviews with General Counsel, CFO, CISO, COO",EV-IR-8,Other than satisfied,Plan not updated after the AQ-01 acquisition or the 2026 committee changes,High,POAM-011
IR-8,IR-08d.[01],incident response plan changes are communicated to [organization-defined value];,Examine; Interview,"IR plan; materiality procedure; committee minutes. Population: n/a (plan). Sample: Plan and materiality procedure examined; interviews with General Counsel, CFO, CISO, COO",EV-IR-8,Satisfied,"Plan structure, roles, and distribution adequate",,
IR-8,IR-08d.[02],incident response plan changes are communicated to [organization-defined value];,Examine; Interview,"IR plan; materiality procedure; committee minutes. Population: n/a (plan). Sample: Plan and materiality procedure examined; interviews with General Counsel, CFO, CISO, COO",EV-IR-8,Satisfied,"Plan structure, roles, and distribution adequate",,
IR-8,IR-08e.[01],the incident response plan is protected from unauthorized disclosure;,Examine; Interview,"IR plan; materiality procedure; committee minutes. Population: n/a (plan). Sample: Plan and materiality procedure examined; interviews with General Counsel, CFO, CISO, COO",EV-IR-8,Satisfied,"Plan structure, roles, and distribution adequate",,
IR-8,IR-08e.[02],the incident response plan is protected from unauthorized modification.,Examine; Interview,"IR plan; materiality procedure; committee minutes. Population: n/a (plan). Sample: Plan and materiality procedure examined; interviews with General Counsel, CFO, CISO, COO",EV-IR-8,Satisfied,"Plan structure, roles, and distribution adequate",,
MA-4,MA-04a.[01],nonlocal maintenance and diagnostic activities are approved;,Examine; Test,Gateway logs; workstation scan. Population: OEM sessions to MES zones (P1 to P6). Sample: 25 gateway sessions (random); workstation scan,EV-MA-4,Other than satisfied,Sessions through the P4 OEM tool were not approved,High,POAM-008
MA-4,MA-04a.[02],nonlocal maintenance and diagnostic activities are monitored;,Examine; Test,Gateway logs; workstation scan. Population: OEM sessions to MES zones (P1 to P6). Sample: 25 gateway sessions (random); workstation scan,EV-MA-4,Satisfied,"Gateway sessions approved, MFA-protected, recorded, and closed",,
MA-4,MA-04b.[01],the use of nonlocal maintenance and diagnostic tools are allowed only as consistent with organizational policy;,Examine; Test,Gateway logs; workstation scan. Population: OEM sessions to MES zones (P1 to P6). Sample: 25 gateway sessions (random); workstation scan,EV-MA-4,Other than satisfied,The P4 OEM tool is not allowed by policy,High,POAM-008
MA-4,MA-04b.[02],the use of nonlocal maintenance and diagnostic tools are documented in the security plan for the system;,Examine; Test,Gateway logs; workstation scan. Population: OEM sessions to MES zones (P1 to P6). Sample: 25 gateway sessions (random); workstation scan,EV-MA-4,Satisfied,"Gateway sessions approved, MFA-protected, recorded, and closed",,
MA-4,MA-04c.,strong authentication is employed in the establishment of nonlocal maintenance and diagnostic sessions;,Examine; Test,Gateway logs; workstation scan. Population: OEM sessions to MES zones (P1 to P6). Sample: 25 gateway sessions (random); workstation scan,EV-MA-4,Satisfied,"Gateway sessions approved, MFA-protected, recorded, and closed",,
MA-4,MA-04d.,records for nonlocal maintenance and diagnostic activities are maintained;,Examine; Test,Gateway logs; workstation scan. Population: OEM sessions to MES zones (P1 to P6). Sample: 25 gateway sessions (random); workstation scan,EV-MA-4,Other than satisfied,No records for sessions through the P4 OEM tool,High,POAM-008
MA-4,MA-04e.[01],session connections are terminated when nonlocal maintenance is completed;,Examine; Test,Gateway logs; workstation scan. Population: OEM sessions to MES zones (P1 to P6). Sample: 25 gateway sessions (random); workstation scan,EV-MA-4,Satisfied,"Gateway sessions approved, MFA-protected, recorded, and closed",,
MA-4,MA-04e.[02],network connections are terminated when nonlocal maintenance is completed.,Examine; Test,Gateway logs; workstation scan. Population: OEM sessions to MES zones (P1 to P6). Sample: 25 gateway sessions (random); workstation scan,EV-MA-4,Satisfied,"Gateway sessions approved, MFA-protected, recorded, and closed",,
PS-4,PS-04a.,"upon termination of individual employment, system access is disabled within [organization-defined value];",Examine; Interview,"HR records; identity governance. Population: 1,960 terminations. Sample: 60 (same sample as AC-2)",EV-PS-4,Other than satisfied,2 AQ-01 terminations disabled 4 and 7 days late,High,POAM-001
PS-4,PS-04b.,"upon termination of individual employment, any authenticators and credentials are terminated or revoked;",Examine; Interview,"HR records; identity governance. Population: 1,960 terminations. Sample: 60 (same sample as AC-2)",EV-PS-4,Satisfied,Credentials revoked and property retrieved,,
PS-4,PS-04c.,"upon termination of individual employment, exit interviews that include a discussion of [organization-defined value] are conducted;",Examine; Interview,"HR records; identity governance. Population: 1,960 terminations. Sample: 60 (same sample as AC-2)",EV-PS-4,Satisfied,Credentials revoked and property retrieved,,
PS-4,PS-04d.,"upon termination of individual employment, all security-related organizational system-related property is retrieved;",Examine; Interview,"HR records; identity governance. Population: 1,960 terminations. Sample: 60 (same sample as AC-2)",EV-PS-4,Satisfied,Credentials revoked and property retrieved,,
PS-4,PS-04e.,"upon termination of individual employment, access to organizational information and systems formerly controlled by the terminated individual are retained.",Examine; Interview,"HR records; identity governance. Population: 1,960 terminations. Sample: 60 (same sample as AC-2)",EV-PS-4,Satisfied,Credentials revoked and property retrieved,,
RA-3,RA-03a.01,a risk assessment is conducted to identify threats to and vulnerabilities in the system;,Examine,P01. Population: n/a. Sample: 2026 analysis examined,EV-RA-3,Satisfied,Risk assessment complete and approved,,
RA-3,RA-03a.02,"a risk assessment is conducted to determine the likelihood and magnitude of harm from unauthorized access, use, disclosure, disruption, modification, or destruction of the system; the information it processes, stores, or transmits; and any related information;",Examine,P01. Population: n/a. Sample: 2026 analysis examined,EV-RA-3,Satisfied,Risk assessment complete and approved,,
RA-3,RA-03a.03,a risk assessment is conducted to determine the likelihood and impact of adverse effects on individuals arising from the processing of personally identifiable information;,Examine,P01. Population: n/a. Sample: 2026 analysis examined,EV-RA-3,Satisfied,Risk assessment complete and approved,,
RA-3,RA-03b.,risk assessment results and risk management decisions from the organization and mission or business process perspectives are integrated with system-level risk assessments;,Examine,P01. Population: n/a. Sample: 2026 analysis examined,EV-RA-3,Satisfied,Risk assessment complete and approved,,
RA-3,RA-03c.,risk assessment results are documented in [organization-defined value];,Examine,P01. Population: n/a. Sample: 2026 analysis examined,EV-RA-3,Satisfied,Risk assessment complete and approved,,
RA-3,RA-03d.,risk assessment results are reviewed [organization-defined value];,Examine,P01. Population: n/a. Sample: 2026 analysis examined,EV-RA-3,Satisfied,Risk assessment complete and approved,,
RA-3,RA-03e.,risk assessment results are disseminated to [organization-defined value];,Examine,P01. Population: n/a. Sample: 2026 analysis examined,EV-RA-3,Satisfied,Risk assessment complete and approved,,
RA-3,RA-03f.,"the risk assessment is updated [organization-defined value] or when there are significant changes to the system, its environment of operation, or other conditions that may impact the security or privacy state of the system.",Examine,P01. Population: n/a. Sample: 2026 analysis examined,EV-RA-3,Satisfied,Risk assessment complete and approved,,
RA-5,RA-05a.[01],systems and hosted applications are monitored for vulnerabilities [organization-defined value] and when new vulnerabilities potentially affecting the system are identified and reported;,Examine; Test,"Advisory log; scan reports. Population: 214 applicable ICS advisories; 3,880 IT findings on EPSP components. Sample: 60 advisories (random); 60 IT findings (random)",EV-RA-5,Satisfied,Scanning frequency and tools adequate,,
RA-5,RA-05a.[02],systems and hosted applications are scanned for vulnerabilities [organization-defined value] and when new vulnerabilities potentially affecting the system are identified and reported;,Examine; Test,"Advisory log; scan reports. Population: 214 applicable ICS advisories; 3,880 IT findings on EPSP components. Sample: 60 advisories (random); 60 IT findings (random)",EV-RA-5,Satisfied,Scanning frequency and tools adequate,,
RA-5,RA-05b.01,"vulnerability monitoring tools and techniques are employed to automate parts of the vulnerability management process by using standards for enumerating platforms, software flaws, and improper configurations;",Examine; Test,"Advisory log; scan reports. Population: 214 applicable ICS advisories; 3,880 IT findings on EPSP components. Sample: 60 advisories (random); 60 IT findings (random)",EV-RA-5,Satisfied,Scanning frequency and tools adequate,,
RA-5,RA-05b.02,vulnerability monitoring tools and techniques are employed to facilitate interoperability among tools and to automate parts of the vulnerability management process by using standards for formatting checklists and test procedures;,Examine; Test,"Advisory log; scan reports. Population: 214 applicable ICS advisories; 3,880 IT findings on EPSP components. Sample: 60 advisories (random); 60 IT findings (random)",EV-RA-5,Satisfied,Scanning frequency and tools adequate,,
RA-5,RA-05b.03,vulnerability monitoring tools and techniques are employed to facilitate interoperability among tools and to automate parts of the vulnerability management process by using standards for measuring vulnerability impact;,Examine; Test,"Advisory log; scan reports. Population: 214 applicable ICS advisories; 3,880 IT findings on EPSP components. Sample: 60 advisories (random); 60 IT findings (random)",EV-RA-5,Satisfied,Scanning frequency and tools adequate,,
RA-5,RA-05c.,vulnerability scan reports and results from vulnerability monitoring are analyzed;,Examine; Test,"Advisory log; scan reports. Population: 214 applicable ICS advisories; 3,880 IT findings on EPSP components. Sample: 60 advisories (random); 60 IT findings (random)",EV-RA-5,Other than satisfied,19 of 60 sampled applicable ICS advisories not analyzed within 30 days,Moderate,POAM-013
RA-5,RA-05d.,legitimate vulnerabilities are remediated [organization-defined value] in accordance with an organizational assessment of risk;,Examine; Test,"Advisory log; scan reports. Population: 214 applicable ICS advisories; 3,880 IT findings on EPSP components. Sample: 60 advisories (random); 60 IT findings (random)",EV-RA-5,Other than satisfied,Remediation for the same advisories not scheduled,Moderate,POAM-013
RA-5,RA-05e.,information obtained from the vulnerability monitoring process and control assessments is shared with [organization-defined value] to help eliminate similar vulnerabilities in other systems;,Examine; Test,"Advisory log; scan reports. Population: 214 applicable ICS advisories; 3,880 IT findings on EPSP components. Sample: 60 advisories (random); 60 IT findings (random)",EV-RA-5,Satisfied,Scanning frequency and tools adequate,,
RA-5,RA-05f.,vulnerability monitoring tools that include the capability to readily update the vulnerabilities to be scanned are employed.,Examine; Test,"Advisory log; scan reports. Population: 214 applicable ICS advisories; 3,880 IT findings on EPSP components. Sample: 60 advisories (random); 60 IT findings (random)",EV-RA-5,Satisfied,Scanning frequency and tools adequate,,
SA-9,SA-09a.[01],providers of external system services comply with organizational security requirements;,Examine,Vendor register; SOC report reviews. Population: 12 external services supporting the EPSP. Sample: 100%,EV-SA-9,Satisfied,Security requirements in contracts,,
SA-9,SA-09a.[02],providers of external system services comply with organizational privacy requirements;,Examine,Vendor register; SOC report reviews. Population: 12 external services supporting the EPSP. Sample: 100%,EV-SA-9,Satisfied,Security requirements in contracts,,
SA-9,SA-09a.[03],providers of external system services employ [organization-defined value];,Examine,Vendor register; SOC report reviews. Population: 12 external services supporting the EPSP. Sample: 100%,EV-SA-9,Satisfied,Security requirements in contracts,,
SA-9,SA-09b.[01],organizational oversight with regard to external system services are defined and documented;,Examine,Vendor register; SOC report reviews. Population: 12 external services supporting the EPSP. Sample: 100%,EV-SA-9,Satisfied,Security requirements in contracts,,
SA-9,SA-09b.[02],user roles and responsibilities with regard to external system services are defined and documented;,Examine,Vendor register; SOC report reviews. Population: 12 external services supporting the EPSP. Sample: 100%,EV-SA-9,Satisfied,Security requirements in contracts,,
SA-9,SA-09c.,[organization-defined value] are employed to monitor control compliance by external service providers on an ongoing basis.,Examine,Vendor register; SOC report reviews. Population: 12 external services supporting the EPSP. Sample: 100%,EV-SA-9,Other than satisfied,2 of 12 services lacked a current assurance review (EDI provider report expired 2026-03; APS add-on vendor never reviewed),Moderate,POAM-014
SA-22,SA-22a.,"system components are replaced when support for the components is no longer available from the developer, vendor, or manufacturer;",Examine,Unsupported component list. Population: Unsupported component list. Sample: 100%,EV-SA-22,Other than satisfied,37 P3 MES kiosks on an unsupported operating system not replaced,Moderate,POAM-009
SA-22,SA-22b.,[organization-defined value] provide options for alternative sources for continued support for unsupported components.,Examine,Unsupported component list. Population: Unsupported component list. Sample: 100%,EV-SA-22,Satisfied,Extended support options documented,,
SC-7,SC-07a.[01],communications at external managed interfaces to the system are monitored;,Examine; Test,Firewall exports; reachability test. Population: n/a (architecture). Sample: Test from the AQ-01 office network,EV-SC-7,Satisfied,External interfaces monitored and controlled,,
SC-7,SC-07a.[02],communications at external managed interfaces to the system are controlled;,Examine; Test,Firewall exports; reachability test. Population: n/a (architecture). Sample: Test from the AQ-01 office network,EV-SC-7,Satisfied,External interfaces monitored and controlled,,
SC-7,SC-07a.[03],communications at key internal managed interfaces within the system are monitored;,Examine; Test,Firewall exports; reachability test. Population: n/a (architecture). Sample: Test from the AQ-01 office network,EV-SC-7,Satisfied,External interfaces monitored and controlled,,
SC-7,SC-07a.[04],communications at key internal managed interfaces within the system are controlled;,Examine; Test,Firewall exports; reachability test. Population: n/a (architecture). Sample: Test from the AQ-01 office network,EV-SC-7,Other than satisfied,"From the AQ-01 office network, the test reached the AQ-01 PLC network (dual-homed MES) and the corporate domain controllers (two-way trust)",High,POAM-004
SC-7,SC-07b.,subnetworks for publicly accessible system components are [organization-defined value] separated from internal organizational networks;,Examine; Test,Firewall exports; reachability test. Population: n/a (architecture). Sample: Test from the AQ-01 office network,EV-SC-7,Satisfied,External interfaces monitored and controlled,,
SC-7,SC-07c.,external networks or systems are only connected to through managed interfaces consisting of boundary protection devices arranged in accordance with an organizational security and privacy architecture.,Examine; Test,Firewall exports; reachability test. Population: n/a (architecture). Sample: Test from the AQ-01 office network,EV-SC-7,Other than satisfied,AQ-01 connects to enterprise directory services outside the managed boundary,High,POAM-004
SC-8,SC-08,the [organization-defined value] of transmitted information is/are protected.,Test,TLS scan. Population: All EPSP interfaces. Sample: 100% (TLS scan),EV-SC-8,Satisfied,All interfaces use TLS 1.2 or later,,
SC-28,SC-28,the [organization-defined value] of [organization-defined value] is/are protected.,Examine,Encryption settings. Population: n/a (configuration). Sample: Database and backup encryption inspected,EV-SC-28,Satisfied,Customer-managed keys in use,,
SI-2,SI-02a.[01],system flaws are identified;,Examine; Test,"Patch reports. Population: 1,240 critical patches. Sample: 60 (random)",EV-SI-2,Satisfied,"Flaws identified, tested, and tracked",,
SI-2,SI-02a.[02],system flaws are reported;,Examine; Test,"Patch reports. Population: 1,240 critical patches. Sample: 60 (random)",EV-SI-2,Satisfied,"Flaws identified, tested, and tracked",,
SI-2,SI-02a.[03],system flaws are corrected;,Examine; Test,"Patch reports. Population: 1,240 critical patches. Sample: 60 (random)",EV-SI-2,Satisfied,"Flaws identified, tested, and tracked",,
SI-2,SI-02b.[01],software updates related to flaw remediation are tested for effectiveness before installation;,Examine; Test,"Patch reports. Population: 1,240 critical patches. Sample: 60 (random)",EV-SI-2,Satisfied,"Flaws identified, tested, and tracked",,
SI-2,SI-02b.[02],software updates related to flaw remediation are tested for potential side effects before installation;,Examine; Test,"Patch reports. Population: 1,240 critical patches. Sample: 60 (random)",EV-SI-2,Satisfied,"Flaws identified, tested, and tracked",,
SI-2,SI-02b.[03],firmware updates related to flaw remediation are tested for effectiveness before installation;,Examine; Test,"Patch reports. Population: 1,240 critical patches. Sample: 60 (random)",EV-SI-2,Satisfied,"Flaws identified, tested, and tracked",,
SI-2,SI-02b.[04],firmware updates related to flaw remediation are tested for potential side effects before installation;,Examine; Test,"Patch reports. Population: 1,240 critical patches. Sample: 60 (random)",EV-SI-2,Satisfied,"Flaws identified, tested, and tracked",,
SI-2,SI-02c.[01],security-relevant software updates are installed within [organization-defined value] of the release of the updates;,Examine; Test,"Patch reports. Population: 1,240 critical patches. Sample: 60 (random)",EV-SI-2,Other than satisfied,3 of 60 sampled critical patches installed after the 30-day standard,Moderate,POAM-013
SI-2,SI-02c.[02],security-relevant firmware updates are installed within [organization-defined value] of the release of the updates;,Examine; Test,"Patch reports. Population: 1,240 critical patches. Sample: 60 (random)",EV-SI-2,Satisfied,"Flaws identified, tested, and tracked",,
SI-2,SI-02d.,flaw remediation is incorporated into the organizational configuration management process.,Examine; Test,"Patch reports. Population: 1,240 critical patches. Sample: 60 (random)",EV-SI-2,Satisfied,"Flaws identified, tested, and tracked",,
SI-3,SI-03a.[01],[organization-defined value] malicious code protection mechanisms are implemented at system entry and exit points to detect malicious code;,Examine; Test,"EDR console; allowlisting reports. Population: 12 servers and 1,100 kiosks. Sample: 12 servers; 25 kiosks (random)",EV-SI-3,Satisfied,Protection active and updating,,
SI-3,SI-03a.[02],[organization-defined value] malicious code protection mechanisms are implemented at system entry and exit points to eradicate malicious code;,Examine; Test,"EDR console; allowlisting reports. Population: 12 servers and 1,100 kiosks. Sample: 12 servers; 25 kiosks (random)",EV-SI-3,Satisfied,Protection active and updating,,
SI-3,SI-03b.,malicious code protection mechanisms are updated automatically as new releases are available in accordance with organizational configuration management policy and procedures;,Examine; Test,"EDR console; allowlisting reports. Population: 12 servers and 1,100 kiosks. Sample: 12 servers; 25 kiosks (random)",EV-SI-3,Satisfied,Protection active and updating,,
SI-3,SI-03c.01[01],malicious code protection mechanisms are configured to perform periodic scans of the system [organization-defined value];,Examine; Test,"EDR console; allowlisting reports. Population: 12 servers and 1,100 kiosks. Sample: 12 servers; 25 kiosks (random)",EV-SI-3,Satisfied,Protection active and updating,,
SI-3,SI-03c.01[02],"malicious code protection mechanisms are configured to perform real-time scans of files from external sources at [organization-defined value] as the files are downloaded, opened, or executed in accordance with organizational policy;",Examine; Test,"EDR console; allowlisting reports. Population: 12 servers and 1,100 kiosks. Sample: 12 servers; 25 kiosks (random)",EV-SI-3,Satisfied,Protection active and updating,,
SI-3,SI-03c.02[01],malicious code protection mechanisms are configured to [organization-defined value] in response to malicious code detection;,Examine; Test,"EDR console; allowlisting reports. Population: 12 servers and 1,100 kiosks. Sample: 12 servers; 25 kiosks (random)",EV-SI-3,Satisfied,Protection active and updating,,
SI-3,SI-03c.02[02],malicious code protection mechanisms are configured to send alerts to [organization-defined value] in response to malicious code detection;,Examine; Test,"EDR console; allowlisting reports. Population: 12 servers and 1,100 kiosks. Sample: 12 servers; 25 kiosks (random)",EV-SI-3,Satisfied,Protection active and updating,,
SI-3,SI-03d.,the receipt of false positives during malicious code detection and eradication and the resulting potential impact on the availability of the system are addressed.,Examine; Test,"EDR console; allowlisting reports. Population: 12 servers and 1,100 kiosks. Sample: 12 servers; 25 kiosks (random)",EV-SI-3,Satisfied,Protection active and updating,,
SI-4,SI-04a.01,the system is monitored to detect attacks and indicators of potential attacks in accordance with [organization-defined value];,Examine; Test,Sensor alerts; SOC tickets. Population: 7 plants. Sample: Rogue device test at P4 and AQ-01; after-hours alert test at P2,EV-SI-4,Satisfied,Detected events analyzed; monitoring adjusted for risk,,
SI-4,SI-04a.02[01],the system is monitored to detect unauthorized local connections;,Examine; Test,Sensor alerts; SOC tickets. Population: 7 plants. Sample: Rogue device test at P4 and AQ-01; after-hours alert test at P2,EV-SI-4,Satisfied,Detected events analyzed; monitoring adjusted for risk,,
SI-4,SI-04a.02[02],the system is monitored to detect unauthorized network connections;,Examine; Test,Sensor alerts; SOC tickets. Population: 7 plants. Sample: Rogue device test at P4 and AQ-01; after-hours alert test at P2,EV-SI-4,Satisfied,Detected events analyzed; monitoring adjusted for risk,,
SI-4,SI-04a.02[03],the system is monitored to detect unauthorized remote connections;,Examine; Test,Sensor alerts; SOC tickets. Population: 7 plants. Sample: Rogue device test at P4 and AQ-01; after-hours alert test at P2,EV-SI-4,Satisfied,Detected events analyzed; monitoring adjusted for risk,,
SI-4,SI-04b.,unauthorized use of the system is identified through [organization-defined value];,Examine; Test,Sensor alerts; SOC tickets. Population: 7 plants. Sample: Rogue device test at P4 and AQ-01; after-hours alert test at P2,EV-SI-4,Satisfied,Detected events analyzed; monitoring adjusted for risk,,
SI-4,SI-04c.01,internal monitoring capabilities are invoked or monitoring devices are deployed strategically within the system to collect organization-determined essential information;,Examine; Test,Sensor alerts; SOC tickets. Population: 7 plants. Sample: Rogue device test at P4 and AQ-01; after-hours alert test at P2,EV-SI-4,Other than satisfied,No monitoring at AQ-01; the rogue device test there was not detected,Moderate,POAM-015
SI-4,SI-04c.02,internal monitoring capabilities are invoked or monitoring devices are deployed at ad hoc locations within the system to track specific types of transactions of interest to the organization;,Examine; Test,Sensor alerts; SOC tickets. Population: 7 plants. Sample: Rogue device test at P4 and AQ-01; after-hours alert test at P2,EV-SI-4,Satisfied,Detected events analyzed; monitoring adjusted for risk,,
SI-4,SI-04d.[01],detected events are analyzed;,Examine; Test,Sensor alerts; SOC tickets. Population: 7 plants. Sample: Rogue device test at P4 and AQ-01; after-hours alert test at P2,EV-SI-4,Satisfied,Detected events analyzed; monitoring adjusted for risk,,
SI-4,SI-04d.[02],detected anomalies are analyzed;,Examine; Test,Sensor alerts; SOC tickets. Population: 7 plants. Sample: Rogue device test at P4 and AQ-01; after-hours alert test at P2,EV-SI-4,Satisfied,Detected events analyzed; monitoring adjusted for risk,,
SI-4,SI-04e.,"the level of system monitoring activity is adjusted when there is a change in risk to organizational operations and assets, individuals, other organizations, or the Nation;",Examine; Test,Sensor alerts; SOC tickets. Population: 7 plants. Sample: Rogue device test at P4 and AQ-01; after-hours alert test at P2,EV-SI-4,Satisfied,Detected events analyzed; monitoring adjusted for risk,,
SI-4,SI-04f.,a legal opinion regarding system monitoring activities is obtained;,Examine; Test,Sensor alerts; SOC tickets. Population: 7 plants. Sample: Rogue device test at P4 and AQ-01; after-hours alert test at P2,EV-SI-4,Satisfied,Detected events analyzed; monitoring adjusted for risk,,
SI-4,SI-04g.,[organization-defined value] is provided to [organization-defined value] [organization-defined value].,Examine; Test,Sensor alerts; SOC tickets. Population: 7 plants. Sample: Rogue device test at P4 and AQ-01; after-hours alert test at P2,EV-SI-4,Other than satisfied,After-hours OT alert at P2 reached the OT team the next morning (14 hours later),Moderate,POAM-005
SI-7,SI-07a.[01],integrity verification tools are employed to detect unauthorized changes to [organization-defined value];,Examine,Integrity monitoring reports. Population: n/a. Sample: Integrity monitoring records examined,EV-SI-7,Satisfied,Integrity checks run and alerts reviewed,,
SI-7,SI-07a.[02],integrity verification tools are employed to detect unauthorized changes to [organization-defined value];,Examine,Integrity monitoring reports. Population: n/a. Sample: Integrity monitoring records examined,EV-SI-7,Satisfied,Integrity checks run and alerts reviewed,,
SI-7,SI-07a.[03],integrity verification tools are employed to detect unauthorized changes to [organization-defined value];,Examine,Integrity monitoring reports. Population: n/a. Sample: Integrity monitoring records examined,EV-SI-7,Satisfied,Integrity checks run and alerts reviewed,,
SI-7,SI-07b.[01],"[organization-defined value] are taken when unauthorized changes to the software, are detected;",Examine,Integrity monitoring reports. Population: n/a. Sample: Integrity monitoring records examined,EV-SI-7,Satisfied,Integrity checks run and alerts reviewed,,
SI-7,SI-07b.[02],[organization-defined value] are taken when unauthorized changes to the firmware are detected;,Examine,Integrity monitoring reports. Population: n/a. Sample: Integrity monitoring records examined,EV-SI-7,Satisfied,Integrity checks run and alerts reviewed,,
SI-7,SI-07b.[03],[organization-defined value] are taken when unauthorized changes to the information are detected.,Examine,Integrity monitoring reports. Population: n/a. Sample: Integrity monitoring records examined,EV-SI-7,Satisfied,Integrity checks run and alerts reviewed,,
SR-6,SR-06,"the supply chain-related risks associated with suppliers or contractors and the systems, system components, or system services they provide are assessed and reviewed [organization-defined value].",Examine,Vendor register. Population: 46 Tier 1 and 312 Tier 2 suppliers. Sample: 46 Tier 1 (100%); 40 Tier 2 (random),EV-SR-6,Other than satisfied,15 of 40 sampled Tier 2 reviews overdue; the TMU contract manufacturer never assessed,Moderate,POAM-018
