control_id,objective_id,determination_statement_summary,method,assessment_object,evidence_ref,finding,finding_detail,risk_level,poam_id
AC-2,AC-02a.[01],account types allowed for use within the system are defined and documented;,Examine; Interview; Test,"Identity governance workflows; PMS user export; franchise portal approvals; HR termination records; PMS Tenant Administration Manager interview. Population: About 36,500 PMS tenant accounts; 2,210 account events on PPP components (2026-01-01 to 2026-06-30); 1,318 terminations of staff with PPP access (96 at the 9 resorts). Sample: 60 account events (random); 60 terminations (stratified: 50 company-operated hotels and offices, 10 resorts)",EV-AC-2,Satisfied,"Sampled events matched approved requests, role templates, and BS-TECH-02 franchise approvals",,
AC-2,AC-02a.[02],account types specifically prohibited for use within the system are defined and documented;,Examine; Interview; Test,"Identity governance workflows; PMS user export; franchise portal approvals; HR termination records; PMS Tenant Administration Manager interview. Population: About 36,500 PMS tenant accounts; 2,210 account events on PPP components (2026-01-01 to 2026-06-30); 1,318 terminations of staff with PPP access (96 at the 9 resorts). Sample: 60 account events (random); 60 terminations (stratified: 50 company-operated hotels and offices, 10 resorts)",EV-AC-2,Satisfied,"Sampled events matched approved requests, role templates, and BS-TECH-02 franchise approvals",,
AC-2,AC-02b.,account managers are assigned;,Examine; Interview; Test,"Identity governance workflows; PMS user export; franchise portal approvals; HR termination records; PMS Tenant Administration Manager interview. Population: About 36,500 PMS tenant accounts; 2,210 account events on PPP components (2026-01-01 to 2026-06-30); 1,318 terminations of staff with PPP access (96 at the 9 resorts). Sample: 60 account events (random); 60 terminations (stratified: 50 company-operated hotels and offices, 10 resorts)",EV-AC-2,Satisfied,"Sampled events matched approved requests, role templates, and BS-TECH-02 franchise approvals",,
AC-2,AC-02c.,[organization-defined value] for group and role membership are required;,Examine; Interview; Test,"Identity governance workflows; PMS user export; franchise portal approvals; HR termination records; PMS Tenant Administration Manager interview. Population: About 36,500 PMS tenant accounts; 2,210 account events on PPP components (2026-01-01 to 2026-06-30); 1,318 terminations of staff with PPP access (96 at the 9 resorts). Sample: 60 account events (random); 60 terminations (stratified: 50 company-operated hotels and offices, 10 resorts)",EV-AC-2,Satisfied,"Sampled events matched approved requests, role templates, and BS-TECH-02 franchise approvals",,
AC-2,AC-02d.01,authorized users of the system are specified;,Examine; Interview; Test,"Identity governance workflows; PMS user export; franchise portal approvals; HR termination records; PMS Tenant Administration Manager interview. Population: About 36,500 PMS tenant accounts; 2,210 account events on PPP components (2026-01-01 to 2026-06-30); 1,318 terminations of staff with PPP access (96 at the 9 resorts). Sample: 60 account events (random); 60 terminations (stratified: 50 company-operated hotels and offices, 10 resorts)",EV-AC-2,Satisfied,"Sampled events matched approved requests, role templates, and BS-TECH-02 franchise approvals",,
AC-2,AC-02d.02,group and role membership are specified;,Examine; Interview; Test,"Identity governance workflows; PMS user export; franchise portal approvals; HR termination records; PMS Tenant Administration Manager interview. Population: About 36,500 PMS tenant accounts; 2,210 account events on PPP components (2026-01-01 to 2026-06-30); 1,318 terminations of staff with PPP access (96 at the 9 resorts). Sample: 60 account events (random); 60 terminations (stratified: 50 company-operated hotels and offices, 10 resorts)",EV-AC-2,Satisfied,"Sampled events matched approved requests, role templates, and BS-TECH-02 franchise approvals",,
AC-2,AC-02d.03[01],"access authorizations (i.e., privileges) are specified for each account;",Examine; Interview; Test,"Identity governance workflows; PMS user export; franchise portal approvals; HR termination records; PMS Tenant Administration Manager interview. Population: About 36,500 PMS tenant accounts; 2,210 account events on PPP components (2026-01-01 to 2026-06-30); 1,318 terminations of staff with PPP access (96 at the 9 resorts). Sample: 60 account events (random); 60 terminations (stratified: 50 company-operated hotels and offices, 10 resorts)",EV-AC-2,Satisfied,"Sampled events matched approved requests, role templates, and BS-TECH-02 franchise approvals",,
AC-2,AC-02d.03[02],[organization-defined value] are specified for each account;,Examine; Interview; Test,"Identity governance workflows; PMS user export; franchise portal approvals; HR termination records; PMS Tenant Administration Manager interview. Population: About 36,500 PMS tenant accounts; 2,210 account events on PPP components (2026-01-01 to 2026-06-30); 1,318 terminations of staff with PPP access (96 at the 9 resorts). Sample: 60 account events (random); 60 terminations (stratified: 50 company-operated hotels and offices, 10 resorts)",EV-AC-2,Satisfied,"Sampled events matched approved requests, role templates, and BS-TECH-02 franchise approvals",,
AC-2,AC-02e.,approvals are required by [organization-defined value] for requests to create accounts;,Examine; Interview; Test,"Identity governance workflows; PMS user export; franchise portal approvals; HR termination records; PMS Tenant Administration Manager interview. Population: About 36,500 PMS tenant accounts; 2,210 account events on PPP components (2026-01-01 to 2026-06-30); 1,318 terminations of staff with PPP access (96 at the 9 resorts). Sample: 60 account events (random); 60 terminations (stratified: 50 company-operated hotels and offices, 10 resorts)",EV-AC-2,Satisfied,"Sampled events matched approved requests, role templates, and BS-TECH-02 franchise approvals",,
AC-2,AC-02f.[01],accounts are created in accordance with [organization-defined value];,Examine; Interview; Test,"Identity governance workflows; PMS user export; franchise portal approvals; HR termination records; PMS Tenant Administration Manager interview. Population: About 36,500 PMS tenant accounts; 2,210 account events on PPP components (2026-01-01 to 2026-06-30); 1,318 terminations of staff with PPP access (96 at the 9 resorts). Sample: 60 account events (random); 60 terminations (stratified: 50 company-operated hotels and offices, 10 resorts)",EV-AC-2,Satisfied,"Sampled events matched approved requests, role templates, and BS-TECH-02 franchise approvals",,
AC-2,AC-02f.[02],accounts are enabled in accordance with [organization-defined value];,Examine; Interview; Test,"Identity governance workflows; PMS user export; franchise portal approvals; HR termination records; PMS Tenant Administration Manager interview. Population: About 36,500 PMS tenant accounts; 2,210 account events on PPP components (2026-01-01 to 2026-06-30); 1,318 terminations of staff with PPP access (96 at the 9 resorts). Sample: 60 account events (random); 60 terminations (stratified: 50 company-operated hotels and offices, 10 resorts)",EV-AC-2,Satisfied,"Sampled events matched approved requests, role templates, and BS-TECH-02 franchise approvals",,
AC-2,AC-02f.[03],accounts are modified in accordance with [organization-defined value];,Examine; Interview; Test,"Identity governance workflows; PMS user export; franchise portal approvals; HR termination records; PMS Tenant Administration Manager interview. Population: About 36,500 PMS tenant accounts; 2,210 account events on PPP components (2026-01-01 to 2026-06-30); 1,318 terminations of staff with PPP access (96 at the 9 resorts). Sample: 60 account events (random); 60 terminations (stratified: 50 company-operated hotels and offices, 10 resorts)",EV-AC-2,Satisfied,"Sampled events matched approved requests, role templates, and BS-TECH-02 franchise approvals",,
AC-2,AC-02f.[04],accounts are disabled in accordance with [organization-defined value];,Examine; Interview; Test,"Identity governance workflows; PMS user export; franchise portal approvals; HR termination records; PMS Tenant Administration Manager interview. Population: About 36,500 PMS tenant accounts; 2,210 account events on PPP components (2026-01-01 to 2026-06-30); 1,318 terminations of staff with PPP access (96 at the 9 resorts). Sample: 60 account events (random); 60 terminations (stratified: 50 company-operated hotels and offices, 10 resorts)",EV-AC-2,Other than satisfied,"1,912 franchisee accounts inactive more than 90 days were still enabled; the franchise portal had no disable rule until 2026-08",Moderate,POAM-008
AC-2,AC-02f.[05],accounts are removed in accordance with [organization-defined value];,Examine; Interview; Test,"Identity governance workflows; PMS user export; franchise portal approvals; HR termination records; PMS Tenant Administration Manager interview. Population: About 36,500 PMS tenant accounts; 2,210 account events on PPP components (2026-01-01 to 2026-06-30); 1,318 terminations of staff with PPP access (96 at the 9 resorts). Sample: 60 account events (random); 60 terminations (stratified: 50 company-operated hotels and offices, 10 resorts)",EV-AC-2,Satisfied,"Sampled events matched approved requests, role templates, and BS-TECH-02 franchise approvals",,
AC-2,AC-02g.,the use of accounts is monitored;,Examine; Interview; Test,"Identity governance workflows; PMS user export; franchise portal approvals; HR termination records; PMS Tenant Administration Manager interview. Population: About 36,500 PMS tenant accounts; 2,210 account events on PPP components (2026-01-01 to 2026-06-30); 1,318 terminations of staff with PPP access (96 at the 9 resorts). Sample: 60 account events (random); 60 terminations (stratified: 50 company-operated hotels and offices, 10 resorts)",EV-AC-2,Satisfied,"Sampled events matched approved requests, role templates, and BS-TECH-02 franchise approvals",,
AC-2,AC-02h.01,account managers and [organization-defined value] are notified within [organization-defined value] when accounts are no longer required;,Examine; Interview; Test,"Identity governance workflows; PMS user export; franchise portal approvals; HR termination records; PMS Tenant Administration Manager interview. Population: About 36,500 PMS tenant accounts; 2,210 account events on PPP components (2026-01-01 to 2026-06-30); 1,318 terminations of staff with PPP access (96 at the 9 resorts). Sample: 60 account events (random); 60 terminations (stratified: 50 company-operated hotels and offices, 10 resorts)",EV-AC-2,Satisfied,"Sampled events matched approved requests, role templates, and BS-TECH-02 franchise approvals",,
AC-2,AC-02h.02,account managers and [organization-defined value] are notified within [organization-defined value] when users are terminated or transferred;,Examine; Interview; Test,"Identity governance workflows; PMS user export; franchise portal approvals; HR termination records; PMS Tenant Administration Manager interview. Population: About 36,500 PMS tenant accounts; 2,210 account events on PPP components (2026-01-01 to 2026-06-30); 1,318 terminations of staff with PPP access (96 at the 9 resorts). Sample: 60 account events (random); 60 terminations (stratified: 50 company-operated hotels and offices, 10 resorts)",EV-AC-2,Other than satisfied,Account managers at the 9 resorts learn of terminations only through manual tickets from the seller's HR system; no automated notice,High,POAM-003
AC-2,AC-02h.03,account managers and [organization-defined value] are notified within [organization-defined value] when system usage or the need to know changes for an individual;,Examine; Interview; Test,"Identity governance workflows; PMS user export; franchise portal approvals; HR termination records; PMS Tenant Administration Manager interview. Population: About 36,500 PMS tenant accounts; 2,210 account events on PPP components (2026-01-01 to 2026-06-30); 1,318 terminations of staff with PPP access (96 at the 9 resorts). Sample: 60 account events (random); 60 terminations (stratified: 50 company-operated hotels and offices, 10 resorts)",EV-AC-2,Satisfied,"Sampled events matched approved requests, role templates, and BS-TECH-02 franchise approvals",,
AC-2,AC-02i.01,access to the system is authorized based on a valid access authorization;,Examine; Interview; Test,"Identity governance workflows; PMS user export; franchise portal approvals; HR termination records; PMS Tenant Administration Manager interview. Population: About 36,500 PMS tenant accounts; 2,210 account events on PPP components (2026-01-01 to 2026-06-30); 1,318 terminations of staff with PPP access (96 at the 9 resorts). Sample: 60 account events (random); 60 terminations (stratified: 50 company-operated hotels and offices, 10 resorts)",EV-AC-2,Satisfied,"Sampled events matched approved requests, role templates, and BS-TECH-02 franchise approvals",,
AC-2,AC-02i.02,access to the system is authorized based on intended system usage;,Examine; Interview; Test,"Identity governance workflows; PMS user export; franchise portal approvals; HR termination records; PMS Tenant Administration Manager interview. Population: About 36,500 PMS tenant accounts; 2,210 account events on PPP components (2026-01-01 to 2026-06-30); 1,318 terminations of staff with PPP access (96 at the 9 resorts). Sample: 60 account events (random); 60 terminations (stratified: 50 company-operated hotels and offices, 10 resorts)",EV-AC-2,Satisfied,"Sampled events matched approved requests, role templates, and BS-TECH-02 franchise approvals",,
AC-2,AC-02i.03,access to the system is authorized based on [organization-defined value];,Examine; Interview; Test,"Identity governance workflows; PMS user export; franchise portal approvals; HR termination records; PMS Tenant Administration Manager interview. Population: About 36,500 PMS tenant accounts; 2,210 account events on PPP components (2026-01-01 to 2026-06-30); 1,318 terminations of staff with PPP access (96 at the 9 resorts). Sample: 60 account events (random); 60 terminations (stratified: 50 company-operated hotels and offices, 10 resorts)",EV-AC-2,Satisfied,"Sampled events matched approved requests, role templates, and BS-TECH-02 franchise approvals",,
AC-2,AC-02j.,accounts are reviewed for compliance with account management requirements [organization-defined value];,Examine; Interview; Test,"Identity governance workflows; PMS user export; franchise portal approvals; HR termination records; PMS Tenant Administration Manager interview. Population: About 36,500 PMS tenant accounts; 2,210 account events on PPP components (2026-01-01 to 2026-06-30); 1,318 terminations of staff with PPP access (96 at the 9 resorts). Sample: 60 account events (random); 60 terminations (stratified: 50 company-operated hotels and offices, 10 resorts)",EV-AC-2,Other than satisfied,Quarterly franchisee user attestations not completed at 38 of 741 hotels for 2026 Q2,Moderate,POAM-008
AC-2,AC-02k.[01],a process is established for changing shared or group account authenticators (if deployed) when individuals are removed from the group;,Examine; Interview; Test,"Identity governance workflows; PMS user export; franchise portal approvals; HR termination records; PMS Tenant Administration Manager interview. Population: About 36,500 PMS tenant accounts; 2,210 account events on PPP components (2026-01-01 to 2026-06-30); 1,318 terminations of staff with PPP access (96 at the 9 resorts). Sample: 60 account events (random); 60 terminations (stratified: 50 company-operated hotels and offices, 10 resorts)",EV-AC-2,Satisfied,"Sampled events matched approved requests, role templates, and BS-TECH-02 franchise approvals",,
AC-2,AC-02k.[02],a process is implemented for changing shared or group account authenticators (if deployed) when individuals are removed from the group;,Examine; Interview; Test,"Identity governance workflows; PMS user export; franchise portal approvals; HR termination records; PMS Tenant Administration Manager interview. Population: About 36,500 PMS tenant accounts; 2,210 account events on PPP components (2026-01-01 to 2026-06-30); 1,318 terminations of staff with PPP access (96 at the 9 resorts). Sample: 60 account events (random); 60 terminations (stratified: 50 company-operated hotels and offices, 10 resorts)",EV-AC-2,Satisfied,"Sampled events matched approved requests, role templates, and BS-TECH-02 franchise approvals",,
AC-2,AC-02l.[01],account management processes are aligned with personnel termination processes;,Examine; Interview; Test,"Identity governance workflows; PMS user export; franchise portal approvals; HR termination records; PMS Tenant Administration Manager interview. Population: About 36,500 PMS tenant accounts; 2,210 account events on PPP components (2026-01-01 to 2026-06-30); 1,318 terminations of staff with PPP access (96 at the 9 resorts). Sample: 60 account events (random); 60 terminations (stratified: 50 company-operated hotels and offices, 10 resorts)",EV-AC-2,Other than satisfied,3 of 60 sampled terminations (all at resorts) were disabled 2 to 9 days late because the seller's directory is not federated,High,POAM-003
AC-2,AC-02l.[02],account management processes are aligned with personnel transfer processes.,Examine; Interview; Test,"Identity governance workflows; PMS user export; franchise portal approvals; HR termination records; PMS Tenant Administration Manager interview. Population: About 36,500 PMS tenant accounts; 2,210 account events on PPP components (2026-01-01 to 2026-06-30); 1,318 terminations of staff with PPP access (96 at the 9 resorts). Sample: 60 account events (random); 60 terminations (stratified: 50 company-operated hotels and offices, 10 resorts)",EV-AC-2,Satisfied,"Sampled events matched approved requests, role templates, and BS-TECH-02 franchise approvals",,
AC-2(3),AC-02(03)(a),accounts are disabled within [organization-defined value] when the accounts have expired;,Examine; Test,"Identity governance inactivity rules; franchise portal account export; last sign-in data. Population: About 36,500 PMS tenant accounts (about 8,900 company-operated hotel staff, 26,400 franchisee staff, 1,200 corporate and support) and 46 vault administrator accounts. Sample: 100% (data analytic)",EV-AC-2(3),Satisfied,"Workforce rules disable expired, orphaned, and policy-violating accounts; analytic found none enabled",,
AC-2(3),AC-02(03)(b),accounts are disabled within [organization-defined value] when the accounts are no longer associated with a user or individual;,Examine; Test,"Identity governance inactivity rules; franchise portal account export; last sign-in data. Population: About 36,500 PMS tenant accounts (about 8,900 company-operated hotel staff, 26,400 franchisee staff, 1,200 corporate and support) and 46 vault administrator accounts. Sample: 100% (data analytic)",EV-AC-2(3),Satisfied,"Workforce rules disable expired, orphaned, and policy-violating accounts; analytic found none enabled",,
AC-2(3),AC-02(03)(c),accounts are disabled within [organization-defined value] when the accounts are in violation of organizational policy;,Examine; Test,"Identity governance inactivity rules; franchise portal account export; last sign-in data. Population: About 36,500 PMS tenant accounts (about 8,900 company-operated hotel staff, 26,400 franchisee staff, 1,200 corporate and support) and 46 vault administrator accounts. Sample: 100% (data analytic)",EV-AC-2(3),Satisfied,"Workforce rules disable expired, orphaned, and policy-violating accounts; analytic found none enabled",,
AC-2(3),AC-02(03)(d),accounts are disabled within [organization-defined value] when the accounts have been inactive for [organization-defined value].,Examine; Test,"Identity governance inactivity rules; franchise portal account export; last sign-in data. Population: About 36,500 PMS tenant accounts (about 8,900 company-operated hotel staff, 26,400 franchisee staff, 1,200 corporate and support) and 46 vault administrator accounts. Sample: 100% (data analytic)",EV-AC-2(3),Other than satisfied,"1,912 franchisee accounts inactive more than 90 days were enabled; workforce accounts were compliant",Moderate,POAM-008
AC-3,AC-03,approved authorizations for logical access to information and system resources are enforced in accordance with applicable access control policies.,Examine; Test,"PMS role matrix; tokenization service authorization policy; test results. Population: About 36,500 PMS tenant accounts; 6 service accounts allowed to detokenize. Sample: 25 PMS users (random) tested for access outside their hotel; detokenization attempted from 3 unapproved service identities",EV-AC-3,Satisfied,No sampled user reached another hotel's data; unapproved detokenization requests were denied and alerted,,
AC-6,AC-06,"the principle of least privilege is employed, allowing only authorized accesses for users (or processes acting on behalf of users) that are necessary to accomplish assigned organizational tasks.",Examine; Test,"PMS permission report; PAM session records; role design. Population: About 36,500 PMS accounts; 1,640 PAM elevation sessions to the vault (2026-01-01 to 2026-06-30). Sample: 100% of PMS permissions (analytic); 25 PAM sessions (random)",EV-AC-6,Other than satisfied,"PAM sessions were approved and time-limited, but the PMS full card display permission is held by 1,340 users against a role design that needs about 420",Moderate,POAM-007
AC-17,AC-17a.[01],usage restrictions are established and documented for each type of remote access allowed;,Examine; Interview; Test,"STD-02.3; remote access inventory; hotel firewall rules; Vice President, Hotel Technology interview. Population: 14 property-system vendors; 3 remote access paths (zero-trust gateway, PAM vendor gateway, hotel firewall rules). Sample: 100%",EV-AC-17,Satisfied,"STD-02.3 documents usage restrictions, connection requirements, and guidance for each remote access type",,
AC-17,AC-17a.[02],configuration/connection requirements are established and documented for each type of remote access allowed;,Examine; Interview; Test,"STD-02.3; remote access inventory; hotel firewall rules; Vice President, Hotel Technology interview. Population: 14 property-system vendors; 3 remote access paths (zero-trust gateway, PAM vendor gateway, hotel firewall rules). Sample: 100%",EV-AC-17,Satisfied,"STD-02.3 documents usage restrictions, connection requirements, and guidance for each remote access type",,
AC-17,AC-17a.[03],implementation guidance is established and documented for each type of remote access allowed;,Examine; Interview; Test,"STD-02.3; remote access inventory; hotel firewall rules; Vice President, Hotel Technology interview. Population: 14 property-system vendors; 3 remote access paths (zero-trust gateway, PAM vendor gateway, hotel firewall rules). Sample: 100%",EV-AC-17,Satisfied,"STD-02.3 documents usage restrictions, connection requirements, and guidance for each remote access type",,
AC-17,AC-17b.,each type of remote access to the system is authorized prior to allowing such connections.,Examine; Interview; Test,"STD-02.3; remote access inventory; hotel firewall rules; Vice President, Hotel Technology interview. Population: 14 property-system vendors; 3 remote access paths (zero-trust gateway, PAM vendor gateway, hotel firewall rules). Sample: 100%",EV-AC-17,Other than satisfied,"5 of 14 vendors (legacy POS, two door lock vendors, building management, IPTV) reach property systems at 37 hotels through vendor-managed remote tools with standing vendor accounts, not authorized per session through PAM. The EXC-2026-017 compensating control (tools disabled outside approved windows) was not operating at 11 of the 37 hotels",High,POAM-005
AT-2,AT-02a.01[01],"security literacy training is provided to system users (including managers, senior executives, and contractors) as part of initial training for new users;",Examine; Interview,"Learning system reports; training content; phishing results; 10 front office staff interviews. Population: 12,000 workforce (about 5,600 POS users). Sample: 60 training records (random); 6 months of phishing simulation results",EV-AT-2,Satisfied,Training completed at hire and annually (98.6%); content updated 2026-02 with lessons from industry card skimming incidents,,
AT-2,AT-02a.01[02],"privacy literacy training is provided to system users (including managers, senior executives, and contractors) as part of initial training for new users;",Examine; Interview,"Learning system reports; training content; phishing results; 10 front office staff interviews. Population: 12,000 workforce (about 5,600 POS users). Sample: 60 training records (random); 6 months of phishing simulation results",EV-AT-2,Satisfied,Training completed at hire and annually (98.6%); content updated 2026-02 with lessons from industry card skimming incidents,,
AT-2,AT-02a.01[03],"security literacy training is provided to system users (including managers, senior executives, and contractors) [organization-defined value] thereafter;",Examine; Interview,"Learning system reports; training content; phishing results; 10 front office staff interviews. Population: 12,000 workforce (about 5,600 POS users). Sample: 60 training records (random); 6 months of phishing simulation results",EV-AT-2,Satisfied,Training completed at hire and annually (98.6%); content updated 2026-02 with lessons from industry card skimming incidents,,
AT-2,AT-02a.01[04],"privacy literacy training is provided to system users (including managers, senior executives, and contractors) [organization-defined value] thereafter;",Examine; Interview,"Learning system reports; training content; phishing results; 10 front office staff interviews. Population: 12,000 workforce (about 5,600 POS users). Sample: 60 training records (random); 6 months of phishing simulation results",EV-AT-2,Satisfied,Training completed at hire and annually (98.6%); content updated 2026-02 with lessons from industry card skimming incidents,,
AT-2,AT-02a.02[01],"security literacy training is provided to system users (including managers, senior executives, and contractors) when required by system changes or following [organization-defined value];",Examine; Interview,"Learning system reports; training content; phishing results; 10 front office staff interviews. Population: 12,000 workforce (about 5,600 POS users). Sample: 60 training records (random); 6 months of phishing simulation results",EV-AT-2,Satisfied,Training completed at hire and annually (98.6%); content updated 2026-02 with lessons from industry card skimming incidents,,
AT-2,AT-02a.02[02],"privacy literacy training is provided to system users (including managers, senior executives, and contractors) when required by system changes or following [organization-defined value];",Examine; Interview,"Learning system reports; training content; phishing results; 10 front office staff interviews. Population: 12,000 workforce (about 5,600 POS users). Sample: 60 training records (random); 6 months of phishing simulation results",EV-AT-2,Satisfied,Training completed at hire and annually (98.6%); content updated 2026-02 with lessons from industry card skimming incidents,,
AT-2,AT-02b.,[organization-defined value] are employed to increase the security and privacy awareness of system users;,Examine; Interview,"Learning system reports; training content; phishing results; 10 front office staff interviews. Population: 12,000 workforce (about 5,600 POS users). Sample: 60 training records (random); 6 months of phishing simulation results",EV-AT-2,Satisfied,Training completed at hire and annually (98.6%); content updated 2026-02 with lessons from industry card skimming incidents,,
AT-2,AT-02c.[01],literacy training and awareness content is updated [organization-defined value];,Examine; Interview,"Learning system reports; training content; phishing results; 10 front office staff interviews. Population: 12,000 workforce (about 5,600 POS users). Sample: 60 training records (random); 6 months of phishing simulation results",EV-AT-2,Satisfied,Training completed at hire and annually (98.6%); content updated 2026-02 with lessons from industry card skimming incidents,,
AT-2,AT-02c.[02],literacy training and awareness content is updated following [organization-defined value];,Examine; Interview,"Learning system reports; training content; phishing results; 10 front office staff interviews. Population: 12,000 workforce (about 5,600 POS users). Sample: 60 training records (random); 6 months of phishing simulation results",EV-AT-2,Satisfied,Training completed at hire and annually (98.6%); content updated 2026-02 with lessons from industry card skimming incidents,,
AT-2,AT-02d.,lessons learned from internal or external security incidents or breaches are incorporated into literacy training and awareness techniques.,Examine; Interview,"Learning system reports; training content; phishing results; 10 front office staff interviews. Population: 12,000 workforce (about 5,600 POS users). Sample: 60 training records (random); 6 months of phishing simulation results",EV-AT-2,Satisfied,Training completed at hire and annually (98.6%); content updated 2026-02 with lessons from industry card skimming incidents,,
AU-2,AU-02a.,[organization-defined value] that the system is capable of logging are identified in support of the audit logging function;,Examine; Test,"Logging standard STD-01.4; SIEM parsing; test events. Population: n/a (configuration). Sample: 6 event types generated in test (vault access, administrator action, failed sign-in, log change, card display, detokenization)",EV-AU-2,Satisfied,All 6 test events were logged and parsed with the required fields; event list reviewed 2026-03,,
AU-2,AU-02b.,the event logging function is coordinated with other organizational entities requiring audit-related information to guide and inform the selection criteria for events to be logged;,Examine; Test,"Logging standard STD-01.4; SIEM parsing; test events. Population: n/a (configuration). Sample: 6 event types generated in test (vault access, administrator action, failed sign-in, log change, card display, detokenization)",EV-AU-2,Satisfied,All 6 test events were logged and parsed with the required fields; event list reviewed 2026-03,,
AU-2,AU-02c.[01],[organization-defined value] are specified for logging within the system;,Examine; Test,"Logging standard STD-01.4; SIEM parsing; test events. Population: n/a (configuration). Sample: 6 event types generated in test (vault access, administrator action, failed sign-in, log change, card display, detokenization)",EV-AU-2,Satisfied,All 6 test events were logged and parsed with the required fields; event list reviewed 2026-03,,
AU-2,AU-02c.[02],the specified event types are logged within the system [organization-defined value];,Examine; Test,"Logging standard STD-01.4; SIEM parsing; test events. Population: n/a (configuration). Sample: 6 event types generated in test (vault access, administrator action, failed sign-in, log change, card display, detokenization)",EV-AU-2,Satisfied,All 6 test events were logged and parsed with the required fields; event list reviewed 2026-03,,
AU-2,AU-02d.,a rationale is provided for why the event types selected for logging are deemed to be adequate to support after-the-fact investigations of incidents;,Examine; Test,"Logging standard STD-01.4; SIEM parsing; test events. Population: n/a (configuration). Sample: 6 event types generated in test (vault access, administrator action, failed sign-in, log change, card display, detokenization)",EV-AU-2,Satisfied,All 6 test events were logged and parsed with the required fields; event list reviewed 2026-03,,
AU-2,AU-02e.,the event types selected for logging are reviewed and updated [organization-defined value].,Examine; Test,"Logging standard STD-01.4; SIEM parsing; test events. Population: n/a (configuration). Sample: 6 event types generated in test (vault access, administrator action, failed sign-in, log change, card display, detokenization)",EV-AU-2,Satisfied,All 6 test events were logged and parsed with the required fields; event list reviewed 2026-03,,
AU-6,AU-06a.,system audit records are reviewed and analyzed [organization-defined value] for indications of [organization-defined value] and the potential impact of the inappropriate or unusual activity;,Examine; Interview; Test,SOC case records; log source inventory; hotel controller review sign-offs; Director of Security Operations interview. Population: 26 weeks of SOC review records; 312 PPP log sources; 26 weeks of local legacy POS report reviews at 41 hotels. Sample: 5 weeks of SOC records (random); 100% of log sources; 25 weeks of local reviews (random),EV-AU-6,Other than satisfied,50 of 312 log sources (41 legacy POS servers and the 9 resorts' seller systems) do not reach the SIEM; local weekly reviews were missed in 6 of 25 sampled weeks,Moderate,POAM-011
AU-6,AU-06b.,findings are reported to [organization-defined value];,Examine; Interview; Test,SOC case records; log source inventory; hotel controller review sign-offs; Director of Security Operations interview. Population: 26 weeks of SOC review records; 312 PPP log sources; 26 weeks of local legacy POS report reviews at 41 hotels. Sample: 5 weeks of SOC records (random); 100% of log sources; 25 weeks of local reviews (random),EV-AU-6,Satisfied,SOC findings are reported to the incident commander and the CISO; review intensity raised on threat intelligence (2026-04 skimming advisory),,
AU-6,AU-06c.,"the level of audit record review, analysis, and reporting within the system is adjusted when there is a change in risk based on law enforcement information, intelligence information, or other credible sources of information.",Examine; Interview; Test,SOC case records; log source inventory; hotel controller review sign-offs; Director of Security Operations interview. Population: 26 weeks of SOC review records; 312 PPP log sources; 26 weeks of local legacy POS report reviews at 41 hotels. Sample: 5 weeks of SOC records (random); 100% of log sources; 25 weeks of local reviews (random),EV-AU-6,Satisfied,SOC findings are reported to the incident commander and the CISO; review intensity raised on threat intelligence (2026-04 skimming advisory),,
AU-9,AU-09a.,"audit information and audit logging tools are protected from unauthorized access, modification, and deletion;",Examine; Test,Log archive account policies; alert records. Population: n/a (configuration). Sample: Write-once settings inspected; deletion attempt tested with an audit test account,EV-AU-9,Satisfied,Deletion attempt blocked and alerted to the SOC,,
AU-9,AU-09b.,"[organization-defined value] are alerted upon detection of unauthorized access, modification, or deletion of audit information.",Examine; Test,Log archive account policies; alert records. Population: n/a (configuration). Sample: Write-once settings inspected; deletion attempt tested with an audit test account,EV-AU-9,Satisfied,Deletion attempt blocked and alerted to the SOC,,
AU-11,AU-11,audit records are retained for [organization-defined value] to provide support for after-the-fact investigations of incidents and to meet regulatory and organizational information retention requirements.,Examine,Log archive retention settings. Population: n/a (configuration). Sample: Retention settings inspected,EV-AU-11,Satisfied,"12 months retained, 3 months immediately available; 7 years for SOX-relevant sources",,
AU-12,AU-12a.,audit record generation capability for the event types the system is capable of auditing (defined in AU-02_ODP[01]) is provided by [organization-defined value];,Examine; Test,"Component logging settings; sample records. Population: n/a (configuration). Sample: 6 components (vault database, tokenization service, gateway connector, PMS tenant audit, cloud POS, 1 legacy POS server)",EV-AU-12,Satisfied,Records generated with required content; legacy POS generates records locally (collection is the AU-6 finding),,
AU-12,AU-12b.,[organization-defined value] is/are allowed to select the event types that are to be logged by specific components of the system;,Examine; Test,"Component logging settings; sample records. Population: n/a (configuration). Sample: 6 components (vault database, tokenization service, gateway connector, PMS tenant audit, cloud POS, 1 legacy POS server)",EV-AU-12,Satisfied,Records generated with required content; legacy POS generates records locally (collection is the AU-6 finding),,
AU-12,AU-12c.,audit records for the event types defined in AU-02_ODP[02] that include the audit record content defined in AU-03 are generated.,Examine; Test,"Component logging settings; sample records. Population: n/a (configuration). Sample: 6 components (vault database, tokenization service, gateway connector, PMS tenant audit, cloud POS, 1 legacy POS server)",EV-AU-12,Satisfied,Records generated with required content; legacy POS generates records locally (collection is the AU-6 finding),,
CA-2(1),CA-02(01),independent assessors or assessment teams are employed to conduct control assessments.,Examine; Interview,"Internal audit charter; QSA selection records; engagement letters; conflict declarations; audit committee minutes. Population: 6 assurance engagements in 2025-2026 (Internal Audit, co-source firm, two QSA firms, segmentation tester). Sample: 100%",EV-CA-2(1),Other than satisfied,Assessors were independent in 2026 only because of case-by-case decisions: the co-source firm's consulting arm configured the PAM tool in 2025 and the 2025 QSA firm designed segmentation fixes. No written rule in the charter or the QSA selection procedure,Moderate,POAM-019
CA-8,CA-08,penetration testing is conducted [organization-defined value] on [organization-defined value].,Examine,"Penetration and segmentation test reports; GRC test calendar. Population: 3 required tests (2025 annual, 2025 H2 service provider segmentation, 2026 H1 annual and segmentation). Sample: 100%",EV-CA-8,Other than satisfied,"Annual tests were done (2026-05-11 to 2026-05-22), but the service provider segmentation test due in 2025 H2 was not performed",High,POAM-004
CM-2,CM-02a.[01],a current baseline configuration of the system is developed and documented;,Examine; Test,Infrastructure-as-code baselines; PMS tenant security settings; cloud POS profile; legacy POS build documents. Population: 6 component types; 25 components compared to baseline. Sample: 100% of types; 25 components (random),EV-CM-2,Other than satisfied,No current baseline for legacy POS servers and workstations at 41 hotels; the vendor's 2019 build document is out of date,High,POAM-001
CM-2,CM-02a.[02],a current baseline configuration of the system is maintained under configuration control;,Examine; Test,Infrastructure-as-code baselines; PMS tenant security settings; cloud POS profile; legacy POS build documents. Population: 6 component types; 25 components compared to baseline. Sample: 100% of types; 25 components (random),EV-CM-2,Other than satisfied,Legacy POS configurations are changed by the vendor without configuration control,High,POAM-001
CM-2,CM-02b.01,the baseline configuration of the system is reviewed and updated [organization-defined value];,Examine; Test,Infrastructure-as-code baselines; PMS tenant security settings; cloud POS profile; legacy POS build documents. Population: 6 component types; 25 components compared to baseline. Sample: 100% of types; 25 components (random),EV-CM-2,Satisfied,"Baselines for cloud components, PMS tenant settings, and cloud POS reviewed 2026-04 and updated with each release",,
CM-2,CM-02b.02,the baseline configuration of the system is reviewed and updated when required due to [organization-defined value];,Examine; Test,Infrastructure-as-code baselines; PMS tenant security settings; cloud POS profile; legacy POS build documents. Population: 6 component types; 25 components compared to baseline. Sample: 100% of types; 25 components (random),EV-CM-2,Satisfied,"Baselines for cloud components, PMS tenant settings, and cloud POS reviewed 2026-04 and updated with each release",,
CM-2,CM-02b.03,the baseline configuration of the system is reviewed and updated when system components are installed or upgraded.,Examine; Test,Infrastructure-as-code baselines; PMS tenant security settings; cloud POS profile; legacy POS build documents. Population: 6 component types; 25 components compared to baseline. Sample: 100% of types; 25 components (random),EV-CM-2,Satisfied,"Baselines for cloud components, PMS tenant settings, and cloud POS reviewed 2026-04 and updated with each release",,
CM-3,CM-03a.,the types of changes to the system that are configuration-controlled are determined and documented;,Examine; Interview,Change tickets; change advisory board minutes; deployment logs; Payments Platform Engineering Manager interview. Population: 212 changes to PPP components (2026-01-01 to 2026-06-30). Sample: 40 changes (random),EV-CM-3,Satisfied,"All 40 changes had risk ratings, testing, approval, and back-out plans; board meets weekly",,
CM-3,CM-03b.[01],proposed configuration-controlled changes to the system are reviewed;,Examine; Interview,Change tickets; change advisory board minutes; deployment logs; Payments Platform Engineering Manager interview. Population: 212 changes to PPP components (2026-01-01 to 2026-06-30). Sample: 40 changes (random),EV-CM-3,Satisfied,"All 40 changes had risk ratings, testing, approval, and back-out plans; board meets weekly",,
CM-3,CM-03b.[02],proposed configuration-controlled changes to the system are approved or disapproved with explicit consideration for security and privacy impact analyses;,Examine; Interview,Change tickets; change advisory board minutes; deployment logs; Payments Platform Engineering Manager interview. Population: 212 changes to PPP components (2026-01-01 to 2026-06-30). Sample: 40 changes (random),EV-CM-3,Satisfied,"All 40 changes had risk ratings, testing, approval, and back-out plans; board meets weekly",,
CM-3,CM-03c.,configuration change decisions associated with the system are documented;,Examine; Interview,Change tickets; change advisory board minutes; deployment logs; Payments Platform Engineering Manager interview. Population: 212 changes to PPP components (2026-01-01 to 2026-06-30). Sample: 40 changes (random),EV-CM-3,Satisfied,"All 40 changes had risk ratings, testing, approval, and back-out plans; board meets weekly",,
CM-3,CM-03d.,approved configuration-controlled changes to the system are implemented;,Examine; Interview,Change tickets; change advisory board minutes; deployment logs; Payments Platform Engineering Manager interview. Population: 212 changes to PPP components (2026-01-01 to 2026-06-30). Sample: 40 changes (random),EV-CM-3,Satisfied,"All 40 changes had risk ratings, testing, approval, and back-out plans; board meets weekly",,
CM-3,CM-03e.,records of configuration-controlled changes to the system are retained for [organization-defined value];,Examine; Interview,Change tickets; change advisory board minutes; deployment logs; Payments Platform Engineering Manager interview. Population: 212 changes to PPP components (2026-01-01 to 2026-06-30). Sample: 40 changes (random),EV-CM-3,Satisfied,"All 40 changes had risk ratings, testing, approval, and back-out plans; board meets weekly",,
CM-3,CM-03f.[01],activities associated with configuration-controlled changes to the system are monitored;,Examine; Interview,Change tickets; change advisory board minutes; deployment logs; Payments Platform Engineering Manager interview. Population: 212 changes to PPP components (2026-01-01 to 2026-06-30). Sample: 40 changes (random),EV-CM-3,Satisfied,"All 40 changes had risk ratings, testing, approval, and back-out plans; board meets weekly",,
CM-3,CM-03f.[02],activities associated with configuration-controlled changes to the system are reviewed;,Examine; Interview,Change tickets; change advisory board minutes; deployment logs; Payments Platform Engineering Manager interview. Population: 212 changes to PPP components (2026-01-01 to 2026-06-30). Sample: 40 changes (random),EV-CM-3,Satisfied,"All 40 changes had risk ratings, testing, approval, and back-out plans; board meets weekly",,
CM-3,CM-03g.[01],configuration change control activities are coordinated and overseen by [organization-defined value];,Examine; Interview,Change tickets; change advisory board minutes; deployment logs; Payments Platform Engineering Manager interview. Population: 212 changes to PPP components (2026-01-01 to 2026-06-30). Sample: 40 changes (random),EV-CM-3,Satisfied,"All 40 changes had risk ratings, testing, approval, and back-out plans; board meets weekly",,
CM-3,CM-03g.[02],the configuration control element convenes [organization-defined value].,Examine; Interview,Change tickets; change advisory board minutes; deployment logs; Payments Platform Engineering Manager interview. Population: 212 changes to PPP components (2026-01-01 to 2026-06-30). Sample: 40 changes (random),EV-CM-3,Satisfied,"All 40 changes had risk ratings, testing, approval, and back-out plans; board meets weekly",,
CM-6,CM-06a.,configuration settings that reflect the most restrictive mode consistent with operational requirements are established and documented for components employed within the system using [organization-defined value];,Examine; Test,"STD-01.5 hardening settings; compliance scan results; exception register. Population: 1,150 front desk PCs; 110 hotel firewall pairs; 41 legacy POS servers; 31 lock servers. Sample: 100% (configuration compliance scans)",EV-CM-6,Satisfied,"Settings documented and monitored for cloud components, PCs, and firewalls (compliance 97%)",,
CM-6,CM-06b.,the configuration settings documented in CM-06a are implemented;,Examine; Test,"STD-01.5 hardening settings; compliance scan results; exception register. Population: 1,150 front desk PCs; 110 hotel firewall pairs; 41 legacy POS servers; 31 lock servers. Sample: 100% (configuration compliance scans)",EV-CM-6,Other than satisfied,31 lock servers and the legacy POS servers deviate from the hardening standard,High,POAM-009
CM-6,CM-06c.[01],any deviations from established configuration settings for [organization-defined value] are identified and documented based on [organization-defined value];,Examine; Test,"STD-01.5 hardening settings; compliance scan results; exception register. Population: 1,150 front desk PCs; 110 hotel firewall pairs; 41 legacy POS servers; 31 lock servers. Sample: 100% (configuration compliance scans)",EV-CM-6,Satisfied,"Settings documented and monitored for cloud components, PCs, and firewalls (compliance 97%)",,
CM-6,CM-06c.[02],any deviations from established configuration settings for [organization-defined value] are approved;,Examine; Test,"STD-01.5 hardening settings; compliance scan results; exception register. Population: 1,150 front desk PCs; 110 hotel firewall pairs; 41 legacy POS servers; 31 lock servers. Sample: 100% (configuration compliance scans)",EV-CM-6,Other than satisfied,Lock server deviations have no approved exception (legacy POS deviations are covered by EXC-2026-011),High,POAM-009
CM-6,CM-06d.[01],changes to the configuration settings are monitored in accordance with organizational policies and procedures;,Examine; Test,"STD-01.5 hardening settings; compliance scan results; exception register. Population: 1,150 front desk PCs; 110 hotel firewall pairs; 41 legacy POS servers; 31 lock servers. Sample: 100% (configuration compliance scans)",EV-CM-6,Satisfied,"Settings documented and monitored for cloud components, PCs, and firewalls (compliance 97%)",,
CM-6,CM-06d.[02],changes to the configuration settings are controlled in accordance with organizational policies and procedures.,Examine; Test,"STD-01.5 hardening settings; compliance scan results; exception register. Population: 1,150 front desk PCs; 110 hotel firewall pairs; 41 legacy POS servers; 31 lock servers. Sample: 100% (configuration compliance scans)",EV-CM-6,Satisfied,"Settings documented and monitored for cloud components, PCs, and firewalls (compliance 97%)",,
CM-8,CM-08a.01,an inventory of system components that accurately reflects the system is developed and documented;,Examine; Test,"CMDB; PCI DSS in-scope inventory; terminal management export; hotel device lists. Population: About 1,900 P2PE devices, 640 front desk terminals, 470 legacy POS workstations. Sample: 60 physical devices traced to the inventory (random, 8 hotels); terminal lists compared for all 41 legacy hotels",EV-CM-8,Satisfied,Inventory reconciled quarterly; no duplicates; granularity sufficient for PCI DSS scoping,,
CM-8,CM-08a.02,an inventory of system components that includes all components within the system is developed and documented;,Examine; Test,"CMDB; PCI DSS in-scope inventory; terminal management export; hotel device lists. Population: About 1,900 P2PE devices, 640 front desk terminals, 470 legacy POS workstations. Sample: 60 physical devices traced to the inventory (random, 8 hotels); terminal lists compared for all 41 legacy hotels",EV-CM-8,Other than satisfied,Payment terminal lists at 5 of 41 legacy hotels were incomplete (14 terminals missing),Moderate,POAM-013
CM-8,CM-08a.03,an inventory of system components that does not include duplicate accounting of components or components assigned to any other system is developed and documented;,Examine; Test,"CMDB; PCI DSS in-scope inventory; terminal management export; hotel device lists. Population: About 1,900 P2PE devices, 640 front desk terminals, 470 legacy POS workstations. Sample: 60 physical devices traced to the inventory (random, 8 hotels); terminal lists compared for all 41 legacy hotels",EV-CM-8,Satisfied,Inventory reconciled quarterly; no duplicates; granularity sufficient for PCI DSS scoping,,
CM-8,CM-08a.04,an inventory of system components that is at the level of granularity deemed necessary for tracking and reporting is developed and documented;,Examine; Test,"CMDB; PCI DSS in-scope inventory; terminal management export; hotel device lists. Population: About 1,900 P2PE devices, 640 front desk terminals, 470 legacy POS workstations. Sample: 60 physical devices traced to the inventory (random, 8 hotels); terminal lists compared for all 41 legacy hotels",EV-CM-8,Satisfied,Inventory reconciled quarterly; no duplicates; granularity sufficient for PCI DSS scoping,,
CM-8,CM-08a.05,an inventory of system components that includes [organization-defined value] is developed and documented;,Examine; Test,"CMDB; PCI DSS in-scope inventory; terminal management export; hotel device lists. Population: About 1,900 P2PE devices, 640 front desk terminals, 470 legacy POS workstations. Sample: 60 physical devices traced to the inventory (random, 8 hotels); terminal lists compared for all 41 legacy hotels",EV-CM-8,Satisfied,Inventory reconciled quarterly; no duplicates; granularity sufficient for PCI DSS scoping,,
CM-8,CM-08b.,the system component inventory is reviewed and updated [organization-defined value].,Examine; Test,"CMDB; PCI DSS in-scope inventory; terminal management export; hotel device lists. Population: About 1,900 P2PE devices, 640 front desk terminals, 470 legacy POS workstations. Sample: 60 physical devices traced to the inventory (random, 8 hotels); terminal lists compared for all 41 legacy hotels",EV-CM-8,Satisfied,Inventory reconciled quarterly; no duplicates; granularity sufficient for PCI DSS scoping,,
CM-12,CM-12a.[01],the location of [organization-defined value] is identified and documented;,Examine; Test,"Cardholder data flow diagram v7; data discovery reports; mailbox permissions. Population: Data discovery results for 1,180 sales, events, and reservation mailboxes (about 61 million emails), file shares, chat transcripts, and the warehouse. Sample: 100% of scan results; scan re-performed on 10 mailboxes",EV-CM-12,Satisfied,Card data processing locations and changes are documented in the data flow diagram,,
CM-12,CM-12a.[02],the specific system components on which [organization-defined value] is processed are identified and documented;,Examine; Test,"Cardholder data flow diagram v7; data discovery reports; mailbox permissions. Population: Data discovery results for 1,180 sales, events, and reservation mailboxes (about 61 million emails), file shares, chat transcripts, and the warehouse. Sample: 100% of scan results; scan re-performed on 10 mailboxes",EV-CM-12,Satisfied,Card data processing locations and changes are documented in the data flow diagram,,
CM-12,CM-12a.[03],the specific system components on which [organization-defined value] is stored are identified and documented;,Examine; Test,"Cardholder data flow diagram v7; data discovery reports; mailbox permissions. Population: Data discovery results for 1,180 sales, events, and reservation mailboxes (about 61 million emails), file shares, chat transcripts, and the warehouse. Sample: 100% of scan results; scan re-performed on 10 mailboxes",EV-CM-12,Other than satisfied,"About 4,800 emails with card numbers (390 with security codes) in group sales and events mailboxes at managed hotels are outside the documented storage locations",High,POAM-006
CM-12,CM-12b.[01],the users who have access to the system and system components where [organization-defined value] is processed are identified and documented;,Examine; Test,"Cardholder data flow diagram v7; data discovery reports; mailbox permissions. Population: Data discovery results for 1,180 sales, events, and reservation mailboxes (about 61 million emails), file shares, chat transcripts, and the warehouse. Sample: 100% of scan results; scan re-performed on 10 mailboxes",EV-CM-12,Satisfied,Card data processing locations and changes are documented in the data flow diagram,,
CM-12,CM-12b.[02],the users who have access to the system and system components where [organization-defined value] is stored are identified and documented;,Examine; Test,"Cardholder data flow diagram v7; data discovery reports; mailbox permissions. Population: Data discovery results for 1,180 sales, events, and reservation mailboxes (about 61 million emails), file shares, chat transcripts, and the warehouse. Sample: 100% of scan results; scan re-performed on 10 mailboxes",EV-CM-12,Other than satisfied,Users with access to those mailboxes were not identified or limited,High,POAM-006
CM-12,CM-12c.[01],"changes to the location (i.e., system or system components) where [organization-defined value] is processed are documented;",Examine; Test,"Cardholder data flow diagram v7; data discovery reports; mailbox permissions. Population: Data discovery results for 1,180 sales, events, and reservation mailboxes (about 61 million emails), file shares, chat transcripts, and the warehouse. Sample: 100% of scan results; scan re-performed on 10 mailboxes",EV-CM-12,Satisfied,Card data processing locations and changes are documented in the data flow diagram,,
CM-12,CM-12c.[02],"changes to the location (i.e., system or system components) where [organization-defined value] is stored are documented.",Examine; Test,"Cardholder data flow diagram v7; data discovery reports; mailbox permissions. Population: Data discovery results for 1,180 sales, events, and reservation mailboxes (about 61 million emails), file shares, chat transcripts, and the warehouse. Sample: 100% of scan results; scan re-performed on 10 mailboxes",EV-CM-12,Satisfied,Card data processing locations and changes are documented in the data flow diagram,,
CP-2,CP-02a.01,a contingency plan for the system is developed that identifies essential mission and business functions and associated contingency requirements;,Examine; Interview,"PPP contingency plan v3; resort transition services agreement; interviews with the Vice President, Hotel Technology, Vice President, Integration Management Office, and two hotel general managers. Population: n/a (plan). Sample: PPP contingency plan v3 examined; 4 interviews",EV-CP-2,Satisfied,"Plan covers vault, PMS tenant, and hotel downtime procedures with roles, contacts, and BIA objectives",,
CP-2,CP-02a.02[01],a contingency plan for the system is developed that provides recovery objectives;,Examine; Interview,"PPP contingency plan v3; resort transition services agreement; interviews with the Vice President, Hotel Technology, Vice President, Integration Management Office, and two hotel general managers. Population: n/a (plan). Sample: PPP contingency plan v3 examined; 4 interviews",EV-CP-2,Other than satisfied,The 9 resorts follow the seller's plan: 24-hour RTO and nightly backups against BIA targets of 8 hours and 15 minutes,High,POAM-002
CP-2,CP-02a.02[02],a contingency plan for the system is developed that provides restoration priorities;,Examine; Interview,"PPP contingency plan v3; resort transition services agreement; interviews with the Vice President, Hotel Technology, Vice President, Integration Management Office, and two hotel general managers. Population: n/a (plan). Sample: PPP contingency plan v3 examined; 4 interviews",EV-CP-2,Satisfied,"Plan covers vault, PMS tenant, and hotel downtime procedures with roles, contacts, and BIA objectives",,
CP-2,CP-02a.02[03],a contingency plan for the system is developed that provides metrics;,Examine; Interview,"PPP contingency plan v3; resort transition services agreement; interviews with the Vice President, Hotel Technology, Vice President, Integration Management Office, and two hotel general managers. Population: n/a (plan). Sample: PPP contingency plan v3 examined; 4 interviews",EV-CP-2,Satisfied,"Plan covers vault, PMS tenant, and hotel downtime procedures with roles, contacts, and BIA objectives",,
CP-2,CP-02a.03[01],a contingency plan for the system is developed that addresses contingency roles;,Examine; Interview,"PPP contingency plan v3; resort transition services agreement; interviews with the Vice President, Hotel Technology, Vice President, Integration Management Office, and two hotel general managers. Population: n/a (plan). Sample: PPP contingency plan v3 examined; 4 interviews",EV-CP-2,Satisfied,"Plan covers vault, PMS tenant, and hotel downtime procedures with roles, contacts, and BIA objectives",,
CP-2,CP-02a.03[02],a contingency plan for the system is developed that addresses contingency responsibilities;,Examine; Interview,"PPP contingency plan v3; resort transition services agreement; interviews with the Vice President, Hotel Technology, Vice President, Integration Management Office, and two hotel general managers. Population: n/a (plan). Sample: PPP contingency plan v3 examined; 4 interviews",EV-CP-2,Satisfied,"Plan covers vault, PMS tenant, and hotel downtime procedures with roles, contacts, and BIA objectives",,
CP-2,CP-02a.03[03],a contingency plan for the system is developed that addresses assigned individuals with contact information;,Examine; Interview,"PPP contingency plan v3; resort transition services agreement; interviews with the Vice President, Hotel Technology, Vice President, Integration Management Office, and two hotel general managers. Population: n/a (plan). Sample: PPP contingency plan v3 examined; 4 interviews",EV-CP-2,Satisfied,"Plan covers vault, PMS tenant, and hotel downtime procedures with roles, contacts, and BIA objectives",,
CP-2,CP-02a.04,"a contingency plan for the system is developed that addresses maintaining essential mission and business functions despite a system disruption, compromise, or failure;",Examine; Interview,"PPP contingency plan v3; resort transition services agreement; interviews with the Vice President, Hotel Technology, Vice President, Integration Management Office, and two hotel general managers. Population: n/a (plan). Sample: PPP contingency plan v3 examined; 4 interviews",EV-CP-2,Satisfied,"Plan covers vault, PMS tenant, and hotel downtime procedures with roles, contacts, and BIA objectives",,
CP-2,CP-02a.05,"a contingency plan for the system is developed that addresses eventual, full-system restoration without deterioration of the controls originally planned and implemented;",Examine; Interview,"PPP contingency plan v3; resort transition services agreement; interviews with the Vice President, Hotel Technology, Vice President, Integration Management Office, and two hotel general managers. Population: n/a (plan). Sample: PPP contingency plan v3 examined; 4 interviews",EV-CP-2,Satisfied,"Plan covers vault, PMS tenant, and hotel downtime procedures with roles, contacts, and BIA objectives",,
CP-2,CP-02a.06,a contingency plan for the system is developed that addresses the sharing of contingency information;,Examine; Interview,"PPP contingency plan v3; resort transition services agreement; interviews with the Vice President, Hotel Technology, Vice President, Integration Management Office, and two hotel general managers. Population: n/a (plan). Sample: PPP contingency plan v3 examined; 4 interviews",EV-CP-2,Satisfied,"Plan covers vault, PMS tenant, and hotel downtime procedures with roles, contacts, and BIA objectives",,
CP-2,CP-02a.07[01],a contingency plan for the system is developed that is reviewed by [organization-defined value];,Examine; Interview,"PPP contingency plan v3; resort transition services agreement; interviews with the Vice President, Hotel Technology, Vice President, Integration Management Office, and two hotel general managers. Population: n/a (plan). Sample: PPP contingency plan v3 examined; 4 interviews",EV-CP-2,Satisfied,"Plan covers vault, PMS tenant, and hotel downtime procedures with roles, contacts, and BIA objectives",,
CP-2,CP-02a.07[02],a contingency plan for the system is developed that is approved by [organization-defined value];,Examine; Interview,"PPP contingency plan v3; resort transition services agreement; interviews with the Vice President, Hotel Technology, Vice President, Integration Management Office, and two hotel general managers. Population: n/a (plan). Sample: PPP contingency plan v3 examined; 4 interviews",EV-CP-2,Satisfied,"Plan covers vault, PMS tenant, and hotel downtime procedures with roles, contacts, and BIA objectives",,
CP-2,CP-02b.[01],copies of the contingency plan are distributed to [organization-defined value];,Examine; Interview,"PPP contingency plan v3; resort transition services agreement; interviews with the Vice President, Hotel Technology, Vice President, Integration Management Office, and two hotel general managers. Population: n/a (plan). Sample: PPP contingency plan v3 examined; 4 interviews",EV-CP-2,Satisfied,"Plan covers vault, PMS tenant, and hotel downtime procedures with roles, contacts, and BIA objectives",,
CP-2,CP-02b.[02],copies of the contingency plan are distributed to [organization-defined value];,Examine; Interview,"PPP contingency plan v3; resort transition services agreement; interviews with the Vice President, Hotel Technology, Vice President, Integration Management Office, and two hotel general managers. Population: n/a (plan). Sample: PPP contingency plan v3 examined; 4 interviews",EV-CP-2,Satisfied,"Plan covers vault, PMS tenant, and hotel downtime procedures with roles, contacts, and BIA objectives",,
CP-2,CP-02c.,contingency planning activities are coordinated with incident handling activities;,Examine; Interview,"PPP contingency plan v3; resort transition services agreement; interviews with the Vice President, Hotel Technology, Vice President, Integration Management Office, and two hotel general managers. Population: n/a (plan). Sample: PPP contingency plan v3 examined; 4 interviews",EV-CP-2,Satisfied,"Plan covers vault, PMS tenant, and hotel downtime procedures with roles, contacts, and BIA objectives",,
CP-2,CP-02d.,the contingency plan for the system is reviewed [organization-defined value];,Examine; Interview,"PPP contingency plan v3; resort transition services agreement; interviews with the Vice President, Hotel Technology, Vice President, Integration Management Office, and two hotel general managers. Population: n/a (plan). Sample: PPP contingency plan v3 examined; 4 interviews",EV-CP-2,Satisfied,"Plan covers vault, PMS tenant, and hotel downtime procedures with roles, contacts, and BIA objectives",,
CP-2,CP-02e.[01],"the contingency plan is updated to address changes to the organization, system, or environment of operation;",Examine; Interview,"PPP contingency plan v3; resort transition services agreement; interviews with the Vice President, Hotel Technology, Vice President, Integration Management Office, and two hotel general managers. Population: n/a (plan). Sample: PPP contingency plan v3 examined; 4 interviews",EV-CP-2,Other than satisfied,The plan was not updated for the resort acquisition 14 months after closing,High,POAM-002
CP-2,CP-02e.[02],"the contingency plan is updated to address problems encountered during contingency plan implementation, execution, or testing;",Examine; Interview,"PPP contingency plan v3; resort transition services agreement; interviews with the Vice President, Hotel Technology, Vice President, Integration Management Office, and two hotel general managers. Population: n/a (plan). Sample: PPP contingency plan v3 examined; 4 interviews",EV-CP-2,Satisfied,"Plan covers vault, PMS tenant, and hotel downtime procedures with roles, contacts, and BIA objectives",,
CP-2,CP-02f.[01],contingency plan changes are communicated to [organization-defined value];,Examine; Interview,"PPP contingency plan v3; resort transition services agreement; interviews with the Vice President, Hotel Technology, Vice President, Integration Management Office, and two hotel general managers. Population: n/a (plan). Sample: PPP contingency plan v3 examined; 4 interviews",EV-CP-2,Satisfied,"Plan covers vault, PMS tenant, and hotel downtime procedures with roles, contacts, and BIA objectives",,
CP-2,CP-02f.[02],contingency plan changes are communicated to [organization-defined value];,Examine; Interview,"PPP contingency plan v3; resort transition services agreement; interviews with the Vice President, Hotel Technology, Vice President, Integration Management Office, and two hotel general managers. Population: n/a (plan). Sample: PPP contingency plan v3 examined; 4 interviews",EV-CP-2,Satisfied,"Plan covers vault, PMS tenant, and hotel downtime procedures with roles, contacts, and BIA objectives",,
CP-2,CP-02g.[01],lessons learned from contingency plan testing or actual contingency activities are incorporated into contingency testing;,Examine; Interview,"PPP contingency plan v3; resort transition services agreement; interviews with the Vice President, Hotel Technology, Vice President, Integration Management Office, and two hotel general managers. Population: n/a (plan). Sample: PPP contingency plan v3 examined; 4 interviews",EV-CP-2,Satisfied,"Plan covers vault, PMS tenant, and hotel downtime procedures with roles, contacts, and BIA objectives",,
CP-2,CP-02g.[02],lessons learned from contingency plan training or actual contingency activities are incorporated into contingency testing and training;,Examine; Interview,"PPP contingency plan v3; resort transition services agreement; interviews with the Vice President, Hotel Technology, Vice President, Integration Management Office, and two hotel general managers. Population: n/a (plan). Sample: PPP contingency plan v3 examined; 4 interviews",EV-CP-2,Satisfied,"Plan covers vault, PMS tenant, and hotel downtime procedures with roles, contacts, and BIA objectives",,
CP-2,CP-02h.[01],the contingency plan is protected from unauthorized disclosure;,Examine; Interview,"PPP contingency plan v3; resort transition services agreement; interviews with the Vice President, Hotel Technology, Vice President, Integration Management Office, and two hotel general managers. Population: n/a (plan). Sample: PPP contingency plan v3 examined; 4 interviews",EV-CP-2,Satisfied,"Plan covers vault, PMS tenant, and hotel downtime procedures with roles, contacts, and BIA objectives",,
CP-2,CP-02h.[02],the contingency plan is protected from unauthorized modification.,Examine; Interview,"PPP contingency plan v3; resort transition services agreement; interviews with the Vice President, Hotel Technology, Vice President, Integration Management Office, and two hotel general managers. Population: n/a (plan). Sample: PPP contingency plan v3 examined; 4 interviews",EV-CP-2,Satisfied,"Plan covers vault, PMS tenant, and hotel downtime procedures with roles, contacts, and BIA objectives",,
CP-4,CP-04a.[01],the contingency plan for the system is tested [organization-defined value];,Examine,DR test report; corrective action log. Population: 1 annual DR test (2026-04-25). Sample: 100%,EV-CP-4,Satisfied,Test met objectives (vault restore 1.8 hours); results reviewed and actions tracked,,
CP-4,CP-04a.[02],[organization-defined value] are used to determine the effectiveness of the plan;,Examine,DR test report; corrective action log. Population: 1 annual DR test (2026-04-25). Sample: 100%,EV-CP-4,Satisfied,Test met objectives (vault restore 1.8 hours); results reviewed and actions tracked,,
CP-4,CP-04a.[03],[organization-defined value] are used to determine the readiness to execute the plan;,Examine,DR test report; corrective action log. Population: 1 annual DR test (2026-04-25). Sample: 100%,EV-CP-4,Satisfied,Test met objectives (vault restore 1.8 hours); results reviewed and actions tracked,,
CP-4,CP-04b.,the contingency plan test results are reviewed;,Examine,DR test report; corrective action log. Population: 1 annual DR test (2026-04-25). Sample: 100%,EV-CP-4,Satisfied,Test met objectives (vault restore 1.8 hours); results reviewed and actions tracked,,
CP-4,CP-04c.,"corrective actions are initiated, if needed.",Examine,DR test report; corrective action log. Population: 1 annual DR test (2026-04-25). Sample: 100%,EV-CP-4,Satisfied,Test met objectives (vault restore 1.8 hours); results reviewed and actions tracked,,
CP-9,CP-09a.,backups of user-level information contained in [organization-defined value] are conducted [organization-defined value];,Examine; Test,Backup job logs; immutability settings; key escrow records. Population: 181 daily backup jobs (2026-01-01 to 2026-06-30). Sample: 25 jobs (random); 1 restore observed,EV-CP-9,Satisfied,All sampled jobs succeeded; backups encrypted and immutable; restore observed,,
CP-9,CP-09b.,backups of system-level information contained in the system are conducted [organization-defined value];,Examine; Test,Backup job logs; immutability settings; key escrow records. Population: 181 daily backup jobs (2026-01-01 to 2026-06-30). Sample: 25 jobs (random); 1 restore observed,EV-CP-9,Satisfied,All sampled jobs succeeded; backups encrypted and immutable; restore observed,,
CP-9,CP-09c.,"backups of system documentation, including security- and privacy-related documentation are conducted [organization-defined value];",Examine; Test,Backup job logs; immutability settings; key escrow records. Population: 181 daily backup jobs (2026-01-01 to 2026-06-30). Sample: 25 jobs (random); 1 restore observed,EV-CP-9,Satisfied,All sampled jobs succeeded; backups encrypted and immutable; restore observed,,
CP-9,CP-09d.[01],the confidentiality of backup information is protected;,Examine; Test,Backup job logs; immutability settings; key escrow records. Population: 181 daily backup jobs (2026-01-01 to 2026-06-30). Sample: 25 jobs (random); 1 restore observed,EV-CP-9,Satisfied,All sampled jobs succeeded; backups encrypted and immutable; restore observed,,
CP-9,CP-09d.[02],the integrity of backup information is protected;,Examine; Test,Backup job logs; immutability settings; key escrow records. Population: 181 daily backup jobs (2026-01-01 to 2026-06-30). Sample: 25 jobs (random); 1 restore observed,EV-CP-9,Satisfied,All sampled jobs succeeded; backups encrypted and immutable; restore observed,,
CP-9,CP-09d.[03],the availability of backup information is protected.,Examine; Test,Backup job logs; immutability settings; key escrow records. Population: 181 daily backup jobs (2026-01-01 to 2026-06-30). Sample: 25 jobs (random); 1 restore observed,EV-CP-9,Satisfied,All sampled jobs succeeded; backups encrypted and immutable; restore observed,,
CP-10,CP-10[01],"the recovery of the system to a known state is provided within [organization-defined value] after a disruption, compromise, or failure;",Examine,DR test report; transition services agreement. Population: 1 DR test; resort transition services terms. Sample: 100%,EV-CP-10,Other than satisfied,"Resort PMS recovery depends on the seller's 24-hour RTO, which exceeds the BIA RTO of 8 hours; restore never tested",High,POAM-002
CP-10,CP-10[02],"a reconstitution of the system to a known state is provided within [organization-defined value] after a disruption, compromise, or failure.",Examine,DR test report; transition services agreement. Population: 1 DR test; resort transition services terms. Sample: 100%,EV-CP-10,Satisfied,Cloud PPP components reconstituted to a known state in the DR test,,
IA-2,IA-02[01],organizational users are uniquely identified and authenticated;,Examine; Test,"Identity platform logs. Population: About 36,500 PMS accounts; workforce, franchisee, and vendor identities. Sample: 25 sign-ins (random)",EV-IA-2,Satisfied,Every sampled sign-in was a unique identity with MFA and linked processes,,
IA-2,IA-02[02],the unique identification of authenticated organizational users is associated with processes acting on behalf of those users.,Examine; Test,"Identity platform logs. Population: About 36,500 PMS accounts; workforce, franchisee, and vendor identities. Sample: 25 sign-ins (random)",EV-IA-2,Satisfied,Every sampled sign-in was a unique identity with MFA and linked processes,,
IA-2(1),IA-02(01),multi-factor authentication is implemented for access to privileged accounts.,Examine; Test,"PAM configuration; FIDO2 enrollment report. Population: 64 privileged accounts (vault, PMS tenant administration, hub firewalls). Sample: 100%",EV-IA-2(1),Satisfied,All 64 accounts require FIDO2 keys through PAM,,
IA-5,IA-05a.,"system authenticators are managed through the verification of the identity of the individual, group, role, service, or device receiving the authenticator as part of the initial authenticator distribution;",Examine; Test,"Password standard; PAM rotation report; default-credential test results. Population: 41 legacy POS servers; password and authenticator settings. Sample: 100% (default-credential test with vendor approval, after outlet hours)",EV-IA-5,Satisfied,"Authenticator issuance, strength (12 characters, breached-password screening), protection, and group account changes are managed",,
IA-5,IA-05b.,system authenticators are managed through the establishment of initial authenticator content for any authenticators issued by the organization;,Examine; Test,"Password standard; PAM rotation report; default-credential test results. Population: 41 legacy POS servers; password and authenticator settings. Sample: 100% (default-credential test with vendor approval, after outlet hours)",EV-IA-5,Satisfied,"Authenticator issuance, strength (12 characters, breached-password screening), protection, and group account changes are managed",,
IA-5,IA-05c.,system authenticators are managed to ensure that authenticators have sufficient strength of mechanism for their intended use;,Examine; Test,"Password standard; PAM rotation report; default-credential test results. Population: 41 legacy POS servers; password and authenticator settings. Sample: 100% (default-credential test with vendor approval, after outlet hours)",EV-IA-5,Satisfied,"Authenticator issuance, strength (12 characters, breached-password screening), protection, and group account changes are managed",,
IA-5,IA-05d.,"system authenticators are managed through the establishment and implementation of administrative procedures for initial authenticator distribution; lost, compromised, or damaged authenticators; and the revocation of authenticators;",Examine; Test,"Password standard; PAM rotation report; default-credential test results. Population: 41 legacy POS servers; password and authenticator settings. Sample: 100% (default-credential test with vendor approval, after outlet hours)",EV-IA-5,Satisfied,"Authenticator issuance, strength (12 characters, breached-password screening), protection, and group account changes are managed",,
IA-5,IA-05e.,system authenticators are managed through the change of default authenticators prior to first use;,Examine; Test,"Password standard; PAM rotation report; default-credential test results. Population: 41 legacy POS servers; password and authenticator settings. Sample: 100% (default-credential test with vendor approval, after outlet hours)",EV-IA-5,Other than satisfied,Vendor default credentials were active on legacy POS back-office servers at 3 hotels (reported to the CISO 2026-08-12; changed 2026-08-14),High,POAM-010
IA-5,IA-05f.,system authenticators are managed through the change or refreshment of authenticators [organization-defined value] or when [organization-defined value] occur;,Examine; Test,"Password standard; PAM rotation report; default-credential test results. Population: 41 legacy POS servers; password and authenticator settings. Sample: 100% (default-credential test with vendor approval, after outlet hours)",EV-IA-5,Other than satisfied,Legacy POS service accounts at 41 hotels use hardcoded passwords not changed since installation,High,POAM-010
IA-5,IA-05g.,system authenticators are managed through the protection of authenticator content from unauthorized disclosure and modification;,Examine; Test,"Password standard; PAM rotation report; default-credential test results. Population: 41 legacy POS servers; password and authenticator settings. Sample: 100% (default-credential test with vendor approval, after outlet hours)",EV-IA-5,Satisfied,"Authenticator issuance, strength (12 characters, breached-password screening), protection, and group account changes are managed",,
IA-5,IA-05h.[01],system authenticators are managed through the requirement for individuals to take specific controls to protect authenticators;,Examine; Test,"Password standard; PAM rotation report; default-credential test results. Population: 41 legacy POS servers; password and authenticator settings. Sample: 100% (default-credential test with vendor approval, after outlet hours)",EV-IA-5,Satisfied,"Authenticator issuance, strength (12 characters, breached-password screening), protection, and group account changes are managed",,
IA-5,IA-05h.[02],system authenticators are managed through the requirement for devices to implement specific controls to protect authenticators;,Examine; Test,"Password standard; PAM rotation report; default-credential test results. Population: 41 legacy POS servers; password and authenticator settings. Sample: 100% (default-credential test with vendor approval, after outlet hours)",EV-IA-5,Satisfied,"Authenticator issuance, strength (12 characters, breached-password screening), protection, and group account changes are managed",,
IA-5,IA-05i.,system authenticators are managed through the change of authenticators for group or role accounts when membership to those accounts changes.,Examine; Test,"Password standard; PAM rotation report; default-credential test results. Population: 41 legacy POS servers; password and authenticator settings. Sample: 100% (default-credential test with vendor approval, after outlet hours)",EV-IA-5,Satisfied,"Authenticator issuance, strength (12 characters, breached-password screening), protection, and group account changes are managed",,
IR-4,IR-04a.[01],an incident handling capability for incidents is implemented that is consistent with the incident response plan;,Examine; Interview,SOC case records; SOAR playbooks; post-incident reports. Population: 286 security incidents involving PPP components or hotels (2026-01-01 to 2026-06-30). Sample: 25 incidents (random),EV-IR-4,Satisfied,"Incidents handled through all phases, coordinated with contingency plans, with lessons learned applied",,
IR-4,IR-04a.[02],the incident handling capability for incidents includes preparation;,Examine; Interview,SOC case records; SOAR playbooks; post-incident reports. Population: 286 security incidents involving PPP components or hotels (2026-01-01 to 2026-06-30). Sample: 25 incidents (random),EV-IR-4,Satisfied,"Incidents handled through all phases, coordinated with contingency plans, with lessons learned applied",,
IR-4,IR-04a.[03],the incident handling capability for incidents includes detection and analysis;,Examine; Interview,SOC case records; SOAR playbooks; post-incident reports. Population: 286 security incidents involving PPP components or hotels (2026-01-01 to 2026-06-30). Sample: 25 incidents (random),EV-IR-4,Satisfied,"Incidents handled through all phases, coordinated with contingency plans, with lessons learned applied",,
IR-4,IR-04a.[04],the incident handling capability for incidents includes containment;,Examine; Interview,SOC case records; SOAR playbooks; post-incident reports. Population: 286 security incidents involving PPP components or hotels (2026-01-01 to 2026-06-30). Sample: 25 incidents (random),EV-IR-4,Satisfied,"Incidents handled through all phases, coordinated with contingency plans, with lessons learned applied",,
IR-4,IR-04a.[05],the incident handling capability for incidents includes eradication;,Examine; Interview,SOC case records; SOAR playbooks; post-incident reports. Population: 286 security incidents involving PPP components or hotels (2026-01-01 to 2026-06-30). Sample: 25 incidents (random),EV-IR-4,Satisfied,"Incidents handled through all phases, coordinated with contingency plans, with lessons learned applied",,
IR-4,IR-04a.[06],the incident handling capability for incidents includes recovery;,Examine; Interview,SOC case records; SOAR playbooks; post-incident reports. Population: 286 security incidents involving PPP components or hotels (2026-01-01 to 2026-06-30). Sample: 25 incidents (random),EV-IR-4,Satisfied,"Incidents handled through all phases, coordinated with contingency plans, with lessons learned applied",,
IR-4,IR-04b.,incident handling activities are coordinated with contingency planning activities;,Examine; Interview,SOC case records; SOAR playbooks; post-incident reports. Population: 286 security incidents involving PPP components or hotels (2026-01-01 to 2026-06-30). Sample: 25 incidents (random),EV-IR-4,Satisfied,"Incidents handled through all phases, coordinated with contingency plans, with lessons learned applied",,
IR-4,IR-04c.[01],"lessons learned from ongoing incident handling activities are incorporated into incident response procedures, training, and testing;",Examine; Interview,SOC case records; SOAR playbooks; post-incident reports. Population: 286 security incidents involving PPP components or hotels (2026-01-01 to 2026-06-30). Sample: 25 incidents (random),EV-IR-4,Satisfied,"Incidents handled through all phases, coordinated with contingency plans, with lessons learned applied",,
IR-4,IR-04c.[02],the changes resulting from the incorporated lessons learned are implemented accordingly;,Examine; Interview,SOC case records; SOAR playbooks; post-incident reports. Population: 286 security incidents involving PPP components or hotels (2026-01-01 to 2026-06-30). Sample: 25 incidents (random),EV-IR-4,Satisfied,"Incidents handled through all phases, coordinated with contingency plans, with lessons learned applied",,
IR-4,IR-04d.[01],the rigor of incident handling activities is comparable and predictable across the organization;,Examine; Interview,SOC case records; SOAR playbooks; post-incident reports. Population: 286 security incidents involving PPP components or hotels (2026-01-01 to 2026-06-30). Sample: 25 incidents (random),EV-IR-4,Satisfied,"Incidents handled through all phases, coordinated with contingency plans, with lessons learned applied",,
IR-4,IR-04d.[02],the intensity of incident handling activities is comparable and predictable across the organization;,Examine; Interview,SOC case records; SOAR playbooks; post-incident reports. Population: 286 security incidents involving PPP components or hotels (2026-01-01 to 2026-06-30). Sample: 25 incidents (random),EV-IR-4,Satisfied,"Incidents handled through all phases, coordinated with contingency plans, with lessons learned applied",,
IR-4,IR-04d.[03],the scope of incident handling activities is comparable and predictable across the organization;,Examine; Interview,SOC case records; SOAR playbooks; post-incident reports. Population: 286 security incidents involving PPP components or hotels (2026-01-01 to 2026-06-30). Sample: 25 incidents (random),EV-IR-4,Satisfied,"Incidents handled through all phases, coordinated with contingency plans, with lessons learned applied",,
IR-4,IR-04d.[04],the results of incident handling activities are comparable and predictable across the organization.,Examine; Interview,SOC case records; SOAR playbooks; post-incident reports. Population: 286 security incidents involving PPP components or hotels (2026-01-01 to 2026-06-30). Sample: 25 incidents (random),EV-IR-4,Satisfied,"Incidents handled through all phases, coordinated with contingency plans, with lessons learned applied",,
IR-6,IR-06a.,personnel is/are required to report suspected incidents to the organizational incident response capability within [organization-defined value];,Examine; Interview,Case timestamps; staff interviews. Population: 286 incidents; 20 hotel staff. Sample: 25 incidents; 20 staff interviews at 4 hotels,EV-IR-6,Satisfied,Sampled incidents reported within 1 hour; staff knew how to report,,
IR-6,IR-06b.,incident information is reported to [organization-defined value].,Examine; Interview,Case timestamps; staff interviews. Population: 286 incidents; 20 hotel staff. Sample: 25 incidents; 20 staff interviews at 4 hotels,EV-IR-6,Satisfied,Sampled incidents reported within 1 hour; staff knew how to report,,
IR-8,IR-08a.01,an incident response plan is developed that provides the organization with a roadmap for implementing its incident response capability;,Examine; Interview,"Incident response plan v6; materiality playbook v2; disclosure committee roster and minutes. Population: n/a (plan). Sample: Plan v6 and materiality playbook v2 examined; interviews with General Counsel, CFO, CISO, Director of Payments and PCI Compliance, Director of Franchise Technology Compliance",EV-IR-8,Satisfied,"Plan includes card brand, acquirer, and SEC steps, defines reportable incidents, and is protected",,
IR-8,IR-08a.02,an incident response plan is developed that describes the structure and organization of the incident response capability;,Examine; Interview,"Incident response plan v6; materiality playbook v2; disclosure committee roster and minutes. Population: n/a (plan). Sample: Plan v6 and materiality playbook v2 examined; interviews with General Counsel, CFO, CISO, Director of Payments and PCI Compliance, Director of Franchise Technology Compliance",EV-IR-8,Satisfied,"Plan includes card brand, acquirer, and SEC steps, defines reportable incidents, and is protected",,
IR-8,IR-08a.03,an incident response plan is developed that provides a high-level approach for how the incident response capability fits into the overall organization;,Examine; Interview,"Incident response plan v6; materiality playbook v2; disclosure committee roster and minutes. Population: n/a (plan). Sample: Plan v6 and materiality playbook v2 examined; interviews with General Counsel, CFO, CISO, Director of Payments and PCI Compliance, Director of Franchise Technology Compliance",EV-IR-8,Satisfied,"Plan includes card brand, acquirer, and SEC steps, defines reportable incidents, and is protected",,
IR-8,IR-08a.04,"an incident response plan is developed that meets the unique requirements of the organization with regard to mission, size, structure, and functions;",Examine; Interview,"Incident response plan v6; materiality playbook v2; disclosure committee roster and minutes. Population: n/a (plan). Sample: Plan v6 and materiality playbook v2 examined; interviews with General Counsel, CFO, CISO, Director of Payments and PCI Compliance, Director of Franchise Technology Compliance",EV-IR-8,Other than satisfied,Plan does not address incidents that start at a franchised hotel or affect only franchisee guests,High,POAM-014
IR-8,IR-08a.05,an incident response plan is developed that defines reportable incidents;,Examine; Interview,"Incident response plan v6; materiality playbook v2; disclosure committee roster and minutes. Population: n/a (plan). Sample: Plan v6 and materiality playbook v2 examined; interviews with General Counsel, CFO, CISO, Director of Payments and PCI Compliance, Director of Franchise Technology Compliance",EV-IR-8,Satisfied,"Plan includes card brand, acquirer, and SEC steps, defines reportable incidents, and is protected",,
IR-8,IR-08a.06,an incident response plan is developed that provides metrics for measuring the incident response capability within the organization;,Examine; Interview,"Incident response plan v6; materiality playbook v2; disclosure committee roster and minutes. Population: n/a (plan). Sample: Plan v6 and materiality playbook v2 examined; interviews with General Counsel, CFO, CISO, Director of Payments and PCI Compliance, Director of Franchise Technology Compliance",EV-IR-8,Satisfied,"Plan includes card brand, acquirer, and SEC steps, defines reportable incidents, and is protected",,
IR-8,IR-08a.07,an incident response plan is developed that defines the resources and management support needed to effectively maintain and mature an incident response capability;,Examine; Interview,"Incident response plan v6; materiality playbook v2; disclosure committee roster and minutes. Population: n/a (plan). Sample: Plan v6 and materiality playbook v2 examined; interviews with General Counsel, CFO, CISO, Director of Payments and PCI Compliance, Director of Franchise Technology Compliance",EV-IR-8,Satisfied,"Plan includes card brand, acquirer, and SEC steps, defines reportable incidents, and is protected",,
IR-8,IR-08a.08,an incident response plan is developed that addresses the sharing of incident information;,Examine; Interview,"Incident response plan v6; materiality playbook v2; disclosure committee roster and minutes. Population: n/a (plan). Sample: Plan v6 and materiality playbook v2 examined; interviews with General Counsel, CFO, CISO, Director of Payments and PCI Compliance, Director of Franchise Technology Compliance",EV-IR-8,Satisfied,"Plan includes card brand, acquirer, and SEC steps, defines reportable incidents, and is protected",,
IR-8,IR-08a.09,an incident response plan is developed that is reviewed and approved by [organization-defined value] [organization-defined value];,Examine; Interview,"Incident response plan v6; materiality playbook v2; disclosure committee roster and minutes. Population: n/a (plan). Sample: Plan v6 and materiality playbook v2 examined; interviews with General Counsel, CFO, CISO, Director of Payments and PCI Compliance, Director of Franchise Technology Compliance",EV-IR-8,Satisfied,"Plan includes card brand, acquirer, and SEC steps, defines reportable incidents, and is protected",,
IR-8,IR-08a.10,an incident response plan is developed that explicitly designates responsibility for incident response to [organization-defined value].,Examine; Interview,"Incident response plan v6; materiality playbook v2; disclosure committee roster and minutes. Population: n/a (plan). Sample: Plan v6 and materiality playbook v2 examined; interviews with General Counsel, CFO, CISO, Director of Payments and PCI Compliance, Director of Franchise Technology Compliance",EV-IR-8,Satisfied,"Plan includes card brand, acquirer, and SEC steps, defines reportable incidents, and is protected",,
IR-8,IR-08b.[01],copies of the incident response plan are distributed to [organization-defined value];,Examine; Interview,"Incident response plan v6; materiality playbook v2; disclosure committee roster and minutes. Population: n/a (plan). Sample: Plan v6 and materiality playbook v2 examined; interviews with General Counsel, CFO, CISO, Director of Payments and PCI Compliance, Director of Franchise Technology Compliance",EV-IR-8,Satisfied,"Plan includes card brand, acquirer, and SEC steps, defines reportable incidents, and is protected",,
IR-8,IR-08b.[02],copies of the incident response plan are distributed to [organization-defined value];,Examine; Interview,"Incident response plan v6; materiality playbook v2; disclosure committee roster and minutes. Population: n/a (plan). Sample: Plan v6 and materiality playbook v2 examined; interviews with General Counsel, CFO, CISO, Director of Payments and PCI Compliance, Director of Franchise Technology Compliance",EV-IR-8,Satisfied,"Plan includes card brand, acquirer, and SEC steps, defines reportable incidents, and is protected",,
IR-8,IR-08c.,"the incident response plan is updated to address system and organizational changes or problems encountered during plan implementation, execution, or testing;",Examine; Interview,"Incident response plan v6; materiality playbook v2; disclosure committee roster and minutes. Population: n/a (plan). Sample: Plan v6 and materiality playbook v2 examined; interviews with General Counsel, CFO, CISO, Director of Payments and PCI Compliance, Director of Franchise Technology Compliance",EV-IR-8,Other than satisfied,Plan and playbook not updated after 3 disclosure committee members changed in 2026,High,POAM-014
IR-8,IR-08d.[01],incident response plan changes are communicated to [organization-defined value];,Examine; Interview,"Incident response plan v6; materiality playbook v2; disclosure committee roster and minutes. Population: n/a (plan). Sample: Plan v6 and materiality playbook v2 examined; interviews with General Counsel, CFO, CISO, Director of Payments and PCI Compliance, Director of Franchise Technology Compliance",EV-IR-8,Other than satisfied,New disclosure committee members were not briefed on the playbook,High,POAM-014
IR-8,IR-08d.[02],incident response plan changes are communicated to [organization-defined value];,Examine; Interview,"Incident response plan v6; materiality playbook v2; disclosure committee roster and minutes. Population: n/a (plan). Sample: Plan v6 and materiality playbook v2 examined; interviews with General Counsel, CFO, CISO, Director of Payments and PCI Compliance, Director of Franchise Technology Compliance",EV-IR-8,Satisfied,"Plan includes card brand, acquirer, and SEC steps, defines reportable incidents, and is protected",,
IR-8,IR-08e.[01],the incident response plan is protected from unauthorized disclosure;,Examine; Interview,"Incident response plan v6; materiality playbook v2; disclosure committee roster and minutes. Population: n/a (plan). Sample: Plan v6 and materiality playbook v2 examined; interviews with General Counsel, CFO, CISO, Director of Payments and PCI Compliance, Director of Franchise Technology Compliance",EV-IR-8,Satisfied,"Plan includes card brand, acquirer, and SEC steps, defines reportable incidents, and is protected",,
IR-8,IR-08e.[02],the incident response plan is protected from unauthorized modification.,Examine; Interview,"Incident response plan v6; materiality playbook v2; disclosure committee roster and minutes. Population: n/a (plan). Sample: Plan v6 and materiality playbook v2 examined; interviews with General Counsel, CFO, CISO, Director of Payments and PCI Compliance, Director of Franchise Technology Compliance",EV-IR-8,Satisfied,"Plan includes card brand, acquirer, and SEC steps, defines reportable incidents, and is protected",,
MA-4,MA-04a.[01],nonlocal maintenance and diagnostic activities are approved;,Examine; Test,"PAM vendor session records; hotel firewall rules; vendor remote tool inventory. Population: 14 property-system vendors; 1,420 PAM vendor sessions (2026-01-01 to 2026-06-30). Sample: 100% of vendors; 25 PAM sessions (random)",EV-MA-4,Satisfied,"PAM vendor sessions were approved, policy-compliant, documented in the SSP, and recorded",,
MA-4,MA-04a.[02],nonlocal maintenance and diagnostic activities are monitored;,Examine; Test,"PAM vendor session records; hotel firewall rules; vendor remote tool inventory. Population: 14 property-system vendors; 1,420 PAM vendor sessions (2026-01-01 to 2026-06-30). Sample: 100% of vendors; 25 PAM sessions (random)",EV-MA-4,Other than satisfied,Sessions through the 5 vendor-managed tools are not monitored by the company,High,POAM-005
MA-4,MA-04b.[01],the use of nonlocal maintenance and diagnostic tools are allowed only as consistent with organizational policy;,Examine; Test,"PAM vendor session records; hotel firewall rules; vendor remote tool inventory. Population: 14 property-system vendors; 1,420 PAM vendor sessions (2026-01-01 to 2026-06-30). Sample: 100% of vendors; 25 PAM sessions (random)",EV-MA-4,Satisfied,"PAM vendor sessions were approved, policy-compliant, documented in the SSP, and recorded",,
MA-4,MA-04b.[02],the use of nonlocal maintenance and diagnostic tools are documented in the security plan for the system;,Examine; Test,"PAM vendor session records; hotel firewall rules; vendor remote tool inventory. Population: 14 property-system vendors; 1,420 PAM vendor sessions (2026-01-01 to 2026-06-30). Sample: 100% of vendors; 25 PAM sessions (random)",EV-MA-4,Satisfied,"PAM vendor sessions were approved, policy-compliant, documented in the SSP, and recorded",,
MA-4,MA-04c.,strong authentication is employed in the establishment of nonlocal maintenance and diagnostic sessions;,Examine; Test,"PAM vendor session records; hotel firewall rules; vendor remote tool inventory. Population: 14 property-system vendors; 1,420 PAM vendor sessions (2026-01-01 to 2026-06-30). Sample: 100% of vendors; 25 PAM sessions (random)",EV-MA-4,Other than satisfied,Vendor-managed tools do not use company MFA,High,POAM-005
MA-4,MA-04d.,records for nonlocal maintenance and diagnostic activities are maintained;,Examine; Test,"PAM vendor session records; hotel firewall rules; vendor remote tool inventory. Population: 14 property-system vendors; 1,420 PAM vendor sessions (2026-01-01 to 2026-06-30). Sample: 100% of vendors; 25 PAM sessions (random)",EV-MA-4,Satisfied,"PAM vendor sessions were approved, policy-compliant, documented in the SSP, and recorded",,
MA-4,MA-04e.[01],session connections are terminated when nonlocal maintenance is completed;,Examine; Test,"PAM vendor session records; hotel firewall rules; vendor remote tool inventory. Population: 14 property-system vendors; 1,420 PAM vendor sessions (2026-01-01 to 2026-06-30). Sample: 100% of vendors; 25 PAM sessions (random)",EV-MA-4,Satisfied,"PAM vendor sessions were approved, policy-compliant, documented in the SSP, and recorded",,
MA-4,MA-04e.[02],network connections are terminated when nonlocal maintenance is completed.,Examine; Test,"PAM vendor session records; hotel firewall rules; vendor remote tool inventory. Population: 14 property-system vendors; 1,420 PAM vendor sessions (2026-01-01 to 2026-06-30). Sample: 100% of vendors; 25 PAM sessions (random)",EV-MA-4,Other than satisfied,Vendor tools and their network connections were left enabled after maintenance windows at 11 of 37 hotels,High,POAM-005
PS-4,PS-04a.,"upon termination of individual employment, system access is disabled within [organization-defined value];",Examine; Test,"HR records; identity governance logs; resort service desk tickets. Population: 1,318 terminations. Sample: 60 (same sample as AC-2)",EV-PS-4,Other than satisfied,"3 of 60 sampled terminations, all at the 9 resorts, were disabled 2 to 9 days late (standard: same business day)",High,POAM-003
PS-4,PS-04b.,"upon termination of individual employment, any authenticators and credentials are terminated or revoked;",Examine; Test,"HR records; identity governance logs; resort service desk tickets. Population: 1,318 terminations. Sample: 60 (same sample as AC-2)",EV-PS-4,Satisfied,"Credentials revoked, exit steps done, property retrieved, and access to records retained",,
PS-4,PS-04c.,"upon termination of individual employment, exit interviews that include a discussion of [organization-defined value] are conducted;",Examine; Test,"HR records; identity governance logs; resort service desk tickets. Population: 1,318 terminations. Sample: 60 (same sample as AC-2)",EV-PS-4,Satisfied,"Credentials revoked, exit steps done, property retrieved, and access to records retained",,
PS-4,PS-04d.,"upon termination of individual employment, all security-related organizational system-related property is retrieved;",Examine; Test,"HR records; identity governance logs; resort service desk tickets. Population: 1,318 terminations. Sample: 60 (same sample as AC-2)",EV-PS-4,Satisfied,"Credentials revoked, exit steps done, property retrieved, and access to records retained",,
PS-4,PS-04e.,"upon termination of individual employment, access to organizational information and systems formerly controlled by the terminated individual are retained.",Examine; Test,"HR records; identity governance logs; resort service desk tickets. Population: 1,318 terminations. Sample: 60 (same sample as AC-2)",EV-PS-4,Satisfied,"Credentials revoked, exit steps done, property retrieved, and access to records retained",,
RA-3,RA-03a.01,a risk assessment is conducted to identify threats to and vulnerabilities in the system;,Examine,P01 risk register; targeted risk analyses. Population: n/a. Sample: 2026 enterprise risk analysis and targeted risk analyses examined,EV-RA-3,Satisfied,"Risk analysis complete, integrated with ERM, reviewed, and disseminated",,
RA-3,RA-03a.02,"a risk assessment is conducted to determine the likelihood and magnitude of harm from unauthorized access, use, disclosure, disruption, modification, or destruction of the system; the information it processes, stores, or transmits; and any related information;",Examine,P01 risk register; targeted risk analyses. Population: n/a. Sample: 2026 enterprise risk analysis and targeted risk analyses examined,EV-RA-3,Satisfied,"Risk analysis complete, integrated with ERM, reviewed, and disseminated",,
RA-3,RA-03a.03,a risk assessment is conducted to determine the likelihood and impact of adverse effects on individuals arising from the processing of personally identifiable information;,Examine,P01 risk register; targeted risk analyses. Population: n/a. Sample: 2026 enterprise risk analysis and targeted risk analyses examined,EV-RA-3,Satisfied,"Risk analysis complete, integrated with ERM, reviewed, and disseminated",,
RA-3,RA-03b.,risk assessment results and risk management decisions from the organization and mission or business process perspectives are integrated with system-level risk assessments;,Examine,P01 risk register; targeted risk analyses. Population: n/a. Sample: 2026 enterprise risk analysis and targeted risk analyses examined,EV-RA-3,Satisfied,"Risk analysis complete, integrated with ERM, reviewed, and disseminated",,
RA-3,RA-03c.,risk assessment results are documented in [organization-defined value];,Examine,P01 risk register; targeted risk analyses. Population: n/a. Sample: 2026 enterprise risk analysis and targeted risk analyses examined,EV-RA-3,Satisfied,"Risk analysis complete, integrated with ERM, reviewed, and disseminated",,
RA-3,RA-03d.,risk assessment results are reviewed [organization-defined value];,Examine,P01 risk register; targeted risk analyses. Population: n/a. Sample: 2026 enterprise risk analysis and targeted risk analyses examined,EV-RA-3,Satisfied,"Risk analysis complete, integrated with ERM, reviewed, and disseminated",,
RA-3,RA-03e.,risk assessment results are disseminated to [organization-defined value];,Examine,P01 risk register; targeted risk analyses. Population: n/a. Sample: 2026 enterprise risk analysis and targeted risk analyses examined,EV-RA-3,Satisfied,"Risk analysis complete, integrated with ERM, reviewed, and disseminated",,
RA-3,RA-03f.,"the risk assessment is updated [organization-defined value] or when there are significant changes to the system, its environment of operation, or other conditions that may impact the security or privacy state of the system.",Examine,P01 risk register; targeted risk analyses. Population: n/a. Sample: 2026 enterprise risk analysis and targeted risk analyses examined,EV-RA-3,Satisfied,"Risk analysis complete, integrated with ERM, reviewed, and disseminated",,
RA-5,RA-05a.[01],systems and hosted applications are monitored for vulnerabilities [organization-defined value] and when new vulnerabilities potentially affecting the system are identified and reported;,Examine; Test,"Scan reports; remediation tickets; ASV attestations. Population: 1,860 vulnerability findings on PPP components (2026-01-01 to 2026-06-30). Sample: 60 findings (random)",EV-RA-5,Satisfied,Scanning cadence and tools met; results analyzed and shared,,
RA-5,RA-05a.[02],systems and hosted applications are scanned for vulnerabilities [organization-defined value] and when new vulnerabilities potentially affecting the system are identified and reported;,Examine; Test,"Scan reports; remediation tickets; ASV attestations. Population: 1,860 vulnerability findings on PPP components (2026-01-01 to 2026-06-30). Sample: 60 findings (random)",EV-RA-5,Satisfied,Scanning cadence and tools met; results analyzed and shared,,
RA-5,RA-05b.01,"vulnerability monitoring tools and techniques are employed to automate parts of the vulnerability management process by using standards for enumerating platforms, software flaws, and improper configurations;",Examine; Test,"Scan reports; remediation tickets; ASV attestations. Population: 1,860 vulnerability findings on PPP components (2026-01-01 to 2026-06-30). Sample: 60 findings (random)",EV-RA-5,Satisfied,Scanning cadence and tools met; results analyzed and shared,,
RA-5,RA-05b.02,vulnerability monitoring tools and techniques are employed to facilitate interoperability among tools and to automate parts of the vulnerability management process by using standards for formatting checklists and test procedures;,Examine; Test,"Scan reports; remediation tickets; ASV attestations. Population: 1,860 vulnerability findings on PPP components (2026-01-01 to 2026-06-30). Sample: 60 findings (random)",EV-RA-5,Satisfied,Scanning cadence and tools met; results analyzed and shared,,
RA-5,RA-05b.03,vulnerability monitoring tools and techniques are employed to facilitate interoperability among tools and to automate parts of the vulnerability management process by using standards for measuring vulnerability impact;,Examine; Test,"Scan reports; remediation tickets; ASV attestations. Population: 1,860 vulnerability findings on PPP components (2026-01-01 to 2026-06-30). Sample: 60 findings (random)",EV-RA-5,Satisfied,Scanning cadence and tools met; results analyzed and shared,,
RA-5,RA-05c.,vulnerability scan reports and results from vulnerability monitoring are analyzed;,Examine; Test,"Scan reports; remediation tickets; ASV attestations. Population: 1,860 vulnerability findings on PPP components (2026-01-01 to 2026-06-30). Sample: 60 findings (random)",EV-RA-5,Satisfied,Scanning cadence and tools met; results analyzed and shared,,
RA-5,RA-05d.,legitimate vulnerabilities are remediated [organization-defined value] in accordance with an organizational assessment of risk;,Examine; Test,"Scan reports; remediation tickets; ASV attestations. Population: 1,860 vulnerability findings on PPP components (2026-01-01 to 2026-06-30). Sample: 60 findings (random)",EV-RA-5,Other than satisfied,11 of 60 sampled critical findings on legacy POS servers exceeded the 30-day remediation target,Moderate,POAM-016
RA-5,RA-05e.,information obtained from the vulnerability monitoring process and control assessments is shared with [organization-defined value] to help eliminate similar vulnerabilities in other systems;,Examine; Test,"Scan reports; remediation tickets; ASV attestations. Population: 1,860 vulnerability findings on PPP components (2026-01-01 to 2026-06-30). Sample: 60 findings (random)",EV-RA-5,Satisfied,Scanning cadence and tools met; results analyzed and shared,,
RA-5,RA-05f.,vulnerability monitoring tools that include the capability to readily update the vulnerabilities to be scanned are employed.,Examine; Test,"Scan reports; remediation tickets; ASV attestations. Population: 1,860 vulnerability findings on PPP components (2026-01-01 to 2026-06-30). Sample: 60 findings (random)",EV-RA-5,Satisfied,Scanning cadence and tools met; results analyzed and shared,,
SA-9,SA-09a.[01],providers of external system services comply with organizational security requirements;,Examine; Interview,Vendor register; AOC and SOC report reviews; franchise AOC tracker; Director of Third-Party Risk Management interview. Population: 86 card-data and personal-data vendors; franchise AOC tracker for 640 hotels. Sample: 100%,EV-SA-9,Other than satisfied,"3 of 86 vendors (legacy POS vendor, one lock vendor, the seller's hosting provider) had no current AOC",High,POAM-012
SA-9,SA-09a.[02],providers of external system services comply with organizational privacy requirements;,Examine; Interview,Vendor register; AOC and SOC report reviews; franchise AOC tracker; Director of Third-Party Risk Management interview. Population: 86 card-data and personal-data vendors; franchise AOC tracker for 640 hotels. Sample: 100%,EV-SA-9,Satisfied,Oversight roles and vendor responsibilities are defined; contracts carry security terms,,
SA-9,SA-09a.[03],providers of external system services employ [organization-defined value];,Examine; Interview,Vendor register; AOC and SOC report reviews; franchise AOC tracker; Director of Third-Party Risk Management interview. Population: 86 card-data and personal-data vendors; franchise AOC tracker for 640 hotels. Sample: 100%,EV-SA-9,Satisfied,Oversight roles and vendor responsibilities are defined; contracts carry security terms,,
SA-9,SA-09b.[01],organizational oversight with regard to external system services are defined and documented;,Examine; Interview,Vendor register; AOC and SOC report reviews; franchise AOC tracker; Director of Third-Party Risk Management interview. Population: 86 card-data and personal-data vendors; franchise AOC tracker for 640 hotels. Sample: 100%,EV-SA-9,Satisfied,Oversight roles and vendor responsibilities are defined; contracts carry security terms,,
SA-9,SA-09b.[02],user roles and responsibilities with regard to external system services are defined and documented;,Examine; Interview,Vendor register; AOC and SOC report reviews; franchise AOC tracker; Director of Third-Party Risk Management interview. Population: 86 card-data and personal-data vendors; franchise AOC tracker for 640 hotels. Sample: 100%,EV-SA-9,Satisfied,Oversight roles and vendor responsibilities are defined; contracts carry security terms,,
SA-9,SA-09c.,[organization-defined value] are employed to monitor control compliance by external service providers on an ongoing basis.,Examine; Interview,Vendor register; AOC and SOC report reviews; franchise AOC tracker; Director of Third-Party Risk Management interview. Population: 86 card-data and personal-data vendors; franchise AOC tracker for 640 hotels. Sample: 100%,EV-SA-9,Other than satisfied,141 of 640 franchised hotels did not submit a 2025 AOC and no default notices were issued; no technical visibility into 230 hotels off the managed network,High,POAM-012
SA-22,SA-22a.,"system components are replaced when support for the components is no longer available from the developer, vendor, or manufacturer;",Examine,Unsupported component register; vendor support notices. Population: Unsupported component list. Sample: 100%,EV-SA-22,Other than satisfied,31 lock servers and legacy POS workstations at 6 hotels run operating systems out of vendor support,High,POAM-009
SA-22,SA-22b.,[organization-defined value] provide options for alternative sources for continued support for unsupported components.,Examine,Unsupported component register; vendor support notices. Population: Unsupported component list. Sample: 100%,EV-SA-22,Satisfied,Paid extended support and isolation are documented for the legacy POS workstations (EXC-2026-011),,
SC-7,SC-07a.[01],communications at external managed interfaces to the system are monitored;,Examine; Test,"Firewall rule review; segmentation test 2026-05; co-source reachability test. Population: 2,340 hub and hotel firewall rules; network configurations at 41 legacy hotels. Sample: 100% (rule analytics); reachability test from a franchised hotel segment in the network lab",EV-SC-7,Satisfied,External interfaces monitored and controlled; public components in separate subnetworks,,
SC-7,SC-07a.[02],communications at external managed interfaces to the system are controlled;,Examine; Test,"Firewall rule review; segmentation test 2026-05; co-source reachability test. Population: 2,340 hub and hotel firewall rules; network configurations at 41 legacy hotels. Sample: 100% (rule analytics); reachability test from a franchised hotel segment in the network lab",EV-SC-7,Satisfied,External interfaces monitored and controlled; public components in separate subnetworks,,
SC-7,SC-07a.[03],communications at key internal managed interfaces within the system are monitored;,Examine; Test,"Firewall rule review; segmentation test 2026-05; co-source reachability test. Population: 2,340 hub and hotel firewall rules; network configurations at 41 legacy hotels. Sample: 100% (rule analytics); reachability test from a franchised hotel segment in the network lab",EV-SC-7,Satisfied,External interfaces monitored and controlled; public components in separate subnetworks,,
SC-7,SC-07a.[04],communications at key internal managed interfaces within the system are controlled;,Examine; Test,"Firewall rule review; segmentation test 2026-05; co-source reachability test. Population: 2,340 hub and hotel firewall rules; network configurations at 41 legacy hotels. Sample: 100% (rule analytics); reachability test from a franchised hotel segment in the network lab",EV-SC-7,Other than satisfied,The hub rule letting franchised segments reach the CRS integration tier on 2 ports was removed 2026-06-02 but not yet verified; legacy POS servers share segments with back office PCs at 9 hotels (POAM-001),High,POAM-004
SC-7,SC-07b.,subnetworks for publicly accessible system components are [organization-defined value] separated from internal organizational networks;,Examine; Test,"Firewall rule review; segmentation test 2026-05; co-source reachability test. Population: 2,340 hub and hotel firewall rules; network configurations at 41 legacy hotels. Sample: 100% (rule analytics); reachability test from a franchised hotel segment in the network lab",EV-SC-7,Satisfied,External interfaces monitored and controlled; public components in separate subnetworks,,
SC-7,SC-07c.,external networks or systems are only connected to through managed interfaces consisting of boundary protection devices arranged in accordance with an organizational security and privacy architecture.,Examine; Test,"Firewall rule review; segmentation test 2026-05; co-source reachability test. Population: 2,340 hub and hotel firewall rules; network configurations at 41 legacy hotels. Sample: 100% (rule analytics); reachability test from a franchised hotel segment in the network lab",EV-SC-7,Satisfied,External interfaces monitored and controlled; public components in separate subnetworks,,
SC-8,SC-08,the [organization-defined value] of transmitted information is/are protected.,Examine; Test,TLS scan; packet captures. Population: All PPP interfaces. Sample: 100% (TLS scan); packet capture at 2 legacy hotels using test cards,EV-SC-8,Other than satisfied,"Interfaces use TLS 1.2 or higher, but legacy POS sends unencrypted card data between workstations and the on-property server (confirmed at 2 hotels)",High,POAM-001
SC-12,SC-12[01],cryptographic keys are established when cryptography is employed within the system in accordance with [organization-defined value];,Examine; Interview,Key ceremony records; HSM logs. Population: Key ceremonies and rotations (2025-07 to 2026-06). Sample: 100%,EV-SC-12,Satisfied,Keys generated in HSMs with split knowledge and dual control,,
SC-12,SC-12[02],cryptographic keys are managed when cryptography is employed within the system in accordance with [organization-defined value].,Examine; Interview,Key ceremony records; HSM logs. Population: Key ceremonies and rotations (2025-07 to 2026-06). Sample: 100%,EV-SC-12,Satisfied,Keys generated in HSMs with split knowledge and dual control,,
SC-28,SC-28,the [organization-defined value] of [organization-defined value] is/are protected.,Examine,Database and backup encryption settings. Population: n/a (configuration). Sample: Vault database and backup encryption inspected,EV-SC-28,Satisfied,Vault data encrypted with HSM-protected keys; tokens elsewhere,,
SI-2,SI-02a.[01],system flaws are identified;,Examine,Patch records; test records. Population: 238 patches for PPP components (2026-01-01 to 2026-06-30). Sample: 25 patches (random),EV-SI-2,Satisfied,"Flaws identified, reported, and tested before installation through change control",,
SI-2,SI-02a.[02],system flaws are reported;,Examine,Patch records; test records. Population: 238 patches for PPP components (2026-01-01 to 2026-06-30). Sample: 25 patches (random),EV-SI-2,Satisfied,"Flaws identified, reported, and tested before installation through change control",,
SI-2,SI-02a.[03],system flaws are corrected;,Examine,Patch records; test records. Population: 238 patches for PPP components (2026-01-01 to 2026-06-30). Sample: 25 patches (random),EV-SI-2,Satisfied,"Flaws identified, reported, and tested before installation through change control",,
SI-2,SI-02b.[01],software updates related to flaw remediation are tested for effectiveness before installation;,Examine,Patch records; test records. Population: 238 patches for PPP components (2026-01-01 to 2026-06-30). Sample: 25 patches (random),EV-SI-2,Satisfied,"Flaws identified, reported, and tested before installation through change control",,
SI-2,SI-02b.[02],software updates related to flaw remediation are tested for potential side effects before installation;,Examine,Patch records; test records. Population: 238 patches for PPP components (2026-01-01 to 2026-06-30). Sample: 25 patches (random),EV-SI-2,Satisfied,"Flaws identified, reported, and tested before installation through change control",,
SI-2,SI-02b.[03],firmware updates related to flaw remediation are tested for effectiveness before installation;,Examine,Patch records; test records. Population: 238 patches for PPP components (2026-01-01 to 2026-06-30). Sample: 25 patches (random),EV-SI-2,Satisfied,"Flaws identified, reported, and tested before installation through change control",,
SI-2,SI-02b.[04],firmware updates related to flaw remediation are tested for potential side effects before installation;,Examine,Patch records; test records. Population: 238 patches for PPP components (2026-01-01 to 2026-06-30). Sample: 25 patches (random),EV-SI-2,Satisfied,"Flaws identified, reported, and tested before installation through change control",,
SI-2,SI-02c.[01],security-relevant software updates are installed within [organization-defined value] of the release of the updates;,Examine,Patch records; test records. Population: 238 patches for PPP components (2026-01-01 to 2026-06-30). Sample: 25 patches (random),EV-SI-2,Other than satisfied,Legacy POS and lock server patches are applied on vendor schedules; 4 of 25 sampled patches were installed after 30 days,Moderate,POAM-016
SI-2,SI-02c.[02],security-relevant firmware updates are installed within [organization-defined value] of the release of the updates;,Examine,Patch records; test records. Population: 238 patches for PPP components (2026-01-01 to 2026-06-30). Sample: 25 patches (random),EV-SI-2,Satisfied,"Flaws identified, reported, and tested before installation through change control",,
SI-2,SI-02d.,flaw remediation is incorporated into the organizational configuration management process.,Examine,Patch records; test records. Population: 238 patches for PPP components (2026-01-01 to 2026-06-30). Sample: 25 patches (random),EV-SI-2,Satisfied,"Flaws identified, reported, and tested before installation through change control",,
SI-4,SI-04a.01,the system is monitored to detect attacks and indicators of potential attacks in accordance with [organization-defined value];,Examine; Test,"SOC coverage map; EDR reports; alert tests. Population: Coverage map; EDR coverage for about 21,000 endpoints. Sample: 100% of coverage map; SOC alert test on 2 hotels",EV-SI-4,Other than satisfied,"Legacy POS workstations at 41 hotels have no EDR, so memory-scraping malware would not be detected",High,POAM-001
SI-4,SI-04a.02[01],the system is monitored to detect unauthorized local connections;,Examine; Test,"SOC coverage map; EDR reports; alert tests. Population: Coverage map; EDR coverage for about 21,000 endpoints. Sample: 100% of coverage map; SOC alert test on 2 hotels",EV-SI-4,Satisfied,"Monitoring objectives, analysis, legal review, and reporting in place",,
SI-4,SI-04a.02[02],the system is monitored to detect unauthorized network connections;,Examine; Test,"SOC coverage map; EDR reports; alert tests. Population: Coverage map; EDR coverage for about 21,000 endpoints. Sample: 100% of coverage map; SOC alert test on 2 hotels",EV-SI-4,Satisfied,"Monitoring objectives, analysis, legal review, and reporting in place",,
SI-4,SI-04a.02[03],the system is monitored to detect unauthorized remote connections;,Examine; Test,"SOC coverage map; EDR reports; alert tests. Population: Coverage map; EDR coverage for about 21,000 endpoints. Sample: 100% of coverage map; SOC alert test on 2 hotels",EV-SI-4,Other than satisfied,Sessions through the 5 vendor-managed remote tools are not visible to the SOC,High,POAM-005
SI-4,SI-04b.,unauthorized use of the system is identified through [organization-defined value];,Examine; Test,"SOC coverage map; EDR reports; alert tests. Population: Coverage map; EDR coverage for about 21,000 endpoints. Sample: 100% of coverage map; SOC alert test on 2 hotels",EV-SI-4,Satisfied,"Monitoring objectives, analysis, legal review, and reporting in place",,
SI-4,SI-04c.01,internal monitoring capabilities are invoked or monitoring devices are deployed strategically within the system to collect organization-determined essential information;,Examine; Test,"SOC coverage map; EDR reports; alert tests. Population: Coverage map; EDR coverage for about 21,000 endpoints. Sample: 100% of coverage map; SOC alert test on 2 hotels",EV-SI-4,Satisfied,"Monitoring objectives, analysis, legal review, and reporting in place",,
SI-4,SI-04c.02,internal monitoring capabilities are invoked or monitoring devices are deployed at ad hoc locations within the system to track specific types of transactions of interest to the organization;,Examine; Test,"SOC coverage map; EDR reports; alert tests. Population: Coverage map; EDR coverage for about 21,000 endpoints. Sample: 100% of coverage map; SOC alert test on 2 hotels",EV-SI-4,Satisfied,"Monitoring objectives, analysis, legal review, and reporting in place",,
SI-4,SI-04d.[01],detected events are analyzed;,Examine; Test,"SOC coverage map; EDR reports; alert tests. Population: Coverage map; EDR coverage for about 21,000 endpoints. Sample: 100% of coverage map; SOC alert test on 2 hotels",EV-SI-4,Satisfied,"Monitoring objectives, analysis, legal review, and reporting in place",,
SI-4,SI-04d.[02],detected anomalies are analyzed;,Examine; Test,"SOC coverage map; EDR reports; alert tests. Population: Coverage map; EDR coverage for about 21,000 endpoints. Sample: 100% of coverage map; SOC alert test on 2 hotels",EV-SI-4,Satisfied,"Monitoring objectives, analysis, legal review, and reporting in place",,
SI-4,SI-04e.,"the level of system monitoring activity is adjusted when there is a change in risk to organizational operations and assets, individuals, other organizations, or the Nation;",Examine; Test,"SOC coverage map; EDR reports; alert tests. Population: Coverage map; EDR coverage for about 21,000 endpoints. Sample: 100% of coverage map; SOC alert test on 2 hotels",EV-SI-4,Satisfied,"Monitoring objectives, analysis, legal review, and reporting in place",,
SI-4,SI-04f.,a legal opinion regarding system monitoring activities is obtained;,Examine; Test,"SOC coverage map; EDR reports; alert tests. Population: Coverage map; EDR coverage for about 21,000 endpoints. Sample: 100% of coverage map; SOC alert test on 2 hotels",EV-SI-4,Satisfied,"Monitoring objectives, analysis, legal review, and reporting in place",,
SI-4,SI-04g.,[organization-defined value] is provided to [organization-defined value] [organization-defined value].,Examine; Test,"SOC coverage map; EDR reports; alert tests. Population: Coverage map; EDR coverage for about 21,000 endpoints. Sample: 100% of coverage map; SOC alert test on 2 hotels",EV-SI-4,Satisfied,"Monitoring objectives, analysis, legal review, and reporting in place",,
SI-7,SI-07a.[01],integrity verification tools are employed to detect unauthorized changes to [organization-defined value];,Examine; Test,"FIM configuration and alerts; payment page script monitoring. Population: 4 payment pages; vault, tokenization, and legacy POS components. Sample: 100%",EV-SI-7,Other than satisfied,No integrity monitoring on legacy POS software,High,POAM-001
SI-7,SI-07a.[02],integrity verification tools are employed to detect unauthorized changes to [organization-defined value];,Examine; Test,"FIM configuration and alerts; payment page script monitoring. Population: 4 payment pages; vault, tokenization, and legacy POS components. Sample: 100%",EV-SI-7,Satisfied,"FIM on vault, tokenization service, and booking engine payment form, with alert response",,
SI-7,SI-07a.[03],integrity verification tools are employed to detect unauthorized changes to [organization-defined value];,Examine; Test,"FIM configuration and alerts; payment page script monitoring. Population: 4 payment pages; vault, tokenization, and legacy POS components. Sample: 100%",EV-SI-7,Other than satisfied,No script inventory or tamper detection on the 3 resort booking microsites,High,POAM-015
SI-7,SI-07b.[01],"[organization-defined value] are taken when unauthorized changes to the software, are detected;",Examine; Test,"FIM configuration and alerts; payment page script monitoring. Population: 4 payment pages; vault, tokenization, and legacy POS components. Sample: 100%",EV-SI-7,Satisfied,"FIM on vault, tokenization service, and booking engine payment form, with alert response",,
SI-7,SI-07b.[02],[organization-defined value] are taken when unauthorized changes to the firmware are detected;,Examine; Test,"FIM configuration and alerts; payment page script monitoring. Population: 4 payment pages; vault, tokenization, and legacy POS components. Sample: 100%",EV-SI-7,Satisfied,"FIM on vault, tokenization service, and booking engine payment form, with alert response",,
SI-7,SI-07b.[03],[organization-defined value] are taken when unauthorized changes to the information are detected.,Examine; Test,"FIM configuration and alerts; payment page script monitoring. Population: 4 payment pages; vault, tokenization, and legacy POS components. Sample: 100%",EV-SI-7,Satisfied,"FIM on vault, tokenization service, and booking engine payment form, with alert response",,
SR-9,SR-09,"a tamper protection program is implemented for the system, system component, or system service.",Examine; Test,Inspection logs; tamper-evident seal checks. Population: 52 weeks of inspection logs at legacy outlets. Sample: 25 weeks (random),EV-SR-9,Other than satisfied,Inspections at legacy outlets missed in 7 of 25 sampled weeks,Moderate,POAM-013
