control_id,objective_id,determination_statement_summary,method,assessment_object,evidence_ref,finding,finding_detail,risk_level,poam_id
AC-2,AC-02a.[01],account types allowed for use within the system are defined and documented;,Examine; Interview; Test,"IdP and OT directory exports; SCADA local account lists (OCC, South Florida office, BCC); POL-02; samples: 25 of 96 terminations, 15 of 38 transfers, 25 of 110 new accounts; SCADA and Automation Manager and VP IT interviews",EV-AC-2,Satisfied,"Evidence supports the statement for corporate, SaaS, cloud, jump host, and OCC HMI accounts in all sampled items",,
AC-2,AC-02a.[02],account types specifically prohibited for use within the system are defined and documented;,Examine; Interview; Test,"IdP and OT directory exports; SCADA local account lists (OCC, South Florida office, BCC); POL-02; samples: 25 of 96 terminations, 15 of 38 transfers, 25 of 110 new accounts; SCADA and Automation Manager and VP IT interviews",EV-AC-2,Satisfied,"Evidence supports the statement for corporate, SaaS, cloud, jump host, and OCC HMI accounts in all sampled items",,
AC-2,AC-02b.,account managers are assigned;,Examine; Interview; Test,"IdP and OT directory exports; SCADA local account lists (OCC, South Florida office, BCC); POL-02; samples: 25 of 96 terminations, 15 of 38 transfers, 25 of 110 new accounts; SCADA and Automation Manager and VP IT interviews",EV-AC-2,Satisfied,"Evidence supports the statement for corporate, SaaS, cloud, jump host, and OCC HMI accounts in all sampled items",,
AC-2,AC-02c.,[organization-defined value] for group and role membership are required;,Examine; Interview; Test,"IdP and OT directory exports; SCADA local account lists (OCC, South Florida office, BCC); POL-02; samples: 25 of 96 terminations, 15 of 38 transfers, 25 of 110 new accounts; SCADA and Automation Manager and VP IT interviews",EV-AC-2,Satisfied,"Evidence supports the statement for corporate, SaaS, cloud, jump host, and OCC HMI accounts in all sampled items",,
AC-2,AC-02d.01,authorized users of the system are specified;,Examine; Interview; Test,"IdP and OT directory exports; SCADA local account lists (OCC, South Florida office, BCC); POL-02; samples: 25 of 96 terminations, 15 of 38 transfers, 25 of 110 new accounts; SCADA and Automation Manager and VP IT interviews",EV-AC-2,Satisfied,"Evidence supports the statement for corporate, SaaS, cloud, jump host, and OCC HMI accounts in all sampled items",,
AC-2,AC-02d.02,group and role membership are specified;,Examine; Interview; Test,"IdP and OT directory exports; SCADA local account lists (OCC, South Florida office, BCC); POL-02; samples: 25 of 96 terminations, 15 of 38 transfers, 25 of 110 new accounts; SCADA and Automation Manager and VP IT interviews",EV-AC-2,Satisfied,"Evidence supports the statement for corporate, SaaS, cloud, jump host, and OCC HMI accounts in all sampled items",,
AC-2,AC-02d.03[01],"access authorizations (i.e., privileges) are specified for each account;",Examine; Interview; Test,"IdP and OT directory exports; SCADA local account lists (OCC, South Florida office, BCC); POL-02; samples: 25 of 96 terminations, 15 of 38 transfers, 25 of 110 new accounts; SCADA and Automation Manager and VP IT interviews",EV-AC-2,Satisfied,"Evidence supports the statement for corporate, SaaS, cloud, jump host, and OCC HMI accounts in all sampled items",,
AC-2,AC-02d.03[02],[organization-defined value] are specified for each account;,Examine; Interview; Test,"IdP and OT directory exports; SCADA local account lists (OCC, South Florida office, BCC); POL-02; samples: 25 of 96 terminations, 15 of 38 transfers, 25 of 110 new accounts; SCADA and Automation Manager and VP IT interviews",EV-AC-2,Satisfied,"Evidence supports the statement for corporate, SaaS, cloud, jump host, and OCC HMI accounts in all sampled items",,
AC-2,AC-02e.,approvals are required by [organization-defined value] for requests to create accounts;,Examine; Interview; Test,"IdP and OT directory exports; SCADA local account lists (OCC, South Florida office, BCC); POL-02; samples: 25 of 96 terminations, 15 of 38 transfers, 25 of 110 new accounts; SCADA and Automation Manager and VP IT interviews",EV-AC-2,Satisfied,"Evidence supports the statement for corporate, SaaS, cloud, jump host, and OCC HMI accounts in all sampled items",,
AC-2,AC-02f.[01],accounts are created in accordance with [organization-defined value];,Examine; Interview; Test,"IdP and OT directory exports; SCADA local account lists (OCC, South Florida office, BCC); POL-02; samples: 25 of 96 terminations, 15 of 38 transfers, 25 of 110 new accounts; SCADA and Automation Manager and VP IT interviews",EV-AC-2,Satisfied,"Evidence supports the statement for corporate, SaaS, cloud, jump host, and OCC HMI accounts in all sampled items",,
AC-2,AC-02f.[02],accounts are enabled in accordance with [organization-defined value];,Examine; Interview; Test,"IdP and OT directory exports; SCADA local account lists (OCC, South Florida office, BCC); POL-02; samples: 25 of 96 terminations, 15 of 38 transfers, 25 of 110 new accounts; SCADA and Automation Manager and VP IT interviews",EV-AC-2,Satisfied,"Evidence supports the statement for corporate, SaaS, cloud, jump host, and OCC HMI accounts in all sampled items",,
AC-2,AC-02f.[03],accounts are modified in accordance with [organization-defined value];,Examine; Interview; Test,"IdP and OT directory exports; SCADA local account lists (OCC, South Florida office, BCC); POL-02; samples: 25 of 96 terminations, 15 of 38 transfers, 25 of 110 new accounts; SCADA and Automation Manager and VP IT interviews",EV-AC-2,Satisfied,"Evidence supports the statement for corporate, SaaS, cloud, jump host, and OCC HMI accounts in all sampled items",,
AC-2,AC-02f.[04],accounts are disabled in accordance with [organization-defined value];,Examine; Interview; Test,"IdP and OT directory exports; SCADA local account lists (OCC, South Florida office, BCC); POL-02; samples: 25 of 96 terminations, 15 of 38 transfers, 25 of 110 new accounts; SCADA and Automation Manager and VP IT interviews",EV-AC-2,Other than satisfied,4 of 25 sampled leavers were still active in SCADA local accounts at the South Florida office or the BCC 9 to 64 days after leaving; IdP accounts were disabled on time in 25 of 25,High,POAM-001
AC-2,AC-02f.[05],accounts are removed in accordance with [organization-defined value];,Examine; Interview; Test,"IdP and OT directory exports; SCADA local account lists (OCC, South Florida office, BCC); POL-02; samples: 25 of 96 terminations, 15 of 38 transfers, 25 of 110 new accounts; SCADA and Automation Manager and VP IT interviews",EV-AC-2,Other than satisfied,The same 4 SCADA local accounts had not been removed; local accounts are removed manually by area staff,High,POAM-001
AC-2,AC-02g.,the use of accounts is monitored;,Examine; Interview; Test,"IdP and OT directory exports; SCADA local account lists (OCC, South Florida office, BCC); POL-02; samples: 25 of 96 terminations, 15 of 38 transfers, 25 of 110 new accounts; SCADA and Automation Manager and VP IT interviews",EV-AC-2,Other than satisfied,Use of SCADA local accounts and the shared engineering account at the South Florida office and the BCC is not monitored; their logs are not collected (AU-2),High,POAM-001
AC-2,AC-02h.01,account managers and [organization-defined value] are notified within [organization-defined value] when accounts are no longer required;,Examine; Interview; Test,"IdP and OT directory exports; SCADA local account lists (OCC, South Florida office, BCC); POL-02; samples: 25 of 96 terminations, 15 of 38 transfers, 25 of 110 new accounts; SCADA and Automation Manager and VP IT interviews",EV-AC-2,Satisfied,"Evidence supports the statement for corporate, SaaS, cloud, jump host, and OCC HMI accounts in all sampled items",,
AC-2,AC-02h.02,account managers and [organization-defined value] are notified within [organization-defined value] when users are terminated or transferred;,Examine; Interview; Test,"IdP and OT directory exports; SCADA local account lists (OCC, South Florida office, BCC); POL-02; samples: 25 of 96 terminations, 15 of 38 transfers, 25 of 110 new accounts; SCADA and Automation Manager and VP IT interviews",EV-AC-2,Other than satisfied,"The HR feed notifies the identity provider but not the SCADA and Automation Manager; field leavers are reported to the area by email, which did not happen for the 4 accounts above",High,POAM-001
AC-2,AC-02h.03,account managers and [organization-defined value] are notified within [organization-defined value] when system usage or the need to know changes for an individual;,Examine; Interview; Test,"IdP and OT directory exports; SCADA local account lists (OCC, South Florida office, BCC); POL-02; samples: 25 of 96 terminations, 15 of 38 transfers, 25 of 110 new accounts; SCADA and Automation Manager and VP IT interviews",EV-AC-2,Satisfied,"Evidence supports the statement for corporate, SaaS, cloud, jump host, and OCC HMI accounts in all sampled items",,
AC-2,AC-02i.01,access to the system is authorized based on a valid access authorization;,Examine; Interview; Test,"IdP and OT directory exports; SCADA local account lists (OCC, South Florida office, BCC); POL-02; samples: 25 of 96 terminations, 15 of 38 transfers, 25 of 110 new accounts; SCADA and Automation Manager and VP IT interviews",EV-AC-2,Other than satisfied,The shared engineering account on the South Florida and BCC HMIs is used by 9 people under one authorization; access cannot be tied to an individual authorization,High,POAM-001
AC-2,AC-02i.02,access to the system is authorized based on intended system usage;,Examine; Interview; Test,"IdP and OT directory exports; SCADA local account lists (OCC, South Florida office, BCC); POL-02; samples: 25 of 96 terminations, 15 of 38 transfers, 25 of 110 new accounts; SCADA and Automation Manager and VP IT interviews",EV-AC-2,Satisfied,"Evidence supports the statement for corporate, SaaS, cloud, jump host, and OCC HMI accounts in all sampled items",,
AC-2,AC-02i.03,access to the system is authorized based on [organization-defined value];,Examine; Interview; Test,"IdP and OT directory exports; SCADA local account lists (OCC, South Florida office, BCC); POL-02; samples: 25 of 96 terminations, 15 of 38 transfers, 25 of 110 new accounts; SCADA and Automation Manager and VP IT interviews",EV-AC-2,Satisfied,"Evidence supports the statement for corporate, SaaS, cloud, jump host, and OCC HMI accounts in all sampled items",,
AC-2,AC-02j.,accounts are reviewed for compliance with account management requirements [organization-defined value];,Examine; Interview; Test,"IdP and OT directory exports; SCADA local account lists (OCC, South Florida office, BCC); POL-02; samples: 25 of 96 terminations, 15 of 38 transfers, 25 of 110 new accounts; SCADA and Automation Manager and VP IT interviews",EV-AC-2,Other than satisfied,"SCADA local accounts and controller passwords are reviewed annually (last 2025-11), not quarterly as POL-02 4.6 requires from 2026-10",High,POAM-001
AC-2,AC-02k.[01],a process is established for changing shared or group account authenticators (if deployed) when individuals are removed from the group;,Examine; Interview; Test,"IdP and OT directory exports; SCADA local account lists (OCC, South Florida office, BCC); POL-02; samples: 25 of 96 terminations, 15 of 38 transfers, 25 of 110 new accounts; SCADA and Automation Manager and VP IT interviews",EV-AC-2,Satisfied,"Evidence supports the statement for corporate, SaaS, cloud, jump host, and OCC HMI accounts in all sampled items",,
AC-2,AC-02k.[02],a process is implemented for changing shared or group account authenticators (if deployed) when individuals are removed from the group;,Examine; Interview; Test,"IdP and OT directory exports; SCADA local account lists (OCC, South Florida office, BCC); POL-02; samples: 25 of 96 terminations, 15 of 38 transfers, 25 of 110 new accounts; SCADA and Automation Manager and VP IT interviews",EV-AC-2,Other than satisfied,The shared engineering account password was not changed after 2 automation technicians left in 2026 (process defined in the 2024 policy but not followed),High,POAM-001
AC-2,AC-02l.[01],account management processes are aligned with personnel termination processes;,Examine; Interview; Test,"IdP and OT directory exports; SCADA local account lists (OCC, South Florida office, BCC); POL-02; samples: 25 of 96 terminations, 15 of 38 transfers, 25 of 110 new accounts; SCADA and Automation Manager and VP IT interviews",EV-AC-2,Other than satisfied,Account management for OT accounts is not aligned with the termination process (see AC-02f.[04] and AC-02h.02),High,POAM-001
AC-2,AC-02l.[02],account management processes are aligned with personnel transfer processes.,Examine; Interview; Test,"IdP and OT directory exports; SCADA local account lists (OCC, South Florida office, BCC); POL-02; samples: 25 of 96 terminations, 15 of 38 transfers, 25 of 110 new accounts; SCADA and Automation Manager and VP IT interviews",EV-AC-2,Satisfied,"Evidence supports the statement for corporate, SaaS, cloud, jump host, and OCC HMI accounts in all sampled items",,
AC-6,AC-06,"the principle of least privilege is employed, allowing only authorized accesses for users (or processes acting on behalf of users) that are necessary to accomplish assigned ...",Examine; Interview,Data platform permission export; SCADA role export; Production Accounting Director and Reservoir Engineering Manager interviews,EV-AC-6,Other than satisfied,"All 34 engineers can read a full copy of the royalty owner deck, including Social Security numbers, in the data platform although analytics need only owner counts and decimal interests; the shared field engineering account holds administrator rights on South Florida and BCC HMIs",Moderate,POAM-013
AC-6(5),AC-06(05),privileged accounts on the system are restricted to [organization-defined value].,Examine; Interview,Privileged access management vault report; SCADA server and engineering workstation local administrator lists; OT Security Engineer interview,EV-AC-6(5),Other than satisfied,Privileged access management covers cloud and directory administrators only; 6 standing local administrator accounts on SCADA servers and the 4 OCC engineering workstations are outside it,Moderate,POAM-014
AC-17,AC-17a.[01],usage restrictions are established and documented for each type of remote access allowed;,Examine; Interview; Test,POL-02 4.11; jump host configuration; 25 of 212 jump host sessions (July 2026); external scan of company and cellular address ranges (2026-08-12); compressor station walkthroughs (2 of 4),EV-AC-17,Satisfied,Usage restrictions and implementation guidance exist for the jump host; 25 of 25 sampled sessions were approved by the OCC shift lead and recorded,,
AC-17,AC-17a.[02],configuration/connection requirements are established and documented for each type of remote access allowed;,Examine; Interview; Test,POL-02 4.11; jump host configuration; 25 of 212 jump host sessions (July 2026); external scan of company and cellular address ranges (2026-08-12); compressor station walkthroughs (2 of 4),EV-AC-17,Other than satisfied,No configuration or connection requirements exist for the compressor packager's 4 cellular gateways or the flow computer vendor's support modem,High,POAM-002
AC-17,AC-17a.[03],implementation guidance is established and documented for each type of remote access allowed;,Examine; Interview; Test,POL-02 4.11; jump host configuration; 25 of 212 jump host sessions (July 2026); external scan of company and cellular address ranges (2026-08-12); compressor station walkthroughs (2 of 4),EV-AC-17,Satisfied,Usage restrictions and implementation guidance exist for the jump host; 25 of 25 sampled sessions were approved by the OCC shift lead and recorded,,
AC-17,AC-17b.,each type of remote access to the system is authorized prior to allowing such connections.,Examine; Interview; Test,POL-02 4.11; jump host configuration; 25 of 212 jump host sessions (July 2026); external scan of company and cellular address ranges (2026-08-12); compressor station walkthroughs (2 of 4),EV-AC-17,Other than satisfied,The packager gateways and the vendor modem were never authorized; they are always on and bypass the jump host. External scan: 2 of 4 gateways accepted inbound internet connections (stop-and-notify finding),High,POAM-002
AT-2,AT-02a.01[01],"security literacy training is provided to system users (including managers, senior executives, and contractors) as part of initial training for new users;",Examine; Interview,"Training records (25 of 110 new hires; 30 field staff sampled); phishing reports; interviews with 20 staff (10 office, 6 field, 4 Production Controllers)",EV-AT-2,Satisfied,New hires completed security and privacy training (25 of 25); phishing simulations run quarterly (June 2026 click rate 6.1%); content is updated yearly and after events (2026 payment fraud attempt added),,
AT-2,AT-02a.01[02],"privacy literacy training is provided to system users (including managers, senior executives, and contractors) as part of initial training for new users;",Examine; Interview,"Training records (25 of 110 new hires; 30 field staff sampled); phishing reports; interviews with 20 staff (10 office, 6 field, 4 Production Controllers)",EV-AT-2,Satisfied,New hires completed security and privacy training (25 of 25); phishing simulations run quarterly (June 2026 click rate 6.1%); content is updated yearly and after events (2026 payment fraud attempt added),,
AT-2,AT-02a.01[03],"security literacy training is provided to system users (including managers, senior executives, and contractors) [organization-defined value] thereafter;",Examine; Interview,"Training records (25 of 110 new hires; 30 field staff sampled); phishing reports; interviews with 20 staff (10 office, 6 field, 4 Production Controllers)",EV-AT-2,Other than satisfied,9 of 30 sampled field crew members and drivers had no record of the 2026 field safety briefing,Low,POAM-017
AT-2,AT-02a.01[04],"privacy literacy training is provided to system users (including managers, senior executives, and contractors) [organization-defined value] thereafter;",Examine; Interview,"Training records (25 of 110 new hires; 30 field staff sampled); phishing reports; interviews with 20 staff (10 office, 6 field, 4 Production Controllers)",EV-AT-2,Other than satisfied,The same 9 had no annual privacy content,Low,POAM-017
AT-2,AT-02a.02[01],"security literacy training is provided to system users (including managers, senior executives, and contractors) when required by system changes or following [organization-defined ...",Examine; Interview,"Training records (25 of 110 new hires; 30 field staff sampled); phishing reports; interviews with 20 staff (10 office, 6 field, 4 Production Controllers)",EV-AT-2,Other than satisfied,Production Controllers received no security or procedure training when the leak analytics tool (AI-003) went live in 2026,Low,POAM-017
AT-2,AT-02a.02[02],"privacy literacy training is provided to system users (including managers, senior executives, and contractors) when required by system changes or following [organization-defined ...",Examine; Interview,"Training records (25 of 110 new hires; 30 field staff sampled); phishing reports; interviews with 20 staff (10 office, 6 field, 4 Production Controllers)",EV-AT-2,Satisfied,New hires completed security and privacy training (25 of 25); phishing simulations run quarterly (June 2026 click rate 6.1%); content is updated yearly and after events (2026 payment fraud attempt added),,
AT-2,AT-02b.,[organization-defined value] are employed to increase the security and privacy awareness of system users;,Examine; Interview,"Training records (25 of 110 new hires; 30 field staff sampled); phishing reports; interviews with 20 staff (10 office, 6 field, 4 Production Controllers)",EV-AT-2,Satisfied,New hires completed security and privacy training (25 of 25); phishing simulations run quarterly (June 2026 click rate 6.1%); content is updated yearly and after events (2026 payment fraud attempt added),,
AT-2,AT-02c.[01],literacy training and awareness content is updated [organization-defined value];,Examine; Interview,"Training records (25 of 110 new hires; 30 field staff sampled); phishing reports; interviews with 20 staff (10 office, 6 field, 4 Production Controllers)",EV-AT-2,Satisfied,New hires completed security and privacy training (25 of 25); phishing simulations run quarterly (June 2026 click rate 6.1%); content is updated yearly and after events (2026 payment fraud attempt added),,
AT-2,AT-02c.[02],literacy training and awareness content is updated following [organization-defined value];,Examine; Interview,"Training records (25 of 110 new hires; 30 field staff sampled); phishing reports; interviews with 20 staff (10 office, 6 field, 4 Production Controllers)",EV-AT-2,Satisfied,New hires completed security and privacy training (25 of 25); phishing simulations run quarterly (June 2026 click rate 6.1%); content is updated yearly and after events (2026 payment fraud attempt added),,
AT-2,AT-02d.,lessons learned from internal or external security incidents or breaches are incorporated into literacy training and awareness techniques.,Examine; Interview,"Training records (25 of 110 new hires; 30 field staff sampled); phishing reports; interviews with 20 staff (10 office, 6 field, 4 Production Controllers)",EV-AT-2,Satisfied,New hires completed security and privacy training (25 of 25); phishing simulations run quarterly (June 2026 click rate 6.1%); content is updated yearly and after events (2026 payment fraud attempt added),,
AU-2,AU-02a.,[organization-defined value] that the system is capable of logging are identified in support of the audit logging function;,Examine; Interview,"SIEM log source list; draft STD-08; SCADA event journal settings at the OCC, South Florida office, and BCC",EV-AU-2,Satisfied,"Loggable event types are identified for IT sources, coordinated with the MDR provider, and reviewed annually (2026-03)",,
AU-2,AU-02b.,the event logging function is coordinated with other organizational entities requiring audit-related information to guide and inform the selection criteria for events to be logged;,Examine; Interview,"SIEM log source list; draft STD-08; SCADA event journal settings at the OCC, South Florida office, and BCC",EV-AU-2,Satisfied,"Loggable event types are identified for IT sources, coordinated with the MDR provider, and reviewed annually (2026-03)",,
AU-2,AU-02c.[01],[organization-defined value] are specified for logging within the system;,Examine; Interview,"SIEM log source list; draft STD-08; SCADA event journal settings at the OCC, South Florida office, and BCC",EV-AU-2,Other than satisfied,"No event types are specified for SCADA servers and HMIs at the South Florida office and the BCC, engineering workstations, or flow computers",Moderate,POAM-015
AU-2,AU-02c.[02],the specified event types are logged within the system [organization-defined value];,Examine; Interview,"SIEM log source list; draft STD-08; SCADA event journal settings at the OCC, South Florida office, and BCC",EV-AU-2,Other than satisfied,Those events are not logged centrally,Moderate,POAM-015
AU-2,AU-02d.,a rationale is provided for why the event types selected for logging are deemed to be adequate to support after-the-fact investigations of incidents;,Examine; Interview,"SIEM log source list; draft STD-08; SCADA event journal settings at the OCC, South Florida office, and BCC",EV-AU-2,Other than satisfied,No rationale for OT event types exists,Moderate,POAM-015
AU-2,AU-02e.,the event types selected for logging are reviewed and updated [organization-defined value].,Examine; Interview,"SIEM log source list; draft STD-08; SCADA event journal settings at the OCC, South Florida office, and BCC",EV-AU-2,Satisfied,"Loggable event types are identified for IT sources, coordinated with the MDR provider, and reviewed annually (2026-03)",,
AU-6,AU-06a.,system audit records are reviewed and analyzed [organization-defined value] for indications of [organization-defined value] and the potential impact of the inappropriate or ...,Examine; Interview,MDR monthly reports; OT sensor alert log; OT Security Engineer interview,EV-AU-6,Other than satisfied,"OT records are reviewed only in business hours, and SCADA logs at the South Florida office and the BCC are never reviewed",High,POAM-009
AU-6,AU-06b.,findings are reported to [organization-defined value];,Examine; Interview,MDR monthly reports; OT sensor alert log; OT Security Engineer interview,EV-AU-6,Satisfied,"Findings are reported to the Security Manager and the COO monthly, and review increases with risk",,
AU-6,AU-06c.,"the level of audit record review, analysis, and reporting within the system is adjusted when there is a change in risk based on law enforcement information, intelligence ...",Examine; Interview,MDR monthly reports; OT sensor alert log; OT Security Engineer interview,EV-AU-6,Satisfied,"Findings are reported to the Security Manager and the COO monthly, and review increases with risk",,
AU-11,AU-11,audit records are retained for [organization-defined value] to provide support for after-the-fact investigations of incidents and to meet regulatory and organizational information ...,Examine,SIEM retention setting; historian event journal configuration,EV-AU-11,Other than satisfied,"The SIEM keeps 1 year, but the historian event journal and HMI logs at the field offices roll over after 30 days, too short for investigations or a Part 195 release estimate",Moderate,POAM-015
CM-2,CM-02a.[01],a current baseline configuration of the system is developed and documented;,Examine; Interview,Baseline documents; controller program repository report; South Florida and BCC HMI configuration exports,EV-CM-2,Other than satisfied,"No baselines exist for the South Florida and BCC HMIs, and the program repository holds only about 60% of controller programs",High,POAM-008
CM-2,CM-02a.[02],a current baseline configuration of the system is maintained under configuration control;,Examine; Interview,Baseline documents; controller program repository report; South Florida and BCC HMI configuration exports,EV-CM-2,Other than satisfied,Baselines for field controllers outside the repository are not under configuration control,High,POAM-008
CM-2,CM-02b.01,the baseline configuration of the system is reviewed and updated [organization-defined value];,Examine; Interview,Baseline documents; controller program repository report; South Florida and BCC HMI configuration exports,EV-CM-2,Satisfied,"Existing OCC baselines were reviewed at the 2025 upgrade and in 2026-03, and are updated when required",,
CM-2,CM-02b.02,the baseline configuration of the system is reviewed and updated when required due to [organization-defined value];,Examine; Interview,Baseline documents; controller program repository report; South Florida and BCC HMI configuration exports,EV-CM-2,Satisfied,"Existing OCC baselines were reviewed at the 2025 upgrade and in 2026-03, and are updated when required",,
CM-2,CM-02b.03,the baseline configuration of the system is reviewed and updated when system components are installed or upgraded.,Examine; Interview,Baseline documents; controller program repository report; South Florida and BCC HMI configuration exports,EV-CM-2,Other than satisfied,The 2026 compression station additions (including the packager gateways) were installed without updating any baseline,High,POAM-008
CM-3,CM-03a.,the types of changes to the system that are configuration-controlled are determined and documented;,Examine; Interview,CAB tickets (15 of 44 Panhandle changes); South Florida and Alabama controller work orders (20 of 58); pump station setpoint change records; CAB minutes,EV-CM-3,Other than satisfied,"PLC, RTU, and flow computer changes in South Florida and Alabama are not designated as configuration-controlled",High,POAM-008
CM-3,CM-03b.[01],proposed configuration-controlled changes to the system are reviewed;,Examine; Interview,CAB tickets (15 of 44 Panhandle changes); South Florida and Alabama controller work orders (20 of 58); pump station setpoint change records; CAB minutes,EV-CM-3,Other than satisfied,13 of 20 sampled South Florida and Alabama controller changes had no change record or review,High,POAM-008
CM-3,CM-03b.[02],proposed configuration-controlled changes to the system are approved or disapproved with explicit consideration for security and privacy impact analyses;,Examine; Interview,CAB tickets (15 of 44 Panhandle changes); South Florida and Alabama controller work orders (20 of 58); pump station setpoint change records; CAB minutes,EV-CM-3,Other than satisfied,The same 13 changes had no security or safety impact analysis,High,POAM-008
CM-3,CM-03c.,configuration change decisions associated with the system are documented;,Examine; Interview,CAB tickets (15 of 44 Panhandle changes); South Florida and Alabama controller work orders (20 of 58); pump station setpoint change records; CAB minutes,EV-CM-3,Other than satisfied,Change decisions for those 13 changes were not documented,High,POAM-008
CM-3,CM-03d.,approved configuration-controlled changes to the system are implemented;,Examine; Interview,CAB tickets (15 of 44 Panhandle changes); South Florida and Alabama controller work orders (20 of 58); pump station setpoint change records; CAB minutes,EV-CM-3,Satisfied,"Evidence supports the statement for SCADA server and HMI changes: 15 of 15 sampled CAB changes were approved, implemented as approved, reviewed, and retained; the CAB meets weekly",,
CM-3,CM-03e.,records of configuration-controlled changes to the system are retained for [organization-defined value];,Examine; Interview,CAB tickets (15 of 44 Panhandle changes); South Florida and Alabama controller work orders (20 of 58); pump station setpoint change records; CAB minutes,EV-CM-3,Satisfied,"Evidence supports the statement for SCADA server and HMI changes: 15 of 15 sampled CAB changes were approved, implemented as approved, reviewed, and retained; the CAB meets weekly",,
CM-3,CM-03f.[01],activities associated with configuration-controlled changes to the system are monitored;,Examine; Interview,CAB tickets (15 of 44 Panhandle changes); South Florida and Alabama controller work orders (20 of 58); pump station setpoint change records; CAB minutes,EV-CM-3,Other than satisfied,"Writes to pump station pressure setpoints are not alarmed or monitored; MOP-related setpoints are changed by work order only, with no second reviewer",High,POAM-008
CM-3,CM-03f.[02],activities associated with configuration-controlled changes to the system are reviewed;,Examine; Interview,CAB tickets (15 of 44 Panhandle changes); South Florida and Alabama controller work orders (20 of 58); pump station setpoint change records; CAB minutes,EV-CM-3,Satisfied,"Evidence supports the statement for SCADA server and HMI changes: 15 of 15 sampled CAB changes were approved, implemented as approved, reviewed, and retained; the CAB meets weekly",,
CM-3,CM-03g.[01],configuration change control activities are coordinated and overseen by [organization-defined value];,Examine; Interview,CAB tickets (15 of 44 Panhandle changes); South Florida and Alabama controller work orders (20 of 58); pump station setpoint change records; CAB minutes,EV-CM-3,Satisfied,"Evidence supports the statement for SCADA server and HMI changes: 15 of 15 sampled CAB changes were approved, implemented as approved, reviewed, and retained; the CAB meets weekly",,
CM-3,CM-03g.[02],the configuration control element convenes [organization-defined value].,Examine; Interview,CAB tickets (15 of 44 Panhandle changes); South Florida and Alabama controller work orders (20 of 58); pump station setpoint change records; CAB minutes,EV-CM-3,Satisfied,"Evidence supports the statement for SCADA server and HMI changes: 15 of 15 sampled CAB changes were approved, implemented as approved, reviewed, and retained; the CAB meets weekly",,
CM-5,CM-05[01],physical access restrictions associated with changes to the system are defined and documented;,Examine; Interview; Test,Software inventory; controller password log; integrator laptop check during the field visit; cabinet inspections at 6 pads,EV-CM-5,Satisfied,"Physical access restrictions (badge-controlled rooms, locked cabinets) and logical restrictions (programming rights limited to the automation group) are defined and approved",,
CM-5,CM-05[02],physical access restrictions associated with changes to the system are approved;,Examine; Interview; Test,Software inventory; controller password log; integrator laptop check during the field visit; cabinet inspections at 6 pads,EV-CM-5,Satisfied,"Physical access restrictions (badge-controlled rooms, locked cabinets) and logical restrictions (programming rights limited to the automation group) are defined and approved",,
CM-5,CM-05[03],physical access restrictions associated with changes to the system are enforced;,Examine; Interview; Test,Software inventory; controller password log; integrator laptop check during the field visit; cabinet inspections at 6 pads,EV-CM-5,Satisfied,"Physical access restrictions (badge-controlled rooms, locked cabinets) and logical restrictions (programming rights limited to the automation group) are defined and approved",,
CM-5,CM-05[04],logical access restrictions associated with changes to the system are defined and documented;,Examine; Interview; Test,Software inventory; controller password log; integrator laptop check during the field visit; cabinet inspections at 6 pads,EV-CM-5,Satisfied,"Physical access restrictions (badge-controlled rooms, locked cabinets) and logical restrictions (programming rights limited to the automation group) are defined and approved",,
CM-5,CM-05[05],logical access restrictions associated with changes to the system are approved;,Examine; Interview; Test,Software inventory; controller password log; integrator laptop check during the field visit; cabinet inspections at 6 pads,EV-CM-5,Satisfied,"Physical access restrictions (badge-controlled rooms, locked cabinets) and logical restrictions (programming rights limited to the automation group) are defined and approved",,
CM-5,CM-05[06],logical access restrictions associated with changes to the system are enforced.,Examine; Interview; Test,Software inventory; controller password log; integrator laptop check during the field visit; cabinet inspections at 6 pads,EV-CM-5,Other than satisfied,"Logical restrictions are not enforced: controller passwords are shared by area, and 2 integrator laptops observed in the field carried controller programming software and area passwords",Moderate,POAM-008
CM-8,CM-08a.01,an inventory of system components that accurately reflects the system is developed and documented;,Examine; Test,OT sensor asset list; South Florida and Alabama area spreadsheets; physical count at 6 sampled well pads (41 devices),EV-CM-8,Other than satisfied,12 of 41 devices found at the 6 sampled pads were missing from the area spreadsheets,Moderate,POAM-006
CM-8,CM-08a.02,an inventory of system components that includes all components within the system is developed and documented;,Examine; Test,OT sensor asset list; South Florida and Alabama area spreadsheets; physical count at 6 sampled well pads (41 devices),EV-CM-8,Other than satisfied,About 70% of OT assets are inventoried overall; South Florida and Alabama field devices are incomplete,Moderate,POAM-006
CM-8,CM-08a.03,an inventory of system components that does not include duplicate accounting of components or components assigned to any other system is developed and documented;,Examine; Test,OT sensor asset list; South Florida and Alabama area spreadsheets; physical count at 6 sampled well pads (41 devices),EV-CM-8,Satisfied,The inventory does not double-count components assigned to other systems,,
CM-8,CM-08a.04,an inventory of system components that is at the level of granularity deemed necessary for tracking and reporting is developed and documented;,Examine; Test,OT sensor asset list; South Florida and Alabama area spreadsheets; physical count at 6 sampled well pads (41 devices),EV-CM-8,Other than satisfied,"The area spreadsheets do not record model, firmware, or communications path",Moderate,POAM-006
CM-8,CM-08a.05,an inventory of system components that includes [organization-defined value] is developed and documented;,Examine; Test,OT sensor asset list; South Florida and Alabama area spreadsheets; physical count at 6 sampled well pads (41 devices),EV-CM-8,Other than satisfied,Owner and criticality fields are missing outside the Panhandle,Moderate,POAM-006
CM-8,CM-08b.,the system component inventory is reviewed and updated [organization-defined value].,Examine; Test,OT sensor asset list; South Florida and Alabama area spreadsheets; physical count at 6 sampled well pads (41 devices),EV-CM-8,Other than satisfied,"The area spreadsheets are updated ad hoc, not on the defined schedule",Moderate,POAM-006
CP-2,CP-02a.01,a contingency plan for the system is developed that identifies essential mission and business functions and associated contingency requirements;,Examine; Interview,"Contingency plan (2024) and draft OT recovery and BCC failover procedures; BIA (P05); emergency response plan; pipeline emergency procedures; binders at the OCC, BCC, and South Florida office; COO and Control Room Manager interviews",EV-CP-2,Satisfied,"The plan identifies essential functions, recovery objectives and priorities, roles, contacts, and manual operations from the BIA, and is reviewed annually and protected",,
CP-2,CP-02a.02[01],a contingency plan for the system is developed that provides recovery objectives;,Examine; Interview,"Contingency plan (2024) and draft OT recovery and BCC failover procedures; BIA (P05); emergency response plan; pipeline emergency procedures; binders at the OCC, BCC, and South Florida office; COO and Control Room Manager interviews",EV-CP-2,Satisfied,"The plan identifies essential functions, recovery objectives and priorities, roles, contacts, and manual operations from the BIA, and is reviewed annually and protected",,
CP-2,CP-02a.02[02],a contingency plan for the system is developed that provides restoration priorities;,Examine; Interview,"Contingency plan (2024) and draft OT recovery and BCC failover procedures; BIA (P05); emergency response plan; pipeline emergency procedures; binders at the OCC, BCC, and South Florida office; COO and Control Room Manager interviews",EV-CP-2,Satisfied,"The plan identifies essential functions, recovery objectives and priorities, roles, contacts, and manual operations from the BIA, and is reviewed annually and protected",,
CP-2,CP-02a.02[03],a contingency plan for the system is developed that provides metrics;,Examine; Interview,"Contingency plan (2024) and draft OT recovery and BCC failover procedures; BIA (P05); emergency response plan; pipeline emergency procedures; binders at the OCC, BCC, and South Florida office; COO and Control Room Manager interviews",EV-CP-2,Other than satisfied,"No recovery metrics (time to failover, time to rebuild) are defined or tracked",High,POAM-005
CP-2,CP-02a.03[01],a contingency plan for the system is developed that addresses contingency roles;,Examine; Interview,"Contingency plan (2024) and draft OT recovery and BCC failover procedures; BIA (P05); emergency response plan; pipeline emergency procedures; binders at the OCC, BCC, and South Florida office; COO and Control Room Manager interviews",EV-CP-2,Satisfied,"The plan identifies essential functions, recovery objectives and priorities, roles, contacts, and manual operations from the BIA, and is reviewed annually and protected",,
CP-2,CP-02a.03[02],a contingency plan for the system is developed that addresses contingency responsibilities;,Examine; Interview,"Contingency plan (2024) and draft OT recovery and BCC failover procedures; BIA (P05); emergency response plan; pipeline emergency procedures; binders at the OCC, BCC, and South Florida office; COO and Control Room Manager interviews",EV-CP-2,Satisfied,"The plan identifies essential functions, recovery objectives and priorities, roles, contacts, and manual operations from the BIA, and is reviewed annually and protected",,
CP-2,CP-02a.03[03],a contingency plan for the system is developed that addresses assigned individuals with contact information;,Examine; Interview,"Contingency plan (2024) and draft OT recovery and BCC failover procedures; BIA (P05); emergency response plan; pipeline emergency procedures; binders at the OCC, BCC, and South Florida office; COO and Control Room Manager interviews",EV-CP-2,Satisfied,"The plan identifies essential functions, recovery objectives and priorities, roles, contacts, and manual operations from the BIA, and is reviewed annually and protected",,
CP-2,CP-02a.04,"a contingency plan for the system is developed that addresses maintaining essential mission and business functions despite a system disruption, compromise, or failure;",Examine; Interview,"Contingency plan (2024) and draft OT recovery and BCC failover procedures; BIA (P05); emergency response plan; pipeline emergency procedures; binders at the OCC, BCC, and South Florida office; COO and Control Room Manager interviews",EV-CP-2,Satisfied,"The plan identifies essential functions, recovery objectives and priorities, roles, contacts, and manual operations from the BIA, and is reviewed annually and protected",,
CP-2,CP-02a.05,"a contingency plan for the system is developed that addresses eventual, full-system restoration without deterioration of the controls originally planned and implemented;",Examine; Interview,"Contingency plan (2024) and draft OT recovery and BCC failover procedures; BIA (P05); emergency response plan; pipeline emergency procedures; binders at the OCC, BCC, and South Florida office; COO and Control Room Manager interviews",EV-CP-2,Other than satisfied,"Steps for full restoration of SCADA (server rebuild, BCC failover and failback) are not written",High,POAM-005
CP-2,CP-02a.06,a contingency plan for the system is developed that addresses the sharing of contingency information;,Examine; Interview,"Contingency plan (2024) and draft OT recovery and BCC failover procedures; BIA (P05); emergency response plan; pipeline emergency procedures; binders at the OCC, BCC, and South Florida office; COO and Control Room Manager interviews",EV-CP-2,Satisfied,"The plan identifies essential functions, recovery objectives and priorities, roles, contacts, and manual operations from the BIA, and is reviewed annually and protected",,
CP-2,CP-02a.07[01],a contingency plan for the system is developed that is reviewed by [organization-defined value];,Examine; Interview,"Contingency plan (2024) and draft OT recovery and BCC failover procedures; BIA (P05); emergency response plan; pipeline emergency procedures; binders at the OCC, BCC, and South Florida office; COO and Control Room Manager interviews",EV-CP-2,Satisfied,"The plan identifies essential functions, recovery objectives and priorities, roles, contacts, and manual operations from the BIA, and is reviewed annually and protected",,
CP-2,CP-02a.07[02],a contingency plan for the system is developed that is approved by [organization-defined value];,Examine; Interview,"Contingency plan (2024) and draft OT recovery and BCC failover procedures; BIA (P05); emergency response plan; pipeline emergency procedures; binders at the OCC, BCC, and South Florida office; COO and Control Room Manager interviews",EV-CP-2,Other than satisfied,The OT recovery and BCC failover procedures were unapproved drafts during fieldwork,High,POAM-005
CP-2,CP-02b.[01],copies of the contingency plan are distributed to [organization-defined value];,Examine; Interview,"Contingency plan (2024) and draft OT recovery and BCC failover procedures; BIA (P05); emergency response plan; pipeline emergency procedures; binders at the OCC, BCC, and South Florida office; COO and Control Room Manager interviews",EV-CP-2,Satisfied,"The plan identifies essential functions, recovery objectives and priorities, roles, contacts, and manual operations from the BIA, and is reviewed annually and protected",,
CP-2,CP-02b.[02],copies of the contingency plan are distributed to [organization-defined value];,Examine; Interview,"Contingency plan (2024) and draft OT recovery and BCC failover procedures; BIA (P05); emergency response plan; pipeline emergency procedures; binders at the OCC, BCC, and South Florida office; COO and Control Room Manager interviews",EV-CP-2,Other than satisfied,The binders at the South Florida office and the BCC held the 2024 plan without the OT recovery drafts,High,POAM-005
CP-2,CP-02c.,contingency planning activities are coordinated with incident handling activities;,Examine; Interview,"Contingency plan (2024) and draft OT recovery and BCC failover procedures; BIA (P05); emergency response plan; pipeline emergency procedures; binders at the OCC, BCC, and South Florida office; COO and Control Room Manager interviews",EV-CP-2,Other than satisfied,The 2024 plan did not cover SCADA isolation or link to cyber incident handling; the P08 drafts that add this were not approved during fieldwork,High,POAM-005
CP-2,CP-02d.,the contingency plan for the system is reviewed [organization-defined value];,Examine; Interview,"Contingency plan (2024) and draft OT recovery and BCC failover procedures; BIA (P05); emergency response plan; pipeline emergency procedures; binders at the OCC, BCC, and South Florida office; COO and Control Room Manager interviews",EV-CP-2,Satisfied,"The plan identifies essential functions, recovery objectives and priorities, roles, contacts, and manual operations from the BIA, and is reviewed annually and protected",,
CP-2,CP-02e.[01],"the contingency plan is updated to address changes to the organization, system, or environment of operation;",Examine; Interview,"Contingency plan (2024) and draft OT recovery and BCC failover procedures; BIA (P05); emergency response plan; pipeline emergency procedures; binders at the OCC, BCC, and South Florida office; COO and Control Room Manager interviews",EV-CP-2,Other than satisfied,The plan was not updated for the 2025 OT DMZ or the 2026 compression station additions,High,POAM-005
CP-2,CP-02e.[02],"the contingency plan is updated to address problems encountered during contingency plan implementation, execution, or testing;",Examine; Interview,"Contingency plan (2024) and draft OT recovery and BCC failover procedures; BIA (P05); emergency response plan; pipeline emergency procedures; binders at the OCC, BCC, and South Florida office; COO and Control Room Manager interviews",EV-CP-2,Other than satisfied,Problems found in the 2023 partial failover test were not addressed in the plan,High,POAM-005
CP-2,CP-02f.[01],contingency plan changes are communicated to [organization-defined value];,Examine; Interview,"Contingency plan (2024) and draft OT recovery and BCC failover procedures; BIA (P05); emergency response plan; pipeline emergency procedures; binders at the OCC, BCC, and South Florida office; COO and Control Room Manager interviews",EV-CP-2,Satisfied,"The plan identifies essential functions, recovery objectives and priorities, roles, contacts, and manual operations from the BIA, and is reviewed annually and protected",,
CP-2,CP-02f.[02],contingency plan changes are communicated to [organization-defined value];,Examine; Interview,"Contingency plan (2024) and draft OT recovery and BCC failover procedures; BIA (P05); emergency response plan; pipeline emergency procedures; binders at the OCC, BCC, and South Florida office; COO and Control Room Manager interviews",EV-CP-2,Satisfied,"The plan identifies essential functions, recovery objectives and priorities, roles, contacts, and manual operations from the BIA, and is reviewed annually and protected",,
CP-2,CP-02g.[01],lessons learned from contingency plan testing or actual contingency activities are incorporated into contingency testing;,Examine; Interview,"Contingency plan (2024) and draft OT recovery and BCC failover procedures; BIA (P05); emergency response plan; pipeline emergency procedures; binders at the OCC, BCC, and South Florida office; COO and Control Room Manager interviews",EV-CP-2,Other than satisfied,Lessons from the 2023 test were not built into later tests (none was held),High,POAM-005
CP-2,CP-02g.[02],lessons learned from contingency plan training or actual contingency activities are incorporated into contingency testing and training;,Examine; Interview,"Contingency plan (2024) and draft OT recovery and BCC failover procedures; BIA (P05); emergency response plan; pipeline emergency procedures; binders at the OCC, BCC, and South Florida office; COO and Control Room Manager interviews",EV-CP-2,Other than satisfied,Lessons were not built into Production Controller training,High,POAM-005
CP-2,CP-02h.[01],the contingency plan is protected from unauthorized disclosure;,Examine; Interview,"Contingency plan (2024) and draft OT recovery and BCC failover procedures; BIA (P05); emergency response plan; pipeline emergency procedures; binders at the OCC, BCC, and South Florida office; COO and Control Room Manager interviews",EV-CP-2,Satisfied,"The plan identifies essential functions, recovery objectives and priorities, roles, contacts, and manual operations from the BIA, and is reviewed annually and protected",,
CP-2,CP-02h.[02],the contingency plan is protected from unauthorized modification.,Examine; Interview,"Contingency plan (2024) and draft OT recovery and BCC failover procedures; BIA (P05); emergency response plan; pipeline emergency procedures; binders at the OCC, BCC, and South Florida office; COO and Control Room Manager interviews",EV-CP-2,Satisfied,"The plan identifies essential functions, recovery objectives and priorities, roles, contacts, and manual operations from the BIA, and is reviewed annually and protected",,
CP-4,CP-04a.[01],the contingency plan for the system is tested [organization-defined value];,Examine; Interview,Restore test records (2025 historian restore; quarterly cloud restores since 2026 Q1); 2023 BCC test report,EV-CP-4,Other than satisfied,No full BCC failover test since the 2023 partial test,High,POAM-005
CP-4,CP-04a.[02],[organization-defined value] are used to determine the effectiveness of the plan;,Examine; Interview,Restore test records (2025 historian restore; quarterly cloud restores since 2026 Q1); 2023 BCC test report,EV-CP-4,Other than satisfied,"No SCADA server has been restored from the offline image, so the plan's effectiveness for SCADA is unknown",High,POAM-004
CP-4,CP-04a.[03],[organization-defined value] are used to determine the readiness to execute the plan;,Examine; Interview,Restore test records (2025 historian restore; quarterly cloud restores since 2026 Q1); 2023 BCC test report,EV-CP-4,Other than satisfied,Readiness of Production Controllers to run from the BCC has not been tested,High,POAM-005
CP-4,CP-04b.,the contingency plan test results are reviewed;,Examine; Interview,Restore test records (2025 historian restore; quarterly cloud restores since 2026 Q1); 2023 BCC test report,EV-CP-4,Satisfied,Results of the 2025 historian restore and the quarterly cloud restores were reviewed by the VP IT and the SCADA and Automation Manager,,
CP-4,CP-04c.,"corrective actions are initiated, if needed.",Examine; Interview,Restore test records (2025 historian restore; quarterly cloud restores since 2026 Q1); 2023 BCC test report,EV-CP-4,Other than satisfied,Corrective actions from the 2023 test were not tracked,High,POAM-005
CP-7,CP-07a.,"an alternate processing site, including necessary agreements to permit the transfer and resumption of [organization-defined value] for essential mission and business functions, is ...",Examine; Interview; Test,BCC configuration; SCADA configuration synchronization log; BCC walkthrough (2026-07-17 and 2026-08-12),EV-CP-7,Satisfied,"The BCC is a company-owned site with 4 HMIs, radio and cellular front ends, and a generator, so equipment to resume operations is in place",,
CP-7,CP-07b.[01],the equipment and supplies required to transfer operations are made available at the alternate processing site or if contracts are in place to support delivery to the site within ...,Examine; Interview; Test,BCC configuration; SCADA configuration synchronization log; BCC walkthrough (2026-07-17 and 2026-08-12),EV-CP-7,Other than satisfied,The standby server's SCADA configuration was last synchronized in 2026-03; a transfer would lose 5 months of point and alarm changes,High,POAM-005
CP-7,CP-07b.[02],the equipment and supplies required to resume operations are made available at the alternate processing site or if contracts are in place to support delivery to the site within ...,Examine; Interview; Test,BCC configuration; SCADA configuration synchronization log; BCC walkthrough (2026-07-17 and 2026-08-12),EV-CP-7,Satisfied,"The BCC is a company-owned site with 4 HMIs, radio and cellular front ends, and a generator, so equipment to resume operations is in place",,
CP-7,CP-07c.,controls provided at the alternate processing site are equivalent to those at the primary site.,Examine; Interview; Test,BCC configuration; SCADA configuration synchronization log; BCC walkthrough (2026-07-17 and 2026-08-12),EV-CP-7,Other than satisfied,"Controls at the BCC are not equivalent to the OCC: no OT DMZ, an unsupported operating system, and a shared engineering account",Very High,POAM-003
CP-9,CP-09a.,backups of user-level information contained in [organization-defined value] are conducted [organization-defined value];,Examine; Test,"Backup job reports (31 of 31 days, July 2026); vault lock setting; offline image log; BCC storage inspection",EV-CP-9,Satisfied,"Cloud workloads and system documentation are backed up daily with write-once retention, encryption, and separate keys",,
CP-9,CP-09b.,backups of system-level information contained in the system are conducted [organization-defined value];,Examine; Test,"Backup job reports (31 of 31 days, July 2026); vault lock setting; offline image log; BCC storage inspection",EV-CP-9,Other than satisfied,System-level information is incomplete: about 40% of controller programs are not in the repository or any backup,High,POAM-004
CP-9,CP-09c.,"backups of system documentation, including security- and privacy-related documentation are conducted [organization-defined value];",Examine; Test,"Backup job reports (31 of 31 days, July 2026); vault lock setting; offline image log; BCC storage inspection",EV-CP-9,Satisfied,"Cloud workloads and system documentation are backed up daily with write-once retention, encryption, and separate keys",,
CP-9,CP-09d.[01],the confidentiality of backup information is protected;,Examine; Test,"Backup job reports (31 of 31 days, July 2026); vault lock setting; offline image log; BCC storage inspection",EV-CP-9,Satisfied,"Cloud workloads and system documentation are backed up daily with write-once retention, encryption, and separate keys",,
CP-9,CP-09d.[02],the integrity of backup information is protected;,Examine; Test,"Backup job reports (31 of 31 days, July 2026); vault lock setting; offline image log; BCC storage inspection",EV-CP-9,Satisfied,"Cloud workloads and system documentation are backed up daily with write-once retention, encryption, and separate keys",,
CP-9,CP-09d.[03],the availability of backup information is protected.,Examine; Test,"Backup job reports (31 of 31 days, July 2026); vault lock setting; offline image log; BCC storage inspection",EV-CP-9,Other than satisfied,"The weekly offline SCADA images are staged on a network share at the BCC before being copied to removable drives kept in the BCC safe; the BCC is reachable from the corporate network, so one ransomware event could reach the staged images and the production systems",High,POAM-004
CP-10,CP-10[01],"the recovery of the system to a known state is provided within [organization-defined value] after a disruption, compromise, or failure;",Examine; Interview,P05 recovery priorities; P08 draft runbooks; SCADA and Automation Manager interview,EV-CP-10,Other than satisfied,Recovery of SCADA within the 12-hour RTO has never been demonstrated,High,POAM-004
CP-10,CP-10[02],"a reconstitution of the system to a known state is provided within [organization-defined value] after a disruption, compromise, or failure.",Examine; Interview,P05 recovery priorities; P08 draft runbooks; SCADA and Automation Manager interview,EV-CP-10,Other than satisfied,"Reconstitution (rebuild from a clean image, controller verification, failback) is not documented or tested",High,POAM-004
IA-2,IA-02[01],organizational users are uniquely identified and authenticated;,Examine; Test,"IdP export; SCADA account lists; observation of HMI sign-in at the OCC, the South Florida office, and the BCC; packager gateway login page",EV-IA-2,Other than satisfied,"OCC users are unique; South Florida and BCC HMIs use one shared engineering account, and the packager gateways use one vendor-wide shared password",High,POAM-001
IA-2,IA-02[02],the unique identification of authenticated organizational users is associated with processes acting on behalf of those users.,Examine; Test,"IdP export; SCADA account lists; observation of HMI sign-in at the OCC, the South Florida office, and the BCC; packager gateway login page",EV-IA-2,Other than satisfied,Commands issued from South Florida and BCC HMIs are logged under the shared account and cannot be associated with a person,High,POAM-001
IA-2(1),IA-02(01),multi-factor authentication is implemented for access to privileged accounts.,Examine; Test,"Conditional access policy; sign-in test on 25 of 38 privileged accounts (IdP, cloud, directory, jump host)",EV-IA-2(1),Satisfied,MFA with hardware keys was enforced for 25 of 25 sampled privileged accounts; network administration of SCADA servers is possible only through the jump host with MFA; local console access is inside badge-controlled rooms,,
IA-5,IA-05a.,"system authenticators are managed through the verification of the identity of the individual, group, role, service, or device receiving the authenticator as part of the initial ...",Examine; Interview; Test,"Password policy; controller password spreadsheet; default-credential test on 20 field devices (cellular modems and radios, with carrier approval and a Production Controller watching) and on the 4 packager gateways; OT Security Engineer interview",EV-IA-5,Satisfied,"IdP password rules (14 characters, banned list) and service account vaulting meet the statement",,
IA-5,IA-05b.,system authenticators are managed through the establishment of initial authenticator content for any authenticators issued by the organization;,Examine; Interview; Test,"Password policy; controller password spreadsheet; default-credential test on 20 field devices (cellular modems and radios, with carrier approval and a Production Controller watching) and on the 4 packager gateways; OT Security Engineer interview",EV-IA-5,Satisfied,"IdP password rules (14 characters, banned list) and service account vaulting meet the statement",,
IA-5,IA-05c.,system authenticators are managed to ensure that authenticators have sufficient strength of mechanism for their intended use;,Examine; Interview; Test,"Password policy; controller password spreadsheet; default-credential test on 20 field devices (cellular modems and radios, with carrier approval and a Production Controller watching) and on the 4 packager gateways; OT Security Engineer interview",EV-IA-5,Satisfied,"IdP password rules (14 characters, banned list) and service account vaulting meet the statement",,
IA-5,IA-05d.,"system authenticators are managed through the establishment and implementation of administrative procedures for initial authenticator distribution; lost, compromised, or damaged ...",Examine; Interview; Test,"Password policy; controller password spreadsheet; default-credential test on 20 field devices (cellular modems and radios, with carrier approval and a Production Controller watching) and on the 4 packager gateways; OT Security Engineer interview",EV-IA-5,Satisfied,"IdP password rules (14 characters, banned list) and service account vaulting meet the statement",,
IA-5,IA-05e.,system authenticators are managed through the change of default authenticators prior to first use;,Examine; Interview; Test,"Password policy; controller password spreadsheet; default-credential test on 20 field devices (cellular modems and radios, with carrier approval and a Production Controller watching) and on the 4 packager gateways; OT Security Engineer interview",EV-IA-5,Other than satisfied,"2 of 20 sampled cellular modems in South Florida still had the manufacturer's default administrator password; the 4 packager gateways use the packager's shared password, which is the same at other customers' sites",High,POAM-002
IA-5,IA-05f.,system authenticators are managed through the change or refreshment of authenticators [organization-defined value] or when [organization-defined value] occur;,Examine; Interview; Test,"Password policy; controller password spreadsheet; default-credential test on 20 field devices (cellular modems and radios, with carrier approval and a Production Controller watching) and on the 4 packager gateways; OT Security Engineer interview",EV-IA-5,Other than satisfied,"Controller passwords are changed annually, not when someone who knows them leaves",Moderate,POAM-001
IA-5,IA-05g.,system authenticators are managed through the protection of authenticator content from unauthorized disclosure and modification;,Examine; Interview; Test,"Password policy; controller password spreadsheet; default-credential test on 20 field devices (cellular modems and radios, with carrier approval and a Production Controller watching) and on the 4 packager gateways; OT Security Engineer interview",EV-IA-5,Other than satisfied,Area controller passwords are kept in a spreadsheet on the field office file share that all area staff can read,Moderate,POAM-001
IA-5,IA-05h.[01],system authenticators are managed through the requirement for individuals to take specific controls to protect authenticators;,Examine; Interview; Test,"Password policy; controller password spreadsheet; default-credential test on 20 field devices (cellular modems and radios, with carrier approval and a Production Controller watching) and on the 4 packager gateways; OT Security Engineer interview",EV-IA-5,Satisfied,"IdP password rules (14 characters, banned list) and service account vaulting meet the statement",,
IA-5,IA-05h.[02],system authenticators are managed through the requirement for devices to implement specific controls to protect authenticators;,Examine; Interview; Test,"Password policy; controller password spreadsheet; default-credential test on 20 field devices (cellular modems and radios, with carrier approval and a Production Controller watching) and on the 4 packager gateways; OT Security Engineer interview",EV-IA-5,Satisfied,"IdP password rules (14 characters, banned list) and service account vaulting meet the statement",,
IA-5,IA-05i.,system authenticators are managed through the change of authenticators for group or role accounts when membership to those accounts changes.,Examine; Interview; Test,"Password policy; controller password spreadsheet; default-credential test on 20 field devices (cellular modems and radios, with carrier approval and a Production Controller watching) and on the 4 packager gateways; OT Security Engineer interview",EV-IA-5,Other than satisfied,The shared engineering account password was not changed when 2 members left in 2026,Moderate,POAM-001
IR-3,IR-03,the effectiveness of the incident response capability for the system is tested [organization-defined value] using [organization-defined value].,Examine; Interview,2025 tabletop report; exercise calendar,EV-IR-3,Other than satisfied,"Only an IT tabletop (2025) was held; the OT annex, the crisis management team, and field operations in South Florida and Alabama have never been exercised",Moderate,POAM-016
IR-4,IR-04a.[01],an incident handling capability for incidents is implemented that is consistent with the incident response plan;,Examine; Interview,"Incident log (10 of 31 incidents, 2025-2026); MDR contract; P08 draft runbooks; Security Manager and Control Room Manager interviews",EV-IR-4,Satisfied,"IT incident handling works: 10 of 10 sampled incidents were triaged, IT hosts were contained and reimaged, and lessons from 2 incidents updated procedures",,
IR-4,IR-04a.[02],the incident handling capability for incidents includes preparation;,Examine; Interview,"Incident log (10 of 31 incidents, 2025-2026); MDR contract; P08 draft runbooks; Security Manager and Control Room Manager interviews",EV-IR-4,Satisfied,"IT incident handling works: 10 of 10 sampled incidents were triaged, IT hosts were contained and reimaged, and lessons from 2 incidents updated procedures",,
IR-4,IR-04a.[03],the incident handling capability for incidents includes detection and analysis;,Examine; Interview,"Incident log (10 of 31 incidents, 2025-2026); MDR contract; P08 draft runbooks; Security Manager and Control Room Manager interviews",EV-IR-4,Satisfied,"IT incident handling works: 10 of 10 sampled incidents were triaged, IT hosts were contained and reimaged, and lessons from 2 incidents updated procedures",,
IR-4,IR-04a.[04],the incident handling capability for incidents includes containment;,Examine; Interview,"Incident log (10 of 31 incidents, 2025-2026); MDR contract; P08 draft runbooks; Security Manager and Control Room Manager interviews",EV-IR-4,Other than satisfied,"OT containment (SCADA isolation, BCC decision, authority to open IT/OT links) was not defined in the 2024 plan; it exists only in the P08 drafts",Moderate,POAM-016
IR-4,IR-04a.[05],the incident handling capability for incidents includes eradication;,Examine; Interview,"Incident log (10 of 31 incidents, 2025-2026); MDR contract; P08 draft runbooks; Security Manager and Control Room Manager interviews",EV-IR-4,Satisfied,"IT incident handling works: 10 of 10 sampled incidents were triaged, IT hosts were contained and reimaged, and lessons from 2 incidents updated procedures",,
IR-4,IR-04a.[06],the incident handling capability for incidents includes recovery;,Examine; Interview,"Incident log (10 of 31 incidents, 2025-2026); MDR contract; P08 draft runbooks; Security Manager and Control Room Manager interviews",EV-IR-4,Other than satisfied,OT recovery steps are not defined (see CP-10),Moderate,POAM-016
IR-4,IR-04b.,incident handling activities are coordinated with contingency planning activities;,Examine; Interview,"Incident log (10 of 31 incidents, 2025-2026); MDR contract; P08 draft runbooks; Security Manager and Control Room Manager interviews",EV-IR-4,Other than satisfied,Incident handling is not coordinated with the pipeline emergency procedures or the 1-hour NRC notice decision,Moderate,POAM-016
IR-4,IR-04c.[01],"lessons learned from ongoing incident handling activities are incorporated into incident response procedures, training, and testing;",Examine; Interview,"Incident log (10 of 31 incidents, 2025-2026); MDR contract; P08 draft runbooks; Security Manager and Control Room Manager interviews",EV-IR-4,Satisfied,"IT incident handling works: 10 of 10 sampled incidents were triaged, IT hosts were contained and reimaged, and lessons from 2 incidents updated procedures",,
IR-4,IR-04c.[02],the changes resulting from the incorporated lessons learned are implemented accordingly;,Examine; Interview,"Incident log (10 of 31 incidents, 2025-2026); MDR contract; P08 draft runbooks; Security Manager and Control Room Manager interviews",EV-IR-4,Satisfied,"IT incident handling works: 10 of 10 sampled incidents were triaged, IT hosts were contained and reimaged, and lessons from 2 incidents updated procedures",,
IR-4,IR-04d.[01],the rigor of incident handling activities is comparable and predictable across the organization;,Examine; Interview,"Incident log (10 of 31 incidents, 2025-2026); MDR contract; P08 draft runbooks; Security Manager and Control Room Manager interviews",EV-IR-4,Other than satisfied,"2 of 10 sampled incidents (USB malware on a South Florida HMI, a lost tablet in Alabama) were handled locally without a ticket for 3 and 6 days",Moderate,POAM-016
IR-4,IR-04d.[02],the intensity of incident handling activities is comparable and predictable across the organization;,Examine; Interview,"Incident log (10 of 31 incidents, 2025-2026); MDR contract; P08 draft runbooks; Security Manager and Control Room Manager interviews",EV-IR-4,Satisfied,"IT incident handling works: 10 of 10 sampled incidents were triaged, IT hosts were contained and reimaged, and lessons from 2 incidents updated procedures",,
IR-4,IR-04d.[03],the scope of incident handling activities is comparable and predictable across the organization;,Examine; Interview,"Incident log (10 of 31 incidents, 2025-2026); MDR contract; P08 draft runbooks; Security Manager and Control Room Manager interviews",EV-IR-4,Other than satisfied,The scope of handling differs between the Panhandle and the other areas,Moderate,POAM-016
IR-4,IR-04d.[04],the results of incident handling activities are comparable and predictable across the organization.,Examine; Interview,"Incident log (10 of 31 incidents, 2025-2026); MDR contract; P08 draft runbooks; Security Manager and Control Room Manager interviews",EV-IR-4,Satisfied,"IT incident handling works: 10 of 10 sampled incidents were triaged, IT hosts were contained and reimaged, and lessons from 2 incidents updated procedures",,
IR-8,IR-08a.01,an incident response plan is developed that provides the organization with a roadmap for implementing its incident response capability;,Examine; Interview,2024 incident response plan; draft P08 runbooks and OT annex; distribution list; Field Superintendent interviews,EV-IR-8,Satisfied,"The 2024 plan gives a roadmap, structure, reportable incidents, resources, sharing rules, and responsibilities; it is distributed to IT responders and the MDR provider and protected",,
IR-8,IR-08a.02,an incident response plan is developed that describes the structure and organization of the incident response capability;,Examine; Interview,2024 incident response plan; draft P08 runbooks and OT annex; distribution list; Field Superintendent interviews,EV-IR-8,Satisfied,"The 2024 plan gives a roadmap, structure, reportable incidents, resources, sharing rules, and responsibilities; it is distributed to IT responders and the MDR provider and protected",,
IR-8,IR-08a.03,an incident response plan is developed that provides a high-level approach for how the incident response capability fits into the overall organization;,Examine; Interview,2024 incident response plan; draft P08 runbooks and OT annex; distribution list; Field Superintendent interviews,EV-IR-8,Satisfied,"The 2024 plan gives a roadmap, structure, reportable incidents, resources, sharing rules, and responsibilities; it is distributed to IT responders and the MDR provider and protected",,
IR-8,IR-08a.04,"an incident response plan is developed that meets the unique requirements of the organization with regard to mission, size, structure, and functions;",Examine; Interview,2024 incident response plan; draft P08 runbooks and OT annex; distribution list; Field Superintendent interviews,EV-IR-8,Other than satisfied,"The 2024 plan does not meet OT and pipeline needs (no OT annex, no link to Part 195 notices)",Moderate,POAM-016
IR-8,IR-08a.05,an incident response plan is developed that defines reportable incidents;,Examine; Interview,2024 incident response plan; draft P08 runbooks and OT annex; distribution list; Field Superintendent interviews,EV-IR-8,Satisfied,"The 2024 plan gives a roadmap, structure, reportable incidents, resources, sharing rules, and responsibilities; it is distributed to IT responders and the MDR provider and protected",,
IR-8,IR-08a.06,an incident response plan is developed that provides metrics for measuring the incident response capability within the organization;,Examine; Interview,2024 incident response plan; draft P08 runbooks and OT annex; distribution list; Field Superintendent interviews,EV-IR-8,Other than satisfied,No incident response metrics are defined,Moderate,POAM-016
IR-8,IR-08a.07,an incident response plan is developed that defines the resources and management support needed to effectively maintain and mature an incident response capability;,Examine; Interview,2024 incident response plan; draft P08 runbooks and OT annex; distribution list; Field Superintendent interviews,EV-IR-8,Satisfied,"The 2024 plan gives a roadmap, structure, reportable incidents, resources, sharing rules, and responsibilities; it is distributed to IT responders and the MDR provider and protected",,
IR-8,IR-08a.08,an incident response plan is developed that addresses the sharing of incident information;,Examine; Interview,2024 incident response plan; draft P08 runbooks and OT annex; distribution list; Field Superintendent interviews,EV-IR-8,Satisfied,"The 2024 plan gives a roadmap, structure, reportable incidents, resources, sharing rules, and responsibilities; it is distributed to IT responders and the MDR provider and protected",,
IR-8,IR-08a.09,an incident response plan is developed that is reviewed and approved by [organization-defined value] [organization-defined value];,Examine; Interview,2024 incident response plan; draft P08 runbooks and OT annex; distribution list; Field Superintendent interviews,EV-IR-8,Other than satisfied,"The OT annex and runbooks were unapproved drafts during fieldwork (approved 2026-09-16, after fieldwork)",Moderate,POAM-016
IR-8,IR-08a.10,an incident response plan is developed that explicitly designates responsibility for incident response to [organization-defined value].,Examine; Interview,2024 incident response plan; draft P08 runbooks and OT annex; distribution list; Field Superintendent interviews,EV-IR-8,Satisfied,"The 2024 plan gives a roadmap, structure, reportable incidents, resources, sharing rules, and responsibilities; it is distributed to IT responders and the MDR provider and protected",,
IR-8,IR-08b.[01],copies of the incident response plan are distributed to [organization-defined value];,Examine; Interview,2024 incident response plan; draft P08 runbooks and OT annex; distribution list; Field Superintendent interviews,EV-IR-8,Satisfied,"The 2024 plan gives a roadmap, structure, reportable incidents, resources, sharing rules, and responsibilities; it is distributed to IT responders and the MDR provider and protected",,
IR-8,IR-08b.[02],copies of the incident response plan are distributed to [organization-defined value];,Examine; Interview,2024 incident response plan; draft P08 runbooks and OT annex; distribution list; Field Superintendent interviews,EV-IR-8,Other than satisfied,Field Superintendents and the BCC had no copy of the plan,Moderate,POAM-016
IR-8,IR-08c.,"the incident response plan is updated to address system and organizational changes or problems encountered during plan implementation, execution, or testing;",Examine; Interview,2024 incident response plan; draft P08 runbooks and OT annex; distribution list; Field Superintendent interviews,EV-IR-8,Other than satisfied,The plan was not updated after the 2025 OT DMZ and MDR changes,Moderate,POAM-016
IR-8,IR-08d.[01],incident response plan changes are communicated to [organization-defined value];,Examine; Interview,2024 incident response plan; draft P08 runbooks and OT annex; distribution list; Field Superintendent interviews,EV-IR-8,Satisfied,"The 2024 plan gives a roadmap, structure, reportable incidents, resources, sharing rules, and responsibilities; it is distributed to IT responders and the MDR provider and protected",,
IR-8,IR-08d.[02],incident response plan changes are communicated to [organization-defined value];,Examine; Interview,2024 incident response plan; draft P08 runbooks and OT annex; distribution list; Field Superintendent interviews,EV-IR-8,Other than satisfied,Plan changes are not communicated to field operations,Moderate,POAM-016
IR-8,IR-08e.[01],the incident response plan is protected from unauthorized disclosure;,Examine; Interview,2024 incident response plan; draft P08 runbooks and OT annex; distribution list; Field Superintendent interviews,EV-IR-8,Satisfied,"The 2024 plan gives a roadmap, structure, reportable incidents, resources, sharing rules, and responsibilities; it is distributed to IT responders and the MDR provider and protected",,
IR-8,IR-08e.[02],the incident response plan is protected from unauthorized modification.,Examine; Interview,2024 incident response plan; draft P08 runbooks and OT annex; distribution list; Field Superintendent interviews,EV-IR-8,Satisfied,"The 2024 plan gives a roadmap, structure, reportable incidents, resources, sharing rules, and responsibilities; it is distributed to IT responders and the MDR provider and protected",,
MA-4,MA-04a.[01],nonlocal maintenance and diagnostic activities are approved;,Examine; Interview; Test,Jump host session log; vendor list; packager and flow computer vendor service agreements; compression station and Central Facility walkthroughs,EV-MA-4,Other than satisfied,Packager and flow computer vendor maintenance sessions are not approved per session,High,POAM-002
MA-4,MA-04a.[02],nonlocal maintenance and diagnostic activities are monitored;,Examine; Interview; Test,Jump host session log; vendor list; packager and flow computer vendor service agreements; compression station and Central Facility walkthroughs,EV-MA-4,Other than satisfied,Packager and flow computer vendor sessions are not monitored or recorded,High,POAM-002
MA-4,MA-04b.[01],the use of nonlocal maintenance and diagnostic tools are allowed only as consistent with organizational policy;,Examine; Interview; Test,Jump host session log; vendor list; packager and flow computer vendor service agreements; compression station and Central Facility walkthroughs,EV-MA-4,Other than satisfied,Always-on cellular gateways and a support modem are not consistent with POL-02 4.11,High,POAM-002
MA-4,MA-04b.[02],the use of nonlocal maintenance and diagnostic tools are documented in the security plan for the system;,Examine; Interview; Test,Jump host session log; vendor list; packager and flow computer vendor service agreements; compression station and Central Facility walkthroughs,EV-MA-4,Satisfied,The nonlocal maintenance paths are documented in the SSP (section 8),,
MA-4,MA-04c.,strong authentication is employed in the establishment of nonlocal maintenance and diagnostic sessions;,Examine; Interview; Test,Jump host session log; vendor list; packager and flow computer vendor service agreements; compression station and Central Facility walkthroughs,EV-MA-4,Other than satisfied,Packager sessions use a shared vendor password with no MFA; the flow computer modem uses a dial-back number and a shared password,High,POAM-002
MA-4,MA-04d.,records for nonlocal maintenance and diagnostic activities are maintained;,Examine; Interview; Test,Jump host session log; vendor list; packager and flow computer vendor service agreements; compression station and Central Facility walkthroughs,EV-MA-4,Other than satisfied,No records exist for packager or flow computer vendor sessions; jump host records are complete,High,POAM-002
MA-4,MA-04e.[01],session connections are terminated when nonlocal maintenance is completed;,Examine; Interview; Test,Jump host session log; vendor list; packager and flow computer vendor service agreements; compression station and Central Facility walkthroughs,EV-MA-4,Other than satisfied,Packager gateway sessions are not terminated by the company when work ends,High,POAM-002
MA-4,MA-04e.[02],network connections are terminated when nonlocal maintenance is completed.,Examine; Interview; Test,Jump host session log; vendor list; packager and flow computer vendor service agreements; compression station and Central Facility walkthroughs,EV-MA-4,Other than satisfied,Gateway network connections stay up permanently,High,POAM-002
MP-7,MP-07a.,the use of [organization-defined value] is [organization-defined value] on [organization-defined value] using [organization-defined value];,Examine; Test,Endpoint control policy; kiosk log; inspection of South Florida and BCC HMIs,EV-MP-7,Other than satisfied,"USB storage is blocked on OCC HMIs but allowed on South Florida and BCC HMIs, and no kiosk exists there",Moderate,POAM-019
MP-7,MP-07b.,the use of portable storage devices in organizational systems is prohibited when such devices have no identifiable owner.,Examine; Test,Endpoint control policy; kiosk log; inspection of South Florida and BCC HMIs,EV-MP-7,Other than satisfied,2 unlabeled USB drives with no identifiable owner were found at the South Florida HMI desk,Moderate,POAM-019
PE-3,PE-03a.01,physical access authorizations are enforced at [organization-defined value] by verifying individual access authorizations before granting access to the facility;,Examine; Interview; Test,"Badge reports for the OCC, BCC, and field offices; visitor logs (20 of 20); key inventory; gate combination log; walkthroughs of 4 tank batteries, 2 compression stations, and 6 pads",EV-PE-3,Satisfied,"Badge access, visitor escort, audit logs, key security, and the key and badge inventory work at the OCC, BCC, and field offices",,
PE-3,PE-03a.02,physical access authorizations are enforced at [organization-defined value] by controlling ingress and egress to the facility using [organization-defined value];,Examine; Interview; Test,"Badge reports for the OCC, BCC, and field offices; visitor logs (20 of 20); key inventory; gate combination log; walkthroughs of 4 tank batteries, 2 compression stations, and 6 pads",EV-PE-3,Satisfied,"Badge access, visitor escort, audit logs, key security, and the key and badge inventory work at the OCC, BCC, and field offices",,
PE-3,PE-03b.,physical access audit logs are maintained for [organization-defined value];,Examine; Interview; Test,"Badge reports for the OCC, BCC, and field offices; visitor logs (20 of 20); key inventory; gate combination log; walkthroughs of 4 tank batteries, 2 compression stations, and 6 pads",EV-PE-3,Satisfied,"Badge access, visitor escort, audit logs, key security, and the key and badge inventory work at the OCC, BCC, and field offices",,
PE-3,PE-03c.,access to areas within the facility designated as publicly accessible are maintained by implementing [organization-defined value];,Examine; Interview; Test,"Badge reports for the OCC, BCC, and field offices; visitor logs (20 of 20); key inventory; gate combination log; walkthroughs of 4 tank batteries, 2 compression stations, and 6 pads",EV-PE-3,Satisfied,"Badge access, visitor escort, audit logs, key security, and the key and badge inventory work at the OCC, BCC, and field offices",,
PE-3,PE-03d.[01],visitors are escorted;,Examine; Interview; Test,"Badge reports for the OCC, BCC, and field offices; visitor logs (20 of 20); key inventory; gate combination log; walkthroughs of 4 tank batteries, 2 compression stations, and 6 pads",EV-PE-3,Satisfied,"Badge access, visitor escort, audit logs, key security, and the key and badge inventory work at the OCC, BCC, and field offices",,
PE-3,PE-03d.[02],visitor activity is controlled [organization-defined value];,Examine; Interview; Test,"Badge reports for the OCC, BCC, and field offices; visitor logs (20 of 20); key inventory; gate combination log; walkthroughs of 4 tank batteries, 2 compression stations, and 6 pads",EV-PE-3,Satisfied,"Badge access, visitor escort, audit logs, key security, and the key and badge inventory work at the OCC, BCC, and field offices",,
PE-3,PE-03e.[01],keys are secured;,Examine; Interview; Test,"Badge reports for the OCC, BCC, and field offices; visitor logs (20 of 20); key inventory; gate combination log; walkthroughs of 4 tank batteries, 2 compression stations, and 6 pads",EV-PE-3,Satisfied,"Badge access, visitor escort, audit logs, key security, and the key and badge inventory work at the OCC, BCC, and field offices",,
PE-3,PE-03e.[02],combinations are secured;,Examine; Interview; Test,"Badge reports for the OCC, BCC, and field offices; visitor logs (20 of 20); key inventory; gate combination log; walkthroughs of 4 tank batteries, 2 compression stations, and 6 pads",EV-PE-3,Other than satisfied,Gate combinations are shared with contract crews by text message,Low,POAM-018
PE-3,PE-03e.[03],other physical access devices are secured;,Examine; Interview; Test,"Badge reports for the OCC, BCC, and field offices; visitor logs (20 of 20); key inventory; gate combination log; walkthroughs of 4 tank batteries, 2 compression stations, and 6 pads",EV-PE-3,Satisfied,"Badge access, visitor escort, audit logs, key security, and the key and badge inventory work at the OCC, BCC, and field offices",,
PE-3,PE-03f.,[organization-defined value] are inventoried [organization-defined value];,Examine; Interview; Test,"Badge reports for the OCC, BCC, and field offices; visitor logs (20 of 20); key inventory; gate combination log; walkthroughs of 4 tank batteries, 2 compression stations, and 6 pads",EV-PE-3,Satisfied,"Badge access, visitor escort, audit logs, key security, and the key and badge inventory work at the OCC, BCC, and field offices",,
PE-3,PE-03g.[01],"combinations are changed [organization-defined value] , when combinations are compromised, or when individuals possessing the combinations are transferred or terminated;",Examine; Interview; Test,"Badge reports for the OCC, BCC, and field offices; visitor logs (20 of 20); key inventory; gate combination log; walkthroughs of 4 tank batteries, 2 compression stations, and 6 pads",EV-PE-3,Other than satisfied,"Gate combinations are changed annually, not quarterly, and were not changed after 6 sampled field departures",Low,POAM-018
PE-3,PE-03g.[02],"keys are changed [organization-defined value] , when keys are lost, or when individuals possessing the keys are transferred or terminated.",Examine; Interview; Test,"Badge reports for the OCC, BCC, and field offices; visitor logs (20 of 20); key inventory; gate combination log; walkthroughs of 4 tank batteries, 2 compression stations, and 6 pads",EV-PE-3,Satisfied,"Badge access, visitor escort, audit logs, key security, and the key and badge inventory work at the OCC, BCC, and field offices",,
PS-4,PS-04a.,"upon termination of individual employment, system access is disabled within [organization-defined value];",Examine; Interview,Termination tickets (25 of 96); badge system and gate combination log; HR Director interview,EV-PS-4,Other than satisfied,Access was not disabled within 1 business day for 4 of 25 leavers (SCADA local accounts),Moderate,POAM-001
PS-4,PS-04b.,"upon termination of individual employment, any authenticators and credentials are terminated or revoked;",Examine; Interview,Termination tickets (25 of 96); badge system and gate combination log; HR Director interview,EV-PS-4,Other than satisfied,Controller passwords and field gate combinations known to leavers were not changed for 25 of 25 field leavers; they are changed on the annual cycle,Moderate,POAM-001
PS-4,PS-04c.,"upon termination of individual employment, exit interviews that include a discussion of [organization-defined value] are conducted;",Examine; Interview,Termination tickets (25 of 96); badge system and gate combination log; HR Director interview,EV-PS-4,Satisfied,"Exit interviews, return of badges, tablets, keys, and phones, and retention of the leaver's data were documented for 25 of 25",,
PS-4,PS-04d.,"upon termination of individual employment, all security-related organizational system-related property is retrieved;",Examine; Interview,Termination tickets (25 of 96); badge system and gate combination log; HR Director interview,EV-PS-4,Satisfied,"Exit interviews, return of badges, tablets, keys, and phones, and retention of the leaver's data were documented for 25 of 25",,
PS-4,PS-04e.,"upon termination of individual employment, access to organizational information and systems formerly controlled by the terminated individual are retained.",Examine; Interview,Termination tickets (25 of 96); badge system and gate combination log; HR Director interview,EV-PS-4,Satisfied,"Exit interviews, return of badges, tablets, keys, and phones, and retention of the leaver's data were documented for 25 of 25",,
RA-5,RA-05a.[01],systems and hosted applications are monitored for vulnerabilities [organization-defined value] and when new vulnerabilities potentially affecting the system are identified and ...,Examine; Interview,Scan reports; OT sensor vulnerability list; advisory tracking sheet; Security Analyst and OT Security Engineer interviews,EV-RA-5,Other than satisfied,South Florida and Alabama field devices are not monitored for vulnerabilities; CISA ICS advisories are matched manually and only for the OCC,Moderate,POAM-011
RA-5,RA-05a.[02],systems and hosted applications are scanned for vulnerabilities [organization-defined value] and when new vulnerabilities potentially affecting the system are identified and ...,Examine; Interview,Scan reports; OT sensor vulnerability list; advisory tracking sheet; Security Analyst and OT Security Engineer interviews,EV-RA-5,Satisfied,"Corporate systems are scanned quarterly with authenticated scans, OT at the OCC is monitored passively (no active OT scanning by design), results are analyzed and shared monthly, and tools update automatically",,
RA-5,RA-05b.01,"vulnerability monitoring tools and techniques are employed to automate parts of the vulnerability management process by using standards for enumerating platforms, software flaws, ...",Examine; Interview,Scan reports; OT sensor vulnerability list; advisory tracking sheet; Security Analyst and OT Security Engineer interviews,EV-RA-5,Satisfied,"Corporate systems are scanned quarterly with authenticated scans, OT at the OCC is monitored passively (no active OT scanning by design), results are analyzed and shared monthly, and tools update automatically",,
RA-5,RA-05b.02,vulnerability monitoring tools and techniques are employed to facilitate interoperability among tools and to automate parts of the vulnerability management process by using ...,Examine; Interview,Scan reports; OT sensor vulnerability list; advisory tracking sheet; Security Analyst and OT Security Engineer interviews,EV-RA-5,Satisfied,"Corporate systems are scanned quarterly with authenticated scans, OT at the OCC is monitored passively (no active OT scanning by design), results are analyzed and shared monthly, and tools update automatically",,
RA-5,RA-05b.03,vulnerability monitoring tools and techniques are employed to facilitate interoperability among tools and to automate parts of the vulnerability management process by using ...,Examine; Interview,Scan reports; OT sensor vulnerability list; advisory tracking sheet; Security Analyst and OT Security Engineer interviews,EV-RA-5,Satisfied,"Corporate systems are scanned quarterly with authenticated scans, OT at the OCC is monitored passively (no active OT scanning by design), results are analyzed and shared monthly, and tools update automatically",,
RA-5,RA-05c.,vulnerability scan reports and results from vulnerability monitoring are analyzed;,Examine; Interview,Scan reports; OT sensor vulnerability list; advisory tracking sheet; Security Analyst and OT Security Engineer interviews,EV-RA-5,Satisfied,"Corporate systems are scanned quarterly with authenticated scans, OT at the OCC is monitored passively (no active OT scanning by design), results are analyzed and shared monthly, and tools update automatically",,
RA-5,RA-05d.,legitimate vulnerabilities are remediated [organization-defined value] in accordance with an organizational assessment of risk;,Examine; Interview,Scan reports; OT sensor vulnerability list; advisory tracking sheet; Security Analyst and OT Security Engineer interviews,EV-RA-5,Other than satisfied,3 of 46 corporate critical findings were remediated late; no remediation timeframe exists for OT findings,Moderate,POAM-011
RA-5,RA-05e.,information obtained from the vulnerability monitoring process and control assessments is shared with [organization-defined value] to help eliminate similar vulnerabilities in ...,Examine; Interview,Scan reports; OT sensor vulnerability list; advisory tracking sheet; Security Analyst and OT Security Engineer interviews,EV-RA-5,Satisfied,"Corporate systems are scanned quarterly with authenticated scans, OT at the OCC is monitored passively (no active OT scanning by design), results are analyzed and shared monthly, and tools update automatically",,
RA-5,RA-05f.,vulnerability monitoring tools that include the capability to readily update the vulnerabilities to be scanned are employed.,Examine; Interview,Scan reports; OT sensor vulnerability list; advisory tracking sheet; Security Analyst and OT Security Engineer interviews,EV-RA-5,Satisfied,"Corporate systems are scanned quarterly with authenticated scans, OT at the OCC is monitored passively (no active OT scanning by design), results are analyzed and shared monthly, and tools update automatically",,
SA-9,SA-09a.[01],providers of external system services comply with organizational security requirements;,Examine; Interview,Contracts with system or data access (20 of 64); vendor review files; vendor-soc2-review.csv (P09),EV-SA-9,Other than satisfied,Only 9 of 20 sampled contracts contain security terms; compliance of the 3 critical OT vendors is unknown,High,POAM-012
SA-9,SA-09a.[02],providers of external system services comply with organizational privacy requirements;,Examine; Interview,Contracts with system or data access (20 of 64); vendor review files; vendor-soc2-review.csv (P09),EV-SA-9,Other than satisfied,Privacy and breach notice terms are missing from the telematics and outside tax vendor contracts and from 11 of 20 sampled contracts,High,POAM-012
SA-9,SA-09a.[03],providers of external system services employ [organization-defined value];,Examine; Interview,Contracts with system or data access (20 of 64); vendor review files; vendor-soc2-review.csv (P09),EV-SA-9,Other than satisfied,OT vendors are not required to employ any defined controls,High,POAM-012
SA-9,SA-09b.[01],organizational oversight with regard to external system services are defined and documented;,Examine; Interview,Contracts with system or data access (20 of 64); vendor review files; vendor-soc2-review.csv (P09),EV-SA-9,Satisfied,Oversight and user responsibilities are defined for the 4 SaaS vendors with annual SOC 2 reviews (POL-01 4.9; 2025 vendor review procedure),,
SA-9,SA-09b.[02],user roles and responsibilities with regard to external system services are defined and documented;,Examine; Interview,Contracts with system or data access (20 of 64); vendor review files; vendor-soc2-review.csv (P09),EV-SA-9,Satisfied,Oversight and user responsibilities are defined for the 4 SaaS vendors with annual SOC 2 reviews (POL-01 4.9; 2025 vendor review procedure),,
SA-9,SA-09c.,[organization-defined value] are employed to monitor control compliance by external service providers on an ongoing basis.,Examine; Interview,Contracts with system or data access (20 of 64); vendor review files; vendor-soc2-review.csv (P09),EV-SA-9,Other than satisfied,No ongoing monitoring of OT vendors or of the 64 vendors as a population (no tiering),High,POAM-012
SA-22,SA-22a.,"system components are replaced when support for the components is no longer available from the developer, vendor, or manufacturer;",Examine; Interview,Asset list with support dates; SCADA vendor extended support agreement,EV-SA-22,Other than satisfied,The BCC standby server and the 3 South Florida HMIs run an operating system past end of vendor support and have not been replaced,High,POAM-010
SA-22,SA-22b.,[organization-defined value] provide options for alternative sources for continued support for unsupported components.,Examine; Interview,Asset list with support dates; SCADA vendor extended support agreement,EV-SA-22,Satisfied,"The SCADA vendor's extended support agreement covers the SCADA application on the BCC server to 2027-06-30, and compensating controls are recorded",,
SC-7,SC-07a.[01],communications at external managed interfaces to the system are monitored;,Examine; Test,"Firewall rule exports (OT DMZ, BCC and South Florida site firewalls, cloud firewall); P04 diagram; external scan (2026-08-12); reachability test from a corporate workstation at the South Florida office (2026-08-11)",EV-SC-7,Other than satisfied,The packager gateways and the vendor modem are external interfaces that no company device monitors,High,POAM-002
SC-7,SC-07a.[02],communications at external managed interfaces to the system are controlled;,Examine; Test,"Firewall rule exports (OT DMZ, BCC and South Florida site firewalls, cloud firewall); P04 diagram; external scan (2026-08-12); reachability test from a corporate workstation at the South Florida office (2026-08-11)",EV-SC-7,Other than satisfied,"2 of 4 packager gateways accepted inbound internet connections, and 1 of them reached the station PLC (stop-and-notify)",High,POAM-002
SC-7,SC-07a.[03],communications at key internal managed interfaces within the system are monitored;,Examine; Test,"Firewall rule exports (OT DMZ, BCC and South Florida site firewalls, cloud firewall); P04 diagram; external scan (2026-08-12); reachability test from a corporate workstation at the South Florida office (2026-08-11)",EV-SC-7,Other than satisfied,Traffic from the corporate SD-WAN into the BCC and South Florida HMI segments is not monitored; OT sensors exist only at the OCC and the Central Facility,Very High,POAM-003
SC-7,SC-07a.[04],communications at key internal managed interfaces within the system are controlled;,Examine; Test,"Firewall rule exports (OT DMZ, BCC and South Florida site firewalls, cloud firewall); P04 diagram; external scan (2026-08-12); reachability test from a corporate workstation at the South Florida office (2026-08-11)",EV-SC-7,Other than satisfied,"The BCC and South Florida site firewalls allow remote desktop and file sharing from 3 corporate subnets; the reachability test reached the 3 South Florida HMIs and, through the BCC, the OCC historian",Very High,POAM-003
SC-7,SC-07b.,subnetworks for publicly accessible system components are [organization-defined value] separated from internal organizational networks;,Examine; Test,"Firewall rule exports (OT DMZ, BCC and South Florida site firewalls, cloud firewall); P04 diagram; external scan (2026-08-12); reachability test from a corporate workstation at the South Florida office (2026-08-11)",EV-SC-7,Satisfied,"Publicly accessible components (shipper portal, field data capture app) sit in the business workloads account behind the provider's web front door, separated from internal networks",,
SC-7,SC-07c.,external networks or systems are only connected to through managed interfaces consisting of boundary protection devices arranged in accordance with an organizational security and ...,Examine; Test,"Firewall rule exports (OT DMZ, BCC and South Florida site firewalls, cloud firewall); P04 diagram; external scan (2026-08-12); reachability test from a corporate workstation at the South Florida office (2026-08-11)",EV-SC-7,Other than satisfied,"The compression station networks connect to the internet through the packager's cellular gateways, not through a managed interface",High,POAM-002
SI-2,SI-02a.[01],system flaws are identified;,Examine; Interview,Patch reports; CAB tickets; critical vulnerability findings Q1-Q2 2026 (46 of 46); BCC and South Florida HMI patch levels,EV-SI-2,Satisfied,"Flaws are identified and reported, OCC SCADA patches are vendor-qualified and tested before installation, and flaw remediation runs through the CAB",,
SI-2,SI-02a.[02],system flaws are reported;,Examine; Interview,Patch reports; CAB tickets; critical vulnerability findings Q1-Q2 2026 (46 of 46); BCC and South Florida HMI patch levels,EV-SI-2,Satisfied,"Flaws are identified and reported, OCC SCADA patches are vendor-qualified and tested before installation, and flaw remediation runs through the CAB",,
SI-2,SI-02a.[03],system flaws are corrected;,Examine; Interview,Patch reports; CAB tickets; critical vulnerability findings Q1-Q2 2026 (46 of 46); BCC and South Florida HMI patch levels,EV-SI-2,Other than satisfied,Flaws on the BCC standby server and South Florida HMIs are not corrected; no patches since 2023,High,POAM-010
SI-2,SI-02b.[01],software updates related to flaw remediation are tested for effectiveness before installation;,Examine; Interview,Patch reports; CAB tickets; critical vulnerability findings Q1-Q2 2026 (46 of 46); BCC and South Florida HMI patch levels,EV-SI-2,Satisfied,"Flaws are identified and reported, OCC SCADA patches are vendor-qualified and tested before installation, and flaw remediation runs through the CAB",,
SI-2,SI-02b.[02],software updates related to flaw remediation are tested for potential side effects before installation;,Examine; Interview,Patch reports; CAB tickets; critical vulnerability findings Q1-Q2 2026 (46 of 46); BCC and South Florida HMI patch levels,EV-SI-2,Satisfied,"Flaws are identified and reported, OCC SCADA patches are vendor-qualified and tested before installation, and flaw remediation runs through the CAB",,
SI-2,SI-02b.[03],firmware updates related to flaw remediation are tested for effectiveness before installation;,Examine; Interview,Patch reports; CAB tickets; critical vulnerability findings Q1-Q2 2026 (46 of 46); BCC and South Florida HMI patch levels,EV-SI-2,Other than satisfied,Field device firmware updates are not tested for effectiveness; none were applied in 2 years,High,POAM-010
SI-2,SI-02b.[04],firmware updates related to flaw remediation are tested for potential side effects before installation;,Examine; Interview,Patch reports; CAB tickets; critical vulnerability findings Q1-Q2 2026 (46 of 46); BCC and South Florida HMI patch levels,EV-SI-2,Other than satisfied,Field device firmware updates are not tested for side effects,High,POAM-010
SI-2,SI-02c.[01],security-relevant software updates are installed within [organization-defined value] of the release of the updates;,Examine; Interview,Patch reports; CAB tickets; critical vulnerability findings Q1-Q2 2026 (46 of 46); BCC and South Florida HMI patch levels,EV-SI-2,Other than satisfied,43 of 46 corporate critical findings were fixed within 30 days (3 took 41 to 58 days); OT software updates outside the OCC are not installed,High,POAM-010
SI-2,SI-02c.[02],security-relevant firmware updates are installed within [organization-defined value] of the release of the updates;,Examine; Interview,Patch reports; CAB tickets; critical vulnerability findings Q1-Q2 2026 (46 of 46); BCC and South Florida HMI patch levels,EV-SI-2,Other than satisfied,No timeframe is defined or met for field device firmware,High,POAM-010
SI-2,SI-02d.,flaw remediation is incorporated into the organizational configuration management process.,Examine; Interview,Patch reports; CAB tickets; critical vulnerability findings Q1-Q2 2026 (46 of 46); BCC and South Florida HMI patch levels,EV-SI-2,Satisfied,"Flaws are identified and reported, OCC SCADA patches are vendor-qualified and tested before installation, and flaw remediation runs through the CAB",,
SI-3,SI-03a.[01],[organization-defined value] malicious code protection mechanisms are implemented at system entry and exit points to detect malicious code;,Examine; Test,EDR console; allowlisting report for OCC HMIs and SCADA servers; antivirus status of South Florida and BCC HMIs; test file on 5 corporate endpoints and 1 OCC engineering workstation,EV-SI-3,Satisfied,EDR detected and quarantined the test file on 5 of 5 endpoints within 4 minutes and alerted the MDR provider; allowlisting blocked execution on the OCC engineering workstation; South Florida and BCC HMIs run antivirus with daily signature updates from the patch staging server,,
SI-3,SI-03a.[02],[organization-defined value] malicious code protection mechanisms are implemented at system entry and exit points to eradicate malicious code;,Examine; Test,EDR console; allowlisting report for OCC HMIs and SCADA servers; antivirus status of South Florida and BCC HMIs; test file on 5 corporate endpoints and 1 OCC engineering workstation,EV-SI-3,Satisfied,EDR detected and quarantined the test file on 5 of 5 endpoints within 4 minutes and alerted the MDR provider; allowlisting blocked execution on the OCC engineering workstation; South Florida and BCC HMIs run antivirus with daily signature updates from the patch staging server,,
SI-3,SI-03b.,malicious code protection mechanisms are updated automatically as new releases are available in accordance with organizational configuration management policy and procedures;,Examine; Test,EDR console; allowlisting report for OCC HMIs and SCADA servers; antivirus status of South Florida and BCC HMIs; test file on 5 corporate endpoints and 1 OCC engineering workstation,EV-SI-3,Satisfied,EDR detected and quarantined the test file on 5 of 5 endpoints within 4 minutes and alerted the MDR provider; allowlisting blocked execution on the OCC engineering workstation; South Florida and BCC HMIs run antivirus with daily signature updates from the patch staging server,,
SI-3,SI-03c.01[01],malicious code protection mechanisms are configured to perform periodic scans of the system [organization-defined value];,Examine; Test,EDR console; allowlisting report for OCC HMIs and SCADA servers; antivirus status of South Florida and BCC HMIs; test file on 5 corporate endpoints and 1 OCC engineering workstation,EV-SI-3,Satisfied,EDR detected and quarantined the test file on 5 of 5 endpoints within 4 minutes and alerted the MDR provider; allowlisting blocked execution on the OCC engineering workstation; South Florida and BCC HMIs run antivirus with daily signature updates from the patch staging server,,
SI-3,SI-03c.01[02],"malicious code protection mechanisms are configured to perform real-time scans of files from external sources at [organization-defined value] as the files are downloaded, opened, ...",Examine; Test,EDR console; allowlisting report for OCC HMIs and SCADA servers; antivirus status of South Florida and BCC HMIs; test file on 5 corporate endpoints and 1 OCC engineering workstation,EV-SI-3,Satisfied,EDR detected and quarantined the test file on 5 of 5 endpoints within 4 minutes and alerted the MDR provider; allowlisting blocked execution on the OCC engineering workstation; South Florida and BCC HMIs run antivirus with daily signature updates from the patch staging server,,
SI-3,SI-03c.02[01],malicious code protection mechanisms are configured to [organization-defined value] in response to malicious code detection;,Examine; Test,EDR console; allowlisting report for OCC HMIs and SCADA servers; antivirus status of South Florida and BCC HMIs; test file on 5 corporate endpoints and 1 OCC engineering workstation,EV-SI-3,Satisfied,EDR detected and quarantined the test file on 5 of 5 endpoints within 4 minutes and alerted the MDR provider; allowlisting blocked execution on the OCC engineering workstation; South Florida and BCC HMIs run antivirus with daily signature updates from the patch staging server,,
SI-3,SI-03c.02[02],malicious code protection mechanisms are configured to send alerts to [organization-defined value] in response to malicious code detection;,Examine; Test,EDR console; allowlisting report for OCC HMIs and SCADA servers; antivirus status of South Florida and BCC HMIs; test file on 5 corporate endpoints and 1 OCC engineering workstation,EV-SI-3,Satisfied,EDR detected and quarantined the test file on 5 of 5 endpoints within 4 minutes and alerted the MDR provider; allowlisting blocked execution on the OCC engineering workstation; South Florida and BCC HMIs run antivirus with daily signature updates from the patch staging server,,
SI-3,SI-03d.,the receipt of false positives during malicious code detection and eradication and the resulting potential impact on the availability of the system are addressed.,Examine; Test,EDR console; allowlisting report for OCC HMIs and SCADA servers; antivirus status of South Florida and BCC HMIs; test file on 5 corporate endpoints and 1 OCC engineering workstation,EV-SI-3,Satisfied,EDR detected and quarantined the test file on 5 of 5 endpoints within 4 minutes and alerted the MDR provider; allowlisting blocked execution on the OCC engineering workstation; South Florida and BCC HMIs run antivirus with daily signature updates from the patch staging server,,
SI-4,SI-04a.01,the system is monitored to detect attacks and indicators of potential attacks in accordance with [organization-defined value];,Examine; Interview; Test,MDR scope; OT sensor coverage map; OT sensor alert log (July 2026: 112 alerts); simulated suspicious sign-in (MDR escalated in 18 minutes); General Counsel monitoring notice review,EV-SI-4,Other than satisfied,"No OT monitoring at the South Florida office, Alabama field sites, or the BCC",High,POAM-009
SI-4,SI-04a.02[01],the system is monitored to detect unauthorized local connections;,Examine; Interview; Test,MDR scope; OT sensor coverage map; OT sensor alert log (July 2026: 112 alerts); simulated suspicious sign-in (MDR escalated in 18 minutes); General Counsel monitoring notice review,EV-SI-4,Other than satisfied,Unauthorized local connections to HMIs and controllers outside the Panhandle are not detected,High,POAM-009
SI-4,SI-04a.02[02],the system is monitored to detect unauthorized network connections;,Examine; Interview; Test,MDR scope; OT sensor coverage map; OT sensor alert log (July 2026: 112 alerts); simulated suspicious sign-in (MDR escalated in 18 minutes); General Counsel monitoring notice review,EV-SI-4,Other than satisfied,Unauthorized network connections into the BCC and South Florida OT segments are not detected,High,POAM-009
SI-4,SI-04a.02[03],the system is monitored to detect unauthorized remote connections;,Examine; Interview; Test,MDR scope; OT sensor coverage map; OT sensor alert log (July 2026: 112 alerts); simulated suspicious sign-in (MDR escalated in 18 minutes); General Counsel monitoring notice review,EV-SI-4,Other than satisfied,Remote connections through the packager gateways and vendor modem are not detected,High,POAM-002
SI-4,SI-04b.,unauthorized use of the system is identified through [organization-defined value];,Examine; Interview; Test,MDR scope; OT sensor coverage map; OT sensor alert log (July 2026: 112 alerts); simulated suspicious sign-in (MDR escalated in 18 minutes); General Counsel monitoring notice review,EV-SI-4,Satisfied,"IT monitoring by the MDR provider works 24x7; unauthorized use is identified, monitoring increases with CISA alerts, a legal opinion on monitoring was obtained in 2025, and monthly reports go to the COO",,
SI-4,SI-04c.01,internal monitoring capabilities are invoked or monitoring devices are deployed strategically within the system to collect organization-determined essential information;,Examine; Interview; Test,MDR scope; OT sensor coverage map; OT sensor alert log (July 2026: 112 alerts); simulated suspicious sign-in (MDR escalated in 18 minutes); General Counsel monitoring notice review,EV-SI-4,Other than satisfied,OT sensors are deployed only at the OCC and the Central Facility,High,POAM-009
SI-4,SI-04c.02,internal monitoring capabilities are invoked or monitoring devices are deployed at ad hoc locations within the system to track specific types of transactions of interest to the ...,Examine; Interview; Test,MDR scope; OT sensor coverage map; OT sensor alert log (July 2026: 112 alerts); simulated suspicious sign-in (MDR escalated in 18 minutes); General Counsel monitoring notice review,EV-SI-4,Satisfied,"IT monitoring by the MDR provider works 24x7; unauthorized use is identified, monitoring increases with CISA alerts, a legal opinion on monitoring was obtained in 2025, and monthly reports go to the COO",,
SI-4,SI-04d.[01],detected events are analyzed;,Examine; Interview; Test,MDR scope; OT sensor coverage map; OT sensor alert log (July 2026: 112 alerts); simulated suspicious sign-in (MDR escalated in 18 minutes); General Counsel monitoring notice review,EV-SI-4,Other than satisfied,37 of 112 OT sensor alerts in July 2026 arrived after hours and were not analyzed until the next business day,High,POAM-009
SI-4,SI-04d.[02],detected anomalies are analyzed;,Examine; Interview; Test,MDR scope; OT sensor coverage map; OT sensor alert log (July 2026: 112 alerts); simulated suspicious sign-in (MDR escalated in 18 minutes); General Counsel monitoring notice review,EV-SI-4,Other than satisfied,OT anomalies are not analyzed after hours; the MDR contract excludes OT,High,POAM-009
SI-4,SI-04e.,"the level of system monitoring activity is adjusted when there is a change in risk to organizational operations and assets, individuals, other organizations, or the Nation;",Examine; Interview; Test,MDR scope; OT sensor coverage map; OT sensor alert log (July 2026: 112 alerts); simulated suspicious sign-in (MDR escalated in 18 minutes); General Counsel monitoring notice review,EV-SI-4,Satisfied,"IT monitoring by the MDR provider works 24x7; unauthorized use is identified, monitoring increases with CISA alerts, a legal opinion on monitoring was obtained in 2025, and monthly reports go to the COO",,
SI-4,SI-04f.,a legal opinion regarding system monitoring activities is obtained;,Examine; Interview; Test,MDR scope; OT sensor coverage map; OT sensor alert log (July 2026: 112 alerts); simulated suspicious sign-in (MDR escalated in 18 minutes); General Counsel monitoring notice review,EV-SI-4,Satisfied,"IT monitoring by the MDR provider works 24x7; unauthorized use is identified, monitoring increases with CISA alerts, a legal opinion on monitoring was obtained in 2025, and monthly reports go to the COO",,
SI-4,SI-04g.,[organization-defined value] is provided to [organization-defined value] [organization-defined value].,Examine; Interview; Test,MDR scope; OT sensor coverage map; OT sensor alert log (July 2026: 112 alerts); simulated suspicious sign-in (MDR escalated in 18 minutes); General Counsel monitoring notice review,EV-SI-4,Satisfied,"IT monitoring by the MDR provider works 24x7; unauthorized use is identified, monitoring increases with CISA alerts, a legal opinion on monitoring was obtained in 2025, and monthly reports go to the COO",,
SI-7,SI-07a.[01],integrity verification tools are employed to detect unauthorized changes to [organization-defined value];,Examine; Interview,Update verification log; allowlisting report; measurement data service ticket hashing; flow computer configuration records; Measurement Supervisor interview,EV-SI-7,Satisfied,"OCC SCADA software updates are verified against vendor hashes and allowlisting blocks unauthorized software, with alerts to the OT Security Engineer",,
SI-7,SI-07a.[02],integrity verification tools are employed to detect unauthorized changes to [organization-defined value];,Examine; Interview,Update verification log; allowlisting report; measurement data service ticket hashing; flow computer configuration records; Measurement Supervisor interview,EV-SI-7,Other than satisfied,Field device firmware authenticity is not verified before installation,Moderate,POAM-012
SI-7,SI-07a.[03],integrity verification tools are employed to detect unauthorized changes to [organization-defined value];,Examine; Interview,Update verification log; allowlisting report; measurement data service ticket hashing; flow computer configuration records; Measurement Supervisor interview,EV-SI-7,Other than satisfied,"Flow computer and LACT configuration changes are not captured or compared, and running controller logic is not compared with the repository outside the Panhandle",Moderate,POAM-007
SI-7,SI-07b.[01],"[organization-defined value] are taken when unauthorized changes to the software, are detected;",Examine; Interview,Update verification log; allowlisting report; measurement data service ticket hashing; flow computer configuration records; Measurement Supervisor interview,EV-SI-7,Satisfied,"OCC SCADA software updates are verified against vendor hashes and allowlisting blocks unauthorized software, with alerts to the OT Security Engineer",,
SI-7,SI-07b.[02],[organization-defined value] are taken when unauthorized changes to the firmware are detected;,Examine; Interview,Update verification log; allowlisting report; measurement data service ticket hashing; flow computer configuration records; Measurement Supervisor interview,EV-SI-7,Other than satisfied,No defined action exists for unauthorized firmware changes,Moderate,POAM-012
SI-7,SI-07b.[03],[organization-defined value] are taken when unauthorized changes to the information are detected.,Examine; Interview,Update verification log; allowlisting report; measurement data service ticket hashing; flow computer configuration records; Measurement Supervisor interview,EV-SI-7,Other than satisfied,No defined action exists when a flow computer configuration differs from the approved record,Moderate,POAM-007
SR-6,SR-06,"the supply chain-related risks associated with suppliers or contractors and the systems, system components, or system services they provide are assessed and reviewed ...",Examine; Interview,Vendor review files; General Counsel and GRC Analyst interviews,EV-SR-6,Other than satisfied,"Supply chain risks of the SCADA integrator, the compressor packager, and the flow computer vendor have never been assessed or reviewed",High,POAM-012
