control_id,objective_id,determination_statement_summary,method,test_type,assessment_object,evidence_ref,finding,finding_detail,risk_level,poam_id,assessment_scope
AC-2,AC-02a.[01],account types allowed for use within the system are defined and documented;,Examine; Interview; Test,Operating effectiveness,Identity governance configuration; joiner-mover-leaver sample (60 events across 3 divisions and corporate); privileged service account register; group identity director interview,EV-C-AC2,Satisfied,Evidence supports the statement,,,Common control (SYS-G1)
AC-2,AC-02a.[02],account types specifically prohibited for use within the system are defined and documented;,Examine; Interview; Test,Operating effectiveness,Identity governance configuration; joiner-mover-leaver sample (60 events across 3 divisions and corporate); privileged service account register; group identity director interview,EV-C-AC2,Satisfied,Evidence supports the statement,,,Common control (SYS-G1)
AC-2,AC-02b.,account managers are assigned;,Examine; Interview; Test,Operating effectiveness,Identity governance configuration; joiner-mover-leaver sample (60 events across 3 divisions and corporate); privileged service account register; group identity director interview,EV-C-AC2,Satisfied,Evidence supports the statement,,,Common control (SYS-G1)
AC-2,AC-02c.,[organization-defined value] for group and role membership are required;,Examine; Interview; Test,Operating effectiveness,Identity governance configuration; joiner-mover-leaver sample (60 events across 3 divisions and corporate); privileged service account register; group identity director interview,EV-C-AC2,Satisfied,Evidence supports the statement,,,Common control (SYS-G1)
AC-2,AC-02d.01,authorized users of the system are specified;,Examine; Interview; Test,Operating effectiveness,Identity governance configuration; joiner-mover-leaver sample (60 events across 3 divisions and corporate); privileged service account register; group identity director interview,EV-C-AC2,Satisfied,Evidence supports the statement,,,Common control (SYS-G1)
AC-2,AC-02d.02,group and role membership are specified;,Examine; Interview; Test,Operating effectiveness,Identity governance configuration; joiner-mover-leaver sample (60 events across 3 divisions and corporate); privileged service account register; group identity director interview,EV-C-AC2,Satisfied,Evidence supports the statement,,,Common control (SYS-G1)
AC-2,AC-02d.03[01],"access authorizations (i.e., privileges) are specified for each account;",Examine; Interview; Test,Operating effectiveness,Identity governance configuration; joiner-mover-leaver sample (60 events across 3 divisions and corporate); privileged service account register; group identity director interview,EV-C-AC2,Satisfied,Evidence supports the statement,,,Common control (SYS-G1)
AC-2,AC-02d.03[02],[organization-defined value] are specified for each account;,Examine; Interview; Test,Operating effectiveness,Identity governance configuration; joiner-mover-leaver sample (60 events across 3 divisions and corporate); privileged service account register; group identity director interview,EV-C-AC2,Satisfied,Evidence supports the statement,,,Common control (SYS-G1)
AC-2,AC-02e.,approvals are required by [organization-defined value] for requests to create accounts;,Examine; Interview; Test,Operating effectiveness,Identity governance configuration; joiner-mover-leaver sample (60 events across 3 divisions and corporate); privileged service account register; group identity director interview,EV-C-AC2,Satisfied,Evidence supports the statement,,,Common control (SYS-G1)
AC-2,AC-02f.[01],accounts are created in accordance with [organization-defined value];,Examine; Interview; Test,Operating effectiveness,Identity governance configuration; joiner-mover-leaver sample (60 events across 3 divisions and corporate); privileged service account register; group identity director interview,EV-C-AC2,Other than satisfied,34 privileged directory service accounts were created manually outside identity governance,Moderate,POAM-012,Common control (SYS-G1)
AC-2,AC-02f.[02],accounts are enabled in accordance with [organization-defined value];,Examine; Interview; Test,Operating effectiveness,Identity governance configuration; joiner-mover-leaver sample (60 events across 3 divisions and corporate); privileged service account register; group identity director interview,EV-C-AC2,Satisfied,Evidence supports the statement,,,Common control (SYS-G1)
AC-2,AC-02f.[03],accounts are modified in accordance with [organization-defined value];,Examine; Interview; Test,Operating effectiveness,Identity governance configuration; joiner-mover-leaver sample (60 events across 3 divisions and corporate); privileged service account register; group identity director interview,EV-C-AC2,Satisfied,Evidence supports the statement,,,Common control (SYS-G1)
AC-2,AC-02f.[04],accounts are disabled in accordance with [organization-defined value];,Examine; Interview; Test,Operating effectiveness,Identity governance configuration; joiner-mover-leaver sample (60 events across 3 divisions and corporate); privileged service account register; group identity director interview,EV-C-AC2,Satisfied,Evidence supports the statement,,,Common control (SYS-G1)
AC-2,AC-02f.[05],accounts are removed in accordance with [organization-defined value];,Examine; Interview; Test,Operating effectiveness,Identity governance configuration; joiner-mover-leaver sample (60 events across 3 divisions and corporate); privileged service account register; group identity director interview,EV-C-AC2,Satisfied,Evidence supports the statement,,,Common control (SYS-G1)
AC-2,AC-02g.,the use of accounts is monitored;,Examine; Interview; Test,Operating effectiveness,Identity governance configuration; joiner-mover-leaver sample (60 events across 3 divisions and corporate); privileged service account register; group identity director interview,EV-C-AC2,Other than satisfied,Service account use is not covered by behavior analytics; interactive users are,Moderate,POAM-012,Common control (SYS-G1)
AC-2,AC-02h.01,account managers and [organization-defined value] are notified within [organization-defined value] when accounts are no longer required;,Examine; Interview; Test,Operating effectiveness,Identity governance configuration; joiner-mover-leaver sample (60 events across 3 divisions and corporate); privileged service account register; group identity director interview,EV-C-AC2,Satisfied,Evidence supports the statement,,,Common control (SYS-G1)
AC-2,AC-02h.02,account managers and [organization-defined value] are notified within [organization-defined value] when users are terminated or transferred;,Examine; Interview; Test,Operating effectiveness,Identity governance configuration; joiner-mover-leaver sample (60 events across 3 divisions and corporate); privileged service account register; group identity director interview,EV-C-AC2,Satisfied,Evidence supports the statement,,,Common control (SYS-G1)
AC-2,AC-02h.03,account managers and [organization-defined value] are notified within [organization-defined value] when system usage or the need to know changes for an indiv...,Examine; Interview; Test,Operating effectiveness,Identity governance configuration; joiner-mover-leaver sample (60 events across 3 divisions and corporate); privileged service account register; group identity director interview,EV-C-AC2,Satisfied,Evidence supports the statement,,,Common control (SYS-G1)
AC-2,AC-02i.01,access to the system is authorized based on a valid access authorization;,Examine; Interview; Test,Operating effectiveness,Identity governance configuration; joiner-mover-leaver sample (60 events across 3 divisions and corporate); privileged service account register; group identity director interview,EV-C-AC2,Satisfied,Evidence supports the statement,,,Common control (SYS-G1)
AC-2,AC-02i.02,access to the system is authorized based on intended system usage;,Examine; Interview; Test,Operating effectiveness,Identity governance configuration; joiner-mover-leaver sample (60 events across 3 divisions and corporate); privileged service account register; group identity director interview,EV-C-AC2,Satisfied,Evidence supports the statement,,,Common control (SYS-G1)
AC-2,AC-02i.03,access to the system is authorized based on [organization-defined value];,Examine; Interview; Test,Operating effectiveness,Identity governance configuration; joiner-mover-leaver sample (60 events across 3 divisions and corporate); privileged service account register; group identity director interview,EV-C-AC2,Satisfied,Evidence supports the statement,,,Common control (SYS-G1)
AC-2,AC-02j.,accounts are reviewed for compliance with account management requirements [organization-defined value];,Examine; Interview; Test,Operating effectiveness,Identity governance configuration; joiner-mover-leaver sample (60 events across 3 divisions and corporate); privileged service account register; group identity director interview,EV-C-AC2,Other than satisfied,Privileged service accounts are excluded from quarterly access certification,Moderate,POAM-012,Common control (SYS-G1)
AC-2,AC-02k.[01],a process is established for changing shared or group account authenticators (if deployed) when individuals are removed from the group;,Examine; Interview; Test,Operating effectiveness,Identity governance configuration; joiner-mover-leaver sample (60 events across 3 divisions and corporate); privileged service account register; group identity director interview,EV-C-AC2,Satisfied,Evidence supports the statement,,,Common control (SYS-G1)
AC-2,AC-02k.[02],a process is implemented for changing shared or group account authenticators (if deployed) when individuals are removed from the group;,Examine; Interview; Test,Operating effectiveness,Identity governance configuration; joiner-mover-leaver sample (60 events across 3 divisions and corporate); privileged service account register; group identity director interview,EV-C-AC2,Other than satisfied,Two shared directory accounts used by the DC automation vendor were not changed after vendor staff changes in 2026,Moderate,POAM-012,Common control (SYS-G1)
AC-2,AC-02l.[01],account management processes are aligned with personnel termination processes;,Examine; Interview; Test,Operating effectiveness,Identity governance configuration; joiner-mover-leaver sample (60 events across 3 divisions and corporate); privileged service account register; group identity director interview,EV-C-AC2,Satisfied,Evidence supports the statement,,,Common control (SYS-G1)
AC-2,AC-02l.[02],account management processes are aligned with personnel transfer processes.,Examine; Interview; Test,Operating effectiveness,Identity governance configuration; joiner-mover-leaver sample (60 events across 3 divisions and corporate); privileged service account register; group identity director interview,EV-C-AC2,Satisfied,Evidence supports the statement,,,Common control (SYS-G1)
AC-2(3),AC-02(03)(a),accounts are disabled within [organization-defined value] when the accounts have expired;,Examine; Test,Operating effectiveness,Inactive account report; sample of 30 expired agency worker accounts,EV-C-AC2(3),Satisfied,Evidence supports the statement,,,Common control (SYS-G1)
AC-2(3),AC-02(03)(b),accounts are disabled within [organization-defined value] when the accounts are no longer associated with a user or individual;,Examine; Test,Operating effectiveness,Inactive account report; sample of 30 expired agency worker accounts,EV-C-AC2(3),Satisfied,Evidence supports the statement,,,Common control (SYS-G1)
AC-2(3),AC-02(03)(c),accounts are disabled within [organization-defined value] when the accounts are in violation of organizational policy;,Examine; Test,Operating effectiveness,Inactive account report; sample of 30 expired agency worker accounts,EV-C-AC2(3),Satisfied,Evidence supports the statement,,,Common control (SYS-G1)
AC-2(3),AC-02(03)(d),accounts are disabled within [organization-defined value] when the accounts have been inactive for [organization-defined value].,Examine; Test,Operating effectiveness,Inactive account report; sample of 30 expired agency worker accounts,EV-C-AC2(3),Satisfied,Evidence supports the statement,,,Common control (SYS-G1)
AC-6(5),AC-06(05),privileged accounts on the system are restricted to [organization-defined value].,Examine; Test,Operating effectiveness,PAM policy; privileged role assignments; session recording sample,EV-C-AC6(5),Satisfied,Evidence supports the statement,,,Common control (SYS-G1)
IA-2(1),IA-02(01),multi-factor authentication is implemented for access to privileged accounts.,Examine; Test,Operating effectiveness,Authentication policy; hardware-key administrator sign-in test; federation checks on 45 applications,EV-C-IA2(1),Satisfied,Evidence supports the statement,,,Common control (SYS-G1)
IA-5,IA-05a.,"system authenticators are managed through the verification of the identity of the individual, group, role, service, or device receiving the authenticator as...",Examine; Test,Operating effectiveness,"Credential standard; service account password ages; credential tests on a sample of 60 OT devices at Plants 2, 5, and 6 (2026-08-15)",EV-C-IA5,Satisfied,Evidence supports the statement,,,Common control (SYS-G1)
IA-5,IA-05b.,system authenticators are managed through the establishment of initial authenticator content for any authenticators issued by the organization;,Examine; Test,Operating effectiveness,"Credential standard; service account password ages; credential tests on a sample of 60 OT devices at Plants 2, 5, and 6 (2026-08-15)",EV-C-IA5,Satisfied,Evidence supports the statement,,,Common control (SYS-G1)
IA-5,IA-05c.,system authenticators are managed to ensure that authenticators have sufficient strength of mechanism for their intended use;,Examine; Test,Operating effectiveness,"Credential standard; service account password ages; credential tests on a sample of 60 OT devices at Plants 2, 5, and 6 (2026-08-15)",EV-C-IA5,Satisfied,Evidence supports the statement,,,Common control (SYS-G1)
IA-5,IA-05d.,"system authenticators are managed through the establishment and implementation of administrative procedures for initial authenticator distribution; lost, com...",Examine; Test,Operating effectiveness,"Credential standard; service account password ages; credential tests on a sample of 60 OT devices at Plants 2, 5, and 6 (2026-08-15)",EV-C-IA5,Satisfied,Evidence supports the statement,,,Common control (SYS-G1)
IA-5,IA-05e.,system authenticators are managed through the change of default authenticators prior to first use;,Examine; Test,Operating effectiveness,"Credential standard; service account password ages; credential tests on a sample of 60 OT devices at Plants 2, 5, and 6 (2026-08-15)",EV-C-IA5,Other than satisfied,Manufacturer default passwords found on 3 packaging HMIs at Plant 2 and on the Plant 5 refrigeration controller web interface,Very High,POAM-027,Common control (SYS-G1)
IA-5,IA-05f.,system authenticators are managed through the change or refreshment of authenticators [organization-defined value] or when [organization-defined value] occur;,Examine; Test,Operating effectiveness,"Credential standard; service account password ages; credential tests on a sample of 60 OT devices at Plants 2, 5, and 6 (2026-08-15)",EV-C-IA5,Other than satisfied,Static passwords on 34 privileged service accounts are older than 1 year; the group standard requires vaulting and rotation,Moderate,POAM-012,Common control (SYS-G1)
IA-5,IA-05g.,system authenticators are managed through the protection of authenticator content from unauthorized disclosure and modification;,Examine; Test,Operating effectiveness,"Credential standard; service account password ages; credential tests on a sample of 60 OT devices at Plants 2, 5, and 6 (2026-08-15)",EV-C-IA5,Satisfied,Evidence supports the statement,,,Common control (SYS-G1)
IA-5,IA-05h.[01],system authenticators are managed through the requirement for individuals to take specific controls to protect authenticators;,Examine; Test,Operating effectiveness,"Credential standard; service account password ages; credential tests on a sample of 60 OT devices at Plants 2, 5, and 6 (2026-08-15)",EV-C-IA5,Satisfied,Evidence supports the statement,,,Common control (SYS-G1)
IA-5,IA-05h.[02],system authenticators are managed through the requirement for devices to implement specific controls to protect authenticators;,Examine; Test,Operating effectiveness,"Credential standard; service account password ages; credential tests on a sample of 60 OT devices at Plants 2, 5, and 6 (2026-08-15)",EV-C-IA5,Satisfied,Evidence supports the statement,,,Common control (SYS-G1)
IA-5,IA-05i.,system authenticators are managed through the change of authenticators for group or role accounts when membership to those accounts changes.,Examine; Test,Operating effectiveness,"Credential standard; service account password ages; credential tests on a sample of 60 OT devices at Plants 2, 5, and 6 (2026-08-15)",EV-C-IA5,Satisfied,Evidence supports the statement,,,Common control (SYS-G1)
PS-4,PS-04a.,"upon termination of individual employment, system access is disabled within [organization-defined value];",Examine; Test,Operating effectiveness,"Termination sample of 25 across divisions, including 8 agency workers; badge deactivation logs",EV-C-PS4,Satisfied,Evidence supports the statement,,,Common control (Group HR with SYS-G1)
PS-4,PS-04b.,"upon termination of individual employment, any authenticators and credentials are terminated or revoked;",Examine; Test,Operating effectiveness,"Termination sample of 25 across divisions, including 8 agency workers; badge deactivation logs",EV-C-PS4,Satisfied,Evidence supports the statement,,,Common control (Group HR with SYS-G1)
PS-4,PS-04c.,"upon termination of individual employment, exit interviews that include a discussion of [organization-defined value] are conducted;",Examine; Test,Operating effectiveness,"Termination sample of 25 across divisions, including 8 agency workers; badge deactivation logs",EV-C-PS4,Satisfied,Evidence supports the statement,,,Common control (Group HR with SYS-G1)
PS-4,PS-04d.,"upon termination of individual employment, all security-related organizational system-related property is retrieved;",Examine; Test,Operating effectiveness,"Termination sample of 25 across divisions, including 8 agency workers; badge deactivation logs",EV-C-PS4,Satisfied,Evidence supports the statement,,,Common control (Group HR with SYS-G1)
PS-4,PS-04e.,"upon termination of individual employment, access to organizational information and systems formerly controlled by the terminated individual are retained.",Examine; Test,Operating effectiveness,"Termination sample of 25 across divisions, including 8 agency workers; badge deactivation logs",EV-C-PS4,Satisfied,Evidence supports the statement,,,Common control (Group HR with SYS-G1)
AT-2,AT-02a.01[01],"security literacy training is provided to system users (including managers, senior executives, and contractors) as part of initial training for new users;",Examine; Interview,Operating effectiveness,Learning system reports; Plant 6 agency onboarding records (sample of 20); phishing exercise results,EV-C-AT2,Other than satisfied,4 of 20 sampled Plant 6 agency workers worked at actionable process steps before completing awareness training,Moderate,POAM-028,Common control (Group HR)
AT-2,AT-02a.01[02],"privacy literacy training is provided to system users (including managers, senior executives, and contractors) as part of initial training for new users;",Examine; Interview,Operating effectiveness,Learning system reports; Plant 6 agency onboarding records (sample of 20); phishing exercise results,EV-C-AT2,Satisfied,Evidence supports the statement,,,Common control (Group HR)
AT-2,AT-02a.01[03],"security literacy training is provided to system users (including managers, senior executives, and contractors) [organization-defined value] thereafter;",Examine; Interview,Operating effectiveness,Learning system reports; Plant 6 agency onboarding records (sample of 20); phishing exercise results,EV-C-AT2,Satisfied,Evidence supports the statement,,,Common control (Group HR)
AT-2,AT-02a.01[04],"privacy literacy training is provided to system users (including managers, senior executives, and contractors) [organization-defined value] thereafter;",Examine; Interview,Operating effectiveness,Learning system reports; Plant 6 agency onboarding records (sample of 20); phishing exercise results,EV-C-AT2,Satisfied,Evidence supports the statement,,,Common control (Group HR)
AT-2,AT-02a.02[01],"security literacy training is provided to system users (including managers, senior executives, and contractors) when required by system changes or following...",Examine; Interview,Operating effectiveness,Learning system reports; Plant 6 agency onboarding records (sample of 20); phishing exercise results,EV-C-AT2,Satisfied,Evidence supports the statement,,,Common control (Group HR)
AT-2,AT-02a.02[02],"privacy literacy training is provided to system users (including managers, senior executives, and contractors) when required by system changes or following [...",Examine; Interview,Operating effectiveness,Learning system reports; Plant 6 agency onboarding records (sample of 20); phishing exercise results,EV-C-AT2,Satisfied,Evidence supports the statement,,,Common control (Group HR)
AT-2,AT-02b.,[organization-defined value] are employed to increase the security and privacy awareness of system users;,Examine; Interview,Operating effectiveness,Learning system reports; Plant 6 agency onboarding records (sample of 20); phishing exercise results,EV-C-AT2,Satisfied,Evidence supports the statement,,,Common control (Group HR)
AT-2,AT-02c.[01],literacy training and awareness content is updated [organization-defined value];,Examine; Interview,Operating effectiveness,Learning system reports; Plant 6 agency onboarding records (sample of 20); phishing exercise results,EV-C-AT2,Satisfied,Evidence supports the statement,,,Common control (Group HR)
AT-2,AT-02c.[02],literacy training and awareness content is updated following [organization-defined value];,Examine; Interview,Operating effectiveness,Learning system reports; Plant 6 agency onboarding records (sample of 20); phishing exercise results,EV-C-AT2,Satisfied,Evidence supports the statement,,,Common control (Group HR)
AT-2,AT-02d.,lessons learned from internal or external security incidents or breaches are incorporated into literacy training and awareness techniques.,Examine; Interview,Operating effectiveness,Learning system reports; Plant 6 agency onboarding records (sample of 20); phishing exercise results,EV-C-AT2,Satisfied,Evidence supports the statement,,,Common control (Group HR)
SI-4,SI-04a.01,the system is monitored to detect attacks and indicators of potential attacks in accordance with [organization-defined value];,Examine; Interview; Test,Operating effectiveness,SIEM data source list; OT monitoring coverage by site; simulated remote connection at Plant 5 (with SOC approval),EV-C-SI4,Satisfied,Evidence supports the statement,,,Common control (SYS-G2)
SI-4,SI-04a.02[01],the system is monitored to detect unauthorized local connections;,Examine; Interview; Test,Operating effectiveness,SIEM data source list; OT monitoring coverage by site; simulated remote connection at Plant 5 (with SOC approval),EV-C-SI4,Satisfied,Evidence supports the statement,,,Common control (SYS-G2)
SI-4,SI-04a.02[02],the system is monitored to detect unauthorized network connections;,Examine; Interview; Test,Operating effectiveness,SIEM data source list; OT monitoring coverage by site; simulated remote connection at Plant 5 (with SOC approval),EV-C-SI4,Satisfied,Evidence supports the statement,,,Common control (SYS-G2)
SI-4,SI-04a.02[03],the system is monitored to detect unauthorized remote connections;,Examine; Interview; Test,Operating effectiveness,SIEM data source list; OT monitoring coverage by site; simulated remote connection at Plant 5 (with SOC approval),EV-C-SI4,Other than satisfied,The simulated remote connection over the Plant 5 integrator VPN was not detected; remote paths at Plants 2 and 5 are not monitored,High,POAM-010,Common control (SYS-G2)
SI-4,SI-04b.,unauthorized use of the system is identified through [organization-defined value];,Examine; Interview; Test,Operating effectiveness,SIEM data source list; OT monitoring coverage by site; simulated remote connection at Plant 5 (with SOC approval),EV-C-SI4,Satisfied,Evidence supports the statement,,,Common control (SYS-G2)
SI-4,SI-04c.01,internal monitoring capabilities are invoked or monitoring devices are deployed strategically within the system to collect organization-determined essential...,Examine; Interview; Test,Operating effectiveness,SIEM data source list; OT monitoring coverage by site; simulated remote connection at Plant 5 (with SOC approval),EV-C-SI4,Other than satisfied,"Monitoring is not deployed in OT at Plants 2 and 5 or at DC-2, DC-4, and DC-5",Moderate,POAM-010,Common control (SYS-G2)
SI-4,SI-04c.02,internal monitoring capabilities are invoked or monitoring devices are deployed at ad hoc locations within the system to track specific types of transactions...,Examine; Interview; Test,Operating effectiveness,SIEM data source list; OT monitoring coverage by site; simulated remote connection at Plant 5 (with SOC approval),EV-C-SI4,Satisfied,Evidence supports the statement,,,Common control (SYS-G2)
SI-4,SI-04d.[01],detected events are analyzed;,Examine; Interview; Test,Operating effectiveness,SIEM data source list; OT monitoring coverage by site; simulated remote connection at Plant 5 (with SOC approval),EV-C-SI4,Satisfied,Evidence supports the statement,,,Common control (SYS-G2)
SI-4,SI-04d.[02],detected anomalies are analyzed;,Examine; Interview; Test,Operating effectiveness,SIEM data source list; OT monitoring coverage by site; simulated remote connection at Plant 5 (with SOC approval),EV-C-SI4,Satisfied,Evidence supports the statement,,,Common control (SYS-G2)
SI-4,SI-04e.,"the level of system monitoring activity is adjusted when there is a change in risk to organizational operations and assets, individuals, other organizations,...",Examine; Interview; Test,Operating effectiveness,SIEM data source list; OT monitoring coverage by site; simulated remote connection at Plant 5 (with SOC approval),EV-C-SI4,Satisfied,Evidence supports the statement,,,Common control (SYS-G2)
SI-4,SI-04f.,a legal opinion regarding system monitoring activities is obtained;,Examine; Interview; Test,Operating effectiveness,SIEM data source list; OT monitoring coverage by site; simulated remote connection at Plant 5 (with SOC approval),EV-C-SI4,Satisfied,Evidence supports the statement,,,Common control (SYS-G2)
SI-4,SI-04g.,[organization-defined value] is provided to [organization-defined value] [organization-defined value].,Examine; Interview; Test,Not implemented (nothing to test),SIEM data source list; OT monitoring coverage by site; simulated remote connection at Plant 5 (with SOC approval),EV-C-SI4,Other than satisfied,Cold-chain platform alerts and health events are not provided to the SOC,Moderate,POAM-010,Common control (SYS-G2)
IR-4,IR-04a.[01],an incident handling capability for incidents is implemented that is consistent with the incident response plan;,Examine; Interview,Operating effectiveness,Incident tickets (sample of 20); playbooks; division liaison interviews,EV-C-IR4,Satisfied,Evidence supports the statement,,,Common control (SYS-G2)
IR-4,IR-04a.[02],the incident handling capability for incidents includes preparation;,Examine; Interview,Operating effectiveness,Incident tickets (sample of 20); playbooks; division liaison interviews,EV-C-IR4,Satisfied,Evidence supports the statement,,,Common control (SYS-G2)
IR-4,IR-04a.[03],the incident handling capability for incidents includes detection and analysis;,Examine; Interview,Operating effectiveness,Incident tickets (sample of 20); playbooks; division liaison interviews,EV-C-IR4,Satisfied,Evidence supports the statement,,,Common control (SYS-G2)
IR-4,IR-04a.[04],the incident handling capability for incidents includes containment;,Examine; Interview,Operating effectiveness,Incident tickets (sample of 20); playbooks; division liaison interviews,EV-C-IR4,Satisfied,Evidence supports the statement,,,Common control (SYS-G2)
IR-4,IR-04a.[05],the incident handling capability for incidents includes eradication;,Examine; Interview,Operating effectiveness,Incident tickets (sample of 20); playbooks; division liaison interviews,EV-C-IR4,Satisfied,Evidence supports the statement,,,Common control (SYS-G2)
IR-4,IR-04a.[06],the incident handling capability for incidents includes recovery;,Examine; Interview,Operating effectiveness,Incident tickets (sample of 20); playbooks; division liaison interviews,EV-C-IR4,Satisfied,Evidence supports the statement,,,Common control (SYS-G2)
IR-4,IR-04b.,incident handling activities are coordinated with contingency planning activities;,Examine; Interview,Operating effectiveness,Incident tickets (sample of 20); playbooks; division liaison interviews,EV-C-IR4,Other than satisfied,Incident handling is not coordinated with plant contingency and HACCP corrective actions; the OT playbook has no product hold step,Moderate,POAM-011,Common control (SYS-G2)
IR-4,IR-04c.[01],"lessons learned from ongoing incident handling activities are incorporated into incident response procedures, training, and testing;",Examine; Interview,Operating effectiveness,Incident tickets (sample of 20); playbooks; division liaison interviews,EV-C-IR4,Satisfied,Evidence supports the statement,,,Common control (SYS-G2)
IR-4,IR-04c.[02],the changes resulting from the incorporated lessons learned are implemented accordingly;,Examine; Interview,Operating effectiveness,Incident tickets (sample of 20); playbooks; division liaison interviews,EV-C-IR4,Satisfied,Evidence supports the statement,,,Common control (SYS-G2)
IR-4,IR-04d.[01],the rigor of incident handling activities is comparable and predictable across the organization;,Examine; Interview,Operating effectiveness,Incident tickets (sample of 20); playbooks; division liaison interviews,EV-C-IR4,Other than satisfied,"Food Distribution still uses its own three-level severity scale, so rigor is not comparable across divisions",Moderate,POAM-011,Common control (SYS-G2)
IR-4,IR-04d.[02],the intensity of incident handling activities is comparable and predictable across the organization;,Examine; Interview,Operating effectiveness,Incident tickets (sample of 20); playbooks; division liaison interviews,EV-C-IR4,Satisfied,Evidence supports the statement,,,Common control (SYS-G2)
IR-4,IR-04d.[03],the scope of incident handling activities is comparable and predictable across the organization;,Examine; Interview,Operating effectiveness,Incident tickets (sample of 20); playbooks; division liaison interviews,EV-C-IR4,Satisfied,Evidence supports the statement,,,Common control (SYS-G2)
IR-4,IR-04d.[04],the results of incident handling activities are comparable and predictable across the organization.,Examine; Interview,Operating effectiveness,Incident tickets (sample of 20); playbooks; division liaison interviews,EV-C-IR4,Satisfied,Evidence supports the statement,,,Common control (SYS-G2)
IR-6,IR-06a.,personnel is/are required to report suspected incidents to the organizational incident response capability within [organization-defined value];,Examine; Interview,Design (draft notification matrix and POL-03 v2026 reviewed; approved 2026-09-15),Reporting procedure; notification matrix (draft),EV-C-IR6,Satisfied,Evidence supports the statement,,,Common control (SYS-G2)
IR-6,IR-06b.,incident information is reported to [organization-defined value].,Examine; Interview,Design (draft notification matrix and POL-03 v2026 reviewed; approved 2026-09-15),Reporting procedure; notification matrix (draft),EV-C-IR6,Other than satisfied,"Reporting of incident information to FSIS, FDA, the acquirer, and 3PL customers is not defined in SOC procedures",Moderate,POAM-011,Common control (SYS-G2)
IR-8,IR-08a.01,an incident response plan is developed that provides the organization with a roadmap for implementing its incident response capability;,Examine,Operating effectiveness,Group incident response plan v4 (2025-11-30),EV-C-IR8,Satisfied,Evidence supports the statement,,,Common control (SYS-G2)
IR-8,IR-08a.02,an incident response plan is developed that describes the structure and organization of the incident response capability;,Examine,Operating effectiveness,Group incident response plan v4 (2025-11-30),EV-C-IR8,Satisfied,Evidence supports the statement,,,Common control (SYS-G2)
IR-8,IR-08a.03,an incident response plan is developed that provides a high-level approach for how the incident response capability fits into the overall organization;,Examine,Operating effectiveness,Group incident response plan v4 (2025-11-30),EV-C-IR8,Satisfied,Evidence supports the statement,,,Common control (SYS-G2)
IR-8,IR-08a.04,"an incident response plan is developed that meets the unique requirements of the organization with regard to mission, size, structure, and functions;",Examine,Operating effectiveness,Group incident response plan v4 (2025-11-30),EV-C-IR8,Other than satisfied,"The plan does not address product holds, food regulator notices, or payment card steps",Moderate,POAM-011,Common control (SYS-G2)
IR-8,IR-08a.05,an incident response plan is developed that defines reportable incidents;,Examine,Operating effectiveness,Group incident response plan v4 (2025-11-30),EV-C-IR8,Other than satisfied,"Reportable incidents are not defined for food safety, food defense, or card brand duties",Moderate,POAM-011,Common control (SYS-G2)
IR-8,IR-08a.06,an incident response plan is developed that provides metrics for measuring the incident response capability within the organization;,Examine,Operating effectiveness,Group incident response plan v4 (2025-11-30),EV-C-IR8,Satisfied,Evidence supports the statement,,,Common control (SYS-G2)
IR-8,IR-08a.07,an incident response plan is developed that defines the resources and management support needed to effectively maintain and mature an incident response capab...,Examine,Operating effectiveness,Group incident response plan v4 (2025-11-30),EV-C-IR8,Satisfied,Evidence supports the statement,,,Common control (SYS-G2)
IR-8,IR-08a.08,an incident response plan is developed that addresses the sharing of incident information;,Examine,Operating effectiveness,Group incident response plan v4 (2025-11-30),EV-C-IR8,Satisfied,Evidence supports the statement,,,Common control (SYS-G2)
IR-8,IR-08a.09,an incident response plan is developed that is reviewed and approved by [organization-defined value] [organization-defined value];,Examine,Operating effectiveness,Group incident response plan v4 (2025-11-30),EV-C-IR8,Satisfied,Evidence supports the statement,,,Common control (SYS-G2)
IR-8,IR-08a.10,an incident response plan is developed that explicitly designates responsibility for incident response to [organization-defined value].,Examine,Operating effectiveness,Group incident response plan v4 (2025-11-30),EV-C-IR8,Satisfied,Evidence supports the statement,,,Common control (SYS-G2)
IR-8,IR-08b.[01],copies of the incident response plan are distributed to [organization-defined value];,Examine,Operating effectiveness,Group incident response plan v4 (2025-11-30),EV-C-IR8,Satisfied,Evidence supports the statement,,,Common control (SYS-G2)
IR-8,IR-08b.[02],copies of the incident response plan are distributed to [organization-defined value];,Examine,Operating effectiveness,Group incident response plan v4 (2025-11-30),EV-C-IR8,Satisfied,Evidence supports the statement,,,Common control (SYS-G2)
IR-8,IR-08c.,"the incident response plan is updated to address system and organizational changes or problems encountered during plan implementation, execution, or testing;",Examine,Operating effectiveness,Group incident response plan v4 (2025-11-30),EV-C-IR8,Other than satisfied,The plan was not updated after the 2024 acquisitions of Plants 2 and 5,Low,POAM-011,Common control (SYS-G2)
IR-8,IR-08d.[01],incident response plan changes are communicated to [organization-defined value];,Examine,Operating effectiveness,Group incident response plan v4 (2025-11-30),EV-C-IR8,Satisfied,Evidence supports the statement,,,Common control (SYS-G2)
IR-8,IR-08d.[02],incident response plan changes are communicated to [organization-defined value];,Examine,Operating effectiveness,Group incident response plan v4 (2025-11-30),EV-C-IR8,Satisfied,Evidence supports the statement,,,Common control (SYS-G2)
IR-8,IR-08e.[01],the incident response plan is protected from unauthorized disclosure;,Examine,Operating effectiveness,Group incident response plan v4 (2025-11-30),EV-C-IR8,Satisfied,Evidence supports the statement,,,Common control (SYS-G2)
IR-8,IR-08e.[02],the incident response plan is protected from unauthorized modification.,Examine,Operating effectiveness,Group incident response plan v4 (2025-11-30),EV-C-IR8,Satisfied,Evidence supports the statement,,,Common control (SYS-G2)
RA-5,RA-05a.[01],systems and hosted applications are monitored for vulnerabilities [organization-defined value] and when new vulnerabilities potentially affecting the system...,Examine; Test,Operating effectiveness,Scan schedules and reports; passive OT vulnerability matching coverage,EV-C-RA5,Satisfied,Evidence supports the statement,,,Common control (SYS-G2)
RA-5,RA-05a.[02],systems and hosted applications are scanned for vulnerabilities [organization-defined value] and when new vulnerabilities potentially affecting the system ar...,Examine; Test,Operating effectiveness,Scan schedules and reports; passive OT vulnerability matching coverage,EV-C-RA5,Other than satisfied,OT at Plants 2 and 5 is neither scanned nor passively matched for vulnerabilities,Moderate,POAM-010,Common control (SYS-G2)
RA-5,RA-05b.01,vulnerability monitoring tools and techniques are employed to automate parts of the vulnerability management process by using standards for enumerating platf...,Examine; Test,Operating effectiveness,Scan schedules and reports; passive OT vulnerability matching coverage,EV-C-RA5,Satisfied,Evidence supports the statement,,,Common control (SYS-G2)
RA-5,RA-05b.02,vulnerability monitoring tools and techniques are employed to facilitate interoperability among tools and to automate parts of the vulnerability management p...,Examine; Test,Operating effectiveness,Scan schedules and reports; passive OT vulnerability matching coverage,EV-C-RA5,Satisfied,Evidence supports the statement,,,Common control (SYS-G2)
RA-5,RA-05b.03,vulnerability monitoring tools and techniques are employed to facilitate interoperability among tools and to automate parts of the vulnerability management p...,Examine; Test,Operating effectiveness,Scan schedules and reports; passive OT vulnerability matching coverage,EV-C-RA5,Satisfied,Evidence supports the statement,,,Common control (SYS-G2)
RA-5,RA-05c.,vulnerability scan reports and results from vulnerability monitoring are analyzed;,Examine; Test,Operating effectiveness,Scan schedules and reports; passive OT vulnerability matching coverage,EV-C-RA5,Satisfied,Evidence supports the statement,,,Common control (SYS-G2)
RA-5,RA-05d.,legitimate vulnerabilities are remediated [organization-defined value] in accordance with an organizational assessment of risk;,Examine; Test,Operating effectiveness,Scan schedules and reports; passive OT vulnerability matching coverage,EV-C-RA5,Satisfied,Evidence supports the statement,,,Common control (SYS-G2)
RA-5,RA-05e.,information obtained from the vulnerability monitoring process and control assessments is shared with [organization-defined value] to help eliminate similar...,Examine; Test,Operating effectiveness,Scan schedules and reports; passive OT vulnerability matching coverage,EV-C-RA5,Satisfied,Evidence supports the statement,,,Common control (SYS-G2)
RA-5,RA-05f.,vulnerability monitoring tools that include the capability to readily update the vulnerabilities to be scanned are employed.,Examine; Test,Operating effectiveness,Scan schedules and reports; passive OT vulnerability matching coverage,EV-C-RA5,Satisfied,Evidence supports the statement,,,Common control (SYS-G2)
CP-9,CP-09a.,backups of user-level information contained in [organization-defined value] are conducted [organization-defined value];,Examine; Test,Operating effectiveness,"Backup vault configuration; restores of 3 datasets (SYS-M5, recipe library, SYS-D3) from the provider B vault",EV-C-CP9,Satisfied,Evidence supports the statement,,,Common control (SYS-G3)
CP-9,CP-09b.,backups of system-level information contained in the system are conducted [organization-defined value];,Examine; Test,Operating effectiveness,"Backup vault configuration; restores of 3 datasets (SYS-M5, recipe library, SYS-D3) from the provider B vault",EV-C-CP9,Satisfied,Evidence supports the statement,,,Common control (SYS-G3)
CP-9,CP-09c.,"backups of system documentation, including security- and privacy-related documentation are conducted [organization-defined value];",Examine; Test,Operating effectiveness,"Backup vault configuration; restores of 3 datasets (SYS-M5, recipe library, SYS-D3) from the provider B vault",EV-C-CP9,Satisfied,Evidence supports the statement,,,Common control (SYS-G3)
CP-9,CP-09d.[01],the confidentiality of backup information is protected;,Examine; Test,Operating effectiveness,"Backup vault configuration; restores of 3 datasets (SYS-M5, recipe library, SYS-D3) from the provider B vault",EV-C-CP9,Satisfied,Evidence supports the statement,,,Common control (SYS-G3)
CP-9,CP-09d.[02],the integrity of backup information is protected;,Examine; Test,Operating effectiveness,"Backup vault configuration; restores of 3 datasets (SYS-M5, recipe library, SYS-D3) from the provider B vault",EV-C-CP9,Satisfied,Evidence supports the statement,,,Common control (SYS-G3)
CP-9,CP-09d.[03],the availability of backup information is protected.,Examine; Test,Operating effectiveness,"Backup vault configuration; restores of 3 datasets (SYS-M5, recipe library, SYS-D3) from the provider B vault",EV-C-CP9,Satisfied,Evidence supports the statement,,,Common control (SYS-G3)
SC-7,SC-07a.[01],communications at external managed interfaces to the system are monitored;,Examine; Test,Operating effectiveness,Landing-zone firewall policies; external exposure scan of both providers,EV-C-SC7,Satisfied,Evidence supports the statement,,,Common control (SYS-G3)
SC-7,SC-07a.[02],communications at external managed interfaces to the system are controlled;,Examine; Test,Operating effectiveness,Landing-zone firewall policies; external exposure scan of both providers,EV-C-SC7,Satisfied,Evidence supports the statement,,,Common control (SYS-G3)
SC-7,SC-07a.[03],communications at key internal managed interfaces within the system are monitored;,Examine; Test,Operating effectiveness,Landing-zone firewall policies; external exposure scan of both providers,EV-C-SC7,Satisfied,Evidence supports the statement,,,Common control (SYS-G3)
SC-7,SC-07a.[04],communications at key internal managed interfaces within the system are controlled;,Examine; Test,Operating effectiveness,Landing-zone firewall policies; external exposure scan of both providers,EV-C-SC7,Satisfied,Evidence supports the statement,,,Common control (SYS-G3)
SC-7,SC-07b.,subnetworks for publicly accessible system components are [organization-defined value] separated from internal organizational networks;,Examine; Test,Operating effectiveness,Landing-zone firewall policies; external exposure scan of both providers,EV-C-SC7,Satisfied,Evidence supports the statement,,,Common control (SYS-G3)
SC-7,SC-07c.,external networks or systems are only connected to through managed interfaces consisting of boundary protection devices arranged in accordance with an organi...,Examine; Test,Operating effectiveness,Landing-zone firewall policies; external exposure scan of both providers,EV-C-SC7,Satisfied,Evidence supports the statement,,,Common control (SYS-G3)
SC-28,SC-28,the [organization-defined value] of [organization-defined value] is/are protected.,Examine,Operating effectiveness,"Encryption settings for SYS-M5, the recipe library, SYS-D3, and SYS-R2 data stores",EV-C-SC28,Satisfied,Evidence supports the statement,,,Common control (SYS-G3)
CM-6,CM-06a.,configuration settings that reflect the most restrictive mode consistent with operational requirements are established and documented for components employed...,Examine; Test,Operating effectiveness,Guardrail policy compliance report; configuration scan of OT Windows hosts at Plants 1 and 6,EV-C-CM6,Satisfied,Evidence supports the statement,,,Common control (SYS-G3)
CM-6,CM-06b.,the configuration settings documented in CM-06a are implemented;,Examine; Test,Operating effectiveness,Guardrail policy compliance report; configuration scan of OT Windows hosts at Plants 1 and 6,EV-C-CM6,Satisfied,Evidence supports the statement,,,Common control (SYS-G3)
CM-6,CM-06c.[01],any deviations from established configuration settings for [organization-defined value] are identified and documented based on [organization-defined value];,Examine; Test,Operating effectiveness,Guardrail policy compliance report; configuration scan of OT Windows hosts at Plants 1 and 6,EV-C-CM6,Satisfied,Evidence supports the statement,,,Common control (SYS-G3)
CM-6,CM-06c.[02],any deviations from established configuration settings for [organization-defined value] are approved;,Examine; Test,Operating effectiveness,Guardrail policy compliance report; configuration scan of OT Windows hosts at Plants 1 and 6,EV-C-CM6,Satisfied,Evidence supports the statement,,,Common control (SYS-G3)
CM-6,CM-06d.[01],changes to the configuration settings are monitored in accordance with organizational policies and procedures;,Examine; Test,Operating effectiveness,Guardrail policy compliance report; configuration scan of OT Windows hosts at Plants 1 and 6,EV-C-CM6,Satisfied,Evidence supports the statement,,,Common control (SYS-G3)
CM-6,CM-06d.[02],changes to the configuration settings are controlled in accordance with organizational policies and procedures.,Examine; Test,Operating effectiveness,Guardrail policy compliance report; configuration scan of OT Windows hosts at Plants 1 and 6,EV-C-CM6,Satisfied,Evidence supports the statement,,,Common control (SYS-G3)
AC-17,AC-17a.[01],usage restrictions are established and documented for each type of remote access allowed;,Examine; Test,Operating effectiveness,OT remote access standard; gateway configuration; inventory of remote paths at all plants and DCs,EV-C-AC17,Satisfied,Evidence supports the statement,,,Common control (SYS-G5)
AC-17,AC-17a.[02],configuration/connection requirements are established and documented for each type of remote access allowed;,Examine; Test,Operating effectiveness,OT remote access standard; gateway configuration; inventory of remote paths at all plants and DCs,EV-C-AC17,Satisfied,Evidence supports the statement,,,Common control (SYS-G5)
AC-17,AC-17a.[03],implementation guidance is established and documented for each type of remote access allowed;,Examine; Test,Operating effectiveness,OT remote access standard; gateway configuration; inventory of remote paths at all plants and DCs,EV-C-AC17,Satisfied,Evidence supports the statement,,,Common control (SYS-G5)
AC-17,AC-17b.,each type of remote access to the system is authorized prior to allowing such connections.,Examine; Test,Operating effectiveness,OT remote access standard; gateway configuration; inventory of remote paths at all plants and DCs,EV-C-AC17,Other than satisfied,Remote access at Plants 2 and 5 (integrator shared always-on VPN; Plant 5 contractor cellular modem) is not authorized through SYS-G5,High,POAM-002,Common control (SYS-G5)
MA-4,MA-04a.[01],nonlocal maintenance and diagnostic activities are approved;,Examine; Interview; Test,Operating effectiveness,Gateway session logs; integrator and refrigeration contractor interviews; modem test at Plant 5,EV-C-MA4,Satisfied,Evidence supports the statement,,,Common control (SYS-G5)
MA-4,MA-04a.[02],nonlocal maintenance and diagnostic activities are monitored;,Examine; Interview; Test,Operating effectiveness,Gateway session logs; integrator and refrigeration contractor interviews; modem test at Plant 5,EV-C-MA4,Other than satisfied,Nonlocal maintenance at Plants 2 and 5 is not monitored,High,POAM-002,Common control (SYS-G5)
MA-4,MA-04b.[01],the use of nonlocal maintenance and diagnostic tools are allowed only as consistent with organizational policy;,Examine; Interview; Test,Operating effectiveness,Gateway session logs; integrator and refrigeration contractor interviews; modem test at Plant 5,EV-C-MA4,Satisfied,Evidence supports the statement,,,Common control (SYS-G5)
MA-4,MA-04b.[02],the use of nonlocal maintenance and diagnostic tools are documented in the security plan for the system;,Examine; Interview; Test,Operating effectiveness,Gateway session logs; integrator and refrigeration contractor interviews; modem test at Plant 5,EV-C-MA4,Satisfied,Evidence supports the statement,,,Common control (SYS-G5)
MA-4,MA-04c.,strong authentication is employed in the establishment of nonlocal maintenance and diagnostic sessions;,Examine; Interview; Test,Operating effectiveness,Gateway session logs; integrator and refrigeration contractor interviews; modem test at Plant 5,EV-C-MA4,Other than satisfied,The integrator VPN at Plants 2 and 5 uses a shared password without MFA,High,POAM-002,Common control (SYS-G5)
MA-4,MA-04d.,records for nonlocal maintenance and diagnostic activities are maintained;,Examine; Interview; Test,Operating effectiveness,Gateway session logs; integrator and refrigeration contractor interviews; modem test at Plant 5,EV-C-MA4,Satisfied,Evidence supports the statement,,,Common control (SYS-G5)
MA-4,MA-04e.[01],session connections are terminated when nonlocal maintenance is completed;,Examine; Interview; Test,Operating effectiveness,Gateway session logs; integrator and refrigeration contractor interviews; modem test at Plant 5,EV-C-MA4,Satisfied,Evidence supports the statement,,,Common control (SYS-G5)
MA-4,MA-04e.[02],network connections are terminated when nonlocal maintenance is completed.,Examine; Interview; Test,Operating effectiveness,Gateway session logs; integrator and refrigeration contractor interviews; modem test at Plant 5,EV-C-MA4,Other than satisfied,Network connections stay up after maintenance: the integrator VPN and the Plant 5 modem are always on,High,POAM-002,Common control (SYS-G5)
CP-4,CP-04a.[01],the contingency plan for the system is tested [organization-defined value];,Examine; Interview,Not implemented (nothing to test),"Cold-chain DR runbook (draft); test records; site manual log procedures at 4 plants, 2 DCs, and 8 stores",EV-C-CP4,Other than satisfied,Failover of the cold-chain alert integration server has never been tested,High,POAM-005,Common control (SYS-G6)
CP-4,CP-04a.[02],[organization-defined value] are used to determine the effectiveness of the plan;,Examine; Interview,Operating effectiveness,"Cold-chain DR runbook (draft); test records; site manual log procedures at 4 plants, 2 DCs, and 8 stores",EV-C-CP4,Satisfied,Evidence supports the statement,,,Common control (SYS-G6)
CP-4,CP-04a.[03],[organization-defined value] are used to determine the readiness to execute the plan;,Examine; Interview,Not implemented (nothing to test),"Cold-chain DR runbook (draft); test records; site manual log procedures at 4 plants, 2 DCs, and 8 stores",EV-C-CP4,Other than satisfied,Readiness of sites to run manual temperature logs on a platform-wide outage has not been tested,Moderate,POAM-005,Common control (SYS-G6)
CP-4,CP-04b.,the contingency plan test results are reviewed;,Examine; Interview,Operating effectiveness,"Cold-chain DR runbook (draft); test records; site manual log procedures at 4 plants, 2 DCs, and 8 stores",EV-C-CP4,Satisfied,Evidence supports the statement,,,Common control (SYS-G6)
CP-4,CP-04c.,"corrective actions are initiated, if needed.",Examine; Interview,Operating effectiveness,"Cold-chain DR runbook (draft); test records; site manual log procedures at 4 plants, 2 DCs, and 8 stores",EV-C-CP4,Satisfied,Evidence supports the statement,,,Common control (SYS-G6)
SA-9,SA-09a.[01],providers of external system services comply with organizational security requirements;,Examine; Interview,Operating effectiveness,Cold-chain vendor contract; vendor file; SOC 2 report request history,EV-C-SA9,Other than satisfied,Vendor compliance with group security terms (added 2025) has not been verified,Moderate,POAM-006,Common control (SYS-G6)
SA-9,SA-09a.[02],providers of external system services comply with organizational privacy requirements;,Examine; Interview,Operating effectiveness,Cold-chain vendor contract; vendor file; SOC 2 report request history,EV-C-SA9,Satisfied,Evidence supports the statement,,,Common control (SYS-G6)
SA-9,SA-09a.[03],providers of external system services employ [organization-defined value];,Examine; Interview,Operating effectiveness,Cold-chain vendor contract; vendor file; SOC 2 report request history,EV-C-SA9,Satisfied,Evidence supports the statement,,,Common control (SYS-G6)
SA-9,SA-09b.[01],organizational oversight with regard to external system services are defined and documented;,Examine; Interview,Operating effectiveness,Cold-chain vendor contract; vendor file; SOC 2 report request history,EV-C-SA9,Satisfied,Evidence supports the statement,,,Common control (SYS-G6)
SA-9,SA-09b.[02],user roles and responsibilities with regard to external system services are defined and documented;,Examine; Interview,Operating effectiveness,Cold-chain vendor contract; vendor file; SOC 2 report request history,EV-C-SA9,Satisfied,Evidence supports the statement,,,Common control (SYS-G6)
SA-9,SA-09c.,[organization-defined value] are employed to monitor control compliance by external service providers on an ongoing basis.,Examine; Interview,Operating effectiveness,Cold-chain vendor contract; vendor file; SOC 2 report request history,EV-C-SA9,Other than satisfied,The vendor's SOC 2 report has not been reviewed since 2024; no other monitoring of the vendor,Moderate,POAM-006,Common control (SYS-G6)
AC-3,AC-03,approved authorizations for logical access to information and system resources are enforced in accordance with applicable access control policies.,Examine; Test,Operating effectiveness,"MES role exports; test sign-ins on HMIs and MES at Plants 2, 5, and 6",EV-P-AC3,Other than satisfied,Shared MES and HMI accounts at Plants 2 and 5 let any operator act with supervisor rights; enforcement cannot be tied to a person,High,POAM-003,PPCM (system-specific)
IA-2,IA-02[01],organizational users are uniquely identified and authenticated;,Examine; Test,Operating effectiveness,HMI and MES account lists at all six plants; observation on two shifts at Plant 6,EV-P-IA2,Other than satisfied,"Operators on all 310 HMIs, and MES users at Plants 2 and 5, are not uniquely identified",High,POAM-003,PPCM (system-specific)
IA-2,IA-02[02],the unique identification of authenticated organizational users is associated with processes acting on behalf of those users.,Examine; Test,Operating effectiveness,HMI and MES account lists at all six plants; observation on two shifts at Plant 6,EV-P-IA2,Satisfied,Evidence supports the statement,,,PPCM (system-specific)
AU-9,AU-09a.,"audit information and audit logging tools are protected from unauthorized access, modification, and deletion;",Examine; Test,Operating effectiveness,Historian configuration at all six plants; SYS-M5 audit settings,EV-P-AU9,Other than satisfied,"Historian audit trails are disabled at Plants 2 and 5, so CCP data can be changed without a record",High,POAM-004,PPCM (system-specific)
AU-9,AU-09b.,"[organization-defined value] are alerted upon detection of unauthorized access, modification, or deletion of audit information.",Examine; Test,Not implemented (nothing to test),Historian configuration at all six plants; SYS-M5 audit settings,EV-P-AU9,Other than satisfied,No alert is raised when historian audit settings are changed,Moderate,POAM-004,PPCM (system-specific)
AU-12,AU-12a.,audit record generation capability for the event types the system is capable of auditing (defined in AU-02_ODP[01]) is provided by [organization-defined value];,Examine; Test,Operating effectiveness,"Sample audit records from historians, MES, PAM, and SYS-G5",EV-P-AU12,Other than satisfied,Historians at Plants 2 and 5 do not generate audit records for value edits,High,POAM-004,PPCM (system-specific)
AU-12,AU-12b.,[organization-defined value] is/are allowed to select the event types that are to be logged by specific components of the system;,Examine; Test,Operating effectiveness,"Sample audit records from historians, MES, PAM, and SYS-G5",EV-P-AU12,Satisfied,Evidence supports the statement,,,PPCM (system-specific)
AU-12,AU-12c.,audit records for the event types defined in AU-02_ODP[02] that include the audit record content defined in AU-03 are generated.,Examine; Test,Operating effectiveness,"Sample audit records from historians, MES, PAM, and SYS-G5",EV-P-AU12,Satisfied,Evidence supports the statement,,,PPCM (system-specific)
CM-3,CM-03a.,the types of changes to the system that are configuration-controlled are determined and documented;,Examine; Interview,Operating effectiveness,"Change records 2025-2026 at Plants 2, 5, and 6 (sample of 30); Plant 6 FSQA interview",EV-P-CM3,Satisfied,Evidence supports the statement,,,PPCM (system-specific)
CM-3,CM-03b.[01],proposed configuration-controlled changes to the system are reviewed;,Examine; Interview,Operating effectiveness,"Change records 2025-2026 at Plants 2, 5, and 6 (sample of 30); Plant 6 FSQA interview",EV-P-CM3,Satisfied,Evidence supports the statement,,,PPCM (system-specific)
CM-3,CM-03b.[02],proposed configuration-controlled changes to the system are approved or disapproved with explicit consideration for security and privacy impact analyses;,Examine; Interview,Operating effectiveness,"Change records 2025-2026 at Plants 2, 5, and 6 (sample of 30); Plant 6 FSQA interview",EV-P-CM3,Other than satisfied,The 2025 Plant 6 MES upgrade was approved without considering food defense impact (21 CFR 121.157),High,POAM-007,PPCM (system-specific)
CM-3,CM-03c.,configuration change decisions associated with the system are documented;,Examine; Interview,Operating effectiveness,"Change records 2025-2026 at Plants 2, 5, and 6 (sample of 30); Plant 6 FSQA interview",EV-P-CM3,Satisfied,Evidence supports the statement,,,PPCM (system-specific)
CM-3,CM-03d.,approved configuration-controlled changes to the system are implemented;,Examine; Interview,Operating effectiveness,"Change records 2025-2026 at Plants 2, 5, and 6 (sample of 30); Plant 6 FSQA interview",EV-P-CM3,Satisfied,Evidence supports the statement,,,PPCM (system-specific)
CM-3,CM-03e.,records of configuration-controlled changes to the system are retained for [organization-defined value];,Examine; Interview,Operating effectiveness,"Change records 2025-2026 at Plants 2, 5, and 6 (sample of 30); Plant 6 FSQA interview",EV-P-CM3,Satisfied,Evidence supports the statement,,,PPCM (system-specific)
CM-3,CM-03f.[01],activities associated with configuration-controlled changes to the system are monitored;,Examine; Interview,Operating effectiveness,"Change records 2025-2026 at Plants 2, 5, and 6 (sample of 30); Plant 6 FSQA interview",EV-P-CM3,Satisfied,Evidence supports the statement,,,PPCM (system-specific)
CM-3,CM-03f.[02],activities associated with configuration-controlled changes to the system are reviewed;,Examine; Interview,Operating effectiveness,"Change records 2025-2026 at Plants 2, 5, and 6 (sample of 30); Plant 6 FSQA interview",EV-P-CM3,Satisfied,Evidence supports the statement,,,PPCM (system-specific)
CM-3,CM-03g.[01],configuration change control activities are coordinated and overseen by [organization-defined value];,Examine; Interview,Operating effectiveness,"Change records 2025-2026 at Plants 2, 5, and 6 (sample of 30); Plant 6 FSQA interview",EV-P-CM3,Other than satisfied,At Plants 2 and 5 the integrator runs change control without division oversight,Moderate,POAM-007,PPCM (system-specific)
CM-3,CM-03g.[02],the configuration control element convenes [organization-defined value].,Examine; Interview,Operating effectiveness,"Change records 2025-2026 at Plants 2, 5, and 6 (sample of 30); Plant 6 FSQA interview",EV-P-CM3,Satisfied,Evidence supports the statement,,,PPCM (system-specific)
CM-8,CM-08a.01,an inventory of system components that accurately reflects the system is developed and documented;,Examine; Test,Operating effectiveness,OT asset inventories; passive monitoring export; walkdown of two production lines at Plant 2,EV-P-CM8,Other than satisfied,Plants 2 and 5 inventories (2024 spreadsheets) do not reflect current systems,Moderate,POAM-008,PPCM (system-specific)
CM-8,CM-08a.02,an inventory of system components that includes all components within the system is developed and documented;,Examine; Test,Operating effectiveness,OT asset inventories; passive monitoring export; walkdown of two production lines at Plant 2,EV-P-CM8,Other than satisfied,The walkdown found 41 devices on two Plant 2 lines that are not in the inventory,Moderate,POAM-008,PPCM (system-specific)
CM-8,CM-08a.03,an inventory of system components that does not include duplicate accounting of components or components assigned to any other system is developed and docume...,Examine; Test,Operating effectiveness,OT asset inventories; passive monitoring export; walkdown of two production lines at Plant 2,EV-P-CM8,Satisfied,Evidence supports the statement,,,PPCM (system-specific)
CM-8,CM-08a.04,an inventory of system components that is at the level of granularity deemed necessary for tracking and reporting is developed and documented;,Examine; Test,Operating effectiveness,OT asset inventories; passive monitoring export; walkdown of two production lines at Plant 2,EV-P-CM8,Satisfied,Evidence supports the statement,,,PPCM (system-specific)
CM-8,CM-08a.05,an inventory of system components that includes [organization-defined value] is developed and documented;,Examine; Test,Operating effectiveness,OT asset inventories; passive monitoring export; walkdown of two production lines at Plant 2,EV-P-CM8,Satisfied,Evidence supports the statement,,,PPCM (system-specific)
CM-8,CM-08b.,the system component inventory is reviewed and updated [organization-defined value].,Examine; Test,Operating effectiveness,OT asset inventories; passive monitoring export; walkdown of two production lines at Plant 2,EV-P-CM8,Other than satisfied,Plants 2 and 5 inventories have not been reviewed since 2024,Low,POAM-008,PPCM (system-specific)
SC-7,SC-07a.[01],communications at external managed interfaces to the system are monitored;,Examine; Test,Operating effectiveness,"Firewall exports and zone drawings; traffic capture between business and control networks at Plants 2, 5, and 6",EV-P-SC7,Satisfied,Evidence supports the statement,,,PPCM (system-specific)
SC-7,SC-07a.[02],communications at external managed interfaces to the system are controlled;,Examine; Test,Operating effectiveness,"Firewall exports and zone drawings; traffic capture between business and control networks at Plants 2, 5, and 6",EV-P-SC7,Satisfied,Evidence supports the statement,,,PPCM (system-specific)
SC-7,SC-07a.[03],communications at key internal managed interfaces within the system are monitored;,Examine; Test,Operating effectiveness,"Firewall exports and zone drawings; traffic capture between business and control networks at Plants 2, 5, and 6",EV-P-SC7,Other than satisfied,Traffic between the business and control networks at Plants 2 and 5 is not monitored,Moderate,POAM-001,PPCM (system-specific)
SC-7,SC-07a.[04],communications at key internal managed interfaces within the system are controlled;,Examine; Test,Operating effectiveness,"Firewall exports and zone drawings; traffic capture between business and control networks at Plants 2, 5, and 6",EV-P-SC7,Other than satisfied,Business-to-control traffic at Plants 2 and 5 is not controlled: flat networks and OT servers on the corporate domain,High,POAM-001,PPCM (system-specific)
SC-7,SC-07b.,subnetworks for publicly accessible system components are [organization-defined value] separated from internal organizational networks;,Examine; Test,Operating effectiveness,"Firewall exports and zone drawings; traffic capture between business and control networks at Plants 2, 5, and 6",EV-P-SC7,Satisfied,Evidence supports the statement,,,PPCM (system-specific)
SC-7,SC-07c.,external networks or systems are only connected to through managed interfaces consisting of boundary protection devices arranged in accordance with an organi...,Examine; Test,Operating effectiveness,"Firewall exports and zone drawings; traffic capture between business and control networks at Plants 2, 5, and 6",EV-P-SC7,Other than satisfied,The Plant 5 cellular modem connects an external network to the refrigeration controller without a managed interface,High,POAM-002,PPCM (system-specific)
CP-9,CP-09a.,backups of user-level information contained in [organization-defined value] are conducted [organization-defined value];,Examine; Test,Operating effectiveness,OT backup jobs at all six plants; restore of a SCADA server image at Plant 6; storage configuration at Plants 2 and 5,EV-P-CP9,Satisfied,Evidence supports the statement,,,PPCM (system-specific)
CP-9,CP-09b.,backups of system-level information contained in the system are conducted [organization-defined value];,Examine; Test,Operating effectiveness,OT backup jobs at all six plants; restore of a SCADA server image at Plant 6; storage configuration at Plants 2 and 5,EV-P-CP9,Satisfied,Evidence supports the statement,,,PPCM (system-specific)
CP-9,CP-09c.,"backups of system documentation, including security- and privacy-related documentation are conducted [organization-defined value];",Examine; Test,Operating effectiveness,OT backup jobs at all six plants; restore of a SCADA server image at Plant 6; storage configuration at Plants 2 and 5,EV-P-CP9,Satisfied,Evidence supports the statement,,,PPCM (system-specific)
CP-9,CP-09d.[01],the confidentiality of backup information is protected;,Examine; Test,Operating effectiveness,OT backup jobs at all six plants; restore of a SCADA server image at Plant 6; storage configuration at Plants 2 and 5,EV-P-CP9,Satisfied,Evidence supports the statement,,,PPCM (system-specific)
CP-9,CP-09d.[02],the integrity of backup information is protected;,Examine; Test,Operating effectiveness,OT backup jobs at all six plants; restore of a SCADA server image at Plant 6; storage configuration at Plants 2 and 5,EV-P-CP9,Other than satisfied,Plants 2 and 5 OT backups sit on domain-joined storage that a directory compromise could alter,High,POAM-009,PPCM (system-specific)
CP-9,CP-09d.[03],the availability of backup information is protected.,Examine; Test,Operating effectiveness,OT backup jobs at all six plants; restore of a SCADA server image at Plant 6; storage configuration at Plants 2 and 5,EV-P-CP9,Other than satisfied,Plants 2 and 5 OT backups have never been restore-tested and have no offline copy,High,POAM-009,PPCM (system-specific)
SI-2,SI-02a.[01],system flaws are identified;,Examine; Test,Operating effectiveness,"Patch reports; HMI operating system inventory; vendor approval records at Plants 2, 5, and 6",EV-MP-SI2,Satisfied,Evidence supports the statement,,,Division sample (Meat Processing)
SI-2,SI-02a.[02],system flaws are reported;,Examine; Test,Operating effectiveness,"Patch reports; HMI operating system inventory; vendor approval records at Plants 2, 5, and 6",EV-MP-SI2,Satisfied,Evidence supports the statement,,,Division sample (Meat Processing)
SI-2,SI-02a.[03],system flaws are corrected;,Examine; Test,Operating effectiveness,"Patch reports; HMI operating system inventory; vendor approval records at Plants 2, 5, and 6",EV-MP-SI2,Other than satisfied,Known flaws on 24 HMIs at Plants 2 and 5 cannot be corrected because the operating system is unsupported,Moderate,POAM-013,Division sample (Meat Processing)
SI-2,SI-02b.[01],software updates related to flaw remediation are tested for effectiveness before installation;,Examine; Test,Operating effectiveness,"Patch reports; HMI operating system inventory; vendor approval records at Plants 2, 5, and 6",EV-MP-SI2,Satisfied,Evidence supports the statement,,,Division sample (Meat Processing)
SI-2,SI-02b.[02],software updates related to flaw remediation are tested for potential side effects before installation;,Examine; Test,Operating effectiveness,"Patch reports; HMI operating system inventory; vendor approval records at Plants 2, 5, and 6",EV-MP-SI2,Satisfied,Evidence supports the statement,,,Division sample (Meat Processing)
SI-2,SI-02b.[03],firmware updates related to flaw remediation are tested for effectiveness before installation;,Examine; Test,Operating effectiveness,"Patch reports; HMI operating system inventory; vendor approval records at Plants 2, 5, and 6",EV-MP-SI2,Satisfied,Evidence supports the statement,,,Division sample (Meat Processing)
SI-2,SI-02b.[04],firmware updates related to flaw remediation are tested for potential side effects before installation;,Examine; Test,Operating effectiveness,"Patch reports; HMI operating system inventory; vendor approval records at Plants 2, 5, and 6",EV-MP-SI2,Satisfied,Evidence supports the statement,,,Division sample (Meat Processing)
SI-2,SI-02c.[01],security-relevant software updates are installed within [organization-defined value] of the release of the updates;,Examine; Test,Operating effectiveness,"Patch reports; HMI operating system inventory; vendor approval records at Plants 2, 5, and 6",EV-MP-SI2,Other than satisfied,Security updates approved by vendors in 2025 were not installed at Plants 2 and 5,Moderate,POAM-013,Division sample (Meat Processing)
SI-2,SI-02c.[02],security-relevant firmware updates are installed within [organization-defined value] of the release of the updates;,Examine; Test,Operating effectiveness,"Patch reports; HMI operating system inventory; vendor approval records at Plants 2, 5, and 6",EV-MP-SI2,Satisfied,Evidence supports the statement,,,Division sample (Meat Processing)
SI-2,SI-02d.,flaw remediation is incorporated into the organizational configuration management process.,Examine; Test,Operating effectiveness,"Patch reports; HMI operating system inventory; vendor approval records at Plants 2, 5, and 6",EV-MP-SI2,Other than satisfied,Flaw remediation at Plants 2 and 5 is outside the division configuration management process,Low,POAM-013,Division sample (Meat Processing)
CP-2,CP-02a.01,a contingency plan for the system is developed that identifies essential mission and business functions and associated contingency requirements;,Examine; Interview,Operating effectiveness,"Plant contingency plans (all six); BIA (P05); plant manager interviews at Plants 2, 5, and 6",EV-MP-CP2,Satisfied,Evidence supports the statement,,,Division sample (Meat Processing)
CP-2,CP-02a.02[01],a contingency plan for the system is developed that provides recovery objectives;,Examine; Interview,Operating effectiveness,"Plant contingency plans (all six); BIA (P05); plant manager interviews at Plants 2, 5, and 6",EV-MP-CP2,Satisfied,Evidence supports the statement,,,Division sample (Meat Processing)
CP-2,CP-02a.02[02],a contingency plan for the system is developed that provides restoration priorities;,Examine; Interview,Operating effectiveness,"Plant contingency plans (all six); BIA (P05); plant manager interviews at Plants 2, 5, and 6",EV-MP-CP2,Other than satisfied,Restoration priorities at Plants 2 and 5 do not match the BIA recovery order,Moderate,POAM-014,Division sample (Meat Processing)
CP-2,CP-02a.02[03],a contingency plan for the system is developed that provides metrics;,Examine; Interview,Operating effectiveness,"Plant contingency plans (all six); BIA (P05); plant manager interviews at Plants 2, 5, and 6",EV-MP-CP2,Satisfied,Evidence supports the statement,,,Division sample (Meat Processing)
CP-2,CP-02a.03[01],a contingency plan for the system is developed that addresses contingency roles;,Examine; Interview,Operating effectiveness,"Plant contingency plans (all six); BIA (P05); plant manager interviews at Plants 2, 5, and 6",EV-MP-CP2,Satisfied,Evidence supports the statement,,,Division sample (Meat Processing)
CP-2,CP-02a.03[02],a contingency plan for the system is developed that addresses contingency responsibilities;,Examine; Interview,Operating effectiveness,"Plant contingency plans (all six); BIA (P05); plant manager interviews at Plants 2, 5, and 6",EV-MP-CP2,Satisfied,Evidence supports the statement,,,Division sample (Meat Processing)
CP-2,CP-02a.03[03],a contingency plan for the system is developed that addresses assigned individuals with contact information;,Examine; Interview,Operating effectiveness,"Plant contingency plans (all six); BIA (P05); plant manager interviews at Plants 2, 5, and 6",EV-MP-CP2,Satisfied,Evidence supports the statement,,,Division sample (Meat Processing)
CP-2,CP-02a.04,"a contingency plan for the system is developed that addresses maintaining essential mission and business functions despite a system disruption, compromise, o...",Examine; Interview,Operating effectiveness,"Plant contingency plans (all six); BIA (P05); plant manager interviews at Plants 2, 5, and 6",EV-MP-CP2,Other than satisfied,Plans assume a single-plant outage and do not address keeping essential functions during a multi-plant directory compromise,Moderate,POAM-014,Division sample (Meat Processing)
CP-2,CP-02a.05,"a contingency plan for the system is developed that addresses eventual, full-system restoration without deterioration of the controls originally planned and...",Examine; Interview,Operating effectiveness,"Plant contingency plans (all six); BIA (P05); plant manager interviews at Plants 2, 5, and 6",EV-MP-CP2,Satisfied,Evidence supports the statement,,,Division sample (Meat Processing)
CP-2,CP-02a.06,a contingency plan for the system is developed that addresses the sharing of contingency information;,Examine; Interview,Operating effectiveness,"Plant contingency plans (all six); BIA (P05); plant manager interviews at Plants 2, 5, and 6",EV-MP-CP2,Satisfied,Evidence supports the statement,,,Division sample (Meat Processing)
CP-2,CP-02a.07[01],a contingency plan for the system is developed that is reviewed by [organization-defined value];,Examine; Interview,Operating effectiveness,"Plant contingency plans (all six); BIA (P05); plant manager interviews at Plants 2, 5, and 6",EV-MP-CP2,Satisfied,Evidence supports the statement,,,Division sample (Meat Processing)
CP-2,CP-02a.07[02],a contingency plan for the system is developed that is approved by [organization-defined value];,Examine; Interview,Operating effectiveness,"Plant contingency plans (all six); BIA (P05); plant manager interviews at Plants 2, 5, and 6",EV-MP-CP2,Satisfied,Evidence supports the statement,,,Division sample (Meat Processing)
CP-2,CP-02b.[01],copies of the contingency plan are distributed to [organization-defined value];,Examine; Interview,Operating effectiveness,"Plant contingency plans (all six); BIA (P05); plant manager interviews at Plants 2, 5, and 6",EV-MP-CP2,Satisfied,Evidence supports the statement,,,Division sample (Meat Processing)
CP-2,CP-02b.[02],copies of the contingency plan are distributed to [organization-defined value];,Examine; Interview,Operating effectiveness,"Plant contingency plans (all six); BIA (P05); plant manager interviews at Plants 2, 5, and 6",EV-MP-CP2,Satisfied,Evidence supports the statement,,,Division sample (Meat Processing)
CP-2,CP-02c.,contingency planning activities are coordinated with incident handling activities;,Examine; Interview,Operating effectiveness,"Plant contingency plans (all six); BIA (P05); plant manager interviews at Plants 2, 5, and 6",EV-MP-CP2,Other than satisfied,Contingency plans are not coordinated with incident handling for product holds,Moderate,POAM-014,Division sample (Meat Processing)
CP-2,CP-02d.,the contingency plan for the system is reviewed [organization-defined value];,Examine; Interview,Operating effectiveness,"Plant contingency plans (all six); BIA (P05); plant manager interviews at Plants 2, 5, and 6",EV-MP-CP2,Satisfied,Evidence supports the statement,,,Division sample (Meat Processing)
CP-2,CP-02e.[01],"the contingency plan is updated to address changes to the organization, system, or environment of operation;",Examine; Interview,Operating effectiveness,"Plant contingency plans (all six); BIA (P05); plant manager interviews at Plants 2, 5, and 6",EV-MP-CP2,Other than satisfied,Plants 2 and 5 plans were not updated after the 2024 acquisitions,Moderate,POAM-014,Division sample (Meat Processing)
CP-2,CP-02e.[02],"the contingency plan is updated to address problems encountered during contingency plan implementation, execution, or testing;",Examine; Interview,Operating effectiveness,"Plant contingency plans (all six); BIA (P05); plant manager interviews at Plants 2, 5, and 6",EV-MP-CP2,Satisfied,Evidence supports the statement,,,Division sample (Meat Processing)
CP-2,CP-02f.[01],contingency plan changes are communicated to [organization-defined value];,Examine; Interview,Operating effectiveness,"Plant contingency plans (all six); BIA (P05); plant manager interviews at Plants 2, 5, and 6",EV-MP-CP2,Satisfied,Evidence supports the statement,,,Division sample (Meat Processing)
CP-2,CP-02f.[02],contingency plan changes are communicated to [organization-defined value];,Examine; Interview,Operating effectiveness,"Plant contingency plans (all six); BIA (P05); plant manager interviews at Plants 2, 5, and 6",EV-MP-CP2,Satisfied,Evidence supports the statement,,,Division sample (Meat Processing)
CP-2,CP-02g.[01],lessons learned from contingency plan testing or actual contingency activities are incorporated into contingency testing;,Examine; Interview,Operating effectiveness,"Plant contingency plans (all six); BIA (P05); plant manager interviews at Plants 2, 5, and 6",EV-MP-CP2,Satisfied,Evidence supports the statement,,,Division sample (Meat Processing)
CP-2,CP-02g.[02],lessons learned from contingency plan training or actual contingency activities are incorporated into contingency testing and training;,Examine; Interview,Operating effectiveness,"Plant contingency plans (all six); BIA (P05); plant manager interviews at Plants 2, 5, and 6",EV-MP-CP2,Satisfied,Evidence supports the statement,,,Division sample (Meat Processing)
CP-2,CP-02h.[01],the contingency plan is protected from unauthorized disclosure;,Examine; Interview,Operating effectiveness,"Plant contingency plans (all six); BIA (P05); plant manager interviews at Plants 2, 5, and 6",EV-MP-CP2,Satisfied,Evidence supports the statement,,,Division sample (Meat Processing)
CP-2,CP-02h.[02],the contingency plan is protected from unauthorized modification.,Examine; Interview,Operating effectiveness,"Plant contingency plans (all six); BIA (P05); plant manager interviews at Plants 2, 5, and 6",EV-MP-CP2,Satisfied,Evidence supports the statement,,,Division sample (Meat Processing)
SA-9,SA-09a.[01],providers of external system services comply with organizational security requirements;,Examine; Interview,Not implemented (nothing to test),"Integrator, refrigeration contractor, and AI vision vendor contracts; vendor access records",EV-MP-SA9,Other than satisfied,The Plants 2 and 5 integrator and the Plant 5 refrigeration contractor have no security requirements in their contracts,Moderate,POAM-015,Division sample (Meat Processing)
SA-9,SA-09a.[02],providers of external system services comply with organizational privacy requirements;,Examine; Interview,Operating effectiveness,"Integrator, refrigeration contractor, and AI vision vendor contracts; vendor access records",EV-MP-SA9,Satisfied,Evidence supports the statement,,,Division sample (Meat Processing)
SA-9,SA-09a.[03],providers of external system services employ [organization-defined value];,Examine; Interview,Operating effectiveness,"Integrator, refrigeration contractor, and AI vision vendor contracts; vendor access records",EV-MP-SA9,Satisfied,Evidence supports the statement,,,Division sample (Meat Processing)
SA-9,SA-09b.[01],organizational oversight with regard to external system services are defined and documented;,Examine; Interview,Not implemented (nothing to test),"Integrator, refrigeration contractor, and AI vision vendor contracts; vendor access records",EV-MP-SA9,Other than satisfied,Oversight of OT suppliers at Plants 2 and 5 is not defined or documented,Moderate,POAM-015,Division sample (Meat Processing)
SA-9,SA-09b.[02],user roles and responsibilities with regard to external system services are defined and documented;,Examine; Interview,Operating effectiveness,"Integrator, refrigeration contractor, and AI vision vendor contracts; vendor access records",EV-MP-SA9,Satisfied,Evidence supports the statement,,,Division sample (Meat Processing)
SA-9,SA-09c.,[organization-defined value] are employed to monitor control compliance by external service providers on an ongoing basis.,Examine; Interview,Not implemented (nothing to test),"Integrator, refrigeration contractor, and AI vision vendor contracts; vendor access records",EV-MP-SA9,Other than satisfied,AI vision vendor model updates are not monitored; two updates in 2026 were pushed without notice,Moderate,POAM-015,Division sample (Meat Processing)
AT-3,AT-03a.01[01],"role-based security training is provided to [organization-defined value] before authorizing access to the system, information, or performing assigned duties;",Examine; Interview,Operating effectiveness,Role-based training records for controls engineers and FSQA at all plants,EV-MP-AT3,Other than satisfied,Controls engineers at Plants 2 and 5 received OT engineering access before completing the OT security module,Moderate,POAM-028,Division sample (Meat Processing)
AT-3,AT-03a.01[02],"role-based privacy training is provided to [organization-defined value] before authorizing access to the system, information, or performing assigned duties;",Examine; Interview,Operating effectiveness,Role-based training records for controls engineers and FSQA at all plants,EV-MP-AT3,Satisfied,Evidence supports the statement,,,Division sample (Meat Processing)
AT-3,AT-03a.01[03],role-based security training is provided to [organization-defined value] [organization-defined value] thereafter;,Examine; Interview,Operating effectiveness,Role-based training records for controls engineers and FSQA at all plants,EV-MP-AT3,Satisfied,Evidence supports the statement,,,Division sample (Meat Processing)
AT-3,AT-03a.01[04],role-based privacy training is provided to [organization-defined value] [organization-defined value] thereafter;,Examine; Interview,Operating effectiveness,Role-based training records for controls engineers and FSQA at all plants,EV-MP-AT3,Satisfied,Evidence supports the statement,,,Division sample (Meat Processing)
AT-3,AT-03a.02[01],role-based security training is provided to personnel with assigned security roles and responsibilities when required by system changes;,Examine; Interview,Operating effectiveness,Role-based training records for controls engineers and FSQA at all plants,EV-MP-AT3,Satisfied,Evidence supports the statement,,,Division sample (Meat Processing)
AT-3,AT-03a.02[02],role-based privacy training is provided to personnel with assigned security roles and responsibilities when required by system changes;,Examine; Interview,Operating effectiveness,Role-based training records for controls engineers and FSQA at all plants,EV-MP-AT3,Satisfied,Evidence supports the statement,,,Division sample (Meat Processing)
AT-3,AT-03b.[01],role-based training content is updated [organization-defined value];,Examine; Interview,Operating effectiveness,Role-based training records for controls engineers and FSQA at all plants,EV-MP-AT3,Satisfied,Evidence supports the statement,,,Division sample (Meat Processing)
AT-3,AT-03b.[02],role-based training content is updated following [organization-defined value];,Examine; Interview,Operating effectiveness,Role-based training records for controls engineers and FSQA at all plants,EV-MP-AT3,Satisfied,Evidence supports the statement,,,Division sample (Meat Processing)
AT-3,AT-03c.,lessons learned from internal or external security incidents or breaches are incorporated into role-based training.,Examine; Interview,Operating effectiveness,Role-based training records for controls engineers and FSQA at all plants,EV-MP-AT3,Satisfied,Evidence supports the statement,,,Division sample (Meat Processing)
PL-1,PL-01a.[01],a planning policy is developed and documented.,Examine; Interview,Operating effectiveness,"Food Distribution security standards (2023); group policies (2025, 2026)",EV-FD-PL1,Satisfied,Evidence supports the statement,,,Division sample (Food Distribution)
PL-1,PL-01a.[02],the planning policy is disseminated to [organization-defined value];,Examine; Interview,Operating effectiveness,"Food Distribution security standards (2023); group policies (2025, 2026)",EV-FD-PL1,Satisfied,Evidence supports the statement,,,Division sample (Food Distribution)
PL-1,PL-01a.[03],planning procedures to facilitate the implementation of the planning policy and associated planning controls are developed and documented;,Examine; Interview,Operating effectiveness,"Food Distribution security standards (2023); group policies (2025, 2026)",EV-FD-PL1,Satisfied,Evidence supports the statement,,,Division sample (Food Distribution)
PL-1,PL-01a.[04],the planning procedures are disseminated to [organization-defined value];,Examine; Interview,Operating effectiveness,"Food Distribution security standards (2023); group policies (2025, 2026)",EV-FD-PL1,Satisfied,Evidence supports the statement,,,Division sample (Food Distribution)
PL-1,PL-01a.01(a)[01],the [organization-defined value] planning policy addresses purpose;,Examine; Interview,Operating effectiveness,"Food Distribution security standards (2023); group policies (2025, 2026)",EV-FD-PL1,Satisfied,Evidence supports the statement,,,Division sample (Food Distribution)
PL-1,PL-01a.01(a)[02],the [organization-defined value] planning policy addresses scope;,Examine; Interview,Operating effectiveness,"Food Distribution security standards (2023); group policies (2025, 2026)",EV-FD-PL1,Satisfied,Evidence supports the statement,,,Division sample (Food Distribution)
PL-1,PL-01a.01(a)[03],the [organization-defined value] planning policy addresses roles;,Examine; Interview,Operating effectiveness,"Food Distribution security standards (2023); group policies (2025, 2026)",EV-FD-PL1,Satisfied,Evidence supports the statement,,,Division sample (Food Distribution)
PL-1,PL-01a.01(a)[04],the [organization-defined value] planning policy addresses responsibilities;,Examine; Interview,Operating effectiveness,"Food Distribution security standards (2023); group policies (2025, 2026)",EV-FD-PL1,Satisfied,Evidence supports the statement,,,Division sample (Food Distribution)
PL-1,PL-01a.01(a)[05],the [organization-defined value] planning policy addresses management commitment;,Examine; Interview,Operating effectiveness,"Food Distribution security standards (2023); group policies (2025, 2026)",EV-FD-PL1,Satisfied,Evidence supports the statement,,,Division sample (Food Distribution)
PL-1,PL-01a.01(a)[06],the [organization-defined value] planning policy addresses coordination among organizational entities;,Examine; Interview,Operating effectiveness,"Food Distribution security standards (2023); group policies (2025, 2026)",EV-FD-PL1,Satisfied,Evidence supports the statement,,,Division sample (Food Distribution)
PL-1,PL-01a.01(a)[07],the [organization-defined value] planning policy addresses compliance;,Examine; Interview,Operating effectiveness,"Food Distribution security standards (2023); group policies (2025, 2026)",EV-FD-PL1,Satisfied,Evidence supports the statement,,,Division sample (Food Distribution)
PL-1,PL-01a.01(b),"the [organization-defined value] planning policy is consistent with applicable laws, Executive Orders, directives, regulations, policies, standards, and guid...",Examine; Interview,Operating effectiveness,"Food Distribution security standards (2023); group policies (2025, 2026)",EV-FD-PL1,Other than satisfied,"Standards conflict with group policy on log retention, termination timing, and vendor access",Moderate,POAM-016,Division sample (Food Distribution)
PL-1,PL-01b.,"the [organization-defined value] is designated to manage the development, documentation, and dissemination of the planning policy and procedures;",Examine; Interview,Operating effectiveness,"Food Distribution security standards (2023); group policies (2025, 2026)",EV-FD-PL1,Other than satisfied,No owner was designated for the standards until 2026,Low,POAM-016,Division sample (Food Distribution)
PL-1,PL-01c.01[01],the current planning policy is reviewed and updated [organization-defined value];,Examine; Interview,Operating effectiveness,"Food Distribution security standards (2023); group policies (2025, 2026)",EV-FD-PL1,Other than satisfied,Standards have not been reviewed or updated since 2023,Moderate,POAM-016,Division sample (Food Distribution)
PL-1,PL-01c.01[02],the current planning policy is reviewed and updated following [organization-defined value];,Examine; Interview,Operating effectiveness,"Food Distribution security standards (2023); group policies (2025, 2026)",EV-FD-PL1,Satisfied,Evidence supports the statement,,,Division sample (Food Distribution)
PL-1,PL-01c.02[01],the current planning procedures are reviewed and updated [organization-defined value];,Examine; Interview,Operating effectiveness,"Food Distribution security standards (2023); group policies (2025, 2026)",EV-FD-PL1,Other than satisfied,DC security procedures have not been reviewed since 2023,Moderate,POAM-016,Division sample (Food Distribution)
PL-1,PL-01c.02[02],the current planning procedures are reviewed and updated following [organization-defined value].,Examine; Interview,Operating effectiveness,"Food Distribution security standards (2023); group policies (2025, 2026)",EV-FD-PL1,Satisfied,Evidence supports the statement,,,Division sample (Food Distribution)
CA-2,CA-02a.,an appropriate assessor or assessment team is selected for the type of assessment to be conducted;,Examine; Interview,Operating effectiveness,Assessment records; common control catalog; division lead interview,EV-FD-CA2,Satisfied,Evidence supports the statement,,,Division sample (Food Distribution)
CA-2,CA-02b.01,"a control assessment plan is developed that describes the scope of the assessment, including controls and control enhancements under assessment;",Examine; Interview,Not implemented (nothing to test),Assessment records; common control catalog; division lead interview,EV-FD-CA2,Other than satisfied,Without an inheritance matrix the division cannot state which controls are its own and which are inherited,Moderate,POAM-017,Division sample (Food Distribution)
CA-2,CA-02b.02,"a control assessment plan is developed that describes the scope of the assessment, including assessment procedures to be used to determine control effectiven...",Examine; Interview,Operating effectiveness,Assessment records; common control catalog; division lead interview,EV-FD-CA2,Satisfied,Evidence supports the statement,,,Division sample (Food Distribution)
CA-2,CA-02b.03[01],"a control assessment plan is developed that describes the scope of the assessment, including the assessment environment;",Examine; Interview,Operating effectiveness,Assessment records; common control catalog; division lead interview,EV-FD-CA2,Satisfied,Evidence supports the statement,,,Division sample (Food Distribution)
CA-2,CA-02b.03[02],"a control assessment plan is developed that describes the scope of the assessment, including the assessment team;",Examine; Interview,Operating effectiveness,Assessment records; common control catalog; division lead interview,EV-FD-CA2,Satisfied,Evidence supports the statement,,,Division sample (Food Distribution)
CA-2,CA-02b.03[03],"a control assessment plan is developed that describes the scope of the assessment, including assessment roles and responsibilities;",Examine; Interview,Operating effectiveness,Assessment records; common control catalog; division lead interview,EV-FD-CA2,Satisfied,Evidence supports the statement,,,Division sample (Food Distribution)
CA-2,CA-02c.,the control assessment plan is reviewed and approved by the authorizing official or designated representative prior to conducting the assessment;,Examine; Interview,Operating effectiveness,Assessment records; common control catalog; division lead interview,EV-FD-CA2,Satisfied,Evidence supports the statement,,,Division sample (Food Distribution)
CA-2,CA-02d.[01],controls are assessed in the system and its environment of operation [organization-defined value] to determine the extent to which the controls are implement...,Examine; Interview,Not implemented (nothing to test),Assessment records; common control catalog; division lead interview,EV-FD-CA2,Other than satisfied,Inherited controls have not been confirmed as implemented for Food Distribution systems,Moderate,POAM-017,Division sample (Food Distribution)
CA-2,CA-02d.[02],controls are assessed in the system and its environment of operation [organization-defined value] to determine the extent to which the controls are implement...,Examine; Interview,Operating effectiveness,Assessment records; common control catalog; division lead interview,EV-FD-CA2,Satisfied,Evidence supports the statement,,,Division sample (Food Distribution)
CA-2,CA-02e.,a control assessment report is produced that documents the results of the assessment;,Examine; Interview,Operating effectiveness,Assessment records; common control catalog; division lead interview,EV-FD-CA2,Satisfied,Evidence supports the statement,,,Division sample (Food Distribution)
CA-2,CA-02f.,the results of the control assessment are provided to [organization-defined value].,Examine; Interview,Operating effectiveness,Assessment records; common control catalog; division lead interview,EV-FD-CA2,Satisfied,Evidence supports the statement,,,Division sample (Food Distribution)
CP-9,CP-09a.,backups of user-level information contained in [organization-defined value] are conducted [organization-defined value];,Examine; Test,Operating effectiveness,Backup jobs for DC automation servers at DC-1 and DC-3; storage configuration,EV-FD-CP9,Satisfied,Evidence supports the statement,,,Division sample (Food Distribution)
CP-9,CP-09b.,backups of system-level information contained in the system are conducted [organization-defined value];,Examine; Test,Operating effectiveness,Backup jobs for DC automation servers at DC-1 and DC-3; storage configuration,EV-FD-CP9,Satisfied,Evidence supports the statement,,,Division sample (Food Distribution)
CP-9,CP-09c.,"backups of system documentation, including security- and privacy-related documentation are conducted [organization-defined value];",Examine; Test,Operating effectiveness,Backup jobs for DC automation servers at DC-1 and DC-3; storage configuration,EV-FD-CP9,Satisfied,Evidence supports the statement,,,Division sample (Food Distribution)
CP-9,CP-09d.[01],the confidentiality of backup information is protected;,Examine; Test,Operating effectiveness,Backup jobs for DC automation servers at DC-1 and DC-3; storage configuration,EV-FD-CP9,Satisfied,Evidence supports the statement,,,Division sample (Food Distribution)
CP-9,CP-09d.[02],the integrity of backup information is protected;,Examine; Test,Operating effectiveness,Backup jobs for DC automation servers at DC-1 and DC-3; storage configuration,EV-FD-CP9,Other than satisfied,DC automation server backups sit on domain-joined storage,Moderate,POAM-018,Division sample (Food Distribution)
CP-9,CP-09d.[03],the availability of backup information is protected.,Examine; Test,Not implemented (nothing to test),Backup jobs for DC automation servers at DC-1 and DC-3; storage configuration,EV-FD-CP9,Other than satisfied,DC automation server backups have never been restore-tested,Moderate,POAM-018,Division sample (Food Distribution)
AU-11,AU-11,audit records are retained for [organization-defined value] to provide support for after-the-fact investigations of incidents and to meet regulatory and orga...,Examine,Operating effectiveness,WMS and automation log retention settings,EV-FD-AU11,Other than satisfied,WMS and DC automation logs are kept 30 days against the group requirement of 1 year searchable and 6 years archived,Moderate,POAM-019,Division sample (Food Distribution)
SC-7,SC-07a.[01],communications at external managed interfaces to the system are monitored;,Examine; Test,Operating effectiveness,Store network templates; 2026 segmentation test report; re-test in 2 stores,EV-GR-SC7,Satisfied,Evidence supports the statement,,,Division sample (Grocery Retail)
SC-7,SC-07a.[02],communications at external managed interfaces to the system are controlled;,Examine; Test,Operating effectiveness,Store network templates; 2026 segmentation test report; re-test in 2 stores,EV-GR-SC7,Satisfied,Evidence supports the statement,,,Division sample (Grocery Retail)
SC-7,SC-07a.[03],communications at key internal managed interfaces within the system are monitored;,Examine; Test,Operating effectiveness,Store network templates; 2026 segmentation test report; re-test in 2 stores,EV-GR-SC7,Satisfied,Evidence supports the statement,,,Division sample (Grocery Retail)
SC-7,SC-07a.[04],communications at key internal managed interfaces within the system are controlled;,Examine; Test,Operating effectiveness,Store network templates; 2026 segmentation test report; re-test in 2 stores,EV-GR-SC7,Other than satisfied,In one store design (12 stores) the Wi-Fi management network can reach POS lanes,High,POAM-020,Division sample (Grocery Retail)
SC-7,SC-07b.,subnetworks for publicly accessible system components are [organization-defined value] separated from internal organizational networks;,Examine; Test,Operating effectiveness,Store network templates; 2026 segmentation test report; re-test in 2 stores,EV-GR-SC7,Satisfied,Evidence supports the statement,,,Division sample (Grocery Retail)
SC-7,SC-07c.,external networks or systems are only connected to through managed interfaces consisting of boundary protection devices arranged in accordance with an organi...,Examine; Test,Operating effectiveness,Store network templates; 2026 segmentation test report; re-test in 2 stores,EV-GR-SC7,Satisfied,Evidence supports the statement,,,Division sample (Grocery Retail)
SI-7,SI-07a.[01],integrity verification tools are employed to detect unauthorized changes to [organization-defined value];,Examine; Interview,Operating effectiveness,Payment page script inventory (draft); content security policy configuration; digital commerce interviews,EV-GR-SI7,Satisfied,Evidence supports the statement,,,Division sample (Grocery Retail)
SI-7,SI-07a.[02],integrity verification tools are employed to detect unauthorized changes to [organization-defined value];,Examine; Interview,Operating effectiveness,Payment page script inventory (draft); content security policy configuration; digital commerce interviews,EV-GR-SI7,Satisfied,Evidence supports the statement,,,Division sample (Grocery Retail)
SI-7,SI-07a.[03],integrity verification tools are employed to detect unauthorized changes to [organization-defined value];,Examine; Interview,Not implemented (nothing to test),Payment page script inventory (draft); content security policy configuration; digital commerce interviews,EV-GR-SI7,Other than satisfied,No integrity verification of payment page content and scripts as received by the browser,Moderate,POAM-021,Division sample (Grocery Retail)
SI-7,SI-07b.[01],"[organization-defined value] are taken when unauthorized changes to the software, are detected;",Examine; Interview,Operating effectiveness,Payment page script inventory (draft); content security policy configuration; digital commerce interviews,EV-GR-SI7,Satisfied,Evidence supports the statement,,,Division sample (Grocery Retail)
SI-7,SI-07b.[02],[organization-defined value] are taken when unauthorized changes to the firmware are detected;,Examine; Interview,Operating effectiveness,Payment page script inventory (draft); content security policy configuration; digital commerce interviews,EV-GR-SI7,Satisfied,Evidence supports the statement,,,Division sample (Grocery Retail)
SI-7,SI-07b.[03],[organization-defined value] are taken when unauthorized changes to the information are detected.,Examine; Interview,Not implemented (nothing to test),Payment page script inventory (draft); content security policy configuration; digital commerce interviews,EV-GR-SI7,Other than satisfied,No defined response when unauthorized payment page changes occur,Moderate,POAM-021,Division sample (Grocery Retail)
CM-8,CM-08a.01,an inventory of system components that accurately reflects the system is developed and documented;,Examine; Test,Operating effectiveness,POI device inventory; inspection records at 40 stores; P2PE inventory,EV-GR-CM8,Satisfied,Evidence supports the statement,,,Division sample (Grocery Retail)
CM-8,CM-08a.02,an inventory of system components that includes all components within the system is developed and documented;,Examine; Test,Operating effectiveness,POI device inventory; inspection records at 40 stores; P2PE inventory,EV-GR-CM8,Satisfied,Evidence supports the statement,,,Division sample (Grocery Retail)
CM-8,CM-08a.03,an inventory of system components that does not include duplicate accounting of components or components assigned to any other system is developed and docume...,Examine; Test,Operating effectiveness,POI device inventory; inspection records at 40 stores; P2PE inventory,EV-GR-CM8,Satisfied,Evidence supports the statement,,,Division sample (Grocery Retail)
CM-8,CM-08a.04,an inventory of system components that is at the level of granularity deemed necessary for tracking and reporting is developed and documented;,Examine; Test,Operating effectiveness,POI device inventory; inspection records at 40 stores; P2PE inventory,EV-GR-CM8,Satisfied,Evidence supports the statement,,,Division sample (Grocery Retail)
CM-8,CM-08a.05,an inventory of system components that includes [organization-defined value] is developed and documented;,Examine; Test,Operating effectiveness,POI device inventory; inspection records at 40 stores; P2PE inventory,EV-GR-CM8,Other than satisfied,The POI inventory lacks inspection status for 9 stores and does not flag the 30 stores outside P2PE,Moderate,POAM-022,Division sample (Grocery Retail)
CM-8,CM-08b.,the system component inventory is reviewed and updated [organization-defined value].,Examine; Test,Operating effectiveness,POI device inventory; inspection records at 40 stores; P2PE inventory,EV-GR-CM8,Other than satisfied,The POI inventory was not reconciled after 2026 terminal moves,Low,POAM-022,Division sample (Grocery Retail)
