req_id,regulation,citation,requirement_summary,requirement_type,applies_at_this_tier,csf2_subcategories,sp800_53_controls,crosswalk_source,current_state,evidence,status,gap_description,gap_risk_level,remediation_action,owner,target_date,pending_rule_change
G-001,NIST SP 800-53 Rev. 5 (Release 5.2.0) Moderate baseline,AC-1,Policy and Procedures,"Base control, Moderate baseline (SP 800-53B)",Yes: county exhibit for SYS-01 to SYS-03 and their administrator accounts; benchmark for the rest of the platform,GV.OC-03; GV.OV-01; GV.PO-01; GV.PO-02; GV.SC-03; ID.IM-01; ID.IM-02; ID.IM-03; PR.AA-01; PR.AA-05,AC-1,Official: NIST CSF 2.0 informative references to SP 800-53 Rev. 5.2.0 (00_universal-framework/crosswalks/csf2_to_sp800-53r5.csv),"POL-02 approved 2026-08-31 (effective 2026-09-01) covers account management, remote access, and least privilege. No written procedure yet (account and remote access steps)",POL-02,Partially met,Procedure for account and remote access steps not written,Low,Write a one-page account and remote access steps procedure,Office and Compliance Manager,2026-12-31,None
G-002,NIST SP 800-53 Rev. 5 (Release 5.2.0) Moderate baseline,"AC-2 with (1), (2), (3), (4), (5), (13)",Account Management (with 6 Moderate enhancements),"Base control, Moderate baseline (SP 800-53B)",Yes: county exhibit for SYS-01 to SYS-03 and their administrator accounts; benchmark for the rest of the platform,DE.CM-01; DE.CM-03; PR.AA-01; PR.AA-05; PR.DS-10,AC-2,Official: NIST CSF 2.0 informative references to SP 800-53 Rev. 5.2.0 (00_universal-framework/crosswalks/csf2_to_sp800-53r5.csv),The Office and Compliance Manager asks the MSP to create suite and laptop accounts; the Security Systems Technician creates SYS-01 accounts; the Lead Controls Technician creates SYS-02 accounts and gateway VPN users. Gaps: a shared password-only 'oncall' account on SYS-02 used by 3 technicians; a former Security Systems Technician's SYS-01 administrator account stayed active from 2026-04-17 until 2026-07-15; no periodic account review; Moderate enhancements (1)-(5) and (13) not implemented,SYS-01 and SYS-02 user lists; suite user export; termination records; P07 AC-2 test,Partially met,Shared account; late removal; no account review; no automated disabling,High,Named SYS-02 accounts with MFA replace the 'oncall' account; same-day termination checklist; monthly reconciliation of all user lists against the staff roster,Office and Compliance Manager,2026-10-31,None
G-003,NIST SP 800-53 Rev. 5 (Release 5.2.0) Moderate baseline,AC-3,Access Enforcement,"Base control, Moderate baseline (SP 800-53B)",Yes: county exhibit for SYS-01 to SYS-03 and their administrator accounts; benchmark for the rest of the platform,PR.AA-05; PR.DS-10; PR.IR-01,AC-3,Official: NIST CSF 2.0 informative references to SP 800-53 Rev. 5.2.0 (00_universal-framework/crosswalks/csf2_to_sp800-53r5.csv),"SYS-01 and SYS-02 enforce roles (administrator, operator, viewer); the suite restricts folders by group. Gaps: all 3 technicians hold full administrator rights in SYS-01 and SYS-02; CUI drawings sit in the general shared folder readable by all staff",SYS-01 and SYS-02 role lists; shared folder permission report,Partially met,Roles not limited; CUI not access-restricted,Moderate,"Restricted CUI folder limited to the 2 PIV holders, the owner, and the Office and Compliance Manager; operator roles for day-to-day SYS-01 work",Office and Compliance Manager,2026-10-31,None
G-004,NIST SP 800-53 Rev. 5 (Release 5.2.0) Moderate baseline,AC-4,Information Flow Enforcement,"Base control, Moderate baseline (SP 800-53B)",Yes: county exhibit for SYS-01 to SYS-03 and their administrator accounts; benchmark for the rest of the platform,DE.CM-09; ID.AM-03; PR.DS-10; PR.IR-01,AC-4,Official: NIST CSF 2.0 informative references to SP 800-53 Rev. 5.2.0 (00_universal-framework/crosswalks/csf2_to_sp800-53r5.csv),"Gateways pass BACnet traffic from each building network to SYS-02 over outbound encrypted tunnels only; county gateways allow write, city gateways read-only. Gap: the technician VPN on each gateway gives a laptop full reach into the BAS network with no flow rules",Gateway configuration exports (2 of 7 sampled),Partially met,No restriction of technician VPN flows,Moderate,Limit technician VPN to the supervisory controller and engineering ports at each building,Lead Controls Technician,2026-12-31,"NIST SP 800-82 Rev. 4 initial public draft (2026-09-21) would add building automation guidance; draft only, Rev. 3 used"
G-005,NIST SP 800-53 Rev. 5 (Release 5.2.0) Moderate baseline,AC-5,Separation of Duties,"Base control, Moderate baseline (SP 800-53B)",Yes: county exhibit for SYS-01 to SYS-03 and their administrator accounts; benchmark for the rest of the platform,PR.AA-05,AC-5,Official: NIST CSF 2.0 informative references to SP 800-53 Rev. 5.2.0 (00_universal-framework/crosswalks/csf2_to_sp800-53r5.csv),"With 7 people, duties overlap: the Office and Compliance Manager runs HR, billing, and security. The owner approves new administrator accounts and reviews the POA&M monthly as a compensating check. No written separation of duties",Interview with the owner 2026-07-14,Partially met,Overlap not documented or compensated in writing,Low,Record the compensating reviews in POL-02 Part A and the monthly POA&M notes,Owner,2026-12-31,None
G-006,NIST SP 800-53 Rev. 5 (Release 5.2.0) Moderate baseline,"AC-6 with (1), (2), (5), (7), (9), (10)",Least Privilege (with 6 Moderate enhancements),"Base control, Moderate baseline (SP 800-53B)",Yes: county exhibit for SYS-01 to SYS-03 and their administrator accounts; benchmark for the rest of the platform,PR.AA-05,AC-6,Official: NIST CSF 2.0 informative references to SP 800-53 Rev. 5.2.0 (00_universal-framework/crosswalks/csf2_to_sp800-53r5.csv),"Office staff are standard users on laptops (MSP policy). Gaps: the 3 technicians are local administrators on their laptops because the BAS engineering tools require it; all technicians hold full administrator roles in SYS-01 and SYS-02; Moderate enhancements (1), (2), (5), (7), (9), (10) are not implemented",MSP endpoint policy; SYS-01 and SYS-02 role lists,Partially met,Excess privilege on laptops and platforms,Moderate,Separate local administrator account for engineering tools; operator roles for daily SYS-01 and SYS-02 work; yearly privilege review,Office and Compliance Manager,2026-12-31,None
G-007,NIST SP 800-53 Rev. 5 (Release 5.2.0) Moderate baseline,AC-7,Unsuccessful Logon Attempts,"Base control, Moderate baseline (SP 800-53B)",Yes: county exhibit for SYS-01 to SYS-03 and their administrator accounts; benchmark for the rest of the platform,PR.AA-03,AC-7,Official: NIST CSF 2.0 informative references to SP 800-53 Rev. 5.2.0 (00_universal-framework/crosswalks/csf2_to_sp800-53r5.csv),"SYS-01, SYS-02, the suite, and the CMMS lock accounts after repeated failed sign-ins using vendor defaults (settings confirmed 2026-07-21)",Platform security settings,Met,None,Very Low,None,Office and Compliance Manager,,None
G-008,NIST SP 800-53 Rev. 5 (Release 5.2.0) Moderate baseline,AC-8,System Use Notification,"Base control, Moderate baseline (SP 800-53B)",Yes: county exhibit for SYS-01 to SYS-03 and their administrator accounts; benchmark for the rest of the platform,None,AC-8,Official: NIST lists no CSF 2.0 informative reference for this control,"The city VPN shows the city's use banner. SYS-01, SYS-02, and the gateways show no notification banner",Sign-in screens reviewed 2026-07-21,Partially met,No banner on company-run sign-ins,Very Low,Add a short use notice to gateway and SYS-02 sign-in pages where the product allows,Lead Controls Technician,2027-03-31,None
G-009,NIST SP 800-53 Rev. 5 (Release 5.2.0) Moderate baseline,AC-11 with (1),Device Lock (with 1 Moderate enhancement),"Base control, Moderate baseline (SP 800-53B)",Yes: county exhibit for SYS-01 to SYS-03 and their administrator accounts; benchmark for the rest of the platform,None,AC-11,Official: NIST lists no CSF 2.0 informative reference for this control,The MSP enforces a 10-minute screen lock on laptops; tablets and phones lock with a passcode through the suite's device management. Gap: the county Building Engineer's rugged tablet lock is set to 30 minutes,MSP device policy report; device management report,Partially met,Tablet lock too long,Low,10-minute lock on all tablets,Office and Compliance Manager,2026-10-31,None
G-010,NIST SP 800-53 Rev. 5 (Release 5.2.0) Moderate baseline,AC-12,Session Termination,"Base control, Moderate baseline (SP 800-53B)",Yes: county exhibit for SYS-01 to SYS-03 and their administrator accounts; benchmark for the rest of the platform,PR.AA-03,AC-12,Official: NIST CSF 2.0 informative references to SP 800-53 Rev. 5.2.0 (00_universal-framework/crosswalks/csf2_to_sp800-53r5.csv),SYS-01 and SYS-02 end idle administrator sessions after 30 minutes; suite sessions follow the vendor defaults,Platform settings,Met,None,Very Low,None,Office and Compliance Manager,,None
G-011,NIST SP 800-53 Rev. 5 (Release 5.2.0) Moderate baseline,AC-14,Permitted Actions Without Identification or Authentication,"Base control, Moderate baseline (SP 800-53B)",Yes: county exhibit for SYS-01 to SYS-03 and their administrator accounts; benchmark for the rest of the platform,PR.AA-01,AC-14,Official: NIST CSF 2.0 informative references to SP 800-53 Rev. 5.2.0 (00_universal-framework/crosswalks/csf2_to_sp800-53r5.csv),"No company system allows actions without sign-in except the public website, which holds no customer information",Website review,Met,None,Very Low,None,Office and Compliance Manager,,None
G-012,NIST SP 800-53 Rev. 5 (Release 5.2.0) Moderate baseline,"AC-17 with (1), (2), (3), (4)",Remote Access (with 4 Moderate enhancements),"Base control, Moderate baseline (SP 800-53B)",Yes: county exhibit for SYS-01 to SYS-03 and their administrator accounts; benchmark for the rest of the platform,PR.AA-05,AC-17,Official: NIST CSF 2.0 informative references to SP 800-53 Rev. 5.2.0 (00_universal-framework/crosswalks/csf2_to_sp800-53r5.csv),"Technicians reach county and city BAS networks through the gateway VPN (SYS-03) and the city VPN (SYS-10, city MFA). The MSP reaches laptops through its RMM agent. Gaps: the gateway VPN uses a username and password with no MFA; no written usage rules; no evidence that the MSP's RMM requires MFA for its technicians",Gateway VPN settings; MSP questionnaire (not returned by fieldwork end),Partially met,No MFA on gateway VPN; MSP access unverified,High,MFA on the gateway VPN (certificate plus one-time code); remote access rules in POL-02 B.6; MSP evidence of RMM MFA,Lead Controls Technician,2026-11-30,"NIST SP 800-82 Rev. 4 initial public draft (2026-09-21) would add building automation guidance; draft only, Rev. 3 used"
G-013,NIST SP 800-53 Rev. 5 (Release 5.2.0) Moderate baseline,"AC-18 with (1), (3)",Wireless Access (with 2 Moderate enhancements),"Base control, Moderate baseline (SP 800-53B)",Yes: county exhibit for SYS-01 to SYS-03 and their administrator accounts; benchmark for the rest of the platform,PR.AA-05,AC-18,Official: NIST CSF 2.0 informative references to SP 800-53 Rev. 5.2.0 (00_universal-framework/crosswalks/csf2_to_sp800-53r5.csv),Office staff Wi-Fi uses WPA2 with a password managed by the MSP; guest Wi-Fi is separate with internet access only. Gateways have their Wi-Fi radios disabled,Firewall and Wi-Fi configuration export (MSP); gateway settings,Met,None,Very Low,None,Office and Compliance Manager,,None
G-014,NIST SP 800-53 Rev. 5 (Release 5.2.0) Moderate baseline,AC-19 with (5),Access Control for Mobile Devices (with 1 Moderate enhancement),"Base control, Moderate baseline (SP 800-53B)",Yes: county exhibit for SYS-01 to SYS-03 and their administrator accounts; benchmark for the rest of the platform,PR.AA-05,AC-19,Official: NIST CSF 2.0 informative references to SP 800-53 Rev. 5.2.0 (00_universal-framework/crosswalks/csf2_to_sp800-53r5.csv),"Company phones and tablets are enrolled in the suite's basic device management (passcode, encryption, remote wipe). Gap: technicians also read work email on 2 personal phones without enrollment",Device management report,Partially met,Personal phones not controlled,Low,Company phones only for work email; block unenrolled devices,Office and Compliance Manager,2026-11-30,None
G-015,NIST SP 800-53 Rev. 5 (Release 5.2.0) Moderate baseline,"AC-20 with (1), (2)",Use of External Systems (with 2 Moderate enhancements),"Base control, Moderate baseline (SP 800-53B)",Yes: county exhibit for SYS-01 to SYS-03 and their administrator accounts; benchmark for the rest of the platform,ID.AM-02; ID.AM-04,AC-20,Official: NIST CSF 2.0 informative references to SP 800-53 Rev. 5.2.0 (00_universal-framework/crosswalks/csf2_to_sp800-53r5.csv),Company devices never connect to the GSA BSN; GSA work is done on the GSA-furnished workstation. City systems are reached only through the city VPN. Gap: no written rule for personal devices or subcontractor systems that receive company data,Interviews; GSA access rules,Partially met,No rule for external systems,Low,External system rules in POL-02 Part C,Office and Compliance Manager,2026-10-31,None
G-016,NIST SP 800-53 Rev. 5 (Release 5.2.0) Moderate baseline,AC-21,Information Sharing,"Base control, Moderate baseline (SP 800-53B)",Yes: county exhibit for SYS-01 to SYS-03 and their administrator accounts; benchmark for the rest of the platform,None,AC-21,Official: NIST lists no CSF 2.0 informative reference for this control,Drawings and work orders are shared with the mechanical subcontractor and the prime by email or suite links. Gap: a CUI drawing set was shared with an 'anyone with the link' link (found 2026-07-20 and removed),Suite sharing report,Partially met,No sharing rules for CUI and security system plans,Moderate,Block 'anyone' links for the restricted folder; named-recipient sharing only (POL-04),Office and Compliance Manager,2026-09-30,None
G-017,NIST SP 800-53 Rev. 5 (Release 5.2.0) Moderate baseline,AC-22,Publicly Accessible Content,"Base control, Moderate baseline (SP 800-53B)",Yes: county exhibit for SYS-01 to SYS-03 and their administrator accounts; benchmark for the rest of the platform,None,AC-22,Official: NIST lists no CSF 2.0 informative reference for this control,The company website lists services only; the owner approves every post. No customer information is published,Website review,Met,None,Very Low,None,Owner,,None
G-018,NIST SP 800-53 Rev. 5 (Release 5.2.0) Moderate baseline,AT-1,Policy and Procedures,"Base control, Moderate baseline (SP 800-53B)",Yes: county exhibit for SYS-01 to SYS-03 and their administrator accounts; benchmark for the rest of the platform,GV.OC-03; GV.OV-01; GV.PO-01; GV.PO-02; GV.SC-03; ID.IM-01; ID.IM-02; ID.IM-03,AT-1,Official: NIST CSF 2.0 informative references to SP 800-53 Rev. 5.2.0 (00_universal-framework/crosswalks/csf2_to_sp800-53r5.csv),POL-02 approved 2026-08-31 (effective 2026-09-01) covers training at hire and yearly (Part C). No written procedure yet (training plan and records),POL-02,Partially met,Procedure for training plan and records not written,Low,Write a one-page training plan and records procedure,Office and Compliance Manager,2026-12-31,None
G-019,NIST SP 800-53 Rev. 5 (Release 5.2.0) Moderate baseline,"AT-2 with (2), (3)",Literacy Training and Awareness (with 2 Moderate enhancements),"Base control, Moderate baseline (SP 800-53B)",Yes: county exhibit for SYS-01 to SYS-03 and their administrator accounts; benchmark for the rest of the platform,PR.AT-01,AT-2,Official: NIST CSF 2.0 informative references to SP 800-53 Rev. 5.2.0 (00_universal-framework/crosswalks/csf2_to_sp800-53r5.csv),"The 2 PIV holders complete GSA annual IT security training; the 4 staff with county system access complete the county's basic cybersecurity training. Gaps: nothing for the other staff, no phishing exercises, no insider threat or social engineering content (enhancements (2) and (3))",GSA and county training certificates,Partially met,Training incomplete; no phishing exercises,Moderate,Annual security training for all 7 staff with phishing simulations each quarter,Office and Compliance Manager,2026-12-31,None
G-020,NIST SP 800-53 Rev. 5 (Release 5.2.0) Moderate baseline,AT-3,Role-based Training,"Base control, Moderate baseline (SP 800-53B)",Yes: county exhibit for SYS-01 to SYS-03 and their administrator accounts; benchmark for the rest of the platform,PR.AT-01; PR.AT-02,AT-3,Official: NIST CSF 2.0 informative references to SP 800-53 Rev. 5.2.0 (00_universal-framework/crosswalks/csf2_to_sp800-53r5.csv),"No role-based training for administrators of SYS-01, SYS-02, and the gateways, or for CUI handlers",Training records,Not met,"No role-based OT, administrator, or CUI training",Moderate,CUI training (the free federal CUI course) for the 4 CUI handlers; vendor administrator training for SYS-01 and SYS-02,Office and Compliance Manager,2026-12-31,None
G-021,NIST SP 800-53 Rev. 5 (Release 5.2.0) Moderate baseline,AT-4,Training Records,"Base control, Moderate baseline (SP 800-53B)",Yes: county exhibit for SYS-01 to SYS-03 and their administrator accounts; benchmark for the rest of the platform,None,AT-4,Official: NIST lists no CSF 2.0 informative reference for this control,Customer training certificates are kept in personnel files. No central record,Personnel files,Partially met,No training register,Low,Training register in the suite,Office and Compliance Manager,2026-12-31,None
G-022,NIST SP 800-53 Rev. 5 (Release 5.2.0) Moderate baseline,AU-1,Policy and Procedures,"Base control, Moderate baseline (SP 800-53B)",Yes: county exhibit for SYS-01 to SYS-03 and their administrator accounts; benchmark for the rest of the platform,GV.OC-03; GV.OV-01; GV.PO-01; GV.PO-02; GV.SC-03; ID.IM-01; ID.IM-02; ID.IM-03,AU-1,Official: NIST CSF 2.0 informative references to SP 800-53 Rev. 5.2.0 (00_universal-framework/crosswalks/csf2_to_sp800-53r5.csv),POL-02 approved 2026-08-31 (effective 2026-09-01) covers log review duties. No written procedure yet (audit log review),POL-02,Partially met,Procedure for audit log review not written,Low,Write a one-page audit log review procedure,Office and Compliance Manager,2026-12-31,None
G-023,NIST SP 800-53 Rev. 5 (Release 5.2.0) Moderate baseline,AU-2,Event Logging,"Base control, Moderate baseline (SP 800-53B)",Yes: county exhibit for SYS-01 to SYS-03 and their administrator accounts; benchmark for the rest of the platform,PR.PS-04,AU-2,Official: NIST CSF 2.0 informative references to SP 800-53 Rev. 5.2.0 (00_universal-framework/crosswalks/csf2_to_sp800-53r5.csv),"SYS-01 logs administrator actions, cardholder changes, and door events; SYS-02 logs sign-ins and point writes; the suite logs sign-ins and file access. Gap: gateway logging is on but kept only on each gateway (about 7 days); no list of events the company must keep",Platform audit settings; gateway log settings,Partially met,Gateway events not kept; event list not defined,Moderate,Define the event list; send gateway logs to SYS-02 or a log store,Lead Controls Technician,2027-01-31,None
G-024,NIST SP 800-53 Rev. 5 (Release 5.2.0) Moderate baseline,AU-3 with (1),Content of Audit Records (with 1 Moderate enhancement),"Base control, Moderate baseline (SP 800-53B)",Yes: county exhibit for SYS-01 to SYS-03 and their administrator accounts; benchmark for the rest of the platform,PR.PS-04,AU-3,Official: NIST CSF 2.0 informative references to SP 800-53 Rev. 5.2.0 (00_universal-framework/crosswalks/csf2_to_sp800-53r5.csv),"SYS-01, SYS-02, and suite records show user, action, object, time, and source address; enhancement (1) met by the platforms' detail fields. Shared 'oncall' sign-ins cannot be tied to one person (see AC-2)",SYS-01 and SYS-02 audit exports,Met,None,Very Low,None,Office and Compliance Manager,,None
G-025,NIST SP 800-53 Rev. 5 (Release 5.2.0) Moderate baseline,AU-4,Audit Log Storage Capacity,"Base control, Moderate baseline (SP 800-53B)",Yes: county exhibit for SYS-01 to SYS-03 and their administrator accounts; benchmark for the rest of the platform,None,AU-4,Official: NIST lists no CSF 2.0 informative reference for this control,Log storage is managed by the SaaS vendors,Vendor documentation,Met,None,Very Low,None,Office and Compliance Manager,,None
G-026,NIST SP 800-53 Rev. 5 (Release 5.2.0) Moderate baseline,AU-5,Response to Audit Logging Process Failures,"Base control, Moderate baseline (SP 800-53B)",Yes: county exhibit for SYS-01 to SYS-03 and their administrator accounts; benchmark for the rest of the platform,None,AU-5,Official: NIST lists no CSF 2.0 informative reference for this control,The SaaS platforms handle their own logging failures. A full gateway log simply overwrites old entries with no alert,Gateway settings,Partially met,No alert on gateway log loss,Low,Covered by forwarding gateway logs (AU-2),Lead Controls Technician,2027-01-31,None
G-027,NIST SP 800-53 Rev. 5 (Release 5.2.0) Moderate baseline,"AU-6 with (1), (3)","Audit Record Review, Analysis, and Reporting (with 2 Moderate enhancements)","Base control, Moderate baseline (SP 800-53B)",Yes: county exhibit for SYS-01 to SYS-03 and their administrator accounts; benchmark for the rest of the platform,DE.AE-02; DE.AE-03; PR.PS-04,AU-6,Official: NIST CSF 2.0 informative references to SP 800-53 Rev. 5.2.0 (00_universal-framework/crosswalks/csf2_to_sp800-53r5.csv),"Nobody reviews the SYS-01 audit trail, the SYS-02 audit log, gateway logs, or suite sign-in alerts. Enhancements (1) and (3) not implemented",Interview with the Office and Compliance Manager 2026-07-21,Not met,No log review,High,"Weekly 30-minute review by the Office and Compliance Manager of SYS-01 administrator actions, SYS-02 writes, and suite alerts, with a checklist",Office and Compliance Manager,2026-10-31,None
G-028,NIST SP 800-53 Rev. 5 (Release 5.2.0) Moderate baseline,AU-7 with (1),Audit Record Reduction and Report Generation (with 1 Moderate enhancement),"Base control, Moderate baseline (SP 800-53B)",Yes: county exhibit for SYS-01 to SYS-03 and their administrator accounts; benchmark for the rest of the platform,PR.PS-04; RS.AN-03; RS.AN-06; RS.AN-07,AU-7,Official: NIST CSF 2.0 informative references to SP 800-53 Rev. 5.2.0 (00_universal-framework/crosswalks/csf2_to_sp800-53r5.csv),The platforms provide filtered reports and exports; no saved reports set up,Platform report menus,Partially met,No saved review reports,Low,Save the weekly review filters,Office and Compliance Manager,2026-10-31,None
G-029,NIST SP 800-53 Rev. 5 (Release 5.2.0) Moderate baseline,AU-8,Time Stamps,"Base control, Moderate baseline (SP 800-53B)",Yes: county exhibit for SYS-01 to SYS-03 and their administrator accounts; benchmark for the rest of the platform,None,AU-8,Official: NIST lists no CSF 2.0 informative reference for this control,Platforms and laptops use vendor time sources; gateways sync to a public time source,Platform documentation; gateway settings,Met,None,Very Low,None,Office and Compliance Manager,,None
G-030,NIST SP 800-53 Rev. 5 (Release 5.2.0) Moderate baseline,AU-9 with (4),Protection of Audit Information (with 1 Moderate enhancement),"Base control, Moderate baseline (SP 800-53B)",Yes: county exhibit for SYS-01 to SYS-03 and their administrator accounts; benchmark for the rest of the platform,PR.DS-10,AU-9,Official: NIST CSF 2.0 informative references to SP 800-53 Rev. 5.2.0 (00_universal-framework/crosswalks/csf2_to_sp800-53r5.csv),Platform audit logs cannot be edited by tenant administrators. Gap: gateway logs can be cleared by anyone with the gateway administrator password,Platform documentation; gateway settings,Partially met,Gateway logs unprotected,Low,Forward gateway logs off the device (AU-2),Lead Controls Technician,2027-01-31,None
G-031,NIST SP 800-53 Rev. 5 (Release 5.2.0) Moderate baseline,AU-11,Audit Record Retention,"Base control, Moderate baseline (SP 800-53B)",Yes: county exhibit for SYS-01 to SYS-03 and their administrator accounts; benchmark for the rest of the platform,PR.PS-04,AU-11,Official: NIST CSF 2.0 informative references to SP 800-53 Rev. 5.2.0 (00_universal-framework/crosswalks/csf2_to_sp800-53r5.csv),SYS-01 keeps audit records 365 days; SYS-02 keeps 90 days; the suite keeps sign-in logs for the plan default (shorter than one year). The county exhibit asks for one year,Vendor plan descriptions,Partially met,SYS-02 and suite retention short of one year,Moderate,Monthly export of SYS-02 and suite logs to the restricted records folder,Office and Compliance Manager,2026-12-31,None
G-032,NIST SP 800-53 Rev. 5 (Release 5.2.0) Moderate baseline,AU-12,Audit Record Generation,"Base control, Moderate baseline (SP 800-53B)",Yes: county exhibit for SYS-01 to SYS-03 and their administrator accounts; benchmark for the rest of the platform,DE.CM-01; DE.CM-03; DE.CM-09; PR.PS-04,AU-12,Official: NIST CSF 2.0 informative references to SP 800-53 Rev. 5.2.0 (00_universal-framework/crosswalks/csf2_to_sp800-53r5.csv),Platforms generate records for the events they support; gateway event generation is at factory defaults,Platform settings,Partially met,Gateway logging not configured,Low,Set gateway logging level with the event list (AU-2),Lead Controls Technician,2027-01-31,None
G-033,NIST SP 800-53 Rev. 5 (Release 5.2.0) Moderate baseline,CA-1,Policy and Procedures,"Base control, Moderate baseline (SP 800-53B)",Yes: county exhibit for SYS-01 to SYS-03 and their administrator accounts; benchmark for the rest of the platform,GV.OC-03; GV.OV-01; GV.PO-01; GV.PO-02; GV.SC-03; ID.IM-01; ID.IM-02; ID.IM-03,CA-1,Official: NIST CSF 2.0 informative references to SP 800-53 Rev. 5.2.0 (00_universal-framework/crosswalks/csf2_to_sp800-53r5.csv),POL-02 approved 2026-08-31 (effective 2026-09-01) covers annual independent assessment (Part A). No written procedure yet (assessment and POA&M steps),POL-02,Partially met,Procedure for assessment and POA&M steps not written,Low,Write a one-page assessment and POA&M steps procedure,Office and Compliance Manager,2026-12-31,None
G-034,NIST SP 800-53 Rev. 5 (Release 5.2.0) Moderate baseline,CA-2 with (1),Control Assessments (with 1 Moderate enhancement),"Base control, Moderate baseline (SP 800-53B)",Yes: county exhibit for SYS-01 to SYS-03 and their administrator accounts; benchmark for the rest of the platform,ID.IM-01; ID.IM-02; ID.IM-03; ID.RA-01,CA-2,Official: NIST CSF 2.0 informative references to SP 800-53 Rev. 5.2.0 (00_universal-framework/crosswalks/csf2_to_sp800-53r5.csv),An independent consultant assessed 13 controls on 2026-08-03 to 2026-08-06 (P07); the consultant took no part in the risk or gap analysis and runs no control. Enhancement (1) met. POL-02 A.7 requires a yearly assessment,P07 assessment plan and results,Met,None,Very Low,None,Owner,,None
G-035,NIST SP 800-53 Rev. 5 (Release 5.2.0) Moderate baseline,CA-3,Information Exchange,"Base control, Moderate baseline (SP 800-53B)",Yes: county exhibit for SYS-01 to SYS-03 and their administrator accounts; benchmark for the rest of the platform,ID.AM-03; PR.DS-01; PR.DS-02; PR.DS-10,CA-3,Official: NIST CSF 2.0 informative references to SP 800-53 Rev. 5.2.0 (00_universal-framework/crosswalks/csf2_to_sp800-53r5.csv),"Connections: gateways to the county and city BAS networks (approved in each contract's scope of work), the city VPN (city agreement), and the GSA-furnished workstation (GSA's). Gap: no written record of what each gateway connection carries and who approved it",Contracts; gateway list,Partially met,Connections not documented,Low,"One-page interconnection record per customer, signed by the customer IT contact",Lead Controls Technician,2027-03-31,None
G-036,NIST SP 800-53 Rev. 5 (Release 5.2.0) Moderate baseline,CA-5,Plan of Action and Milestones,"Base control, Moderate baseline (SP 800-53B)",Yes: county exhibit for SYS-01 to SYS-03 and their administrator accounts; benchmark for the rest of the platform,ID.IM-01; ID.IM-02; ID.IM-03,CA-5,Official: NIST CSF 2.0 informative references to SP 800-53 Rev. 5.2.0 (00_universal-framework/crosswalks/csf2_to_sp800-53r5.csv),POA&M created in P07 (2026-08-06) with owners and dates; reviewed monthly by the owner,P07 poam.csv,Met,None,Very Low,None,Office and Compliance Manager,,None
G-037,NIST SP 800-53 Rev. 5 (Release 5.2.0) Moderate baseline,CA-6,Authorization,"Base control, Moderate baseline (SP 800-53B)",Yes: county exhibit for SYS-01 to SYS-03 and their administrator accounts; benchmark for the rest of the platform,None,CA-6,Official: NIST lists no CSF 2.0 informative reference for this control,"The company is not a federal agency, so there is no formal authorization. On 2026-08-31 the owner accepted continued operation of the platform, on condition that the POA&M dates are met (SSP section 4.2). The county has not been asked to acknowledge this",SSP section 4.2,Partially met,County not informed of the decision,Low,Send the SSP summary and POA&M to the county with the questionnaire answer,Owner,2026-09-30,None
G-038,NIST SP 800-53 Rev. 5 (Release 5.2.0) Moderate baseline,"CA-7 with (1), (4)",Continuous Monitoring (with 2 Moderate enhancements),"Base control, Moderate baseline (SP 800-53B)",Yes: county exhibit for SYS-01 to SYS-03 and their administrator accounts; benchmark for the rest of the platform,DE.AE-02; DE.AE-03; DE.CM-01; DE.CM-02; DE.CM-03; DE.CM-06; DE.CM-09; ID.IM-01; ID.IM-02; ID.IM-03; ID.RA-01; ID.RA-07,CA-7,Official: NIST CSF 2.0 informative references to SP 800-53 Rev. 5.2.0 (00_universal-framework/crosswalks/csf2_to_sp800-53r5.csv),No continuous monitoring strategy; nothing between yearly assessments. Enhancements (1) and (4) not implemented,Interview,Not met,No monitoring strategy,Moderate,"Monthly metrics in the owner meeting: account reconciliation, log review, patch and firmware status, backup test results",Office and Compliance Manager,2026-12-31,None
G-039,NIST SP 800-53 Rev. 5 (Release 5.2.0) Moderate baseline,CA-9,Internal System Connections,"Base control, Moderate baseline (SP 800-53B)",Yes: county exhibit for SYS-01 to SYS-03 and their administrator accounts; benchmark for the rest of the platform,ID.AM-03,CA-9,Official: NIST CSF 2.0 informative references to SP 800-53 Rev. 5.2.0 (00_universal-framework/crosswalks/csf2_to_sp800-53r5.csv),"Internal connections (laptop to gateway, gateway to SYS-02) are known to the Lead Controls Technician only",Interview,Partially met,Not documented,Low,Include in the interconnection record (CA-3),Lead Controls Technician,2027-03-31,None
G-040,NIST SP 800-53 Rev. 5 (Release 5.2.0) Moderate baseline,CM-1,Policy and Procedures,"Base control, Moderate baseline (SP 800-53B)",Yes: county exhibit for SYS-01 to SYS-03 and their administrator accounts; benchmark for the rest of the platform,GV.OC-03; GV.OV-01; GV.PO-01; GV.PO-02; GV.SC-03; ID.IM-01; ID.IM-02; ID.IM-03; PR.PS-01,CM-1,Official: NIST CSF 2.0 informative references to SP 800-53 Rev. 5.2.0 (00_universal-framework/crosswalks/csf2_to_sp800-53r5.csv),POL-04 approved 2026-08-31 (effective 2026-09-01) covers configuration records for gateways and platforms. No written procedure yet (configuration change steps),POL-04,Partially met,Procedure for configuration change steps not written,Low,Write a one-page configuration change steps procedure,Office and Compliance Manager,2026-12-31,None
G-041,NIST SP 800-53 Rev. 5 (Release 5.2.0) Moderate baseline,"CM-2 with (2), (3), (7)",Baseline Configuration (with 3 Moderate enhancements),"Base control, Moderate baseline (SP 800-53B)",Yes: county exhibit for SYS-01 to SYS-03 and their administrator accounts; benchmark for the rest of the platform,PR.PS-01,CM-2,Official: NIST CSF 2.0 informative references to SP 800-53 Rev. 5.2.0 (00_universal-framework/crosswalks/csf2_to_sp800-53r5.csv),"No baseline configuration for gateways, laptops' engineering images, or SYS-01 and SYS-02 tenant settings. Enhancements (2), (3), (7) not implemented",Interview,Not met,No baselines,Moderate,Gateway standard configuration; export SYS-01 and SYS-02 settings after each change,Lead Controls Technician,2026-12-31,None
G-042,NIST SP 800-53 Rev. 5 (Release 5.2.0) Moderate baseline,"CM-3 with (2), (4)",Configuration Change Control (with 2 Moderate enhancements),"Base control, Moderate baseline (SP 800-53B)",Yes: county exhibit for SYS-01 to SYS-03 and their administrator accounts; benchmark for the rest of the platform,DE.CM-01; DE.CM-09; ID.RA-07; PR.PS-01,CM-3,Official: NIST CSF 2.0 informative references to SP 800-53 Rev. 5.2.0 (00_universal-framework/crosswalks/csf2_to_sp800-53r5.csv),"Changes to gateways, door schedules, and BAS programs are made by technicians and noted in CMMS work orders when there is a ticket. No approval for gateway changes. Enhancements (2), (4) not implemented",CMMS sample of 10 work orders,Not met,No change control for gateways and platform settings,Moderate,Gateway and platform setting changes need a CMMS ticket approved by the owner or Lead Controls Technician,Lead Controls Technician,2026-12-31,None
G-043,NIST SP 800-53 Rev. 5 (Release 5.2.0) Moderate baseline,CM-4 with (2),Impact Analyses (with 1 Moderate enhancement),"Base control, Moderate baseline (SP 800-53B)",Yes: county exhibit for SYS-01 to SYS-03 and their administrator accounts; benchmark for the rest of the platform,ID.RA-07; PR.PS-01,CM-4,Official: NIST CSF 2.0 informative references to SP 800-53 Rev. 5.2.0 (00_universal-framework/crosswalks/csf2_to_sp800-53r5.csv),No impact analysis before changes. Enhancement (2) not implemented,Interview,Not met,No impact analysis,Low,Two-line impact note on change tickets,Lead Controls Technician,2026-12-31,None
G-044,NIST SP 800-53 Rev. 5 (Release 5.2.0) Moderate baseline,CM-5,Access Restrictions for Change,"Base control, Moderate baseline (SP 800-53B)",Yes: county exhibit for SYS-01 to SYS-03 and their administrator accounts; benchmark for the rest of the platform,PR.PS-01,CM-5,Official: NIST CSF 2.0 informative references to SP 800-53 Rev. 5.2.0 (00_universal-framework/crosswalks/csf2_to_sp800-53r5.csv),Only the Lead Controls Technician changes gateways; the MSP changes laptops. Gap: the gateway administrator password is shared with the Controls Technician for nights,Interview,Partially met,Shared gateway administrator password,Moderate,Named gateway accounts (IA-2),Lead Controls Technician,2026-12-31,None
G-045,NIST SP 800-53 Rev. 5 (Release 5.2.0) Moderate baseline,CM-6,Configuration Settings,"Base control, Moderate baseline (SP 800-53B)",Yes: county exhibit for SYS-01 to SYS-03 and their administrator accounts; benchmark for the rest of the platform,DE.CM-09; PR.PS-01,CM-6,Official: NIST CSF 2.0 informative references to SP 800-53 Rev. 5.2.0 (00_universal-framework/crosswalks/csf2_to_sp800-53r5.csv),The MSP applies its standard laptop settings. Gateways use factory settings plus tunnels; no hardening checklist,MSP settings report,Partially met,No gateway hardening settings,Moderate,Gateway hardening checklist from the manufacturer guide and SP 800-82 Rev. 3,Lead Controls Technician,2026-12-31,"NIST SP 800-82 Rev. 4 initial public draft (2026-09-21) would add building automation guidance; draft only, Rev. 3 used"
G-046,NIST SP 800-53 Rev. 5 (Release 5.2.0) Moderate baseline,"CM-7 with (1), (2), (5)",Least Functionality (with 3 Moderate enhancements),"Base control, Moderate baseline (SP 800-53B)",Yes: county exhibit for SYS-01 to SYS-03 and their administrator accounts; benchmark for the rest of the platform,PR.PS-01,CM-7,Official: NIST CSF 2.0 informative references to SP 800-53 Rev. 5.2.0 (00_universal-framework/crosswalks/csf2_to_sp800-53r5.csv),"Unused services disabled on laptops by the MSP. Gateways run their web administration page on all interfaces. Enhancements (1), (2), (5) not implemented",Gateway settings,Partially met,Unneeded gateway services,Moderate,Web administration only from the VPN interface,Lead Controls Technician,2026-12-31,None
G-047,NIST SP 800-53 Rev. 5 (Release 5.2.0) Moderate baseline,"CM-8 with (1), (3)",System Component Inventory (with 2 Moderate enhancements),"Base control, Moderate baseline (SP 800-53B)",Yes: county exhibit for SYS-01 to SYS-03 and their administrator accounts; benchmark for the rest of the platform,ID.AM-01; ID.AM-02; PR.PS-01,CM-8,Official: NIST CSF 2.0 informative references to SP 800-53 Rev. 5.2.0 (00_universal-framework/crosswalks/csf2_to_sp800-53r5.csv),"The MSP keeps a list of laptops; the CMMS asset list holds customer equipment by site. Gaps: no single inventory of company components (gateways, tablets, phones, SaaS tenants); P07 found 11 BACnet controllers at the city community center missing from the CMMS list. Enhancements (1), (3) not implemented",MSP device list; CMMS asset export; P07 CM-8 test,Partially met,No complete inventory,Moderate,"One inventory of company components and the customer devices each gateway reaches, reconciled quarterly",Office and Compliance Manager,2026-11-30,"NIST SP 800-82 Rev. 4 initial public draft (2026-09-21) would add building automation guidance; draft only, Rev. 3 used"
G-048,NIST SP 800-53 Rev. 5 (Release 5.2.0) Moderate baseline,CM-9,Configuration Management Plan,"Base control, Moderate baseline (SP 800-53B)",Yes: county exhibit for SYS-01 to SYS-03 and their administrator accounts; benchmark for the rest of the platform,ID.AM-08; PR.PS-01,CM-9,Official: NIST CSF 2.0 informative references to SP 800-53 Rev. 5.2.0 (00_universal-framework/crosswalks/csf2_to_sp800-53r5.csv),No configuration management plan,Interview,Not met,No plan,Low,Short plan inside the gateway standard (CM-2),Lead Controls Technician,2027-03-31,None
G-049,NIST SP 800-53 Rev. 5 (Release 5.2.0) Moderate baseline,CM-10,Software Usage Restrictions,"Base control, Moderate baseline (SP 800-53B)",Yes: county exhibit for SYS-01 to SYS-03 and their administrator accounts; benchmark for the rest of the platform,DE.CM-03; DE.CM-09; PR.PS-01,CM-10,Official: NIST CSF 2.0 informative references to SP 800-53 Rev. 5.2.0 (00_universal-framework/crosswalks/csf2_to_sp800-53r5.csv),Software is licensed through the MSP and the vendors; engineering tools are licensed per technician,License records,Met,None,Very Low,None,Office and Compliance Manager,,None
G-050,NIST SP 800-53 Rev. 5 (Release 5.2.0) Moderate baseline,CM-11,User-installed Software,"Base control, Moderate baseline (SP 800-53B)",Yes: county exhibit for SYS-01 to SYS-03 and their administrator accounts; benchmark for the rest of the platform,DE.CM-03; DE.CM-09; PR.PS-01; PR.PS-02,CM-11,Official: NIST CSF 2.0 informative references to SP 800-53 Rev. 5.2.0 (00_universal-framework/crosswalks/csf2_to_sp800-53r5.csv),"Office staff cannot install software. Technicians can, as local administrators",MSP endpoint policy,Partially met,Technicians can install anything,Low,Separate administrator account (AC-6),Office and Compliance Manager,2026-12-31,None
G-051,NIST SP 800-53 Rev. 5 (Release 5.2.0) Moderate baseline,CM-12 with (1),Information Location (with 1 Moderate enhancement),"Base control, Moderate baseline (SP 800-53B)",Yes: county exhibit for SYS-01 to SYS-03 and their administrator accounts; benchmark for the rest of the platform,ID.AM-07,CM-12,Official: NIST CSF 2.0 informative references to SP 800-53 Rev. 5.2.0 (00_universal-framework/crosswalks/csf2_to_sp800-53r5.csv),"No record of where customer data and CUI are kept; copies sit in email, the shared folder, and laptops. Enhancement (1) not implemented",Data walkthrough 2026-07-22,Not met,Information location unknown,Moderate,Data inventory in POL-04 4.5,Office and Compliance Manager,2026-11-30,None
G-052,NIST SP 800-53 Rev. 5 (Release 5.2.0) Moderate baseline,CP-1,Policy and Procedures,"Base control, Moderate baseline (SP 800-53B)",Yes: county exhibit for SYS-01 to SYS-03 and their administrator accounts; benchmark for the rest of the platform,GV.OC-03; GV.OV-01; GV.PO-01; GV.PO-02; GV.SC-03; GV.SC-08; ID.IM-01; ID.IM-02; ID.IM-03,CP-1,Official: NIST CSF 2.0 informative references to SP 800-53 Rev. 5.2.0 (00_universal-framework/crosswalks/csf2_to_sp800-53r5.csv),POL-04 approved 2026-08-31 (effective 2026-09-01) covers backups and recovery of engineering records. No written procedure yet (contingency steps),POL-04,Partially met,Procedure for contingency steps not written,Moderate,Write a one-page contingency steps procedure,Office and Compliance Manager,2026-12-31,None
G-053,NIST SP 800-53 Rev. 5 (Release 5.2.0) Moderate baseline,"CP-2 with (1), (3), (8)",Contingency Plan (with 3 Moderate enhancements),"Base control, Moderate baseline (SP 800-53B)",Yes: county exhibit for SYS-01 to SYS-03 and their administrator accounts; benchmark for the rest of the platform,ID.IM-01; ID.IM-02; ID.IM-03; ID.IM-04; PR.IR-02; RC.CO-04; RC.RP-03,CP-2,Official: NIST CSF 2.0 informative references to SP 800-53 Rev. 5.2.0 (00_universal-framework/crosswalks/csf2_to_sp800-53r5.csv),"No contingency plan. The BIA (P05) was approved 2026-08-31. No written manual lockdown steps for the libraries and the parks operations building. Enhancements (1), (3), (8) not implemented",P05 BIA,Not met,No contingency plan,High,"Short contingency plan from the BIA: on-call fallback, manual lockdown per building, gateway spare, laptop loss",Office and Compliance Manager,2026-11-30,"NIST SP 800-82 Rev. 4 initial public draft (2026-09-21) would add building automation guidance; draft only, Rev. 3 used"
G-054,NIST SP 800-53 Rev. 5 (Release 5.2.0) Moderate baseline,CP-3,Contingency Training,"Base control, Moderate baseline (SP 800-53B)",Yes: county exhibit for SYS-01 to SYS-03 and their administrator accounts; benchmark for the rest of the platform,None,CP-3,Official: NIST lists no CSF 2.0 informative reference for this control,No contingency training,Interview,Not met,None given,Low,Walk-through with all staff after the plan is written,Office and Compliance Manager,2027-01-31,None
G-055,NIST SP 800-53 Rev. 5 (Release 5.2.0) Moderate baseline,CP-4 with (1),Contingency Plan Testing (with 1 Moderate enhancement),"Base control, Moderate baseline (SP 800-53B)",Yes: county exhibit for SYS-01 to SYS-03 and their administrator accounts; benchmark for the rest of the platform,ID.IM-02; RC.RP-03,CP-4,Official: NIST CSF 2.0 informative references to SP 800-53 Rev. 5.2.0 (00_universal-framework/crosswalks/csf2_to_sp800-53r5.csv),No contingency plan test; no restore test of SYS-08 or of any controller program. Enhancement (1) not implemented,MSP confirmation that no restore test exists,Not met,Never tested,High,First restore test of SYS-08 and of 3 controller programs; tabletop of the P08 runbook,Office and Compliance Manager,2026-11-30,None
G-056,NIST SP 800-53 Rev. 5 (Release 5.2.0) Moderate baseline,"CP-6 with (1), (3)",Alternate Storage Site (with 2 Moderate enhancements),"Base control, Moderate baseline (SP 800-53B)",Yes: county exhibit for SYS-01 to SYS-03 and their administrator accounts; benchmark for the rest of the platform,PR.DS-11; PR.IR-04,CP-6,Official: NIST CSF 2.0 informative references to SP 800-53 Rev. 5.2.0 (00_universal-framework/crosswalks/csf2_to_sp800-53r5.csv),"The suite backup (SYS-08) is held by a separate SaaS provider, but engineering records on laptops have no alternate storage. Enhancements (1), (3) not implemented",Backup description,Not met,No alternate storage for engineering records,Moderate,"Engineering repository in the suite, included in SYS-08",Lead Controls Technician,2026-11-30,None
G-057,NIST SP 800-53 Rev. 5 (Release 5.2.0) Moderate baseline,"CP-7 with (1), (2), (3)",Alternate Processing Site (with 3 Moderate enhancements),"Base control, Moderate baseline (SP 800-53B)",Yes: county exhibit for SYS-01 to SYS-03 and their administrator accounts; benchmark for the rest of the platform,PR.IR-04,CP-7,Official: NIST CSF 2.0 informative references to SP 800-53 Rev. 5.2.0 (00_universal-framework/crosswalks/csf2_to_sp800-53r5.csv),"All platforms are SaaS, so there is no company processing site. Office work can move to staff homes or the field with laptops and phones. Enhancements (1)-(3) are inherited from the vendors' multi-region hosting (SYS-01 SOC 2 report); not verified for SYS-02",SYS-01 SOC 2 report; vendor documentation,Partially met,SYS-02 resilience unverified,Low,Ask the SYS-02 vendor for its recovery commitments,Owner,2026-12-31,None
G-058,NIST SP 800-53 Rev. 5 (Release 5.2.0) Moderate baseline,"CP-8 with (1), (2)",Telecommunications Services (with 2 Moderate enhancements),"Base control, Moderate baseline (SP 800-53B)",Yes: county exhibit for SYS-01 to SYS-03 and their administrator accounts; benchmark for the rest of the platform,PR.IR-04,CP-8,Official: NIST CSF 2.0 informative references to SP 800-53 Rev. 5.2.0 (00_universal-framework/crosswalks/csf2_to_sp800-53r5.csv),"The office has one internet line; on-call alarms depend on one cellular carrier. Enhancements (1), (2) not implemented",Phone and internet contracts,Partially met,Single carrier for on-call alarms,Moderate,Second-carrier hotspot in the on-call bag; SYS-02 alarm email as a second path,Owner,2026-12-31,None
G-059,NIST SP 800-53 Rev. 5 (Release 5.2.0) Moderate baseline,"CP-9 with (1), (8)",System Backup (with 2 Moderate enhancements),"Base control, Moderate baseline (SP 800-53B)",Yes: county exhibit for SYS-01 to SYS-03 and their administrator accounts; benchmark for the rest of the platform,PR.DS-01; PR.DS-10; PR.DS-11; RC.RP-03,CP-9,Official: NIST CSF 2.0 informative references to SP 800-53 Rev. 5.2.0 (00_universal-framework/crosswalks/csf2_to_sp800-53r5.csv),"The suite is backed up daily by SYS-08 (1 year). Controller programs, door schedules, gateway configurations, and SYS-01 and SYS-02 configuration exports exist only on technician laptops, outside any backup. Enhancements (1), (8) not implemented",SYS-08 job report; laptop folder review 2026-07-22,Not met,Engineering records not backed up; no restore test,High,Engineering repository in the suite (backed up by SYS-08); export SYS-01 and SYS-02 settings monthly; quarterly restore tests,Lead Controls Technician,2026-11-30,None
G-060,NIST SP 800-53 Rev. 5 (Release 5.2.0) Moderate baseline,CP-10 with (2),System Recovery and Reconstitution (with 1 Moderate enhancement),"Base control, Moderate baseline (SP 800-53B)",Yes: county exhibit for SYS-01 to SYS-03 and their administrator accounts; benchmark for the rest of the platform,RC.RP-01; RC.RP-02; RC.RP-05,CP-10,Official: NIST CSF 2.0 informative references to SP 800-53 Rev. 5.2.0 (00_universal-framework/crosswalks/csf2_to_sp800-53r5.csv),No recovery procedure for a failed gateway or a lost SYS-01 or SYS-02 configuration. Enhancement (2) not implemented,Interview,Not met,No recovery procedure,Moderate,Gateway rebuild steps with the spare; vendor support contacts for tenant restore,Lead Controls Technician,2026-12-31,None
G-061,NIST SP 800-53 Rev. 5 (Release 5.2.0) Moderate baseline,IA-1,Policy and Procedures,"Base control, Moderate baseline (SP 800-53B)",Yes: county exhibit for SYS-01 to SYS-03 and their administrator accounts; benchmark for the rest of the platform,GV.OC-03; GV.OV-01; GV.PO-01; GV.PO-02; GV.SC-03; ID.IM-01; ID.IM-02; ID.IM-03; PR.AA-01,IA-1,Official: NIST CSF 2.0 informative references to SP 800-53 Rev. 5.2.0 (00_universal-framework/crosswalks/csf2_to_sp800-53r5.csv),"POL-02 approved 2026-08-31 (effective 2026-09-01) covers identification, MFA, and passwords. No written procedure yet (password and MFA setup steps)",POL-02,Partially met,Procedure for password and MFA setup steps not written,Low,Write a one-page password and MFA setup steps procedure,Office and Compliance Manager,2026-12-31,None
G-062,NIST SP 800-53 Rev. 5 (Release 5.2.0) Moderate baseline,"IA-2 with (1), (2), (8), (12)",Identification and Authentication (Organizational Users) (with 4 Moderate enhancements),"Base control, Moderate baseline (SP 800-53B)",Yes: county exhibit for SYS-01 to SYS-03 and their administrator accounts; benchmark for the rest of the platform,PR.AA-01; PR.AA-03,IA-2,Official: NIST CSF 2.0 informative references to SP 800-53 Rev. 5.2.0 (00_universal-framework/crosswalks/csf2_to_sp800-53r5.csv),"Named accounts with MFA on the suite, CMMS, SYS-01 administrators, and the named SYS-02 accounts. Gaps: the shared SYS-02 'oncall' account (password only); the gateway VPN and gateway administrator logins have no MFA; enhancement (12) (PIV acceptance) not applicable outside GSA systems",Platform authentication settings; P07 IA-2(1) test,Partially met,Shared account and no MFA on gateways,High,Named SYS-02 accounts with MFA; MFA on the gateway VPN,Lead Controls Technician,2026-10-31,None
G-063,NIST SP 800-53 Rev. 5 (Release 5.2.0) Moderate baseline,IA-3,Device Identification and Authentication,"Base control, Moderate baseline (SP 800-53B)",Yes: county exhibit for SYS-01 to SYS-03 and their administrator accounts; benchmark for the rest of the platform,PR.AA-01; PR.AA-03,IA-3,Official: NIST CSF 2.0 informative references to SP 800-53 Rev. 5.2.0 (00_universal-framework/crosswalks/csf2_to_sp800-53r5.csv),Gateways authenticate to SYS-02 with device certificates. Laptops are not authenticated before joining the gateway VPN,Gateway tunnel settings,Partially met,No device check on the VPN,Low,Certificate-based VPN tied to company laptops (AC-17),Lead Controls Technician,2026-11-30,None
G-064,NIST SP 800-53 Rev. 5 (Release 5.2.0) Moderate baseline,IA-4 with (4),Identifier Management (with 1 Moderate enhancement),"Base control, Moderate baseline (SP 800-53B)",Yes: county exhibit for SYS-01 to SYS-03 and their administrator accounts; benchmark for the rest of the platform,PR.AA-01,IA-4,Official: NIST CSF 2.0 informative references to SP 800-53 Rev. 5.2.0 (00_universal-framework/crosswalks/csf2_to_sp800-53r5.csv),User names follow a first-initial-last-name pattern in the suite; SYS-01 and SYS-02 use email addresses. The 'oncall' identifier is shared. Enhancement (4) not implemented,User lists,Partially met,Shared identifier,Moderate,Retire the shared identifier (AC-2),Lead Controls Technician,2026-10-31,None
G-065,NIST SP 800-53 Rev. 5 (Release 5.2.0) Moderate baseline,"IA-5 with (1), (2), (6)",Authenticator Management (with 3 Moderate enhancements),"Base control, Moderate baseline (SP 800-53B)",Yes: county exhibit for SYS-01 to SYS-03 and their administrator accounts; benchmark for the rest of the platform,PR.AA-01; PR.AA-03,IA-5,Official: NIST CSF 2.0 informative references to SP 800-53 Rev. 5.2.0 (00_universal-framework/crosswalks/csf2_to_sp800-53r5.csv),"Platforms enforce vendor password rules. Gaps: the 'oncall' password was unchanged from early 2026 until 2026-07-16; gateway administrator passwords are shared and kept in a technician's notes app; P07 found the manufacturer default administrator password on the parks operations building gateway; no password manager. Enhancements (1), (2), (6) partly met",P07 IA-5 test; interviews,Partially met,Default and shared passwords; no vault,High,Company password manager; unique gateway passwords; default check at commissioning,Lead Controls Technician,2026-10-31,"NIST SP 800-82 Rev. 4 initial public draft (2026-09-21) would add building automation guidance; draft only, Rev. 3 used"
G-066,NIST SP 800-53 Rev. 5 (Release 5.2.0) Moderate baseline,IA-6,Authentication Feedback,"Base control, Moderate baseline (SP 800-53B)",Yes: county exhibit for SYS-01 to SYS-03 and their administrator accounts; benchmark for the rest of the platform,PR.AA-01,IA-6,Official: NIST CSF 2.0 informative references to SP 800-53 Rev. 5.2.0 (00_universal-framework/crosswalks/csf2_to_sp800-53r5.csv),Sign-in pages mask passwords,Sign-in screens,Met,None,Very Low,None,Office and Compliance Manager,,None
G-067,NIST SP 800-53 Rev. 5 (Release 5.2.0) Moderate baseline,IA-7,Cryptographic Module Authentication,"Base control, Moderate baseline (SP 800-53B)",Yes: county exhibit for SYS-01 to SYS-03 and their administrator accounts; benchmark for the rest of the platform,PR.AA-01; PR.AA-03,IA-7,Official: NIST CSF 2.0 informative references to SP 800-53 Rev. 5.2.0 (00_universal-framework/crosswalks/csf2_to_sp800-53r5.csv),Vendors use validated cryptographic modules per their documentation (SYS-01 SOC 2 system description),SYS-01 SOC 2 report; vendor documentation,Met,None,Very Low,None,Office and Compliance Manager,,None
G-068,NIST SP 800-53 Rev. 5 (Release 5.2.0) Moderate baseline,"IA-8 with (1), (2), (4)",Identification and Authentication (Non-organizational Users) (with 3 Moderate enhancements),"Base control, Moderate baseline (SP 800-53B)",Yes: county exhibit for SYS-01 to SYS-03 and their administrator accounts; benchmark for the rest of the platform,PR.AA-01; PR.AA-03,IA-8,Official: NIST CSF 2.0 informative references to SP 800-53 Rev. 5.2.0 (00_universal-framework/crosswalks/csf2_to_sp800-53r5.csv),"County security staff hold named SYS-01 operator accounts with the vendor's MFA. No other outside users. Enhancements (1), (2), (4) apply to federal credentials and are not used",SYS-01 user list,Met,None,Very Low,None,Security Systems Technician,,None
G-069,NIST SP 800-53 Rev. 5 (Release 5.2.0) Moderate baseline,IA-11,Re-authentication,"Base control, Moderate baseline (SP 800-53B)",Yes: county exhibit for SYS-01 to SYS-03 and their administrator accounts; benchmark for the rest of the platform,PR.AA-01; PR.AA-03,IA-11,Official: NIST CSF 2.0 informative references to SP 800-53 Rev. 5.2.0 (00_universal-framework/crosswalks/csf2_to_sp800-53r5.csv),Platforms require sign-in again after the session limit,Platform settings,Met,None,Very Low,None,Office and Compliance Manager,,None
G-070,NIST SP 800-53 Rev. 5 (Release 5.2.0) Moderate baseline,"IA-12 with (2), (3), (5)",Identity Proofing (with 3 Moderate enhancements),"Base control, Moderate baseline (SP 800-53B)",Yes: county exhibit for SYS-01 to SYS-03 and their administrator accounts; benchmark for the rest of the platform,PR.AA-02,IA-12,Official: NIST CSF 2.0 informative references to SP 800-53 Rev. 5.2.0 (00_universal-framework/crosswalks/csf2_to_sp800-53r5.csv),"Staff identity is proofed at hire through the I-9 process and the county fingerprint check; 2 PIV holders were proofed by GSA. Enhancements (2), (3), (5) not documented",Personnel files,Partially met,Proofing for platform accounts not documented,Very Low,Note identity check on the onboarding checklist,Office and Compliance Manager,2026-12-31,None
G-071,NIST SP 800-53 Rev. 5 (Release 5.2.0) Moderate baseline,IR-1,Policy and Procedures,"Base control, Moderate baseline (SP 800-53B)",Yes: county exhibit for SYS-01 to SYS-03 and their administrator accounts; benchmark for the rest of the platform,GV.OC-03; GV.OV-01; GV.PO-01; GV.PO-02; GV.SC-03; GV.SC-08; ID.IM-01; ID.IM-02; ID.IM-03; RC.RP-04,IR-1,Official: NIST CSF 2.0 informative references to SP 800-53 Rev. 5.2.0 (00_universal-framework/crosswalks/csf2_to_sp800-53r5.csv),POL-03 approved 2026-08-31 (effective 2026-09-01) covers incident response. No written procedure yet (incident handling steps (the P08 runbook)),POL-03,Partially met,Procedure for incident handling steps (the P08 runbook) not written,Moderate,Write a one-page incident handling steps (the P08 runbook) procedure,Office and Compliance Manager,2026-09-30,None
G-072,NIST SP 800-53 Rev. 5 (Release 5.2.0) Moderate baseline,IR-2,Incident Response Training,"Base control, Moderate baseline (SP 800-53B)",Yes: county exhibit for SYS-01 to SYS-03 and their administrator accounts; benchmark for the rest of the platform,None,IR-2,Official: NIST lists no CSF 2.0 informative reference for this control,No incident response training,Interview,Not met,No training,Moderate,One-hour runbook walk-through for all staff,Office and Compliance Manager,2026-11-30,None
G-073,NIST SP 800-53 Rev. 5 (Release 5.2.0) Moderate baseline,IR-3 with (2),Incident Response Testing (with 1 Moderate enhancement),"Base control, Moderate baseline (SP 800-53B)",Yes: county exhibit for SYS-01 to SYS-03 and their administrator accounts; benchmark for the rest of the platform,ID.IM-02,IR-3,Official: NIST CSF 2.0 informative references to SP 800-53 Rev. 5.2.0 (00_universal-framework/crosswalks/csf2_to_sp800-53r5.csv),No incident response test. Enhancement (2) not implemented,Interview,Not met,Never tested,Moderate,"Tabletop with the county, the MSP, and the insurer's panel contact",Office and Compliance Manager,2026-11-30,None
G-074,NIST SP 800-53 Rev. 5 (Release 5.2.0) Moderate baseline,IR-4 with (1),Incident Handling (with 1 Moderate enhancement),"Base control, Moderate baseline (SP 800-53B)",Yes: county exhibit for SYS-01 to SYS-03 and their administrator accounts; benchmark for the rest of the platform,DE.AE-02; DE.AE-03; DE.AE-06; DE.AE-08; ID.IM-01; ID.IM-02; ID.IM-03; RC.CO-03; RC.CO-04; RC.RP-01; RC.RP-02; RC.RP-06; RS.AN-03; RS.AN-06; RS.AN-07; RS.AN-08; RS.CO-02; RS.CO-03; RS.MA-02; RS.MA-03; RS.MA-04; RS.MA-05; RS.MI-01; RS.MI-02,IR-4,Official: NIST CSF 2.0 informative references to SP 800-53 Rev. 5.2.0 (00_universal-framework/crosswalks/csf2_to_sp800-53r5.csv),No incident handling capability beyond calling the vendors. P08 runbook approved 2026-08-31. Enhancement (1) not implemented,P08 runbook,Not met,No tested capability,High,Adopt the P08 runbook; insurer panel and an OT-capable responder confirmed,Office and Compliance Manager,2026-11-30,None
G-075,NIST SP 800-53 Rev. 5 (Release 5.2.0) Moderate baseline,IR-5,Incident Monitoring,"Base control, Moderate baseline (SP 800-53B)",Yes: county exhibit for SYS-01 to SYS-03 and their administrator accounts; benchmark for the rest of the platform,DE.AE-03; RS.MA-02; RS.MA-03; RS.MA-04,IR-5,Official: NIST CSF 2.0 informative references to SP 800-53 Rev. 5.2.0 (00_universal-framework/crosswalks/csf2_to_sp800-53r5.csv),No incident log. The 2026-07-15 account finding and the 2026-07-20 CUI link were recorded only in email,Email records,Not met,No incident log,Moderate,Incident log in the restricted records folder,Office and Compliance Manager,2026-09-30,None
G-076,NIST SP 800-53 Rev. 5 (Release 5.2.0) Moderate baseline,"IR-6 with (1), (3)",Incident Reporting (with 2 Moderate enhancements),"Base control, Moderate baseline (SP 800-53B)",Yes: county exhibit for SYS-01 to SYS-03 and their administrator accounts; benchmark for the rest of the platform,RC.CO-03; RS.AN-06; RS.AN-07; RS.CO-02; RS.CO-03; RS.MA-01; RS.MA-02; RS.MA-03; RS.MA-04,IR-6,Official: NIST CSF 2.0 informative references to SP 800-53 Rev. 5.2.0 (00_universal-framework/crosswalks/csf2_to_sp800-53r5.csv),"Staff are not told when or how to report; the customer clocks (county and city 24 hours, prime immediately) are not written down. Enhancements (1), (3) not implemented",Interviews (P07); contracts,Not met,No reporting rule,High,Reporting rule (POL-03 4.2) on a card for every technician; notice matrix (P08),Office and Compliance Manager,2026-09-30,None
G-077,NIST SP 800-53 Rev. 5 (Release 5.2.0) Moderate baseline,IR-7 with (1),Incident Response Assistance (with 1 Moderate enhancement),"Base control, Moderate baseline (SP 800-53B)",Yes: county exhibit for SYS-01 to SYS-03 and their administrator accounts; benchmark for the rest of the platform,RS.CO-02; RS.CO-03; RS.MA-01; RS.MA-04,IR-7,Official: NIST CSF 2.0 informative references to SP 800-53 Rev. 5.2.0 (00_universal-framework/crosswalks/csf2_to_sp800-53r5.csv),The insurer's hotline gives access to breach counsel and forensics. Gap: no OT-capable responder confirmed; enhancement (1) not implemented,Insurance policy,Partially met,No OT help confirmed,Moderate,Confirm an OT-capable panel firm with the insurer,Owner,2026-10-31,None
G-078,NIST SP 800-53 Rev. 5 (Release 5.2.0) Moderate baseline,IR-8,Incident Response Plan,"Base control, Moderate baseline (SP 800-53B)",Yes: county exhibit for SYS-01 to SYS-03 and their administrator accounts; benchmark for the rest of the platform,DE.AE-03; DE.AE-08; ID.IM-01; ID.IM-02; ID.IM-03; ID.IM-04; RC.RP-01; RC.RP-02; RC.RP-04; RC.RP-06; RS.AN-08; RS.MA-01; RS.MA-05,IR-8,Official: NIST CSF 2.0 informative references to SP 800-53 Rev. 5.2.0 (00_universal-framework/crosswalks/csf2_to_sp800-53r5.csv),No incident response plan before the P08 runbook (approved 2026-08-31),P08 runbook,Not met,Plan not yet tested or distributed,Moderate,Distribute the runbook and contact card; test in IR-3,Office and Compliance Manager,2026-09-30,None
G-079,NIST SP 800-53 Rev. 5 (Release 5.2.0) Moderate baseline,MA-1,Policy and Procedures,"Base control, Moderate baseline (SP 800-53B)",Yes: county exhibit for SYS-01 to SYS-03 and their administrator accounts; benchmark for the rest of the platform,GV.OC-03; GV.OV-01; GV.PO-01; GV.PO-02; GV.SC-03; ID.IM-01; ID.IM-02; ID.IM-03,MA-1,Official: NIST CSF 2.0 informative references to SP 800-53 Rev. 5.2.0 (00_universal-framework/crosswalks/csf2_to_sp800-53r5.csv),POL-02 approved 2026-08-31 (effective 2026-09-01) covers remote maintenance access (Part B). No written procedure yet (maintenance steps),POL-02,Partially met,Procedure for maintenance steps not written,Low,Write a one-page maintenance steps procedure,Office and Compliance Manager,2026-12-31,None
G-080,NIST SP 800-53 Rev. 5 (Release 5.2.0) Moderate baseline,MA-2,Controlled Maintenance,"Base control, Moderate baseline (SP 800-53B)",Yes: county exhibit for SYS-01 to SYS-03 and their administrator accounts; benchmark for the rest of the platform,ID.AM-08,MA-2,Official: NIST CSF 2.0 informative references to SP 800-53 Rev. 5.2.0 (00_universal-framework/crosswalks/csf2_to_sp800-53r5.csv),Maintenance of customer controllers and gateways is scheduled in the CMMS. No record of gateway maintenance,CMMS work orders,Partially met,Gateway maintenance not recorded,Low,Gateway maintenance tickets in the CMMS,Lead Controls Technician,2026-12-31,None
G-081,NIST SP 800-53 Rev. 5 (Release 5.2.0) Moderate baseline,"MA-3 with (1), (2), (3)",Maintenance Tools (with 3 Moderate enhancements),"Base control, Moderate baseline (SP 800-53B)",Yes: county exhibit for SYS-01 to SYS-03 and their administrator accounts; benchmark for the rest of the platform,None,MA-3,Official: NIST lists no CSF 2.0 informative reference for this control,Engineering laptops and USB-to-BACnet adapters are the maintenance tools. Enhancements (1)-(3): tools are not inspected and media are not scanned before use on customer networks,Tool list,Partially met,Tools not inspected,Low,Scan USB media on a laptop before use on customer networks,Lead Controls Technician,2027-03-31,None
G-082,NIST SP 800-53 Rev. 5 (Release 5.2.0) Moderate baseline,MA-4,Nonlocal Maintenance,"Base control, Moderate baseline (SP 800-53B)",Yes: county exhibit for SYS-01 to SYS-03 and their administrator accounts; benchmark for the rest of the platform,None,MA-4,Official: NIST lists no CSF 2.0 informative reference for this control,Remote maintenance of customer BAS is done through SYS-02 writes and the gateway VPN; the MSP maintains laptops through its RMM. Gaps: no MFA on the gateway VPN or (unverified) the RMM; sessions not recorded,Gateway VPN settings; MSP questionnaire,Partially met,Weak nonlocal maintenance controls,High,MFA on the VPN and RMM (AC-17),Lead Controls Technician,2026-11-30,"NIST SP 800-82 Rev. 4 initial public draft (2026-09-21) would add building automation guidance; draft only, Rev. 3 used"
G-083,NIST SP 800-53 Rev. 5 (Release 5.2.0) Moderate baseline,MA-5,Maintenance Personnel,"Base control, Moderate baseline (SP 800-53B)",Yes: county exhibit for SYS-01 to SYS-03 and their administrator accounts; benchmark for the rest of the platform,None,MA-5,Official: NIST lists no CSF 2.0 informative reference for this control,All staff are background checked; the mechanical subcontractor's technicians are escorted at county buildings by the Building Engineer. The MSP's technicians are not screened by the company,Background check records,Partially met,MSP staff not screened,Low,Ask the MSP to confirm background checks for technicians with access,Office and Compliance Manager,2026-12-31,None
G-084,NIST SP 800-53 Rev. 5 (Release 5.2.0) Moderate baseline,MA-6,Timely Maintenance,"Base control, Moderate baseline (SP 800-53B)",Yes: county exhibit for SYS-01 to SYS-03 and their administrator accounts; benchmark for the rest of the platform,ID.AM-08,MA-6,Official: NIST CSF 2.0 informative references to SP 800-53 Rev. 5.2.0 (00_universal-framework/crosswalks/csf2_to_sp800-53r5.csv),A spare gateway and common controller parts are in the parts room. No list of critical spares,Parts room check 2026-07-16,Partially met,No critical spares list,Low,Critical spares list per building,Lead Controls Technician,2027-03-31,None
G-085,NIST SP 800-53 Rev. 5 (Release 5.2.0) Moderate baseline,MP-1,Policy and Procedures,"Base control, Moderate baseline (SP 800-53B)",Yes: county exhibit for SYS-01 to SYS-03 and their administrator accounts; benchmark for the rest of the platform,GV.OC-03; GV.OV-01; GV.PO-01; GV.PO-02; GV.SC-03; ID.IM-01; ID.IM-02; ID.IM-03,MP-1,Official: NIST CSF 2.0 informative references to SP 800-53 Rev. 5.2.0 (00_universal-framework/crosswalks/csf2_to_sp800-53r5.csv),POL-04 approved 2026-08-31 (effective 2026-09-01) covers media and CUI handling. No written procedure yet (media handling steps),POL-04,Partially met,Procedure for media handling steps not written,Low,Write a one-page media handling steps procedure,Office and Compliance Manager,2026-12-31,None
G-086,NIST SP 800-53 Rev. 5 (Release 5.2.0) Moderate baseline,MP-2,Media Access,"Base control, Moderate baseline (SP 800-53B)",Yes: county exhibit for SYS-01 to SYS-03 and their administrator accounts; benchmark for the rest of the platform,None,MP-2,Official: NIST lists no CSF 2.0 informative reference for this control,Paper drawings are kept in the locked office; CUI electronic files are open to all staff (AC-3),Walkthrough 2026-07-14,Partially met,CUI not restricted,Moderate,Restricted CUI folder (AC-3),Office and Compliance Manager,2026-10-31,None
G-087,NIST SP 800-53 Rev. 5 (Release 5.2.0) Moderate baseline,MP-3,Media Marking,"Base control, Moderate baseline (SP 800-53B)",Yes: county exhibit for SYS-01 to SYS-03 and their administrator accounts; benchmark for the rest of the platform,None,MP-3,Official: NIST lists no CSF 2.0 informative reference for this control,GSA marks CUI drawings; the company does not keep the marking on copies or mark security system plans as exempt,CUI drawing review,Not met,No marking routine,Moderate,Keep GSA CUI markings on all copies; label security system plans 'exempt under Fla. Stat. 119.071(3)',Office and Compliance Manager,2026-10-31,None
G-088,NIST SP 800-53 Rev. 5 (Release 5.2.0) Moderate baseline,MP-4,Media Storage,"Base control, Moderate baseline (SP 800-53B)",Yes: county exhibit for SYS-01 to SYS-03 and their administrator accounts; benchmark for the rest of the platform,None,MP-4,Official: NIST lists no CSF 2.0 informative reference for this control,Paper drawings and USB media are stored in the locked office. Electronic CUI is in the general shared folder and on 2 laptops' downloads folders,P07 MP-4 test,Partially met,Electronic CUI not stored in a controlled location,Moderate,Restricted CUI folder; remove local copies,Office and Compliance Manager,2026-10-31,None
G-089,NIST SP 800-53 Rev. 5 (Release 5.2.0) Moderate baseline,MP-5,Media Transport,"Base control, Moderate baseline (SP 800-53B)",Yes: county exhibit for SYS-01 to SYS-03 and their administrator accounts; benchmark for the rest of the platform,None,MP-5,Official: NIST lists no CSF 2.0 informative reference for this control,Technicians carry paper drawings in locked van cabinets. No rule for USB media in transport,Interview,Partially met,No transport rule,Low,Encrypted USB only (POL-04),Office and Compliance Manager,2026-12-31,None
G-090,NIST SP 800-53 Rev. 5 (Release 5.2.0) Moderate baseline,MP-6,Media Sanitization,"Base control, Moderate baseline (SP 800-53B)",Yes: county exhibit for SYS-01 to SYS-03 and their administrator accounts; benchmark for the rest of the platform,None,MP-6,Official: NIST lists no CSF 2.0 informative reference for this control,The MSP wipes laptops before reuse. No record of disposal; paper goes to a shred bin,Interview,Partially met,No disposal record,Low,Disposal log (also meets Fla. Stat. 501.171(8)),Office and Compliance Manager,2026-12-31,None
G-091,NIST SP 800-53 Rev. 5 (Release 5.2.0) Moderate baseline,MP-7,Media Use,"Base control, Moderate baseline (SP 800-53B)",Yes: county exhibit for SYS-01 to SYS-03 and their administrator accounts; benchmark for the rest of the platform,None,MP-7,Official: NIST lists no CSF 2.0 informative reference for this control,USB drives are used to move controller programs on site. No rule on personal or unknown media,Interview,Partially met,No media use rule,Low,Company encrypted USB drives only,Lead Controls Technician,2026-12-31,None
G-092,NIST SP 800-53 Rev. 5 (Release 5.2.0) Moderate baseline,PE-1,Policy and Procedures,"Base control, Moderate baseline (SP 800-53B)",Yes: county exhibit for SYS-01 to SYS-03 and their administrator accounts; benchmark for the rest of the platform,GV.OC-03; GV.OV-01; GV.PO-01; GV.PO-02; GV.SC-03; ID.IM-01; ID.IM-02; ID.IM-03,PE-1,Official: NIST CSF 2.0 informative references to SP 800-53 Rev. 5.2.0 (00_universal-framework/crosswalks/csf2_to_sp800-53r5.csv),POL-04 covers the office and parts room; landlord and customers provide building physical security,POL-04,Partially met,No procedure,Very Low,Short office access procedure,Office and Compliance Manager,2027-03-31,None
G-093,NIST SP 800-53 Rev. 5 (Release 5.2.0) Moderate baseline,PE-2,Physical Access Authorizations,"Base control, Moderate baseline (SP 800-53B)",Yes: county exhibit for SYS-01 to SYS-03 and their administrator accounts; benchmark for the rest of the platform,PR.AA-06,PE-2,Official: NIST CSF 2.0 informative references to SP 800-53 Rev. 5.2.0 (00_universal-framework/crosswalks/csf2_to_sp800-53r5.csv),The Office and Compliance Manager issues office keys and the alarm codes (list of 5 key holders). Customer sites issue the company's site badges and GSA issues PIV cards,Key list,Met,None,Very Low,None,Office and Compliance Manager,,None
G-094,NIST SP 800-53 Rev. 5 (Release 5.2.0) Moderate baseline,PE-3,Physical Access Control,"Base control, Moderate baseline (SP 800-53B)",Yes: county exhibit for SYS-01 to SYS-03 and their administrator accounts; benchmark for the rest of the platform,DE.CM-02; PR.AA-06,PE-3,Official: NIST CSF 2.0 informative references to SP 800-53 Rev. 5.2.0 (00_universal-framework/crosswalks/csf2_to_sp800-53r5.csv),Office suite locked with alarm; network closet and parts room locked. Gateways sit in locked customer mechanical rooms. Data centers are inherited from the SaaS vendors (SYS-01 SOC 2),Walkthrough 2026-07-14; SYS-01 SOC 2 report,Met,None,Very Low,None,Office and Compliance Manager,,None
G-095,NIST SP 800-53 Rev. 5 (Release 5.2.0) Moderate baseline,PE-4,Access Control for Transmission,"Base control, Moderate baseline (SP 800-53B)",Yes: county exhibit for SYS-01 to SYS-03 and their administrator accounts; benchmark for the rest of the platform,PR.AA-06,PE-4,Official: NIST CSF 2.0 informative references to SP 800-53 Rev. 5.2.0 (00_universal-framework/crosswalks/csf2_to_sp800-53r5.csv),Office network cabling is inside the locked suite; gateway cabling is inside customer mechanical rooms,Walkthrough,Met,None,Very Low,None,Office and Compliance Manager,,None
G-096,NIST SP 800-53 Rev. 5 (Release 5.2.0) Moderate baseline,PE-5,Access Control for Output Devices,"Base control, Moderate baseline (SP 800-53B)",Yes: county exhibit for SYS-01 to SYS-03 and their administrator accounts; benchmark for the rest of the platform,PR.AA-06,PE-5,Official: NIST CSF 2.0 informative references to SP 800-53 Rev. 5.2.0 (00_universal-framework/crosswalks/csf2_to_sp800-53r5.csv),The office printer is inside the locked suite,Walkthrough,Met,None,Very Low,None,Office and Compliance Manager,,None
G-097,NIST SP 800-53 Rev. 5 (Release 5.2.0) Moderate baseline,PE-6 with (1),Monitoring Physical Access (with 1 Moderate enhancement),"Base control, Moderate baseline (SP 800-53B)",Yes: county exhibit for SYS-01 to SYS-03 and their administrator accounts; benchmark for the rest of the platform,DE.CM-02; PR.AA-06,PE-6,Official: NIST CSF 2.0 informative references to SP 800-53 Rev. 5.2.0 (00_universal-framework/crosswalks/csf2_to_sp800-53r5.csv),Office alarm events go to the alarm company; no review of the alarm log. Enhancement (1) relies on customer alarms at sites,Alarm contract,Partially met,Alarm log not reviewed,Very Low,Quarterly alarm log review,Office and Compliance Manager,2027-03-31,None
G-098,NIST SP 800-53 Rev. 5 (Release 5.2.0) Moderate baseline,PE-8,Visitor Access Records,"Base control, Moderate baseline (SP 800-53B)",Yes: county exhibit for SYS-01 to SYS-03 and their administrator accounts; benchmark for the rest of the platform,PR.AA-06,PE-8,Official: NIST CSF 2.0 informative references to SP 800-53 Rev. 5.2.0 (00_universal-framework/crosswalks/csf2_to_sp800-53r5.csv),Visitors to the office are rare and escorted; no visitor log,Interview,Partially met,No visitor log,Very Low,Visitor sign-in sheet,Office and Compliance Manager,2026-12-31,None
G-099,NIST SP 800-53 Rev. 5 (Release 5.2.0) Moderate baseline,PE-9,Power Equipment and Cabling,"Base control, Moderate baseline (SP 800-53B)",Yes: county exhibit for SYS-01 to SYS-03 and their administrator accounts; benchmark for the rest of the platform,PR.IR-02,PE-9,Official: NIST CSF 2.0 informative references to SP 800-53 Rev. 5.2.0 (00_universal-framework/crosswalks/csf2_to_sp800-53r5.csv),Building power and cabling are the landlord's; data center power is inherited,Lease; SYS-01 SOC 2 report,Met,None,Very Low,None,Office and Compliance Manager,,None
G-100,NIST SP 800-53 Rev. 5 (Release 5.2.0) Moderate baseline,PE-10,Emergency Shutoff,"Base control, Moderate baseline (SP 800-53B)",Yes: county exhibit for SYS-01 to SYS-03 and their administrator accounts; benchmark for the rest of the platform,PR.IR-02,PE-10,Official: NIST CSF 2.0 informative references to SP 800-53 Rev. 5.2.0 (00_universal-framework/crosswalks/csf2_to_sp800-53r5.csv),Emergency shutoff is provided by the landlord and the data centers,Lease; vendor documentation,Met,None,Very Low,None,Office and Compliance Manager,,None
G-101,NIST SP 800-53 Rev. 5 (Release 5.2.0) Moderate baseline,PE-11,Emergency Power,"Base control, Moderate baseline (SP 800-53B)",Yes: county exhibit for SYS-01 to SYS-03 and their administrator accounts; benchmark for the rest of the platform,PR.IR-02,PE-11,Official: NIST CSF 2.0 informative references to SP 800-53 Rev. 5.2.0 (00_universal-framework/crosswalks/csf2_to_sp800-53r5.csv),Data centers have emergency power (inherited). The office firewall has a small battery backup. Gateways at customer sites are on customer circuits; 3 of 7 have no battery backup,Walkthrough 2026-07-15 to 2026-07-16,Partially met,3 gateways lose power with the building circuit,Low,Small battery backup for 3 gateways,Lead Controls Technician,2027-03-31,None
G-102,NIST SP 800-53 Rev. 5 (Release 5.2.0) Moderate baseline,PE-12,Emergency Lighting,"Base control, Moderate baseline (SP 800-53B)",Yes: county exhibit for SYS-01 to SYS-03 and their administrator accounts; benchmark for the rest of the platform,PR.IR-02,PE-12,Official: NIST CSF 2.0 informative references to SP 800-53 Rev. 5.2.0 (00_universal-framework/crosswalks/csf2_to_sp800-53r5.csv),Emergency lighting is provided by the landlord and the customers,Lease,Met,None,Very Low,None,Office and Compliance Manager,,None
G-103,NIST SP 800-53 Rev. 5 (Release 5.2.0) Moderate baseline,PE-13 with (1),Fire Protection (with 1 Moderate enhancement),"Base control, Moderate baseline (SP 800-53B)",Yes: county exhibit for SYS-01 to SYS-03 and their administrator accounts; benchmark for the rest of the platform,PR.IR-02,PE-13,Official: NIST CSF 2.0 informative references to SP 800-53 Rev. 5.2.0 (00_universal-framework/crosswalks/csf2_to_sp800-53r5.csv),"Fire protection by the landlord, customers, and data centers. Enhancement (1) inherited",Lease; SYS-01 SOC 2 report,Met,None,Very Low,None,Office and Compliance Manager,,None
G-104,NIST SP 800-53 Rev. 5 (Release 5.2.0) Moderate baseline,PE-14,Environmental Controls,"Base control, Moderate baseline (SP 800-53B)",Yes: county exhibit for SYS-01 to SYS-03 and their administrator accounts; benchmark for the rest of the platform,PR.IR-02,PE-14,Official: NIST CSF 2.0 informative references to SP 800-53 Rev. 5.2.0 (00_universal-framework/crosswalks/csf2_to_sp800-53r5.csv),Environmental controls by the landlord and data centers,Lease; vendor documentation,Met,None,Very Low,None,Office and Compliance Manager,,None
G-105,NIST SP 800-53 Rev. 5 (Release 5.2.0) Moderate baseline,PE-15,Water Damage Protection,"Base control, Moderate baseline (SP 800-53B)",Yes: county exhibit for SYS-01 to SYS-03 and their administrator accounts; benchmark for the rest of the platform,PR.IR-02,PE-15,Official: NIST CSF 2.0 informative references to SP 800-53 Rev. 5.2.0 (00_universal-framework/crosswalks/csf2_to_sp800-53r5.csv),Water damage protection by the landlord and data centers,Lease; vendor documentation,Met,None,Very Low,None,Office and Compliance Manager,,None
G-106,NIST SP 800-53 Rev. 5 (Release 5.2.0) Moderate baseline,PE-16,Delivery and Removal,"Base control, Moderate baseline (SP 800-53B)",Yes: county exhibit for SYS-01 to SYS-03 and their administrator accounts; benchmark for the rest of the platform,None,PE-16,Official: NIST lists no CSF 2.0 informative reference for this control,Parts deliveries are received by the Service Coordinator; no check that delivered network parts match the order (see SR-11),Interview,Partially met,No receiving check,Low,Receiving check for network and controller parts,Service Coordinator,2026-12-31,None
G-107,NIST SP 800-53 Rev. 5 (Release 5.2.0) Moderate baseline,PE-17,Alternate Work Site,"Base control, Moderate baseline (SP 800-53B)",Yes: county exhibit for SYS-01 to SYS-03 and their administrator accounts; benchmark for the rest of the platform,None,PE-17,Official: NIST lists no CSF 2.0 informative reference for this control,Staff work from home occasionally and from vans in the field. No alternate work site rules,Interview,Partially met,No rules for home and field work,Low,Home and field rules in POL-02 Part C,Office and Compliance Manager,2026-10-31,None
G-108,NIST SP 800-53 Rev. 5 (Release 5.2.0) Moderate baseline,PL-1,Policy and Procedures,"Base control, Moderate baseline (SP 800-53B)",Yes: county exhibit for SYS-01 to SYS-03 and their administrator accounts; benchmark for the rest of the platform,GV.OC-03; GV.OV-01; GV.PO-01; GV.PO-02; GV.SC-03; ID.IM-01; ID.IM-02; ID.IM-03,PL-1,Official: NIST CSF 2.0 informative references to SP 800-53 Rev. 5.2.0 (00_universal-framework/crosswalks/csf2_to_sp800-53r5.csv),"POL-02, POL-03, and POL-04 approved 2026-08-31 (P06). Before that, no policies",P06 policies,Partially met,Procedures pending,Low,Procedures listed in each -1 control,Office and Compliance Manager,2026-12-31,None
G-109,NIST SP 800-53 Rev. 5 (Release 5.2.0) Moderate baseline,PL-2,System Security and Privacy Plans,"Base control, Moderate baseline (SP 800-53B)",Yes: county exhibit for SYS-01 to SYS-03 and their administrator accounts; benchmark for the rest of the platform,ID.AM-03; ID.AM-08; ID.IM-01; ID.IM-02; ID.IM-03; ID.IM-04,PL-2,Official: NIST CSF 2.0 informative references to SP 800-53 Rev. 5.2.0 (00_universal-framework/crosswalks/csf2_to_sp800-53r5.csv),"This SSP (P02), approved 2026-08-31",P02 SSP,Met,None,Very Low,None,Office and Compliance Manager,,None
G-110,NIST SP 800-53 Rev. 5 (Release 5.2.0) Moderate baseline,PL-4 with (1),Rules of Behavior (with 1 Moderate enhancement),"Base control, Moderate baseline (SP 800-53B)",Yes: county exhibit for SYS-01 to SYS-03 and their administrator accounts; benchmark for the rest of the platform,None,PL-4,Official: NIST lists no CSF 2.0 informative reference for this control,Workforce use rules are in POL-02 Part C (approved 2026-08-31). Enhancement (1) social media rule included. Signed acknowledgments not yet collected,POL-02,Partially met,No signed acknowledgments,Low,Collect signed acknowledgments from all 7 staff,Office and Compliance Manager,2026-09-30,None
G-111,NIST SP 800-53 Rev. 5 (Release 5.2.0) Moderate baseline,PL-8,Security and Privacy Architectures,"Base control, Moderate baseline (SP 800-53B)",Yes: county exhibit for SYS-01 to SYS-03 and their administrator accounts; benchmark for the rest of the platform,ID.AM-03,PL-8,Official: NIST CSF 2.0 informative references to SP 800-53 Rev. 5.2.0 (00_universal-framework/crosswalks/csf2_to_sp800-53r5.csv),The architecture is described in P04 (2026-07-24). No design principles for the gateways and remote access,P04 cloud architecture,Partially met,Architecture principles not set,Low,Gateway and remote access design note (CM-2),Lead Controls Technician,2026-12-31,None
G-112,NIST SP 800-53 Rev. 5 (Release 5.2.0) Moderate baseline,PL-10,Baseline Selection,"Base control, Moderate baseline (SP 800-53B)",Yes: county exhibit for SYS-01 to SYS-03 and their administrator accounts; benchmark for the rest of the platform,None,PL-10,Official: NIST lists no CSF 2.0 informative reference for this control,The Moderate baseline was selected because the county exhibit requires it (SSP section 6),P02 SSP,Met,None,Very Low,None,Office and Compliance Manager,,None
G-113,NIST SP 800-53 Rev. 5 (Release 5.2.0) Moderate baseline,PL-11,Baseline Tailoring,"Base control, Moderate baseline (SP 800-53B)",Yes: county exhibit for SYS-01 to SYS-03 and their administrator accounts; benchmark for the rest of the platform,None,PL-11,Official: NIST lists no CSF 2.0 informative reference for this control,Tailoring decisions are recorded in the SSP and in this gap analysis (OT tailoring per SP 800-82 Rev. 3),P02 SSP; P03,Met,None,Very Low,None,Office and Compliance Manager,,None
G-114,NIST SP 800-53 Rev. 5 (Release 5.2.0) Moderate baseline,PS-1,Policy and Procedures,"Base control, Moderate baseline (SP 800-53B)",Yes: county exhibit for SYS-01 to SYS-03 and their administrator accounts; benchmark for the rest of the platform,GV.OC-03; GV.OV-01; GV.PO-01; GV.PO-02; GV.RR-04; GV.SC-03; ID.IM-01; ID.IM-02; ID.IM-03,PS-1,Official: NIST CSF 2.0 informative references to SP 800-53 Rev. 5.2.0 (00_universal-framework/crosswalks/csf2_to_sp800-53r5.csv),"POL-02 approved 2026-08-31 (effective 2026-09-01) covers screening, termination, and sanctions. No written procedure yet (onboarding and termination checklist)",POL-02,Partially met,Procedure for onboarding and termination checklist not written,Low,Write a one-page onboarding and termination checklist procedure,Office and Compliance Manager,2026-12-31,None
G-115,NIST SP 800-53 Rev. 5 (Release 5.2.0) Moderate baseline,PS-2,Position Risk Designation,"Base control, Moderate baseline (SP 800-53B)",Yes: county exhibit for SYS-01 to SYS-03 and their administrator accounts; benchmark for the rest of the platform,None,PS-2,Official: NIST lists no CSF 2.0 informative reference for this control,All positions are treated alike; the county and city require fingerprint checks for everyone. No written risk designation,Contracts,Partially met,No position risk designation,Very Low,Mark privileged and CUI roles on the role list,Owner,2027-03-31,None
G-116,NIST SP 800-53 Rev. 5 (Release 5.2.0) Moderate baseline,PS-3,Personnel Screening,"Base control, Moderate baseline (SP 800-53B)",Yes: county exhibit for SYS-01 to SYS-03 and their administrator accounts; benchmark for the rest of the platform,None,PS-3,Official: NIST lists no CSF 2.0 informative reference for this control,All 7 employees passed fingerprint-based background checks before assignment; the 2 PIV holders passed GSA investigations,Background check records; PIV records,Met,None,Very Low,None,Office and Compliance Manager,,None
G-117,NIST SP 800-53 Rev. 5 (Release 5.2.0) Moderate baseline,PS-4,Personnel Termination,"Base control, Moderate baseline (SP 800-53B)",Yes: county exhibit for SYS-01 to SYS-03 and their administrator accounts; benchmark for the rest of the platform,None,PS-4,Official: NIST lists no CSF 2.0 informative reference for this control,"No termination procedure. The former Security Systems Technician's SYS-01 administrator account stayed active about 3 months; the SYS-02 'oncall' password was not changed when he left. PIV cards: none returned late so far, but no step requires it (FAR 52.204-9(b))",Termination records; P07 PS-4 test,Not met,No termination checklist,High,"Same-day termination checklist covering all platforms, gateway and shared passwords, keys, PIV card return through the prime",Office and Compliance Manager,2026-09-30,None
G-118,NIST SP 800-53 Rev. 5 (Release 5.2.0) Moderate baseline,PS-5,Personnel Transfer,"Base control, Moderate baseline (SP 800-53B)",Yes: county exhibit for SYS-01 to SYS-03 and their administrator accounts; benchmark for the rest of the platform,None,PS-5,Official: NIST lists no CSF 2.0 informative reference for this control,No transfer procedure (access is not reviewed when a technician changes contracts),Interview,Not met,None,Low,Transfer step on the checklist,Office and Compliance Manager,2026-12-31,None
G-119,NIST SP 800-53 Rev. 5 (Release 5.2.0) Moderate baseline,PS-6,Access Agreements,"Base control, Moderate baseline (SP 800-53B)",Yes: county exhibit for SYS-01 to SYS-03 and their administrator accounts; benchmark for the rest of the platform,None,PS-6,Official: NIST lists no CSF 2.0 informative reference for this control,Staff sign a confidentiality clause at hire. No access agreement for customer data or CUI,Personnel files,Partially met,No access agreement,Low,POL-02 acknowledgment doubles as the access agreement,Office and Compliance Manager,2026-09-30,None
G-120,NIST SP 800-53 Rev. 5 (Release 5.2.0) Moderate baseline,PS-7,External Personnel Security,"Base control, Moderate baseline (SP 800-53B)",Yes: county exhibit for SYS-01 to SYS-03 and their administrator accounts; benchmark for the rest of the platform,DE.CM-06; GV.RR-04,PS-7,Official: NIST CSF 2.0 informative references to SP 800-53 Rev. 5.2.0 (00_universal-framework/crosswalks/csf2_to_sp800-53r5.csv),"The mechanical subcontractor and the MSP sign confidentiality terms. No security requirements, background check confirmation, or incident notice terms",Subcontract; MSP contract,Partially met,No external personnel security terms,Moderate,Security addendum for the MSP and the subcontractor,Owner,2026-12-31,None
G-121,NIST SP 800-53 Rev. 5 (Release 5.2.0) Moderate baseline,PS-8,Personnel Sanctions,"Base control, Moderate baseline (SP 800-53B)",Yes: county exhibit for SYS-01 to SYS-03 and their administrator accounts; benchmark for the rest of the platform,None,PS-8,Official: NIST lists no CSF 2.0 informative reference for this control,Sanctions rule in POL-02 A.4 (approved 2026-08-31); none applied yet,POL-02,Partially met,New; untested,Very Low,Apply and record when needed,Owner,2026-12-31,None
G-122,NIST SP 800-53 Rev. 5 (Release 5.2.0) Moderate baseline,PS-9,Position Descriptions,"Base control, Moderate baseline (SP 800-53B)",Yes: county exhibit for SYS-01 to SYS-03 and their administrator accounts; benchmark for the rest of the platform,GV.RR-04,PS-9,Official: NIST CSF 2.0 informative references to SP 800-53 Rev. 5.2.0 (00_universal-framework/crosswalks/csf2_to_sp800-53r5.csv),Job descriptions exist but do not name security duties,Job descriptions,Partially met,Security duties not in descriptions,Very Low,Add security duties to the 4 privileged roles,Owner,2027-03-31,None
G-123,NIST SP 800-53 Rev. 5 (Release 5.2.0) Moderate baseline,RA-1,Policy and Procedures,"Base control, Moderate baseline (SP 800-53B)",Yes: county exhibit for SYS-01 to SYS-03 and their administrator accounts; benchmark for the rest of the platform,GV.OC-03; GV.OV-01; GV.PO-01; GV.PO-02; GV.SC-03; ID.IM-01; ID.IM-02; ID.IM-03,RA-1,Official: NIST CSF 2.0 informative references to SP 800-53 Rev. 5.2.0 (00_universal-framework/crosswalks/csf2_to_sp800-53r5.csv),POL-02 approved 2026-08-31 (effective 2026-09-01) covers annual risk assessment (Part A). No written procedure yet (risk assessment steps),POL-02,Partially met,Procedure for risk assessment steps not written,Low,Write a one-page risk assessment steps procedure,Office and Compliance Manager,2026-12-31,None
G-124,NIST SP 800-53 Rev. 5 (Release 5.2.0) Moderate baseline,RA-2,Security Categorization,"Base control, Moderate baseline (SP 800-53B)",Yes: county exhibit for SYS-01 to SYS-03 and their administrator accounts; benchmark for the rest of the platform,ID.AM-05; ID.RA-04; ID.RA-05,RA-2,Official: NIST CSF 2.0 informative references to SP 800-53 Rev. 5.2.0 (00_universal-framework/crosswalks/csf2_to_sp800-53r5.csv),Categorized Moderate (FIPS 199) in the SSP section 6,P02 SSP,Met,None,Very Low,None,Office and Compliance Manager,,None
G-125,NIST SP 800-53 Rev. 5 (Release 5.2.0) Moderate baseline,RA-3 with (1),Risk Assessment (with 1 Moderate enhancement),"Base control, Moderate baseline (SP 800-53B)",Yes: county exhibit for SYS-01 to SYS-03 and their administrator accounts; benchmark for the rest of the platform,DE.AE-07; GV.RM-06; GV.RM-07; GV.SC-03; GV.SC-09; GV.SC-10; ID.AM-05; ID.IM-01; ID.IM-02; ID.IM-03; ID.RA-01; ID.RA-03; ID.RA-04; ID.RA-05; RS.AN-08,RA-3,Official: NIST CSF 2.0 informative references to SP 800-53 Rev. 5.2.0 (00_universal-framework/crosswalks/csf2_to_sp800-53r5.csv),"First risk assessment completed 2026-07-24 with SP 800-30 Rev. 1 (P01). Enhancement (1) supply chain risks included (R-008, R-010). Annual update required by POL-02 A.2",P01 risk register,Met,None,Very Low,None,Office and Compliance Manager,,None
G-126,NIST SP 800-53 Rev. 5 (Release 5.2.0) Moderate baseline,"RA-5 with (2), (5), (11)",Vulnerability Monitoring and Scanning (with 3 Moderate enhancements),"Base control, Moderate baseline (SP 800-53B)",Yes: county exhibit for SYS-01 to SYS-03 and their administrator accounts; benchmark for the rest of the platform,GV.SC-10; ID.IM-01; ID.IM-02; ID.IM-03; ID.RA-01; ID.RA-08,RA-5,Official: NIST CSF 2.0 informative references to SP 800-53 Rev. 5.2.0 (00_universal-framework/crosswalks/csf2_to_sp800-53r5.csv),"No vulnerability scanning of laptops, the office network, or the gateways. Enhancements (2), (5), (11) not implemented. For gateways and BAS networks, active scans are not appropriate without customer approval (SP 800-82 Rev. 3)",MSP confirmation,Not met,No scanning,High,MSP monthly scan of laptops and office network; quarterly gateway firmware and advisory check; passive discovery on BAS networks with customer approval,Office and Compliance Manager,2026-12-31,"NIST SP 800-82 Rev. 4 initial public draft (2026-09-21) would add building automation guidance; draft only, Rev. 3 used"
G-127,NIST SP 800-53 Rev. 5 (Release 5.2.0) Moderate baseline,RA-7,Risk Response,"Base control, Moderate baseline (SP 800-53B)",Yes: county exhibit for SYS-01 to SYS-03 and their administrator accounts; benchmark for the rest of the platform,GV.OC-05; GV.OV-01; GV.OV-02; GV.OV-03; GV.RM-01; GV.RM-03; GV.SC-03; GV.SC-09; GV.SC-10; ID.IM-01; ID.IM-02; ID.IM-03; ID.RA-05; ID.RA-06; RS.AN-08,RA-7,Official: NIST CSF 2.0 informative references to SP 800-53 Rev. 5.2.0 (00_universal-framework/crosswalks/csf2_to_sp800-53r5.csv),Treatment plans approved by the owner on 2026-08-31 (P01); not yet carried out,P01,Partially met,Treatments not yet done,Moderate,Execute P01 treatments,Owner,2026-12-31,None
G-128,NIST SP 800-53 Rev. 5 (Release 5.2.0) Moderate baseline,RA-9,Criticality Analysis,"Base control, Moderate baseline (SP 800-53B)",Yes: county exhibit for SYS-01 to SYS-03 and their administrator accounts; benchmark for the rest of the platform,GV.OC-04; GV.SC-04; GV.SC-07; ID.AM-05; ID.RA-04,RA-9,Official: NIST CSF 2.0 informative references to SP 800-53 Rev. 5.2.0 (00_universal-framework/crosswalks/csf2_to_sp800-53r5.csv),"The BIA (P05) names SYS-01, SYS-02, and SYS-03 as critical. No component-level criticality analysis",P05,Partially met,Partial,Low,Note critical components in the inventory (CM-8),Office and Compliance Manager,2027-03-31,None
G-129,NIST SP 800-53 Rev. 5 (Release 5.2.0) Moderate baseline,SA-1,Policy and Procedures,"Base control, Moderate baseline (SP 800-53B)",Yes: county exhibit for SYS-01 to SYS-03 and their administrator accounts; benchmark for the rest of the platform,GV.OC-03; GV.OV-01; GV.PO-01; GV.PO-02; GV.SC-03; ID.IM-01; ID.IM-02; ID.IM-03,SA-1,Official: NIST CSF 2.0 informative references to SP 800-53 Rev. 5.2.0 (00_universal-framework/crosswalks/csf2_to_sp800-53r5.csv),POL-02 approved 2026-08-31 (effective 2026-09-01) covers vendor and acquisition rules (Part A). No written procedure yet (vendor review steps),POL-02,Partially met,Procedure for vendor review steps not written,Low,Write a one-page vendor review steps procedure,Office and Compliance Manager,2026-12-31,None
G-130,NIST SP 800-53 Rev. 5 (Release 5.2.0) Moderate baseline,SA-2,Allocation of Resources,"Base control, Moderate baseline (SP 800-53B)",Yes: county exhibit for SYS-01 to SYS-03 and their administrator accounts; benchmark for the rest of the platform,None,SA-2,Official: NIST lists no CSF 2.0 informative reference for this control,Security spending approved for 2026 Q4 (P01 treatment summary). No yearly security budget line,P01,Partially met,No budget line,Low,Yearly budget line,Owner,2026-12-31,None
G-131,NIST SP 800-53 Rev. 5 (Release 5.2.0) Moderate baseline,SA-3,System Development Life Cycle,"Base control, Moderate baseline (SP 800-53B)",No: the company develops no software (tailored out; vendor practices reviewed under SA-9),ID.AM-08; PR.PS-06,SA-3,Official: NIST CSF 2.0 informative references to SP 800-53 Rev. 5.2.0 (00_universal-framework/crosswalks/csf2_to_sp800-53r5.csv),"The company develops no software. BAS programming of customer controllers is engineering configuration, covered under CM-3",Interview,Not applicable,None,Very Low,None,Owner,,None
G-132,NIST SP 800-53 Rev. 5 (Release 5.2.0) Moderate baseline,"SA-4 with (1), (2), (9), (10)",Acquisition Process (with 4 Moderate enhancements),"Base control, Moderate baseline (SP 800-53B)",Yes: county exhibit for SYS-01 to SYS-03 and their administrator accounts; benchmark for the rest of the platform,DE.CM-06; GV.SC-05; GV.SC-06; GV.SC-07; GV.SC-08; GV.SC-09; GV.SC-10; ID.AM-08; ID.IM-03; ID.RA-09,SA-4,Official: NIST CSF 2.0 informative references to SP 800-53 Rev. 5.2.0 (00_universal-framework/crosswalks/csf2_to_sp800-53r5.csv),"SaaS subscriptions were bought on standard terms with no security requirements. Enhancements (1), (2), (9), (10) not addressed",Vendor contracts,Partially met,No security requirements in purchases,Moderate,Security checklist for new SaaS and gateway purchases,Owner,2026-12-31,None
G-133,NIST SP 800-53 Rev. 5 (Release 5.2.0) Moderate baseline,SA-5,System Documentation,"Base control, Moderate baseline (SP 800-53B)",Yes: county exhibit for SYS-01 to SYS-03 and their administrator accounts; benchmark for the rest of the platform,ID.AM-02; ID.RA-09,SA-5,Official: NIST CSF 2.0 informative references to SP 800-53 Rev. 5.2.0 (00_universal-framework/crosswalks/csf2_to_sp800-53r5.csv),"Vendor documentation for SYS-01, SYS-02, and the gateways is online; no local copy of gateway manuals for the installed firmware",Vendor portals,Partially met,Gateway documentation not kept,Very Low,Save manuals in the engineering repository,Lead Controls Technician,2027-03-31,None
G-134,NIST SP 800-53 Rev. 5 (Release 5.2.0) Moderate baseline,SA-8,Security and Privacy Engineering Principles,"Base control, Moderate baseline (SP 800-53B)",Yes: county exhibit for SYS-01 to SYS-03 and their administrator accounts; benchmark for the rest of the platform,ID.AM-08; ID.IM-01; ID.IM-02; ID.IM-03; PR.DS-10; PR.IR-03; PR.PS-06,SA-8,Official: NIST CSF 2.0 informative references to SP 800-53 Rev. 5.2.0 (00_universal-framework/crosswalks/csf2_to_sp800-53r5.csv),Outbound-only gateway tunnels reflect a secure design choice. No written principles,P04,Partially met,Not documented,Low,Design note (PL-8),Lead Controls Technician,2026-12-31,None
G-135,NIST SP 800-53 Rev. 5 (Release 5.2.0) Moderate baseline,SA-9 with (2),External System Services (with 1 Moderate enhancement),"Base control, Moderate baseline (SP 800-53B)",Yes: county exhibit for SYS-01 to SYS-03 and their administrator accounts; benchmark for the rest of the platform,DE.CM-06; GV.OC-05; GV.SC-04; GV.SC-05; GV.SC-06; GV.SC-07; GV.SC-08; GV.SC-09; GV.SC-10; ID.AM-02; ID.AM-04,SA-9,Official: NIST CSF 2.0 informative references to SP 800-53 Rev. 5.2.0 (00_universal-framework/crosswalks/csf2_to_sp800-53r5.csv),SYS-01 vendor has a SOC 2 Type 2 report (reviewed in P09). SYS-02 vendor has no SOC report; the MSP contract has no security or incident notice terms; the face verification module was turned on with no review. Enhancement (2) (location of processing) not checked,SYS-01 SOC 2 report; MSP contract; SYS-02 terms,Partially met,No security terms or oversight for 2 key providers,High,Security questionnaire and 24-hour incident notice terms for the MSP and the SYS-02 vendor; yearly review of each provider,Office and Compliance Manager,2026-12-31,None
G-136,NIST SP 800-53 Rev. 5 (Release 5.2.0) Moderate baseline,SA-10,Developer Configuration Management,"Base control, Moderate baseline (SP 800-53B)",No: the company develops no software (tailored out; vendor practices reviewed under SA-9),ID.RA-09; PR.PS-06,SA-10,Official: NIST CSF 2.0 informative references to SP 800-53 Rev. 5.2.0 (00_universal-framework/crosswalks/csf2_to_sp800-53r5.csv),The company develops no software; developer controls apply to its vendors and are reviewed under SA-9,Interview,Not applicable,None,Very Low,None,Owner,,None
G-137,NIST SP 800-53 Rev. 5 (Release 5.2.0) Moderate baseline,SA-11,Developer Testing and Evaluation,"Base control, Moderate baseline (SP 800-53B)",No: the company develops no software (tailored out; vendor practices reviewed under SA-9),ID.IM-01; ID.IM-02; ID.IM-03; ID.RA-09; PR.PS-06,SA-11,Official: NIST CSF 2.0 informative references to SP 800-53 Rev. 5.2.0 (00_universal-framework/crosswalks/csf2_to_sp800-53r5.csv),The company develops no software; reviewed through vendors under SA-9,Interview,Not applicable,None,Very Low,None,Owner,,None
G-138,NIST SP 800-53 Rev. 5 (Release 5.2.0) Moderate baseline,SA-15 with (3),"Development Process, Standards, and Tools (with 1 Moderate enhancement)","Base control, Moderate baseline (SP 800-53B)",No: the company develops no software (tailored out; vendor practices reviewed under SA-9),ID.RA-09; PR.PS-06,SA-15,Official: NIST CSF 2.0 informative references to SP 800-53 Rev. 5.2.0 (00_universal-framework/crosswalks/csf2_to_sp800-53r5.csv),The company develops no software. Enhancement (3) applies to vendors,Interview,Not applicable,None,Very Low,None,Owner,,None
G-139,NIST SP 800-53 Rev. 5 (Release 5.2.0) Moderate baseline,SA-22,Unsupported System Components,"Base control, Moderate baseline (SP 800-53B)",Yes: county exhibit for SYS-01 to SYS-03 and their administrator accounts; benchmark for the rest of the platform,ID.AM-08,SA-22,Official: NIST CSF 2.0 informative references to SP 800-53 Rev. 5.2.0 (00_universal-framework/crosswalks/csf2_to_sp800-53r5.csv),5 of 7 gateways run firmware 2 releases behind but still supported. One city building uses a BAS tool on the city's own workstation (outside the boundary),Gateway firmware list,Partially met,Firmware behind; no end-of-support tracking,Moderate,Track end-of-support dates in the inventory (CM-8),Lead Controls Technician,2026-12-31,None
G-140,NIST SP 800-53 Rev. 5 (Release 5.2.0) Moderate baseline,SC-1,Policy and Procedures,"Base control, Moderate baseline (SP 800-53B)",Yes: county exhibit for SYS-01 to SYS-03 and their administrator accounts; benchmark for the rest of the platform,GV.OC-03; GV.OV-01; GV.PO-01; GV.PO-02; GV.SC-03; ID.IM-01; ID.IM-02; ID.IM-03,SC-1,Official: NIST CSF 2.0 informative references to SP 800-53 Rev. 5.2.0 (00_universal-framework/crosswalks/csf2_to_sp800-53r5.csv),POL-04 approved 2026-08-31 (effective 2026-09-01) covers encryption and network protection. No written procedure yet (network and encryption settings),POL-04,Partially met,Procedure for network and encryption settings not written,Low,Write a one-page network and encryption settings procedure,Office and Compliance Manager,2026-12-31,None
G-141,NIST SP 800-53 Rev. 5 (Release 5.2.0) Moderate baseline,SC-2,Separation of System and User Functionality,"Base control, Moderate baseline (SP 800-53B)",Yes: county exhibit for SYS-01 to SYS-03 and their administrator accounts; benchmark for the rest of the platform,None,SC-2,Official: NIST lists no CSF 2.0 informative reference for this control,Administrator and operator functions are separated by role in SYS-01 and SYS-02,Platform role lists,Met,None,Very Low,None,Security Systems Technician,,None
G-142,NIST SP 800-53 Rev. 5 (Release 5.2.0) Moderate baseline,SC-4,Information in Shared System Resources,"Base control, Moderate baseline (SP 800-53B)",Yes: county exhibit for SYS-01 to SYS-03 and their administrator accounts; benchmark for the rest of the platform,PR.DS-01; PR.DS-02; PR.DS-10; PR.IR-01,SC-4,Official: NIST CSF 2.0 informative references to SP 800-53 Rev. 5.2.0 (00_universal-framework/crosswalks/csf2_to_sp800-53r5.csv),Shared resources are isolated by the SaaS vendors (SYS-01 SOC 2),SYS-01 SOC 2 report,Met,None,Very Low,None,Office and Compliance Manager,,None
G-143,NIST SP 800-53 Rev. 5 (Release 5.2.0) Moderate baseline,SC-5,Denial-of-service Protection,"Base control, Moderate baseline (SP 800-53B)",Yes: county exhibit for SYS-01 to SYS-03 and their administrator accounts; benchmark for the rest of the platform,DE.CM-01; PR.IR-01,SC-5,Official: NIST CSF 2.0 informative references to SP 800-53 Rev. 5.2.0 (00_universal-framework/crosswalks/csf2_to_sp800-53r5.csv),Denial-of-service protection by the SaaS vendors; office firewall filtering by the MSP,Vendor documentation,Met,None,Very Low,None,Office and Compliance Manager,,None
G-144,NIST SP 800-53 Rev. 5 (Release 5.2.0) Moderate baseline,"SC-7 with (3), (4), (5), (7), (8)",Boundary Protection (with 5 Moderate enhancements),"Base control, Moderate baseline (SP 800-53B)",Yes: county exhibit for SYS-01 to SYS-03 and their administrator accounts; benchmark for the rest of the platform,DE.CM-01; PR.DS-01; PR.DS-02; PR.DS-10; PR.IR-01,SC-7,Official: NIST CSF 2.0 informative references to SP 800-53 Rev. 5.2.0 (00_universal-framework/crosswalks/csf2_to_sp800-53r5.csv),"Office firewall blocks unsolicited inbound traffic (MSP). Gateways use outbound-only tunnels. Gaps: the technician VPN gives full reach into each BAS network; at the 2 county libraries the BAS shares the library's general building network (customer design). Enhancements (3), (4), (5), (7), (8) partly met",Firewall export; gateway configuration; walkthrough 2026-07-15,Partially met,Flat BAS networks at 2 sites; broad VPN reach,Moderate,Restrict VPN flows (AC-4); recommend a BAS VLAN to the county,Lead Controls Technician,2026-12-31,"NIST SP 800-82 Rev. 4 initial public draft (2026-09-21) would add building automation guidance; draft only, Rev. 3 used"
G-145,NIST SP 800-53 Rev. 5 (Release 5.2.0) Moderate baseline,SC-8 with (1),Transmission Confidentiality and Integrity (with 1 Moderate enhancement),"Base control, Moderate baseline (SP 800-53B)",Yes: county exhibit for SYS-01 to SYS-03 and their administrator accounts; benchmark for the rest of the platform,PR.DS-02,SC-8,Official: NIST CSF 2.0 informative references to SP 800-53 Rev. 5.2.0 (00_universal-framework/crosswalks/csf2_to_sp800-53r5.csv),"SaaS traffic uses TLS; gateway tunnels are encrypted. Gaps: BACnet traffic inside customer networks is unencrypted (protocol limit, compensated by segmentation, SP 800-82 Rev. 3); CUI drawings were shared by unencrypted link. Enhancement (1) met for SaaS",Vendor documentation; sharing report,Partially met,CUI transfer not protected,Moderate,Named-recipient encrypted sharing for CUI (POL-04),Office and Compliance Manager,2026-10-31,None
G-146,NIST SP 800-53 Rev. 5 (Release 5.2.0) Moderate baseline,SC-10,Network Disconnect,"Base control, Moderate baseline (SP 800-53B)",Yes: county exhibit for SYS-01 to SYS-03 and their administrator accounts; benchmark for the rest of the platform,None,SC-10,Official: NIST lists no CSF 2.0 informative reference for this control,Sessions end after the platform limits; gateway VPN sessions time out after 60 minutes idle,Platform and gateway settings,Met,None,Very Low,None,Office and Compliance Manager,,None
G-147,NIST SP 800-53 Rev. 5 (Release 5.2.0) Moderate baseline,SC-12,Cryptographic Key Establishment and Management,"Base control, Moderate baseline (SP 800-53B)",Yes: county exhibit for SYS-01 to SYS-03 and their administrator accounts; benchmark for the rest of the platform,PR.DS-01; PR.DS-02,SC-12,Official: NIST CSF 2.0 informative references to SP 800-53 Rev. 5.2.0 (00_universal-framework/crosswalks/csf2_to_sp800-53r5.csv),Key management by the SaaS vendors; gateway certificates issued by the SYS-02 vendor,Vendor documentation,Met,None,Very Low,None,Office and Compliance Manager,,None
G-148,NIST SP 800-53 Rev. 5 (Release 5.2.0) Moderate baseline,SC-13,Cryptographic Protection,"Base control, Moderate baseline (SP 800-53B)",Yes: county exhibit for SYS-01 to SYS-03 and their administrator accounts; benchmark for the rest of the platform,PR.DS-01; PR.DS-02; PR.DS-10,SC-13,Official: NIST CSF 2.0 informative references to SP 800-53 Rev. 5.2.0 (00_universal-framework/crosswalks/csf2_to_sp800-53r5.csv),Encryption by the vendors and the laptops' built-in full-disk encryption,Vendor documentation; MSP encryption report,Met,None,Very Low,None,Office and Compliance Manager,,None
G-149,NIST SP 800-53 Rev. 5 (Release 5.2.0) Moderate baseline,SC-15,Collaborative Computing Devices and Applications,"Base control, Moderate baseline (SP 800-53B)",Yes: county exhibit for SYS-01 to SYS-03 and their administrator accounts; benchmark for the rest of the platform,None,SC-15,Official: NIST lists no CSF 2.0 informative reference for this control,Video meetings are started by users; office devices have no always-on cameras or microphones,Interview,Met,None,Very Low,None,Office and Compliance Manager,,None
G-150,NIST SP 800-53 Rev. 5 (Release 5.2.0) Moderate baseline,SC-17,Public Key Infrastructure Certificates,"Base control, Moderate baseline (SP 800-53B)",Yes: county exhibit for SYS-01 to SYS-03 and their administrator accounts; benchmark for the rest of the platform,None,SC-17,Official: NIST lists no CSF 2.0 informative reference for this control,Public certificates are managed by the vendors,Vendor documentation,Met,None,Very Low,None,Office and Compliance Manager,,None
G-151,NIST SP 800-53 Rev. 5 (Release 5.2.0) Moderate baseline,SC-18,Mobile Code,"Base control, Moderate baseline (SP 800-53B)",Yes: county exhibit for SYS-01 to SYS-03 and their administrator accounts; benchmark for the rest of the platform,None,SC-18,Official: NIST lists no CSF 2.0 informative reference for this control,Browser and office macro settings managed by the MSP,MSP settings report,Met,None,Very Low,None,Office and Compliance Manager,,None
G-152,NIST SP 800-53 Rev. 5 (Release 5.2.0) Moderate baseline,SC-20,Secure Name/Address Resolution Service (Authoritative Source),"Base control, Moderate baseline (SP 800-53B)",Yes: county exhibit for SYS-01 to SYS-03 and their administrator accounts; benchmark for the rest of the platform,None,SC-20,Official: NIST lists no CSF 2.0 informative reference for this control,The company domain uses the registrar's signed DNS service,Registrar settings,Met,None,Very Low,None,Office and Compliance Manager,,None
G-153,NIST SP 800-53 Rev. 5 (Release 5.2.0) Moderate baseline,SC-21,Secure Name/Address Resolution Service (Recursive or Caching Resolver),"Base control, Moderate baseline (SP 800-53B)",Yes: county exhibit for SYS-01 to SYS-03 and their administrator accounts; benchmark for the rest of the platform,None,SC-21,Official: NIST lists no CSF 2.0 informative reference for this control,Office resolvers are provided by the MSP-managed firewall with validation,Firewall settings,Met,None,Very Low,None,Office and Compliance Manager,,None
G-154,NIST SP 800-53 Rev. 5 (Release 5.2.0) Moderate baseline,SC-22,Architecture and Provisioning for Name/Address Resolution Service,"Base control, Moderate baseline (SP 800-53B)",Yes: county exhibit for SYS-01 to SYS-03 and their administrator accounts; benchmark for the rest of the platform,None,SC-22,Official: NIST lists no CSF 2.0 informative reference for this control,Redundant name servers by the registrar,Registrar settings,Met,None,Very Low,None,Office and Compliance Manager,,None
G-155,NIST SP 800-53 Rev. 5 (Release 5.2.0) Moderate baseline,SC-23,Session Authenticity,"Base control, Moderate baseline (SP 800-53B)",Yes: county exhibit for SYS-01 to SYS-03 and their administrator accounts; benchmark for the rest of the platform,None,SC-23,Official: NIST lists no CSF 2.0 informative reference for this control,"Session authenticity is protected by the SaaS platforms (TLS, session tokens)",Vendor documentation,Met,None,Very Low,None,Office and Compliance Manager,,None
G-156,NIST SP 800-53 Rev. 5 (Release 5.2.0) Moderate baseline,SC-28 with (1),Protection of Information at Rest (with 1 Moderate enhancement),"Base control, Moderate baseline (SP 800-53B)",Yes: county exhibit for SYS-01 to SYS-03 and their administrator accounts; benchmark for the rest of the platform,PR.DS-01,SC-28,Official: NIST CSF 2.0 informative references to SP 800-53 Rev. 5.2.0 (00_universal-framework/crosswalks/csf2_to_sp800-53r5.csv),Laptops are encrypted (MSP report); SaaS data is encrypted by the vendors. Gaps: rugged tablets rely on default device encryption not verified; USB drives with controller programs are not encrypted. Enhancement (1) partly met,MSP encryption report; device management report,Partially met,USB drives and tablets not confirmed,Moderate,Encrypted USB drives; confirm tablet encryption,Office and Compliance Manager,2026-11-30,None
G-157,NIST SP 800-53 Rev. 5 (Release 5.2.0) Moderate baseline,SC-39,Process Isolation,"Base control, Moderate baseline (SP 800-53B)",Yes: county exhibit for SYS-01 to SYS-03 and their administrator accounts; benchmark for the rest of the platform,PR.DS-01; PR.DS-10; PR.IR-03,SC-39,Official: NIST CSF 2.0 informative references to SP 800-53 Rev. 5.2.0 (00_universal-framework/crosswalks/csf2_to_sp800-53r5.csv),Process isolation by the operating systems and platforms,Vendor documentation,Met,None,Very Low,None,Office and Compliance Manager,,None
G-158,NIST SP 800-53 Rev. 5 (Release 5.2.0) Moderate baseline,SI-1,Policy and Procedures,"Base control, Moderate baseline (SP 800-53B)",Yes: county exhibit for SYS-01 to SYS-03 and their administrator accounts; benchmark for the rest of the platform,GV.OC-03; GV.OV-01; GV.PO-01; GV.PO-02; GV.SC-03; ID.IM-01; ID.IM-02; ID.IM-03,SI-1,Official: NIST CSF 2.0 informative references to SP 800-53 Rev. 5.2.0 (00_universal-framework/crosswalks/csf2_to_sp800-53r5.csv),"POL-04 approved 2026-08-31 (effective 2026-09-01) covers patching, malware protection, and monitoring. No written procedure yet (patch and firmware steps)",POL-04,Partially met,Procedure for patch and firmware steps not written,Low,Write a one-page patch and firmware steps procedure,Office and Compliance Manager,2026-12-31,None
G-159,NIST SP 800-53 Rev. 5 (Release 5.2.0) Moderate baseline,SI-2 with (2),Flaw Remediation (with 1 Moderate enhancement),"Base control, Moderate baseline (SP 800-53B)",Yes: county exhibit for SYS-01 to SYS-03 and their administrator accounts; benchmark for the rest of the platform,ID.IM-01; ID.IM-02; ID.IM-03; PR.PS-02,SI-2,Official: NIST CSF 2.0 informative references to SP 800-53 Rev. 5.2.0 (00_universal-framework/crosswalks/csf2_to_sp800-53r5.csv),The MSP patches laptops monthly. Gaps: no one patches gateway firmware (5 of 7 are 2 releases behind); no time limits for critical updates; enhancement (2) not implemented,MSP patch report (July 2026); gateway firmware list; P07 SI-2 test,Partially met,Gateway firmware not maintained,High,Quarterly gateway firmware review and update in approved windows; 14-day limit for critical laptop updates in the MSP contract,Lead Controls Technician,2026-11-30,"NIST SP 800-82 Rev. 4 initial public draft (2026-09-21) would add building automation guidance; draft only, Rev. 3 used"
G-160,NIST SP 800-53 Rev. 5 (Release 5.2.0) Moderate baseline,SI-3,Malicious Code Protection,"Base control, Moderate baseline (SP 800-53B)",Yes: county exhibit for SYS-01 to SYS-03 and their administrator accounts; benchmark for the rest of the platform,PR.DS-01; PR.DS-02; PR.DS-10,SI-3,Official: NIST CSF 2.0 informative references to SP 800-53 Rev. 5.2.0 (00_universal-framework/crosswalks/csf2_to_sp800-53r5.csv),MSP-managed antivirus on all laptops; suite email filtering. Gateways run vendor firmware with no malware agent (OT tailoring; compensated by SC-7),MSP antivirus export,Met,None,Very Low,None,Office and Compliance Manager,,None
G-161,NIST SP 800-53 Rev. 5 (Release 5.2.0) Moderate baseline,"SI-4 with (2), (4), (5)",System Monitoring (with 3 Moderate enhancements),"Base control, Moderate baseline (SP 800-53B)",Yes: county exhibit for SYS-01 to SYS-03 and their administrator accounts; benchmark for the rest of the platform,DE.AE-02; DE.AE-03; DE.CM-01; DE.CM-06; DE.CM-09; ID.IM-01; ID.IM-02; ID.IM-03; ID.RA-01; PR.DS-01; PR.DS-02; PR.DS-10,SI-4,Official: NIST CSF 2.0 informative references to SP 800-53 Rev. 5.2.0 (00_universal-framework/crosswalks/csf2_to_sp800-53r5.csv),"No monitoring of SYS-01 administrator actions, SYS-02 writes, gateway traffic, or suite sign-ins; the MSP monitors antivirus alerts in business hours only. Enhancements (2), (4), (5) not implemented",MSP contract; interviews,Not met,No security monitoring,High,"Alerts for new SYS-01 administrators, SYS-02 writes outside work orders, and risky suite sign-ins, sent to the Office and Compliance Manager and the owner",Office and Compliance Manager,2027-01-31,"NIST SP 800-82 Rev. 4 initial public draft (2026-09-21) would add building automation guidance; draft only, Rev. 3 used"
G-162,NIST SP 800-53 Rev. 5 (Release 5.2.0) Moderate baseline,SI-5,"Security Alerts, Advisories, and Directives","Base control, Moderate baseline (SP 800-53B)",Yes: county exhibit for SYS-01 to SYS-03 and their administrator accounts; benchmark for the rest of the platform,ID.RA-01; ID.RA-02; ID.RA-03,SI-5,Official: NIST CSF 2.0 informative references to SP 800-53 Rev. 5.2.0 (00_universal-framework/crosswalks/csf2_to_sp800-53r5.csv),"No one follows advisories for the gateways, SYS-01 readers, or BAS controllers",Interview,Not met,No advisory monitoring,Moderate,Subscribe to CISA ICS advisories and vendor notices; check monthly,Lead Controls Technician,2026-10-31,None
G-163,NIST SP 800-53 Rev. 5 (Release 5.2.0) Moderate baseline,"SI-7 with (1), (7)","Software, Firmware, and Information Integrity (with 2 Moderate enhancements)","Base control, Moderate baseline (SP 800-53B)",Yes: county exhibit for SYS-01 to SYS-03 and their administrator accounts; benchmark for the rest of the platform,DE.CM-09; ID.RA-09; PR.DS-01; PR.DS-02; PR.DS-10; PR.PS-02,SI-7,Official: NIST CSF 2.0 informative references to SP 800-53 Rev. 5.2.0 (00_universal-framework/crosswalks/csf2_to_sp800-53r5.csv),"Vendors sign platform updates. Gateway firmware is checked against the vendor's published hash only when installed by hand. Controller programs have no integrity check. Enhancements (1), (7) not implemented",Interview,Partially met,No integrity checks on programs,Low,Keep hashes of controller programs in the repository (CP-9),Lead Controls Technician,2027-03-31,None
G-164,NIST SP 800-53 Rev. 5 (Release 5.2.0) Moderate baseline,SI-8 with (2),Spam Protection (with 1 Moderate enhancement),"Base control, Moderate baseline (SP 800-53B)",Yes: county exhibit for SYS-01 to SYS-03 and their administrator accounts; benchmark for the rest of the platform,None,SI-8,Official: NIST lists no CSF 2.0 informative reference for this control,Suite spam filtering with automatic updates (enhancement (2)),Suite settings,Met,None,Very Low,None,Office and Compliance Manager,,None
G-165,NIST SP 800-53 Rev. 5 (Release 5.2.0) Moderate baseline,SI-10,Information Input Validation,"Base control, Moderate baseline (SP 800-53B)",Yes: county exhibit for SYS-01 to SYS-03 and their administrator accounts; benchmark for the rest of the platform,PR.DS-10,SI-10,Official: NIST CSF 2.0 informative references to SP 800-53 Rev. 5.2.0 (00_universal-framework/crosswalks/csf2_to_sp800-53r5.csv),Input validation inside the SaaS platforms (vendor responsibility),SYS-01 SOC 2 report,Met,None,Very Low,None,Office and Compliance Manager,,None
G-166,NIST SP 800-53 Rev. 5 (Release 5.2.0) Moderate baseline,SI-11,Error Handling,"Base control, Moderate baseline (SP 800-53B)",Yes: county exhibit for SYS-01 to SYS-03 and their administrator accounts; benchmark for the rest of the platform,None,SI-11,Official: NIST lists no CSF 2.0 informative reference for this control,Error handling inside the SaaS platforms,Vendor documentation,Met,None,Very Low,None,Office and Compliance Manager,,None
G-167,NIST SP 800-53 Rev. 5 (Release 5.2.0) Moderate baseline,SI-12,Information Management and Retention,"Base control, Moderate baseline (SP 800-53B)",Yes: county exhibit for SYS-01 to SYS-03 and their administrator accounts; benchmark for the rest of the platform,ID.AM-07; ID.AM-08,SI-12,Official: NIST CSF 2.0 informative references to SP 800-53 Rev. 5.2.0 (00_universal-framework/crosswalks/csf2_to_sp800-53r5.csv),"Customer records are kept as long as the contracts run. No written retention and no procedure to return or destroy county data within 30 days after contract end, or to answer public records requests routed by a customer (Fla. Stat. 119.0701(2)(b))",Contracts,Partially met,No retention or records procedure,Moderate,Retention and public records procedure (POL-02 A.8),Office and Compliance Manager,2026-12-31,None
G-168,NIST SP 800-53 Rev. 5 (Release 5.2.0) Moderate baseline,SI-16,Memory Protection,"Base control, Moderate baseline (SP 800-53B)",Yes: county exhibit for SYS-01 to SYS-03 and their administrator accounts; benchmark for the rest of the platform,PR.DS-10,SI-16,Official: NIST CSF 2.0 informative references to SP 800-53 Rev. 5.2.0 (00_universal-framework/crosswalks/csf2_to_sp800-53r5.csv),Memory protection by the platforms and laptop operating systems,Vendor documentation,Met,None,Very Low,None,Office and Compliance Manager,,None
G-169,NIST SP 800-53 Rev. 5 (Release 5.2.0) Moderate baseline,SR-1,Policy and Procedures,"Base control, Moderate baseline (SP 800-53B)",Yes: county exhibit for SYS-01 to SYS-03 and their administrator accounts; benchmark for the rest of the platform,GV.OC-03; GV.OV-01; GV.PO-01; GV.PO-02; GV.SC-03; ID.IM-01; ID.IM-02; ID.IM-03,SR-1,Official: NIST CSF 2.0 informative references to SP 800-53 Rev. 5.2.0 (00_universal-framework/crosswalks/csf2_to_sp800-53r5.csv),POL-02 approved 2026-08-31 (effective 2026-09-01) covers federal parts screening and vendor review (Part A). No written procedure yet (supply chain steps),POL-02,Partially met,Procedure for supply chain steps not written,Moderate,Write a one-page supply chain steps procedure,Office and Compliance Manager,2026-12-31,None
G-170,NIST SP 800-53 Rev. 5 (Release 5.2.0) Moderate baseline,SR-2 with (1),Supply Chain Risk Management Plan (with 1 Moderate enhancement),"Base control, Moderate baseline (SP 800-53B)",Yes: county exhibit for SYS-01 to SYS-03 and their administrator accounts; benchmark for the rest of the platform,GV.RM-01; GV.RM-03; GV.RM-04; GV.SC-01; GV.SC-02; GV.SC-03; GV.SC-08; GV.SC-09; GV.SC-10; ID.AM-04; ID.IM-04,SR-2,Official: NIST CSF 2.0 informative references to SP 800-53 Rev. 5.2.0 (00_universal-framework/crosswalks/csf2_to_sp800-53r5.csv),No supply chain risk management plan. Enhancement (1) (team) not implemented,Interview,Not met,No plan,Moderate,"One-page plan: approved suppliers, screening, SAM checks, vendor reviews",Office and Compliance Manager,2026-12-31,None
G-171,NIST SP 800-53 Rev. 5 (Release 5.2.0) Moderate baseline,SR-3,Supply Chain Controls and Processes,"Base control, Moderate baseline (SP 800-53B)",Yes: county exhibit for SYS-01 to SYS-03 and their administrator accounts; benchmark for the rest of the platform,GV.OC-02; GV.SC-01; GV.SC-02; GV.SC-03; GV.SC-05; GV.SC-07; GV.SC-08; GV.SC-09; GV.SC-10; RS.CO-02; RS.CO-03; RS.MA-01,SR-3,Official: NIST CSF 2.0 informative references to SP 800-53 Rev. 5.2.0 (00_universal-framework/crosswalks/csf2_to_sp800-53r5.csv),"Parts are bought from 2 controls distributors and an online marketplace for small items. No screening of parts supplied under CT-F against FAR 52.204-23 and 52.204-25, and no search of SAM.gov for FASCSA orders (52.204-30(b)(2))",Purchase records 2026; P07 SR-3 test,Not met,No supply chain controls,High,Screening checklist before any CT-F purchase; SAM FASCSA search before each order and at least quarterly; approved supplier list,Office and Compliance Manager,2026-10-31,None
G-172,NIST SP 800-53 Rev. 5 (Release 5.2.0) Moderate baseline,SR-5,"Acquisition Strategies, Tools, and Methods","Base control, Moderate baseline (SP 800-53B)",Yes: county exhibit for SYS-01 to SYS-03 and their administrator accounts; benchmark for the rest of the platform,GV.OC-02; GV.OC-05; GV.SC-02; GV.SC-05; GV.SC-06; GV.SC-09; GV.SC-10; ID.AM-08; ID.IM-01; ID.IM-02; ID.IM-03; ID.RA-09,SR-5,Official: NIST CSF 2.0 informative references to SP 800-53 Rev. 5.2.0 (00_universal-framework/crosswalks/csf2_to_sp800-53r5.csv),Purchases are made on price and availability. No approved supplier list,Purchase records,Not met,No acquisition strategy,Moderate,Approved supplier list (SR-3),Service Coordinator,2026-10-31,None
G-173,NIST SP 800-53 Rev. 5 (Release 5.2.0) Moderate baseline,SR-6,Supplier Assessments and Reviews,"Base control, Moderate baseline (SP 800-53B)",Yes: county exhibit for SYS-01 to SYS-03 and their administrator accounts; benchmark for the rest of the platform,GV.OC-02; GV.OV-01; GV.OV-02; GV.OV-03; GV.SC-04; GV.SC-05; GV.SC-06; GV.SC-07; GV.SC-09; GV.SC-10; ID.RA-09; ID.RA-10,SR-6,Official: NIST CSF 2.0 informative references to SP 800-53 Rev. 5.2.0 (00_universal-framework/crosswalks/csf2_to_sp800-53r5.csv),"No supplier assessments, except the SYS-01 SOC 2 report review",Interview,Not met,No supplier reviews,Moderate,"Yearly review of the MSP, SYS-01 and SYS-02 vendors, and distributors (SA-9)",Office and Compliance Manager,2026-12-31,None
G-174,NIST SP 800-53 Rev. 5 (Release 5.2.0) Moderate baseline,SR-8,Notification Agreements,"Base control, Moderate baseline (SP 800-53B)",Yes: county exhibit for SYS-01 to SYS-03 and their administrator accounts; benchmark for the rest of the platform,GV.OC-02; GV.SC-08; RC.CO-03; RS.CO-02; RS.CO-03; RS.MA-01,SR-8,Official: NIST CSF 2.0 informative references to SP 800-53 Rev. 5.2.0 (00_universal-framework/crosswalks/csf2_to_sp800-53r5.csv),No supplier or provider is required to tell the company about a compromise,Contracts,Not met,No notification agreements,Moderate,24-hour notice terms at renewal (SA-9),Owner,2026-12-31,None
G-175,NIST SP 800-53 Rev. 5 (Release 5.2.0) Moderate baseline,SR-10,Inspection of Systems or Components,"Base control, Moderate baseline (SP 800-53B)",Yes: county exhibit for SYS-01 to SYS-03 and their administrator accounts; benchmark for the rest of the platform,GV.SC-05; ID.RA-09,SR-10,Official: NIST CSF 2.0 informative references to SP 800-53 Rev. 5.2.0 (00_universal-framework/crosswalks/csf2_to_sp800-53r5.csv),No inspection of delivered network parts or gateways,Interview,Not met,No inspection,Low,Receiving check (PE-16),Service Coordinator,2026-12-31,None
G-176,NIST SP 800-53 Rev. 5 (Release 5.2.0) Moderate baseline,"SR-11 with (1), (2)",Component Authenticity (with 2 Moderate enhancements),"Base control, Moderate baseline (SP 800-53B)",Yes: county exhibit for SYS-01 to SYS-03 and their administrator accounts; benchmark for the rest of the platform,ID.RA-09,SR-11,Official: NIST CSF 2.0 informative references to SP 800-53 Rev. 5.2.0 (00_universal-framework/crosswalks/csf2_to_sp800-53r5.csv),"Controllers and gateways are bought from authorized distributors; small items from a marketplace. Enhancements (1), (2) not implemented",Purchase records,Partially met,Marketplace parts not verified,Moderate,"Authorized distributors only for network, controller, and camera parts",Service Coordinator,2026-10-31,None
G-177,NIST SP 800-53 Rev. 5 (Release 5.2.0) Moderate baseline,SR-12,Component Disposal,"Base control, Moderate baseline (SP 800-53B)",Yes: county exhibit for SYS-01 to SYS-03 and their administrator accounts; benchmark for the rest of the platform,ID.AM-08,SR-12,Official: NIST CSF 2.0 informative references to SP 800-53 Rev. 5.2.0 (00_universal-framework/crosswalks/csf2_to_sp800-53r5.csv),Removed customer devices are returned to the customer; company devices are wiped by the MSP. No disposal record,Interview,Partially met,No record,Low,Disposal log (MP-6),Office and Compliance Manager,2026-12-31,None
G-178,FAR 52.204-21 and related FAR clauses (CT-F flow-down),52.204-21(b)(1)(i),"Limit information system access to authorized users, processes acting on their behalf, and devices",Contract clause (mandatory),Yes: CT-F subcontract flow-down; no size exemption,PR.AA-05,AC-2; AC-3; AC-17,Author mapping (FAR text to SP 800-53 via the SP 800-171 Rev. 2 lineage of the 15 requirements),"Suite and CMMS accounts are named and created on request. A departed technician kept access to SYS-01 for about 3 months (SYS-01 holds no FCI, but the same removal process applies to the suite and CMMS)",Suite and CMMS user lists; termination records,Partially met,Removal process not reliable,Moderate,Same-day termination checklist (PS-4),Office and Compliance Manager,2026-09-30,"FAR overhaul proposed rule (FR Doc. 2026-12559, 2026-06-23) would renumber 52.204-21 as 52.240-5; proposed only"
G-179,FAR 52.204-21 and related FAR clauses (CT-F flow-down),52.204-21(b)(1)(ii),Limit access to the types of transactions and functions authorized users may execute,Contract clause (mandatory),Yes: CT-F subcontract flow-down; no size exemption,PR.AA-05,AC-3; AC-6,Author mapping (FAR text to SP 800-53 via the SP 800-171 Rev. 2 lineage of the 15 requirements),CMMS roles by job. Shared folder with CT-F work orders and CUI drawings readable by all staff,CMMS roles; folder permission report,Partially met,FCI and CUI folder not restricted,Moderate,Restricted CT-F folder (AC-3),Office and Compliance Manager,2026-10-31,"FAR overhaul proposed rule (FR Doc. 2026-12559, 2026-06-23) would renumber 52.204-21 as 52.240-5; proposed only"
G-180,FAR 52.204-21 and related FAR clauses (CT-F flow-down),52.204-21(b)(1)(iii),Verify and control or limit connections to and use of external information systems,Contract clause (mandatory),Yes: CT-F subcontract flow-down; no size exemption,PR.IR-01,AC-20,Author mapping (FAR text to SP 800-53 via the SP 800-171 Rev. 2 lineage of the 15 requirements),Company devices never connect to the GSA BSN. Two technicians read work email on personal phones without enrollment,Device management report,Partially met,Personal phones not controlled,Low,Block unenrolled devices (AC-19),Office and Compliance Manager,2026-11-30,"FAR overhaul proposed rule (FR Doc. 2026-12559, 2026-06-23) would renumber 52.204-21 as 52.240-5; proposed only"
G-181,FAR 52.204-21 and related FAR clauses (CT-F flow-down),52.204-21(b)(1)(iv),Control information posted or processed on publicly accessible information systems,Contract clause (mandatory),Yes: CT-F subcontract flow-down; no size exemption,PR.DS-10,AC-22,Author mapping (FAR text to SP 800-53 via the SP 800-171 Rev. 2 lineage of the 15 requirements),No contract information on the website; the owner approves posts,Website review,Met,None,Very Low,None,Owner,,"FAR overhaul proposed rule (FR Doc. 2026-12559, 2026-06-23) would renumber 52.204-21 as 52.240-5; proposed only"
G-182,FAR 52.204-21 and related FAR clauses (CT-F flow-down),52.204-21(b)(1)(v),"Identify information system users, processes acting on behalf of users, or devices",Contract clause (mandatory),Yes: CT-F subcontract flow-down; no size exemption,PR.AA-01,IA-2; IA-4,Author mapping (FAR text to SP 800-53 via the SP 800-171 Rev. 2 lineage of the 15 requirements),Suite and CMMS accounts are named; no shared accounts on FCI systems,Suite and CMMS user lists,Met,None,Very Low,None,Office and Compliance Manager,,"FAR overhaul proposed rule (FR Doc. 2026-12559, 2026-06-23) would renumber 52.204-21 as 52.240-5; proposed only"
G-183,FAR 52.204-21 and related FAR clauses (CT-F flow-down),52.204-21(b)(1)(vi),"Authenticate the identities of users, processes, or devices before allowing access",Contract clause (mandatory),Yes: CT-F subcontract flow-down; no size exemption,PR.AA-03,IA-2; IA-5,Author mapping (FAR text to SP 800-53 via the SP 800-171 Rev. 2 lineage of the 15 requirements),MFA on the suite and the CMMS for all users,Authentication settings,Met,None,Very Low,None,Office and Compliance Manager,,"FAR overhaul proposed rule (FR Doc. 2026-12559, 2026-06-23) would renumber 52.204-21 as 52.240-5; proposed only"
G-184,FAR 52.204-21 and related FAR clauses (CT-F flow-down),52.204-21(b)(1)(vii),Sanitize or destroy media containing FCI before disposal or release for reuse,Contract clause (mandatory),Yes: CT-F subcontract flow-down; no size exemption,PR.DS-01,MP-6,Author mapping (FAR text to SP 800-53 via the SP 800-171 Rev. 2 lineage of the 15 requirements),The MSP wipes laptops before reuse; no disposal record,Interview,Partially met,No record,Low,Disposal log (MP-6),Office and Compliance Manager,2026-12-31,"FAR overhaul proposed rule (FR Doc. 2026-12559, 2026-06-23) would renumber 52.204-21 as 52.240-5; proposed only"
G-185,FAR 52.204-21 and related FAR clauses (CT-F flow-down),52.204-21(b)(1)(viii),"Limit physical access to information systems, equipment, and operating environments to authorized individuals",Contract clause (mandatory),Yes: CT-F subcontract flow-down; no size exemption,PR.AA-06,PE-3,Author mapping (FAR text to SP 800-53 via the SP 800-171 Rev. 2 lineage of the 15 requirements),Locked office suite with alarm; locked network closet,Walkthrough 2026-07-14,Met,None,Very Low,None,Office and Compliance Manager,,"FAR overhaul proposed rule (FR Doc. 2026-12559, 2026-06-23) would renumber 52.204-21 as 52.240-5; proposed only"
G-186,FAR 52.204-21 and related FAR clauses (CT-F flow-down),52.204-21(b)(1)(ix),"Escort visitors, monitor visitor activity, keep physical access logs, and manage physical access devices",Contract clause (mandatory),Yes: CT-F subcontract flow-down; no size exemption,PR.AA-06,PE-3; PE-6; PE-8,Author mapping (FAR text to SP 800-53 via the SP 800-171 Rev. 2 lineage of the 15 requirements),Visitors escorted; key list kept; no visitor log and the alarm log is not reviewed,Key list; interview,Partially met,No visitor log,Low,Visitor sign-in sheet (PE-8),Office and Compliance Manager,2026-12-31,"FAR overhaul proposed rule (FR Doc. 2026-12559, 2026-06-23) would renumber 52.204-21 as 52.240-5; proposed only"
G-187,FAR 52.204-21 and related FAR clauses (CT-F flow-down),52.204-21(b)(1)(x),"Monitor, control, and protect communications at external and key internal boundaries",Contract clause (mandatory),Yes: CT-F subcontract flow-down; no size exemption,PR.IR-01,SC-7,Author mapping (FAR text to SP 800-53 via the SP 800-171 Rev. 2 lineage of the 15 requirements),Office firewall managed by the MSP blocks unsolicited inbound traffic; laptops use host firewalls in the field,Firewall export; MSP settings report,Met,None,Very Low,None,Office and Compliance Manager,,"FAR overhaul proposed rule (FR Doc. 2026-12559, 2026-06-23) would renumber 52.204-21 as 52.240-5; proposed only"
G-188,FAR 52.204-21 and related FAR clauses (CT-F flow-down),52.204-21(b)(1)(xi),Implement subnetworks for publicly accessible system components,Contract clause (mandatory),"Yes: CT-F flow-down, but the requirement has no object at this company",PR.IR-01,SC-7,Author mapping (FAR text to SP 800-53 via the SP 800-171 Rev. 2 lineage of the 15 requirements),The company hosts no publicly accessible components; the website is hosted by a provider and holds no FCI,Website hosting record,Not applicable,None,Very Low,None,Office and Compliance Manager,,"FAR overhaul proposed rule (FR Doc. 2026-12559, 2026-06-23) would renumber 52.204-21 as 52.240-5; proposed only"
G-189,FAR 52.204-21 and related FAR clauses (CT-F flow-down),52.204-21(b)(1)(xii),"Identify, report, and correct information and information system flaws in a timely manner",Contract clause (mandatory),Yes: CT-F subcontract flow-down; no size exemption,ID.RA-01,SI-2,Author mapping (FAR text to SP 800-53 via the SP 800-171 Rev. 2 lineage of the 15 requirements),The MSP patches laptops monthly (July 2026 report: all current),MSP patch report,Met,None,Very Low,None,Office and Compliance Manager,,"FAR overhaul proposed rule (FR Doc. 2026-12559, 2026-06-23) would renumber 52.204-21 as 52.240-5; proposed only"
G-190,FAR 52.204-21 and related FAR clauses (CT-F flow-down),52.204-21(b)(1)(xiii),Provide protection from malicious code at appropriate locations,Contract clause (mandatory),Yes: CT-F subcontract flow-down; no size exemption,DE.CM-09,SI-3,Author mapping (FAR text to SP 800-53 via the SP 800-171 Rev. 2 lineage of the 15 requirements),MSP-managed antivirus on all laptops; suite email filtering,MSP antivirus export,Met,None,Very Low,None,Office and Compliance Manager,,"FAR overhaul proposed rule (FR Doc. 2026-12559, 2026-06-23) would renumber 52.204-21 as 52.240-5; proposed only"
G-191,FAR 52.204-21 and related FAR clauses (CT-F flow-down),52.204-21(b)(1)(xiv),Update malicious code protection mechanisms when new releases are available,Contract clause (mandatory),Yes: CT-F subcontract flow-down; no size exemption,DE.CM-09,SI-3,Author mapping (FAR text to SP 800-53 via the SP 800-171 Rev. 2 lineage of the 15 requirements),Antivirus updates automatically,MSP antivirus export,Met,None,Very Low,None,Office and Compliance Manager,,"FAR overhaul proposed rule (FR Doc. 2026-12559, 2026-06-23) would renumber 52.204-21 as 52.240-5; proposed only"
G-192,FAR 52.204-21 and related FAR clauses (CT-F flow-down),52.204-21(b)(1)(xv),Perform periodic scans and real-time scans of files from external sources,Contract clause (mandatory),Yes: CT-F subcontract flow-down; no size exemption,DE.CM-09,SI-3,Author mapping (FAR text to SP 800-53 via the SP 800-171 Rev. 2 lineage of the 15 requirements),Real-time scanning and weekly full scans on laptops,MSP antivirus export,Met,None,Very Low,None,Office and Compliance Manager,,"FAR overhaul proposed rule (FR Doc. 2026-12559, 2026-06-23) would renumber 52.204-21 as 52.240-5; proposed only"
G-193,FAR 52.204-21 and related FAR clauses (CT-F flow-down),52.204-21(c),Flow the substance of the clause down to subcontracts in which the subcontractor may have FCI in its systems,Contract clause (mandatory),"Yes: CT-F flow-down, but the requirement has no object at this company",GV.SC-05,SA-9; SR-3,Author mapping (FAR text to SP 800-53 via the SP 800-171 Rev. 2 lineage of the 15 requirements),"The company has no lower-tier subcontractors under CT-F. The MSP and the backup service are service providers to the company, not subcontractors under the federal contract",Subcontract file,Not applicable,None,Very Low,None,Office and Compliance Manager,,"FAR overhaul proposed rule (FR Doc. 2026-12559, 2026-06-23) would renumber 52.204-21 as 52.240-5; proposed only"
G-194,FAR 52.204-21 and related FAR clauses (CT-F flow-down),52.204-23(b)-(c),Do not provide Kaspersky Lab covered articles; report any found within 3 business days of identification,Contract clause (mandatory),Yes: CT-F subcontract flow-down; no size exemption,GV.SC-05,SR-3; SR-5,Author mapping (clause text to SP 800-53),No Kaspersky products are used (the MSP antivirus is another vendor). No documented check of software or devices supplied under CT-F,MSP antivirus export; purchase records,Partially met,No documented screening,Low,Screening checklist covers Kaspersky (SR-3),Office and Compliance Manager,2026-10-31,"FAR overhaul proposed rule (FR Doc. 2026-12559, 2026-06-23) would move this clause into FAR part 40; proposed only"
G-195,FAR 52.204-21 and related FAR clauses (CT-F flow-down),52.204-25(b)(1),"Do not provide to the Government equipment, systems, or services that use covered telecommunications or video surveillance equipment as a substantial or essential component (paragraph (b)(2) is not flowed down)",Contract clause (mandatory),Yes: CT-F subcontract flow-down; no size exemption,GV.SC-05,SR-3; SR-11,Author mapping (clause text to SP 800-53),"6 items supplied to the federal building in 2026 (3 controllers, 2 sensors, 1 network switch). P07 traced each to its manufacturer; none is a named covered manufacturer. No screening step exists",Purchase records; P07 SR-3 test,Partially met,No screening before supply,High,Screening checklist before any CT-F purchase; authorized distributors only,Office and Compliance Manager,2026-10-31,"FAR overhaul proposed rule (FR Doc. 2026-12559, 2026-06-23) would move this clause into FAR part 40; proposed only"
G-196,FAR 52.204-21 and related FAR clauses (CT-F flow-down),52.204-25(d),"Report covered equipment found during performance within one business day of identification, further information within 10 business days",Contract clause (mandatory),Yes: CT-F subcontract flow-down; no size exemption,RS.CO-02,IR-6,Author mapping (clause text to SP 800-53),Clock written in the P08 notification matrix (2026-08-31); not yet trained,P08 notification matrix,Partially met,New; untested,Moderate,Brief the Service Coordinator and technicians,Office and Compliance Manager,2026-10-31,"FAR overhaul proposed rule (FR Doc. 2026-12559, 2026-06-23) would move this clause into FAR part 40; proposed only"
G-197,FAR 52.204-21 and related FAR clauses (CT-F flow-down),52.204-30(b)(1)-(2),"Do not provide or use covered articles or sources prohibited by FASCSA orders; search SAM.gov for the phrase ""FASCSA order""",Contract clause (mandatory),Yes: CT-F subcontract flow-down; no size exemption,GV.SC-05,SR-3,Author mapping (clause text to SP 800-53),No SAM.gov search has ever been done,Interview,Not met,No FASCSA order search,Moderate,Search SAM.gov before each CT-F order and at least quarterly; keep a screenshot,Office and Compliance Manager,2026-09-30,"FAR overhaul proposed rule (FR Doc. 2026-12559, 2026-06-23) would move this clause into FAR part 40; proposed only"
G-198,FAR 52.204-21 and related FAR clauses (CT-F flow-down),52.204-30(c)(2)-(4),"On a new FASCSA order, make a reasonable inquiry and report within 3 business days of identification (paragraph (c)(1) is not flowed down)",Contract clause (mandatory),Yes: CT-F subcontract flow-down; no size exemption,RS.CO-02,IR-6; SR-3,Author mapping (clause text to SP 800-53),Clock written in the P08 notification matrix (2026-08-31); no inquiry procedure,P08 notification matrix,Partially met,No inquiry procedure,Low,Inquiry steps in the supply chain plan (SR-2),Office and Compliance Manager,2026-12-31,"FAR overhaul proposed rule (FR Doc. 2026-12559, 2026-06-23) would move this clause into FAR part 40; proposed only"
G-199,FAR 52.204-21 and related FAR clauses (CT-F flow-down),52.204-9(a),"Comply with the agency personal identity verification procedures (HSPD-12, FIPS 201)",Contract clause (mandatory),Yes: CT-F subcontract flow-down; no size exemption,PR.AA-02,PS-3; IA-2,Author mapping (clause text to SP 800-53),"2 staff hold GSA PIV cards issued after GSA background investigations, sponsored by the prime",PIV records,Met,None,Very Low,None,Office and Compliance Manager,,None
G-200,FAR 52.204-21 and related FAR clauses (CT-F flow-down),52.204-9(b),"Account for all Government-provided identification and return it when no longer needed, at end of employment, or at contract end",Contract clause (mandatory),Yes: CT-F subcontract flow-down; no size exemption,PR.AA-05,PS-4,Author mapping (clause text to SP 800-53),No PIV holder has left. Nothing in the termination steps requires return through the prime,Termination records,Partially met,No PIV return step,Low,PIV return step on the termination checklist,Office and Compliance Manager,2026-09-30,None
G-201,Florida statutes (direct duties),Fla. Stat. 501.171(2),"Covered entities, governmental entities, and third-party agents must take reasonable measures to protect and secure data in electronic form containing personal information",State statute (mandatory),Yes: applies directly; no size exemption,PR.DS-01,SC-28; AC-2; SA-9,Author mapping (statute text to SP 800-53),"Cardholder records and face templates are held in SYS-01 under vendor encryption with administrator MFA. Weaknesses in account removal, log review, and vendor terms (AC-2, AU-6, SA-9) undercut ""reasonable measures""",SYS-01 SOC 2 report; P07 results,Partially met,"Account removal, monitoring, and vendor terms weak",Moderate,"Close POAM items for AC-2, AU-6, SA-9",Office and Compliance Manager,2026-12-31,None
G-202,Florida statutes (direct duties),Fla. Stat. 501.171(6)(a),"A third-party agent must notify the covered entity of a breach of a system it maintains as expeditiously as practicable, no later than 10 days after determination, and give all information the covered entity needs",State statute (mandatory),Yes: applies directly; no size exemption,RS.CO-02,IR-6,Author mapping (statute text to SP 800-53),"The 10-day clock and the 24-hour contract clocks are written in the P08 notification matrix (2026-08-31). Whether the county is a ""governmental entity"" under 501.171(1)(f), and which cardholder fields are personal information, is for counsel to confirm",P08 notification matrix,Partially met,Untested; scope not confirmed by counsel,Moderate,Counsel opinion on scope; tabletop (IR-3),Owner,2026-11-30,None
G-203,Florida statutes (direct duties),Fla. Stat. 501.171(8),"Covered entities and third-party agents must dispose of customer records containing personal information by shredding, erasing, or otherwise making them unreadable",State statute (mandatory),Yes: applies directly; no size exemption,PR.DS-01,MP-6; SR-12,Author mapping (statute text to SP 800-53),Paper shredded; laptops wiped by the MSP; cardholder exports in email and laptop folders are not cleaned up; no disposal record,Interview; folder review,Partially met,Old exports kept; no record,Low,Delete old exports monthly; disposal log,Office and Compliance Manager,2026-12-31,None
G-204,Florida statutes (direct duties),Fla. Stat. 119.0701(2)(b),"Contractor acting for a public agency must keep public records, provide them to the custodian on request, protect exempt records, and transfer or keep records at contract end",State statute (mandatory),Yes: applies directly; no size exemption,GV.OC-03,SI-12,Author mapping (statute text to SP 800-53),The county and city contracts contain the clause. No procedure for custodian requests or for the 30-day return or destruction of county data,Contracts,Partially met,No records procedure,Moderate,Public records and retention procedure (SI-12),Office and Compliance Manager,2026-12-31,None
G-205,Florida statutes (direct duties),Fla. Stat. 119.071(3)(a)-(b),Security system plans of public property are confidential and exempt; recipients of exempt building plans must maintain their exempt status,State statute (mandatory),Yes: applies directly; no size exemption,PR.DS-01,MP-3; AC-21,Author mapping (statute text to SP 800-53),"Door schedules, security layouts, and drawings are kept but not marked or separated as exempt",Folder review,Partially met,No marking or separation,Moderate,Mark and store as Restricted (POL-04),Office and Compliance Manager,2026-10-31,None
