req_id,regulation,citation,requirement_summary,requirement_type,applies_at_this_tier,csf2_subcategories,sp800_53_controls,regulatory_driver,crosswalk_source,current_state,evidence,status,gap_description,gap_risk_level,remediation_action,owner,target_date,pending_rule_change
G-001,NIST SP 800-53 Rev. 5 (Release 5.2.0) Moderate baseline,SP 800-53 Rev. 5 AC-1,Policy and Procedures,Base control (Moderate baseline),Yes - county contract requires Moderate safeguards for contractor devices that store county data,GV.OC-03; GV.PO-01; GV.PO-02; GV.OV-01; GV.SC-03; ID.IM-01; ID.IM-02; ID.IM-03; PR.AA-01; PR.AA-05,AC-1,Contract CL-01 (SP 800-53 Rev. 5 Moderate); N92-R02 (CJISSECPOL v6.1 AC-1),Official: NIST CSF 2.0 informative references to SP 800-53 Rev. 5.2.0 (00_universal-framework/crosswalks/csf2_to_sp800-53r5.csv),POL-01 sections 6 and 7 set access rules and the steps the owner follows,POL-01 (adopted 2026-09-15),Met,None,Very Low,Review each August,Owner-consultant,2027-08-31,None known (Release 5.2.0 is current)
G-002,NIST SP 800-53 Rev. 5 (Release 5.2.0) Moderate baseline,SP 800-53 Rev. 5 AC-2 with Moderate enhancements (1)(2)(3)(4)(5)(13),"Account Management, with its Moderate enhancements",Base control (Moderate baseline),Yes - county contract requires Moderate safeguards for contractor devices that store county data,PR.AA-01; PR.AA-05; PR.DS-10; DE.CM-01; DE.CM-03,AC-2; AC-2(1); AC-2(2); AC-2(3); AC-2(4); AC-2(5); AC-2(13),Contract CL-01 (SP 800-53 Rev. 5 Moderate); N92-R02 (CJISSECPOL v6.1 AC-2),Official: NIST CSF 2.0 informative references to SP 800-53 Rev. 5.2.0 (00_universal-framework/crosswalks/csf2_to_sp800-53r5.csv),One named account per SaaS service and agency system; agencies create and disable the owner's agency accounts. Account list first written in P04 (2026-08-12),P04 control map; city request email 2026-08-24,Partially met,No account review before 2026-08; the 2024 city 311 account was still enabled (P07),Low,Quarterly review of the account list; ask each agency to disable the owner's account at project end,Owner-consultant,2026-10-31,None known (Release 5.2.0 is current)
G-003,NIST SP 800-53 Rev. 5 (Release 5.2.0) Moderate baseline,SP 800-53 Rev. 5 AC-3,Access Enforcement,Base control (Moderate baseline),Yes - county contract requires Moderate safeguards for contractor devices that store county data,PR.AA-05; PR.DS-10; PR.IR-01,AC-3,Contract CL-01 (SP 800-53 Rev. 5 Moderate); N92-R02 (CJISSECPOL v6.1 AC-3),Official: NIST CSF 2.0 informative references to SP 800-53 Rev. 5.2.0 (00_universal-framework/crosswalks/csf2_to_sp800-53r5.csv),Single-user devices and SaaS tenants; laptop files readable only by the owner's accounts; cloud files private unless shared by named link (AC-21),Tenant settings; P04,Met,None,Very Low,None,Owner-consultant,,None known (Release 5.2.0 is current)
G-004,NIST SP 800-53 Rev. 5 (Release 5.2.0) Moderate baseline,SP 800-53 Rev. 5 AC-4,Information Flow Enforcement,Base control (Moderate baseline),No - the owner runs no network or system that routes information between security domains. Flows into and out of agency systems are enforced by the agencies (the sheriff turned off clipboard and drive mapping on 2026-08-26),ID.AM-03; PR.DS-10; PR.IR-01; DE.CM-09,AC-4,Contract CL-01 (SP 800-53 Rev. 5 Moderate); N92-R02 (CJISSECPOL v6.1 AC-4),Official: NIST CSF 2.0 informative references to SP 800-53 Rev. 5.2.0 (00_universal-framework/crosswalks/csf2_to_sp800-53r5.csv),Not applicable: the owner runs no network or system that routes information between security domains. Flows into and out of agency systems are enforced by the agencies (the sheriff turned off clipboard and drive mapping on 2026-08-26),,Not applicable,,,,,,None known (Release 5.2.0 is current)
G-005,NIST SP 800-53 Rev. 5 (Release 5.2.0) Moderate baseline,SP 800-53 Rev. 5 AC-5,Separation of Duties,Base control (Moderate baseline),"No - one-person business, so duties cannot be separated. Compensating control: each agency tests and approves every load, report, and configuration change the owner makes in its system before production use",PR.AA-05,AC-5,Contract CL-01 (SP 800-53 Rev. 5 Moderate); N92-R02 (CJISSECPOL v6.1 AC-5),Official: NIST CSF 2.0 informative references to SP 800-53 Rev. 5.2.0 (00_universal-framework/crosswalks/csf2_to_sp800-53r5.csv),"Not applicable: one-person business, so duties cannot be separated. Compensating control: each agency tests and approves every load, report, and configuration change the owner makes in its system before production use",,Not applicable,,,,,,None known (Release 5.2.0 is current)
G-006,NIST SP 800-53 Rev. 5 (Release 5.2.0) Moderate baseline,SP 800-53 Rev. 5 AC-6 with Moderate enhancements (1)(2)(5)(7)(9)(10),"Least Privilege, with its Moderate enhancements",Base control (Moderate baseline),Yes - county contract requires Moderate safeguards for contractor devices that store county data,PR.AA-05,AC-6; AC-6(1); AC-6(2); AC-6(5); AC-6(7); AC-6(9); AC-6(10),Contract CL-01 (SP 800-53 Rev. 5 Moderate); N92-R02 (CJISSECPOL v6.1 AC-6),Official: NIST CSF 2.0 informative references to SP 800-53 Rev. 5.2.0 (00_universal-framework/crosswalks/csf2_to_sp800-53r5.csv),"SaaS accounts use standard roles except the productivity suite administrator account, which is the owner's",P07 test 2026-08-24,Partially met,"The owner works daily in the laptop's local administrator account, so any malware runs with full rights",High,Standard account for daily work; administrator account only for installs (POL-01 7.3),Owner-consultant,2026-09-30,None known (Release 5.2.0 is current)
G-007,NIST SP 800-53 Rev. 5 (Release 5.2.0) Moderate baseline,SP 800-53 Rev. 5 AC-7,Unsuccessful Logon Attempts,Base control (Moderate baseline),Yes - county contract requires Moderate safeguards for contractor devices that store county data,PR.AA-03,AC-7,Contract CL-01 (SP 800-53 Rev. 5 Moderate); N92-R02 (CJISSECPOL v6.1 AC-7),Official: NIST CSF 2.0 informative references to SP 800-53 Rev. 5.2.0 (00_universal-framework/crosswalks/csf2_to_sp800-53r5.csv),"The laptop delays and locks sign-in after repeated failures (operating system setting); SaaS providers throttle sign-ins; agency systems enforce their own limits (for the sheriff, CJIS AC-7: 5 attempts in 15 minutes)",Device settings; provider documentation,Met,None,Very Low,None,Owner-consultant,,None known (Release 5.2.0 is current)
G-008,NIST SP 800-53 Rev. 5 (Release 5.2.0) Moderate baseline,SP 800-53 Rev. 5 AC-8,System Use Notification,Base control (Moderate baseline),No - the owner's devices and tenants are single-user and not offered to others; agency systems show their own use notices (agency side),,AC-8,Contract CL-01 (SP 800-53 Rev. 5 Moderate); N92-R02 (CJISSECPOL v6.1 AC-8),Official crosswalk lists no CSF 2.0 reference for this control,Not applicable: the owner's devices and tenants are single-user and not offered to others; agency systems show their own use notices (agency side),,Not applicable,,,,,,None known (Release 5.2.0 is current)
G-009,NIST SP 800-53 Rev. 5 (Release 5.2.0) Moderate baseline,SP 800-53 Rev. 5 AC-11 with Moderate enhancements (1),"Device Lock, with its Moderate enhancements",Base control (Moderate baseline),Yes - county contract requires Moderate safeguards for contractor devices that store county data,,AC-11; AC-11(1),Contract CL-01 (SP 800-53 Rev. 5 Moderate); N92-R02 (CJISSECPOL v6.1 AC-11),Official crosswalk lists no CSF 2.0 reference for this control,Laptop locks after 10 minutes idle with the screen hidden; phone after 1 minute; the owner locks the laptop by hand at client sites,Device settings screenshots,Met,None,Very Low,None,Owner-consultant,,None known (Release 5.2.0 is current)
G-010,NIST SP 800-53 Rev. 5 (Release 5.2.0) Moderate baseline,SP 800-53 Rev. 5 AC-12,Session Termination,Base control (Moderate baseline),Yes - county contract requires Moderate safeguards for contractor devices that store county data,PR.AA-03,AC-12,Contract CL-01 (SP 800-53 Rev. 5 Moderate); N92-R02 (CJISSECPOL v6.1 AC-12),Official: NIST CSF 2.0 informative references to SP 800-53 Rev. 5.2.0 (00_universal-framework/crosswalks/csf2_to_sp800-53r5.csv),SaaS and agency systems end idle sessions on their own settings,Browser session review 2026-08-11,Partially met,"The county SaaS and productivity suite stay signed in for days in the browser, which helps an infostealer (R-002)",Moderate,Sign out of agency systems at the end of each work session; browser set to clear agency site sessions on close (POL-01 7.6),Owner-consultant,2026-09-30,None known (Release 5.2.0 is current)
G-011,NIST SP 800-53 Rev. 5 (Release 5.2.0) Moderate baseline,SP 800-53 Rev. 5 AC-14,Permitted Actions Without Identification or Authentication,Base control (Moderate baseline),No - the owner runs no system that people use without signing in. The brochure website is static public content operated by the website builder,PR.AA-01,AC-14,Contract CL-01 (SP 800-53 Rev. 5 Moderate); N92-R02 (CJISSECPOL v6.1 AC-14),Official: NIST CSF 2.0 informative references to SP 800-53 Rev. 5.2.0 (00_universal-framework/crosswalks/csf2_to_sp800-53r5.csv),Not applicable: the owner runs no system that people use without signing in. The brochure website is static public content operated by the website builder,,Not applicable,,,,,,None known (Release 5.2.0 is current)
G-012,NIST SP 800-53 Rev. 5 (Release 5.2.0) Moderate baseline,SP 800-53 Rev. 5 AC-17 with Moderate enhancements (1)(2)(3)(4),"Remote Access, with its Moderate enhancements",Base control (Moderate baseline),Yes - county contract requires Moderate safeguards for contractor devices that store county data,PR.AA-05,AC-17; AC-17(1); AC-17(2); AC-17(3); AC-17(4),Contract CL-01 (SP 800-53 Rev. 5 Moderate); N92-R02 (CJISSECPOL v6.1 AC-17),Official: NIST CSF 2.0 informative references to SP 800-53 Rev. 5.2.0 (00_universal-framework/crosswalks/csf2_to_sp800-53r5.csv),"Agency systems reached only through each agency's own path (county single sign-on, sheriff virtual desktop with token, city 311 web sign-in). IT technician sessions are started and watched by the owner. The enhancements (monitoring, managed access points) run on the agencies' side",POL-01 (adopted 2026-09-15) section 6; agency access instructions,Met,None,Very Low,None,Owner-consultant,,None known (Release 5.2.0 is current)
G-013,NIST SP 800-53 Rev. 5 (Release 5.2.0) Moderate baseline,SP 800-53 Rev. 5 AC-18 with Moderate enhancements (1)(3),"Wireless Access, with its Moderate enhancements",Base control (Moderate baseline),Yes - county contract requires Moderate safeguards for contractor devices that store county data,PR.AA-05,AC-18; AC-18(1); AC-18(3),Contract CL-01 (SP 800-53 Rev. 5 Moderate); N92-R02 (CJISSECPOL v6.1 AC-18),Official: NIST CSF 2.0 informative references to SP 800-53 Rev. 5.2.0 (00_universal-framework/crosswalks/csf2_to_sp800-53r5.csv),Home Wi-Fi uses WPA2 with a long passphrase,Router walkthrough 2026-08-11,Partially met,One Wi-Fi network shared with family devices; default router admin password,Low,Separate work Wi-Fi network; new router admin password (R-007),Owner-consultant,2026-10-31,None known (Release 5.2.0 is current)
G-014,NIST SP 800-53 Rev. 5 (Release 5.2.0) Moderate baseline,SP 800-53 Rev. 5 AC-19 with Moderate enhancements (5),"Access Control for Mobile Devices, with its Moderate enhancements",Base control (Moderate baseline),Yes - county contract requires Moderate safeguards for contractor devices that store county data,PR.AA-05,AC-19; AC-19(5),Contract CL-01 (SP 800-53 Rev. 5 Moderate); N92-R02 (CJISSECPOL v6.1 AC-19),Official: NIST CSF 2.0 informative references to SP 800-53 Rev. 5.2.0 (00_universal-framework/crosswalks/csf2_to_sp800-53r5.csv),"Phone: passcode and biometric unlock, full-device encryption (AC-19(5)), remote locate and erase on since 2026-08-12",Phone settings,Met,None,Very Low,None,Owner-consultant,,None known (Release 5.2.0 is current)
G-015,NIST SP 800-53 Rev. 5 (Release 5.2.0) Moderate baseline,SP 800-53 Rev. 5 AC-20 with Moderate enhancements (1)(2),"Use of External Systems, with its Moderate enhancements",Base control (Moderate baseline),Yes - county contract requires Moderate safeguards for contractor devices that store county data,ID.AM-02; ID.AM-04,AC-20; AC-20(1); AC-20(2),Contract CL-01 (SP 800-53 Rev. 5 Moderate); N92-R02 (CJISSECPOL v6.1 AC-20),Official: NIST CSF 2.0 informative references to SP 800-53 Rev. 5.2.0 (00_universal-framework/crosswalks/csf2_to_sp800-53r5.csv),POL-01 8.2 now limits agency data to the laptop and the business cloud storage; no family or public computers are used for work,P07 information location search; P10,Partially met,Agency data went to external systems the agencies never approved: city applications to the AI assistant (July 2026) and CJI out of the sheriff's virtual desktop (May 2026),Moderate,Apply POL-01 8.2 and 9.5; quarterly data location search (CM-12),Owner-consultant,2026-11-30,None known (Release 5.2.0 is current)
G-016,NIST SP 800-53 Rev. 5 (Release 5.2.0) Moderate baseline,SP 800-53 Rev. 5 AC-21,Information Sharing,Base control (Moderate baseline),Yes - county contract requires Moderate safeguards for contractor devices that store county data,,AC-21,Contract CL-01 (SP 800-53 Rev. 5 Moderate); N92-R02 (CJISSECPOL v6.1 AC-21),Official crosswalk lists no CSF 2.0 reference for this control,Files are shared with agency contacts by named link only,Sharing settings,Partially met,Links never expire and were never reviewed,Low,30-day link expiry; monthly sharing report review,Owner-consultant,2026-10-31,None known (Release 5.2.0 is current)
G-017,NIST SP 800-53 Rev. 5 (Release 5.2.0) Moderate baseline,SP 800-53 Rev. 5 AC-22,Publicly Accessible Content,Base control (Moderate baseline),Yes - county contract requires Moderate safeguards for contractor devices that store county data,,AC-22,Contract CL-01 (SP 800-53 Rev. 5 Moderate); N92-R02 (CJISSECPOL v6.1 AC-22),Official crosswalk lists no CSF 2.0 reference for this control,The brochure website lists services only; the owner reviews posts before publishing and never posts agency screenshots or data,Website review 2026-08-13,Met,None,Very Low,None,Owner-consultant,,None known (Release 5.2.0 is current)
G-018,NIST SP 800-53 Rev. 5 (Release 5.2.0) Moderate baseline,SP 800-53 Rev. 5 AT-1,Policy and Procedures,Base control (Moderate baseline),Yes - county contract requires Moderate safeguards for contractor devices that store county data,GV.OC-03; GV.PO-01; GV.PO-02; GV.OV-01; GV.SC-03; ID.IM-01; ID.IM-02; ID.IM-03,AT-1,Contract CL-01 (SP 800-53 Rev. 5 Moderate); N92-R02 (CJISSECPOL v6.1 AT-1),Official: NIST CSF 2.0 informative references to SP 800-53 Rev. 5.2.0 (00_universal-framework/crosswalks/csf2_to_sp800-53r5.csv),POL-01 9.6 sets training rules,POL-01 (adopted 2026-09-15),Met,None,Very Low,None,Owner-consultant,,None known (Release 5.2.0 is current)
G-019,NIST SP 800-53 Rev. 5 (Release 5.2.0) Moderate baseline,SP 800-53 Rev. 5 AT-2 with Moderate enhancements (2)(3),"Literacy Training and Awareness, with its Moderate enhancements",Base control (Moderate baseline),Yes - county contract requires Moderate safeguards for contractor devices that store county data,PR.AT-01,AT-2; AT-2(2); AT-2(3),Contract CL-01 (SP 800-53 Rev. 5 Moderate); N92-R02 (CJISSECPOL v6.1 AT-2),Official: NIST CSF 2.0 informative references to SP 800-53 Rev. 5.2.0 (00_universal-framework/crosswalks/csf2_to_sp800-53r5.csv),"CJIS security awareness training through the sheriff's program, completed 2025-11-18 (covers insider threat, AT-2(2))",CJIS training certificate,Partially met,No general security or social engineering training (AT-2(3)); the CJIS refresher is now due within 30 days of the 2026-08-25 incident (see CJ-03),Moderate,Yearly security course with phishing exercises and monthly reminders,Owner-consultant,2026-11-30,None known (Release 5.2.0 is current)
G-020,NIST SP 800-53 Rev. 5 (Release 5.2.0) Moderate baseline,SP 800-53 Rev. 5 AT-3,Role-based Training,Base control (Moderate baseline),Yes - county contract requires Moderate safeguards for contractor devices that store county data,PR.AT-01; PR.AT-02,AT-3,Contract CL-01 (SP 800-53 Rev. 5 Moderate); N92-R02 (CJISSECPOL v6.1 AT-3),Official: NIST CSF 2.0 informative references to SP 800-53 Rev. 5.2.0 (00_universal-framework/crosswalks/csf2_to_sp800-53r5.csv),Agencies give system-specific training for their own systems,Agency training records,Partially met,No training on securing the owner's own tenant and devices as their administrator,Low,Include administrator topics in the yearly course,Owner-consultant,2026-11-30,None known (Release 5.2.0 is current)
G-021,NIST SP 800-53 Rev. 5 (Release 5.2.0) Moderate baseline,SP 800-53 Rev. 5 AT-4,Training Records,Base control (Moderate baseline),Yes - county contract requires Moderate safeguards for contractor devices that store county data,,AT-4,Contract CL-01 (SP 800-53 Rev. 5 Moderate); N92-R02 (CJISSECPOL v6.1 AT-4),Official crosswalk lists no CSF 2.0 reference for this control,Training certificates kept in the security folder of the business cloud storage,CJIS certificate,Met,None,Very Low,None,Owner-consultant,,None known (Release 5.2.0 is current)
G-022,NIST SP 800-53 Rev. 5 (Release 5.2.0) Moderate baseline,SP 800-53 Rev. 5 AU-1,Policy and Procedures,Base control (Moderate baseline),Yes - county contract requires Moderate safeguards for contractor devices that store county data,GV.OC-03; GV.PO-01; GV.PO-02; GV.OV-01; GV.SC-03; ID.IM-01; ID.IM-02; ID.IM-03,AU-1,Contract CL-01 (SP 800-53 Rev. 5 Moderate); N92-R02 (CJISSECPOL v6.1 AU-1),Official: NIST CSF 2.0 informative references to SP 800-53 Rev. 5.2.0 (00_universal-framework/crosswalks/csf2_to_sp800-53r5.csv),POL-01 7.7 requires a monthly review of sign-in and sharing reports,POL-01 (adopted 2026-09-15),Partially met,No checklist for the review yet,Low,One-page review checklist,Owner-consultant,2026-10-31,None known (Release 5.2.0 is current)
G-023,NIST SP 800-53 Rev. 5 (Release 5.2.0) Moderate baseline,SP 800-53 Rev. 5 AU-2,Event Logging,Base control (Moderate baseline),Yes - county contract requires Moderate safeguards for contractor devices that store county data,PR.PS-04,AU-2,Contract CL-01 (SP 800-53 Rev. 5 Moderate); N92-R02 (CJISSECPOL v6.1 AU-2),Official: NIST CSF 2.0 informative references to SP 800-53 Rev. 5.2.0 (00_universal-framework/crosswalks/csf2_to_sp800-53r5.csv),Inherited: SaaS providers log sign-ins and file activity; the operating system keeps its default security log,Provider SOC 2 report (P09),Met,None,Very Low,None,Owner-consultant,,None known (Release 5.2.0 is current)
G-024,NIST SP 800-53 Rev. 5 (Release 5.2.0) Moderate baseline,SP 800-53 Rev. 5 AU-3 with Moderate enhancements (1),"Content of Audit Records, with its Moderate enhancements",Base control (Moderate baseline),Yes - county contract requires Moderate safeguards for contractor devices that store county data,PR.PS-04,AU-3; AU-3(1),Contract CL-01 (SP 800-53 Rev. 5 Moderate); N92-R02 (CJISSECPOL v6.1 AU-3),Official: NIST CSF 2.0 informative references to SP 800-53 Rev. 5.2.0 (00_universal-framework/crosswalks/csf2_to_sp800-53r5.csv),"Inherited: record content is set by the SaaS providers and the operating system (who, what, when, from where)",Sign-in history screen,Met,None,Very Low,None,Owner-consultant,,None known (Release 5.2.0 is current)
G-025,NIST SP 800-53 Rev. 5 (Release 5.2.0) Moderate baseline,SP 800-53 Rev. 5 AU-4,Audit Log Storage Capacity,Base control (Moderate baseline),Yes - county contract requires Moderate safeguards for contractor devices that store county data,,AU-4,Contract CL-01 (SP 800-53 Rev. 5 Moderate); N92-R02 (CJISSECPOL v6.1 AU-4),Official crosswalk lists no CSF 2.0 reference for this control,Inherited: providers manage log storage capacity,Provider SOC 2 report (P09),Met,None,Very Low,None,Owner-consultant,,None known (Release 5.2.0 is current)
G-026,NIST SP 800-53 Rev. 5 (Release 5.2.0) Moderate baseline,SP 800-53 Rev. 5 AU-5,Response to Audit Logging Process Failures,Base control (Moderate baseline),Yes - county contract requires Moderate safeguards for contractor devices that store county data,,AU-5,Contract CL-01 (SP 800-53 Rev. 5 Moderate); N92-R02 (CJISSECPOL v6.1 AU-5),Official crosswalk lists no CSF 2.0 reference for this control,Inherited: providers alert on their own logging failures,Provider SOC 2 report (P09),Met,None,Very Low,None,Owner-consultant,,None known (Release 5.2.0 is current)
G-027,NIST SP 800-53 Rev. 5 (Release 5.2.0) Moderate baseline,SP 800-53 Rev. 5 AU-6 with Moderate enhancements (1)(3),"Audit Record Review, Analysis, and Reporting, with its Moderate enhancements",Base control (Moderate baseline),Yes - county contract requires Moderate safeguards for contractor devices that store county data,PR.PS-04; DE.AE-02; DE.AE-03,AU-6; AU-6(1); AU-6(3),Contract CL-01 (SP 800-53 Rev. 5 Moderate); N92-R02 (CJISSECPOL v6.1 AU-6),Official: NIST CSF 2.0 informative references to SP 800-53 Rev. 5.2.0 (00_universal-framework/crosswalks/csf2_to_sp800-53r5.csv),"No one had ever looked at the productivity suite sign-in history, sharing report, or password manager alerts",Self-attestation; sign-in history screen viewed 2026-08-12,Not met,No activity review,Moderate,Monthly review on the first working day; weekly for 3 months after any incident (POL-01 7.7),Owner-consultant,2026-10-31,None known (Release 5.2.0 is current)
G-028,NIST SP 800-53 Rev. 5 (Release 5.2.0) Moderate baseline,SP 800-53 Rev. 5 AU-7 with Moderate enhancements (1),"Audit Record Reduction and Report Generation, with its Moderate enhancements",Base control (Moderate baseline),No - the owner runs no log analysis tools; the providers' built-in reports are enough for one user,PR.PS-04; RS.AN-03; RS.AN-06; RS.AN-07,AU-7; AU-7(1),Contract CL-01 (SP 800-53 Rev. 5 Moderate); N92-R02 (CJISSECPOL v6.1 AU-7),Official: NIST CSF 2.0 informative references to SP 800-53 Rev. 5.2.0 (00_universal-framework/crosswalks/csf2_to_sp800-53r5.csv),Not applicable: the owner runs no log analysis tools; the providers' built-in reports are enough for one user,,Not applicable,,,,,,None known (Release 5.2.0 is current)
G-029,NIST SP 800-53 Rev. 5 (Release 5.2.0) Moderate baseline,SP 800-53 Rev. 5 AU-8,Time Stamps,Base control (Moderate baseline),Yes - county contract requires Moderate safeguards for contractor devices that store county data,,AU-8,Contract CL-01 (SP 800-53 Rev. 5 Moderate); N92-R02 (CJISSECPOL v6.1 AU-8),Official crosswalk lists no CSF 2.0 reference for this control,Inherited: devices and SaaS services take time from network time sources,Device settings,Met,None,Very Low,None,Owner-consultant,,None known (Release 5.2.0 is current)
G-030,NIST SP 800-53 Rev. 5 (Release 5.2.0) Moderate baseline,SP 800-53 Rev. 5 AU-9 with Moderate enhancements (4),"Protection of Audit Information, with its Moderate enhancements",Base control (Moderate baseline),Yes - county contract requires Moderate safeguards for contractor devices that store county data,PR.DS-10,AU-9; AU-9(4),Contract CL-01 (SP 800-53 Rev. 5 Moderate); N92-R02 (CJISSECPOL v6.1 AU-9),Official: NIST CSF 2.0 informative references to SP 800-53 Rev. 5.2.0 (00_universal-framework/crosswalks/csf2_to_sp800-53r5.csv),Inherited: the owner cannot alter provider-held logs,Provider SOC 2 report (P09),Met,None,Very Low,None,Owner-consultant,,None known (Release 5.2.0 is current)
G-031,NIST SP 800-53 Rev. 5 (Release 5.2.0) Moderate baseline,SP 800-53 Rev. 5 AU-11,Audit Record Retention,Base control (Moderate baseline),Yes - county contract requires Moderate safeguards for contractor devices that store county data,PR.PS-04,AU-11,Contract CL-01 (SP 800-53 Rev. 5 Moderate); N92-R02 (CJISSECPOL v6.1 AU-11),Official: NIST CSF 2.0 informative references to SP 800-53 Rev. 5.2.0 (00_universal-framework/crosswalks/csf2_to_sp800-53r5.csv),"Provider log retention applies; CJIS 1-year retention applies to the sheriff's systems, not the owner's",Provider documentation,Partially met,"Monthly reports not kept, so older sign-ins cannot be checked after an incident",Low,Save the monthly sign-in report in the security folder and keep it 3 years (POL-01 8.7),Owner-consultant,2026-10-31,None known (Release 5.2.0 is current)
G-032,NIST SP 800-53 Rev. 5 (Release 5.2.0) Moderate baseline,SP 800-53 Rev. 5 AU-12,Audit Record Generation,Base control (Moderate baseline),Yes - county contract requires Moderate safeguards for contractor devices that store county data,PR.PS-04; DE.CM-01; DE.CM-03; DE.CM-09,AU-12,Contract CL-01 (SP 800-53 Rev. 5 Moderate); N92-R02 (CJISSECPOL v6.1 AU-12),Official: NIST CSF 2.0 informative references to SP 800-53 Rev. 5.2.0 (00_universal-framework/crosswalks/csf2_to_sp800-53r5.csv),Inherited: providers and the operating system generate the records,Provider SOC 2 report (P09),Met,None,Very Low,None,Owner-consultant,,None known (Release 5.2.0 is current)
G-033,NIST SP 800-53 Rev. 5 (Release 5.2.0) Moderate baseline,SP 800-53 Rev. 5 CA-1,Policy and Procedures,Base control (Moderate baseline),Yes - county contract requires Moderate safeguards for contractor devices that store county data,GV.OC-03; GV.PO-01; GV.PO-02; GV.OV-01; GV.SC-03; ID.IM-01; ID.IM-02; ID.IM-03,CA-1,Contract CL-01 (SP 800-53 Rev. 5 Moderate); N92-R02 (CJISSECPOL v6.1 CA-1),Official: NIST CSF 2.0 informative references to SP 800-53 Rev. 5.2.0 (00_universal-framework/crosswalks/csf2_to_sp800-53r5.csv),POL-01 4.5 sets yearly self-assessment and outside review every second year,POL-01 (adopted 2026-09-15),Met,None,Very Low,None,Owner-consultant,,None known (Release 5.2.0 is current)
G-034,NIST SP 800-53 Rev. 5 (Release 5.2.0) Moderate baseline,SP 800-53 Rev. 5 CA-2 with Moderate enhancements (1),"Control Assessments, with its Moderate enhancements",Base control (Moderate baseline),Yes - county contract requires Moderate safeguards for contractor devices that store county data,ID.RA-01; ID.IM-01; ID.IM-02; ID.IM-03,CA-2; CA-2(1),Contract CL-01 (SP 800-53 Rev. 5 Moderate); N92-R02 (CJISSECPOL v6.1 CA-2),Official: NIST CSF 2.0 informative references to SP 800-53 Rev. 5.2.0 (00_universal-framework/crosswalks/csf2_to_sp800-53r5.csv),First self-assessment 2026-08-24 to 2026-08-26 (P07),P07,Partially met,No independent assessor (CA-2(1)); the owner assesses the owner's own controls,Low,Outside review every second year (POL-01 4.5); first by the IT technician or a peer consultant,Owner-consultant,2027-08-31,None known (Release 5.2.0 is current)
G-035,NIST SP 800-53 Rev. 5 (Release 5.2.0) Moderate baseline,SP 800-53 Rev. 5 CA-3,Information Exchange,Base control (Moderate baseline),Yes - county contract requires Moderate safeguards for contractor devices that store county data,ID.AM-03; PR.DS-01; PR.DS-02; PR.DS-10,CA-3,Contract CL-01 (SP 800-53 Rev. 5 Moderate); N92-R02 (CJISSECPOL v6.1 CA-3),Official: NIST CSF 2.0 informative references to SP 800-53 Rev. 5.2.0 (00_universal-framework/crosswalks/csf2_to_sp800-53r5.csv),"Every agency exchange is covered by the contract: county file transfer terms, city confidentiality terms, the sheriff's Security Addendum",Signed contracts,Met,None,Very Low,None,Owner-consultant,,None known (Release 5.2.0 is current)
G-036,NIST SP 800-53 Rev. 5 (Release 5.2.0) Moderate baseline,SP 800-53 Rev. 5 CA-5,Plan of Action and Milestones,Base control (Moderate baseline),Yes - county contract requires Moderate safeguards for contractor devices that store county data,ID.IM-01; ID.IM-02; ID.IM-03,CA-5,Contract CL-01 (SP 800-53 Rev. 5 Moderate); N92-R02 (CJISSECPOL v6.1 CA-5),Official: NIST CSF 2.0 informative references to SP 800-53 Rev. 5.2.0 (00_universal-framework/crosswalks/csf2_to_sp800-53r5.csv),POA&M kept in P07 with owners and dates,P07 poam.csv,Met,None,Very Low,Review monthly,Owner-consultant,,None known (Release 5.2.0 is current)
G-037,NIST SP 800-53 Rev. 5 (Release 5.2.0) Moderate baseline,SP 800-53 Rev. 5 CA-6,Authorization,Base control (Moderate baseline),Yes - county contract requires Moderate safeguards for contractor devices that store county data,,CA-6,Contract CL-01 (SP 800-53 Rev. 5 Moderate); N92-R02 (CJISSECPOL v6.1 CA-6),Official crosswalk lists no CSF 2.0 reference for this control,No formal authorization applies to a private consultancy; the owner's documented decision to operate is in P02 section 4.2,P02,Met,None,Very Low,None,Owner-consultant,,None known (Release 5.2.0 is current)
G-038,NIST SP 800-53 Rev. 5 (Release 5.2.0) Moderate baseline,SP 800-53 Rev. 5 CA-7 with Moderate enhancements (1)(4),"Continuous Monitoring, with its Moderate enhancements",Base control (Moderate baseline),Yes - county contract requires Moderate safeguards for contractor devices that store county data,ID.RA-01; ID.RA-07; ID.IM-01; ID.IM-02; ID.IM-03; DE.CM-01; DE.CM-02; DE.CM-03; DE.CM-06; DE.CM-09; DE.AE-02; DE.AE-03,CA-7; CA-7(1); CA-7(4),Contract CL-01 (SP 800-53 Rev. 5 Moderate); N92-R02 (CJISSECPOL v6.1 CA-7),Official: NIST CSF 2.0 informative references to SP 800-53 Rev. 5.2.0 (00_universal-framework/crosswalks/csf2_to_sp800-53r5.csv),Monthly reviews (AU-6) and quarterly data location searches (CM-12) are set in POL-01,POL-01,Partially met,Not yet running,Low,Start in October 2026,Owner-consultant,2026-10-31,None known (Release 5.2.0 is current)
G-039,NIST SP 800-53 Rev. 5 (Release 5.2.0) Moderate baseline,SP 800-53 Rev. 5 CA-9,Internal System Connections,Base control (Moderate baseline),No - one laptop and SaaS tenants; there are no internal system-to-system connections to authorize,ID.AM-03,CA-9,Contract CL-01 (SP 800-53 Rev. 5 Moderate); N92-R02 (CJISSECPOL v6.1 CA-9),Official: NIST CSF 2.0 informative references to SP 800-53 Rev. 5.2.0 (00_universal-framework/crosswalks/csf2_to_sp800-53r5.csv),Not applicable: one laptop and SaaS tenants; there are no internal system-to-system connections to authorize,,Not applicable,,,,,,None known (Release 5.2.0 is current)
G-040,NIST SP 800-53 Rev. 5 (Release 5.2.0) Moderate baseline,SP 800-53 Rev. 5 CM-1,Policy and Procedures,Base control (Moderate baseline),Yes - county contract requires Moderate safeguards for contractor devices that store county data,GV.OC-03; GV.PO-01; GV.PO-02; GV.OV-01; GV.SC-03; ID.IM-01; ID.IM-02; ID.IM-03; PR.PS-01,CM-1,Contract CL-01 (SP 800-53 Rev. 5 Moderate); N92-R02 (CJISSECPOL v6.1 CM-1),Official: NIST CSF 2.0 informative references to SP 800-53 Rev. 5.2.0 (00_universal-framework/crosswalks/csf2_to_sp800-53r5.csv),POL-01 9.3 sets software and update rules,POL-01 (adopted 2026-09-15),Partially met,No written build checklist for the laptop,Low,Laptop build checklist (CM-2),Owner-consultant,2026-10-31,None known (Release 5.2.0 is current)
G-041,NIST SP 800-53 Rev. 5 (Release 5.2.0) Moderate baseline,SP 800-53 Rev. 5 CM-2 with Moderate enhancements (2)(3)(7),"Baseline Configuration, with its Moderate enhancements",Base control (Moderate baseline),Yes - county contract requires Moderate safeguards for contractor devices that store county data,PR.PS-01,CM-2; CM-2(2); CM-2(3); CM-2(7),Contract CL-01 (SP 800-53 Rev. 5 Moderate); N92-R02 (CJISSECPOL v6.1 CM-2),Official: NIST CSF 2.0 informative references to SP 800-53 Rev. 5.2.0 (00_universal-framework/crosswalks/csf2_to_sp800-53r5.csv),Laptop runs the vendor's default security settings with encryption and antivirus on,Device review 2026-08-11,Partially met,"No written baseline, so a rebuild after ransomware would rely on memory",Low,"One-page laptop build checklist, also used by P08",Owner-consultant,2026-10-31,None known (Release 5.2.0 is current)
G-042,NIST SP 800-53 Rev. 5 (Release 5.2.0) Moderate baseline,SP 800-53 Rev. 5 CM-3 with Moderate enhancements (2)(4),"Configuration Change Control, with its Moderate enhancements",Base control (Moderate baseline),"No - one-person environment with no change board. Compensating control: security setting changes are noted in the security log (POL-01 4.6), and agencies control changes inside their own systems",ID.RA-07; PR.PS-01; DE.CM-01; DE.CM-09,CM-3; CM-3(2); CM-3(4),Contract CL-01 (SP 800-53 Rev. 5 Moderate); N92-R02 (CJISSECPOL v6.1 CM-3),Official: NIST CSF 2.0 informative references to SP 800-53 Rev. 5.2.0 (00_universal-framework/crosswalks/csf2_to_sp800-53r5.csv),"Not applicable: one-person environment with no change board. Compensating control: security setting changes are noted in the security log (POL-01 4.6), and agencies control changes inside their own systems",,Not applicable,,,,,,None known (Release 5.2.0 is current)
G-043,NIST SP 800-53 Rev. 5 (Release 5.2.0) Moderate baseline,SP 800-53 Rev. 5 CM-4 with Moderate enhancements (2),"Impact Analyses, with its Moderate enhancements",Base control (Moderate baseline),No - no system changes needing impact analysis beyond the agencies' own test and approval of the owner's work (see AC-5),ID.RA-07; PR.PS-01,CM-4; CM-4(2),Contract CL-01 (SP 800-53 Rev. 5 Moderate); N92-R02 (CJISSECPOL v6.1 CM-4),Official: NIST CSF 2.0 informative references to SP 800-53 Rev. 5.2.0 (00_universal-framework/crosswalks/csf2_to_sp800-53r5.csv),Not applicable: no system changes needing impact analysis beyond the agencies' own test and approval of the owner's work (see AC-5),,Not applicable,,,,,,None known (Release 5.2.0 is current)
G-044,NIST SP 800-53 Rev. 5 (Release 5.2.0) Moderate baseline,SP 800-53 Rev. 5 CM-5,Access Restrictions for Change,Base control (Moderate baseline),Yes - county contract requires Moderate safeguards for contractor devices that store county data,PR.PS-01,CM-5,Contract CL-01 (SP 800-53 Rev. 5 Moderate); N92-R02 (CJISSECPOL v6.1 CM-5),Official: NIST CSF 2.0 informative references to SP 800-53 Rev. 5.2.0 (00_universal-framework/crosswalks/csf2_to_sp800-53r5.csv),Only the owner can change device and tenant settings,Device review,Partially met,Daily administrator use means malware can change settings too (AC-6),Low,Fixed with AC-6,Owner-consultant,2026-09-30,None known (Release 5.2.0 is current)
G-045,NIST SP 800-53 Rev. 5 (Release 5.2.0) Moderate baseline,SP 800-53 Rev. 5 CM-6,Configuration Settings,Base control (Moderate baseline),Yes - county contract requires Moderate safeguards for contractor devices that store county data,PR.PS-01; DE.CM-09,CM-6,Contract CL-01 (SP 800-53 Rev. 5 Moderate); N92-R02 (CJISSECPOL v6.1 CM-6),Official: NIST CSF 2.0 informative references to SP 800-53 Rev. 5.2.0 (00_universal-framework/crosswalks/csf2_to_sp800-53r5.csv),Vendor security defaults are on for the laptop and phone,Device review 2026-08-11,Partially met,Router at default settings; no record of the laptop's settings,Low,Build checklist (CM-2); router changes (SC-7),Owner-consultant,2026-10-31,None known (Release 5.2.0 is current)
G-046,NIST SP 800-53 Rev. 5 (Release 5.2.0) Moderate baseline,SP 800-53 Rev. 5 CM-7 with Moderate enhancements (1)(2)(5),"Least Functionality, with its Moderate enhancements",Base control (Moderate baseline),Yes - county contract requires Moderate safeguards for contractor devices that store county data,PR.PS-01,CM-7; CM-7(1); CM-7(2); CM-7(5),Contract CL-01 (SP 800-53 Rev. 5 Moderate); N92-R02 (CJISSECPOL v6.1 CM-7),Official: NIST CSF 2.0 informative references to SP 800-53 Rev. 5.2.0 (00_universal-framework/crosswalks/csf2_to_sp800-53r5.csv),Software installed only from official stores and vendor sites,Installed software list 2026-08-11,Partially met,Unused applications and six old browser extensions never reviewed,Low,Remove unused software and extensions; review each quarter,Owner-consultant,2026-09-30,None known (Release 5.2.0 is current)
G-047,NIST SP 800-53 Rev. 5 (Release 5.2.0) Moderate baseline,SP 800-53 Rev. 5 CM-8 with Moderate enhancements (1)(3),"System Component Inventory, with its Moderate enhancements",Base control (Moderate baseline),Yes - county contract requires Moderate safeguards for contractor devices that store county data,ID.AM-01; ID.AM-02; PR.PS-01,CM-8; CM-8(1); CM-8(3),Contract CL-01 (SP 800-53 Rev. 5 Moderate); N92-R02 (CJISSECPOL v6.1 CM-8),Official: NIST CSF 2.0 informative references to SP 800-53 Rev. 5.2.0 (00_universal-framework/crosswalks/csf2_to_sp800-53r5.csv),"Component inventory in P02 section 9 and the facts file; checked when a device is added (scaled CM-8(1), CM-8(3))",P02,Met,None,Very Low,None,Owner-consultant,,None known (Release 5.2.0 is current)
G-048,NIST SP 800-53 Rev. 5 (Release 5.2.0) Moderate baseline,SP 800-53 Rev. 5 CM-9,Configuration Management Plan,Base control (Moderate baseline),No - a separate configuration management plan is not reasonable for one laptop and a phone; the build checklist (CM-2) carries it,ID.AM-08; PR.PS-01,CM-9,Contract CL-01 (SP 800-53 Rev. 5 Moderate); N92-R02 (CJISSECPOL v6.1 CM-9),Official: NIST CSF 2.0 informative references to SP 800-53 Rev. 5.2.0 (00_universal-framework/crosswalks/csf2_to_sp800-53r5.csv),Not applicable: a separate configuration management plan is not reasonable for one laptop and a phone; the build checklist (CM-2) carries it,,Not applicable,,,,,,None known (Release 5.2.0 is current)
G-049,NIST SP 800-53 Rev. 5 (Release 5.2.0) Moderate baseline,SP 800-53 Rev. 5 CM-10,Software Usage Restrictions,Base control (Moderate baseline),Yes - county contract requires Moderate safeguards for contractor devices that store county data,PR.PS-01; DE.CM-03; DE.CM-09,CM-10,Contract CL-01 (SP 800-53 Rev. 5 Moderate); N92-R02 (CJISSECPOL v6.1 CM-10),Official: NIST CSF 2.0 informative references to SP 800-53 Rev. 5.2.0 (00_universal-framework/crosswalks/csf2_to_sp800-53r5.csv),Licensed software only; no shared licenses,Purchase records,Met,None,Very Low,None,Owner-consultant,,None known (Release 5.2.0 is current)
G-050,NIST SP 800-53 Rev. 5 (Release 5.2.0) Moderate baseline,SP 800-53 Rev. 5 CM-11,User-installed Software,Base control (Moderate baseline),Yes - county contract requires Moderate safeguards for contractor devices that store county data,PR.PS-01; PR.PS-02; DE.CM-03; DE.CM-09,CM-11,Contract CL-01 (SP 800-53 Rev. 5 Moderate); N92-R02 (CJISSECPOL v6.1 CM-11),Official: NIST CSF 2.0 informative references to SP 800-53 Rev. 5.2.0 (00_universal-framework/crosswalks/csf2_to_sp800-53r5.csv),POL-01 9.3: install only from official stores or vendor sites,POL-01 (adopted 2026-09-15),Partially met,Daily administrator use lets anything install without a prompt (AC-6),Low,Fixed with AC-6,Owner-consultant,2026-09-30,None known (Release 5.2.0 is current)
G-051,NIST SP 800-53 Rev. 5 (Release 5.2.0) Moderate baseline,SP 800-53 Rev. 5 CM-12 with Moderate enhancements (1),"Information Location, with its Moderate enhancements",Base control (Moderate baseline),Yes - county contract requires Moderate safeguards for contractor devices that store county data,ID.AM-07,CM-12; CM-12(1),Contract CL-01 (SP 800-53 Rev. 5 Moderate); N92-R02 (CJISSECPOL v6.1 CM-12),Official: NIST CSF 2.0 informative references to SP 800-53 Rev. 5.2.0 (00_universal-framework/crosswalks/csf2_to_sp800-53r5.csv),No record of where agency data was kept,P07 information location search 2026-08-25,Not met,County extracts sat in three places and CJI was found on the laptop and in cloud storage (P07),High,Data location log per agency (POL-01 8.4); quarterly search of the laptop and cloud storage,Owner-consultant,2026-09-30,None known (Release 5.2.0 is current)
G-052,NIST SP 800-53 Rev. 5 (Release 5.2.0) Moderate baseline,SP 800-53 Rev. 5 CP-1,Policy and Procedures,Base control (Moderate baseline),Yes - county contract requires Moderate safeguards for contractor devices that store county data,GV.OC-03; GV.PO-01; GV.PO-02; GV.OV-01; GV.SC-03; GV.SC-08; ID.IM-01; ID.IM-02; ID.IM-03,CP-1,Contract CL-01 (SP 800-53 Rev. 5 Moderate); N92-R02 (CJISSECPOL v6.1 CP-1),Official: NIST CSF 2.0 informative references to SP 800-53 Rev. 5.2.0 (00_universal-framework/crosswalks/csf2_to_sp800-53r5.csv),POL-01 section 11 sets contingency rules,POL-01 (adopted 2026-09-15),Partially met,Contact sheet and sealed recovery codes not in place,Low,See CP-2,Owner-consultant,2026-12-31,None known (Release 5.2.0 is current)
G-053,NIST SP 800-53 Rev. 5 (Release 5.2.0) Moderate baseline,SP 800-53 Rev. 5 CP-2 with Moderate enhancements (1)(3)(8),"Contingency Plan, with its Moderate enhancements",Base control (Moderate baseline),Yes - county contract requires Moderate safeguards for contractor devices that store county data,ID.IM-01; ID.IM-02; ID.IM-03; ID.IM-04; PR.IR-02; RC.RP-03; RC.CO-04,CP-2; CP-2(1); CP-2(3); CP-2(8),Contract CL-01 (SP 800-53 Rev. 5 Moderate); N92-R02 (CJISSECPOL v6.1 CP-2),Official: NIST CSF 2.0 informative references to SP 800-53 Rev. 5.2.0 (00_universal-framework/crosswalks/csf2_to_sp800-53r5.csv),"BIA (P05), POL-01 section 11, and the P08 runbook form the plan",P05; P08,Partially met,"Single-person dependency not covered: no contact sheet, recovery codes, second MFA method, or backup agreement",Moderate,P05 section 4 actions,Owner-consultant,2026-12-31,None known (Release 5.2.0 is current)
G-054,NIST SP 800-53 Rev. 5 (Release 5.2.0) Moderate baseline,SP 800-53 Rev. 5 CP-3,Contingency Training,Base control (Moderate baseline),No - the plan's author is its only user; the yearly walkthrough under CP-4 serves as training,,CP-3,Contract CL-01 (SP 800-53 Rev. 5 Moderate); N92-R02 (CJISSECPOL v6.1 CP-3),Official crosswalk lists no CSF 2.0 reference for this control,Not applicable: the plan's author is its only user; the yearly walkthrough under CP-4 serves as training,,Not applicable,,,,,,None known (Release 5.2.0 is current)
G-055,NIST SP 800-53 Rev. 5 (Release 5.2.0) Moderate baseline,SP 800-53 Rev. 5 CP-4 with Moderate enhancements (1),"Contingency Plan Testing, with its Moderate enhancements",Base control (Moderate baseline),Yes - county contract requires Moderate safeguards for contractor devices that store county data,ID.IM-02; RC.RP-03,CP-4; CP-4(1),Contract CL-01 (SP 800-53 Rev. 5 Moderate); N92-R02 (CJISSECPOL v6.1 CP-4),Official: NIST CSF 2.0 informative references to SP 800-53 Rev. 5.2.0 (00_universal-framework/crosswalks/csf2_to_sp800-53r5.csv),The plan has never been tested and no file has ever been restored from the USB drive,Self-attestation,Not met,Recovery is unproven,Moderate,Walk through P08 with the IT technician and restore one project folder from each backup,Owner-consultant,2026-10-31,None known (Release 5.2.0 is current)
G-056,NIST SP 800-53 Rev. 5 (Release 5.2.0) Moderate baseline,SP 800-53 Rev. 5 CP-6 with Moderate enhancements (1)(3),"Alternate Storage Site, with its Moderate enhancements",Base control (Moderate baseline),Yes - county contract requires Moderate safeguards for contractor devices that store county data,PR.DS-11; PR.IR-04,CP-6; CP-6(1); CP-6(3),Contract CL-01 (SP 800-53 Rev. 5 Moderate); N92-R02 (CJISSECPOL v6.1 CP-6),Official: NIST CSF 2.0 informative references to SP 800-53 Rev. 5.2.0 (00_universal-framework/crosswalks/csf2_to_sp800-53r5.csv),Synced project files are held by the cloud provider away from the home office,Provider SOC 2 report (P09),Partially met,The USB drive sits next to the laptop; scripts have no off-site copy,Low,"Encrypted copy of project folders and scripts in cloud storage, separate from the sync folder",Owner-consultant,2026-10-31,None known (Release 5.2.0 is current)
G-057,NIST SP 800-53 Rev. 5 (Release 5.2.0) Moderate baseline,SP 800-53 Rev. 5 CP-7 with Moderate enhancements (1)(2)(3),"Alternate Processing Site, with its Moderate enhancements",Base control (Moderate baseline),Yes - county contract requires Moderate safeguards for contractor devices that store county data,PR.IR-04,CP-7; CP-7(1); CP-7(2); CP-7(3),Contract CL-01 (SP 800-53 Rev. 5 Moderate); N92-R02 (CJISSECPOL v6.1 CP-7),Official: NIST CSF 2.0 informative references to SP 800-53 Rev. 5.2.0 (00_universal-framework/crosswalks/csf2_to_sp800-53r5.csv),Work can continue from a client office or any location with a clean device; all agency systems and files are cloud-reachable (P05),P05,Met,None,Very Low,None,Owner-consultant,,None known (Release 5.2.0 is current)
G-058,NIST SP 800-53 Rev. 5 (Release 5.2.0) Moderate baseline,SP 800-53 Rev. 5 CP-8 with Moderate enhancements (1)(2),"Telecommunications Services, with its Moderate enhancements",Base control (Moderate baseline),Yes - county contract requires Moderate safeguards for contractor devices that store county data,PR.IR-04,CP-8; CP-8(1); CP-8(2),Contract CL-01 (SP 800-53 Rev. 5 Moderate); N92-R02 (CJISSECPOL v6.1 CP-8),Official: NIST CSF 2.0 informative references to SP 800-53 Rev. 5.2.0 (00_universal-framework/crosswalks/csf2_to_sp800-53r5.csv),Phone hotspot on a different carrier than the home ISP,P05,Met,None,Very Low,None,Owner-consultant,,None known (Release 5.2.0 is current)
G-059,NIST SP 800-53 Rev. 5 (Release 5.2.0) Moderate baseline,SP 800-53 Rev. 5 CP-9 with Moderate enhancements (1)(8),"System Backup, with its Moderate enhancements",Base control (Moderate baseline),Yes - county contract requires Moderate safeguards for contractor devices that store county data,PR.DS-01; PR.DS-10; PR.DS-11; RC.RP-03,CP-9; CP-9(1); CP-9(8),Contract CL-01 (SP 800-53 Rev. 5 Moderate); N92-R02 (CJISSECPOL v6.1 CP-9),Official: NIST CSF 2.0 informative references to SP 800-53 Rev. 5.2.0 (00_universal-framework/crosswalks/csf2_to_sp800-53r5.csv),Provider file versions for the sync folder; manual monthly copy of the documents folder to the USB drive (last 2026-05-30),Backup job settings; P07 test,Partially met,Backup unencrypted (CP-9(8)); never tested (CP-9(1)); scripts and downloads not backed up,Moderate,Encrypted automatic backup of project folders and scripts; quarterly restore test,Owner-consultant,2026-10-31,None known (Release 5.2.0 is current)
G-060,NIST SP 800-53 Rev. 5 (Release 5.2.0) Moderate baseline,SP 800-53 Rev. 5 CP-10 with Moderate enhancements (2),"System Recovery and Reconstitution, with its Moderate enhancements",Base control (Moderate baseline),Yes - county contract requires Moderate safeguards for contractor devices that store county data,RC.RP-01; RC.RP-02; RC.RP-05,CP-10; CP-10(2),Contract CL-01 (SP 800-53 Rev. 5 Moderate); N92-R02 (CJISSECPOL v6.1 CP-10),Official: NIST CSF 2.0 informative references to SP 800-53 Rev. 5.2.0 (00_universal-framework/crosswalks/csf2_to_sp800-53r5.csv),Recovery means a new laptop plus the sync folder and agency re-registration (P05),P05,Partially met,"No build checklist, so recovery time is a guess",Low,Build checklist (CM-2) used in the P08 walkthrough,Owner-consultant,2026-10-31,None known (Release 5.2.0 is current)
G-061,NIST SP 800-53 Rev. 5 (Release 5.2.0) Moderate baseline,SP 800-53 Rev. 5 IA-1,Policy and Procedures,Base control (Moderate baseline),Yes - county contract requires Moderate safeguards for contractor devices that store county data,GV.OC-03; GV.PO-01; GV.PO-02; GV.OV-01; GV.SC-03; ID.IM-01; ID.IM-02; ID.IM-03; PR.AA-01,IA-1,Contract CL-01 (SP 800-53 Rev. 5 Moderate); N92-R02 (CJISSECPOL v6.1 IA-1),Official: NIST CSF 2.0 informative references to SP 800-53 Rev. 5.2.0 (00_universal-framework/crosswalks/csf2_to_sp800-53r5.csv),POL-01 section 7 sets identification and authentication rules,POL-01 (adopted 2026-09-15),Met,None,Very Low,None,Owner-consultant,,None known (Release 5.2.0 is current)
G-062,NIST SP 800-53 Rev. 5 (Release 5.2.0) Moderate baseline,SP 800-53 Rev. 5 IA-2 with Moderate enhancements (1)(2)(8)(12),"Identification and Authentication (Organizational Users), with its Moderate enhancements",Base control (Moderate baseline),Yes - county contract requires Moderate safeguards for contractor devices that store county data,PR.AA-01; PR.AA-03,IA-2; IA-2(1); IA-2(2); IA-2(8); IA-2(12),Contract CL-01 (SP 800-53 Rev. 5 Moderate); N92-R02 (CJISSECPOL v6.1 IA-2),Official: NIST CSF 2.0 informative references to SP 800-53 Rev. 5.2.0 (00_universal-framework/crosswalks/csf2_to_sp800-53r5.csv),"MFA on the productivity suite, password manager, accounting service, county single sign-on, and sheriff virtual desktop (hardware token)",P07 sign-in tests,Partially met,Website builder MFA off; laptop administrator account uses a password only; city 311 offers no MFA (agency decision); IA-2(12) not relevant (no PIV credentials),Moderate,Turn on website MFA; standard daily account (AC-6); ask the city for MFA,Owner-consultant,2026-09-30,None known (Release 5.2.0 is current)
G-063,NIST SP 800-53 Rev. 5 (Release 5.2.0) Moderate baseline,SP 800-53 Rev. 5 IA-3,Device Identification and Authentication,Base control (Moderate baseline),No - the owner runs no network that authenticates devices. The sheriff registers the owner's laptop for its virtual desktop client (agency side),PR.AA-01; PR.AA-03,IA-3,Contract CL-01 (SP 800-53 Rev. 5 Moderate); N92-R02 (CJISSECPOL v6.1 IA-3),Official: NIST CSF 2.0 informative references to SP 800-53 Rev. 5.2.0 (00_universal-framework/crosswalks/csf2_to_sp800-53r5.csv),Not applicable: the owner runs no network that authenticates devices. The sheriff registers the owner's laptop for its virtual desktop client (agency side),,Not applicable,,,,,,None known (Release 5.2.0 is current)
G-064,NIST SP 800-53 Rev. 5 (Release 5.2.0) Moderate baseline,SP 800-53 Rev. 5 IA-4 with Moderate enhancements (4),"Identifier Management, with its Moderate enhancements",Base control (Moderate baseline),No - one user; the agencies assign and manage the identifiers they give the owner,PR.AA-01,IA-4; IA-4(4),Contract CL-01 (SP 800-53 Rev. 5 Moderate); N92-R02 (CJISSECPOL v6.1 IA-4),Official: NIST CSF 2.0 informative references to SP 800-53 Rev. 5.2.0 (00_universal-framework/crosswalks/csf2_to_sp800-53r5.csv),Not applicable: one user; the agencies assign and manage the identifiers they give the owner,,Not applicable,,,,,,None known (Release 5.2.0 is current)
G-065,NIST SP 800-53 Rev. 5 (Release 5.2.0) Moderate baseline,SP 800-53 Rev. 5 IA-5 with Moderate enhancements (1)(2)(6),"Authenticator Management, with its Moderate enhancements",Base control (Moderate baseline),Yes - county contract requires Moderate safeguards for contractor devices that store county data,PR.AA-01; PR.AA-03,IA-5; IA-5(1); IA-5(2); IA-5(6),Contract CL-01 (SP 800-53 Rev. 5 Moderate); N92-R02 (CJISSECPOL v6.1 IA-5),Official: NIST CSF 2.0 informative references to SP 800-53 Rev. 5.2.0 (00_universal-framework/crosswalks/csf2_to_sp800-53r5.csv),Password manager generates unique passwords for most accounts,Password manager report,Partially met,Router admin password still the default; laptop disk recovery key stored in the productivity suite account,Low,New router password; move the recovery key to the sealed envelope (IA-5(6)),Owner-consultant,2026-09-30,None known (Release 5.2.0 is current)
G-066,NIST SP 800-53 Rev. 5 (Release 5.2.0) Moderate baseline,SP 800-53 Rev. 5 IA-6,Authentication Feedback,Base control (Moderate baseline),Yes - county contract requires Moderate safeguards for contractor devices that store county data,PR.AA-01,IA-6,Contract CL-01 (SP 800-53 Rev. 5 Moderate); N92-R02 (CJISSECPOL v6.1 IA-6),Official: NIST CSF 2.0 informative references to SP 800-53 Rev. 5.2.0 (00_universal-framework/crosswalks/csf2_to_sp800-53r5.csv),Inherited: sign-in screens mask passwords,Device and provider sign-in screens,Met,None,Very Low,None,Owner-consultant,,None known (Release 5.2.0 is current)
G-067,NIST SP 800-53 Rev. 5 (Release 5.2.0) Moderate baseline,SP 800-53 Rev. 5 IA-7,Cryptographic Module Authentication,Base control (Moderate baseline),Yes - county contract requires Moderate safeguards for contractor devices that store county data,PR.AA-01; PR.AA-03,IA-7,Contract CL-01 (SP 800-53 Rev. 5 Moderate); N92-R02 (CJISSECPOL v6.1 IA-7),Official: NIST CSF 2.0 informative references to SP 800-53 Rev. 5.2.0 (00_universal-framework/crosswalks/csf2_to_sp800-53r5.csv),Inherited: the operating system's encryption module authenticates through the owner's sign-in,Encryption status screen,Met,None,Very Low,None,Owner-consultant,,None known (Release 5.2.0 is current)
G-068,NIST SP 800-53 Rev. 5 (Release 5.2.0) Moderate baseline,SP 800-53 Rev. 5 IA-8 with Moderate enhancements (1)(2)(4),"Identification and Authentication (Non-organizational Users), with its Moderate enhancements",Base control (Moderate baseline),Yes - county contract requires Moderate safeguards for contractor devices that store county data,PR.AA-01; PR.AA-03,IA-8; IA-8(1); IA-8(2); IA-8(4),Contract CL-01 (SP 800-53 Rev. 5 Moderate); N92-R02 (CJISSECPOL v6.1 IA-8),Official: NIST CSF 2.0 informative references to SP 800-53 Rev. 5.2.0 (00_universal-framework/crosswalks/csf2_to_sp800-53r5.csv),No outside users have accounts on the owner's systems; agency contacts open shared files through named links that verify their email address (inherited),Sharing settings,Met,None,Very Low,None,Owner-consultant,,None known (Release 5.2.0 is current)
G-069,NIST SP 800-53 Rev. 5 (Release 5.2.0) Moderate baseline,SP 800-53 Rev. 5 IA-11,Re-authentication,Base control (Moderate baseline),Yes - county contract requires Moderate safeguards for contractor devices that store county data,PR.AA-01; PR.AA-03,IA-11,Contract CL-01 (SP 800-53 Rev. 5 Moderate); N92-R02 (CJISSECPOL v6.1 IA-11),Official: NIST CSF 2.0 informative references to SP 800-53 Rev. 5.2.0 (00_universal-framework/crosswalks/csf2_to_sp800-53r5.csv),Inherited: providers and agency systems require sign-in again after their timeouts,Provider settings,Met,None,Very Low,None,Owner-consultant,,None known (Release 5.2.0 is current)
G-070,NIST SP 800-53 Rev. 5 (Release 5.2.0) Moderate baseline,SP 800-53 Rev. 5 IA-12 with Moderate enhancements (2)(3)(5),"Identity Proofing, with its Moderate enhancements",Base control (Moderate baseline),No - the owner issues no accounts to other people. Agencies proof the owner (the sheriff's fingerprint-based checks),PR.AA-02,IA-12; IA-12(2); IA-12(3); IA-12(5),Contract CL-01 (SP 800-53 Rev. 5 Moderate); N92-R02 (CJISSECPOL v6.1 IA-12),Official: NIST CSF 2.0 informative references to SP 800-53 Rev. 5.2.0 (00_universal-framework/crosswalks/csf2_to_sp800-53r5.csv),Not applicable: the owner issues no accounts to other people. Agencies proof the owner (the sheriff's fingerprint-based checks),,Not applicable,,,,,,None known (Release 5.2.0 is current)
G-071,NIST SP 800-53 Rev. 5 (Release 5.2.0) Moderate baseline,SP 800-53 Rev. 5 IR-1,Policy and Procedures,Base control (Moderate baseline),Yes - county contract requires Moderate safeguards for contractor devices that store county data,GV.OC-03; GV.PO-01; GV.PO-02; GV.OV-01; GV.SC-03; GV.SC-08; ID.IM-01; ID.IM-02; ID.IM-03; RC.RP-04,IR-1,Contract CL-01 (SP 800-53 Rev. 5 Moderate); N92-R02 (CJISSECPOL v6.1 IR-1),Official: NIST CSF 2.0 informative references to SP 800-53 Rev. 5.2.0 (00_universal-framework/crosswalks/csf2_to_sp800-53r5.csv),POL-01 section 10 sets incident rules,POL-01 (adopted 2026-09-15),Met,None,Very Low,None,Owner-consultant,,None known (Release 5.2.0 is current)
G-072,NIST SP 800-53 Rev. 5 (Release 5.2.0) Moderate baseline,SP 800-53 Rev. 5 IR-2,Incident Response Training,Base control (Moderate baseline),Yes - county contract requires Moderate safeguards for contractor devices that store county data,,IR-2,Contract CL-01 (SP 800-53 Rev. 5 Moderate); N92-R02 (CJISSECPOL v6.1 IR-2),Official crosswalk lists no CSF 2.0 reference for this control,The CJIS course covers incident reporting,CJIS training certificate,Partially met,No practice of the P08 steps,Low,Walkthrough with the IT technician (CP-4),Owner-consultant,2026-10-31,None known (Release 5.2.0 is current)
G-073,NIST SP 800-53 Rev. 5 (Release 5.2.0) Moderate baseline,SP 800-53 Rev. 5 IR-3 with Moderate enhancements (2),"Incident Response Testing, with its Moderate enhancements",Base control (Moderate baseline),Yes - county contract requires Moderate safeguards for contractor devices that store county data,ID.IM-02,IR-3; IR-3(2),Contract CL-01 (SP 800-53 Rev. 5 Moderate); N92-R02 (CJISSECPOL v6.1 IR-3),Official: NIST CSF 2.0 informative references to SP 800-53 Rev. 5.2.0 (00_universal-framework/crosswalks/csf2_to_sp800-53r5.csv),Never tested,Self-attestation,Not met,No exercise; agency contacts never confirmed,Moderate,Walk through P08; confirm each agency contact and clock by email (IR-3(2) coordination),Owner-consultant,2026-10-31,None known (Release 5.2.0 is current)
G-074,NIST SP 800-53 Rev. 5 (Release 5.2.0) Moderate baseline,SP 800-53 Rev. 5 IR-4 with Moderate enhancements (1),"Incident Handling, with its Moderate enhancements",Base control (Moderate baseline),Yes - county contract requires Moderate safeguards for contractor devices that store county data,ID.IM-01; ID.IM-02; ID.IM-03; DE.AE-02; DE.AE-03; DE.AE-06; DE.AE-08; RS.MA-02; RS.MA-03; RS.MA-04; RS.MA-05; RS.AN-03; RS.AN-06; RS.AN-07; RS.AN-08; RS.CO-02; RS.CO-03; RS.MI-01; RS.MI-02; RC.RP-01; RC.RP-02; RC.RP-06; RC.CO-03; RC.CO-04,IR-4; IR-4(1),Contract CL-01 (SP 800-53 Rev. 5 Moderate); N92-R02 (CJISSECPOL v6.1 IR-4),Official: NIST CSF 2.0 informative references to SP 800-53 Rev. 5.2.0 (00_universal-framework/crosswalks/csf2_to_sp800-53r5.csv),"P08 runbook adopted 2026-09-15. The two 2026 events (AI proof of concept, CJI spreadsheet) were handled within the agencies' clocks but without a plan",P08; incident log,Partially met,Untested runbook; IR-4(1) automation scaled to a printed checklist,Low,Walkthrough (IR-3),Owner-consultant,2026-10-31,None known (Release 5.2.0 is current)
G-075,NIST SP 800-53 Rev. 5 (Release 5.2.0) Moderate baseline,SP 800-53 Rev. 5 IR-5,Incident Monitoring,Base control (Moderate baseline),Yes - county contract requires Moderate safeguards for contractor devices that store county data,DE.AE-03; RS.MA-02; RS.MA-03; RS.MA-04,IR-5,Contract CL-01 (SP 800-53 Rev. 5 Moderate); N92-R02 (CJISSECPOL v6.1 IR-5),Official: NIST CSF 2.0 informative references to SP 800-53 Rev. 5.2.0 (00_universal-framework/crosswalks/csf2_to_sp800-53r5.csv),Incident log started 2026-08-13 with two entries,Incident log,Partially met,Log started only after the gap analysis,Low,Log every suspected incident the same day (POL-01 10.2),Owner-consultant,2026-09-30,None known (Release 5.2.0 is current)
G-076,NIST SP 800-53 Rev. 5 (Release 5.2.0) Moderate baseline,SP 800-53 Rev. 5 IR-6 with Moderate enhancements (1)(3),"Incident Reporting, with its Moderate enhancements",Base control (Moderate baseline),Yes - county contract requires Moderate safeguards for contractor devices that store county data,RS.MA-01; RS.MA-02; RS.MA-03; RS.MA-04; RS.AN-06; RS.AN-07; RS.CO-02; RS.CO-03; RC.CO-03,IR-6; IR-6(1); IR-6(3),Contract CL-01 (SP 800-53 Rev. 5 Moderate); N92-R02 (CJISSECPOL v6.1 IR-6),Official: NIST CSF 2.0 informative references to SP 800-53 Rev. 5.2.0 (00_universal-framework/crosswalks/csf2_to_sp800-53r5.csv),"POL-01 10.2 sets the clocks: sheriff 1 hour, county 24 hours, city same business day, Fla. Stat. 501.171(6)(a) 10 days",POL-01 (adopted 2026-09-15),Partially met,Printed agency contact sheet not done,Moderate,Print the contact sheet and keep copies in the locked file box and with the attorney,Owner-consultant,2026-09-30,None known (Release 5.2.0 is current)
G-077,NIST SP 800-53 Rev. 5 (Release 5.2.0) Moderate baseline,SP 800-53 Rev. 5 IR-7 with Moderate enhancements (1),"Incident Response Assistance, with its Moderate enhancements",Base control (Moderate baseline),Yes - county contract requires Moderate safeguards for contractor devices that store county data,RS.MA-01; RS.MA-04; RS.CO-02; RS.CO-03,IR-7; IR-7(1),Contract CL-01 (SP 800-53 Rev. 5 Moderate); N92-R02 (CJISSECPOL v6.1 IR-7),Official: NIST CSF 2.0 informative references to SP 800-53 Rev. 5.2.0 (00_universal-framework/crosswalks/csf2_to_sp800-53r5.csv),Cyber endorsement breach hotline and panel counsel; IT technician on call,Policy endorsement,Met,None,Very Low,None,Owner-consultant,,None known (Release 5.2.0 is current)
G-078,NIST SP 800-53 Rev. 5 (Release 5.2.0) Moderate baseline,SP 800-53 Rev. 5 IR-8,Incident Response Plan,Base control (Moderate baseline),Yes - county contract requires Moderate safeguards for contractor devices that store county data,ID.IM-01; ID.IM-02; ID.IM-03; ID.IM-04; DE.AE-03; DE.AE-08; RS.MA-01; RS.MA-05; RS.AN-08; RC.RP-01; RC.RP-02; RC.RP-04; RC.RP-06,IR-8,Contract CL-01 (SP 800-53 Rev. 5 Moderate); N92-R02 (CJISSECPOL v6.1 IR-8),Official: NIST CSF 2.0 informative references to SP 800-53 Rev. 5.2.0 (00_universal-framework/crosswalks/csf2_to_sp800-53r5.csv),P08 runbook and notification matrix adopted 2026-09-15,P08,Partially met,Not walked through,Low,Walkthrough (IR-3),Owner-consultant,2026-10-31,None known (Release 5.2.0 is current)
G-079,NIST SP 800-53 Rev. 5 (Release 5.2.0) Moderate baseline,SP 800-53 Rev. 5 MA-1,Policy and Procedures,Base control (Moderate baseline),Yes - county contract requires Moderate safeguards for contractor devices that store county data,GV.OC-03; GV.PO-01; GV.PO-02; GV.OV-01; GV.SC-03; ID.IM-01; ID.IM-02; ID.IM-03,MA-1,Contract CL-01 (SP 800-53 Rev. 5 Moderate); N92-R02 (CJISSECPOL v6.1 MA-1),Official: NIST CSF 2.0 informative references to SP 800-53 Rev. 5.2.0 (00_universal-framework/crosswalks/csf2_to_sp800-53r5.csv),POL-01 6.4 sets rules for remote support and repairs,POL-01 (adopted 2026-09-15),Met,None,Very Low,None,Owner-consultant,,None known (Release 5.2.0 is current)
G-080,NIST SP 800-53 Rev. 5 (Release 5.2.0) Moderate baseline,SP 800-53 Rev. 5 MA-2,Controlled Maintenance,Base control (Moderate baseline),Yes - county contract requires Moderate safeguards for contractor devices that store county data,ID.AM-08,MA-2,Contract CL-01 (SP 800-53 Rev. 5 Moderate); N92-R02 (CJISSECPOL v6.1 MA-2),Official: NIST CSF 2.0 informative references to SP 800-53 Rev. 5.2.0 (00_universal-framework/crosswalks/csf2_to_sp800-53r5.csv),Repairs handled by the IT technician,Self-attestation,Partially met,"No record of repairs, and no rule to remove agency data before a device leaves the owner's control",Low,Remove agency data and keep a repair record before any repair (POL-01 8.6),Owner-consultant,2026-10-31,None known (Release 5.2.0 is current)
G-081,NIST SP 800-53 Rev. 5 (Release 5.2.0) Moderate baseline,SP 800-53 Rev. 5 MA-3 with Moderate enhancements (1)(2)(3),"Maintenance Tools, with its Moderate enhancements",Base control (Moderate baseline),No - the owner uses no maintenance tools on agency systems; the IT technician's remote support tool is covered under MA-4,,MA-3; MA-3(1); MA-3(2); MA-3(3),Contract CL-01 (SP 800-53 Rev. 5 Moderate); N92-R02 (CJISSECPOL v6.1 MA-3),Official crosswalk lists no CSF 2.0 reference for this control,Not applicable: the owner uses no maintenance tools on agency systems; the IT technician's remote support tool is covered under MA-4,,Not applicable,,,,,,None known (Release 5.2.0 is current)
G-082,NIST SP 800-53 Rev. 5 (Release 5.2.0) Moderate baseline,SP 800-53 Rev. 5 MA-4,Nonlocal Maintenance,Base control (Moderate baseline),Yes - county contract requires Moderate safeguards for contractor devices that store county data,,MA-4,Contract CL-01 (SP 800-53 Rev. 5 Moderate); N92-R02 (CJISSECPOL v6.1 MA-4),Official crosswalk lists no CSF 2.0 reference for this control,The IT technician's remote sessions are started and watched by the owner and end when the work ends,Session settings,Met,None,Very Low,None,Owner-consultant,,None known (Release 5.2.0 is current)
G-083,NIST SP 800-53 Rev. 5 (Release 5.2.0) Moderate baseline,SP 800-53 Rev. 5 MA-5,Maintenance Personnel,Base control (Moderate baseline),Yes - county contract requires Moderate safeguards for contractor devices that store county data,,MA-5,Contract CL-01 (SP 800-53 Rev. 5 Moderate); N92-R02 (CJISSECPOL v6.1 MA-5),Official crosswalk lists no CSF 2.0 reference for this control,The IT technician signed an NDA on 2026-08-07 and works only under the owner's supervision; the technician is not screened for CJI and never sees it (none is stored on the laptop),NDA,Met,None,Very Low,None,Owner-consultant,,None known (Release 5.2.0 is current)
G-084,NIST SP 800-53 Rev. 5 (Release 5.2.0) Moderate baseline,SP 800-53 Rev. 5 MA-6,Timely Maintenance,Base control (Moderate baseline),Yes - county contract requires Moderate safeguards for contractor devices that store county data,ID.AM-08,MA-6,Contract CL-01 (SP 800-53 Rev. 5 Moderate); N92-R02 (CJISSECPOL v6.1 MA-6),Official: NIST CSF 2.0 informative references to SP 800-53 Rev. 5.2.0 (00_universal-framework/crosswalks/csf2_to_sp800-53r5.csv),Replacement laptop strategy in P05,P05,Partially met,No spare laptop and no support contract,Low,Same-day replacement plan and build checklist (R-010),Owner-consultant,2026-10-31,None known (Release 5.2.0 is current)
G-085,NIST SP 800-53 Rev. 5 (Release 5.2.0) Moderate baseline,SP 800-53 Rev. 5 MP-1,Policy and Procedures,Base control (Moderate baseline),Yes - county contract requires Moderate safeguards for contractor devices that store county data,GV.OC-03; GV.PO-01; GV.PO-02; GV.OV-01; GV.SC-03; ID.IM-01; ID.IM-02; ID.IM-03,MP-1,Contract CL-01 (SP 800-53 Rev. 5 Moderate); N92-R02 (CJISSECPOL v6.1 MP-1),Official: NIST CSF 2.0 informative references to SP 800-53 Rev. 5.2.0 (00_universal-framework/crosswalks/csf2_to_sp800-53r5.csv),POL-01 section 8 sets media and data handling rules,POL-01 (adopted 2026-09-15),Met,None,Very Low,None,Owner-consultant,,None known (Release 5.2.0 is current)
G-086,NIST SP 800-53 Rev. 5 (Release 5.2.0) Moderate baseline,SP 800-53 Rev. 5 MP-2,Media Access,Base control (Moderate baseline),Yes - county contract requires Moderate safeguards for contractor devices that store county data,,MP-2,Contract CL-01 (SP 800-53 Rev. 5 Moderate); N92-R02 (CJISSECPOL v6.1 MP-2),Official crosswalk lists no CSF 2.0 reference for this control,Paper kept in a locked file box,Home office walkthrough 2026-08-11,Partially met,The USB drive sits in an unlocked drawer that family members can reach,Low,Keep the drive in the locked file box,Owner-consultant,2026-09-30,None known (Release 5.2.0 is current)
G-087,NIST SP 800-53 Rev. 5 (Release 5.2.0) Moderate baseline,SP 800-53 Rev. 5 MP-3,Media Marking,Base control (Moderate baseline),"No - one removable drive, held by the owner; marking adds nothing for a one-person business",,MP-3,Contract CL-01 (SP 800-53 Rev. 5 Moderate); N92-R02 (CJISSECPOL v6.1 MP-3),Official crosswalk lists no CSF 2.0 reference for this control,"Not applicable: one removable drive, held by the owner; marking adds nothing for a one-person business",,Not applicable,,,,,,None known (Release 5.2.0 is current)
G-088,NIST SP 800-53 Rev. 5 (Release 5.2.0) Moderate baseline,SP 800-53 Rev. 5 MP-4,Media Storage,Base control (Moderate baseline),Yes - county contract requires Moderate safeguards for contractor devices that store county data,,MP-4,Contract CL-01 (SP 800-53 Rev. 5 Moderate); N92-R02 (CJISSECPOL v6.1 MP-4),Official crosswalk lists no CSF 2.0 reference for this control,Paper in the locked file box,Home office walkthrough 2026-08-11,Partially met,Unencrypted USB drive with county extracts in an unlocked drawer,Moderate,Encrypted drive kept in the locked file box (R-004),Owner-consultant,2026-09-30,None known (Release 5.2.0 is current)
G-089,NIST SP 800-53 Rev. 5 (Release 5.2.0) Moderate baseline,SP 800-53 Rev. 5 MP-5,Media Transport,Base control (Moderate baseline),Yes - county contract requires Moderate safeguards for contractor devices that store county data,,MP-5,Contract CL-01 (SP 800-53 Rev. 5 Moderate); N92-R02 (CJISSECPOL v6.1 MP-5),Official crosswalk lists no CSF 2.0 reference for this control,The laptop travels encrypted; the USB drive never leaves the home office (POL-01 8.3),Self-attestation,Met,None,Very Low,None,Owner-consultant,,None known (Release 5.2.0 is current)
G-090,NIST SP 800-53 Rev. 5 (Release 5.2.0) Moderate baseline,SP 800-53 Rev. 5 MP-6,Media Sanitization,Base control (Moderate baseline),Yes - county contract requires Moderate safeguards for contractor devices that store county data,,MP-6,Contract CL-01 (SP 800-53 Rev. 5 Moderate); N92-R02 (CJISSECPOL v6.1 MP-6),Official crosswalk lists no CSF 2.0 reference for this control,Paper destroyed with a cross-cut shredder,County contract; P07 test,Not met,County phase 1 extracts not deleted within 30 days of acceptance; no procedure to wipe old devices or certify deletion,Moderate,Delete and certify to the county; device wipe procedure (POL-01 8.5 and 8.6),Owner-consultant,2026-09-30,None known (Release 5.2.0 is current)
G-091,NIST SP 800-53 Rev. 5 (Release 5.2.0) Moderate baseline,SP 800-53 Rev. 5 MP-7,Media Use,Base control (Moderate baseline),Yes - county contract requires Moderate safeguards for contractor devices that store county data,,MP-7,Contract CL-01 (SP 800-53 Rev. 5 Moderate); N92-R02 (CJISSECPOL v6.1 MP-7),Official crosswalk lists no CSF 2.0 reference for this control,POL-01 8.3: only the owner's encrypted drive may be used with the laptop,POL-01 (adopted 2026-09-15),Met,None,Very Low,None,Owner-consultant,,None known (Release 5.2.0 is current)
G-092,NIST SP 800-53 Rev. 5 (Release 5.2.0) Moderate baseline,SP 800-53 Rev. 5 PE-1,Policy and Procedures,Base control (Moderate baseline),Yes - county contract requires Moderate safeguards for contractor devices that store county data,GV.OC-03; GV.PO-01; GV.PO-02; GV.OV-01; GV.SC-03; ID.IM-01; ID.IM-02; ID.IM-03,PE-1,Contract CL-01 (SP 800-53 Rev. 5 Moderate); N92-R02 (CJISSECPOL v6.1 PE-1),Official: NIST CSF 2.0 informative references to SP 800-53 Rev. 5.2.0 (00_universal-framework/crosswalks/csf2_to_sp800-53r5.csv),POL-01 section 9 sets home office and client site rules,POL-01 (adopted 2026-09-15),Met,None,Very Low,None,Owner-consultant,,None known (Release 5.2.0 is current)
G-093,NIST SP 800-53 Rev. 5 (Release 5.2.0) Moderate baseline,SP 800-53 Rev. 5 PE-2,Physical Access Authorizations,Base control (Moderate baseline),Yes - county contract requires Moderate safeguards for contractor devices that store county data,PR.AA-06,PE-2,Contract CL-01 (SP 800-53 Rev. 5 Moderate); N92-R02 (CJISSECPOL v6.1 PE-2),Official: NIST CSF 2.0 informative references to SP 800-53 Rev. 5.2.0 (00_universal-framework/crosswalks/csf2_to_sp800-53r5.csv),Only the owner works in the home office,Walkthrough 2026-08-11,Partially met,Family members can enter the home office when the owner is away,Low,Lock the home office door when away (POL-01 9.2),Owner-consultant,2026-09-30,None known (Release 5.2.0 is current)
G-094,NIST SP 800-53 Rev. 5 (Release 5.2.0) Moderate baseline,SP 800-53 Rev. 5 PE-3,Physical Access Control,Base control (Moderate baseline),Yes - county contract requires Moderate safeguards for contractor devices that store county data,PR.AA-06; DE.CM-02,PE-3,Contract CL-01 (SP 800-53 Rev. 5 Moderate); N92-R02 (CJISSECPOL v6.1 PE-3),Official: NIST CSF 2.0 informative references to SP 800-53 Rev. 5.2.0 (00_universal-framework/crosswalks/csf2_to_sp800-53r5.csv),Lockable door and locked file box,Walkthrough 2026-08-11,Partially met,Door often left unlocked; drawer with the USB drive unlocked,Low,Same as PE-2 and MP-2,Owner-consultant,2026-09-30,None known (Release 5.2.0 is current)
G-095,NIST SP 800-53 Rev. 5 (Release 5.2.0) Moderate baseline,SP 800-53 Rev. 5 PE-4,Access Control for Transmission,Base control (Moderate baseline),No - the owner has no transmission lines to protect; the home internet line belongs to the ISP,PR.AA-06,PE-4,Contract CL-01 (SP 800-53 Rev. 5 Moderate); N92-R02 (CJISSECPOL v6.1 PE-4),Official: NIST CSF 2.0 informative references to SP 800-53 Rev. 5.2.0 (00_universal-framework/crosswalks/csf2_to_sp800-53r5.csv),Not applicable: the owner has no transmission lines to protect; the home internet line belongs to the ISP,,Not applicable,,,,,,None known (Release 5.2.0 is current)
G-096,NIST SP 800-53 Rev. 5 (Release 5.2.0) Moderate baseline,SP 800-53 Rev. 5 PE-5,Access Control for Output Devices,Base control (Moderate baseline),Yes - county contract requires Moderate safeguards for contractor devices that store county data,PR.AA-06,PE-5,Contract CL-01 (SP 800-53 Rev. 5 Moderate); N92-R02 (CJISSECPOL v6.1 PE-5),Official: NIST CSF 2.0 informative references to SP 800-53 Rev. 5.2.0 (00_universal-framework/crosswalks/csf2_to_sp800-53r5.csv),The home printer sits in the home office; printouts are collected at once and no CJI is ever printed,Walkthrough 2026-08-11,Met,None,Very Low,None,Owner-consultant,,None known (Release 5.2.0 is current)
G-097,NIST SP 800-53 Rev. 5 (Release 5.2.0) Moderate baseline,SP 800-53 Rev. 5 PE-6 with Moderate enhancements (1),"Monitoring Physical Access, with its Moderate enhancements",Base control (Moderate baseline),No - residential home office with no facility monitoring; compensated by full-disk encryption and the locked file box,PR.AA-06; DE.CM-02,PE-6; PE-6(1),Contract CL-01 (SP 800-53 Rev. 5 Moderate); N92-R02 (CJISSECPOL v6.1 PE-6),Official: NIST CSF 2.0 informative references to SP 800-53 Rev. 5.2.0 (00_universal-framework/crosswalks/csf2_to_sp800-53r5.csv),Not applicable: residential home office with no facility monitoring; compensated by full-disk encryption and the locked file box,,Not applicable,,,,,,None known (Release 5.2.0 is current)
G-098,NIST SP 800-53 Rev. 5 (Release 5.2.0) Moderate baseline,SP 800-53 Rev. 5 PE-8,Visitor Access Records,Base control (Moderate baseline),No - no business visitors come to the home office,PR.AA-06,PE-8,Contract CL-01 (SP 800-53 Rev. 5 Moderate); N92-R02 (CJISSECPOL v6.1 PE-8),Official: NIST CSF 2.0 informative references to SP 800-53 Rev. 5.2.0 (00_universal-framework/crosswalks/csf2_to_sp800-53r5.csv),Not applicable: no business visitors come to the home office,,Not applicable,,,,,,None known (Release 5.2.0 is current)
G-099,NIST SP 800-53 Rev. 5 (Release 5.2.0) Moderate baseline,SP 800-53 Rev. 5 PE-9,Power Equipment and Cabling,Base control (Moderate baseline),No - residential wiring; the SaaS providers' facilities are covered by their own controls,PR.IR-02,PE-9,Contract CL-01 (SP 800-53 Rev. 5 Moderate); N92-R02 (CJISSECPOL v6.1 PE-9),Official: NIST CSF 2.0 informative references to SP 800-53 Rev. 5.2.0 (00_universal-framework/crosswalks/csf2_to_sp800-53r5.csv),Not applicable: residential wiring; the SaaS providers' facilities are covered by their own controls,,Not applicable,,,,,,None known (Release 5.2.0 is current)
G-100,NIST SP 800-53 Rev. 5 (Release 5.2.0) Moderate baseline,SP 800-53 Rev. 5 PE-10,Emergency Shutoff,Base control (Moderate baseline),No - no equipment room needing an emergency shutoff,PR.IR-02,PE-10,Contract CL-01 (SP 800-53 Rev. 5 Moderate); N92-R02 (CJISSECPOL v6.1 PE-10),Official: NIST CSF 2.0 informative references to SP 800-53 Rev. 5.2.0 (00_universal-framework/crosswalks/csf2_to_sp800-53r5.csv),Not applicable: no equipment room needing an emergency shutoff,,Not applicable,,,,,,None known (Release 5.2.0 is current)
G-101,NIST SP 800-53 Rev. 5 (Release 5.2.0) Moderate baseline,SP 800-53 Rev. 5 PE-11,Emergency Power,Base control (Moderate baseline),No - no equipment needing emergency power; the laptop battery and phone hotspot cover short outages (P05),PR.IR-02,PE-11,Contract CL-01 (SP 800-53 Rev. 5 Moderate); N92-R02 (CJISSECPOL v6.1 PE-11),Official: NIST CSF 2.0 informative references to SP 800-53 Rev. 5.2.0 (00_universal-framework/crosswalks/csf2_to_sp800-53r5.csv),Not applicable: no equipment needing emergency power; the laptop battery and phone hotspot cover short outages (P05),,Not applicable,,,,,,None known (Release 5.2.0 is current)
G-102,NIST SP 800-53 Rev. 5 (Release 5.2.0) Moderate baseline,SP 800-53 Rev. 5 PE-12,Emergency Lighting,Base control (Moderate baseline),No - residential home office; no facility emergency lighting requirement,PR.IR-02,PE-12,Contract CL-01 (SP 800-53 Rev. 5 Moderate); N92-R02 (CJISSECPOL v6.1 PE-12),Official: NIST CSF 2.0 informative references to SP 800-53 Rev. 5.2.0 (00_universal-framework/crosswalks/csf2_to_sp800-53r5.csv),Not applicable: residential home office; no facility emergency lighting requirement,,Not applicable,,,,,,None known (Release 5.2.0 is current)
G-103,NIST SP 800-53 Rev. 5 (Release 5.2.0) Moderate baseline,SP 800-53 Rev. 5 PE-13 with Moderate enhancements (1),"Fire Protection, with its Moderate enhancements",Base control (Moderate baseline),No - residential fire protection only; data is protected by cloud copies (CP-6),PR.IR-02,PE-13; PE-13(1),Contract CL-01 (SP 800-53 Rev. 5 Moderate); N92-R02 (CJISSECPOL v6.1 PE-13),Official: NIST CSF 2.0 informative references to SP 800-53 Rev. 5.2.0 (00_universal-framework/crosswalks/csf2_to_sp800-53r5.csv),Not applicable: residential fire protection only; data is protected by cloud copies (CP-6),,Not applicable,,,,,,None known (Release 5.2.0 is current)
G-104,NIST SP 800-53 Rev. 5 (Release 5.2.0) Moderate baseline,SP 800-53 Rev. 5 PE-14,Environmental Controls,Base control (Moderate baseline),No - no equipment room needing environmental controls,PR.IR-02,PE-14,Contract CL-01 (SP 800-53 Rev. 5 Moderate); N92-R02 (CJISSECPOL v6.1 PE-14),Official: NIST CSF 2.0 informative references to SP 800-53 Rev. 5.2.0 (00_universal-framework/crosswalks/csf2_to_sp800-53r5.csv),Not applicable: no equipment room needing environmental controls,,Not applicable,,,,,,None known (Release 5.2.0 is current)
G-105,NIST SP 800-53 Rev. 5 (Release 5.2.0) Moderate baseline,SP 800-53 Rev. 5 PE-15,Water Damage Protection,Base control (Moderate baseline),No - no equipment room; cloud copies cover water damage to the laptop,PR.IR-02,PE-15,Contract CL-01 (SP 800-53 Rev. 5 Moderate); N92-R02 (CJISSECPOL v6.1 PE-15),Official: NIST CSF 2.0 informative references to SP 800-53 Rev. 5.2.0 (00_universal-framework/crosswalks/csf2_to_sp800-53r5.csv),Not applicable: no equipment room; cloud copies cover water damage to the laptop,,Not applicable,,,,,,None known (Release 5.2.0 is current)
G-106,NIST SP 800-53 Rev. 5 (Release 5.2.0) Moderate baseline,SP 800-53 Rev. 5 PE-16,Delivery and Removal,Base control (Moderate baseline),No - no system components are delivered to or removed from a facility beyond the owner's own laptop,,PE-16,Contract CL-01 (SP 800-53 Rev. 5 Moderate); N92-R02 (CJISSECPOL v6.1 PE-16),Official crosswalk lists no CSF 2.0 reference for this control,Not applicable: no system components are delivered to or removed from a facility beyond the owner's own laptop,,Not applicable,,,,,,None known (Release 5.2.0 is current)
G-107,NIST SP 800-53 Rev. 5 (Release 5.2.0) Moderate baseline,SP 800-53 Rev. 5 PE-17,Alternate Work Site,Base control (Moderate baseline),Yes - county contract requires Moderate safeguards for contractor devices that store county data,,PE-17,Contract CL-01 (SP 800-53 Rev. 5 Moderate); N92-R02 (CJISSECPOL v6.1 PE-17),Official crosswalk lists no CSF 2.0 reference for this control,"POL-01 9.2: agency work only at the home office or client offices, never on public Wi-Fi (phone hotspot instead)",POL-01 (adopted 2026-09-15),Met,None,Very Low,None,Owner-consultant,,None known (Release 5.2.0 is current)
G-108,NIST SP 800-53 Rev. 5 (Release 5.2.0) Moderate baseline,SP 800-53 Rev. 5 PL-1,Policy and Procedures,Base control (Moderate baseline),Yes - county contract requires Moderate safeguards for contractor devices that store county data,GV.OC-03; GV.PO-01; GV.PO-02; GV.OV-01; GV.SC-03; ID.IM-01; ID.IM-02; ID.IM-03,PL-1,Contract CL-01 (SP 800-53 Rev. 5 Moderate); N92-R02 (CJISSECPOL v6.1 PL-1),Official: NIST CSF 2.0 informative references to SP 800-53 Rev. 5.2.0 (00_universal-framework/crosswalks/csf2_to_sp800-53r5.csv),POL-01 adopted 2026-09-15,POL-01 (adopted 2026-09-15),Met,None,Very Low,None,Owner-consultant,,None known (Release 5.2.0 is current)
G-109,NIST SP 800-53 Rev. 5 (Release 5.2.0) Moderate baseline,SP 800-53 Rev. 5 PL-2,System Security and Privacy Plans,Base control (Moderate baseline),Yes - county contract requires Moderate safeguards for contractor devices that store county data,ID.AM-03; ID.AM-08; ID.IM-01; ID.IM-02; ID.IM-03; ID.IM-04,PL-2,Contract CL-01 (SP 800-53 Rev. 5 Moderate); N92-R02 (CJISSECPOL v6.1 PL-2),Official: NIST CSF 2.0 informative references to SP 800-53 Rev. 5.2.0 (00_universal-framework/crosswalks/csf2_to_sp800-53r5.csv),Short-form system security plan approved 2026-09-15,P02,Met,None,Very Low,Review each August,Owner-consultant,,None known (Release 5.2.0 is current)
G-110,NIST SP 800-53 Rev. 5 (Release 5.2.0) Moderate baseline,SP 800-53 Rev. 5 PL-4 with Moderate enhancements (1),"Rules of Behavior, with its Moderate enhancements",Base control (Moderate baseline),Yes - county contract requires Moderate safeguards for contractor devices that store county data,,PL-4; PL-4(1),Contract CL-01 (SP 800-53 Rev. 5 Moderate); N92-R02 (CJISSECPOL v6.1 PL-4),Official crosswalk lists no CSF 2.0 reference for this control,"POL-01 sections 8 and 9 are the owner's rules of behavior, including social media (PL-4(1)); agency rules signed (county acceptable use, Security Addendum certification)",POL-01; signed agreements,Met,None,Very Low,None,Owner-consultant,,None known (Release 5.2.0 is current)
G-111,NIST SP 800-53 Rev. 5 (Release 5.2.0) Moderate baseline,SP 800-53 Rev. 5 PL-8,Security and Privacy Architectures,Base control (Moderate baseline),No - the owner designs no system architecture; the SaaS stack is mapped in P04,ID.AM-03,PL-8,Contract CL-01 (SP 800-53 Rev. 5 Moderate); N92-R02 (CJISSECPOL v6.1 PL-8),Official: NIST CSF 2.0 informative references to SP 800-53 Rev. 5.2.0 (00_universal-framework/crosswalks/csf2_to_sp800-53r5.csv),Not applicable: the owner designs no system architecture; the SaaS stack is mapped in P04,,Not applicable,,,,,,None known (Release 5.2.0 is current)
G-112,NIST SP 800-53 Rev. 5 (Release 5.2.0) Moderate baseline,SP 800-53 Rev. 5 PL-10,Baseline Selection,Base control (Moderate baseline),Yes - county contract requires Moderate safeguards for contractor devices that store county data,,PL-10,Contract CL-01 (SP 800-53 Rev. 5 Moderate); N92-R02 (CJISSECPOL v6.1 PL-10),Official crosswalk lists no CSF 2.0 reference for this control,Moderate baseline selected (P02 section 6),P02,Met,None,Very Low,None,Owner-consultant,,None known (Release 5.2.0 is current)
G-113,NIST SP 800-53 Rev. 5 (Release 5.2.0) Moderate baseline,SP 800-53 Rev. 5 PL-11,Baseline Tailoring,Base control (Moderate baseline),Yes - county contract requires Moderate safeguards for contractor devices that store county data,,PL-11,Contract CL-01 (SP 800-53 Rev. 5 Moderate); N92-R02 (CJISSECPOL v6.1 PL-11),Official crosswalk lists no CSF 2.0 reference for this control,Baseline tailored to the owner's duties (P02 section 6 and this analysis),P02; this file,Met,None,Very Low,None,Owner-consultant,,None known (Release 5.2.0 is current)
G-114,NIST SP 800-53 Rev. 5 (Release 5.2.0) Moderate baseline,SP 800-53 Rev. 5 PS-1,Policy and Procedures,Base control (Moderate baseline),Yes - county contract requires Moderate safeguards for contractor devices that store county data,GV.OC-03; GV.RR-04; GV.PO-01; GV.PO-02; GV.OV-01; GV.SC-03; ID.IM-01; ID.IM-02; ID.IM-03,PS-1,Contract CL-01 (SP 800-53 Rev. 5 Moderate); N92-R02 (CJISSECPOL v6.1 PS-1),Official: NIST CSF 2.0 informative references to SP 800-53 Rev. 5.2.0 (00_universal-framework/crosswalks/csf2_to_sp800-53r5.csv),"POL-01 section 5 covers screening, agreements, and outside help",POL-01 (adopted 2026-09-15),Met,None,Very Low,None,Owner-consultant,,None known (Release 5.2.0 is current)
G-115,NIST SP 800-53 Rev. 5 (Release 5.2.0) Moderate baseline,SP 800-53 Rev. 5 PS-2,Position Risk Designation,Base control (Moderate baseline),No - no positions; the owner is the only person,,PS-2,Contract CL-01 (SP 800-53 Rev. 5 Moderate); N92-R02 (CJISSECPOL v6.1 PS-2),Official crosswalk lists no CSF 2.0 reference for this control,Not applicable: no positions; the owner is the only person,,Not applicable,,,,,,None known (Release 5.2.0 is current)
G-116,NIST SP 800-53 Rev. 5 (Release 5.2.0) Moderate baseline,SP 800-53 Rev. 5 PS-3,Personnel Screening,Base control (Moderate baseline),Yes - county contract requires Moderate safeguards for contractor devices that store county data,,PS-3,Contract CL-01 (SP 800-53 Rev. 5 Moderate); N92-R02 (CJISSECPOL v6.1 PS-3),Official crosswalk lists no CSF 2.0 reference for this control,State and national fingerprint-based record checks run by the sheriff before CJI access (November 2025),Sheriff access approval letter,Met,None,Very Low,None,Owner-consultant,,None known (Release 5.2.0 is current)
G-117,NIST SP 800-53 Rev. 5 (Release 5.2.0) Moderate baseline,SP 800-53 Rev. 5 PS-4,Personnel Termination,Base control (Moderate baseline),No - no employees to terminate,,PS-4,Contract CL-01 (SP 800-53 Rev. 5 Moderate); N92-R02 (CJISSECPOL v6.1 PS-4),Official crosswalk lists no CSF 2.0 reference for this control,Not applicable: no employees to terminate,,Not applicable,,,,,,None known (Release 5.2.0 is current)
G-118,NIST SP 800-53 Rev. 5 (Release 5.2.0) Moderate baseline,SP 800-53 Rev. 5 PS-5,Personnel Transfer,Base control (Moderate baseline),No - no employees to transfer,,PS-5,Contract CL-01 (SP 800-53 Rev. 5 Moderate); N92-R02 (CJISSECPOL v6.1 PS-5),Official crosswalk lists no CSF 2.0 reference for this control,Not applicable: no employees to transfer,,Not applicable,,,,,,None known (Release 5.2.0 is current)
G-119,NIST SP 800-53 Rev. 5 (Release 5.2.0) Moderate baseline,SP 800-53 Rev. 5 PS-6,Access Agreements,Base control (Moderate baseline),Yes - county contract requires Moderate safeguards for contractor devices that store county data,,PS-6,Contract CL-01 (SP 800-53 Rev. 5 Moderate); N92-R02 (CJISSECPOL v6.1 PS-6),Official crosswalk lists no CSF 2.0 reference for this control,"Security Addendum certification (held by the sheriff), county acceptable use agreement, city confidentiality terms, IT technician NDA",Signed agreements folder,Met,None,Very Low,None,Owner-consultant,,None known (Release 5.2.0 is current)
G-120,NIST SP 800-53 Rev. 5 (Release 5.2.0) Moderate baseline,SP 800-53 Rev. 5 PS-7,External Personnel Security,Base control (Moderate baseline),Yes - county contract requires Moderate safeguards for contractor devices that store county data,GV.RR-04; DE.CM-06,PS-7,Contract CL-01 (SP 800-53 Rev. 5 Moderate); N92-R02 (CJISSECPOL v6.1 PS-7),Official: NIST CSF 2.0 informative references to SP 800-53 Rev. 5.2.0 (00_universal-framework/crosswalks/csf2_to_sp800-53r5.csv),"The IT technician works under an NDA with no standing access, in sessions the owner watches",NDA; POL-01 6.4,Met,None,Very Low,None,Owner-consultant,,None known (Release 5.2.0 is current)
G-121,NIST SP 800-53 Rev. 5 (Release 5.2.0) Moderate baseline,SP 800-53 Rev. 5 PS-8,Personnel Sanctions,Base control (Moderate baseline),No - no workforce to sanction; the IT technician is bound by contract and NDA,,PS-8,Contract CL-01 (SP 800-53 Rev. 5 Moderate); N92-R02 (CJISSECPOL v6.1 PS-8),Official crosswalk lists no CSF 2.0 reference for this control,Not applicable: no workforce to sanction; the IT technician is bound by contract and NDA,,Not applicable,,,,,,None known (Release 5.2.0 is current)
G-122,NIST SP 800-53 Rev. 5 (Release 5.2.0) Moderate baseline,SP 800-53 Rev. 5 PS-9,Position Descriptions,Base control (Moderate baseline),No - no positions to describe,GV.RR-04,PS-9,Contract CL-01 (SP 800-53 Rev. 5 Moderate); N92-R02 (CJISSECPOL v6.1 PS-9),Official: NIST CSF 2.0 informative references to SP 800-53 Rev. 5.2.0 (00_universal-framework/crosswalks/csf2_to_sp800-53r5.csv),Not applicable: no positions to describe,,Not applicable,,,,,,None known (Release 5.2.0 is current)
G-123,NIST SP 800-53 Rev. 5 (Release 5.2.0) Moderate baseline,SP 800-53 Rev. 5 RA-1,Policy and Procedures,Base control (Moderate baseline),Yes - county contract requires Moderate safeguards for contractor devices that store county data,GV.OC-03; GV.PO-01; GV.PO-02; GV.OV-01; GV.SC-03; ID.IM-01; ID.IM-02; ID.IM-03,RA-1,Contract CL-01 (SP 800-53 Rev. 5 Moderate); N92-R02 (CJISSECPOL v6.1 RA-1),Official: NIST CSF 2.0 informative references to SP 800-53 Rev. 5.2.0 (00_universal-framework/crosswalks/csf2_to_sp800-53r5.csv),POL-01 4.3 sets the yearly risk assessment,POL-01 (adopted 2026-09-15),Met,None,Very Low,None,Owner-consultant,,None known (Release 5.2.0 is current)
G-124,NIST SP 800-53 Rev. 5 (Release 5.2.0) Moderate baseline,SP 800-53 Rev. 5 RA-2,Security Categorization,Base control (Moderate baseline),Yes - county contract requires Moderate safeguards for contractor devices that store county data,ID.AM-05; ID.RA-04; ID.RA-05,RA-2,Contract CL-01 (SP 800-53 Rev. 5 Moderate); N92-R02 (CJISSECPOL v6.1 RA-2),Official: NIST CSF 2.0 informative references to SP 800-53 Rev. 5.2.0 (00_universal-framework/crosswalks/csf2_to_sp800-53r5.csv),Security categorization in P02 section 6 (Moderate),P02,Met,None,Very Low,None,Owner-consultant,,None known (Release 5.2.0 is current)
G-125,NIST SP 800-53 Rev. 5 (Release 5.2.0) Moderate baseline,SP 800-53 Rev. 5 RA-3 with Moderate enhancements (1),"Risk Assessment, with its Moderate enhancements",Base control (Moderate baseline),Yes - county contract requires Moderate safeguards for contractor devices that store county data,GV.RM-06; GV.RM-07; GV.SC-03; GV.SC-09; GV.SC-10; ID.AM-05; ID.RA-01; ID.RA-03; ID.RA-04; ID.RA-05; ID.IM-01; ID.IM-02; ID.IM-03; DE.AE-07; RS.AN-08,RA-3; RA-3(1),Contract CL-01 (SP 800-53 Rev. 5 Moderate); N92-R02 (CJISSECPOL v6.1 RA-3),Official: NIST CSF 2.0 informative references to SP 800-53 Rev. 5.2.0 (00_universal-framework/crosswalks/csf2_to_sp800-53r5.csv),First risk assessment completed 2026-08-14 (P01); supply chain risks of SaaS providers included (RA-3(1)),P01,Met,None,Very Low,Update each August and after major changes,Owner-consultant,2027-08-31,None known (Release 5.2.0 is current)
G-126,NIST SP 800-53 Rev. 5 (Release 5.2.0) Moderate baseline,SP 800-53 Rev. 5 RA-5 with Moderate enhancements (2)(5)(11),"Vulnerability Monitoring and Scanning, with its Moderate enhancements",Base control (Moderate baseline),Yes - county contract requires Moderate safeguards for contractor devices that store county data,GV.SC-10; ID.RA-01; ID.RA-08; ID.IM-01; ID.IM-02; ID.IM-03,RA-5; RA-5(2); RA-5(5); RA-5(11),Contract CL-01 (SP 800-53 Rev. 5 Moderate); N92-R02 (CJISSECPOL v6.1 RA-5),Official: NIST CSF 2.0 informative references to SP 800-53 Rev. 5.2.0 (00_universal-framework/crosswalks/csf2_to_sp800-53r5.csv),Automatic updates only,Update history,Partially met,No vulnerability check of the laptop or router; RA-5(11) public disclosure program not relevant,Low,IT technician runs a vulnerability check of the laptop and router each August with P07,Owner-consultant,2027-08-31,None known (Release 5.2.0 is current)
G-127,NIST SP 800-53 Rev. 5 (Release 5.2.0) Moderate baseline,SP 800-53 Rev. 5 RA-7,Risk Response,Base control (Moderate baseline),Yes - county contract requires Moderate safeguards for contractor devices that store county data,GV.OC-05; GV.RM-01; GV.RM-03; GV.OV-01; GV.OV-02; GV.OV-03; GV.SC-03; GV.SC-09; GV.SC-10; ID.RA-05; ID.RA-06; ID.IM-01; ID.IM-02; ID.IM-03; RS.AN-08,RA-7,Contract CL-01 (SP 800-53 Rev. 5 Moderate); N92-R02 (CJISSECPOL v6.1 RA-7),Official: NIST CSF 2.0 informative references to SP 800-53 Rev. 5.2.0 (00_universal-framework/crosswalks/csf2_to_sp800-53r5.csv),"Each risk has a treatment, owner, and date (P01)",P01,Met,None,Very Low,None,Owner-consultant,,None known (Release 5.2.0 is current)
G-128,NIST SP 800-53 Rev. 5 (Release 5.2.0) Moderate baseline,SP 800-53 Rev. 5 RA-9,Criticality Analysis,Base control (Moderate baseline),Yes - county contract requires Moderate safeguards for contractor devices that store county data,GV.OC-04; GV.SC-04; GV.SC-07; ID.AM-05; ID.RA-04,RA-9,Contract CL-01 (SP 800-53 Rev. 5 Moderate); N92-R02 (CJISSECPOL v6.1 RA-9),Official: NIST CSF 2.0 informative references to SP 800-53 Rev. 5.2.0 (00_universal-framework/crosswalks/csf2_to_sp800-53r5.csv),Critical functions and the components they rely on identified in the BIA (P05),P05,Met,None,Very Low,None,Owner-consultant,,None known (Release 5.2.0 is current)
G-129,NIST SP 800-53 Rev. 5 (Release 5.2.0) Moderate baseline,SP 800-53 Rev. 5 SA-1,Policy and Procedures,Base control (Moderate baseline),Yes - county contract requires Moderate safeguards for contractor devices that store county data,GV.OC-03; GV.PO-01; GV.PO-02; GV.OV-01; GV.SC-03; ID.IM-01; ID.IM-02; ID.IM-03,SA-1,Contract CL-01 (SP 800-53 Rev. 5 Moderate); N92-R02 (CJISSECPOL v6.1 SA-1),Official: NIST CSF 2.0 informative references to SP 800-53 Rev. 5.2.0 (00_universal-framework/crosswalks/csf2_to_sp800-53r5.csv),POL-01 section 6 sets provider rules,POL-01 (adopted 2026-09-15),Partially met,No provider review checklist,Low,One-page provider review checklist (SA-9),Owner-consultant,2026-10-31,None known (Release 5.2.0 is current)
G-130,NIST SP 800-53 Rev. 5 (Release 5.2.0) Moderate baseline,SP 800-53 Rev. 5 SA-2,Allocation of Resources,Base control (Moderate baseline),Yes - county contract requires Moderate safeguards for contractor devices that store county data,,SA-2,Contract CL-01 (SP 800-53 Rev. 5 Moderate); N92-R02 (CJISSECPOL v6.1 SA-2),Official crosswalk lists no CSF 2.0 reference for this control,Security budget of about $300 a year set in P01,P01,Met,None,Very Low,None,Owner-consultant,,None known (Release 5.2.0 is current)
G-131,NIST SP 800-53 Rev. 5 (Release 5.2.0) Moderate baseline,SP 800-53 Rev. 5 SA-3,System Development Life Cycle,Base control (Moderate baseline),Yes - county contract requires Moderate safeguards for contractor devices that store county data,ID.AM-08; PR.PS-06,SA-3,Contract CL-01 (SP 800-53 Rev. 5 Moderate); N92-R02 (CJISSECPOL v6.1 SA-3),Official: NIST CSF 2.0 informative references to SP 800-53 Rev. 5.2.0 (00_universal-framework/crosswalks/csf2_to_sp800-53r5.csv),Migration scripts and report logic go through each agency's test and approval before production,County load sign-offs,Partially met,No written steps for the owner's own development work,Low,"Short development checklist in POL-01 9.4 (test data only, review before handover)",Owner-consultant,2026-10-31,None known (Release 5.2.0 is current)
G-132,NIST SP 800-53 Rev. 5 (Release 5.2.0) Moderate baseline,SP 800-53 Rev. 5 SA-4 with Moderate enhancements (1)(2)(9)(10),"Acquisition Process, with its Moderate enhancements",Base control (Moderate baseline),Yes - county contract requires Moderate safeguards for contractor devices that store county data,GV.SC-05; GV.SC-06; GV.SC-07; GV.SC-08; GV.SC-09; GV.SC-10; ID.AM-08; ID.RA-09; ID.IM-03; DE.CM-06,SA-4; SA-4(1); SA-4(2); SA-4(9); SA-4(10),Contract CL-01 (SP 800-53 Rev. 5 Moderate); N92-R02 (CJISSECPOL v6.1 SA-4),Official: NIST CSF 2.0 informative references to SP 800-53 Rev. 5.2.0 (00_universal-framework/crosswalks/csf2_to_sp800-53r5.csv),SaaS services bought on click-through terms,Provider terms,Partially met,No security or data-use requirements checked before purchase; the AI assistant plan has no data agreement,Moderate,"Check data use, location, breach notice, and MFA before buying any service that may hold agency data",Owner-consultant,2026-10-31,None known (Release 5.2.0 is current)
G-133,NIST SP 800-53 Rev. 5 (Release 5.2.0) Moderate baseline,SP 800-53 Rev. 5 SA-5,System Documentation,Base control (Moderate baseline),Yes - county contract requires Moderate safeguards for contractor devices that store county data,ID.AM-02; ID.RA-09,SA-5,Contract CL-01 (SP 800-53 Rev. 5 Moderate); N92-R02 (CJISSECPOL v6.1 SA-5),Official: NIST CSF 2.0 informative references to SP 800-53 Rev. 5.2.0 (00_universal-framework/crosswalks/csf2_to_sp800-53r5.csv),Provider administrator documentation and the owner's P02 and P04 records,P02; P04,Met,None,Very Low,None,Owner-consultant,,None known (Release 5.2.0 is current)
G-134,NIST SP 800-53 Rev. 5 (Release 5.2.0) Moderate baseline,SP 800-53 Rev. 5 SA-8,Security and Privacy Engineering Principles,Base control (Moderate baseline),No - the owner designs no system; agencies apply their own engineering principles to their systems,ID.AM-08; ID.IM-01; ID.IM-02; ID.IM-03; PR.DS-10; PR.PS-06; PR.IR-03,SA-8,Contract CL-01 (SP 800-53 Rev. 5 Moderate); N92-R02 (CJISSECPOL v6.1 SA-8),Official: NIST CSF 2.0 informative references to SP 800-53 Rev. 5.2.0 (00_universal-framework/crosswalks/csf2_to_sp800-53r5.csv),Not applicable: the owner designs no system; agencies apply their own engineering principles to their systems,,Not applicable,,,,,,None known (Release 5.2.0 is current)
G-135,NIST SP 800-53 Rev. 5 (Release 5.2.0) Moderate baseline,SP 800-53 Rev. 5 SA-9 with Moderate enhancements (2),"External System Services, with its Moderate enhancements",Base control (Moderate baseline),Yes - county contract requires Moderate safeguards for contractor devices that store county data,GV.OC-05; GV.SC-04; GV.SC-05; GV.SC-06; GV.SC-07; GV.SC-08; GV.SC-09; GV.SC-10; ID.AM-02; ID.AM-04; DE.CM-06,SA-9; SA-9(2),Contract CL-01 (SP 800-53 Rev. 5 Moderate); N92-R02 (CJISSECPOL v6.1 SA-9),Official: NIST CSF 2.0 informative references to SP 800-53 Rev. 5.2.0 (00_universal-framework/crosswalks/csf2_to_sp800-53r5.csv),Productivity suite SOC 2 report reviewed 2026-08-13 (P09),P09 vendor review,Partially met,"AI assistant, password manager, accounting, and website providers never reviewed; agency data went into the AI assistant",Moderate,Provider list with a yearly review; no agency data in a service without an agency-approved data agreement (POL-01 6.1),Owner-consultant,2026-10-31,None known (Release 5.2.0 is current)
G-136,NIST SP 800-53 Rev. 5 (Release 5.2.0) Moderate baseline,SP 800-53 Rev. 5 SA-10,Developer Configuration Management,Base control (Moderate baseline),Yes - county contract requires Moderate safeguards for contractor devices that store county data,ID.RA-09; PR.PS-06,SA-10,Contract CL-01 (SP 800-53 Rev. 5 Moderate); N92-R02 (CJISSECPOL v6.1 SA-10),Official: NIST CSF 2.0 informative references to SP 800-53 Rev. 5.2.0 (00_universal-framework/crosswalks/csf2_to_sp800-53r5.csv),Scripts kept under version control in a local repository,Repository history,Partially met,No off-device copy of the repository,Low,Daily push to the business cloud storage (CP-9),Owner-consultant,2026-10-31,None known (Release 5.2.0 is current)
G-137,NIST SP 800-53 Rev. 5 (Release 5.2.0) Moderate baseline,SP 800-53 Rev. 5 SA-11,Developer Testing and Evaluation,Base control (Moderate baseline),Yes - county contract requires Moderate safeguards for contractor devices that store county data,ID.RA-09; ID.IM-01; ID.IM-02; ID.IM-03; PR.PS-06,SA-11,Contract CL-01 (SP 800-53 Rev. 5 Moderate); N92-R02 (CJISSECPOL v6.1 SA-11),Official: NIST CSF 2.0 informative references to SP 800-53 Rev. 5.2.0 (00_universal-framework/crosswalks/csf2_to_sp800-53r5.csv),"Every migration is test-loaded and reconciled by record counts, then signed off by the county",County load sign-offs,Met,None,Very Low,None,Owner-consultant,,None known (Release 5.2.0 is current)
G-138,NIST SP 800-53 Rev. 5 (Release 5.2.0) Moderate baseline,SP 800-53 Rev. 5 SA-15 with Moderate enhancements (3),"Development Process, Standards, and Tools, with its Moderate enhancements",Base control (Moderate baseline),No - the owner uses standard agency tools and a scripting language; a development process standard is not reasonable at this size (SA-3 checklist instead),ID.RA-09; PR.PS-06,SA-15; SA-15(3),Contract CL-01 (SP 800-53 Rev. 5 Moderate); N92-R02 (CJISSECPOL v6.1 SA-15),Official: NIST CSF 2.0 informative references to SP 800-53 Rev. 5.2.0 (00_universal-framework/crosswalks/csf2_to_sp800-53r5.csv),Not applicable: the owner uses standard agency tools and a scripting language; a development process standard is not reasonable at this size (SA-3 checklist instead),,Not applicable,,,,,,None known (Release 5.2.0 is current)
G-139,NIST SP 800-53 Rev. 5 (Release 5.2.0) Moderate baseline,SP 800-53 Rev. 5 SA-22,Unsupported System Components,Base control (Moderate baseline),Yes - county contract requires Moderate safeguards for contractor devices that store county data,ID.AM-08,SA-22,Contract CL-01 (SP 800-53 Rev. 5 Moderate); N92-R02 (CJISSECPOL v6.1 SA-22),Official: NIST CSF 2.0 informative references to SP 800-53 Rev. 5.2.0 (00_universal-framework/crosswalks/csf2_to_sp800-53r5.csv),Laptop and phone operating systems are supported,Device review,Partially met,Router support status unknown,Low,Check router support; replace it if unsupported,Owner-consultant,2026-10-31,None known (Release 5.2.0 is current)
G-140,NIST SP 800-53 Rev. 5 (Release 5.2.0) Moderate baseline,SP 800-53 Rev. 5 SC-1,Policy and Procedures,Base control (Moderate baseline),Yes - county contract requires Moderate safeguards for contractor devices that store county data,GV.OC-03; GV.PO-01; GV.PO-02; GV.OV-01; GV.SC-03; ID.IM-01; ID.IM-02; ID.IM-03,SC-1,Contract CL-01 (SP 800-53 Rev. 5 Moderate); N92-R02 (CJISSECPOL v6.1 SC-1),Official: NIST CSF 2.0 informative references to SP 800-53 Rev. 5.2.0 (00_universal-framework/crosswalks/csf2_to_sp800-53r5.csv),POL-01 sections 8 and 9 set communications and data protection rules,POL-01 (adopted 2026-09-15),Met,None,Very Low,None,Owner-consultant,,None known (Release 5.2.0 is current)
G-141,NIST SP 800-53 Rev. 5 (Release 5.2.0) Moderate baseline,SP 800-53 Rev. 5 SC-2,Separation of System and User Functionality,Base control (Moderate baseline),No - the owner hosts no system with separate user and administrator functions,,SC-2,Contract CL-01 (SP 800-53 Rev. 5 Moderate); N92-R02 (CJISSECPOL v6.1 SC-2),Official crosswalk lists no CSF 2.0 reference for this control,Not applicable: the owner hosts no system with separate user and administrator functions,,Not applicable,,,,,,None known (Release 5.2.0 is current)
G-142,NIST SP 800-53 Rev. 5 (Release 5.2.0) Moderate baseline,SP 800-53 Rev. 5 SC-4,Information in Shared System Resources,Base control (Moderate baseline),No - the owner hosts no shared system,PR.DS-01; PR.DS-02; PR.DS-10; PR.IR-01,SC-4,Contract CL-01 (SP 800-53 Rev. 5 Moderate); N92-R02 (CJISSECPOL v6.1 SC-4),Official: NIST CSF 2.0 informative references to SP 800-53 Rev. 5.2.0 (00_universal-framework/crosswalks/csf2_to_sp800-53r5.csv),Not applicable: the owner hosts no shared system,,Not applicable,,,,,,None known (Release 5.2.0 is current)
G-143,NIST SP 800-53 Rev. 5 (Release 5.2.0) Moderate baseline,SP 800-53 Rev. 5 SC-5,Denial-of-service Protection,Base control (Moderate baseline),Yes - county contract requires Moderate safeguards for contractor devices that store county data,PR.IR-01; DE.CM-01,SC-5,Contract CL-01 (SP 800-53 Rev. 5 Moderate); N92-R02 (CJISSECPOL v6.1 SC-5),Official: NIST CSF 2.0 informative references to SP 800-53 Rev. 5.2.0 (00_universal-framework/crosswalks/csf2_to_sp800-53r5.csv),Inherited: the website builder and SaaS providers protect their platforms,Provider documentation,Met,None,Very Low,None,Owner-consultant,,None known (Release 5.2.0 is current)
G-144,NIST SP 800-53 Rev. 5 (Release 5.2.0) Moderate baseline,SP 800-53 Rev. 5 SC-7 with Moderate enhancements (3)(4)(5)(7)(8),"Boundary Protection, with its Moderate enhancements",Base control (Moderate baseline),Yes - county contract requires Moderate safeguards for contractor devices that store county data,PR.DS-01; PR.DS-02; PR.DS-10; PR.IR-01; DE.CM-01,SC-7; SC-7(3); SC-7(4); SC-7(5); SC-7(7); SC-7(8),Contract CL-01 (SP 800-53 Rev. 5 Moderate); N92-R02 (CJISSECPOL v6.1 SC-7),Official: NIST CSF 2.0 informative references to SP 800-53 Rev. 5.2.0 (00_universal-framework/crosswalks/csf2_to_sp800-53r5.csv),Laptop host firewall on,Firewall setting; network walkthrough 2026-08-11,Partially met,Flat home network shared with family devices; old router firmware,Low,Separate work network; firmware update (R-007),Owner-consultant,2026-10-31,None known (Release 5.2.0 is current)
G-145,NIST SP 800-53 Rev. 5 (Release 5.2.0) Moderate baseline,SP 800-53 Rev. 5 SC-8 with Moderate enhancements (1),"Transmission Confidentiality and Integrity, with its Moderate enhancements",Base control (Moderate baseline),Yes - county contract requires Moderate safeguards for contractor devices that store county data,PR.DS-02,SC-8; SC-8(1),Contract CL-01 (SP 800-53 Rev. 5 Moderate); N92-R02 (CJISSECPOL v6.1 SC-8),Official: NIST CSF 2.0 informative references to SP 800-53 Rev. 5.2.0 (00_universal-framework/crosswalks/csf2_to_sp800-53r5.csv),All SaaS and agency connections use TLS; the sheriff's virtual desktop session is encrypted by its gateway,Provider SOC 2 report; agency instructions,Met,None,Very Low,None,Owner-consultant,,None known (Release 5.2.0 is current)
G-146,NIST SP 800-53 Rev. 5 (Release 5.2.0) Moderate baseline,SP 800-53 Rev. 5 SC-10,Network Disconnect,Base control (Moderate baseline),Yes - county contract requires Moderate safeguards for contractor devices that store county data,,SC-10,Contract CL-01 (SP 800-53 Rev. 5 Moderate); N92-R02 (CJISSECPOL v6.1 SC-10),Official crosswalk lists no CSF 2.0 reference for this control,Inherited: agency systems and SaaS services end idle sessions,Provider and agency settings,Met,None,Very Low,None,Owner-consultant,,None known (Release 5.2.0 is current)
G-147,NIST SP 800-53 Rev. 5 (Release 5.2.0) Moderate baseline,SP 800-53 Rev. 5 SC-12,Cryptographic Key Establishment and Management,Base control (Moderate baseline),Yes - county contract requires Moderate safeguards for contractor devices that store county data,PR.DS-01; PR.DS-02,SC-12,Contract CL-01 (SP 800-53 Rev. 5 Moderate); N92-R02 (CJISSECPOL v6.1 SC-12),Official: NIST CSF 2.0 informative references to SP 800-53 Rev. 5.2.0 (00_universal-framework/crosswalks/csf2_to_sp800-53r5.csv),Encryption keys managed by the operating system and providers,Encryption status,Partially met,"Laptop recovery key stored in the productivity suite account, so one account compromise exposes both",Low,Move the recovery key to the sealed envelope,Owner-consultant,2026-09-30,None known (Release 5.2.0 is current)
G-148,NIST SP 800-53 Rev. 5 (Release 5.2.0) Moderate baseline,SP 800-53 Rev. 5 SC-13,Cryptographic Protection,Base control (Moderate baseline),Yes - county contract requires Moderate safeguards for contractor devices that store county data,PR.DS-01; PR.DS-02; PR.DS-10,SC-13,Contract CL-01 (SP 800-53 Rev. 5 Moderate); N92-R02 (CJISSECPOL v6.1 SC-13),Official: NIST CSF 2.0 informative references to SP 800-53 Rev. 5.2.0 (00_universal-framework/crosswalks/csf2_to_sp800-53r5.csv),The laptop uses the operating system's built-in disk encryption,Encryption status,Partially met,Whether the module holds a current FIPS 140-3 certificate has not been checked,Low,Check the module on the NIST validated modules list and record the certificate,Owner-consultant,2026-10-31,None known (Release 5.2.0 is current)
G-149,NIST SP 800-53 Rev. 5 (Release 5.2.0) Moderate baseline,SP 800-53 Rev. 5 SC-15,Collaborative Computing Devices and Applications,Base control (Moderate baseline),Yes - county contract requires Moderate safeguards for contractor devices that store county data,,SC-15,Contract CL-01 (SP 800-53 Rev. 5 Moderate); N92-R02 (CJISSECPOL v6.1 SC-15),Official crosswalk lists no CSF 2.0 reference for this control,Camera and microphone show an indicator light; no remote activation is set up,Device settings,Met,None,Very Low,None,Owner-consultant,,None known (Release 5.2.0 is current)
G-150,NIST SP 800-53 Rev. 5 (Release 5.2.0) Moderate baseline,SP 800-53 Rev. 5 SC-17,Public Key Infrastructure Certificates,Base control (Moderate baseline),No - the owner issues no public key certificates,,SC-17,Contract CL-01 (SP 800-53 Rev. 5 Moderate); N92-R02 (CJISSECPOL v6.1 SC-17),Official crosswalk lists no CSF 2.0 reference for this control,Not applicable: the owner issues no public key certificates,,Not applicable,,,,,,None known (Release 5.2.0 is current)
G-151,NIST SP 800-53 Rev. 5 (Release 5.2.0) Moderate baseline,SP 800-53 Rev. 5 SC-18,Mobile Code,Base control (Moderate baseline),No - the owner serves no code to users; browsers enforce their own mobile code rules,,SC-18,Contract CL-01 (SP 800-53 Rev. 5 Moderate); N92-R02 (CJISSECPOL v6.1 SC-18),Official crosswalk lists no CSF 2.0 reference for this control,Not applicable: the owner serves no code to users; browsers enforce their own mobile code rules,,Not applicable,,,,,,None known (Release 5.2.0 is current)
G-152,NIST SP 800-53 Rev. 5 (Release 5.2.0) Moderate baseline,SP 800-53 Rev. 5 SC-20,Secure Name/Address Resolution Service (Authoritative Source),Base control (Moderate baseline),No - the owner runs no authoritative name service; the website builder runs it for the website domain,,SC-20,Contract CL-01 (SP 800-53 Rev. 5 Moderate); N92-R02 (CJISSECPOL v6.1 SC-20),Official crosswalk lists no CSF 2.0 reference for this control,Not applicable: the owner runs no authoritative name service; the website builder runs it for the website domain,,Not applicable,,,,,,None known (Release 5.2.0 is current)
G-153,NIST SP 800-53 Rev. 5 (Release 5.2.0) Moderate baseline,SP 800-53 Rev. 5 SC-21,Secure Name/Address Resolution Service (Recursive or Caching Resolver),Base control (Moderate baseline),No - the owner runs no resolver; the home router uses the ISP's,,SC-21,Contract CL-01 (SP 800-53 Rev. 5 Moderate); N92-R02 (CJISSECPOL v6.1 SC-21),Official crosswalk lists no CSF 2.0 reference for this control,Not applicable: the owner runs no resolver; the home router uses the ISP's,,Not applicable,,,,,,None known (Release 5.2.0 is current)
G-154,NIST SP 800-53 Rev. 5 (Release 5.2.0) Moderate baseline,SP 800-53 Rev. 5 SC-22,Architecture and Provisioning for Name/Address Resolution Service,Base control (Moderate baseline),No - no name resolution service is operated,,SC-22,Contract CL-01 (SP 800-53 Rev. 5 Moderate); N92-R02 (CJISSECPOL v6.1 SC-22),Official crosswalk lists no CSF 2.0 reference for this control,Not applicable: no name resolution service is operated,,Not applicable,,,,,,None known (Release 5.2.0 is current)
G-155,NIST SP 800-53 Rev. 5 (Release 5.2.0) Moderate baseline,SP 800-53 Rev. 5 SC-23,Session Authenticity,Base control (Moderate baseline),Yes - county contract requires Moderate safeguards for contractor devices that store county data,,SC-23,Contract CL-01 (SP 800-53 Rev. 5 Moderate); N92-R02 (CJISSECPOL v6.1 SC-23),Official crosswalk lists no CSF 2.0 reference for this control,Inherited: TLS sessions to SaaS and agency systems,Provider documentation,Met,None,Very Low,None,Owner-consultant,,None known (Release 5.2.0 is current)
G-156,NIST SP 800-53 Rev. 5 (Release 5.2.0) Moderate baseline,SP 800-53 Rev. 5 SC-28 with Moderate enhancements (1),"Protection of Information at Rest, with its Moderate enhancements",Base control (Moderate baseline),Yes - county contract requires Moderate safeguards for contractor devices that store county data,PR.DS-01,SC-28; SC-28(1),Contract CL-01 (SP 800-53 Rev. 5 Moderate); N92-R02 (CJISSECPOL v6.1 SC-28),Official: NIST CSF 2.0 informative references to SP 800-53 Rev. 5.2.0 (00_universal-framework/crosswalks/csf2_to_sp800-53r5.csv),Laptop and phone encrypted; providers encrypt cloud storage,P07 test,Partially met,USB backup drive unencrypted,Moderate,Encrypt or replace the drive (R-004),Owner-consultant,2026-09-30,None known (Release 5.2.0 is current)
G-157,NIST SP 800-53 Rev. 5 (Release 5.2.0) Moderate baseline,SP 800-53 Rev. 5 SC-39,Process Isolation,Base control (Moderate baseline),Yes - county contract requires Moderate safeguards for contractor devices that store county data,PR.DS-01; PR.DS-10; PR.IR-03,SC-39,Contract CL-01 (SP 800-53 Rev. 5 Moderate); N92-R02 (CJISSECPOL v6.1 SC-39),Official: NIST CSF 2.0 informative references to SP 800-53 Rev. 5.2.0 (00_universal-framework/crosswalks/csf2_to_sp800-53r5.csv),Inherited: the operating system isolates processes,Device documentation,Met,None,Very Low,None,Owner-consultant,,None known (Release 5.2.0 is current)
G-158,NIST SP 800-53 Rev. 5 (Release 5.2.0) Moderate baseline,SP 800-53 Rev. 5 SI-1,Policy and Procedures,Base control (Moderate baseline),Yes - county contract requires Moderate safeguards for contractor devices that store county data,GV.OC-03; GV.PO-01; GV.PO-02; GV.OV-01; GV.SC-03; ID.IM-01; ID.IM-02; ID.IM-03,SI-1,Contract CL-01 (SP 800-53 Rev. 5 Moderate); N92-R02 (CJISSECPOL v6.1 SI-1),Official: NIST CSF 2.0 informative references to SP 800-53 Rev. 5.2.0 (00_universal-framework/crosswalks/csf2_to_sp800-53r5.csv),POL-01 9.3 sets update and antivirus rules,POL-01 (adopted 2026-09-15),Met,None,Very Low,None,Owner-consultant,,None known (Release 5.2.0 is current)
G-159,NIST SP 800-53 Rev. 5 (Release 5.2.0) Moderate baseline,SP 800-53 Rev. 5 SI-2 with Moderate enhancements (2),"Flaw Remediation, with its Moderate enhancements",Base control (Moderate baseline),Yes - county contract requires Moderate safeguards for contractor devices that store county data,ID.IM-01; ID.IM-02; ID.IM-03; PR.PS-02,SI-2; SI-2(2),Contract CL-01 (SP 800-53 Rev. 5 Moderate); N92-R02 (CJISSECPOL v6.1 SI-2),Official: NIST CSF 2.0 informative references to SP 800-53 Rev. 5.2.0 (00_universal-framework/crosswalks/csf2_to_sp800-53r5.csv),"Automatic updates for the laptop, phone, and applications; providers patch SaaS",Update history,Partially met,Router firmware never updated,Low,Update firmware; check quarterly,Owner-consultant,2026-10-31,None known (Release 5.2.0 is current)
G-160,NIST SP 800-53 Rev. 5 (Release 5.2.0) Moderate baseline,SP 800-53 Rev. 5 SI-3,Malicious Code Protection,Base control (Moderate baseline),Yes - county contract requires Moderate safeguards for contractor devices that store county data,PR.DS-01; PR.DS-02; PR.DS-10,SI-3,Contract CL-01 (SP 800-53 Rev. 5 Moderate); N92-R02 (CJISSECPOL v6.1 SI-3),Official: NIST CSF 2.0 informative references to SP 800-53 Rev. 5.2.0 (00_universal-framework/crosswalks/csf2_to_sp800-53r5.csv),Built-in antivirus with real-time scanning and automatic updates,Antivirus status page,Met,None,Very Low,None,Owner-consultant,,None known (Release 5.2.0 is current)
G-161,NIST SP 800-53 Rev. 5 (Release 5.2.0) Moderate baseline,SP 800-53 Rev. 5 SI-4 with Moderate enhancements (2)(4)(5),"System Monitoring, with its Moderate enhancements",Base control (Moderate baseline),Yes - county contract requires Moderate safeguards for contractor devices that store county data,ID.RA-01; ID.IM-01; ID.IM-02; ID.IM-03; PR.DS-01; PR.DS-02; PR.DS-10; DE.CM-01; DE.CM-06; DE.CM-09; DE.AE-02; DE.AE-03,SI-4; SI-4(2); SI-4(4); SI-4(5),Contract CL-01 (SP 800-53 Rev. 5 Moderate); N92-R02 (CJISSECPOL v6.1 SI-4),Official: NIST CSF 2.0 informative references to SP 800-53 Rev. 5.2.0 (00_universal-framework/crosswalks/csf2_to_sp800-53r5.csv),Antivirus alerts and provider sign-in alerts go to the owner,Alert settings,Partially met,Alerts are not reviewed on a schedule,Low,Covered by the monthly review (AU-6),Owner-consultant,2026-10-31,None known (Release 5.2.0 is current)
G-162,NIST SP 800-53 Rev. 5 (Release 5.2.0) Moderate baseline,SP 800-53 Rev. 5 SI-5,"Security Alerts, Advisories, and Directives",Base control (Moderate baseline),Yes - county contract requires Moderate safeguards for contractor devices that store county data,ID.RA-01; ID.RA-02; ID.RA-03,SI-5,Contract CL-01 (SP 800-53 Rev. 5 Moderate); N92-R02 (CJISSECPOL v6.1 SI-5),Official: NIST CSF 2.0 informative references to SP 800-53 Rev. 5.2.0 (00_universal-framework/crosswalks/csf2_to_sp800-53r5.csv),Provider security notices arrive by email,Self-attestation,Partially met,No subscription to government security advisories,Low,Subscribe to CISA advisories and read them with the monthly review,Owner-consultant,2026-10-31,None known (Release 5.2.0 is current)
G-163,NIST SP 800-53 Rev. 5 (Release 5.2.0) Moderate baseline,SP 800-53 Rev. 5 SI-7 with Moderate enhancements (1)(7),"Software, Firmware, and Information Integrity, with its Moderate enhancements",Base control (Moderate baseline),Yes - county contract requires Moderate safeguards for contractor devices that store county data,ID.RA-09; PR.DS-01; PR.DS-02; PR.DS-10; PR.PS-02; DE.CM-09,SI-7; SI-7(1); SI-7(7),Contract CL-01 (SP 800-53 Rev. 5 Moderate); N92-R02 (CJISSECPOL v6.1 SI-7),Official: NIST CSF 2.0 informative references to SP 800-53 Rev. 5.2.0 (00_universal-framework/crosswalks/csf2_to_sp800-53r5.csv),Inherited: secure boot and signed operating system updates,Device settings,Met,None,Very Low,None,Owner-consultant,,None known (Release 5.2.0 is current)
G-164,NIST SP 800-53 Rev. 5 (Release 5.2.0) Moderate baseline,SP 800-53 Rev. 5 SI-8 with Moderate enhancements (2),"Spam Protection, with its Moderate enhancements",Base control (Moderate baseline),Yes - county contract requires Moderate safeguards for contractor devices that store county data,,SI-8; SI-8(2),Contract CL-01 (SP 800-53 Rev. 5 Moderate); N92-R02 (CJISSECPOL v6.1 SI-8),Official crosswalk lists no CSF 2.0 reference for this control,Inherited: provider spam and phishing filtering on email,Provider settings,Met,None,Very Low,None,Owner-consultant,,None known (Release 5.2.0 is current)
G-165,NIST SP 800-53 Rev. 5 (Release 5.2.0) Moderate baseline,SP 800-53 Rev. 5 SI-10,Information Input Validation,Base control (Moderate baseline),No - the owner hosts no application that accepts input; agency systems validate their own input and migration loads are reconciled (SA-11),PR.DS-10,SI-10,Contract CL-01 (SP 800-53 Rev. 5 Moderate); N92-R02 (CJISSECPOL v6.1 SI-10),Official: NIST CSF 2.0 informative references to SP 800-53 Rev. 5.2.0 (00_universal-framework/crosswalks/csf2_to_sp800-53r5.csv),Not applicable: the owner hosts no application that accepts input; agency systems validate their own input and migration loads are reconciled (SA-11),,Not applicable,,,,,,None known (Release 5.2.0 is current)
G-166,NIST SP 800-53 Rev. 5 (Release 5.2.0) Moderate baseline,SP 800-53 Rev. 5 SI-11,Error Handling,Base control (Moderate baseline),No - the owner hosts no application that produces error messages for users,,SI-11,Contract CL-01 (SP 800-53 Rev. 5 Moderate); N92-R02 (CJISSECPOL v6.1 SI-11),Official crosswalk lists no CSF 2.0 reference for this control,Not applicable: the owner hosts no application that produces error messages for users,,Not applicable,,,,,,None known (Release 5.2.0 is current)
G-167,NIST SP 800-53 Rev. 5 (Release 5.2.0) Moderate baseline,SP 800-53 Rev. 5 SI-12,Information Management and Retention,Base control (Moderate baseline),Yes - county contract requires Moderate safeguards for contractor devices that store county data,ID.AM-07; ID.AM-08,SI-12,Contract CL-01 (SP 800-53 Rev. 5 Moderate); N92-R02 (CJISSECPOL v6.1 SI-12),Official: NIST CSF 2.0 informative references to SP 800-53 Rev. 5.2.0 (00_universal-framework/crosswalks/csf2_to_sp800-53r5.csv),POL-01 8.5: agency data kept only as long as each contract allows,POL-01 (adopted 2026-09-15),Partially met,County phase 1 extracts kept past the 2026-06-28 deletion date,Moderate,Delete and certify (R-003),Owner-consultant,2026-09-30,None known (Release 5.2.0 is current)
G-168,NIST SP 800-53 Rev. 5 (Release 5.2.0) Moderate baseline,SP 800-53 Rev. 5 SI-16,Memory Protection,Base control (Moderate baseline),Yes - county contract requires Moderate safeguards for contractor devices that store county data,PR.DS-10,SI-16,Contract CL-01 (SP 800-53 Rev. 5 Moderate); N92-R02 (CJISSECPOL v6.1 SI-16),Official: NIST CSF 2.0 informative references to SP 800-53 Rev. 5.2.0 (00_universal-framework/crosswalks/csf2_to_sp800-53r5.csv),Inherited: operating system memory protections,Device documentation,Met,None,Very Low,None,Owner-consultant,,None known (Release 5.2.0 is current)
G-169,NIST SP 800-53 Rev. 5 (Release 5.2.0) Moderate baseline,SP 800-53 Rev. 5 SR-1,Policy and Procedures,Base control (Moderate baseline),Yes - county contract requires Moderate safeguards for contractor devices that store county data,GV.OC-03; GV.PO-01; GV.PO-02; GV.OV-01; GV.SC-03; ID.IM-01; ID.IM-02; ID.IM-03,SR-1,Contract CL-01 (SP 800-53 Rev. 5 Moderate); N92-R02 (CJISSECPOL v6.1 SR-1),Official: NIST CSF 2.0 informative references to SP 800-53 Rev. 5.2.0 (00_universal-framework/crosswalks/csf2_to_sp800-53r5.csv),POL-01 section 6 covers providers,POL-01 (adopted 2026-09-15),Partially met,No supplier checklist,Low,See SA-9,Owner-consultant,2026-10-31,None known (Release 5.2.0 is current)
G-170,NIST SP 800-53 Rev. 5 (Release 5.2.0) Moderate baseline,SP 800-53 Rev. 5 SR-2 with Moderate enhancements (1),"Supply Chain Risk Management Plan, with its Moderate enhancements",Base control (Moderate baseline),No - a separate supply chain plan is not reasonable for a one-person business; POL-01 section 6 and the provider list (P04) carry it,GV.RM-01; GV.RM-03; GV.RM-04; GV.SC-01; GV.SC-02; GV.SC-03; GV.SC-08; GV.SC-09; GV.SC-10; ID.AM-04; ID.IM-04,SR-2; SR-2(1),Contract CL-01 (SP 800-53 Rev. 5 Moderate); N92-R02 (CJISSECPOL v6.1 SR-2),Official: NIST CSF 2.0 informative references to SP 800-53 Rev. 5.2.0 (00_universal-framework/crosswalks/csf2_to_sp800-53r5.csv),Not applicable: a separate supply chain plan is not reasonable for a one-person business; POL-01 section 6 and the provider list (P04) carry it,,Not applicable,,,,,,None known (Release 5.2.0 is current)
G-171,NIST SP 800-53 Rev. 5 (Release 5.2.0) Moderate baseline,SP 800-53 Rev. 5 SR-3,Supply Chain Controls and Processes,Base control (Moderate baseline),Yes - county contract requires Moderate safeguards for contractor devices that store county data,GV.OC-02; GV.SC-01; GV.SC-02; GV.SC-03; GV.SC-05; GV.SC-07; GV.SC-08; GV.SC-09; GV.SC-10; RS.MA-01; RS.CO-02; RS.CO-03,SR-3,Contract CL-01 (SP 800-53 Rev. 5 Moderate),Official: NIST CSF 2.0 informative references to SP 800-53 Rev. 5.2.0 (00_universal-framework/crosswalks/csf2_to_sp800-53r5.csv),Provider list in P04,P04,Partially met,No criteria for choosing providers,Low,Provider checklist (SA-4),Owner-consultant,2026-10-31,None known (Release 5.2.0 is current)
G-172,NIST SP 800-53 Rev. 5 (Release 5.2.0) Moderate baseline,SP 800-53 Rev. 5 SR-5,"Acquisition Strategies, Tools, and Methods",Base control (Moderate baseline),Yes - county contract requires Moderate safeguards for contractor devices that store county data,GV.OC-02; GV.OC-05; GV.SC-02; GV.SC-05; GV.SC-06; GV.SC-09; GV.SC-10; ID.AM-08; ID.RA-09; ID.IM-01; ID.IM-02; ID.IM-03,SR-5,Contract CL-01 (SP 800-53 Rev. 5 Moderate); N92-R02 (CJISSECPOL v6.1 SR-5),Official: NIST CSF 2.0 informative references to SP 800-53 Rev. 5.2.0 (00_universal-framework/crosswalks/csf2_to_sp800-53r5.csv),Devices bought new from the manufacturer's own store,Purchase records,Met,None,Very Low,None,Owner-consultant,,None known (Release 5.2.0 is current)
G-173,NIST SP 800-53 Rev. 5 (Release 5.2.0) Moderate baseline,SP 800-53 Rev. 5 SR-6,Supplier Assessments and Reviews,Base control (Moderate baseline),Yes - county contract requires Moderate safeguards for contractor devices that store county data,GV.OC-02; GV.OV-01; GV.OV-02; GV.OV-03; GV.SC-04; GV.SC-05; GV.SC-06; GV.SC-07; GV.SC-09; GV.SC-10; ID.RA-09; ID.RA-10,SR-6,Contract CL-01 (SP 800-53 Rev. 5 Moderate),Official: NIST CSF 2.0 informative references to SP 800-53 Rev. 5.2.0 (00_universal-framework/crosswalks/csf2_to_sp800-53r5.csv),Productivity suite SOC 2 report reviewed 2026-08-13,P09,Partially met,Other providers not assessed,Low,Yearly review of each provider that may hold agency data,Owner-consultant,2026-10-31,None known (Release 5.2.0 is current)
G-174,NIST SP 800-53 Rev. 5 (Release 5.2.0) Moderate baseline,SP 800-53 Rev. 5 SR-8,Notification Agreements,Base control (Moderate baseline),Yes - county contract requires Moderate safeguards for contractor devices that store county data,GV.OC-02; GV.SC-08; RS.MA-01; RS.CO-02; RS.CO-03; RC.CO-03,SR-8,Contract CL-01 (SP 800-53 Rev. 5 Moderate); N92-R02 (CJISSECPOL v6.1 SR-8),Official: NIST CSF 2.0 informative references to SP 800-53 Rev. 5.2.0 (00_universal-framework/crosswalks/csf2_to_sp800-53r5.csv),Productivity suite terms commit to customer breach notice,Provider terms,Partially met,Breach notice terms for the other providers not checked,Low,Record each provider's notice commitment in the provider list,Owner-consultant,2026-10-31,None known (Release 5.2.0 is current)
G-175,NIST SP 800-53 Rev. 5 (Release 5.2.0) Moderate baseline,SP 800-53 Rev. 5 SR-10,Inspection of Systems or Components,Base control (Moderate baseline),No - the owner receives no hardware outside the manufacturer's own channel,GV.SC-05; ID.RA-09,SR-10,Contract CL-01 (SP 800-53 Rev. 5 Moderate); N92-R02 (CJISSECPOL v6.1 SR-10),Official: NIST CSF 2.0 informative references to SP 800-53 Rev. 5.2.0 (00_universal-framework/crosswalks/csf2_to_sp800-53r5.csv),Not applicable: the owner receives no hardware outside the manufacturer's own channel,,Not applicable,,,,,,None known (Release 5.2.0 is current)
G-176,NIST SP 800-53 Rev. 5 (Release 5.2.0) Moderate baseline,SP 800-53 Rev. 5 SR-11 with Moderate enhancements (1)(2),"Component Authenticity, with its Moderate enhancements",Base control (Moderate baseline),Yes - county contract requires Moderate safeguards for contractor devices that store county data,ID.RA-09,SR-11; SR-11(1); SR-11(2),Contract CL-01 (SP 800-53 Rev. 5 Moderate),Official: NIST CSF 2.0 informative references to SP 800-53 Rev. 5.2.0 (00_universal-framework/crosswalks/csf2_to_sp800-53r5.csv),Devices bought from the manufacturer's store; enhancements (1) and (2) scaled to buying only from that channel,Purchase records,Met,None,Very Low,None,Owner-consultant,,None known (Release 5.2.0 is current)
G-177,NIST SP 800-53 Rev. 5 (Release 5.2.0) Moderate baseline,SP 800-53 Rev. 5 SR-12,Component Disposal,Base control (Moderate baseline),Yes - county contract requires Moderate safeguards for contractor devices that store county data,ID.AM-08,SR-12,Contract CL-01 (SP 800-53 Rev. 5 Moderate); N92-R02 (CJISSECPOL v6.1 SR-12),Official: NIST CSF 2.0 informative references to SP 800-53 Rev. 5.2.0 (00_universal-framework/crosswalks/csf2_to_sp800-53r5.csv),No old devices on hand,Self-attestation,Partially met,No written disposal procedure,Low,Device wipe and disposal procedure (POL-01 8.6),Owner-consultant,2026-09-30,None known (Release 5.2.0 is current)
CJ-01,"FBI CJIS Security Policy v6.1 (06/25/2026), through the CJIS Security Addendum","CJISSECPOL v6.1 Appendix H, Security Addendum sec. 2.01 and 3.01",Contractor maintains a security program consistent with the CJIS Security Policy in effect when the contract is executed and all subsequent versions; each contractor employee acknowledges the Addendum (certification page),Contract term (Security Addendum),Yes - sheriff contract (CL-03) incorporates the CJIS Security Addendum; 28 CFR 20.33(a)(7),GV.PO-01,PL-1; PS-6,"N92-R02 (CJISSECPOL v6.1 Appendix H, Security Addendum sec. 2.01 and 3.01)",Author mapping (CJISSECPOL v6.1 is organized on SP 800-53 Rev. 5; CSF links via the official crosswalk for the named control),Certification page signed November 2025 and held by the sheriff. Until POL-01 (2026-09-15) the owner had no written security program,Signed certification (sheriff copy); POL-01,Partially met,Program written only on 2026-09-15 and not yet operated for a full cycle,Low,"Operate POL-01, including its CJIS section, and show the LASO the P07 results each year",Owner-consultant,2027-08-31,None
CJ-02,"FBI CJIS Security Policy v6.1 (06/25/2026), through the CJIS Security Addendum",CJISSECPOL v6.1 PS-3 a.1 [Existing] [Priority 2],State of residency and national fingerprint-based record checks before access to CJI,CJIS requirement,Yes - sheriff contract (CL-03) incorporates the CJIS Security Addendum; 28 CFR 20.33(a)(7),,PS-3,N92-R02 (CJISSECPOL v6.1 PS-3 a.1),Author mapping (CJISSECPOL v6.1 is organized on SP 800-53 Rev. 5; CSF links via the official crosswalk for the named control),Checks run by the sheriff in November 2025 before access was granted,Sheriff access approval letter,Met,None,Very Low,Rescreen when the sheriff asks (PS-3 b.),Owner-consultant,,None (existing requirement)
CJ-03,"FBI CJIS Security Policy v6.1 (06/25/2026), through the CJIS Security Addendum",CJISSECPOL v6.1 AT-2 a.1 and a.2 [Existing] [Priority 2],Security and privacy literacy training before accessing CJI and annually; also within 30 days of any security incident for individuals involved,CJIS requirement,Yes - sheriff contract (CL-03) incorporates the CJIS Security Addendum; 28 CFR 20.33(a)(7),PR.AT-01,AT-2,N92-R02 (CJISSECPOL v6.1 AT-2 a.1 and a.2),Author mapping (CJISSECPOL v6.1 is organized on SP 800-53 Rev. 5; CSF links via the official crosswalk for the named control),"Initial training completed 2025-11-18, before access",CJIS training certificate,Partially met,"The owner was involved in the 2026-08-25 incident, so training is due within 30 days (by 2026-09-24), ahead of the annual date of 2026-11-18",Moderate,Complete the sheriff's CJIS refresher by 2026-09-24 and again by 2027-09-24,Owner-consultant,2026-09-24,None (existing requirement)
CJ-04,"FBI CJIS Security Policy v6.1 (06/25/2026), through the CJIS Security Addendum",CJISSECPOL v6.1 IR-6 a. and b. [Priority 2],Report suspected incidents to the incident response capability immediately and within 1 hour of discovery; incident information goes to the agency's incident handlers and on to the CSO and FBI CJIS ISO,CJIS requirement,Yes - sheriff contract (CL-03) incorporates the CJIS Security Addendum; 28 CFR 20.33(a)(7),RS.MA-02; RS.CO-02,IR-6,N92-R02 (CJISSECPOL v6.1 IR-6 a. and b.),Author mapping (CJISSECPOL v6.1 is organized on SP 800-53 Rev. 5; CSF links via the official crosswalk for the named control),POL-01 10.2 sets the 1-hour report to the sheriff's LASO. On 2026-08-25 the owner reported the CJI spreadsheet 35 minutes after finding it,Incident log; LASO email 2026-08-25,Met,None,Very Low,Keep the LASO's numbers on the printed contact sheet,Owner-consultant,,Zero-cycle: sanctionable in CJIS audits after 2027-09-30; the contract requires it now
CJ-05,"FBI CJIS Security Policy v6.1 (06/25/2026), through the CJIS Security Addendum",CJISSECPOL v6.1 AC-20 [Existing] [Priority 1]; AC-17 [Existing] [Priority 1],"Agency terms for external systems: the owner's laptop may reach CJI only through the sheriff's authorized remote access (virtual desktop), and may not process or store CJI outside it",CJIS requirement (agency terms the contractor follows),Yes - sheriff contract (CL-03) incorporates the CJIS Security Addendum; 28 CFR 20.33(a)(7),ID.AM-02; ID.AM-04; PR.AA-05,AC-20; AC-17,N92-R02 (CJISSECPOL v6.1 AC-20),Author mapping (CJISSECPOL v6.1 is organized on SP 800-53 Rev. 5; CSF links via the official crosswalk for the named control),Access only through the virtual desktop with the sheriff's token. CJI for 140 people was copied out on 2026-05-14 and found in P07 on 2026-08-25; the sheriff disabled clipboard and drive mapping on 2026-08-26,P07 CM-12 results; LASO email 2026-08-27,Partially met,CJI left the virtual desktop; the owner's quarterly search is not yet running,High,No CJI outside the virtual desktop (POL-01 8.2); quarterly search of the laptop and cloud storage (R-015),Owner-consultant,2026-11-30,None (existing requirement)
CJ-06,"FBI CJIS Security Policy v6.1 (06/25/2026), through the CJIS Security Addendum",CJISSECPOL v6.1 SC-28 [Existing] [Priority 2]; MP-4 a. [Existing] [Priority 2],CJI at rest outside a physically secure location must be encrypted with FIPS 140-3 certified modules (or FIPS 197 AES) with a key of at least 256 bits,CJIS requirement,Yes - sheriff contract (CL-03) incorporates the CJIS Security Addendum; 28 CFR 20.33(a)(7),PR.DS-01,SC-28; MP-4; SC-13,N92-R02 (CJISSECPOL v6.1 SC-28),Author mapping (CJISSECPOL v6.1 is organized on SP 800-53 Rev. 5; CSF links via the official crosswalk for the named control),No CJI may be stored on the owner's side. The spreadsheet found in P07 sat on the encrypted laptop and in provider-encrypted cloud storage; the laptop module's FIPS 140-3 status is unconfirmed,Encryption status; P07 results,Partially met,CJI was stored outside a physically secure location under encryption whose certification is unconfirmed,Moderate,Keep the rule that no CJI is stored; confirm the laptop module's certificate (SC-13),Owner-consultant,2026-10-31,None (existing requirement)
CJ-07,"FBI CJIS Security Policy v6.1 (06/25/2026), through the CJIS Security Addendum",CJISSECPOL v6.1 MP-6 a. [Existing] [Priority 2],"Sanitize digital media that held CJI before disposal, release, or reuse (overwrite at least three times or degauss; destroy inoperable media); cross-cut shred or incinerate paper",CJIS requirement,Yes - sheriff contract (CL-03) incorporates the CJIS Security Addendum; 28 CFR 20.33(a)(7),,MP-6,N92-R02 (CJISSECPOL v6.1 MP-6 a.),Author mapping (CJISSECPOL v6.1 is organized on SP 800-53 Rev. 5; CSF links via the official crosswalk for the named control),The LASO accepted deletion with full-disk encryption as the remediation for the spreadsheet on 2026-08-27. POL-01 8.6 requires CJIS-grade sanitization before the laptop is ever disposed of or sent for repair,LASO email 2026-08-27; POL-01,Met,None,Very Low,Apply POL-01 8.6 at laptop end of life,Owner-consultant,,None (existing requirement)
CJ-08,"FBI CJIS Security Policy v6.1 (06/25/2026), through the CJIS Security Addendum",CJISSECPOL v6.1 AC-11 a. [Existing] [Priority 4],"Device lock after at most 30 minutes of inactivity, and the user locks the device before leaving it unattended",CJIS requirement,Yes - sheriff contract (CL-03) incorporates the CJIS Security Addendum; 28 CFR 20.33(a)(7),,AC-11,N92-R02 (CJISSECPOL v6.1 AC-11 a.),Author mapping (CJISSECPOL v6.1 is organized on SP 800-53 Rev. 5; CSF links via the official crosswalk for the named control),Laptop locks after 10 minutes; the owner locks it by hand at client sites,Device settings,Met,None,Very Low,None,Owner-consultant,,None (existing requirement)
CJ-09,"FBI CJIS Security Policy v6.1 (06/25/2026), through the CJIS Security Addendum","CJISSECPOL v6.1 Appendix H, Security Addendum sec. 3.01 (all subsequent versions)",Keep the security program consistent with each new version of the CJIS Security Policy,Contract term (Security Addendum),Yes - sheriff contract (CL-03) incorporates the CJIS Security Addendum; 28 CFR 20.33(a)(7),GV.PO-02,PL-1,"N92-R02 (CJISSECPOL v6.1 Appendix H, Security Addendum sec. 3.01 (all subsequent versions))",Author mapping (CJISSECPOL v6.1 is organized on SP 800-53 Rev. 5; CSF links via the official crosswalk for the named control),The owner had not seen v6.1 (06/25/2026) until this analysis,Self-attestation,Partially met,No routine to check for new versions,Low,Check the FBI CJIS file repository each quarter; review changes within 60 days of a new version,Owner-consultant,2026-12-31,None
FL-01,Florida Information Protection Act,Fla. Stat. 501.171(2),Each third-party agent shall take reasonable measures to protect and secure data in electronic form containing personal information,State statute (applies directly),Yes - the owner is a third-party agent for the county and city (501.171(1)(h)),PR.DS-01; ID.AM-08,SC-28; SI-12; MP-6,Fla. Stat. 501.171(2),Author mapping,Laptop encrypted; MFA on SaaS. County extracts with driver license numbers kept past their deletion date and copied to an unencrypted USB drive; city applications with Social Security numbers sent to an AI assistant,P07 results; P10,Partially met,"Measures were not reasonable for the USB drive, the overdue extracts, or the AI use",Moderate,"Close R-003, R-004, and R-005",Owner-consultant,2026-09-30,None known
FL-02,Florida Information Protection Act,Fla. Stat. 501.171(6)(a),"A third-party agent notifies the covered entity of a breach of security of a system it maintains as expeditiously as practicable, but no later than 10 days after determining the breach or reason to believe it occurred, and gives the entity all information it needs for its own notices",State statute (applies directly),Yes - the owner is a third-party agent for the county and city (501.171(1)(h)),RS.CO-02,IR-6,Fla. Stat. 501.171(6)(a),Author mapping,"For the AI proof of concept the owner told the city IT director on 2026-08-13, one day after recognizing the problem, and supplied the facts on 2026-08-17. POL-01 10.2 sets the 10-day rule",Email to the city 2026-08-13; incident log,Met,None,Very Low,Keep the rule in the P08 matrix,Owner-consultant,,None known
