req_id,regulation,regulatory_driver,citation,requirement_summary,requirement_type,applies_at_this_tier,csf2_subcategories,sp800_53_controls,nist_official_sp800_53r5,crosswalk_source,target_profile_priority,current_state,evidence,status,gap_description,gap_risk_level,remediation_action,owner,target_date,pending_rule_change,scope
G-001,NIST CSF 2.0 (voluntary benchmark),N56-BM (GV.OC-01),CSF 2.0 GV.OC-01 (Govern; Organizational Context),The organizational mission is understood and informs cybersecurity risk management,CSF 2.0 subcategory (voluntary),Yes (voluntary benchmark),GV.OC-01,PM-11,PM-11,CSF 2.0 to SP 800-53: official NIST informative reference (SRC-OLIR-CSF-53) in column nist_official_sp800_53r5; key controls are the official ones in the P02 GWP baseline (author selection),Medium,Group and Staffing strategy ties cyber risk to filling orders and paying associates every Friday,EV-007 (group strategy 2026); P05,Met,None,Very Low,None,Staffing security and compliance lead,,None,Staffing (group controls inherited)
G-002,NIST CSF 2.0 (voluntary benchmark),N56-BM (GV.OC-02),CSF 2.0 GV.OC-02 (Govern; Organizational Context),"Internal and external stakeholders are understood, and their needs and expectations regarding cybersecurity risk management are understood and considered",CSF 2.0 subcategory (voluntary),Yes (voluntary benchmark),GV.OC-02,PM-9; SR-3; SR-6,PM-9; PM-18; PM-30; SR-3; SR-5; SR-6; SR-8,CSF 2.0 to SP 800-53: official NIST informative reference (SRC-OLIR-CSF-53) in column nist_official_sp800_53r5; key controls are the official ones in the P02 GWP baseline (author selection),Medium,"Stakeholder register covers associates, candidates, clients, MSP clients, DHS E-Verify, regulators, and investors",EV-007 (stakeholder register); EV-052 (client security terms),Met,None,Very Low,None,Staffing security and compliance lead,,None,Staffing (group controls inherited)
G-003,NIST CSF 2.0 (voluntary benchmark),N56-BM (GV.OC-03),CSF 2.0 GV.OC-03 (Govern; Organizational Context),"Legal, regulatory, and contractual requirements regarding cybersecurity - including privacy and civil liberties obligations - are understood and managed",CSF 2.0 subcategory (voluntary),Yes (voluntary benchmark),GV.OC-03,AC-1; AT-1; AU-1; CA-1,AC-1; AT-1; AU-1; CA-1; CM-1; CP-1; IA-1; IR-1; MA-1; MP-1; PE-1; PL-1; PM-1; PS-1; PT-1; RA-1; SA-1; SC-1; SI-1; SR-1; PM-28,CSF 2.0 to SP 800-53: official NIST informative reference (SRC-OLIR-CSF-53) in column nist_official_sp800_53r5; key controls are the official ones in the P02 GWP baseline (author selection),High,"Legal register lists federal, state, and contract duties",EV-007 (legal and regulatory register 2026),Partially met,Register lacks the 2027 Colorado SB26-189 and CPPA ADMT duties and Connecticut AI notice duties for hiring tools,Moderate,Add state AI employment duties with owners and dates,Group General Counsel,2026-11-30,None,Staffing (group controls inherited)
G-004,NIST CSF 2.0 (voluntary benchmark),N56-BM (GV.OC-04),CSF 2.0 GV.OC-04 (Govern; Organizational Context),"Critical objectives, capabilities, and services that external stakeholders depend on or expect from the organization are understood and communicated",CSF 2.0 subcategory (voluntary),Yes (voluntary benchmark),GV.OC-04,PM-8; PM-11,PM-8; PM-11; CP-2(8); PM-30(1); RA-9,CSF 2.0 to SP 800-53: official NIST informative reference (SRC-OLIR-CSF-53) in column nist_official_sp800_53r5; key controls are the official ones in the P02 GWP baseline (author selection),Medium,"Critical services to clients (fills, time, invoicing, MSP programs) defined with service levels",EV-053 (client contracts); P05,Met,None,Very Low,None,Staffing security and compliance lead,,None,Staffing (group controls inherited)
G-005,NIST CSF 2.0 (voluntary benchmark),N56-BM (GV.OC-05),CSF 2.0 GV.OC-05 (Govern; Organizational Context),"Outcomes, capabilities, and services that the organization depends on are understood and communicated",CSF 2.0 subcategory (voluntary),Yes (voluntary benchmark),GV.OC-05,SA-9,PM-11; PM-30; RA-7; SA-9; SR-5,CSF 2.0 to SP 800-53: official NIST informative reference (SRC-OLIR-CSF-53) in column nist_official_sp800_53r5; key controls are the official ones in the P02 GWP baseline (author selection),Medium,"Dependencies on the GWP, identity, and VMS vendor documented",P05 dependency table,Met,None,Very Low,None,Staffing security and compliance lead,,None,Staffing (group controls inherited)
G-006,NIST CSF 2.0 (voluntary benchmark),N56-BM (GV.RM-01),CSF 2.0 GV.RM-01 (Govern; Risk Management Strategy),Risk management objectives are established and agreed to by organizational stakeholders,CSF 2.0 subcategory (voluntary),Yes (voluntary benchmark),GV.RM-01,PM-9; SR-2,PM-9; RA-7; SR-2,CSF 2.0 to SP 800-53: official NIST informative reference (SRC-OLIR-CSF-53) in column nist_official_sp800_53r5; key controls are the official ones in the P02 GWP baseline (author selection),Medium,Risk objectives approved by the board risk committee,EV-007 (risk management strategy),Met,None,Very Low,None,Staffing security and compliance lead,,None,Staffing (group controls inherited)
G-007,NIST CSF 2.0 (voluntary benchmark),N56-BM (GV.RM-02),CSF 2.0 GV.RM-02 (Govern; Risk Management Strategy),"Risk appetite and risk tolerance statements are established, communicated, and maintained",CSF 2.0 subcategory (voluntary),Yes (voluntary benchmark),GV.RM-02,PM-9,PM-9,CSF 2.0 to SP 800-53: official NIST informative reference (SRC-OLIR-CSF-53) in column nist_official_sp800_53r5; key controls are the official ones in the P02 GWP baseline (author selection),Medium,Risk appetite and acceptance authority by level,POL-01 4.4; P01,Met,None,Very Low,None,Staffing security and compliance lead,,None,Staffing (group controls inherited)
G-008,NIST CSF 2.0 (voluntary benchmark),N56-BM (GV.RM-03),CSF 2.0 GV.RM-03 (Govern; Risk Management Strategy),Cybersecurity risk management activities and outcomes are included in enterprise risk management processes,CSF 2.0 subcategory (voluntary),Yes (voluntary benchmark),GV.RM-03,PM-9; SR-2,PM-3; PM-9; PM-30; RA-7; SA-24; SR-2,CSF 2.0 to SP 800-53: official NIST informative reference (SRC-OLIR-CSF-53) in column nist_official_sp800_53r5; key controls are the official ones in the P02 GWP baseline (author selection),Medium,Division register rolls up to group ERM quarterly,P01 report section 5,Met,None,Very Low,None,Staffing security and compliance lead,,None,Staffing (group controls inherited)
G-009,NIST CSF 2.0 (voluntary benchmark),N56-BM (GV.RM-04),CSF 2.0 GV.RM-04 (Govern; Risk Management Strategy),Strategic direction that describes appropriate risk response options is established and communicated,CSF 2.0 subcategory (voluntary),Yes (voluntary benchmark),GV.RM-04,PM-9; SR-2,PM-9; PM-28; PM-30; SR-2,CSF 2.0 to SP 800-53: official NIST informative reference (SRC-OLIR-CSF-53) in column nist_official_sp800_53r5; key controls are the official ones in the P02 GWP baseline (author selection),Medium,Risk response options defined in the risk standard,EV-007 (risk standard),Met,None,Very Low,None,Staffing security and compliance lead,,None,Staffing (group controls inherited)
G-010,NIST CSF 2.0 (voluntary benchmark),N56-BM (GV.RM-05),CSF 2.0 GV.RM-05 (Govern; Risk Management Strategy),"Lines of communication across the organization are established for cybersecurity risks, including risks from suppliers and other third parties",CSF 2.0 subcategory (voluntary),Yes (voluntary benchmark),GV.RM-05,PM-9,PM-9; PM-30,CSF 2.0 to SP 800-53: official NIST informative reference (SRC-OLIR-CSF-53) in column nist_official_sp800_53r5; key controls are the official ones in the P02 GWP baseline (author selection),Medium,Division lead reports to the Group CISO monthly; supplier risks reported by third-party risk management,EV-007 (monthly reports),Met,None,Very Low,None,Staffing security and compliance lead,,None,Staffing (group controls inherited)
G-011,NIST CSF 2.0 (voluntary benchmark),N56-BM (GV.RM-06),CSF 2.0 GV.RM-06 (Govern; Risk Management Strategy),"A standardized method for calculating, documenting, categorizing, and prioritizing cybersecurity risks is established and communicated",CSF 2.0 subcategory (voluntary),Yes (voluntary benchmark),GV.RM-06,PM-9; RA-3,PM-9; PM-18; PM-28; PM-30; RA-3,CSF 2.0 to SP 800-53: official NIST informative reference (SRC-OLIR-CSF-53) in column nist_official_sp800_53r5; key controls are the official ones in the P02 GWP baseline (author selection),Medium,SP 800-30 tables computed by script for all registers,P01 method,Met,None,Very Low,None,Staffing security and compliance lead,,None,Staffing (group controls inherited)
G-012,NIST CSF 2.0 (voluntary benchmark),N56-BM (GV.RM-07),CSF 2.0 GV.RM-07 (Govern; Risk Management Strategy),"Strategic opportunities (i.e., positive risks) are characterized and are included in organizational cybersecurity risk discussions",CSF 2.0 subcategory (voluntary),Yes (voluntary benchmark),GV.RM-07,PM-9; RA-3,PM-9; PM-18; PM-28; PM-30; RA-3,CSF 2.0 to SP 800-53: official NIST informative reference (SRC-OLIR-CSF-53) in column nist_official_sp800_53r5; key controls are the official ones in the P02 GWP baseline (author selection),Low,Opportunities discussed informally,EV-078 (strategy notes),Partially met,"Positive risks (for example, faster onboarding through passkeys) are not recorded",Very Low,Record opportunities in the annual strategy review,Group Chief Risk Officer,2027-06-30,None,Staffing (group controls inherited)
G-013,NIST CSF 2.0 (voluntary benchmark),N56-BM (GV.RR-01),"CSF 2.0 GV.RR-01 (Govern; Roles, Responsibilities, and Authorities)","Organizational leadership is responsible and accountable for cybersecurity risk and fosters a culture that is risk-aware, ethical, and continually improving",CSF 2.0 subcategory (voluntary),Yes (voluntary benchmark),GV.RR-01,PM-2,PM-2; PM-19; PM-23; PM-24; PM-29,CSF 2.0 to SP 800-53: official NIST informative reference (SRC-OLIR-CSF-53) in column nist_official_sp800_53r5; key controls are the official ones in the P02 GWP baseline (author selection),Medium,Board risk committee and division president review cyber risk quarterly,EV-007 (committee minutes),Met,None,Very Low,None,Staffing security and compliance lead,,None,Staffing (group controls inherited)
G-014,NIST CSF 2.0 (voluntary benchmark),N56-BM (GV.RR-02),"CSF 2.0 GV.RR-02 (Govern; Roles, Responsibilities, and Authorities)","Roles, responsibilities, and authorities related to cybersecurity risk management are established, communicated, understood, and enforced",CSF 2.0 subcategory (voluntary),Yes (voluntary benchmark),GV.RR-02,PM-2,PM-2; PM-13; PM-19; PM-23; PM-24; PM-29,CSF 2.0 to SP 800-53: official NIST informative reference (SRC-OLIR-CSF-53) in column nist_official_sp800_53r5; key controls are the official ones in the P02 GWP baseline (author selection),Medium,Roles defined in POL-01 and the Staffing supplement,POL-01; EV-089 (Staffing supplement),Met,None,Very Low,None,Staffing security and compliance lead,,None,Staffing (group controls inherited)
G-015,NIST CSF 2.0 (voluntary benchmark),N56-BM (GV.RR-03),"CSF 2.0 GV.RR-03 (Govern; Roles, Responsibilities, and Authorities)","Adequate resources are allocated commensurate with the cybersecurity risk strategy, roles, responsibilities, and policies",CSF 2.0 subcategory (voluntary),Yes (voluntary benchmark),GV.RR-03,PM-3,PM-3,CSF 2.0 to SP 800-53: official NIST informative reference (SRC-OLIR-CSF-53) in column nist_official_sp800_53r5; key controls are the official ones in the P02 GWP baseline (author selection),Medium,Security budget approved against the risk register,EV-078 (FY2027 budget),Met,None,Very Low,None,Staffing security and compliance lead,,None,Staffing (group controls inherited)
G-016,NIST CSF 2.0 (voluntary benchmark),N56-BM (GV.RR-04),"CSF 2.0 GV.RR-04 (Govern; Roles, Responsibilities, and Authorities)",Cybersecurity is included in human resources practices,CSF 2.0 subcategory (voluntary),Yes (voluntary benchmark),GV.RR-04,PS-7,PM-13; PS-1; PS-7; PS-9,CSF 2.0 to SP 800-53: official NIST informative reference (SRC-OLIR-CSF-53) in column nist_official_sp800_53r5; key controls are the official ones in the P02 GWP baseline (author selection),Medium,"Background checks, confidentiality terms, and sanctions for internal staff",EV-042 (HR procedures; sanctions log),Met,None,Very Low,None,Staffing security and compliance lead,,None,Staffing (group controls inherited)
G-017,NIST CSF 2.0 (voluntary benchmark),N56-BM (GV.PO-01),CSF 2.0 GV.PO-01 (Govern; Policy),"Policy for managing cybersecurity risks is established based on organizational context, cybersecurity strategy, and priorities and is communicated and enforced",CSF 2.0 subcategory (voluntary),Yes (voluntary benchmark),GV.PO-01,AC-1; AT-1; AU-1; CA-1,AC-1; AT-1; AU-1; CA-1; CM-1; CP-1; IA-1; IR-1; MA-1; MP-1; PE-1; PL-1; PM-1; PS-1; PT-1; RA-1; SA-1; SC-1; SI-1; SR-1,CSF 2.0 to SP 800-53: official NIST informative reference (SRC-OLIR-CSF-53) in column nist_official_sp800_53r5; key controls are the official ones in the P02 GWP baseline (author selection),Medium,Group policies POL-01 to POL-05 adopted,P06,Met,None,Very Low,None,Staffing security and compliance lead,,None,Staffing (group controls inherited)
G-018,NIST CSF 2.0 (voluntary benchmark),N56-BM (GV.PO-02),CSF 2.0 GV.PO-02 (Govern; Policy),"Policy for managing cybersecurity risks is reviewed, updated, communicated, and enforced to reflect changes in requirements, threats, technology, and organizational mission",CSF 2.0 subcategory (voluntary),Yes (voluntary benchmark),GV.PO-02,AC-1; AT-1; AU-1; CA-1,AC-1; AT-1; AU-1; CA-1; CM-1; CP-1; IA-1; IR-1; MA-1; MP-1; PE-1; PL-1; PM-1; PS-1; PT-1; RA-1; SA-1; SC-1; SI-1; SR-1,CSF 2.0 to SP 800-53: official NIST informative reference (SRC-OLIR-CSF-53) in column nist_official_sp800_53r5; key controls are the official ones in the P02 GWP baseline (author selection),Medium,Staffing supplement aligned to 2026 group policies,EV-089 (supplement v2026),Met,None,Very Low,None,Staffing security and compliance lead,,None,Staffing (group controls inherited)
G-019,NIST CSF 2.0 (voluntary benchmark),N56-BM (GV.OV-01),CSF 2.0 GV.OV-01 (Govern; Oversight),Cybersecurity risk management strategy outcomes are reviewed to inform and adjust strategy and direction,CSF 2.0 subcategory (voluntary),Yes (voluntary benchmark),GV.OV-01,AC-1; AT-1; AU-1; CA-1,AC-1; AT-1; AU-1; CA-1; CM-1; CP-1; IA-1; IR-1; MA-1; MP-1; PE-1; PL-1; PM-1; PS-1; PT-1; RA-1; SA-1; SC-1; SI-1; SR-1; PM-9; PM-18; PM-30; PM-31; RA-7; SR-6,CSF 2.0 to SP 800-53: official NIST informative reference (SRC-OLIR-CSF-53) in column nist_official_sp800_53r5; key controls are the official ones in the P02 GWP baseline (author selection),Medium,Board risk committee reviews outcomes quarterly,EV-007 (committee minutes),Met,None,Very Low,None,Staffing security and compliance lead,,None,Staffing (group controls inherited)
G-020,NIST CSF 2.0 (voluntary benchmark),N56-BM (GV.OV-02),CSF 2.0 GV.OV-02 (Govern; Oversight),The cybersecurity risk management strategy is reviewed and adjusted to ensure coverage of organizational requirements and risks,CSF 2.0 subcategory (voluntary),Yes (voluntary benchmark),GV.OV-02,PM-9; SR-6,PM-9; PM-19; PM-30; PM-31; RA-7; SR-6,CSF 2.0 to SP 800-53: official NIST informative reference (SRC-OLIR-CSF-53) in column nist_official_sp800_53r5; key controls are the official ones in the P02 GWP baseline (author selection),Medium,Strategy reviewed annually against new requirements,EV-078 (strategy review 2026),Met,None,Very Low,None,Staffing security and compliance lead,,None,Staffing (group controls inherited)
G-021,NIST CSF 2.0 (voluntary benchmark),N56-BM (GV.OV-03),CSF 2.0 GV.OV-03 (Govern; Oversight),Organizational cybersecurity risk management performance is evaluated and reviewed for adjustments needed,CSF 2.0 subcategory (voluntary),Yes (voluntary benchmark),GV.OV-03,SR-6,PM-4; PM-6; RA-7; SR-6,CSF 2.0 to SP 800-53: official NIST informative reference (SRC-OLIR-CSF-53) in column nist_official_sp800_53r5; key controls are the official ones in the P02 GWP baseline (author selection),Medium,"Metrics reported monthly (MFA coverage, phishing, patching, fraud losses)",EV-007 (metrics dashboard),Met,None,Very Low,None,Staffing security and compliance lead,,None,Staffing (group controls inherited)
G-022,NIST CSF 2.0 (voluntary benchmark),N56-BM (GV.SC-01),CSF 2.0 GV.SC-01 (Govern; Cybersecurity Supply Chain Risk Management),"A cybersecurity supply chain risk management program, strategy, objectives, policies, and processes are established and agreed to by organizational stakeholders",CSF 2.0 subcategory (voluntary),Yes (voluntary benchmark),GV.SC-01,SR-2; SR-3,PM-30; SR-2; SR-3,CSF 2.0 to SP 800-53: official NIST informative reference (SRC-OLIR-CSF-53) in column nist_official_sp800_53r5; key controls are the official ones in the P02 GWP baseline (author selection),Medium,Group third-party risk program with tiering,EV-008 (third-party risk standard),Met,None,Very Low,None,Staffing security and compliance lead,,None,Staffing (group controls inherited)
G-023,NIST CSF 2.0 (voluntary benchmark),N56-BM (GV.SC-02),CSF 2.0 GV.SC-02 (Govern; Cybersecurity Supply Chain Risk Management),"Cybersecurity roles and responsibilities for suppliers, customers, and partners are established, communicated, and coordinated internally and externally",CSF 2.0 subcategory (voluntary),Yes (voluntary benchmark),GV.SC-02,SR-2; SR-3,SR-2; SR-3; SR-5,CSF 2.0 to SP 800-53: official NIST informative reference (SRC-OLIR-CSF-53) in column nist_official_sp800_53r5; key controls are the official ones in the P02 GWP baseline (author selection),Medium,Vendor and client security roles set in contracts,EV-039 (contract templates),Met,None,Very Low,None,Staffing security and compliance lead,,None,Staffing (group controls inherited)
G-024,NIST CSF 2.0 (voluntary benchmark),N56-BM (GV.SC-03),CSF 2.0 GV.SC-03 (Govern; Cybersecurity Supply Chain Risk Management),"Cybersecurity supply chain risk management is integrated into cybersecurity and enterprise risk management, risk assessment, and improvement processes",CSF 2.0 subcategory (voluntary),Yes (voluntary benchmark),GV.SC-03,AC-1; AT-1; AU-1; CA-1,AC-1; AT-1; AU-1; CA-1; CM-1; CP-1; IA-1; IR-1; MA-1; MP-1; PE-1; PL-1; PM-1; PS-1; PT-1; RA-1; SA-1; SC-1; SI-1; SR-1; PM-9; PM-18; PM-30; PM-31; SR-2; SR-3; RA-3; RA-7,CSF 2.0 to SP 800-53: official NIST informative reference (SRC-OLIR-CSF-53) in column nist_official_sp800_53r5; key controls are the official ones in the P02 GWP baseline (author selection),Medium,Third-party risks in the risk registers,P01,Met,None,Very Low,None,Staffing security and compliance lead,,None,Staffing (group controls inherited)
G-025,NIST CSF 2.0 (voluntary benchmark),N56-BM (GV.SC-04),CSF 2.0 GV.SC-04 (Govern; Cybersecurity Supply Chain Risk Management),Suppliers are known and prioritized by criticality,CSF 2.0 subcategory (voluntary),Yes (voluntary benchmark),GV.SC-04,SA-9; SR-6,RA-9; SA-9; SR-6,CSF 2.0 to SP 800-53: official NIST informative reference (SRC-OLIR-CSF-53) in column nist_official_sp800_53r5; key controls are the official ones in the P02 GWP baseline (author selection),Medium,Vendors tiered by data and criticality,EV-039 (vendor tiering list),Met,None,Very Low,None,Staffing security and compliance lead,,None,Staffing (group controls inherited)
G-026,NIST CSF 2.0 (voluntary benchmark),N56-BM (GV.SC-05),CSF 2.0 GV.SC-05 (Govern; Cybersecurity Supply Chain Risk Management),"Requirements to address cybersecurity risks in supply chains are established, prioritized, and integrated into contracts and other types of agreements with suppliers and other relevant third parties",CSF 2.0 subcategory (voluntary),Yes (voluntary benchmark),GV.SC-05,SA-4; SA-9; SR-3; SR-6,SA-4; SA-9; SR-3; SR-5; SR-6; SR-10,CSF 2.0 to SP 800-53: official NIST informative reference (SRC-OLIR-CSF-53) in column nist_official_sp800_53r5; key controls are the official ones in the P02 GWP baseline (author selection),High,Security and breach notice terms in standard contracts,EV-039 (contract templates); EV-037 (AI vendor terms),Partially met,AI ranking add-on contract allows training on candidate data; client VMS integration terms do not cover credentials,Moderate,Amend AI vendor terms; add integration security terms,Group General Counsel,2027-03-31,None,Staffing (group controls inherited)
G-027,NIST CSF 2.0 (voluntary benchmark),N56-BM (GV.SC-06),CSF 2.0 GV.SC-06 (Govern; Cybersecurity Supply Chain Risk Management),Planning and due diligence are performed to reduce risks before entering into formal supplier or other third-party relationships,CSF 2.0 subcategory (voluntary),Yes (voluntary benchmark),GV.SC-06,SA-4; SA-9; SR-6,SA-4; SA-9; SR-5; SR-6,CSF 2.0 to SP 800-53: official NIST informative reference (SRC-OLIR-CSF-53) in column nist_official_sp800_53r5; key controls are the official ones in the P02 GWP baseline (author selection),Medium,Due diligence before tier 1 contracts,EV-039 (vendor onboarding records); EV-037 (AI add-on vendor file),Partially met,The AI ranking add-on was enabled through the ATS marketplace without due diligence,Moderate,Block marketplace add-ons without third-party risk approval,Group Chief Risk Officer,2026-12-31,None,Staffing (group controls inherited)
G-028,NIST CSF 2.0 (voluntary benchmark),N56-BM (GV.SC-07),CSF 2.0 GV.SC-07 (Govern; Cybersecurity Supply Chain Risk Management),"The risks posed by a supplier, their products and services, and other third parties are understood, recorded, prioritized, assessed, responded to, and monitored over the course of the relationship",CSF 2.0 subcategory (voluntary),Yes (voluntary benchmark),GV.SC-07,SA-4; SA-9; SR-3; SR-6,RA-9; SA-4; SA-9; SR-3; SR-6,CSF 2.0 to SP 800-53: official NIST informative reference (SRC-OLIR-CSF-53) in column nist_official_sp800_53r5; key controls are the official ones in the P02 GWP baseline (author selection),Medium,Annual reviews of tier 1 vendors,EV-040 (vendor review records),Partially met,AI vendor provided no SOC 2 report or bias test results,Moderate,Obtain assurance or replace the vendor,Group talent acquisition technology director,2027-03-31,None,Staffing (group controls inherited)
G-029,NIST CSF 2.0 (voluntary benchmark),N56-BM (GV.SC-08),CSF 2.0 GV.SC-08 (Govern; Cybersecurity Supply Chain Risk Management),"Relevant suppliers and other third parties are included in incident planning, response, and recovery activities",CSF 2.0 subcategory (voluntary),Yes (voluntary benchmark),GV.SC-08,SA-4; SA-9; SR-2; SR-3,SA-4; SA-9; SR-2; SR-3; SR-8; CP-1; IR-1,CSF 2.0 to SP 800-53: official NIST informative reference (SRC-OLIR-CSF-53) in column nist_official_sp800_53r5; key controls are the official ones in the P02 GWP baseline (author selection),Medium,Vendors named in the IR plan,EV-020 (IR plan; exercise reports),Partially met,GWP vendors and the VMS vendor have not joined an exercise,Low,Invite tier 1 vendors to the 2026-12 tabletop,Group SOC director,2026-12-15,None,Staffing (group controls inherited)
G-030,NIST CSF 2.0 (voluntary benchmark),N56-BM (GV.SC-09),CSF 2.0 GV.SC-09 (Govern; Cybersecurity Supply Chain Risk Management),"Supply chain security practices are integrated into cybersecurity and enterprise risk management programs, and their performance is monitored throughout the technology product and service life cycle",CSF 2.0 subcategory (voluntary),Yes (voluntary benchmark),GV.SC-09,PM-9; RA-3; SA-4; SA-9,PM-9; PM-19; PM-28; PM-30; PM-31; RA-3; RA-7; SA-4; SA-9; SR-2; SR-3; SR-5; SR-6,CSF 2.0 to SP 800-53: official NIST informative reference (SRC-OLIR-CSF-53) in column nist_official_sp800_53r5; key controls are the official ones in the P02 GWP baseline (author selection),Medium,Supply chain risk part of ERM,P01,Met,None,Very Low,None,Staffing security and compliance lead,,None,Staffing (group controls inherited)
G-031,NIST CSF 2.0 (voluntary benchmark),N56-BM (GV.SC-10),CSF 2.0 GV.SC-10 (Govern; Cybersecurity Supply Chain Risk Management),Cybersecurity supply chain risk management plans include provisions for activities that occur after the conclusion of a partnership or service agreement,CSF 2.0 subcategory (voluntary),Yes (voluntary benchmark),GV.SC-10,RA-3; RA-5; SA-4; SA-9,PM-31; RA-3; RA-5; RA-7; SA-4; SA-9; SR-2; SR-3; SR-5; SR-6,CSF 2.0 to SP 800-53: official NIST informative reference (SRC-OLIR-CSF-53) in column nist_official_sp800_53r5; key controls are the official ones in the P02 GWP baseline (author selection),Low,Offboarding checklist returns or destroys data,EV-039 (vendor offboarding checklist),Met,None,Very Low,None,Staffing security and compliance lead,,None,Staffing (group controls inherited)
G-032,NIST CSF 2.0 (voluntary benchmark),N56-BM (ID.AM-01),CSF 2.0 ID.AM-01 (Identify; Asset Management),Inventories of hardware managed by the organization are maintained,CSF 2.0 subcategory (voluntary),Yes (voluntary benchmark),ID.AM-01,CM-8,CM-8; PM-5,CSF 2.0 to SP 800-53: official NIST informative reference (SRC-OLIR-CSF-53) in column nist_official_sp800_53r5; key controls are the official ones in the P02 GWP baseline (author selection),Medium,"Laptops, kiosks, and network gear in the asset system",EV-051 (asset inventory); EV-S-CM8 (time clock walkthrough),Partially met,Badge and PIN time clocks at on-site offices are not all inventoried,Low,Complete the clock inventory,Staffing IT director,2026-12-31,None,Staffing (group controls inherited)
G-033,NIST CSF 2.0 (voluntary benchmark),N56-BM (ID.AM-02),CSF 2.0 ID.AM-02 (Identify; Asset Management),"Inventories of software, services, and systems managed by the organization are maintained",CSF 2.0 subcategory (voluntary),Yes (voluntary benchmark),ID.AM-02,AC-20; CM-8; SA-9,AC-20; CM-8; PM-5; SA-5; SA-9,CSF 2.0 to SP 800-53: official NIST informative reference (SRC-OLIR-CSF-53) in column nist_official_sp800_53r5; key controls are the official ones in the P02 GWP baseline (author selection),Medium,SaaS and software inventory maintained,EV-027 (software inventory),Met,None,Very Low,None,Staffing security and compliance lead,,None,Staffing (group controls inherited)
G-034,NIST CSF 2.0 (voluntary benchmark),N56-BM (ID.AM-03),CSF 2.0 ID.AM-03 (Identify; Asset Management),Representations of the organization's authorized network communication and internal and external network data flows are maintained,CSF 2.0 subcategory (voluntary),Yes (voluntary benchmark),ID.AM-03,AC-4; CA-3; PL-2,AC-4; CA-3; CA-9; PL-2; PL-8; PM-7,CSF 2.0 to SP 800-53: official NIST informative reference (SRC-OLIR-CSF-53) in column nist_official_sp800_53r5; key controls are the official ones in the P02 GWP baseline (author selection),Medium,Data flow diagrams for the GWP and Staffing systems,P04 diagrams,Met,None,Very Low,None,Staffing security and compliance lead,,None,Staffing (group controls inherited)
G-035,NIST CSF 2.0 (voluntary benchmark),N56-BM (ID.AM-04),CSF 2.0 ID.AM-04 (Identify; Asset Management),Inventories of services provided by suppliers are maintained,CSF 2.0 subcategory (voluntary),Yes (voluntary benchmark),ID.AM-04,AC-20; SA-9; SR-2,AC-20; SA-9; SR-2,CSF 2.0 to SP 800-53: official NIST informative reference (SRC-OLIR-CSF-53) in column nist_official_sp800_53r5; key controls are the official ones in the P02 GWP baseline (author selection),Medium,Supplier services inventory maintained,EV-039 (vendor inventory),Met,None,Very Low,None,Staffing security and compliance lead,,None,Staffing (group controls inherited)
G-036,NIST CSF 2.0 (voluntary benchmark),N56-BM (ID.AM-05),CSF 2.0 ID.AM-05 (Identify; Asset Management),"Assets are prioritized based on classification, criticality, resources, and impact on the mission",CSF 2.0 subcategory (voluntary),Yes (voluntary benchmark),ID.AM-05,RA-3; RA-2,RA-3; RA-9; RA-2,CSF 2.0 to SP 800-53: official NIST informative reference (SRC-OLIR-CSF-53) in column nist_official_sp800_53r5; key controls are the official ones in the P02 GWP baseline (author selection),Medium,Assets prioritized by BIA criticality,P05,Met,None,Very Low,None,Staffing security and compliance lead,,None,Staffing (group controls inherited)
G-037,NIST CSF 2.0 (voluntary benchmark),N56-BM (ID.AM-07),CSF 2.0 ID.AM-07 (Identify; Asset Management),Inventories of data and corresponding metadata for designated data types are maintained,CSF 2.0 subcategory (voluntary),Yes (voluntary benchmark),ID.AM-07,CM-12; SI-12,CM-12; CM-13; SI-12,CSF 2.0 to SP 800-53: official NIST informative reference (SRC-OLIR-CSF-53) in column nist_official_sp800_53r5; key controls are the official ones in the P02 GWP baseline (author selection),High,"GWP data map for SSNs, bank data, I-9 images, consumer reports",EV-029 (GWP data map),Partially met,Copies of associate data in client spreadsheets and email are not mapped,Moderate,Data discovery scan of mailboxes and file shares,Group Chief Privacy Officer,2027-03-31,None,Staffing (group controls inherited)
G-038,NIST CSF 2.0 (voluntary benchmark),N56-BM (ID.AM-08),CSF 2.0 ID.AM-08 (Identify; Asset Management),"Systems, hardware, software, services, and data are managed throughout their life cycles",CSF 2.0 subcategory (voluntary),Yes (voluntary benchmark),ID.AM-08,PL-2; SA-4; SI-12,CM-9; CM-13; MA-2; MA-6; PL-2; PM-22; PM-23; SA-3; SA-4; SA-8; SA-22; SI-12; SI-18; SR-5; SR-12,CSF 2.0 to SP 800-53: official NIST informative reference (SRC-OLIR-CSF-53) in column nist_official_sp800_53r5; key controls are the official ones in the P02 GWP baseline (author selection),High,Retention schedule approved 2025,EV-044 (retention schedule),Partially met,No automated deletion of candidate profiles or consumer reports,Moderate,Automated deletion jobs (GR-14),Group Chief Privacy Officer,2027-06-30,None,Staffing (group controls inherited)
G-039,NIST CSF 2.0 (voluntary benchmark),N56-BM (ID.RA-01),CSF 2.0 ID.RA-01 (Identify; Risk Assessment),"Vulnerabilities in assets are identified, validated, and recorded",CSF 2.0 subcategory (voluntary),Yes (voluntary benchmark),ID.RA-01,CA-2; CA-7; CA-8; RA-3,CA-2; CA-7; CA-8; RA-3; RA-5; SA-11(2); SA-15(7); SA-15(8); SI-4; SI-5,CSF 2.0 to SP 800-53: official NIST informative reference (SRC-OLIR-CSF-53) in column nist_official_sp800_53r5; key controls are the official ones in the P02 GWP baseline (author selection),High,Monthly scans; annual penetration test,EV-018 (scan reports); EV-019 (pen test 2026-03),Met,None,Very Low,None,Staffing security and compliance lead,,None,Staffing (group controls inherited)
G-040,NIST CSF 2.0 (voluntary benchmark),N56-BM (ID.RA-02),CSF 2.0 ID.RA-02 (Identify; Risk Assessment),Cyber threat intelligence is received from information sharing forums and sources,CSF 2.0 subcategory (voluntary),Yes (voluntary benchmark),ID.RA-02,SI-5,SI-5; PM-15; PM-16,CSF 2.0 to SP 800-53: official NIST informative reference (SRC-OLIR-CSF-53) in column nist_official_sp800_53r5; key controls are the official ones in the P02 GWP baseline (author selection),Medium,Threat intelligence feeds in the SOC,EV-018 (SOC intelligence log),Met,None,Very Low,None,Staffing security and compliance lead,,None,Staffing (group controls inherited)
G-041,NIST CSF 2.0 (voluntary benchmark),N56-BM (ID.RA-03),CSF 2.0 ID.RA-03 (Identify; Risk Assessment),Internal and external threats to the organization are identified and recorded,CSF 2.0 subcategory (voluntary),Yes (voluntary benchmark),ID.RA-03,RA-3; SI-5,PM-12; PM-16; RA-3; SI-5,CSF 2.0 to SP 800-53: official NIST informative reference (SRC-OLIR-CSF-53) in column nist_official_sp800_53r5; key controls are the official ones in the P02 GWP baseline (author selection),Medium,"Threats recorded in the register, including payroll diversion and recruiter phishing",P01,Met,None,Very Low,None,Staffing security and compliance lead,,None,Staffing (group controls inherited)
G-042,NIST CSF 2.0 (voluntary benchmark),N56-BM (ID.RA-04),CSF 2.0 ID.RA-04 (Identify; Risk Assessment),Potential impacts and likelihoods of threats exploiting vulnerabilities are identified and recorded,CSF 2.0 subcategory (voluntary),Yes (voluntary benchmark),ID.RA-04,PM-9; RA-2; RA-3; RA-8,PM-9; PM-11; RA-2; RA-3; RA-8; RA-9,CSF 2.0 to SP 800-53: official NIST informative reference (SRC-OLIR-CSF-53) in column nist_official_sp800_53r5; key controls are the official ones in the P02 GWP baseline (author selection),High,Likelihood and impact rated with SP 800-30 tables,P01,Met,None,Very Low,None,Staffing security and compliance lead,,None,Staffing (group controls inherited)
G-043,NIST CSF 2.0 (voluntary benchmark),N56-BM (ID.RA-05),CSF 2.0 ID.RA-05 (Identify; Risk Assessment),"Threats, vulnerabilities, likelihoods, and impacts are used to understand inherent risk and inform risk response prioritization",CSF 2.0 subcategory (voluntary),Yes (voluntary benchmark),ID.RA-05,RA-2; RA-3,PM-16; RA-2; RA-3; RA-7,CSF 2.0 to SP 800-53: official NIST informative reference (SRC-OLIR-CSF-53) in column nist_official_sp800_53r5; key controls are the official ones in the P02 GWP baseline (author selection),High,Risk levels drive treatment priority,P01,Met,None,Very Low,None,Staffing security and compliance lead,,None,Staffing (group controls inherited)
G-044,NIST CSF 2.0 (voluntary benchmark),N56-BM (ID.RA-06),CSF 2.0 ID.RA-06 (Identify; Risk Assessment),"Risk responses are chosen, prioritized, planned, tracked, and communicated",CSF 2.0 subcategory (voluntary),Yes (voluntary benchmark),ID.RA-06,PM-9,PM-9; PM-18; PM-30; RA-7,CSF 2.0 to SP 800-53: official NIST informative reference (SRC-OLIR-CSF-53) in column nist_official_sp800_53r5; key controls are the official ones in the P02 GWP baseline (author selection),High,Treatments tracked in the GRC tool,P01; P07 POA&M,Met,None,Very Low,None,Staffing security and compliance lead,,None,Staffing (group controls inherited)
G-045,NIST CSF 2.0 (voluntary benchmark),N56-BM (ID.RA-07),CSF 2.0 ID.RA-07 (Identify; Risk Assessment),"Changes and exceptions are managed, assessed for risk impact, recorded, and tracked",CSF 2.0 subcategory (voluntary),Yes (voluntary benchmark),ID.RA-07,CA-7; CM-3; CM-4,CA-7; CM-3; CM-4,CSF 2.0 to SP 800-53: official NIST informative reference (SRC-OLIR-CSF-53) in column nist_official_sp800_53r5; key controls are the official ones in the P02 GWP baseline (author selection),Medium,Change advisory board for GWP changes,EV-036 (change records); EV-037 (branch knockout questions),Partially met,Branches added knockout questions to the recruiting assistant without change review,Moderate,Lock the question library; require change tickets,Staffing talent acquisition vice president,2026-12-31,None,Staffing (group controls inherited)
G-046,NIST CSF 2.0 (voluntary benchmark),N56-BM (ID.RA-08),CSF 2.0 ID.RA-08 (Identify; Risk Assessment),"Processes for receiving, analyzing, and responding to vulnerability disclosures are established",CSF 2.0 subcategory (voluntary),Yes (voluntary benchmark),ID.RA-08,RA-5,RA-5,CSF 2.0 to SP 800-53: official NIST informative reference (SRC-OLIR-CSF-53) in column nist_official_sp800_53r5; key controls are the official ones in the P02 GWP baseline (author selection),Low,Vulnerability disclosure page and process,EV-018 (disclosure page),Met,None,Very Low,None,Staffing security and compliance lead,,None,Staffing (group controls inherited)
G-047,NIST CSF 2.0 (voluntary benchmark),N56-BM (ID.RA-09),CSF 2.0 ID.RA-09 (Identify; Risk Assessment),The authenticity and integrity of hardware and software are assessed prior to acquisition and use,CSF 2.0 subcategory (voluntary),Yes (voluntary benchmark),ID.RA-09,SA-4; SA-11; SI-7; SR-6,SA-4; SA-5; SA-10; SA-11; SA-15; SA-17; SI-7; SR-5; SR-6; SR-10; SR-11,CSF 2.0 to SP 800-53: official NIST informative reference (SRC-OLIR-CSF-53) in column nist_official_sp800_53r5; key controls are the official ones in the P02 GWP baseline (author selection),Low,Software from approved sources; image signing,EV-036 (pipeline configuration),Met,None,Very Low,None,Staffing security and compliance lead,,None,Staffing (group controls inherited)
G-048,NIST CSF 2.0 (voluntary benchmark),N56-BM (ID.RA-10),CSF 2.0 ID.RA-10 (Identify; Risk Assessment),Critical suppliers are assessed prior to acquisition,CSF 2.0 subcategory (voluntary),Yes (voluntary benchmark),ID.RA-10,SR-6,SR-6,CSF 2.0 to SP 800-53: official NIST informative reference (SRC-OLIR-CSF-53) in column nist_official_sp800_53r5; key controls are the official ones in the P02 GWP baseline (author selection),Medium,Tier 1 vendors assessed before contract,EV-039 (vendor onboarding records); EV-037 (AI add-on vendor file),Not met,The AI ranking add-on vendor was not assessed before use,Moderate,Assess now; no marketplace add-ons without review,Group Chief Risk Officer,2026-12-31,None,Staffing (group controls inherited)
G-049,NIST CSF 2.0 (voluntary benchmark),N56-BM (ID.IM-01),CSF 2.0 ID.IM-01 (Identify; Improvement),Improvements are identified from evaluations,CSF 2.0 subcategory (voluntary),Yes (voluntary benchmark),ID.IM-01,AC-1; AT-1; AU-1; CA-1,AC-1; AT-1; AU-1; CA-1; CM-1; CP-1; IA-1; IR-1; MA-1; MP-1; PE-1; PL-1; PM-1; PS-1; PT-1; RA-1; SA-1; SC-1; SI-1; SR-1; CA-2; CA-5; CA-7; CA-8; CP-2; IR-4; IR-8; PL-2; RA-3; RA-5; RA-7; SA-8; SA-11; SA-17(6); SI-2; SI-4; SR-5,CSF 2.0 to SP 800-53: official NIST informative reference (SRC-OLIR-CSF-53) in column nist_official_sp800_53r5; key controls are the official ones in the P02 GWP baseline (author selection),Medium,Assessment results feed the POA&M,P07,Met,None,Very Low,None,Staffing security and compliance lead,,None,Staffing (group controls inherited)
G-050,NIST CSF 2.0 (voluntary benchmark),N56-BM (ID.IM-02),CSF 2.0 ID.IM-02 (Identify; Improvement),"Improvements are identified from security tests and exercises, including those done in coordination with suppliers and relevant third parties",CSF 2.0 subcategory (voluntary),Yes (voluntary benchmark),ID.IM-02,AC-1; AT-1; AU-1; CA-1,AC-1; AT-1; AU-1; CA-1; CM-1; CP-1; IA-1; IR-1; MA-1; MP-1; PE-1; PL-1; PM-1; PS-1; PT-1; RA-1; SA-1; SC-1; SI-1; SR-1; CA-2; CA-5; CA-7; CA-8; CP-2; CP-4; IR-3; IR-4; IR-8; PL-2; PM-4; PM-31; RA-3; RA-5; RA-7; SA-8; SA-11; SI-2; SI-4; SR-5,CSF 2.0 to SP 800-53: official NIST informative reference (SRC-OLIR-CSF-53) in column nist_official_sp800_53r5; key controls are the official ones in the P02 GWP baseline (author selection),Medium,Quarterly technical exercises,EV-020 (exercise reports),Partially met,Multi-regulator notification path never exercised,Moderate,Cross-division tabletop 2026-12-15,Group General Counsel,2026-12-15,None,Staffing (group controls inherited)
G-051,NIST CSF 2.0 (voluntary benchmark),N56-BM (ID.IM-03),CSF 2.0 ID.IM-03 (Identify; Improvement),"Improvements are identified from execution of operational processes, procedures, and activities",CSF 2.0 subcategory (voluntary),Yes (voluntary benchmark),ID.IM-03,AC-1; AT-1; AU-1; CA-1,AC-1; AT-1; AU-1; CA-1; CM-1; CP-1; IA-1; IR-1; MA-1; MP-1; PE-1; PL-1; PM-1; PS-1; PT-1; RA-1; SA-1; SC-1; SI-1; SR-1; CA-2; CA-5; CA-7; CA-8; CP-2; IR-4; IR-8; PL-2; PM-4; PM-31; RA-3; RA-5; RA-7; SA-4; SA-8; SA-11; SI-2; SI-4; SR-5,CSF 2.0 to SP 800-53: official NIST informative reference (SRC-OLIR-CSF-53) in column nist_official_sp800_53r5; key controls are the official ones in the P02 GWP baseline (author selection),Medium,Fraud case reviews feed control changes,EV-033 (fraud reviews),Met,None,Very Low,None,Staffing security and compliance lead,,None,Staffing (group controls inherited)
G-052,NIST CSF 2.0 (voluntary benchmark),N56-BM (ID.IM-04),CSF 2.0 ID.IM-04 (Identify; Improvement),"Incident response plans and other cybersecurity plans that affect operations are established, communicated, maintained, and improved",CSF 2.0 subcategory (voluntary),Yes (voluntary benchmark),ID.IM-04,CP-2; IR-8; PL-2; SR-2,CP-2; IR-8; PL-2; SR-2,CSF 2.0 to SP 800-53: official NIST informative reference (SRC-OLIR-CSF-53) in column nist_official_sp800_53r5; key controls are the official ones in the P02 GWP baseline (author selection),High,Group IR plan and GWP contingency plan,EV-020 (IR plan); EV-035 (GWP contingency plan),Partially met,IR plan lacks the GWP notification matrix and the E-Verify notice,Moderate,Adopt the P08 runbook and matrix,Group SOC director,2026-11-30,None,Staffing (group controls inherited)
G-053,NIST CSF 2.0 (voluntary benchmark),N56-BM (PR.AA-01),"CSF 2.0 PR.AA-01 (Protect; Identity Management, Authentication, and Access Control)","Identities and credentials for authorized users, services, and hardware are managed by the organization",CSF 2.0 subcategory (voluntary),Yes (voluntary benchmark),PR.AA-01,AC-1; AC-2; IA-1; IA-2,AC-1; AC-2; AC-14; IA-1; IA-2; IA-3; IA-4; IA-5; IA-6; IA-7; IA-8; IA-9; IA-10; IA-11,CSF 2.0 to SP 800-53: official NIST informative reference (SRC-OLIR-CSF-53) in column nist_official_sp800_53r5; key controls are the official ones in the P02 GWP baseline (author selection),High,Staff identities managed in SYS-G1,EV-011 (identity governance export); EV-054 (client VMS integrations),Partially met,E-Verify users and 41 integration service accounts outside identity governance; about 400 client VMS integrations use shared accounts,Moderate,Bring service accounts under governance; E-Verify reconciliation,Group identity director,2026-12-31,None,Staffing (group controls inherited)
G-054,NIST CSF 2.0 (voluntary benchmark),N56-BM (PR.AA-02),"CSF 2.0 PR.AA-02 (Protect; Identity Management, Authentication, and Access Control)",Identities are proofed and bound to credentials based on the context of interactions,CSF 2.0 subcategory (voluntary),Yes (voluntary benchmark),PR.AA-02,IA-12,IA-12,CSF 2.0 to SP 800-53: official NIST informative reference (SRC-OLIR-CSF-53) in column nist_official_sp800_53r5; key controls are the official ones in the P02 GWP baseline (author selection),Medium,Staff identity proofed at hire through Form I-9 document review,EV-048 (onboarding records),Met,None,Very Low,None,Staffing security and compliance lead,,None,Staffing (group controls inherited)
G-055,NIST CSF 2.0 (voluntary benchmark),N56-BM (PR.AA-03),"CSF 2.0 PR.AA-03 (Protect; Identity Management, Authentication, and Access Control)","Users, services, and hardware are authenticated",CSF 2.0 subcategory (voluntary),Yes (voluntary benchmark),PR.AA-03,AC-7; AC-12; IA-2; IA-5,AC-7; AC-12; IA-2; IA-3; IA-5; IA-7; IA-8; IA-9; IA-10; IA-11,CSF 2.0 to SP 800-53: official NIST informative reference (SRC-OLIR-CSF-53) in column nist_official_sp800_53r5; key controls are the official ones in the P02 GWP baseline (author selection),High,Number-matching MFA for staff,EV-010 (authentication policy); EV-032 (self-service settings),Partially met,Associates use SMS codes for self-service and bank changes,High,Passkey or app authenticator; out-of-band bank change confirmation,Group payroll director,2027-03-31,None,Staffing (group controls inherited)
G-056,NIST CSF 2.0 (voluntary benchmark),N56-BM (PR.AA-04),"CSF 2.0 PR.AA-04 (Protect; Identity Management, Authentication, and Access Control)","Identity assertions are protected, conveyed, and verified",CSF 2.0 subcategory (voluntary),Yes (voluntary benchmark),PR.AA-04,IA-13,IA-13,CSF 2.0 to SP 800-53: official NIST informative reference (SRC-OLIR-CSF-53) in column nist_official_sp800_53r5; key controls are the official ones in the P02 GWP baseline (author selection),Medium,Federation assertions signed and validated,EV-010 (federation configuration),Met,None,Very Low,None,Staffing security and compliance lead,,None,Staffing (group controls inherited)
G-057,NIST CSF 2.0 (voluntary benchmark),N56-BM (PR.AA-05),"CSF 2.0 PR.AA-05 (Protect; Identity Management, Authentication, and Access Control)","Access permissions, entitlements, and authorizations are defined in a policy, managed, enforced, and reviewed, and incorporate the principles of least privilege and separation of duties",CSF 2.0 subcategory (voluntary),Yes (voluntary benchmark),PR.AA-05,AC-1; AC-2; AC-3; AC-5,AC-1; AC-2; AC-3; AC-5; AC-6; AC-10; AC-16; AC-17; AC-18; AC-19; AC-24; IA-13,CSF 2.0 to SP 800-53: official NIST informative reference (SRC-OLIR-CSF-53) in column nist_official_sp800_53r5; key controls are the official ones in the P02 GWP baseline (author selection),High,Role-based access with quarterly certification,EV-013 (certification results); EV-084 (2026 Q2 E-Verify review),Partially met,52 E-Verify accounts of departed users; recruiter export rights broad,Moderate,Termination checklist for E-Verify; export limits,"Staffing Vice President, Employment Compliance",2026-12-31,None,Staffing (group controls inherited)
G-058,NIST CSF 2.0 (voluntary benchmark),N56-BM (PR.AA-06),"CSF 2.0 PR.AA-06 (Protect; Identity Management, Authentication, and Access Control)","Physical access to assets is managed, monitored, and enforced commensurate with risk",CSF 2.0 subcategory (voluntary),Yes (voluntary benchmark),PR.AA-06,PE-2; PE-3,PE-2; PE-3; PE-4; PE-5; PE-6; PE-8; PE-18; PE-19; PE-20,CSF 2.0 to SP 800-53: official NIST informative reference (SRC-OLIR-CSF-53) in column nist_official_sp800_53r5; key controls are the official ones in the P02 GWP baseline (author selection),Medium,Badge access at branches and centers,EV-043 (physical access reports),Met,None,Very Low,None,Staffing security and compliance lead,,None,Staffing (group controls inherited)
G-059,NIST CSF 2.0 (voluntary benchmark),N56-BM (PR.AT-01),CSF 2.0 PR.AT-01 (Protect; Awareness and Training),Personnel are provided with awareness and training so that they possess the knowledge and skills to perform general tasks with cybersecurity risks in mind,CSF 2.0 subcategory (voluntary),Yes (voluntary benchmark),PR.AT-01,AT-2; AT-3,AT-2; AT-3,CSF 2.0 to SP 800-53: official NIST informative reference (SRC-OLIR-CSF-53) in column nist_official_sp800_53r5; key controls are the official ones in the P02 GWP baseline (author selection),Medium,Annual training and quarterly phishing for all staff,EV-041 (training records),Met,None,Very Low,None,Staffing security and compliance lead,,None,Staffing (group controls inherited)
G-060,NIST CSF 2.0 (voluntary benchmark),N56-BM (PR.AT-02),CSF 2.0 PR.AT-02 (Protect; Awareness and Training),Individuals in specialized roles are provided with awareness and training so that they possess the knowledge and skills to perform relevant tasks with cybersecurity risks in mind,CSF 2.0 subcategory (voluntary),Yes (voluntary benchmark),PR.AT-02,AT-3,AT-3,CSF 2.0 to SP 800-53: official NIST informative reference (SRC-OLIR-CSF-53) in column nist_official_sp800_53r5; key controls are the official ones in the P02 GWP baseline (author selection),Medium,"Role training for onboarding, payroll, and associate service staff",EV-041 (role training report),Met,None,Very Low,None,Staffing security and compliance lead,,None,Staffing (group controls inherited)
G-061,NIST CSF 2.0 (voluntary benchmark),N56-BM (PR.DS-01),CSF 2.0 PR.DS-01 (Protect; Data Security),"The confidentiality, integrity, and availability of data-at-rest are protected",CSF 2.0 subcategory (voluntary),Yes (voluntary benchmark),PR.DS-01,CA-3; CP-9; SC-7; SC-12,CA-3; CP-9; MP-8; SC-4; SC-7; SC-12; SC-13; SC-28; SC-32; SC-39; SC-43; SI-3; SI-4; SI-7,CSF 2.0 to SP 800-53: official NIST informative reference (SRC-OLIR-CSF-53) in column nist_official_sp800_53r5; key controls are the official ones in the P02 GWP baseline (author selection),High,Encryption at rest; SSN and bank tokenization,EV-023 (encryption settings; tokenization design),Met,None,Very Low,None,Staffing security and compliance lead,,None,Staffing (group controls inherited)
G-062,NIST CSF 2.0 (voluntary benchmark),N56-BM (PR.DS-02),CSF 2.0 PR.DS-02 (Protect; Data Security),"The confidentiality, integrity, and availability of data-in-transit are protected",CSF 2.0 subcategory (voluntary),Yes (voluntary benchmark),PR.DS-02,CA-3; SC-7; SC-8; SC-12,AU-16; CA-3; SC-4; SC-7; SC-8; SC-11; SC-12; SC-13; SC-16; SC-40; SC-43; SI-3; SI-4; SI-7,CSF 2.0 to SP 800-53: official NIST informative reference (SRC-OLIR-CSF-53) in column nist_official_sp800_53r5; key controls are the official ones in the P02 GWP baseline (author selection),High,TLS 1.2 or higher; encrypted pay files,EV-026 (TLS scan),Met,None,Very Low,None,Staffing security and compliance lead,,None,Staffing (group controls inherited)
G-063,NIST CSF 2.0 (voluntary benchmark),N56-BM (PR.DS-10),CSF 2.0 PR.DS-10 (Protect; Data Security),"The confidentiality, integrity, and availability of data-in-use are protected",CSF 2.0 subcategory (voluntary),Yes (voluntary benchmark),PR.DS-10,AC-2; AC-3; AC-4; AU-9,AC-2; AC-3; AC-4; AU-9; AU-13; CA-3; CP-9; SA-8; SC-4; SC-7; SC-11; SC-13; SC-24; SC-32; SC-39; SC-40; SC-43; SI-3; SI-4; SI-7; SI-10; SI-16,CSF 2.0 to SP 800-53: official NIST informative reference (SRC-OLIR-CSF-53) in column nist_official_sp800_53r5; key controls are the official ones in the P02 GWP baseline (author selection),Medium,Tokenized values shown masked in the UI,EV-023 (application settings),Met,None,Very Low,None,Staffing security and compliance lead,,None,Staffing (group controls inherited)
G-064,NIST CSF 2.0 (voluntary benchmark),N56-BM (PR.DS-11),CSF 2.0 PR.DS-11 (Protect; Data Security),"Backups of data are created, protected, maintained, and tested",CSF 2.0 subcategory (voluntary),Yes (voluntary benchmark),PR.DS-11,CP-6; CP-9,CP-6; CP-9,CSF 2.0 to SP 800-53: official NIST informative reference (SRC-OLIR-CSF-53) in column nist_official_sp800_53r5; key controls are the official ones in the P02 GWP baseline (author selection),High,Daily immutable backups,EV-024 (backup reports); EV-035 (DR test 2026-02),Partially met,Restore from immutable backups with identity assumed compromised not tested,Moderate,Isolated recovery test,Group cloud platform director,2027-03-31,None,Staffing (group controls inherited)
G-065,NIST CSF 2.0 (voluntary benchmark),N56-BM (PR.PS-01),CSF 2.0 PR.PS-01 (Protect; Platform Security),Configuration management practices are established and applied,CSF 2.0 subcategory (voluntary),Yes (voluntary benchmark),PR.PS-01,CM-1; CM-2; CM-3; CM-4,CM-1; CM-2; CM-3; CM-4; CM-5; CM-6; CM-7; CM-8; CM-9; CM-10; CM-11,CSF 2.0 to SP 800-53: official NIST informative reference (SRC-OLIR-CSF-53) in column nist_official_sp800_53r5; key controls are the official ones in the P02 GWP baseline (author selection),Medium,Baselines and guardrails,EV-022 (guardrail export),Met,None,Very Low,None,Staffing security and compliance lead,,None,Staffing (group controls inherited)
G-066,NIST CSF 2.0 (voluntary benchmark),N56-BM (PR.PS-02),CSF 2.0 PR.PS-02 (Protect; Platform Security),"Software is maintained, replaced, and removed commensurate with risk",CSF 2.0 subcategory (voluntary),Yes (voluntary benchmark),PR.PS-02,SI-2; SI-7,CM-11; MA-3(6); SA-10(1); SI-2; SI-7,CSF 2.0 to SP 800-53: official NIST informative reference (SRC-OLIR-CSF-53) in column nist_official_sp800_53r5; key controls are the official ones in the P02 GWP baseline (author selection),Medium,Patch SLAs met for 96% of systems,EV-018 (patch reports),Met,None,Very Low,None,Staffing security and compliance lead,,None,Staffing (group controls inherited)
G-067,NIST CSF 2.0 (voluntary benchmark),N56-BM (PR.PS-03),CSF 2.0 PR.PS-03 (Protect; Platform Security),"Hardware is maintained, replaced, and removed commensurate with risk",CSF 2.0 subcategory (voluntary),Yes (voluntary benchmark),PR.PS-03,CM-7(9); SA-10(3),CM-7(9); SA-10(3); SC-3(1); SC-39(1); SC-49; SC-51,CSF 2.0 to SP 800-53: official NIST informative reference (SRC-OLIR-CSF-53) in column nist_official_sp800_53r5; key controls are the official ones in the P02 GWP baseline (author selection),Low,Hardware lifecycle managed,EV-051 (asset system),Met,None,Very Low,None,Staffing security and compliance lead,,None,Staffing (group controls inherited)
G-068,NIST CSF 2.0 (voluntary benchmark),N56-BM (PR.PS-04),CSF 2.0 PR.PS-04 (Protect; Platform Security),Log records are generated and made available for continuous monitoring,CSF 2.0 subcategory (voluntary),Yes (voluntary benchmark),PR.PS-04,AU-2; AU-3; AU-6; AU-11,AU-2; AU-3; AU-6; AU-7; AU-11; AU-12; SA-15(13),CSF 2.0 to SP 800-53: official NIST informative reference (SRC-OLIR-CSF-53) in column nist_official_sp800_53r5; key controls are the official ones in the P02 GWP baseline (author selection),High,Application logs to the SIEM,EV-034 (logging configuration); EV-053 (VMS log export),Partially met,I-9 archive object logging off; VMS tenant logs not reviewed,Moderate,Enable archive logging; VMS log review,Group SOC director,2026-11-30,None,Staffing (group controls inherited)
G-069,NIST CSF 2.0 (voluntary benchmark),N56-BM (PR.PS-05),CSF 2.0 PR.PS-05 (Protect; Platform Security),Installation and execution of unauthorized software are prevented,CSF 2.0 subcategory (voluntary),Yes (voluntary benchmark),PR.PS-05,CM-7(2); CM-7(4),CM-7(2); CM-7(4); CM-7(5); SC-34,CSF 2.0 to SP 800-53: official NIST informative reference (SRC-OLIR-CSF-53) in column nist_official_sp800_53r5; key controls are the official ones in the P02 GWP baseline (author selection),Medium,Application control on kiosks; EDR on laptops,EV-017 (EDR policy); EV-014 (kiosk lockdown),Met,None,Very Low,None,Staffing security and compliance lead,,None,Staffing (group controls inherited)
G-070,NIST CSF 2.0 (voluntary benchmark),N56-BM (PR.PS-06),CSF 2.0 PR.PS-06 (Protect; Platform Security),"Secure software development practices are integrated, and their performance is monitored throughout the software development life cycle",CSF 2.0 subcategory (voluntary),Yes (voluntary benchmark),PR.PS-06,SA-11,SA-3; SA-8; SA-10; SA-11; SA-15; SA-15(13); SA-17; SA-24,CSF 2.0 to SP 800-53: official NIST informative reference (SRC-OLIR-CSF-53) in column nist_official_sp800_53r5; key controls are the official ones in the P02 GWP baseline (author selection),Medium,Secure development pipeline for the integration platform,EV-036 (pipeline configuration),Met,None,Very Low,None,Staffing security and compliance lead,,None,Staffing (group controls inherited)
G-071,NIST CSF 2.0 (voluntary benchmark),N56-BM (PR.IR-01),CSF 2.0 PR.IR-01 (Protect; Technology Infrastructure Resilience),Networks and environments are protected from unauthorized logical access and usage,CSF 2.0 subcategory (voluntary),Yes (voluntary benchmark),PR.IR-01,AC-3; AC-4; SC-7,AC-3; AC-4; SC-4; SC-5; SC-7,CSF 2.0 to SP 800-53: official NIST informative reference (SRC-OLIR-CSF-53) in column nist_official_sp800_53r5; key controls are the official ones in the P02 GWP baseline (author selection),High,SD-WAN segmentation,EV-051 (segmentation report),Partially met,Kiosks on the staff network at 61 legacy branches,Moderate,Segment the 61 branches,Staffing IT director,2027-03-31,None,Staffing (group controls inherited)
G-072,NIST CSF 2.0 (voluntary benchmark),N56-BM (PR.IR-02),CSF 2.0 PR.IR-02 (Protect; Technology Infrastructure Resilience),The organization's technology assets are protected from environmental threats,CSF 2.0 subcategory (voluntary),Yes (voluntary benchmark),PR.IR-02,CP-2,CP-2; PE-9; PE-10; PE-11; PE-12; PE-13; PE-14; PE-15; PE-18; PE-23,CSF 2.0 to SP 800-53: official NIST informative reference (SRC-OLIR-CSF-53) in column nist_official_sp800_53r5; key controls are the official ones in the P02 GWP baseline (author selection),Low,Cloud providers protect facilities; branches have surge protection,EV-040 (provider SOC 2 reports); EV-043 (branch surge protection),Met,None,Very Low,None,Staffing security and compliance lead,,None,Staffing (group controls inherited)
G-073,NIST CSF 2.0 (voluntary benchmark),N56-BM (PR.IR-03),CSF 2.0 PR.IR-03 (Protect; Technology Infrastructure Resilience),Mechanisms are implemented to achieve resilience requirements in normal and adverse situations,CSF 2.0 subcategory (voluntary),Yes (voluntary benchmark),PR.IR-03,SA-8; SA-24,SA-8; SA-24; SC-6; SC-24; SC-36; SC-39; SI-13,CSF 2.0 to SP 800-53: official NIST informative reference (SRC-OLIR-CSF-53) in column nist_official_sp800_53r5; key controls are the official ones in the P02 GWP baseline (author selection),Medium,Warm standby for the payroll engine,EV-021 (DR architecture),Met,None,Very Low,None,Staffing security and compliance lead,,None,Staffing (group controls inherited)
G-074,NIST CSF 2.0 (voluntary benchmark),N56-BM (PR.IR-04),CSF 2.0 PR.IR-04 (Protect; Technology Infrastructure Resilience),Adequate resource capacity to ensure availability is maintained,CSF 2.0 subcategory (voluntary),Yes (voluntary benchmark),PR.IR-04,CP-6; CP-7; PM-9,CP-6; CP-7; CP-8; PM-3; PM-9,CSF 2.0 to SP 800-53: official NIST informative reference (SRC-OLIR-CSF-53) in column nist_official_sp800_53r5; key controls are the official ones in the P02 GWP baseline (author selection),Medium,Capacity monitored for Friday peaks,EV-022 (capacity reports),Met,None,Very Low,None,Staffing security and compliance lead,,None,Staffing (group controls inherited)
G-075,NIST CSF 2.0 (voluntary benchmark),N56-BM (DE.CM-01),CSF 2.0 DE.CM-01 (Detect; Continuous Monitoring),Networks and network services are monitored to find potentially adverse events,CSF 2.0 subcategory (voluntary),Yes (voluntary benchmark),DE.CM-01,AC-2; AU-12; CA-7; CM-3,AC-2; AU-12; CA-7; CM-3; SC-5; SC-7; SI-4,CSF 2.0 to SP 800-53: official NIST informative reference (SRC-OLIR-CSF-53) in column nist_official_sp800_53r5; key controls are the official ones in the P02 GWP baseline (author selection),High,24x7 monitoring of network and cloud,EV-015 (SIEM),Met,None,Very Low,None,Staffing security and compliance lead,,None,Staffing (group controls inherited)
G-076,NIST CSF 2.0 (voluntary benchmark),N56-BM (DE.CM-02),CSF 2.0 DE.CM-02 (Detect; Continuous Monitoring),The physical environment is monitored to find potentially adverse events,CSF 2.0 subcategory (voluntary),Yes (voluntary benchmark),DE.CM-02,CA-7; PE-3,CA-7; PE-3; PE-6; PE-20,CSF 2.0 to SP 800-53: official NIST informative reference (SRC-OLIR-CSF-53) in column nist_official_sp800_53r5; key controls are the official ones in the P02 GWP baseline (author selection),Low,Branch alarms and cameras,EV-043 (facilities records),Met,None,Very Low,None,Staffing security and compliance lead,,None,Staffing (group controls inherited)
G-077,NIST CSF 2.0 (voluntary benchmark),N56-BM (DE.CM-03),CSF 2.0 DE.CM-03 (Detect; Continuous Monitoring),Personnel activity and technology usage are monitored to find potentially adverse events,CSF 2.0 subcategory (voluntary),Yes (voluntary benchmark),DE.CM-03,AC-2; AU-12; CA-7,AC-2; AU-12; AU-13; CA-7; CM-10; CM-11,CSF 2.0 to SP 800-53: official NIST informative reference (SRC-OLIR-CSF-53) in column nist_official_sp800_53r5; key controls are the official ones in the P02 GWP baseline (author selection),High,Staff activity monitored in the SIEM,EV-015 (SIEM rules),Partially met,No analytics on bank-change velocity or SaaS bulk exports,Moderate,Add rules (POAM-003),Group SOC director,2026-12-31,None,Staffing (group controls inherited)
G-078,NIST CSF 2.0 (voluntary benchmark),N56-BM (DE.CM-06),CSF 2.0 DE.CM-06 (Detect; Continuous Monitoring),External service provider activities and services are monitored to find potentially adverse events,CSF 2.0 subcategory (voluntary),Yes (voluntary benchmark),DE.CM-06,CA-7; PS-7; SA-4; SA-9,CA-7; PS-7; SA-4; SA-9; SI-4,CSF 2.0 to SP 800-53: official NIST informative reference (SRC-OLIR-CSF-53) in column nist_official_sp800_53r5; key controls are the official ones in the P02 GWP baseline (author selection),Medium,SaaS vendor activity reviewed through SOC 2 reports,EV-040 (vendor reviews),Partially met,No monitoring of the VMS and AI vendors' activity in group tenants,Low,Monthly vendor activity review,Group SOC director,2027-03-31,None,Staffing (group controls inherited)
G-079,NIST CSF 2.0 (voluntary benchmark),N56-BM (DE.CM-09),CSF 2.0 DE.CM-09 (Detect; Continuous Monitoring),"Computing hardware and software, runtime environments, and their data are monitored to find potentially adverse events",CSF 2.0 subcategory (voluntary),Yes (voluntary benchmark),DE.CM-09,AC-4; AU-12; CA-7; CM-3,AC-4; AC-9; AU-12; CA-7; CM-3; CM-6; CM-10; CM-11; SC-34; SC-35; SI-4; SI-7,CSF 2.0 to SP 800-53: official NIST informative reference (SRC-OLIR-CSF-53) in column nist_official_sp800_53r5; key controls are the official ones in the P02 GWP baseline (author selection),Medium,EDR and cloud workload monitoring,EV-017 (EDR coverage),Met,None,Very Low,None,Staffing security and compliance lead,,None,Staffing (group controls inherited)
G-080,NIST CSF 2.0 (voluntary benchmark),N56-BM (DE.AE-02),CSF 2.0 DE.AE-02 (Detect; Adverse Event Analysis),Potentially adverse events are analyzed to better understand associated activities,CSF 2.0 subcategory (voluntary),Yes (voluntary benchmark),DE.AE-02,AU-6; CA-7; IR-4; SI-4,AU-6; CA-7; IR-4; SI-4,CSF 2.0 to SP 800-53: official NIST informative reference (SRC-OLIR-CSF-53) in column nist_official_sp800_53r5; key controls are the official ones in the P02 GWP baseline (author selection),High,SOC triage with playbooks,EV-016 (case records),Met,None,Very Low,None,Staffing security and compliance lead,,None,Staffing (group controls inherited)
G-081,NIST CSF 2.0 (voluntary benchmark),N56-BM (DE.AE-03),CSF 2.0 DE.AE-03 (Detect; Adverse Event Analysis),Information is correlated from multiple sources,CSF 2.0 subcategory (voluntary),Yes (voluntary benchmark),DE.AE-03,AU-6; CA-7; IR-4; IR-5,AU-6; CA-7; PM-16; IR-4; IR-5; IR-8; SI-4,CSF 2.0 to SP 800-53: official NIST informative reference (SRC-OLIR-CSF-53) in column nist_official_sp800_53r5; key controls are the official ones in the P02 GWP baseline (author selection),Medium,SIEM correlation,EV-015 (correlation rules),Met,None,Very Low,None,Staffing security and compliance lead,,None,Staffing (group controls inherited)
G-082,NIST CSF 2.0 (voluntary benchmark),N56-BM (DE.AE-04),CSF 2.0 DE.AE-04 (Detect; Adverse Event Analysis),The estimated impact and scope of adverse events are understood,CSF 2.0 subcategory (voluntary),Yes (voluntary benchmark),DE.AE-04,PM-9,PM-9; PM-11; PM-18; PM-28; PM-30,CSF 2.0 to SP 800-53: official NIST informative reference (SRC-OLIR-CSF-53) in column nist_official_sp800_53r5; key controls are the official ones in the P02 GWP baseline (author selection),Medium,Impact estimated during triage,EV-016 (case records),Met,None,Very Low,None,Staffing security and compliance lead,,None,Staffing (group controls inherited)
G-083,NIST CSF 2.0 (voluntary benchmark),N56-BM (DE.AE-06),CSF 2.0 DE.AE-06 (Detect; Adverse Event Analysis),Information on adverse events is provided to authorized staff and tools,CSF 2.0 subcategory (voluntary),Yes (voluntary benchmark),DE.AE-06,IR-4,IR-4; PM-15; PM-16; RA-4; RA-10,CSF 2.0 to SP 800-53: official NIST informative reference (SRC-OLIR-CSF-53) in column nist_official_sp800_53r5; key controls are the official ones in the P02 GWP baseline (author selection),Medium,Alerts routed to division liaisons,EV-015 (routing rules),Met,None,Very Low,None,Staffing security and compliance lead,,None,Staffing (group controls inherited)
G-084,NIST CSF 2.0 (voluntary benchmark),N56-BM (DE.AE-07),CSF 2.0 DE.AE-07 (Detect; Adverse Event Analysis),Cyber threat intelligence and other contextual information are integrated into the analysis,CSF 2.0 subcategory (voluntary),Yes (voluntary benchmark),DE.AE-07,RA-3,PM-16; RA-3; RA-10,CSF 2.0 to SP 800-53: official NIST informative reference (SRC-OLIR-CSF-53) in column nist_official_sp800_53r5; key controls are the official ones in the P02 GWP baseline (author selection),Medium,Threat intelligence enrichment,EV-015 (SIEM enrichment),Met,None,Very Low,None,Staffing security and compliance lead,,None,Staffing (group controls inherited)
G-085,NIST CSF 2.0 (voluntary benchmark),N56-BM (DE.AE-08),CSF 2.0 DE.AE-08 (Detect; Adverse Event Analysis),Incidents are declared when adverse events meet the defined incident criteria,CSF 2.0 subcategory (voluntary),Yes (voluntary benchmark),DE.AE-08,IR-4; IR-8,IR-4; IR-8,CSF 2.0 to SP 800-53: official NIST informative reference (SRC-OLIR-CSF-53) in column nist_official_sp800_53r5; key controls are the official ones in the P02 GWP baseline (author selection),Medium,Severity criteria in POL-03,POL-03,Met,None,Very Low,None,Staffing security and compliance lead,,None,Staffing (group controls inherited)
G-086,NIST CSF 2.0 (voluntary benchmark),N56-BM (RS.MA-01),CSF 2.0 RS.MA-01 (Respond; Incident Management),The incident response plan is executed in coordination with relevant third parties once an incident is declared,CSF 2.0 subcategory (voluntary),Yes (voluntary benchmark),RS.MA-01,IR-6; IR-8; SR-3,IR-6; IR-7; IR-8; SR-3; SR-8,CSF 2.0 to SP 800-53: official NIST informative reference (SRC-OLIR-CSF-53) in column nist_official_sp800_53r5; key controls are the official ones in the P02 GWP baseline (author selection),High,IR plan executed with third parties,EV-020 (IR plan),Partially met,Multi-regulator coordination untested,Moderate,Tabletop 2026-12-15,Group General Counsel,2026-12-15,None,Staffing (group controls inherited)
G-087,NIST CSF 2.0 (voluntary benchmark),N56-BM (RS.MA-02),CSF 2.0 RS.MA-02 (Respond; Incident Management),Incident reports are triaged and validated,CSF 2.0 subcategory (voluntary),Yes (voluntary benchmark),RS.MA-02,IR-4; IR-5; IR-6,IR-4; IR-5; IR-6,CSF 2.0 to SP 800-53: official NIST informative reference (SRC-OLIR-CSF-53) in column nist_official_sp800_53r5; key controls are the official ones in the P02 GWP baseline (author selection),Medium,SOC triage,EV-016 (case records),Met,None,Very Low,None,Staffing security and compliance lead,,None,Staffing (group controls inherited)
G-088,NIST CSF 2.0 (voluntary benchmark),N56-BM (RS.MA-03),CSF 2.0 RS.MA-03 (Respond; Incident Management),Incidents are categorized and prioritized,CSF 2.0 subcategory (voluntary),Yes (voluntary benchmark),RS.MA-03,IR-4; IR-5; IR-6,IR-4; IR-5; IR-6,CSF 2.0 to SP 800-53: official NIST informative reference (SRC-OLIR-CSF-53) in column nist_official_sp800_53r5; key controls are the official ones in the P02 GWP baseline (author selection),Medium,Severity scale,POL-03,Met,None,Very Low,None,Staffing security and compliance lead,,None,Staffing (group controls inherited)
G-089,NIST CSF 2.0 (voluntary benchmark),N56-BM (RS.MA-04),CSF 2.0 RS.MA-04 (Respond; Incident Management),Incidents are escalated or elevated as needed,CSF 2.0 subcategory (voluntary),Yes (voluntary benchmark),RS.MA-04,IR-4; IR-5; IR-6,IR-4; IR-5; IR-6; IR-7,CSF 2.0 to SP 800-53: official NIST informative reference (SRC-OLIR-CSF-53) in column nist_official_sp800_53r5; key controls are the official ones in the P02 GWP baseline (author selection),Medium,Escalation paths,POL-03,Met,None,Very Low,None,Staffing security and compliance lead,,None,Staffing (group controls inherited)
G-090,NIST CSF 2.0 (voluntary benchmark),N56-BM (RS.MA-05),CSF 2.0 RS.MA-05 (Respond; Incident Management),The criteria for initiating incident recovery are applied,CSF 2.0 subcategory (voluntary),Yes (voluntary benchmark),RS.MA-05,IR-4; IR-8,IR-4; IR-8,CSF 2.0 to SP 800-53: official NIST informative reference (SRC-OLIR-CSF-53) in column nist_official_sp800_53r5; key controls are the official ones in the P02 GWP baseline (author selection),Medium,Recovery criteria in playbooks,EV-016 (playbooks),Met,None,Very Low,None,Staffing security and compliance lead,,None,Staffing (group controls inherited)
G-091,NIST CSF 2.0 (voluntary benchmark),N56-BM (RS.AN-03),CSF 2.0 RS.AN-03 (Respond; Incident Analysis),Analysis is performed to establish what has taken place during an incident and the root cause of the incident,CSF 2.0 subcategory (voluntary),Yes (voluntary benchmark),RS.AN-03,IR-4,AU-7; IR-4; SI-2(7),CSF 2.0 to SP 800-53: official NIST informative reference (SRC-OLIR-CSF-53) in column nist_official_sp800_53r5; key controls are the official ones in the P02 GWP baseline (author selection),Medium,Root cause analysis for incidents,EV-016 (post-incident reports),Met,None,Very Low,None,Staffing security and compliance lead,,None,Staffing (group controls inherited)
G-092,NIST CSF 2.0 (voluntary benchmark),N56-BM (RS.AN-06),CSF 2.0 RS.AN-06 (Respond; Incident Analysis),"Actions performed during an investigation are recorded, and the records' integrity and provenance are preserved",CSF 2.0 subcategory (voluntary),Yes (voluntary benchmark),RS.AN-06,IR-4; IR-6,AU-7; IR-4; IR-6,CSF 2.0 to SP 800-53: official NIST informative reference (SRC-OLIR-CSF-53) in column nist_official_sp800_53r5; key controls are the official ones in the P02 GWP baseline (author selection),Medium,Case records preserved,EV-016 (case system),Met,None,Very Low,None,Staffing security and compliance lead,,None,Staffing (group controls inherited)
G-093,NIST CSF 2.0 (voluntary benchmark),N56-BM (RS.AN-07),CSF 2.0 RS.AN-07 (Respond; Incident Analysis),"Incident data and metadata are collected, and their integrity and provenance are preserved",CSF 2.0 subcategory (voluntary),Yes (voluntary benchmark),RS.AN-07,IR-4; IR-6,AU-7; IR-4; IR-6,CSF 2.0 to SP 800-53: official NIST informative reference (SRC-OLIR-CSF-53) in column nist_official_sp800_53r5; key controls are the official ones in the P02 GWP baseline (author selection),Medium,Forensic collection with chain of custody,EV-016 (forensic procedure),Met,None,Very Low,None,Staffing security and compliance lead,,None,Staffing (group controls inherited)
G-094,NIST CSF 2.0 (voluntary benchmark),N56-BM (RS.AN-08),CSF 2.0 RS.AN-08 (Respond; Incident Analysis),An incident's magnitude is estimated and validated,CSF 2.0 subcategory (voluntary),Yes (voluntary benchmark),RS.AN-08,IR-4; IR-8; RA-3,IR-4; IR-8; RA-3; RA-7,CSF 2.0 to SP 800-53: official NIST informative reference (SRC-OLIR-CSF-53) in column nist_official_sp800_53r5; key controls are the official ones in the P02 GWP baseline (author selection),High,Magnitude estimated,EV-016 (case records); EV-078 (address-of-record interviews),Partially met,Affected individuals by state of residence cannot be produced quickly for former associates with old addresses,Moderate,Address-of-record report by state from the payroll engine,Group payroll director,2026-12-31,None,Staffing (group controls inherited)
G-095,NIST CSF 2.0 (voluntary benchmark),N56-BM (RS.CO-02),CSF 2.0 RS.CO-02 (Respond; Incident Response Reporting and Communication),Internal and external stakeholders are notified of incidents,CSF 2.0 subcategory (voluntary),Yes (voluntary benchmark),RS.CO-02,IR-4; IR-6; SR-3,IR-4; IR-6; IR-7; SR-3; SR-8,CSF 2.0 to SP 800-53: official NIST informative reference (SRC-OLIR-CSF-53) in column nist_official_sp800_53r5; key controls are the official ones in the P02 GWP baseline (author selection),High,Notices handled by counsel,POL-03; EV-020 (draft notification matrix),Partially met,E-Verify breach notice and multi-state notices not in the matrix,Moderate,Adopt the P08 matrix,Group General Counsel,2026-11-30,None,Staffing (group controls inherited)
G-096,NIST CSF 2.0 (voluntary benchmark),N56-BM (RS.CO-03),CSF 2.0 RS.CO-03 (Respond; Incident Response Reporting and Communication),Information is shared with designated internal and external stakeholders,CSF 2.0 subcategory (voluntary),Yes (voluntary benchmark),RS.CO-03,IR-4; IR-6; SR-3,IR-4; IR-6; IR-7; SR-3; SR-8,CSF 2.0 to SP 800-53: official NIST informative reference (SRC-OLIR-CSF-53) in column nist_official_sp800_53r5; key controls are the official ones in the P02 GWP baseline (author selection),Medium,Information shared with clients and law enforcement as needed,EV-016 (case records),Met,None,Very Low,None,Staffing security and compliance lead,,None,Staffing (group controls inherited)
G-097,NIST CSF 2.0 (voluntary benchmark),N56-BM (RS.MI-01),CSF 2.0 RS.MI-01 (Respond; Incident Mitigation),Incidents are contained,CSF 2.0 subcategory (voluntary),Yes (voluntary benchmark),RS.MI-01,IR-4,IR-4,CSF 2.0 to SP 800-53: official NIST informative reference (SRC-OLIR-CSF-53) in column nist_official_sp800_53r5; key controls are the official ones in the P02 GWP baseline (author selection),High,Containment playbooks,EV-016 (playbooks),Met,None,Very Low,None,Staffing security and compliance lead,,None,Staffing (group controls inherited)
G-098,NIST CSF 2.0 (voluntary benchmark),N56-BM (RS.MI-02),CSF 2.0 RS.MI-02 (Respond; Incident Mitigation),Incidents are eradicated,CSF 2.0 subcategory (voluntary),Yes (voluntary benchmark),RS.MI-02,IR-4,IR-4,CSF 2.0 to SP 800-53: official NIST informative reference (SRC-OLIR-CSF-53) in column nist_official_sp800_53r5; key controls are the official ones in the P02 GWP baseline (author selection),High,Eradication procedures,EV-016 (playbooks),Met,None,Very Low,None,Staffing security and compliance lead,,None,Staffing (group controls inherited)
G-099,NIST CSF 2.0 (voluntary benchmark),N56-BM (RC.RP-01),CSF 2.0 RC.RP-01 (Recover; Incident Recovery Plan Execution),The recovery portion of the incident response plan is executed once initiated from the incident response process,CSF 2.0 subcategory (voluntary),Yes (voluntary benchmark),RC.RP-01,CP-10; IR-4; IR-8,CP-10; IR-4; IR-8,CSF 2.0 to SP 800-53: official NIST informative reference (SRC-OLIR-CSF-53) in column nist_official_sp800_53r5; key controls are the official ones in the P02 GWP baseline (author selection),High,Recovery plan executed from the IR process,EV-035 (recovery runbook),Met,None,Very Low,None,Staffing security and compliance lead,,None,Staffing (group controls inherited)
G-100,NIST CSF 2.0 (voluntary benchmark),N56-BM (RC.RP-02),CSF 2.0 RC.RP-02 (Recover; Incident Recovery Plan Execution),"Recovery actions are selected, scoped, prioritized, and performed",CSF 2.0 subcategory (voluntary),Yes (voluntary benchmark),RC.RP-02,CP-10; IR-4; IR-8,CP-10; IR-4; IR-8,CSF 2.0 to SP 800-53: official NIST informative reference (SRC-OLIR-CSF-53) in column nist_official_sp800_53r5; key controls are the official ones in the P02 GWP baseline (author selection),High,Recovery actions prioritized by P05,P05,Met,None,Very Low,None,Staffing security and compliance lead,,None,Staffing (group controls inherited)
G-101,NIST CSF 2.0 (voluntary benchmark),N56-BM (RC.RP-03),CSF 2.0 RC.RP-03 (Recover; Incident Recovery Plan Execution),The integrity of backups and other restoration assets is verified before using them for restoration,CSF 2.0 subcategory (voluntary),Yes (voluntary benchmark),RC.RP-03,CP-2; CP-4; CP-9,CP-2; CP-4; CP-9,CSF 2.0 to SP 800-53: official NIST informative reference (SRC-OLIR-CSF-53) in column nist_official_sp800_53r5; key controls are the official ones in the P02 GWP baseline (author selection),High,Backups verified before restore,EV-035 (recovery runbook),Met,None,Very Low,None,Staffing security and compliance lead,,None,Staffing (group controls inherited)
G-102,NIST CSF 2.0 (voluntary benchmark),N56-BM (RC.RP-04),CSF 2.0 RC.RP-04 (Recover; Incident Recovery Plan Execution),Critical mission functions and cybersecurity risk management are considered to establish post-incident operational norms,CSF 2.0 subcategory (voluntary),Yes (voluntary benchmark),RC.RP-04,PM-9; IR-1; IR-8,PM-8; PM-9; PM-11; IR-1; IR-8,CSF 2.0 to SP 800-53: official NIST informative reference (SRC-OLIR-CSF-53) in column nist_official_sp800_53r5; key controls are the official ones in the P02 GWP baseline (author selection),Medium,Post-incident operating norms defined (repeat payroll),EV-035 (GWP contingency plan),Met,None,Very Low,None,Staffing security and compliance lead,,None,Staffing (group controls inherited)
G-103,NIST CSF 2.0 (voluntary benchmark),N56-BM (RC.RP-05),CSF 2.0 RC.RP-05 (Recover; Incident Recovery Plan Execution),"The integrity of restored assets is verified, systems and services are restored, and normal operating status is confirmed",CSF 2.0 subcategory (voluntary),Yes (voluntary benchmark),RC.RP-05,CP-10,CP-10,CSF 2.0 to SP 800-53: official NIST informative reference (SRC-OLIR-CSF-53) in column nist_official_sp800_53r5; key controls are the official ones in the P02 GWP baseline (author selection),Medium,Restored systems verified,EV-035 (recovery runbook),Met,None,Very Low,None,Staffing security and compliance lead,,None,Staffing (group controls inherited)
G-104,NIST CSF 2.0 (voluntary benchmark),N56-BM (RC.RP-06),CSF 2.0 RC.RP-06 (Recover; Incident Recovery Plan Execution),"The end of incident recovery is declared based on criteria, and incident-related documentation is completed",CSF 2.0 subcategory (voluntary),Yes (voluntary benchmark),RC.RP-06,IR-4; IR-8,IR-4; IR-8,CSF 2.0 to SP 800-53: official NIST informative reference (SRC-OLIR-CSF-53) in column nist_official_sp800_53r5; key controls are the official ones in the P02 GWP baseline (author selection),Medium,Recovery closure criteria,EV-035 (recovery runbook),Met,None,Very Low,None,Staffing security and compliance lead,,None,Staffing (group controls inherited)
G-105,NIST CSF 2.0 (voluntary benchmark),N56-BM (RC.CO-03),CSF 2.0 RC.CO-03 (Recover; Incident Recovery Communication),Recovery activities and progress in restoring operational capabilities are communicated to designated internal and external stakeholders,CSF 2.0 subcategory (voluntary),Yes (voluntary benchmark),RC.CO-03,IR-4; IR-6,IR-4; IR-6; SR-8,CSF 2.0 to SP 800-53: official NIST informative reference (SRC-OLIR-CSF-53) in column nist_official_sp800_53r5; key controls are the official ones in the P02 GWP baseline (author selection),Medium,Recovery progress reported to leadership and clients,EV-020 (communication plan),Met,None,Very Low,None,Staffing security and compliance lead,,None,Staffing (group controls inherited)
G-106,NIST CSF 2.0 (voluntary benchmark),N56-BM (RC.CO-04),CSF 2.0 RC.CO-04 (Recover; Incident Recovery Communication),Public updates on incident recovery are shared using approved methods and messaging,CSF 2.0 subcategory (voluntary),Yes (voluntary benchmark),RC.CO-04,CP-2; IR-4,CP-2; IR-4,CSF 2.0 to SP 800-53: official NIST informative reference (SRC-OLIR-CSF-53) in column nist_official_sp800_53r5; key controls are the official ones in the P02 GWP baseline (author selection),Medium,Client and media statements prepared,EV-020 (communication plan),Partially met,"No associate-facing messaging for a pay disruption (texts, branch scripts)",Low,Associate pay disruption templates,Associate service center director,2026-12-31,None,Staffing (group controls inherited)
G-107,"Form I-9 (N56-R03), 8 CFR 274a.2",N56-R03 (8 CFR 274a.2(b)(1)(ii)),8 CFR 274a.2(b)(1)(ii),"Within 3 business days of hire, examine documents and complete Section 2",Regulation,Yes,GV.OC-03,AU-12,,Author mapping (no official NIST mapping exists for this rule),High,Section 2 tasks with deadline alerts in onboarding,EV-082 (sample of 120 Forms I-9 across divisions),Partially met,"4 of 120 completed late, all at on-site offices during peak weeks",Moderate,Peak staffing plan for on-site offices; daily late-task report,"Staffing Vice President, Employment Compliance",2026-12-31,None,Group-wide (all employing entities)
G-108,"Form I-9 (N56-R03), 8 CFR 274a.2",N56-R03 (8 CFR 274a.2(b)(1)(ix)),8 CFR 274a.2(b)(1)(ix); ICE notice 88 FR 47749,"Optional alternative procedure for E-Verify participants in good standing: retain copies, live video examination, check the box",Regulation (optional procedure),Yes,GV.OC-03,AU-12,,Author mapping (no official NIST mapping exists for this rule),Medium,Used for remote Professional and Consulting hires; copies retained; box checked,EV-082 (sample of 30 remote hires),Met,None,Very Low,None,"Staffing Vice President, Employment Compliance",,Depends on good standing under the MOU (see E-Verify rows),Group-wide (all employing entities)
G-109,"Form I-9 (N56-R03), 8 CFR 274a.2",N56-R03 (8 CFR 274a.2(b)(2)(i)(A)),8 CFR 274a.2(b)(2)(i)(A),"Retain each Form I-9 for 3 years after hire or 1 year after employment ends, whichever is later",Regulation,Yes,PR.DS-11,SI-12; CP-9,,Author mapping (no official NIST mapping exists for this rule),High,Onboarding service keeps every form; purge after the retention date is not yet automated,EV-044 (retention settings); EV-048,Met,None (over-retention is tracked under ID.AM-08),Very Low,None,"Staffing Vice President, Employment Compliance",,None,Group-wide (all employing entities)
G-110,"Form I-9 (N56-R03), 8 CFR 274a.2",N56-R03 (8 CFR 274a.2(b)(2)(ii)),8 CFR 274a.2(b)(2)(ii),"On at least 3 business days' notice, make Forms I-9 available for inspection",Regulation,Yes,RS.CO-03,SI-12,,Author mapping (no official NIST mapping exists for this rule),Medium,Mock inspection 2026-06 retrieved 50 forms (including archive forms) in 1 business day,EV-083 (mock inspection report),Met,None,Very Low,None,"Staffing Vice President, Employment Compliance",,None,Group-wide (all employing entities)
G-111,"Form I-9 (N56-R03), 8 CFR 274a.2",N56-R03 (8 CFR 274a.2(b)(3)),8 CFR 274a.2(b)(3),"Copies of documents, if made, kept with the Form I-9; not copied selectively",Regulation,Yes,PR.DS-01,SC-28,,Author mapping (no official NIST mapping exists for this rule),Medium,Copies kept with each electronic form for all hires,EV-082 (sample of 120 forms),Met,None,Very Low,None,"Staffing Vice President, Employment Compliance",,None,Group-wide (all employing entities)
G-112,"Form I-9 (N56-R03), 8 CFR 274a.2",N56-R03 (8 CFR 274a.2(b)(4)),8 CFR 274a.2(b)(4),Information on or attached to Form I-9 used only for the purposes the rule allows,Regulation,Yes,PR.AA-05,AC-3,,Author mapping (no official NIST mapping exists for this rule),High,I-9 data not exported to the data hub or the AI vendor,EV-027 (interface inventory),Met,None,Very Low,None,"Staffing Vice President, Employment Compliance",,None,Group-wide (all employing entities)
G-113,"Form I-9 (N56-R03), 8 CFR 274a.2",N56-R03 (8 CFR 274a.2(e)(1)(i)-(ii)),8 CFR 274a.2(e)(1)(i)-(ii),"Electronic systems have controls for integrity, accuracy, and reliability, and to prevent and detect unauthorized or accidental creation, alteration, or deletion",Regulation,Yes,PR.DS-01,AU-12; SI-7,,Author mapping (no official NIST mapping exists for this rule),High,Vendor service has a per-record change history; the scanned archive does not,EV-040 (vendor SOC 2 report); EV-034 (archive settings),Partially met,Archive changes cannot be detected,Moderate,Object lock and access logging on the archive,"Staffing Vice President, Employment Compliance",2026-11-30,None,Group-wide (all employing entities)
G-114,"Form I-9 (N56-R03), 8 CFR 274a.2",N56-R03 (8 CFR 274a.2(e)(1)(iii)),8 CFR 274a.2(e)(1)(iii),Inspection and quality assurance program with regular evaluations of the system,Regulation,Yes,ID.IM-01,CA-2,,Author mapping (no official NIST mapping exists for this rule),Medium,Quarterly I-9 self-audit of 300 forms by the compliance team,EV-048 (self-audit reports 2025-2026),Met,None,Very Low,None,"Staffing Vice President, Employment Compliance",,None,Group-wide (all employing entities)
G-115,"Form I-9 (N56-R03), 8 CFR 274a.2",N56-R03 (8 CFR 274a.2(e)(5)),8 CFR 274a.2(e)(5),Maintain and make available complete descriptions of each electronic system and its indexing system,Regulation,Yes,ID.AM-02,CM-8; SA-5,,Author mapping (no official NIST mapping exists for this rule),Medium,Onboarding service documented by the vendor,EV-048 (system description),Partially met,No description of the archive's indexing and retrieval,Low,Write the archive system description,"Staffing Vice President, Employment Compliance",2026-12-31,None,Group-wide (all employing entities)
G-116,"Form I-9 (N56-R03), 8 CFR 274a.2",N56-R03 (8 CFR 274a.2(e)(8)),8 CFR 274a.2(e)(8),"At inspection, retrieve and reproduce forms, documents, and associated audit trails",Regulation,Yes,RS.CO-03,AU-12,,Author mapping (no official NIST mapping exists for this rule),Medium,Forms retrievable; audit trails available for the vendor service only,EV-083 (mock inspection report),Partially met,No audit trail for archive forms,Moderate,Archive access logging (POAM-010),"Staffing Vice President, Employment Compliance",2026-11-30,None,Group-wide (all employing entities)
G-117,"Form I-9 (N56-R03), 8 CFR 274a.2",N56-R03 (8 CFR 274a.2(f)(1)),8 CFR 274a.2(f)(1)-(2),"Document the business processes that create, modify, and maintain forms and establish their authenticity and integrity",Regulation,Yes,GV.PO-01,PL-2,,Author mapping (no official NIST mapping exists for this rule),Medium,I-9 procedures for every division,EV-048 (I-9 procedure manual 2026),Met,None,Very Low,None,"Staffing Vice President, Employment Compliance",,None,Group-wide (all employing entities)
G-118,"Form I-9 (N56-R03), 8 CFR 274a.2",N56-R03 (8 CFR 274a.2(g)(1)(i)),8 CFR 274a.2(g)(1)(i),Records security program: only authorized personnel have access to electronic records,Regulation,Yes,PR.AA-05,AC-3; AC-6,,Author mapping (no official NIST mapping exists for this rule),High,Onboarding roles restrict I-9 images to compliance staff,EV-086 (role test results),Partially met,14 cloud administrators can read the archive bucket,Moderate,Restrict the archive to the compliance role and break-glass,"Staffing Vice President, Employment Compliance",2026-11-30,None,Group-wide (all employing entities)
G-119,"Form I-9 (N56-R03), 8 CFR 274a.2",N56-R03 (8 CFR 274a.2(g)(1)(ii)),8 CFR 274a.2(g)(1)(ii),Records security program: backup and recovery of records,Regulation,Yes,PR.DS-11,CP-9,,Author mapping (no official NIST mapping exists for this rule),High,Weekly export and daily immutable backups,EV-024 (backup reports),Met,None,Very Low,None,Group cloud platform director,,None,Group-wide (all employing entities)
G-120,"Form I-9 (N56-R03), 8 CFR 274a.2",N56-R03 (8 CFR 274a.2(g)(1)(iii)),8 CFR 274a.2(g)(1)(iii),Records security program: employees trained to minimize risk of unauthorized or accidental alteration or erasure,Regulation,Yes,PR.AT-02,AT-3,,Author mapping (no official NIST mapping exists for this rule),Medium,Annual I-9 training for onboarding staff,EV-041 (training report),Met,None,Very Low,None,"Staffing Vice President, Employment Compliance",,None,Group-wide (all employing entities)
G-121,"Form I-9 (N56-R03), 8 CFR 274a.2",N56-R03 (8 CFR 274a.2(g)(1)(iv)),8 CFR 274a.2(g)(1)(iv); (g)(2),"Records security program: a secure and permanent record of the date, person, and action whenever a record is created or changed",Regulation,Yes,PR.PS-04,AU-12; AU-9,,Author mapping (no official NIST mapping exists for this rule),High,Vendor service keeps a permanent change record,EV-040 (vendor change history); EV-086 (archive object sample),Partially met,Archive has no access or change record,Moderate,Archive logging and object lock (POAM-010),"Staffing Vice President, Employment Compliance",2026-11-30,None,Group-wide (all employing entities)
G-122,"Form I-9 (N56-R03), 8 CFR 274a.2",N56-R03 (8 CFR 274a.2(h)-(i)),8 CFR 274a.2(h)-(i),"Electronic signatures with attestation acknowledgment, identity record, and printed confirmation on request",Regulation,Yes,PR.AA-02,IA-2,,Author mapping (no official NIST mapping exists for this rule),Medium,Vendor e-signature meets the rule,EV-048 (vendor documentation); EV-082 (sample),Met,None,Very Low,None,"Staffing Vice President, Employment Compliance",,None,Group-wide (all employing entities)
G-123,E-Verify MOU for Employers,E-Verify MOU Art. II.A.3,E-Verify MOU Art. II.A.3,Grant E-Verify access only to current employees who need it; promptly terminate access,Contract with DHS,Yes,PR.AA-05,AC-2,,Author mapping (no official NIST mapping exists for this rule),High,"Quarterly review of about 1,400 users",EV-084 (2026 Q2 review),Not met,52 accounts of departed users were active,Moderate,Termination checklist; monthly reconciliation (POAM-001),"Staffing Vice President, Employment Compliance",2026-12-31,None,Group-wide (all employing entities)
G-124,E-Verify MOU for Employers,E-Verify MOU Art. II.A.5,E-Verify MOU Art. II.A.5,Users complete the E-Verify tutorial before creating cases,Contract with DHS,Yes,PR.AT-02,AT-3,,Author mapping (no official NIST mapping exists for this rule),Medium,Tutorial completion checked before access,EV-047 (completion report),Met,None,Very Low,None,"Staffing Vice President, Employment Compliance",,None,Group-wide (all employing entities)
G-125,E-Verify MOU for Employers,E-Verify MOU Art. II.A.9-11,E-Verify MOU Art. II.A.9-11,Create cases within 3 employer business days; no pre-screening; verify all new employees,Contract with DHS,Yes,GV.OC-03,AU-6,,Author mapping (no official NIST mapping exists for this rule),High,Cases created from onboarding tasks,EV-082 (sample of 120 hires),Partially met,2 of 120 cases late,Low,Daily late-case report,"Staffing Vice President, Employment Compliance",2026-12-31,None,Group-wide (all employing entities)
G-126,E-Verify MOU for Employers,E-Verify MOU Art. II.A.15,E-Verify MOU Art. II.A.15,Use E-Verify information only to confirm eligibility; safeguard it and the means of access,Contract with DHS,Yes,PR.AA-01,IA-5; AC-2,,Author mapping (no official NIST mapping exists for this rule),High,Named accounts required,EV-078 (interviews; account review),Partially met,3 shared logins found at on-site offices,Moderate,Named-account attestation; sanctions,"Staffing Vice President, Employment Compliance",2026-12-31,None,Group-wide (all employing entities)
G-127,E-Verify MOU for Employers,E-Verify MOU Art. II.A.16,E-Verify MOU Art. II.A.16,Notify DHS immediately of any suspected or confirmed breach of E-Verify personal information,Contract with DHS,Yes,RS.CO-02,IR-6,,Author mapping (no official NIST mapping exists for this rule),High,Privacy procedure mentions DHS,EV-047 (privacy procedure),Partially met,Not in the IR plan or notification matrix,Moderate,Add to the P08 matrix and binder,"Staffing Vice President, Employment Compliance",2026-11-30,None,Group-wide (all employing entities)
G-128,Florida E-Verify statute (worked example of state E-Verify laws),Fla. Stat. 448.095(2)(a)-(b),Fla. Stat. 448.095(2)(a); (2)(b)2.,Private employers with 25 or more employees must use E-Verify for new employees within 3 business days,State law,Yes,GV.OC-03,AU-6,,Author mapping (no official NIST mapping exists for this rule),Medium,All new hires verified,EV-082 (sample of 120 hires),Met,None,Very Low,None,"Staffing Vice President, Employment Compliance",,None,Staffing (Florida worked example)
G-129,Florida E-Verify statute (worked example of state E-Verify laws),Fla. Stat. 448.095(2)(b)3.,Fla. Stat. 448.095(2)(b)3.,Certify compliance on the first reemployment tax return each year,State law,Yes,GV.OC-03,PM-9,,Author mapping (no official NIST mapping exists for this rule),Low,Certified by the tax filing service,EV-078 (2026 return),Met,None,Very Low,None,Group payroll director,,None,Staffing (Florida worked example)
G-130,Florida E-Verify statute (worked example of state E-Verify laws),Fla. Stat. 448.095(2)(c),Fla. Stat. 448.095(2)(c),"If E-Verify is unavailable for 3 business days, document the unavailability",State law,Yes,RC.RP-04,CP-2,,Author mapping (no official NIST mapping exists for this rule),Low,Outage procedure exists,EV-048 (procedure); EV-078 (2025 outage records),Partially met,A 2025 outage was not documented at 3 branches,Low,Central outage record,"Staffing Vice President, Employment Compliance",2026-12-31,None,Staffing (Florida worked example)
G-131,Florida E-Verify statute (worked example of state E-Verify laws),Fla. Stat. 448.095(2)(d),Fla. Stat. 448.095(2)(d),Keep documentation and verifications at least 3 years,State law,Yes,PR.DS-11,SI-12,,Author mapping (no official NIST mapping exists for this rule),Low,Kept with the Form I-9,EV-044 (retention settings),Met,None,Very Low,None,"Staffing Vice President, Employment Compliance",,None,Staffing (Florida worked example)
G-132,FCRA employment screening (N56-R02),N56-R02 (15 U.S.C. 1681b(b)(1)(A)),15 U.S.C. 1681b(b)(1)(A),Certify to the consumer reporting agency that FCRA and equal employment duties will be met,Federal statute,Yes,GV.OC-03,SA-4,,Author mapping (no official NIST mapping exists for this rule),Medium,Certifications on file with both screening providers,EV-049 (provider agreements),Met,None,Very Low,None,"Staffing Vice President, Employment Compliance",,None,Group-wide (all employing entities)
G-133,FCRA employment screening (N56-R02),N56-R02 (15 U.S.C. 1681b(b)(2)(A)(i)),15 U.S.C. 1681b(b)(2)(A)(i),Clear and conspicuous disclosure in a document that consists solely of the disclosure,Federal statute,Yes,GV.OC-03,PT-5,,Author mapping (no official NIST mapping exists for this rule),Medium,Standalone disclosure since 2024,EV-049 (disclosure form),Met,None,Very Low,None,"Staffing Vice President, Employment Compliance",,None,Group-wide (all employing entities)
G-134,FCRA employment screening (N56-R02),N56-R02 (15 U.S.C. 1681b(b)(2)(A)(ii)),15 U.S.C. 1681b(b)(2)(A)(ii),Written authorization before procuring the report,Federal statute,Yes,GV.OC-03,PT-4,,Author mapping (no official NIST mapping exists for this rule),Medium,E-signed authorization in onboarding,EV-085 (sample of 60),Met,None,Very Low,None,"Staffing Vice President, Employment Compliance",,None,Group-wide (all employing entities)
G-135,FCRA employment screening (N56-R02),N56-R02 (15 U.S.C. 1681b(b)(3)(A); 1681m(a)),15 U.S.C. 1681b(b)(3)(A); 1681m(a),Pre-adverse action copy of report and summary of rights; adverse action notice afterward,Federal statute,Yes,GV.OC-03,PT-5,,Author mapping (no official NIST mapping exists for this rule),High,Provider sends letters triggered by onboarding,EV-085 (sample of 40 Healthcare Staffing rejections),Partially met,6 of 40 drug screen rejections skipped the pre-adverse step,Moderate,Route drug screen results through the same workflow,"Staffing Vice President, Employment Compliance",2026-12-31,None,Staffing (Healthcare Staffing)
G-136,FTC/FACTA Disposal Rule (N56-R01),N56-R01 (16 CFR 682.3(a)-(b)),16 CFR 682.3(a); (b)(1)-(3),Reasonable measures when disposing of consumer report information,Regulation,Yes,ID.AM-08,MP-6; SI-12,,Author mapping (no official NIST mapping exists for this rule),Medium,Branch shredding with certificates; no electronic deletion schedule,EV-043 (shred certificates); EV-049 (retention settings),Partially met,Consumer report PDFs kept indefinitely,Moderate,Automated deletion (GR-14),"Staffing Vice President, Employment Compliance",2027-03-31,None,Group-wide (all employing entities)
G-137,ADA confidential medical files,ADA 29 CFR 1630.14(b)(1),29 CFR 1630.14(b)(1),"Post-offer medical information kept on separate forms, in separate medical files, as a confidential medical record",Regulation,Yes,PR.AA-05,AC-3,,Author mapping (no official NIST mapping exists for this rule),Medium,Separate medical file area in credentialing,EV-086 (role test results),Partially met,Regional exceptions let 2 recruiting managers view files,Low,Remove exceptions,Group credentialing director,2026-12-31,None,Staffing and Home Health (clinicians)
G-138,NYC Local Law 144 (N56-R08),N56-R08 (NYC Admin. Code 20-870 et seq.),NYC Admin. Code 20-870 et seq.,"Bias audit within 1 year before use, public summary, and candidate notice for automated employment decision tools",Local law,Yes (NYC requisitions),GV.OC-03,RA-3; PT-5,,Author mapping (no official NIST mapping exists for this rule),High,Annual bias audit (2026-04); summary posted,EV-038 (audit report); EV-087 (notice samples),Partially met,Notice missing on NYC jobs created outside NYC branches,Moderate,Location-based notice rule (ST-023),Staffing talent acquisition vice president,2026-12-31,None,Staffing
G-139,State breach and data security laws (Florida worked example),Fla. Stat. 501.171(2),Fla. Stat. 501.171(2),Reasonable measures to protect electronic personal information,State law,Yes,PR.DS-01,SC-28; AC-6,,Author mapping (no official NIST mapping exists for this rule),High,"Tokenization, MFA, monitoring",P02; P07,Partially met,Group gaps 1 and 2 (patient data in payroll; SMS codes for bank changes),High,POAM-006; POAM-008,Group CISO,2027-03-31,None,Group-wide
G-140,State breach and data security laws (Florida worked example),Fla. Stat. 501.171(3),Fla. Stat. 501.171(3),Notify the Department of Legal Affairs within 30 days for 500 or more Floridians,State law,Yes,RS.CO-02,IR-6,,Author mapping (no official NIST mapping exists for this rule),High,In the draft matrix,P08 matrix,Partially met,Not exercised,Moderate,Tabletop 2026-12-15,Group General Counsel,2026-12-15,None,Group-wide
G-141,State breach and data security laws (Florida worked example),Fla. Stat. 501.171(4),Fla. Stat. 501.171(4),Notify individuals within 30 days; HIPAA notice deemed compliant if a copy goes to the Department (4)(g),State law,Yes,RS.CO-02,IR-6,,Author mapping (no official NIST mapping exists for this rule),High,In the draft matrix with letter templates,P08 matrix,Partially met,Not exercised; address-of-record by state slow (RS.AN-08),Moderate,Tabletop; state address report,Group General Counsel,2026-12-15,None,Group-wide
G-142,State breach and data security laws (Florida worked example),Fla. Stat. 501.171(5),Fla. Stat. 501.171(5),"Notify nationwide consumer reporting agencies when notifying more than 1,000 individuals",State law,Yes,RS.CO-02,IR-6,,Author mapping (no official NIST mapping exists for this rule),Medium,Contacts in the matrix,P08 matrix,Met,None,Very Low,None,Group General Counsel,,None,Group-wide
G-143,State breach and data security laws (Florida worked example),Fla. Stat. 501.171(6),Fla. Stat. 501.171(6),Third-party agents notify the covered entity within 10 days,State law,Yes,GV.SC-05,SA-4,,Author mapping (no official NIST mapping exists for this rule),Medium,Notice terms in vendor contracts,EV-088 (contract review),Partially met,5 of 14 tier 1 GWP vendor contracts allow more than 10 days,Moderate,Amend at renewal,Group General Counsel,2027-06-30,None,Group-wide
G-144,State breach and data security laws (Florida worked example),Fla. Stat. 501.171(8),Fla. Stat. 501.171(8),Dispose of customer records containing personal information when no longer retained,State law,Yes,ID.AM-08,MP-6; SI-12,,Author mapping (no official NIST mapping exists for this rule),Medium,Branch shredding; no automated electronic deletion,EV-044 (retention settings),Partially met,Electronic records kept beyond need,Moderate,Automated deletion (GR-14),Group Chief Privacy Officer,2027-06-30,None,Group-wide
G-145,California Consumer Privacy Act,CCPA (Cal. Civ. Code 1798.100 et seq.),Cal. Civ. Code 1798.100 et seq.; 1798.140(d),Notices at collection and consumer rights for California employees and applicants (the group exceeds the revenue threshold),State law,Yes,GV.OC-03,PT-5,,Author mapping (no official NIST mapping exists for this rule),Medium,Notices at collection on career sites and onboarding,EV-031 (notices),Met,None,Very Low,None,Group Chief Privacy Officer,,CPPA cybersecurity audit and risk assessment rules phase in from 2027-2028,Group-wide (California residents)
G-146,California Consumer Privacy Act,CCPA ADMT regulations (11 CCR 7200 et seq.),11 CCR 7200 et seq.,"Pre-use notice, opt-out (with exceptions), and access rights for automated decisionmaking technology used for significant decisions, including employment",State regulation,Yes (from 2027-01-01),GV.OC-03,RA-8; PT-5,,Author mapping (no official NIST mapping exists for this rule),High,AI ranking used for California requisitions,AI inventory (P10); EV-045 (California requisitions),Not met,Not designed; compliance due 2027-01-01,High,ADMT notices and process (P10; POAM-025),Group Chief Privacy Officer,2026-12-31,Compliance date 2027-01-01,Group-wide (California residents)
G-147,Colorado SB26-189 (automated decision-making technology),Colo. SB26-189 (C.R.S. 6-1-1701 to -1709),C.R.S. 6-1-1701 to -1709 (2026 Session Laws ch. 131),"Deployer duties for covered ADMT that materially influences employment decisions: notice, post-adverse explanation, correction, human review, records",State law,Yes (from 2027-01-01),GV.OC-03,RA-8; PT-5,,Author mapping (no official NIST mapping exists for this rule),High,AI ranking used for Colorado requisitions,AI inventory (P10); EV-045 (Colorado requisitions),Not met,Not designed; effective 2027-01-01,High,Deployer program (P10; POAM-025),Group General Counsel,2026-12-31,Effective 2027-01-01; AG rules due 2027-01-01; litigation and federal preemption efforts ongoing,Staffing and Home Health hiring
G-148,SEC cybersecurity disclosure,SEC S-K 106,17 CFR 229.106,"Annual disclosure of cybersecurity risk management, strategy, and governance",Federal regulation,Yes,GV.OV-01,PM-9,,Author mapping (no official NIST mapping exists for this rule),Medium,Disclosed in the annual report,EV-006 (Form 10-K 2025),Met,None,Very Low,None,Group General Counsel,,None,Group-wide
G-149,SEC cybersecurity disclosure,SEC 8-K 1.05,Form 8-K Item 1.05,File within 4 business days after determining an incident is material,Federal regulation,Yes,RS.CO-02,IR-6,,Author mapping (no official NIST mapping exists for this rule),High,Disclosure committee charter covers cyber,EV-006 (charter),Partially met,Playbook not exercised with a cross-division scenario,Moderate,Tabletop 2026-12-15 (GR-11),Group General Counsel,2026-12-15,None,Group-wide
G-150,HIPAA as business associate (N56-R04),N56-R04 (45 CFR 160.103),45 CFR 160.103 ('business associate'; 'workforce'),Security Rule and BAA duties for firms that handle PHI for a covered entity,Regulation,No for Staffing placements,GV.OC-03,SA-9,,Author mapping (no official NIST mapping exists for this rule),Low,"Placed clinicians work under the client's direct control, so they are the client's workforce; Staffing does not create, receive, maintain, or transmit PHI for clients. 214 hospital contracts include BAA or confidentiality terms, treated as contract duties",EV-081 (counsel memo 2026-07); EV-052 (contract review),Not applicable,None for Staffing (Home Health and Consulting are assessed in their own workbooks),Very Low,None,Group General Counsel,,None,Staffing
G-151,TCPA / Telemarketing Sales Rule (N56-R05),N56-R05,47 CFR 64.1200; 16 CFR Part 310,Consent and calling restrictions for calls and texts,Regulation,No for this analysis,GV.OC-03,PT-4,,Author mapping (no official NIST mapping exists for this rule),Low,"Staffing does not telemarket goods or services; recruiting texts go to opted-in candidates. Consent rules are a contact-consent duty owned by marketing compliance, not a security control",EV-055 (marketing compliance register),Not applicable,None,Very Low,None,Group General Counsel,,None,Staffing
G-152,PCI DSS v4.0.1 (N56-R06),N56-R06,PCI DSS v4.0.1 (contractual),Card data protection through acquirer contracts (requirement text not reproduced),Contractual standard,No,PR.DS-01,SC-28,,Author mapping (no official NIST mapping exists for this rule),Low,No division accepts payment cards; clients pay by ACH or wire,EV-001 (treasury confirmation),Not applicable,None,Very Low,None,Group CISO,,None,Group-wide
G-153,FAR Basic Safeguarding (N56-R07),N56-R07,48 CFR 52.204-21,15 safeguarding requirements for contractor systems holding federal contract information,Contract clause,No for Staffing (applies to Consulting),GV.OC-03,SC-7,,Author mapping (no official NIST mapping exists for this rule),Low,Staffing holds no federal contracts; Consulting's Federal Solutions contracts are assessed in gap-analysis-consulting.csv,EV-056 (contract register),Not applicable,None for Staffing,Very Low,None,Group General Counsel,,FAR CUI and incident reporting rules remain proposed,Staffing
G-154,PHMSA hazmat security plans (N56-R09),N56-R09,49 CFR 172.800-172.804,Security plans for offerors and carriers of listed hazardous materials,Regulation,No,GV.OC-03,PE-3,,Author mapping (no official NIST mapping exists for this rule),Low,No division offers or transports hazardous materials,EV-001 (operations confirmation),Not applicable,None,Very Low,None,Group General Counsel,,None,Group-wide
