control_id,objective_id,determination_statement_summary,method,assessment_object,evidence_ref,finding,finding_detail,risk_level,poam_id
AC-2,AC-02a.[01],account types allowed for use within the system are defined and documented;,Examine; Interview; Test,"Identity governance workflows; mainframe entitlement export; HR termination records; interviews with the Director of Identity and Access Management and the core operations manager. Population: 1,410 terminations of staff with core access (2026-01-01 to 2026-06-30); 2,860 account events on CBDC components. Sample: 60 terminations (random); 60 account events (random)",EV-AC-2,Satisfied,Sampled account events matched approved requests and role templates,,
AC-2,AC-02a.[02],account types specifically prohibited for use within the system are defined and documented;,Examine; Interview; Test,"Identity governance workflows; mainframe entitlement export; HR termination records; interviews with the Director of Identity and Access Management and the core operations manager. Population: 1,410 terminations of staff with core access (2026-01-01 to 2026-06-30); 2,860 account events on CBDC components. Sample: 60 terminations (random); 60 account events (random)",EV-AC-2,Satisfied,Sampled account events matched approved requests and role templates,,
AC-2,AC-02b.,account managers are assigned;,Examine; Interview; Test,"Identity governance workflows; mainframe entitlement export; HR termination records; interviews with the Director of Identity and Access Management and the core operations manager. Population: 1,410 terminations of staff with core access (2026-01-01 to 2026-06-30); 2,860 account events on CBDC components. Sample: 60 terminations (random); 60 account events (random)",EV-AC-2,Satisfied,Sampled account events matched approved requests and role templates,,
AC-2,AC-02c.,[organization-defined value] for group and role membership are required;,Examine; Interview; Test,"Identity governance workflows; mainframe entitlement export; HR termination records; interviews with the Director of Identity and Access Management and the core operations manager. Population: 1,410 terminations of staff with core access (2026-01-01 to 2026-06-30); 2,860 account events on CBDC components. Sample: 60 terminations (random); 60 account events (random)",EV-AC-2,Satisfied,Sampled account events matched approved requests and role templates,,
AC-2,AC-02d.01,authorized users of the system are specified;,Examine; Interview; Test,"Identity governance workflows; mainframe entitlement export; HR termination records; interviews with the Director of Identity and Access Management and the core operations manager. Population: 1,410 terminations of staff with core access (2026-01-01 to 2026-06-30); 2,860 account events on CBDC components. Sample: 60 terminations (random); 60 account events (random)",EV-AC-2,Satisfied,Sampled account events matched approved requests and role templates,,
AC-2,AC-02d.02,group and role membership are specified;,Examine; Interview; Test,"Identity governance workflows; mainframe entitlement export; HR termination records; interviews with the Director of Identity and Access Management and the core operations manager. Population: 1,410 terminations of staff with core access (2026-01-01 to 2026-06-30); 2,860 account events on CBDC components. Sample: 60 terminations (random); 60 account events (random)",EV-AC-2,Satisfied,Sampled account events matched approved requests and role templates,,
AC-2,AC-02d.03[01],"access authorizations (i.e., privileges) are specified for each account;",Examine; Interview; Test,"Identity governance workflows; mainframe entitlement export; HR termination records; interviews with the Director of Identity and Access Management and the core operations manager. Population: 1,410 terminations of staff with core access (2026-01-01 to 2026-06-30); 2,860 account events on CBDC components. Sample: 60 terminations (random); 60 account events (random)",EV-AC-2,Satisfied,Sampled account events matched approved requests and role templates,,
AC-2,AC-02d.03[02],[organization-defined value] are specified for each account;,Examine; Interview; Test,"Identity governance workflows; mainframe entitlement export; HR termination records; interviews with the Director of Identity and Access Management and the core operations manager. Population: 1,410 terminations of staff with core access (2026-01-01 to 2026-06-30); 2,860 account events on CBDC components. Sample: 60 terminations (random); 60 account events (random)",EV-AC-2,Satisfied,Sampled account events matched approved requests and role templates,,
AC-2,AC-02e.,approvals are required by [organization-defined value] for requests to create accounts;,Examine; Interview; Test,"Identity governance workflows; mainframe entitlement export; HR termination records; interviews with the Director of Identity and Access Management and the core operations manager. Population: 1,410 terminations of staff with core access (2026-01-01 to 2026-06-30); 2,860 account events on CBDC components. Sample: 60 terminations (random); 60 account events (random)",EV-AC-2,Satisfied,Sampled account events matched approved requests and role templates,,
AC-2,AC-02f.[01],accounts are created in accordance with [organization-defined value];,Examine; Interview; Test,"Identity governance workflows; mainframe entitlement export; HR termination records; interviews with the Director of Identity and Access Management and the core operations manager. Population: 1,410 terminations of staff with core access (2026-01-01 to 2026-06-30); 2,860 account events on CBDC components. Sample: 60 terminations (random); 60 account events (random)",EV-AC-2,Satisfied,Sampled account events matched approved requests and role templates,,
AC-2,AC-02f.[02],accounts are enabled in accordance with [organization-defined value];,Examine; Interview; Test,"Identity governance workflows; mainframe entitlement export; HR termination records; interviews with the Director of Identity and Access Management and the core operations manager. Population: 1,410 terminations of staff with core access (2026-01-01 to 2026-06-30); 2,860 account events on CBDC components. Sample: 60 terminations (random); 60 account events (random)",EV-AC-2,Satisfied,Sampled account events matched approved requests and role templates,,
AC-2,AC-02f.[03],accounts are modified in accordance with [organization-defined value];,Examine; Interview; Test,"Identity governance workflows; mainframe entitlement export; HR termination records; interviews with the Director of Identity and Access Management and the core operations manager. Population: 1,410 terminations of staff with core access (2026-01-01 to 2026-06-30); 2,860 account events on CBDC components. Sample: 60 terminations (random); 60 account events (random)",EV-AC-2,Satisfied,Sampled account events matched approved requests and role templates,,
AC-2,AC-02f.[04],accounts are disabled in accordance with [organization-defined value];,Examine; Interview; Test,"Identity governance workflows; mainframe entitlement export; HR termination records; interviews with the Director of Identity and Access Management and the core operations manager. Population: 1,410 terminations of staff with core access (2026-01-01 to 2026-06-30); 2,860 account events on CBDC components. Sample: 60 terminations (random); 60 account events (random)",EV-AC-2,Other than satisfied,"3 of 60 sampled terminations were disabled on the mainframe 4, 6, and 9 business days after the termination date; all other systems were same day",High,POAM-001
AC-2,AC-02f.[05],accounts are removed in accordance with [organization-defined value];,Examine; Interview; Test,"Identity governance workflows; mainframe entitlement export; HR termination records; interviews with the Director of Identity and Access Management and the core operations manager. Population: 1,410 terminations of staff with core access (2026-01-01 to 2026-06-30); 2,860 account events on CBDC components. Sample: 60 terminations (random); 60 account events (random)",EV-AC-2,Other than satisfied,The same 3 mainframe IDs were removed only when disabled; removal follows disablement manually,High,POAM-001
AC-2,AC-02g.,the use of accounts is monitored;,Examine; Interview; Test,"Identity governance workflows; mainframe entitlement export; HR termination records; interviews with the Director of Identity and Access Management and the core operations manager. Population: 1,410 terminations of staff with core access (2026-01-01 to 2026-06-30); 2,860 account events on CBDC components. Sample: 60 terminations (random); 60 account events (random)",EV-AC-2,Satisfied,Sampled account events matched approved requests and role templates,,
AC-2,AC-02h.01,account managers and [organization-defined value] are notified within [organization-defined value] when accounts are no longer required;,Examine; Interview; Test,"Identity governance workflows; mainframe entitlement export; HR termination records; interviews with the Director of Identity and Access Management and the core operations manager. Population: 1,410 terminations of staff with core access (2026-01-01 to 2026-06-30); 2,860 account events on CBDC components. Sample: 60 terminations (random); 60 account events (random)",EV-AC-2,Satisfied,Sampled account events matched approved requests and role templates,,
AC-2,AC-02h.02,account managers and [organization-defined value] are notified within [organization-defined value] when users are terminated or transferred;,Examine; Interview; Test,"Identity governance workflows; mainframe entitlement export; HR termination records; interviews with the Director of Identity and Access Management and the core operations manager. Population: 1,410 terminations of staff with core access (2026-01-01 to 2026-06-30); 2,860 account events on CBDC components. Sample: 60 terminations (random); 60 account events (random)",EV-AC-2,Other than satisfied,Mainframe account managers receive a next-day spreadsheet of terminations instead of an automated notice,High,POAM-001
AC-2,AC-02h.03,account managers and [organization-defined value] are notified within [organization-defined value] when system usage or the need to know changes for an individual;,Examine; Interview; Test,"Identity governance workflows; mainframe entitlement export; HR termination records; interviews with the Director of Identity and Access Management and the core operations manager. Population: 1,410 terminations of staff with core access (2026-01-01 to 2026-06-30); 2,860 account events on CBDC components. Sample: 60 terminations (random); 60 account events (random)",EV-AC-2,Satisfied,Sampled account events matched approved requests and role templates,,
AC-2,AC-02i.01,access to the system is authorized based on a valid access authorization;,Examine; Interview; Test,"Identity governance workflows; mainframe entitlement export; HR termination records; interviews with the Director of Identity and Access Management and the core operations manager. Population: 1,410 terminations of staff with core access (2026-01-01 to 2026-06-30); 2,860 account events on CBDC components. Sample: 60 terminations (random); 60 account events (random)",EV-AC-2,Satisfied,Sampled account events matched approved requests and role templates,,
AC-2,AC-02i.02,access to the system is authorized based on intended system usage;,Examine; Interview; Test,"Identity governance workflows; mainframe entitlement export; HR termination records; interviews with the Director of Identity and Access Management and the core operations manager. Population: 1,410 terminations of staff with core access (2026-01-01 to 2026-06-30); 2,860 account events on CBDC components. Sample: 60 terminations (random); 60 account events (random)",EV-AC-2,Satisfied,Sampled account events matched approved requests and role templates,,
AC-2,AC-02i.03,access to the system is authorized based on [organization-defined value];,Examine; Interview; Test,"Identity governance workflows; mainframe entitlement export; HR termination records; interviews with the Director of Identity and Access Management and the core operations manager. Population: 1,410 terminations of staff with core access (2026-01-01 to 2026-06-30); 2,860 account events on CBDC components. Sample: 60 terminations (random); 60 account events (random)",EV-AC-2,Satisfied,Sampled account events matched approved requests and role templates,,
AC-2,AC-02j.,accounts are reviewed for compliance with account management requirements [organization-defined value];,Examine; Interview; Test,"Identity governance workflows; mainframe entitlement export; HR termination records; interviews with the Director of Identity and Access Management and the core operations manager. Population: 1,410 terminations of staff with core access (2026-01-01 to 2026-06-30); 2,860 account events on CBDC components. Sample: 60 terminations (random); 60 account events (random)",EV-AC-2,Other than satisfied,"Mainframe entitlements are certified on a spreadsheet outside identity governance, and service accounts are not certified at all; the dormant integration service account was never reviewed",High,POAM-013
AC-2,AC-02k.[01],a process is established for changing shared or group account authenticators (if deployed) when individuals are removed from the group;,Examine; Interview; Test,"Identity governance workflows; mainframe entitlement export; HR termination records; interviews with the Director of Identity and Access Management and the core operations manager. Population: 1,410 terminations of staff with core access (2026-01-01 to 2026-06-30); 2,860 account events on CBDC components. Sample: 60 terminations (random); 60 account events (random)",EV-AC-2,Satisfied,Sampled account events matched approved requests and role templates,,
AC-2,AC-02k.[02],a process is implemented for changing shared or group account authenticators (if deployed) when individuals are removed from the group;,Examine; Interview; Test,"Identity governance workflows; mainframe entitlement export; HR termination records; interviews with the Director of Identity and Access Management and the core operations manager. Population: 1,410 terminations of staff with core access (2026-01-01 to 2026-06-30); 2,860 account events on CBDC components. Sample: 60 terminations (random); 60 account events (random)",EV-AC-2,Satisfied,Sampled account events matched approved requests and role templates,,
AC-2,AC-02l.[01],account management processes are aligned with personnel termination processes;,Examine; Interview; Test,"Identity governance workflows; mainframe entitlement export; HR termination records; interviews with the Director of Identity and Access Management and the core operations manager. Population: 1,410 terminations of staff with core access (2026-01-01 to 2026-06-30); 2,860 account events on CBDC components. Sample: 60 terminations (random); 60 account events (random)",EV-AC-2,Other than satisfied,Mainframe account management is not connected to the HR termination process,High,POAM-001
AC-2,AC-02l.[02],account management processes are aligned with personnel transfer processes.,Examine; Interview; Test,"Identity governance workflows; mainframe entitlement export; HR termination records; interviews with the Director of Identity and Access Management and the core operations manager. Population: 1,410 terminations of staff with core access (2026-01-01 to 2026-06-30); 2,860 account events on CBDC components. Sample: 60 terminations (random); 60 account events (random)",EV-AC-2,Satisfied,Sampled account events matched approved requests and role templates,,
AC-2(3),AC-02(03)(a),accounts are disabled within [organization-defined value] when the accounts have expired;,Examine; Test,"Inactivity job configuration; full account extract. Population: 9,800 workforce accounts and 214 service accounts on CBDC components. Sample: 100% (data analytic)",EV-AC-2(3),Satisfied,Inactive workforce accounts were disabled within 60 days,,
AC-2(3),AC-02(03)(b),accounts are disabled within [organization-defined value] when the accounts are no longer associated with a user or individual;,Examine; Test,"Inactivity job configuration; full account extract. Population: 9,800 workforce accounts and 214 service accounts on CBDC components. Sample: 100% (data analytic)",EV-AC-2(3),Other than satisfied,A service account from a digital-to-core integration retired in 2024 was still enabled; service accounts are excluded from the inactivity job,High,POAM-013
AC-2(3),AC-02(03)(c),accounts are disabled within [organization-defined value] when the accounts are in violation of organizational policy;,Examine; Test,"Inactivity job configuration; full account extract. Population: 9,800 workforce accounts and 214 service accounts on CBDC components. Sample: 100% (data analytic)",EV-AC-2(3),Satisfied,Inactive workforce accounts were disabled within 60 days,,
AC-2(3),AC-02(03)(d),accounts are disabled within [organization-defined value] when the accounts have been inactive for [organization-defined value].,Examine; Test,"Inactivity job configuration; full account extract. Population: 9,800 workforce accounts and 214 service accounts on CBDC components. Sample: 100% (data analytic)",EV-AC-2(3),Satisfied,Inactive workforce accounts were disabled within 60 days,,
AC-3,AC-03,approved authorizations for logical access to information and system resources are enforced in accordance with applicable access control policies.,Examine; Test,"Core security profiles; API gateway authorization policies; test accounts. Population: 9,800 workforce users; business entitlement model. Sample: 25 users (random); 12 authorization test cases",EV-AC-3,Satisfied,Access enforced as approved; cross-customer requests rejected,,
AC-5,AC-05a.,[organization-defined value] are identified and documented;,Examine; Test,Role matrix; toxic-combination rules; wire platform roles. Population: 310 users with payment or template roles. Sample: 100%,EV-AC-5,Satisfied,No user held both release and template maintenance roles,,
AC-5,AC-05b.,system access authorizations to support separation of duties are defined.,Examine; Test,Role matrix; toxic-combination rules; wire platform roles. Population: 310 users with payment or template roles. Sample: 100%,EV-AC-5,Satisfied,No user held both release and template maintenance roles,,
AC-6,AC-06,"the principle of least privilege is employed, allowing only authorized accesses for users (or processes acting on behalf of users) that are necessary to accomplish assigned organizational tasks.",Examine; Interview,"PAM elevation records; mainframe privileged ID list. Population: 2,410 PAM elevations to CBDC servers; 41 standing mainframe privileged IDs. Sample: 25 elevations (random); 100% of mainframe privileged IDs",EV-AC-6,Other than satisfied,"Distributed and cloud privileges are just in time through PAM, but 41 mainframe IDs hold standing system-level privileges outside PAM, 6 of which can alter core audit settings",High,POAM-002
AC-6(9),AC-06(09),the execution of privileged functions is logged.,Examine,PAM session logs; mainframe privileged command logs. Population: Privileged sessions. Sample: 10 sessions (random),EV-AC-6(9),Satisfied,Privileged functions logged,,
AC-7,AC-07a.,a limit of [organization-defined value] consecutive invalid logon attempts by a user during [organization-defined value] is enforced;,Test,Identity platform and CIAM lockout settings; test accounts. Population: n/a (configuration). Sample: 2 test accounts per channel,EV-AC-7,Satisfied,Lockout and throttling enforced as configured,,
AC-7,AC-07b.,automatically [organization-defined value] when the maximum number of unsuccessful attempts is exceeded.,Test,Identity platform and CIAM lockout settings; test accounts. Population: n/a (configuration). Sample: 2 test accounts per channel,EV-AC-7,Satisfied,Lockout and throttling enforced as configured,,
AC-17,AC-17a.[01],usage restrictions are established and documented for each type of remote access allowed;,Examine; Test,Zero-trust access and PAM vendor session policies. Population: 3 remote access paths; 14 vendors with remote support. Sample: 100%,EV-AC-17,Satisfied,Remote paths documented and authorized,,
AC-17,AC-17a.[02],configuration/connection requirements are established and documented for each type of remote access allowed;,Examine; Test,Zero-trust access and PAM vendor session policies. Population: 3 remote access paths; 14 vendors with remote support. Sample: 100%,EV-AC-17,Satisfied,Remote paths documented and authorized,,
AC-17,AC-17a.[03],implementation guidance is established and documented for each type of remote access allowed;,Examine; Test,Zero-trust access and PAM vendor session policies. Population: 3 remote access paths; 14 vendors with remote support. Sample: 100%,EV-AC-17,Satisfied,Remote paths documented and authorized,,
AC-17,AC-17b.,each type of remote access to the system is authorized prior to allowing such connections.,Examine; Test,Zero-trust access and PAM vendor session policies. Population: 3 remote access paths; 14 vendors with remote support. Sample: 100%,EV-AC-17,Satisfied,Remote paths documented and authorized,,
AT-2,AT-02a.01[01],"security literacy training is provided to system users (including managers, senior executives, and contractors) as part of initial training for new users;",Examine,"Learning system reports; phishing results. Population: 12,000 workforce. Sample: 60 training records (random); 6 months of phishing results",EV-AT-2,Satisfied,Training at hire and annually; content updated after incidents,,
AT-2,AT-02a.01[02],"privacy literacy training is provided to system users (including managers, senior executives, and contractors) as part of initial training for new users;",Examine,"Learning system reports; phishing results. Population: 12,000 workforce. Sample: 60 training records (random); 6 months of phishing results",EV-AT-2,Satisfied,Training at hire and annually; content updated after incidents,,
AT-2,AT-02a.01[03],"security literacy training is provided to system users (including managers, senior executives, and contractors) [organization-defined value] thereafter;",Examine,"Learning system reports; phishing results. Population: 12,000 workforce. Sample: 60 training records (random); 6 months of phishing results",EV-AT-2,Satisfied,Training at hire and annually; content updated after incidents,,
AT-2,AT-02a.01[04],"privacy literacy training is provided to system users (including managers, senior executives, and contractors) [organization-defined value] thereafter;",Examine,"Learning system reports; phishing results. Population: 12,000 workforce. Sample: 60 training records (random); 6 months of phishing results",EV-AT-2,Satisfied,Training at hire and annually; content updated after incidents,,
AT-2,AT-02a.02[01],"security literacy training is provided to system users (including managers, senior executives, and contractors) when required by system changes or following [organization-defined value];",Examine,"Learning system reports; phishing results. Population: 12,000 workforce. Sample: 60 training records (random); 6 months of phishing results",EV-AT-2,Satisfied,Training at hire and annually; content updated after incidents,,
AT-2,AT-02a.02[02],"privacy literacy training is provided to system users (including managers, senior executives, and contractors) when required by system changes or following [organization-defined value];",Examine,"Learning system reports; phishing results. Population: 12,000 workforce. Sample: 60 training records (random); 6 months of phishing results",EV-AT-2,Satisfied,Training at hire and annually; content updated after incidents,,
AT-2,AT-02b.,[organization-defined value] are employed to increase the security and privacy awareness of system users;,Examine,"Learning system reports; phishing results. Population: 12,000 workforce. Sample: 60 training records (random); 6 months of phishing results",EV-AT-2,Satisfied,Training at hire and annually; content updated after incidents,,
AT-2,AT-02c.[01],literacy training and awareness content is updated [organization-defined value];,Examine,"Learning system reports; phishing results. Population: 12,000 workforce. Sample: 60 training records (random); 6 months of phishing results",EV-AT-2,Satisfied,Training at hire and annually; content updated after incidents,,
AT-2,AT-02c.[02],literacy training and awareness content is updated following [organization-defined value];,Examine,"Learning system reports; phishing results. Population: 12,000 workforce. Sample: 60 training records (random); 6 months of phishing results",EV-AT-2,Satisfied,Training at hire and annually; content updated after incidents,,
AT-2,AT-02d.,lessons learned from internal or external security incidents or breaches are incorporated into literacy training and awareness techniques.,Examine,"Learning system reports; phishing results. Population: 12,000 workforce. Sample: 60 training records (random); 6 months of phishing results",EV-AT-2,Satisfied,Training at hire and annually; content updated after incidents,,
AT-3,AT-03a.01[01],"role-based security training is provided to [organization-defined value] before authorizing access to the system, information, or performing assigned duties;",Examine; Interview,Role-based curriculum; learning assignments for commercial client service staff. Population: About 640 commercial client service staff; 310 privileged users; 190 payments staff. Sample: 25 from each group (random),EV-AT-3,Other than satisfied,"Commercial client service staff, who handle client payment instructions by email, receive no role-based BEC training before starting",Moderate,POAM-015
AT-3,AT-03a.01[02],"role-based privacy training is provided to [organization-defined value] before authorizing access to the system, information, or performing assigned duties;",Examine; Interview,Role-based curriculum; learning assignments for commercial client service staff. Population: About 640 commercial client service staff; 310 privileged users; 190 payments staff. Sample: 25 from each group (random),EV-AT-3,Satisfied,Role-based training for privileged and payments staff completed,,
AT-3,AT-03a.01[03],role-based security training is provided to [organization-defined value] [organization-defined value] thereafter;,Examine; Interview,Role-based curriculum; learning assignments for commercial client service staff. Population: About 640 commercial client service staff; 310 privileged users; 190 payments staff. Sample: 25 from each group (random),EV-AT-3,Other than satisfied,No annual role-based BEC training for the same group,Moderate,POAM-015
AT-3,AT-03a.01[04],role-based privacy training is provided to [organization-defined value] [organization-defined value] thereafter;,Examine; Interview,Role-based curriculum; learning assignments for commercial client service staff. Population: About 640 commercial client service staff; 310 privileged users; 190 payments staff. Sample: 25 from each group (random),EV-AT-3,Satisfied,Role-based training for privileged and payments staff completed,,
AT-3,AT-03a.02[01],role-based security training is provided to personnel with assigned security roles and responsibilities when required by system changes;,Examine; Interview,Role-based curriculum; learning assignments for commercial client service staff. Population: About 640 commercial client service staff; 310 privileged users; 190 payments staff. Sample: 25 from each group (random),EV-AT-3,Satisfied,Role-based training for privileged and payments staff completed,,
AT-3,AT-03a.02[02],role-based privacy training is provided to personnel with assigned security roles and responsibilities when required by system changes;,Examine; Interview,Role-based curriculum; learning assignments for commercial client service staff. Population: About 640 commercial client service staff; 310 privileged users; 190 payments staff. Sample: 25 from each group (random),EV-AT-3,Satisfied,Role-based training for privileged and payments staff completed,,
AT-3,AT-03b.[01],role-based training content is updated [organization-defined value];,Examine; Interview,Role-based curriculum; learning assignments for commercial client service staff. Population: About 640 commercial client service staff; 310 privileged users; 190 payments staff. Sample: 25 from each group (random),EV-AT-3,Satisfied,Role-based training for privileged and payments staff completed,,
AT-3,AT-03b.[02],role-based training content is updated following [organization-defined value];,Examine; Interview,Role-based curriculum; learning assignments for commercial client service staff. Population: About 640 commercial client service staff; 310 privileged users; 190 payments staff. Sample: 25 from each group (random),EV-AT-3,Satisfied,Role-based training for privileged and payments staff completed,,
AT-3,AT-03c.,lessons learned from internal or external security incidents or breaches are incorporated into role-based training.,Examine; Interview,Role-based curriculum; learning assignments for commercial client service staff. Population: About 640 commercial client service staff; 310 privileged users; 190 payments staff. Sample: 25 from each group (random),EV-AT-3,Satisfied,Role-based training for privileged and payments staff completed,,
AU-2,AU-02a.,[organization-defined value] that the system is capable of logging are identified in support of the audit logging function;,Examine; Interview,STD-01.4 event list; SIEM source inventory; core logging configuration. Population: 214 tier-1 log sources. Sample: 100% of sources,EV-AU-2,Satisfied,Event types defined and coordinated,,
AU-2,AU-02b.,the event logging function is coordinated with other organizational entities requiring audit-related information to guide and inform the selection criteria for events to be logged;,Examine; Interview,STD-01.4 event list; SIEM source inventory; core logging configuration. Population: 214 tier-1 log sources. Sample: 100% of sources,EV-AU-2,Satisfied,Event types defined and coordinated,,
AU-2,AU-02c.[01],[organization-defined value] are specified for logging within the system;,Examine; Interview,STD-01.4 event list; SIEM source inventory; core logging configuration. Population: 214 tier-1 log sources. Sample: 100% of sources,EV-AU-2,Satisfied,Event types defined and coordinated,,
AU-2,AU-02c.[02],the specified event types are logged within the system [organization-defined value];,Examine; Interview,STD-01.4 event list; SIEM source inventory; core logging configuration. Population: 214 tier-1 log sources. Sample: 100% of sources,EV-AU-2,Satisfied,Event types defined and coordinated,,
AU-2,AU-02d.,a rationale is provided for why the event types selected for logging are deemed to be adequate to support after-the-fact investigations of incidents;,Examine; Interview,STD-01.4 event list; SIEM source inventory; core logging configuration. Population: 214 tier-1 log sources. Sample: 100% of sources,EV-AU-2,Satisfied,Event types defined and coordinated,,
AU-2,AU-02e.,the event types selected for logging are reviewed and updated [organization-defined value].,Examine; Interview,STD-01.4 event list; SIEM source inventory; core logging configuration. Population: 214 tier-1 log sources. Sample: 100% of sources,EV-AU-2,Other than satisfied,"The 2025 event type review did not add core maintenance transactions (contact data and staff limit changes), although fraud cases use them",High,POAM-003
AU-6,AU-06a.,system audit records are reviewed and analyzed [organization-defined value] for indications of [organization-defined value] and the potential impact of the inappropriate or unusual activity;,Examine; Interview,SIEM review records; fraud case records. Population: 26 weeks of Cyber Defense Center review records. Sample: 5 weeks (random),EV-AU-6,Other than satisfied,"Core maintenance events are not collected centrally, so staff changes to customer contact data are never reviewed",High,POAM-003
AU-6,AU-06b.,findings are reported to [organization-defined value];,Examine; Interview,SIEM review records; fraud case records. Population: 26 weeks of Cyber Defense Center review records. Sample: 5 weeks (random),EV-AU-6,Satisfied,Alerts reviewed 24x7 and findings reported,,
AU-6,AU-06c.,"the level of audit record review, analysis, and reporting within the system is adjusted when there is a change in risk based on law enforcement information, intelligence information, or other credible sources of information.",Examine; Interview,SIEM review records; fraud case records. Population: 26 weeks of Cyber Defense Center review records. Sample: 5 weeks (random),EV-AU-6,Satisfied,Alerts reviewed 24x7 and findings reported,,
AU-9,AU-09a.,"audit information and audit logging tools are protected from unauthorized access, modification, and deletion;",Examine; Test,Archive retention locks; deletion attempt with an audit account. Population: n/a (configuration). Sample: Settings inspected; 1 deletion attempt,EV-AU-9,Satisfied,Deletion blocked and alert raised,,
AU-9,AU-09b.,"[organization-defined value] are alerted upon detection of unauthorized access, modification, or deletion of audit information.",Examine; Test,Archive retention locks; deletion attempt with an audit account. Population: n/a (configuration). Sample: Settings inspected; 1 deletion attempt,EV-AU-9,Satisfied,Deletion blocked and alert raised,,
AU-10,AU-10,irrefutable evidence is provided that an individual (or process acting on behalf of an individual) has performed [organization-defined value].,Examine; Test,Payment audit records. Population: About 21 million digital payment instructions (2026-01 to 2026-06). Sample: 25 records (random),EV-AU-10,Satisfied,"Each record bound to session, device, and user",,
AU-12,AU-12a.,audit record generation capability for the event types the system is capable of auditing (defined in AU-02_ODP[01]) is provided by [organization-defined value];,Examine,Baseline logging settings on 6 CBDC component types. Population: n/a (configuration). Sample: 6 component types,EV-AU-12,Satisfied,Records generated for defined event types,,
AU-12,AU-12b.,[organization-defined value] is/are allowed to select the event types that are to be logged by specific components of the system;,Examine,Baseline logging settings on 6 CBDC component types. Population: n/a (configuration). Sample: 6 component types,EV-AU-12,Satisfied,Records generated for defined event types,,
AU-12,AU-12c.,audit records for the event types defined in AU-02_ODP[02] that include the audit record content defined in AU-03 are generated.,Examine,Baseline logging settings on 6 CBDC component types. Population: n/a (configuration). Sample: 6 component types,EV-AU-12,Satisfied,Records generated for defined event types,,
CA-2,CA-02a.,an appropriate assessor or assessment team is selected for the type of assessment to be conducted;,Examine; Interview,Internal Audit plan and prior assessment. Population: n/a. Sample: 2025 assessment examined,EV-CA-2,Satisfied,"Assessment planned, independent, and reported",,
CA-2,CA-02b.01,"a control assessment plan is developed that describes the scope of the assessment, including controls and control enhancements under assessment;",Examine; Interview,Internal Audit plan and prior assessment. Population: n/a. Sample: 2025 assessment examined,EV-CA-2,Satisfied,"Assessment planned, independent, and reported",,
CA-2,CA-02b.02,"a control assessment plan is developed that describes the scope of the assessment, including assessment procedures to be used to determine control effectiveness;",Examine; Interview,Internal Audit plan and prior assessment. Population: n/a. Sample: 2025 assessment examined,EV-CA-2,Satisfied,"Assessment planned, independent, and reported",,
CA-2,CA-02b.03[01],"a control assessment plan is developed that describes the scope of the assessment, including the assessment environment;",Examine; Interview,Internal Audit plan and prior assessment. Population: n/a. Sample: 2025 assessment examined,EV-CA-2,Satisfied,"Assessment planned, independent, and reported",,
CA-2,CA-02b.03[02],"a control assessment plan is developed that describes the scope of the assessment, including the assessment team;",Examine; Interview,Internal Audit plan and prior assessment. Population: n/a. Sample: 2025 assessment examined,EV-CA-2,Satisfied,"Assessment planned, independent, and reported",,
CA-2,CA-02b.03[03],"a control assessment plan is developed that describes the scope of the assessment, including assessment roles and responsibilities;",Examine; Interview,Internal Audit plan and prior assessment. Population: n/a. Sample: 2025 assessment examined,EV-CA-2,Satisfied,"Assessment planned, independent, and reported",,
CA-2,CA-02c.,the control assessment plan is reviewed and approved by the authorizing official or designated representative prior to conducting the assessment;,Examine; Interview,Internal Audit plan and prior assessment. Population: n/a. Sample: 2025 assessment examined,EV-CA-2,Satisfied,"Assessment planned, independent, and reported",,
CA-2,CA-02d.[01],"controls are assessed in the system and its environment of operation [organization-defined value] to determine the extent to which the controls are implemented correctly, operating as intended, and producing the desired outcome with respect to meeting established security requirements;",Examine; Interview,Internal Audit plan and prior assessment. Population: n/a. Sample: 2025 assessment examined,EV-CA-2,Satisfied,"Assessment planned, independent, and reported",,
CA-2,CA-02d.[02],"controls are assessed in the system and its environment of operation [organization-defined value] to determine the extent to which the controls are implemented correctly, operating as intended, and producing the desired outcome with respect to meeting established privacy requirements;",Examine; Interview,Internal Audit plan and prior assessment. Population: n/a. Sample: 2025 assessment examined,EV-CA-2,Satisfied,"Assessment planned, independent, and reported",,
CA-2,CA-02e.,a control assessment report is produced that documents the results of the assessment;,Examine; Interview,Internal Audit plan and prior assessment. Population: n/a. Sample: 2025 assessment examined,EV-CA-2,Satisfied,"Assessment planned, independent, and reported",,
CA-2,CA-02f.,the results of the control assessment are provided to [organization-defined value].,Examine; Interview,Internal Audit plan and prior assessment. Population: n/a. Sample: 2025 assessment examined,EV-CA-2,Satisfied,"Assessment planned, independent, and reported",,
CA-7,CA-07[01],a system-level continuous monitoring strategy is developed;,Examine,Monthly metrics packages. Population: 6 monthly packages. Sample: 3 months (random),EV-CA-7,Satisfied,Continuous monitoring operates; KRIs reported,,
CA-7,CA-07[02],system-level continuous monitoring is implemented in accordance with the organization-level continuous monitoring strategy;,Examine,Monthly metrics packages. Population: 6 monthly packages. Sample: 3 months (random),EV-CA-7,Satisfied,Continuous monitoring operates; KRIs reported,,
CA-7,CA-07a.,system-level continuous monitoring includes establishment of the following system-level metrics to be monitored: [organization-defined value];,Examine,Monthly metrics packages. Population: 6 monthly packages. Sample: 3 months (random),EV-CA-7,Satisfied,Continuous monitoring operates; KRIs reported,,
CA-7,CA-07b.[01],system-level continuous monitoring includes established [organization-defined value] for monitoring;,Examine,Monthly metrics packages. Population: 6 monthly packages. Sample: 3 months (random),EV-CA-7,Satisfied,Continuous monitoring operates; KRIs reported,,
CA-7,CA-07b.[02],system-level continuous monitoring includes established [organization-defined value] for assessment of control effectiveness;,Examine,Monthly metrics packages. Population: 6 monthly packages. Sample: 3 months (random),EV-CA-7,Satisfied,Continuous monitoring operates; KRIs reported,,
CA-7,CA-07c.,system-level continuous monitoring includes ongoing control assessments in accordance with the continuous monitoring strategy;,Examine,Monthly metrics packages. Population: 6 monthly packages. Sample: 3 months (random),EV-CA-7,Satisfied,Continuous monitoring operates; KRIs reported,,
CA-7,CA-07d.,system-level continuous monitoring includes ongoing monitoring of system and organization-defined metrics in accordance with the continuous monitoring strategy;,Examine,Monthly metrics packages. Population: 6 monthly packages. Sample: 3 months (random),EV-CA-7,Satisfied,Continuous monitoring operates; KRIs reported,,
CA-7,CA-07e.,system-level continuous monitoring includes correlation and analysis of information generated by control assessments and monitoring;,Examine,Monthly metrics packages. Population: 6 monthly packages. Sample: 3 months (random),EV-CA-7,Satisfied,Continuous monitoring operates; KRIs reported,,
CA-7,CA-07f.,system-level continuous monitoring includes response actions to address the results of the analysis of control assessment and monitoring information;,Examine,Monthly metrics packages. Population: 6 monthly packages. Sample: 3 months (random),EV-CA-7,Satisfied,Continuous monitoring operates; KRIs reported,,
CA-7,CA-07g.[01],system-level continuous monitoring includes reporting the security status of the system to [organization-defined value] [organization-defined value];,Examine,Monthly metrics packages. Population: 6 monthly packages. Sample: 3 months (random),EV-CA-7,Satisfied,Continuous monitoring operates; KRIs reported,,
CA-7,CA-07g.[02],system-level continuous monitoring includes reporting the privacy status of the system to [organization-defined value] [organization-defined value].,Examine,Monthly metrics packages. Population: 6 monthly packages. Sample: 3 months (random),EV-CA-7,Satisfied,Continuous monitoring operates; KRIs reported,,
CM-3,CM-03a.,the types of changes to the system that are configuration-controlled are determined and documented;,Examine; Test,"Change records; pipeline approvals. Population: 2,310 changes to tier-1 systems (2026-01 to 2026-06). Sample: 40 changes (random)",EV-CM-3,Satisfied,"Changes reviewed, approved, and recorded",,
CM-3,CM-03b.[01],proposed configuration-controlled changes to the system are reviewed;,Examine; Test,"Change records; pipeline approvals. Population: 2,310 changes to tier-1 systems (2026-01 to 2026-06). Sample: 40 changes (random)",EV-CM-3,Satisfied,"Changes reviewed, approved, and recorded",,
CM-3,CM-03b.[02],proposed configuration-controlled changes to the system are approved or disapproved with explicit consideration for security and privacy impact analyses;,Examine; Test,"Change records; pipeline approvals. Population: 2,310 changes to tier-1 systems (2026-01 to 2026-06). Sample: 40 changes (random)",EV-CM-3,Satisfied,"Changes reviewed, approved, and recorded",,
CM-3,CM-03c.,configuration change decisions associated with the system are documented;,Examine; Test,"Change records; pipeline approvals. Population: 2,310 changes to tier-1 systems (2026-01 to 2026-06). Sample: 40 changes (random)",EV-CM-3,Satisfied,"Changes reviewed, approved, and recorded",,
CM-3,CM-03d.,approved configuration-controlled changes to the system are implemented;,Examine; Test,"Change records; pipeline approvals. Population: 2,310 changes to tier-1 systems (2026-01 to 2026-06). Sample: 40 changes (random)",EV-CM-3,Satisfied,"Changes reviewed, approved, and recorded",,
CM-3,CM-03e.,records of configuration-controlled changes to the system are retained for [organization-defined value];,Examine; Test,"Change records; pipeline approvals. Population: 2,310 changes to tier-1 systems (2026-01 to 2026-06). Sample: 40 changes (random)",EV-CM-3,Satisfied,"Changes reviewed, approved, and recorded",,
CM-3,CM-03f.[01],activities associated with configuration-controlled changes to the system are monitored;,Examine; Test,"Change records; pipeline approvals. Population: 2,310 changes to tier-1 systems (2026-01 to 2026-06). Sample: 40 changes (random)",EV-CM-3,Satisfied,"Changes reviewed, approved, and recorded",,
CM-3,CM-03f.[02],activities associated with configuration-controlled changes to the system are reviewed;,Examine; Test,"Change records; pipeline approvals. Population: 2,310 changes to tier-1 systems (2026-01 to 2026-06). Sample: 40 changes (random)",EV-CM-3,Satisfied,"Changes reviewed, approved, and recorded",,
CM-3,CM-03g.[01],configuration change control activities are coordinated and overseen by [organization-defined value];,Examine; Test,"Change records; pipeline approvals. Population: 2,310 changes to tier-1 systems (2026-01 to 2026-06). Sample: 40 changes (random)",EV-CM-3,Satisfied,"Changes reviewed, approved, and recorded",,
CM-3,CM-03g.[02],the configuration control element convenes [organization-defined value].,Examine; Test,"Change records; pipeline approvals. Population: 2,310 changes to tier-1 systems (2026-01 to 2026-06). Sample: 40 changes (random)",EV-CM-3,Satisfied,"Changes reviewed, approved, and recorded",,
CM-5,CM-05[01],physical access restrictions associated with changes to the system are defined and documented;,Examine; Test,Pipeline permissions; data center access lists. Population: CBDC production environments. Sample: 10 changes traced to PAM sessions,EV-CM-5,Satisfied,Access restrictions enforced,,
CM-5,CM-05[02],physical access restrictions associated with changes to the system are approved;,Examine; Test,Pipeline permissions; data center access lists. Population: CBDC production environments. Sample: 10 changes traced to PAM sessions,EV-CM-5,Satisfied,Access restrictions enforced,,
CM-5,CM-05[03],physical access restrictions associated with changes to the system are enforced;,Examine; Test,Pipeline permissions; data center access lists. Population: CBDC production environments. Sample: 10 changes traced to PAM sessions,EV-CM-5,Satisfied,Access restrictions enforced,,
CM-5,CM-05[04],logical access restrictions associated with changes to the system are defined and documented;,Examine; Test,Pipeline permissions; data center access lists. Population: CBDC production environments. Sample: 10 changes traced to PAM sessions,EV-CM-5,Satisfied,Access restrictions enforced,,
CM-5,CM-05[05],logical access restrictions associated with changes to the system are approved;,Examine; Test,Pipeline permissions; data center access lists. Population: CBDC production environments. Sample: 10 changes traced to PAM sessions,EV-CM-5,Satisfied,Access restrictions enforced,,
CM-5,CM-05[06],logical access restrictions associated with changes to the system are enforced.,Examine; Test,Pipeline permissions; data center access lists. Population: CBDC production environments. Sample: 10 changes traced to PAM sessions,EV-CM-5,Satisfied,Access restrictions enforced,,
CM-6,CM-06a.,configuration settings that reflect the most restrictive mode consistent with operational requirements are established and documented for components employed within the system using [organization-defined value];,Examine; Test,Posture reports; baseline scans of core middleware servers. Population: 48 core middleware servers. Sample: 100%,EV-CM-6,Satisfied,Baselines documented,,
CM-6,CM-06b.,the configuration settings documented in CM-06a are implemented;,Examine; Test,Posture reports; baseline scans of core middleware servers. Population: 48 core middleware servers. Sample: 100%,EV-CM-6,Other than satisfied,"7 of 48 servers drifted from the baseline (local administrator rights, a legacy protocol enabled)",Moderate,POAM-008
CM-6,CM-06c.[01],any deviations from established configuration settings for [organization-defined value] are identified and documented based on [organization-defined value];,Examine; Test,Posture reports; baseline scans of core middleware servers. Population: 48 core middleware servers. Sample: 100%,EV-CM-6,Satisfied,Baselines documented,,
CM-6,CM-06c.[02],any deviations from established configuration settings for [organization-defined value] are approved;,Examine; Test,Posture reports; baseline scans of core middleware servers. Population: 48 core middleware servers. Sample: 100%,EV-CM-6,Other than satisfied,The drift was not documented or approved as a deviation,Moderate,POAM-008
CM-6,CM-06d.[01],changes to the configuration settings are monitored in accordance with organizational policies and procedures;,Examine; Test,Posture reports; baseline scans of core middleware servers. Population: 48 core middleware servers. Sample: 100%,EV-CM-6,Satisfied,Baselines documented,,
CM-6,CM-06d.[02],changes to the configuration settings are controlled in accordance with organizational policies and procedures.,Examine; Test,Posture reports; baseline scans of core middleware servers. Population: 48 core middleware servers. Sample: 100%,EV-CM-6,Satisfied,Baselines documented,,
CP-2,CP-02a.01,a contingency plan for the system is developed that identifies essential mission and business functions and associated contingency requirements;,Examine; Interview,CBDC contingency plan v7; interviews with the Director of Enterprise Resilience and the Head of Payments Operations. Population: n/a (plan). Sample: Plan examined; 3 interviews,EV-CP-2,Satisfied,"Plan has objectives, roles, and coordination",,
CP-2,CP-02a.02[01],a contingency plan for the system is developed that provides recovery objectives;,Examine; Interview,CBDC contingency plan v7; interviews with the Director of Enterprise Resilience and the Head of Payments Operations. Population: n/a (plan). Sample: Plan examined; 3 interviews,EV-CP-2,Satisfied,"Plan has objectives, roles, and coordination",,
CP-2,CP-02a.02[02],a contingency plan for the system is developed that provides restoration priorities;,Examine; Interview,CBDC contingency plan v7; interviews with the Director of Enterprise Resilience and the Head of Payments Operations. Population: n/a (plan). Sample: Plan examined; 3 interviews,EV-CP-2,Satisfied,"Plan has objectives, roles, and coordination",,
CP-2,CP-02a.02[03],a contingency plan for the system is developed that provides metrics;,Examine; Interview,CBDC contingency plan v7; interviews with the Director of Enterprise Resilience and the Head of Payments Operations. Population: n/a (plan). Sample: Plan examined; 3 interviews,EV-CP-2,Satisfied,"Plan has objectives, roles, and coordination",,
CP-2,CP-02a.03[01],a contingency plan for the system is developed that addresses contingency roles;,Examine; Interview,CBDC contingency plan v7; interviews with the Director of Enterprise Resilience and the Head of Payments Operations. Population: n/a (plan). Sample: Plan examined; 3 interviews,EV-CP-2,Satisfied,"Plan has objectives, roles, and coordination",,
CP-2,CP-02a.03[02],a contingency plan for the system is developed that addresses contingency responsibilities;,Examine; Interview,CBDC contingency plan v7; interviews with the Director of Enterprise Resilience and the Head of Payments Operations. Population: n/a (plan). Sample: Plan examined; 3 interviews,EV-CP-2,Satisfied,"Plan has objectives, roles, and coordination",,
CP-2,CP-02a.03[03],a contingency plan for the system is developed that addresses assigned individuals with contact information;,Examine; Interview,CBDC contingency plan v7; interviews with the Director of Enterprise Resilience and the Head of Payments Operations. Population: n/a (plan). Sample: Plan examined; 3 interviews,EV-CP-2,Satisfied,"Plan has objectives, roles, and coordination",,
CP-2,CP-02a.04,"a contingency plan for the system is developed that addresses maintaining essential mission and business functions despite a system disruption, compromise, or failure;",Examine; Interview,CBDC contingency plan v7; interviews with the Director of Enterprise Resilience and the Head of Payments Operations. Population: n/a (plan). Sample: Plan examined; 3 interviews,EV-CP-2,Other than satisfied,"The plan assumes sanctions screening can run manually during an engine outage, but manual capacity is about 400 wires an hour against a peak of 2,500",Moderate,POAM-010
CP-2,CP-02a.05,"a contingency plan for the system is developed that addresses eventual, full-system restoration without deterioration of the controls originally planned and implemented;",Examine; Interview,CBDC contingency plan v7; interviews with the Director of Enterprise Resilience and the Head of Payments Operations. Population: n/a (plan). Sample: Plan examined; 3 interviews,EV-CP-2,Satisfied,"Plan has objectives, roles, and coordination",,
CP-2,CP-02a.06,a contingency plan for the system is developed that addresses the sharing of contingency information;,Examine; Interview,CBDC contingency plan v7; interviews with the Director of Enterprise Resilience and the Head of Payments Operations. Population: n/a (plan). Sample: Plan examined; 3 interviews,EV-CP-2,Satisfied,"Plan has objectives, roles, and coordination",,
CP-2,CP-02a.07[01],a contingency plan for the system is developed that is reviewed by [organization-defined value];,Examine; Interview,CBDC contingency plan v7; interviews with the Director of Enterprise Resilience and the Head of Payments Operations. Population: n/a (plan). Sample: Plan examined; 3 interviews,EV-CP-2,Satisfied,"Plan has objectives, roles, and coordination",,
CP-2,CP-02a.07[02],a contingency plan for the system is developed that is approved by [organization-defined value];,Examine; Interview,CBDC contingency plan v7; interviews with the Director of Enterprise Resilience and the Head of Payments Operations. Population: n/a (plan). Sample: Plan examined; 3 interviews,EV-CP-2,Satisfied,"Plan has objectives, roles, and coordination",,
CP-2,CP-02b.[01],copies of the contingency plan are distributed to [organization-defined value];,Examine; Interview,CBDC contingency plan v7; interviews with the Director of Enterprise Resilience and the Head of Payments Operations. Population: n/a (plan). Sample: Plan examined; 3 interviews,EV-CP-2,Satisfied,"Plan has objectives, roles, and coordination",,
CP-2,CP-02b.[02],copies of the contingency plan are distributed to [organization-defined value];,Examine; Interview,CBDC contingency plan v7; interviews with the Director of Enterprise Resilience and the Head of Payments Operations. Population: n/a (plan). Sample: Plan examined; 3 interviews,EV-CP-2,Satisfied,"Plan has objectives, roles, and coordination",,
CP-2,CP-02c.,contingency planning activities are coordinated with incident handling activities;,Examine; Interview,CBDC contingency plan v7; interviews with the Director of Enterprise Resilience and the Head of Payments Operations. Population: n/a (plan). Sample: Plan examined; 3 interviews,EV-CP-2,Satisfied,"Plan has objectives, roles, and coordination",,
CP-2,CP-02d.,the contingency plan for the system is reviewed [organization-defined value];,Examine; Interview,CBDC contingency plan v7; interviews with the Director of Enterprise Resilience and the Head of Payments Operations. Population: n/a (plan). Sample: Plan examined; 3 interviews,EV-CP-2,Satisfied,"Plan has objectives, roles, and coordination",,
CP-2,CP-02e.[01],"the contingency plan is updated to address changes to the organization, system, or environment of operation;",Examine; Interview,CBDC contingency plan v7; interviews with the Director of Enterprise Resilience and the Head of Payments Operations. Population: n/a (plan). Sample: Plan examined; 3 interviews,EV-CP-2,Other than satisfied,The plan still assumes a 2-hour restore of the treasury platform; the vendor contract RTO is 4 hours,High,POAM-018
CP-2,CP-02e.[02],"the contingency plan is updated to address problems encountered during contingency plan implementation, execution, or testing;",Examine; Interview,CBDC contingency plan v7; interviews with the Director of Enterprise Resilience and the Head of Payments Operations. Population: n/a (plan). Sample: Plan examined; 3 interviews,EV-CP-2,Satisfied,"Plan has objectives, roles, and coordination",,
CP-2,CP-02f.[01],contingency plan changes are communicated to [organization-defined value];,Examine; Interview,CBDC contingency plan v7; interviews with the Director of Enterprise Resilience and the Head of Payments Operations. Population: n/a (plan). Sample: Plan examined; 3 interviews,EV-CP-2,Satisfied,"Plan has objectives, roles, and coordination",,
CP-2,CP-02f.[02],contingency plan changes are communicated to [organization-defined value];,Examine; Interview,CBDC contingency plan v7; interviews with the Director of Enterprise Resilience and the Head of Payments Operations. Population: n/a (plan). Sample: Plan examined; 3 interviews,EV-CP-2,Satisfied,"Plan has objectives, roles, and coordination",,
CP-2,CP-02g.[01],lessons learned from contingency plan testing or actual contingency activities are incorporated into contingency testing;,Examine; Interview,CBDC contingency plan v7; interviews with the Director of Enterprise Resilience and the Head of Payments Operations. Population: n/a (plan). Sample: Plan examined; 3 interviews,EV-CP-2,Satisfied,"Plan has objectives, roles, and coordination",,
CP-2,CP-02g.[02],lessons learned from contingency plan training or actual contingency activities are incorporated into contingency testing and training;,Examine; Interview,CBDC contingency plan v7; interviews with the Director of Enterprise Resilience and the Head of Payments Operations. Population: n/a (plan). Sample: Plan examined; 3 interviews,EV-CP-2,Satisfied,"Plan has objectives, roles, and coordination",,
CP-2,CP-02h.[01],the contingency plan is protected from unauthorized disclosure;,Examine; Interview,CBDC contingency plan v7; interviews with the Director of Enterprise Resilience and the Head of Payments Operations. Population: n/a (plan). Sample: Plan examined; 3 interviews,EV-CP-2,Satisfied,"Plan has objectives, roles, and coordination",,
CP-2,CP-02h.[02],the contingency plan is protected from unauthorized modification.,Examine; Interview,CBDC contingency plan v7; interviews with the Director of Enterprise Resilience and the Head of Payments Operations. Population: n/a (plan). Sample: Plan examined; 3 interviews,EV-CP-2,Satisfied,"Plan has objectives, roles, and coordination",,
CP-4,CP-04a.[01],the contingency plan for the system is tested [organization-defined value];,Examine,Core failover test report 2026-04-25; digital regional failover 2026-05-30. Population: 2 annual tests. Sample: 100%,EV-CP-4,Satisfied,Tests met RTO; corrective actions tracked,,
CP-4,CP-04a.[02],[organization-defined value] are used to determine the effectiveness of the plan;,Examine,Core failover test report 2026-04-25; digital regional failover 2026-05-30. Population: 2 annual tests. Sample: 100%,EV-CP-4,Satisfied,Tests met RTO; corrective actions tracked,,
CP-4,CP-04a.[03],[organization-defined value] are used to determine the readiness to execute the plan;,Examine,Core failover test report 2026-04-25; digital regional failover 2026-05-30. Population: 2 annual tests. Sample: 100%,EV-CP-4,Satisfied,Tests met RTO; corrective actions tracked,,
CP-4,CP-04b.,the contingency plan test results are reviewed;,Examine,Core failover test report 2026-04-25; digital regional failover 2026-05-30. Population: 2 annual tests. Sample: 100%,EV-CP-4,Satisfied,Tests met RTO; corrective actions tracked,,
CP-4,CP-04c.,"corrective actions are initiated, if needed.",Examine,Core failover test report 2026-04-25; digital regional failover 2026-05-30. Population: 2 annual tests. Sample: 100%,EV-CP-4,Satisfied,Tests met RTO; corrective actions tracked,,
CP-9,CP-09a.,backups of user-level information contained in [organization-defined value] are conducted [organization-defined value];,Examine; Test,"Backup job reports; restore observation; virtual tape configuration. Population: 4,380 backup jobs. Sample: 25 jobs (random); 1 restore observed",EV-CP-9,Satisfied,Backups run and are encrypted,,
CP-9,CP-09b.,backups of system-level information contained in the system are conducted [organization-defined value];,Examine; Test,"Backup job reports; restore observation; virtual tape configuration. Population: 4,380 backup jobs. Sample: 25 jobs (random); 1 restore observed",EV-CP-9,Satisfied,Backups run and are encrypted,,
CP-9,CP-09c.,"backups of system documentation, including security- and privacy-related documentation are conducted [organization-defined value];",Examine; Test,"Backup job reports; restore observation; virtual tape configuration. Population: 4,380 backup jobs. Sample: 25 jobs (random); 1 restore observed",EV-CP-9,Satisfied,Backups run and are encrypted,,
CP-9,CP-09d.[01],the confidentiality of backup information is protected;,Examine; Test,"Backup job reports; restore observation; virtual tape configuration. Population: 4,380 backup jobs. Sample: 25 jobs (random); 1 restore observed",EV-CP-9,Satisfied,Backups run and are encrypted,,
CP-9,CP-09d.[02],the integrity of backup information is protected;,Examine; Test,"Backup job reports; restore observation; virtual tape configuration. Population: 4,380 backup jobs. Sample: 25 jobs (random); 1 restore observed",EV-CP-9,Satisfied,Backups run and are encrypted,,
CP-9,CP-09d.[03],the availability of backup information is protected.,Examine; Test,"Backup job reports; restore observation; virtual tape configuration. Population: 4,380 backup jobs. Sample: 25 jobs (random); 1 restore observed",EV-CP-9,Other than satisfied,No logically isolated immutable copy of core data; an attacker with data center administrator access could reach both the replica and virtual tape,High,POAM-020
CP-10,CP-10[01],"the recovery of the system to a known state is provided within [organization-defined value] after a disruption, compromise, or failure;",Examine,Recovery runbooks; reconciliation checklist from the 2026 test. Population: 1 test. Sample: 100%,EV-CP-10,Satisfied,Recovery to a known state with reconciliation demonstrated,,
CP-10,CP-10[02],"a reconstitution of the system to a known state is provided within [organization-defined value] after a disruption, compromise, or failure.",Examine,Recovery runbooks; reconciliation checklist from the 2026 test. Population: 1 test. Sample: 100%,EV-CP-10,Satisfied,Recovery to a known state with reconciliation demonstrated,,
IA-2,IA-02[01],organizational users are uniquely identified and authenticated;,Examine; Test,"SSO configuration; sign-in logs. Population: 9,800 workforce accounts. Sample: 25 sign-ins (random)",EV-IA-2,Satisfied,Unique IDs with MFA,,
IA-2,IA-02[02],the unique identification of authenticated organizational users is associated with processes acting on behalf of those users.,Examine; Test,"SSO configuration; sign-in logs. Population: 9,800 workforce accounts. Sample: 25 sign-ins (random)",EV-IA-2,Satisfied,Unique IDs with MFA,,
IA-2(1),IA-02(01),multi-factor authentication is implemented for access to privileged accounts.,Examine; Test,"PAM and mainframe sign-in settings. Population: 351 privileged accounts (310 distributed and cloud, 41 mainframe). Sample: 100%",EV-IA-2(1),Satisfied,"MFA enforced for all privileged accounts, including mainframe sign-in",,
IA-5,IA-05a.,"system authenticators are managed through the verification of the identity of the individual, group, role, service, or device receiving the authenticator as part of the initial authenticator distribution;",Examine; Test,Credential vault reports; service account password attributes. Population: 214 service accounts on CBDC components. Sample: 100% (data analytic),EV-IA-5,Satisfied,Authenticators managed and protected,,
IA-5,IA-05b.,system authenticators are managed through the establishment of initial authenticator content for any authenticators issued by the organization;,Examine; Test,Credential vault reports; service account password attributes. Population: 214 service accounts on CBDC components. Sample: 100% (data analytic),EV-IA-5,Satisfied,Authenticators managed and protected,,
IA-5,IA-05c.,system authenticators are managed to ensure that authenticators have sufficient strength of mechanism for their intended use;,Examine; Test,Credential vault reports; service account password attributes. Population: 214 service accounts on CBDC components. Sample: 100% (data analytic),EV-IA-5,Satisfied,Authenticators managed and protected,,
IA-5,IA-05d.,"system authenticators are managed through the establishment and implementation of administrative procedures for initial authenticator distribution; lost, compromised, or damaged authenticators; and the revocation of authenticators;",Examine; Test,Credential vault reports; service account password attributes. Population: 214 service accounts on CBDC components. Sample: 100% (data analytic),EV-IA-5,Satisfied,Authenticators managed and protected,,
IA-5,IA-05e.,system authenticators are managed through the change of default authenticators prior to first use;,Examine; Test,Credential vault reports; service account password attributes. Population: 214 service accounts on CBDC components. Sample: 100% (data analytic),EV-IA-5,Satisfied,Authenticators managed and protected,,
IA-5,IA-05f.,system authenticators are managed through the change or refreshment of authenticators [organization-defined value] or when [organization-defined value] occur;,Examine; Test,Credential vault reports; service account password attributes. Population: 214 service accounts on CBDC components. Sample: 100% (data analytic),EV-IA-5,Other than satisfied,An enabled service account from a retired integration had a non-expiring password and query rights to the customer information file (new finding),High,POAM-013
IA-5,IA-05g.,system authenticators are managed through the protection of authenticator content from unauthorized disclosure and modification;,Examine; Test,Credential vault reports; service account password attributes. Population: 214 service accounts on CBDC components. Sample: 100% (data analytic),EV-IA-5,Satisfied,Authenticators managed and protected,,
IA-5,IA-05h.[01],system authenticators are managed through the requirement for individuals to take specific controls to protect authenticators;,Examine; Test,Credential vault reports; service account password attributes. Population: 214 service accounts on CBDC components. Sample: 100% (data analytic),EV-IA-5,Satisfied,Authenticators managed and protected,,
IA-5,IA-05h.[02],system authenticators are managed through the requirement for devices to implement specific controls to protect authenticators;,Examine; Test,Credential vault reports; service account password attributes. Population: 214 service accounts on CBDC components. Sample: 100% (data analytic),EV-IA-5,Satisfied,Authenticators managed and protected,,
IA-5,IA-05i.,system authenticators are managed through the change of authenticators for group or role accounts when membership to those accounts changes.,Examine; Test,Credential vault reports; service account password attributes. Population: 214 service accounts on CBDC components. Sample: 100% (data analytic),EV-IA-5,Satisfied,Authenticators managed and protected,,
IA-8,IA-08,non-organizational users or processes acting on behalf of non-organizational users are uniquely identified and authenticated.,Examine; Test,CIAM configuration; authenticator mix report. Population: 2.4 million consumer users. Sample: 100% (data analytic),EV-IA-8,Other than satisfied,"Customers are uniquely identified, but 23% of consumer users still authenticate with SMS passcodes, which STD-02.2 no longer accepts as a primary factor",Moderate,POAM-005
IA-11,IA-11,users are required to re-authenticate when [organization-defined value].,Test,CIAM step-up rules; test customer accounts on trusted and new devices. Population: n/a (configuration). Sample: 6 test scenarios,EV-IA-11,Other than satisfied,Adding a payee on a device marked as trusted does not trigger step-up authentication,Moderate,POAM-005
IR-4,IR-04a.[01],an incident handling capability for incidents is implemented that is consistent with the incident response plan;,Examine; Interview,Case management records; interviews with the Director of Cyber Defense and the BSA/AML Officer. Population: 388 security incidents (2026-01 to 2026-06). Sample: 25 incidents (random),EV-IR-4,Satisfied,Incident handling capability covers all phases,,
IR-4,IR-04a.[02],the incident handling capability for incidents includes preparation;,Examine; Interview,Case management records; interviews with the Director of Cyber Defense and the BSA/AML Officer. Population: 388 security incidents (2026-01 to 2026-06). Sample: 25 incidents (random),EV-IR-4,Satisfied,Incident handling capability covers all phases,,
IR-4,IR-04a.[03],the incident handling capability for incidents includes detection and analysis;,Examine; Interview,Case management records; interviews with the Director of Cyber Defense and the BSA/AML Officer. Population: 388 security incidents (2026-01 to 2026-06). Sample: 25 incidents (random),EV-IR-4,Satisfied,Incident handling capability covers all phases,,
IR-4,IR-04a.[04],the incident handling capability for incidents includes containment;,Examine; Interview,Case management records; interviews with the Director of Cyber Defense and the BSA/AML Officer. Population: 388 security incidents (2026-01 to 2026-06). Sample: 25 incidents (random),EV-IR-4,Satisfied,Incident handling capability covers all phases,,
IR-4,IR-04a.[05],the incident handling capability for incidents includes eradication;,Examine; Interview,Case management records; interviews with the Director of Cyber Defense and the BSA/AML Officer. Population: 388 security incidents (2026-01 to 2026-06). Sample: 25 incidents (random),EV-IR-4,Satisfied,Incident handling capability covers all phases,,
IR-4,IR-04a.[06],the incident handling capability for incidents includes recovery;,Examine; Interview,Case management records; interviews with the Director of Cyber Defense and the BSA/AML Officer. Population: 388 security incidents (2026-01 to 2026-06). Sample: 25 incidents (random),EV-IR-4,Satisfied,Incident handling capability covers all phases,,
IR-4,IR-04b.,incident handling activities are coordinated with contingency planning activities;,Examine; Interview,Case management records; interviews with the Director of Cyber Defense and the BSA/AML Officer. Population: 388 security incidents (2026-01 to 2026-06). Sample: 25 incidents (random),EV-IR-4,Satisfied,Incident handling capability covers all phases,,
IR-4,IR-04c.[01],"lessons learned from ongoing incident handling activities are incorporated into incident response procedures, training, and testing;",Examine; Interview,Case management records; interviews with the Director of Cyber Defense and the BSA/AML Officer. Population: 388 security incidents (2026-01 to 2026-06). Sample: 25 incidents (random),EV-IR-4,Satisfied,Incident handling capability covers all phases,,
IR-4,IR-04c.[02],the changes resulting from the incorporated lessons learned are implemented accordingly;,Examine; Interview,Case management records; interviews with the Director of Cyber Defense and the BSA/AML Officer. Population: 388 security incidents (2026-01 to 2026-06). Sample: 25 incidents (random),EV-IR-4,Satisfied,Incident handling capability covers all phases,,
IR-4,IR-04d.[01],the rigor of incident handling activities is comparable and predictable across the organization;,Examine; Interview,Case management records; interviews with the Director of Cyber Defense and the BSA/AML Officer. Population: 388 security incidents (2026-01 to 2026-06). Sample: 25 incidents (random),EV-IR-4,Other than satisfied,2 of 25 sampled severity 2 incidents had no recorded notification incident determination time,Moderate,POAM-011
IR-4,IR-04d.[02],the intensity of incident handling activities is comparable and predictable across the organization;,Examine; Interview,Case management records; interviews with the Director of Cyber Defense and the BSA/AML Officer. Population: 388 security incidents (2026-01 to 2026-06). Sample: 25 incidents (random),EV-IR-4,Satisfied,Incident handling capability covers all phases,,
IR-4,IR-04d.[03],the scope of incident handling activities is comparable and predictable across the organization;,Examine; Interview,Case management records; interviews with the Director of Cyber Defense and the BSA/AML Officer. Population: 388 security incidents (2026-01 to 2026-06). Sample: 25 incidents (random),EV-IR-4,Satisfied,Incident handling capability covers all phases,,
IR-4,IR-04d.[04],the results of incident handling activities are comparable and predictable across the organization.,Examine; Interview,Case management records; interviews with the Director of Cyber Defense and the BSA/AML Officer. Population: 388 security incidents (2026-01 to 2026-06). Sample: 25 incidents (random),EV-IR-4,Satisfied,Incident handling capability covers all phases,,
IR-6,IR-06a.,personnel is/are required to report suspected incidents to the organizational incident response capability within [organization-defined value];,Examine; Interview,Incident reports; staff interviews. Population: 388 incidents; 20 staff. Sample: 25 incidents; 20 staff,EV-IR-6,Satisfied,Staff knew the 15-minute reporting rule; incidents reported as required,,
IR-6,IR-06b.,incident information is reported to [organization-defined value].,Examine; Interview,Incident reports; staff interviews. Population: 388 incidents; 20 staff. Sample: 25 incidents; 20 staff,EV-IR-6,Satisfied,Staff knew the 15-minute reporting rule; incidents reported as required,,
IR-8,IR-08a.01,an incident response plan is developed that provides the organization with a roadmap for implementing its incident response capability;,Examine; Interview,Incident response plan 2026.1; materiality playbook; interviews with the General Counsel and CISO. Population: n/a (plan). Sample: Plan examined; 3 interviews,EV-IR-8,Satisfied,"Plan approved, distributed, and protected",,
IR-8,IR-08a.02,an incident response plan is developed that describes the structure and organization of the incident response capability;,Examine; Interview,Incident response plan 2026.1; materiality playbook; interviews with the General Counsel and CISO. Population: n/a (plan). Sample: Plan examined; 3 interviews,EV-IR-8,Satisfied,"Plan approved, distributed, and protected",,
IR-8,IR-08a.03,an incident response plan is developed that provides a high-level approach for how the incident response capability fits into the overall organization;,Examine; Interview,Incident response plan 2026.1; materiality playbook; interviews with the General Counsel and CISO. Population: n/a (plan). Sample: Plan examined; 3 interviews,EV-IR-8,Satisfied,"Plan approved, distributed, and protected",,
IR-8,IR-08a.04,"an incident response plan is developed that meets the unique requirements of the organization with regard to mission, size, structure, and functions;",Examine; Interview,Incident response plan 2026.1; materiality playbook; interviews with the General Counsel and CISO. Population: n/a (plan). Sample: Plan examined; 3 interviews,EV-IR-8,Satisfied,"Plan approved, distributed, and protected",,
IR-8,IR-08a.05,an incident response plan is developed that defines reportable incidents;,Examine; Interview,Incident response plan 2026.1; materiality playbook; interviews with the General Counsel and CISO. Population: n/a (plan). Sample: Plan examined; 3 interviews,EV-IR-8,Satisfied,"Plan approved, distributed, and protected",,
IR-8,IR-08a.06,an incident response plan is developed that provides metrics for measuring the incident response capability within the organization;,Examine; Interview,Incident response plan 2026.1; materiality playbook; interviews with the General Counsel and CISO. Population: n/a (plan). Sample: Plan examined; 3 interviews,EV-IR-8,Satisfied,"Plan approved, distributed, and protected",,
IR-8,IR-08a.07,an incident response plan is developed that defines the resources and management support needed to effectively maintain and mature an incident response capability;,Examine; Interview,Incident response plan 2026.1; materiality playbook; interviews with the General Counsel and CISO. Population: n/a (plan). Sample: Plan examined; 3 interviews,EV-IR-8,Satisfied,"Plan approved, distributed, and protected",,
IR-8,IR-08a.08,an incident response plan is developed that addresses the sharing of incident information;,Examine; Interview,Incident response plan 2026.1; materiality playbook; interviews with the General Counsel and CISO. Population: n/a (plan). Sample: Plan examined; 3 interviews,EV-IR-8,Satisfied,"Plan approved, distributed, and protected",,
IR-8,IR-08a.09,an incident response plan is developed that is reviewed and approved by [organization-defined value] [organization-defined value];,Examine; Interview,Incident response plan 2026.1; materiality playbook; interviews with the General Counsel and CISO. Population: n/a (plan). Sample: Plan examined; 3 interviews,EV-IR-8,Satisfied,"Plan approved, distributed, and protected",,
IR-8,IR-08a.10,an incident response plan is developed that explicitly designates responsibility for incident response to [organization-defined value].,Examine; Interview,Incident response plan 2026.1; materiality playbook; interviews with the General Counsel and CISO. Population: n/a (plan). Sample: Plan examined; 3 interviews,EV-IR-8,Satisfied,"Plan approved, distributed, and protected",,
IR-8,IR-08b.[01],copies of the incident response plan are distributed to [organization-defined value];,Examine; Interview,Incident response plan 2026.1; materiality playbook; interviews with the General Counsel and CISO. Population: n/a (plan). Sample: Plan examined; 3 interviews,EV-IR-8,Satisfied,"Plan approved, distributed, and protected",,
IR-8,IR-08b.[02],copies of the incident response plan are distributed to [organization-defined value];,Examine; Interview,Incident response plan 2026.1; materiality playbook; interviews with the General Counsel and CISO. Population: n/a (plan). Sample: Plan examined; 3 interviews,EV-IR-8,Satisfied,"Plan approved, distributed, and protected",,
IR-8,IR-08c.,"the incident response plan is updated to address system and organizational changes or problems encountered during plan implementation, execution, or testing;",Examine; Interview,Incident response plan 2026.1; materiality playbook; interviews with the General Counsel and CISO. Population: n/a (plan). Sample: Plan examined; 3 interviews,EV-IR-8,Other than satisfied,"The plan was not updated to require related incidents (for example, BEC against several clients by the same actor) to be assessed together for materiality",Moderate,POAM-017
IR-8,IR-08d.[01],incident response plan changes are communicated to [organization-defined value];,Examine; Interview,Incident response plan 2026.1; materiality playbook; interviews with the General Counsel and CISO. Population: n/a (plan). Sample: Plan examined; 3 interviews,EV-IR-8,Satisfied,"Plan approved, distributed, and protected",,
IR-8,IR-08d.[02],incident response plan changes are communicated to [organization-defined value];,Examine; Interview,Incident response plan 2026.1; materiality playbook; interviews with the General Counsel and CISO. Population: n/a (plan). Sample: Plan examined; 3 interviews,EV-IR-8,Satisfied,"Plan approved, distributed, and protected",,
IR-8,IR-08e.[01],the incident response plan is protected from unauthorized disclosure;,Examine; Interview,Incident response plan 2026.1; materiality playbook; interviews with the General Counsel and CISO. Population: n/a (plan). Sample: Plan examined; 3 interviews,EV-IR-8,Satisfied,"Plan approved, distributed, and protected",,
IR-8,IR-08e.[02],the incident response plan is protected from unauthorized modification.,Examine; Interview,Incident response plan 2026.1; materiality playbook; interviews with the General Counsel and CISO. Population: n/a (plan). Sample: Plan examined; 3 interviews,EV-IR-8,Satisfied,"Plan approved, distributed, and protected",,
PS-4,PS-04a.,"upon termination of individual employment, system access is disabled within [organization-defined value];",Examine; Test,"HR termination records; access removal records. Population: 1,410 terminations. Sample: 60 (same sample as AC-2)",EV-PS-4,Other than satisfied,3 of 60 terminations kept mainframe access 4 to 9 business days beyond the same-day requirement,High,POAM-001
PS-4,PS-04b.,"upon termination of individual employment, any authenticators and credentials are terminated or revoked;",Examine; Test,"HR termination records; access removal records. Population: 1,410 terminations. Sample: 60 (same sample as AC-2)",EV-PS-4,Satisfied,Credentials revoked and property retrieved,,
PS-4,PS-04c.,"upon termination of individual employment, exit interviews that include a discussion of [organization-defined value] are conducted;",Examine; Test,"HR termination records; access removal records. Population: 1,410 terminations. Sample: 60 (same sample as AC-2)",EV-PS-4,Satisfied,Credentials revoked and property retrieved,,
PS-4,PS-04d.,"upon termination of individual employment, all security-related organizational system-related property is retrieved;",Examine; Test,"HR termination records; access removal records. Population: 1,410 terminations. Sample: 60 (same sample as AC-2)",EV-PS-4,Satisfied,Credentials revoked and property retrieved,,
PS-4,PS-04e.,"upon termination of individual employment, access to organizational information and systems formerly controlled by the terminated individual are retained.",Examine; Test,"HR termination records; access removal records. Population: 1,410 terminations. Sample: 60 (same sample as AC-2)",EV-PS-4,Satisfied,Credentials revoked and property retrieved,,
RA-3,RA-03a.01,a risk assessment is conducted to identify threats to and vulnerabilities in the system;,Examine,2026 enterprise cyber risk assessment (P01). Population: n/a. Sample: Assessment examined,EV-RA-3,Satisfied,"Risk assessment conducted, documented, and disseminated",,
RA-3,RA-03a.02,"a risk assessment is conducted to determine the likelihood and magnitude of harm from unauthorized access, use, disclosure, disruption, modification, or destruction of the system; the information it processes, stores, or transmits; and any related information;",Examine,2026 enterprise cyber risk assessment (P01). Population: n/a. Sample: Assessment examined,EV-RA-3,Satisfied,"Risk assessment conducted, documented, and disseminated",,
RA-3,RA-03a.03,a risk assessment is conducted to determine the likelihood and impact of adverse effects on individuals arising from the processing of personally identifiable information;,Examine,2026 enterprise cyber risk assessment (P01). Population: n/a. Sample: Assessment examined,EV-RA-3,Satisfied,"Risk assessment conducted, documented, and disseminated",,
RA-3,RA-03b.,risk assessment results and risk management decisions from the organization and mission or business process perspectives are integrated with system-level risk assessments;,Examine,2026 enterprise cyber risk assessment (P01). Population: n/a. Sample: Assessment examined,EV-RA-3,Satisfied,"Risk assessment conducted, documented, and disseminated",,
RA-3,RA-03c.,risk assessment results are documented in [organization-defined value];,Examine,2026 enterprise cyber risk assessment (P01). Population: n/a. Sample: Assessment examined,EV-RA-3,Satisfied,"Risk assessment conducted, documented, and disseminated",,
RA-3,RA-03d.,risk assessment results are reviewed [organization-defined value];,Examine,2026 enterprise cyber risk assessment (P01). Population: n/a. Sample: Assessment examined,EV-RA-3,Satisfied,"Risk assessment conducted, documented, and disseminated",,
RA-3,RA-03e.,risk assessment results are disseminated to [organization-defined value];,Examine,2026 enterprise cyber risk assessment (P01). Population: n/a. Sample: Assessment examined,EV-RA-3,Satisfied,"Risk assessment conducted, documented, and disseminated",,
RA-3,RA-03f.,"the risk assessment is updated [organization-defined value] or when there are significant changes to the system, its environment of operation, or other conditions that may impact the security or privacy state of the system.",Examine,2026 enterprise cyber risk assessment (P01). Population: n/a. Sample: Assessment examined,EV-RA-3,Satisfied,"Risk assessment conducted, documented, and disseminated",,
RA-5,RA-05a.[01],systems and hosted applications are monitored for vulnerabilities [organization-defined value] and when new vulnerabilities potentially affecting the system are identified and reported;,Examine; Test,"Scan data; remediation tickets. Population: 6,120 critical and high findings. Sample: 60 findings (random)",EV-RA-5,Satisfied,Scanning weekly and monthly as required,,
RA-5,RA-05a.[02],systems and hosted applications are scanned for vulnerabilities [organization-defined value] and when new vulnerabilities potentially affecting the system are identified and reported;,Examine; Test,"Scan data; remediation tickets. Population: 6,120 critical and high findings. Sample: 60 findings (random)",EV-RA-5,Satisfied,Scanning weekly and monthly as required,,
RA-5,RA-05b.01,"vulnerability monitoring tools and techniques are employed to automate parts of the vulnerability management process by using standards for enumerating platforms, software flaws, and improper configurations;",Examine; Test,"Scan data; remediation tickets. Population: 6,120 critical and high findings. Sample: 60 findings (random)",EV-RA-5,Satisfied,Scanning weekly and monthly as required,,
RA-5,RA-05b.02,vulnerability monitoring tools and techniques are employed to facilitate interoperability among tools and to automate parts of the vulnerability management process by using standards for formatting checklists and test procedures;,Examine; Test,"Scan data; remediation tickets. Population: 6,120 critical and high findings. Sample: 60 findings (random)",EV-RA-5,Satisfied,Scanning weekly and monthly as required,,
RA-5,RA-05b.03,vulnerability monitoring tools and techniques are employed to facilitate interoperability among tools and to automate parts of the vulnerability management process by using standards for measuring vulnerability impact;,Examine; Test,"Scan data; remediation tickets. Population: 6,120 critical and high findings. Sample: 60 findings (random)",EV-RA-5,Satisfied,Scanning weekly and monthly as required,,
RA-5,RA-05c.,vulnerability scan reports and results from vulnerability monitoring are analyzed;,Examine; Test,"Scan data; remediation tickets. Population: 6,120 critical and high findings. Sample: 60 findings (random)",EV-RA-5,Satisfied,Scanning weekly and monthly as required,,
RA-5,RA-05d.,legitimate vulnerabilities are remediated [organization-defined value] in accordance with an organizational assessment of risk;,Examine; Test,"Scan data; remediation tickets. Population: 6,120 critical and high findings. Sample: 60 findings (random)",EV-RA-5,Other than satisfied,9 of 60 sampled critical and high findings on payments hub and core middleware servers exceeded the 30-day target,Moderate,POAM-009
RA-5,RA-05e.,information obtained from the vulnerability monitoring process and control assessments is shared with [organization-defined value] to help eliminate similar vulnerabilities in other systems;,Examine; Test,"Scan data; remediation tickets. Population: 6,120 critical and high findings. Sample: 60 findings (random)",EV-RA-5,Satisfied,Scanning weekly and monthly as required,,
RA-5,RA-05f.,vulnerability monitoring tools that include the capability to readily update the vulnerabilities to be scanned are employed.,Examine; Test,"Scan data; remediation tickets. Population: 6,120 critical and high findings. Sample: 60 findings (random)",EV-RA-5,Satisfied,Scanning weekly and monthly as required,,
SA-9,SA-09a.[01],providers of external system services comply with organizational security requirements;,Examine,Vendor register; SOC review files for services supporting the CBDC. Population: 41 critical third parties. Sample: 100%,EV-SA-9,Satisfied,Requirements defined in contracts,,
SA-9,SA-09a.[02],providers of external system services comply with organizational privacy requirements;,Examine,Vendor register; SOC review files for services supporting the CBDC. Population: 41 critical third parties. Sample: 100%,EV-SA-9,Satisfied,Requirements defined in contracts,,
SA-9,SA-09a.[03],providers of external system services employ [organization-defined value];,Examine,Vendor register; SOC review files for services supporting the CBDC. Population: 41 critical third parties. Sample: 100%,EV-SA-9,Satisfied,Requirements defined in contracts,,
SA-9,SA-09b.[01],organizational oversight with regard to external system services are defined and documented;,Examine,Vendor register; SOC review files for services supporting the CBDC. Population: 41 critical third parties. Sample: 100%,EV-SA-9,Satisfied,Requirements defined in contracts,,
SA-9,SA-09b.[02],user roles and responsibilities with regard to external system services are defined and documented;,Examine,Vendor register; SOC review files for services supporting the CBDC. Population: 41 critical third parties. Sample: 100%,EV-SA-9,Satisfied,Requirements defined in contracts,,
SA-9,SA-09c.,[organization-defined value] are employed to monitor control compliance by external service providers on an ongoing basis.,Examine,Vendor register; SOC review files for services supporting the CBDC. Population: 41 critical third parties. Sample: 100%,EV-SA-9,Other than satisfied,SOC reviews late for 7 critical third parties (including the card processor); CUECs mapped for 29 of 41,Moderate,POAM-012
SC-7,SC-07a.[01],communications at external managed interfaces to the system are monitored;,Examine; Test,Firewall rule reviews; reachability test from a branch network to core ports. Population: n/a (architecture). Sample: 1 reachability test,EV-SC-7,Satisfied,Boundaries monitored and controlled,,
SC-7,SC-07a.[02],communications at external managed interfaces to the system are controlled;,Examine; Test,Firewall rule reviews; reachability test from a branch network to core ports. Population: n/a (architecture). Sample: 1 reachability test,EV-SC-7,Satisfied,Boundaries monitored and controlled,,
SC-7,SC-07a.[03],communications at key internal managed interfaces within the system are monitored;,Examine; Test,Firewall rule reviews; reachability test from a branch network to core ports. Population: n/a (architecture). Sample: 1 reachability test,EV-SC-7,Satisfied,Boundaries monitored and controlled,,
SC-7,SC-07a.[04],communications at key internal managed interfaces within the system are controlled;,Examine; Test,Firewall rule reviews; reachability test from a branch network to core ports. Population: n/a (architecture). Sample: 1 reachability test,EV-SC-7,Satisfied,Boundaries monitored and controlled,,
SC-7,SC-07b.,subnetworks for publicly accessible system components are [organization-defined value] separated from internal organizational networks;,Examine; Test,Firewall rule reviews; reachability test from a branch network to core ports. Population: n/a (architecture). Sample: 1 reachability test,EV-SC-7,Satisfied,Boundaries monitored and controlled,,
SC-7,SC-07c.,external networks or systems are only connected to through managed interfaces consisting of boundary protection devices arranged in accordance with an organizational security and privacy architecture.,Examine; Test,Firewall rule reviews; reachability test from a branch network to core ports. Population: n/a (architecture). Sample: 1 reachability test,EV-SC-7,Satisfied,Boundaries monitored and controlled,,
SC-8,SC-08,the [organization-defined value] of transmitted information is/are protected.,Test,TLS scans of external and internal interfaces. Population: All CBDC interfaces. Sample: 100% (TLS scan),EV-SC-8,Satisfied,TLS 1.2 or higher everywhere,,
SC-28,SC-28,the [organization-defined value] of [organization-defined value] is/are protected.,Examine,"Encryption settings for core database, virtual tape, and cloud stores. Population: n/a (configuration). Sample: Settings inspected",EV-SC-28,Satisfied,Encryption at rest confirmed,,
SI-2,SI-02a.[01],system flaws are identified;,Examine; Test,"Patch reports. Population: 1,240 patches applied. Sample: 25 patches (random)",EV-SI-2,Satisfied,Flaws identified and corrected through change management,,
SI-2,SI-02a.[02],system flaws are reported;,Examine; Test,"Patch reports. Population: 1,240 patches applied. Sample: 25 patches (random)",EV-SI-2,Satisfied,Flaws identified and corrected through change management,,
SI-2,SI-02a.[03],system flaws are corrected;,Examine; Test,"Patch reports. Population: 1,240 patches applied. Sample: 25 patches (random)",EV-SI-2,Satisfied,Flaws identified and corrected through change management,,
SI-2,SI-02b.[01],software updates related to flaw remediation are tested for effectiveness before installation;,Examine; Test,"Patch reports. Population: 1,240 patches applied. Sample: 25 patches (random)",EV-SI-2,Satisfied,Flaws identified and corrected through change management,,
SI-2,SI-02b.[02],software updates related to flaw remediation are tested for potential side effects before installation;,Examine; Test,"Patch reports. Population: 1,240 patches applied. Sample: 25 patches (random)",EV-SI-2,Satisfied,Flaws identified and corrected through change management,,
SI-2,SI-02b.[03],firmware updates related to flaw remediation are tested for effectiveness before installation;,Examine; Test,"Patch reports. Population: 1,240 patches applied. Sample: 25 patches (random)",EV-SI-2,Satisfied,Flaws identified and corrected through change management,,
SI-2,SI-02b.[04],firmware updates related to flaw remediation are tested for potential side effects before installation;,Examine; Test,"Patch reports. Population: 1,240 patches applied. Sample: 25 patches (random)",EV-SI-2,Satisfied,Flaws identified and corrected through change management,,
SI-2,SI-02c.[01],security-relevant software updates are installed within [organization-defined value] of the release of the updates;,Examine; Test,"Patch reports. Population: 1,240 patches applied. Sample: 25 patches (random)",EV-SI-2,Other than satisfied,Security updates on payments hub servers were installed after the 30-day target in 4 of 25 cases,Moderate,POAM-009
SI-2,SI-02c.[02],security-relevant firmware updates are installed within [organization-defined value] of the release of the updates;,Examine; Test,"Patch reports. Population: 1,240 patches applied. Sample: 25 patches (random)",EV-SI-2,Satisfied,Flaws identified and corrected through change management,,
SI-2,SI-02d.,flaw remediation is incorporated into the organizational configuration management process.,Examine; Test,"Patch reports. Population: 1,240 patches applied. Sample: 25 patches (random)",EV-SI-2,Satisfied,Flaws identified and corrected through change management,,
SI-4,SI-04a.01,the system is monitored to detect attacks and indicators of potential attacks in accordance with [organization-defined value];,Examine; Test,SIEM and fraud use cases; test of beneficiary add followed by a wire. Population: Treasury and digital channels. Sample: 2 test scenarios; 60 new-beneficiary wires (from P03),EV-SI-4,Satisfied,Attacks and anomalies monitored and analyzed,,
SI-4,SI-04a.02[01],the system is monitored to detect unauthorized local connections;,Examine; Test,SIEM and fraud use cases; test of beneficiary add followed by a wire. Population: Treasury and digital channels. Sample: 2 test scenarios; 60 new-beneficiary wires (from P03),EV-SI-4,Satisfied,Attacks and anomalies monitored and analyzed,,
SI-4,SI-04a.02[02],the system is monitored to detect unauthorized network connections;,Examine; Test,SIEM and fraud use cases; test of beneficiary add followed by a wire. Population: Treasury and digital channels. Sample: 2 test scenarios; 60 new-beneficiary wires (from P03),EV-SI-4,Satisfied,Attacks and anomalies monitored and analyzed,,
SI-4,SI-04a.02[03],the system is monitored to detect unauthorized remote connections;,Examine; Test,SIEM and fraud use cases; test of beneficiary add followed by a wire. Population: Treasury and digital channels. Sample: 2 test scenarios; 60 new-beneficiary wires (from P03),EV-SI-4,Satisfied,Attacks and anomalies monitored and analyzed,,
SI-4,SI-04b.,unauthorized use of the system is identified through [organization-defined value];,Examine; Test,SIEM and fraud use cases; test of beneficiary add followed by a wire. Population: Treasury and digital channels. Sample: 2 test scenarios; 60 new-beneficiary wires (from P03),EV-SI-4,Other than satisfied,"A new beneficiary added and paid $85,000 within 24 hours in the test environment raised no alert; 11 of 60 real cases would have been missed",High,POAM-006
SI-4,SI-04c.01,internal monitoring capabilities are invoked or monitoring devices are deployed strategically within the system to collect organization-determined essential information;,Examine; Test,SIEM and fraud use cases; test of beneficiary add followed by a wire. Population: Treasury and digital channels. Sample: 2 test scenarios; 60 new-beneficiary wires (from P03),EV-SI-4,Satisfied,Attacks and anomalies monitored and analyzed,,
SI-4,SI-04c.02,internal monitoring capabilities are invoked or monitoring devices are deployed at ad hoc locations within the system to track specific types of transactions of interest to the organization;,Examine; Test,SIEM and fraud use cases; test of beneficiary add followed by a wire. Population: Treasury and digital channels. Sample: 2 test scenarios; 60 new-beneficiary wires (from P03),EV-SI-4,Satisfied,Attacks and anomalies monitored and analyzed,,
SI-4,SI-04d.[01],detected events are analyzed;,Examine; Test,SIEM and fraud use cases; test of beneficiary add followed by a wire. Population: Treasury and digital channels. Sample: 2 test scenarios; 60 new-beneficiary wires (from P03),EV-SI-4,Satisfied,Attacks and anomalies monitored and analyzed,,
SI-4,SI-04d.[02],detected anomalies are analyzed;,Examine; Test,SIEM and fraud use cases; test of beneficiary add followed by a wire. Population: Treasury and digital channels. Sample: 2 test scenarios; 60 new-beneficiary wires (from P03),EV-SI-4,Satisfied,Attacks and anomalies monitored and analyzed,,
SI-4,SI-04e.,"the level of system monitoring activity is adjusted when there is a change in risk to organizational operations and assets, individuals, other organizations, or the Nation;",Examine; Test,SIEM and fraud use cases; test of beneficiary add followed by a wire. Population: Treasury and digital channels. Sample: 2 test scenarios; 60 new-beneficiary wires (from P03),EV-SI-4,Satisfied,Attacks and anomalies monitored and analyzed,,
SI-4,SI-04f.,a legal opinion regarding system monitoring activities is obtained;,Examine; Test,SIEM and fraud use cases; test of beneficiary add followed by a wire. Population: Treasury and digital channels. Sample: 2 test scenarios; 60 new-beneficiary wires (from P03),EV-SI-4,Satisfied,Attacks and anomalies monitored and analyzed,,
SI-4,SI-04g.,[organization-defined value] is provided to [organization-defined value] [organization-defined value].,Examine; Test,SIEM and fraud use cases; test of beneficiary add followed by a wire. Population: Treasury and digital channels. Sample: 2 test scenarios; 60 new-beneficiary wires (from P03),EV-SI-4,Satisfied,Attacks and anomalies monitored and analyzed,,
SI-7,SI-07a.[01],integrity verification tools are employed to detect unauthorized changes to [organization-defined value];,Examine,Daily reconciliation reports; file integrity alerts. Population: n/a. Sample: 20 business days (random),EV-SI-7,Satisfied,Reconciliations and integrity checks operate,,
SI-7,SI-07a.[02],integrity verification tools are employed to detect unauthorized changes to [organization-defined value];,Examine,Daily reconciliation reports; file integrity alerts. Population: n/a. Sample: 20 business days (random),EV-SI-7,Satisfied,Reconciliations and integrity checks operate,,
SI-7,SI-07a.[03],integrity verification tools are employed to detect unauthorized changes to [organization-defined value];,Examine,Daily reconciliation reports; file integrity alerts. Population: n/a. Sample: 20 business days (random),EV-SI-7,Satisfied,Reconciliations and integrity checks operate,,
SI-7,SI-07b.[01],"[organization-defined value] are taken when unauthorized changes to the software, are detected;",Examine,Daily reconciliation reports; file integrity alerts. Population: n/a. Sample: 20 business days (random),EV-SI-7,Satisfied,Reconciliations and integrity checks operate,,
SI-7,SI-07b.[02],[organization-defined value] are taken when unauthorized changes to the firmware are detected;,Examine,Daily reconciliation reports; file integrity alerts. Population: n/a. Sample: 20 business days (random),EV-SI-7,Satisfied,Reconciliations and integrity checks operate,,
SI-7,SI-07b.[03],[organization-defined value] are taken when unauthorized changes to the information are detected.,Examine,Daily reconciliation reports; file integrity alerts. Population: n/a. Sample: 20 business days (random),EV-SI-7,Satisfied,Reconciliations and integrity checks operate,,
SI-10,SI-10,the validity of the [organization-defined value] is checked.,Test,API schema validation with malformed test requests. Population: 20 malformed requests. Sample: 100% in the test environment,EV-SI-10,Satisfied,Invalid input rejected,,
SR-6,SR-06,"the supply chain-related risks associated with suppliers or contractors and the systems, system components, or system services they provide are assessed and reviewed [organization-defined value].",Examine,Supplier review records for critical third parties. Population: 41 critical third parties. Sample: 100%,EV-SR-6,Other than satisfied,"Supplier reviews incomplete: 9 critical contracts lack incident notice terms and a designated 53.4 contact, and 7 reviews are late",Moderate,POAM-019
