control_id,objective_id,determination_statement_summary,method,test_type,assessment_object,evidence_ref,finding,finding_detail,risk_level,poam_id
AC-2,AC-02a.[01],account types allowed for use within the system are defined and documented;,Examine; Interview; Test,Operating effectiveness,"Identity governance workflows; EHR user export; staffing system end dates; PAM vault report. Population: 2,960 departures of staff with EHR access (1,610 agency or contracted); 1,840 access requests; about 1,150 service accounts. Sample: 60 departures (stratified: 30 employees, 30 agency or contracted); 60 access requests (random); 100% of service accounts (vault analytic)",EV-AC-2,Satisfied,Sampled requests matched approved role templates and manager approvals,,
AC-2,AC-02a.[02],account types specifically prohibited for use within the system are defined and documented;,Examine; Interview; Test,Operating effectiveness,"Identity governance workflows; EHR user export; staffing system end dates; PAM vault report. Population: 2,960 departures of staff with EHR access (1,610 agency or contracted); 1,840 access requests; about 1,150 service accounts. Sample: 60 departures (stratified: 30 employees, 30 agency or contracted); 60 access requests (random); 100% of service accounts (vault analytic)",EV-AC-2,Satisfied,Sampled requests matched approved role templates and manager approvals,,
AC-2,AC-02b.,account managers are assigned;,Examine; Interview; Test,Operating effectiveness,"Identity governance workflows; EHR user export; staffing system end dates; PAM vault report. Population: 2,960 departures of staff with EHR access (1,610 agency or contracted); 1,840 access requests; about 1,150 service accounts. Sample: 60 departures (stratified: 30 employees, 30 agency or contracted); 60 access requests (random); 100% of service accounts (vault analytic)",EV-AC-2,Satisfied,Sampled requests matched approved role templates and manager approvals,,
AC-2,AC-02c.,[organization-defined value] for group and role membership are required;,Examine; Interview; Test,Operating effectiveness,"Identity governance workflows; EHR user export; staffing system end dates; PAM vault report. Population: 2,960 departures of staff with EHR access (1,610 agency or contracted); 1,840 access requests; about 1,150 service accounts. Sample: 60 departures (stratified: 30 employees, 30 agency or contracted); 60 access requests (random); 100% of service accounts (vault analytic)",EV-AC-2,Satisfied,Sampled requests matched approved role templates and manager approvals,,
AC-2,AC-02d.01,authorized users of the system are specified;,Examine; Interview; Test,Operating effectiveness,"Identity governance workflows; EHR user export; staffing system end dates; PAM vault report. Population: 2,960 departures of staff with EHR access (1,610 agency or contracted); 1,840 access requests; about 1,150 service accounts. Sample: 60 departures (stratified: 30 employees, 30 agency or contracted); 60 access requests (random); 100% of service accounts (vault analytic)",EV-AC-2,Satisfied,Sampled requests matched approved role templates and manager approvals,,
AC-2,AC-02d.02,group and role membership are specified;,Examine; Interview; Test,Operating effectiveness,"Identity governance workflows; EHR user export; staffing system end dates; PAM vault report. Population: 2,960 departures of staff with EHR access (1,610 agency or contracted); 1,840 access requests; about 1,150 service accounts. Sample: 60 departures (stratified: 30 employees, 30 agency or contracted); 60 access requests (random); 100% of service accounts (vault analytic)",EV-AC-2,Satisfied,Sampled requests matched approved role templates and manager approvals,,
AC-2,AC-02d.03[01],"access authorizations (i.e., privileges) are specified for each account;",Examine; Interview; Test,Operating effectiveness,"Identity governance workflows; EHR user export; staffing system end dates; PAM vault report. Population: 2,960 departures of staff with EHR access (1,610 agency or contracted); 1,840 access requests; about 1,150 service accounts. Sample: 60 departures (stratified: 30 employees, 30 agency or contracted); 60 access requests (random); 100% of service accounts (vault analytic)",EV-AC-2,Satisfied,Sampled requests matched approved role templates and manager approvals,,
AC-2,AC-02d.03[02],[organization-defined value] are specified for each account;,Examine; Interview; Test,Operating effectiveness,"Identity governance workflows; EHR user export; staffing system end dates; PAM vault report. Population: 2,960 departures of staff with EHR access (1,610 agency or contracted); 1,840 access requests; about 1,150 service accounts. Sample: 60 departures (stratified: 30 employees, 30 agency or contracted); 60 access requests (random); 100% of service accounts (vault analytic)",EV-AC-2,Satisfied,Sampled requests matched approved role templates and manager approvals,,
AC-2,AC-02e.,approvals are required by [organization-defined value] for requests to create accounts;,Examine; Interview; Test,Operating effectiveness,"Identity governance workflows; EHR user export; staffing system end dates; PAM vault report. Population: 2,960 departures of staff with EHR access (1,610 agency or contracted); 1,840 access requests; about 1,150 service accounts. Sample: 60 departures (stratified: 30 employees, 30 agency or contracted); 60 access requests (random); 100% of service accounts (vault analytic)",EV-AC-2,Satisfied,Sampled requests matched approved role templates and manager approvals,,
AC-2,AC-02f.[01],accounts are created in accordance with [organization-defined value];,Examine; Interview; Test,Operating effectiveness,"Identity governance workflows; EHR user export; staffing system end dates; PAM vault report. Population: 2,960 departures of staff with EHR access (1,610 agency or contracted); 1,840 access requests; about 1,150 service accounts. Sample: 60 departures (stratified: 30 employees, 30 agency or contracted); 60 access requests (random); 100% of service accounts (vault analytic)",EV-AC-2,Satisfied,Sampled requests matched approved role templates and manager approvals,,
AC-2,AC-02f.[02],accounts are enabled in accordance with [organization-defined value];,Examine; Interview; Test,Operating effectiveness,"Identity governance workflows; EHR user export; staffing system end dates; PAM vault report. Population: 2,960 departures of staff with EHR access (1,610 agency or contracted); 1,840 access requests; about 1,150 service accounts. Sample: 60 departures (stratified: 30 employees, 30 agency or contracted); 60 access requests (random); 100% of service accounts (vault analytic)",EV-AC-2,Satisfied,Sampled requests matched approved role templates and manager approvals,,
AC-2,AC-02f.[03],accounts are modified in accordance with [organization-defined value];,Examine; Interview; Test,Operating effectiveness,"Identity governance workflows; EHR user export; staffing system end dates; PAM vault report. Population: 2,960 departures of staff with EHR access (1,610 agency or contracted); 1,840 access requests; about 1,150 service accounts. Sample: 60 departures (stratified: 30 employees, 30 agency or contracted); 60 access requests (random); 100% of service accounts (vault analytic)",EV-AC-2,Satisfied,Sampled requests matched approved role templates and manager approvals,,
AC-2,AC-02f.[04],accounts are disabled in accordance with [organization-defined value];,Examine; Interview; Test,Operating effectiveness,"Identity governance workflows; EHR user export; staffing system end dates; PAM vault report. Population: 2,960 departures of staff with EHR access (1,610 agency or contracted); 1,840 access requests; about 1,150 service accounts. Sample: 60 departures (stratified: 30 employees, 30 agency or contracted); 60 access requests (random); 100% of service accounts (vault analytic)",EV-AC-2,Other than satisfied,4 of 60 sampled departures (all agency or contracted) were disabled 2 to 9 days late,High,POAM-002
AC-2,AC-02f.[05],accounts are removed in accordance with [organization-defined value];,Examine; Interview; Test,Operating effectiveness,"Identity governance workflows; EHR user export; staffing system end dates; PAM vault report. Population: 2,960 departures of staff with EHR access (1,610 agency or contracted); 1,840 access requests; about 1,150 service accounts. Sample: 60 departures (stratified: 30 employees, 30 agency or contracted); 60 access requests (random); 100% of service accounts (vault analytic)",EV-AC-2,Satisfied,Sampled requests matched approved role templates and manager approvals,,
AC-2,AC-02g.,the use of accounts is monitored;,Examine; Interview; Test,Operating effectiveness,"Identity governance workflows; EHR user export; staffing system end dates; PAM vault report. Population: 2,960 departures of staff with EHR access (1,610 agency or contracted); 1,840 access requests; about 1,150 service accounts. Sample: 60 departures (stratified: 30 employees, 30 agency or contracted); 60 access requests (random); 100% of service accounts (vault analytic)",EV-AC-2,Satisfied,Sampled requests matched approved role templates and manager approvals,,
AC-2,AC-02h.01,account managers and [organization-defined value] are notified within [organization-defined value] when accounts are no longer required;,Examine; Interview; Test,Operating effectiveness,"Identity governance workflows; EHR user export; staffing system end dates; PAM vault report. Population: 2,960 departures of staff with EHR access (1,610 agency or contracted); 1,840 access requests; about 1,150 service accounts. Sample: 60 departures (stratified: 30 employees, 30 agency or contracted); 60 access requests (random); 100% of service accounts (vault analytic)",EV-AC-2,Satisfied,Sampled requests matched approved role templates and manager approvals,,
AC-2,AC-02h.02,account managers and [organization-defined value] are notified within [organization-defined value] when users are terminated or transferred;,Examine; Interview; Test,Operating effectiveness,"Identity governance workflows; EHR user export; staffing system end dates; PAM vault report. Population: 2,960 departures of staff with EHR access (1,610 agency or contracted); 1,840 access requests; about 1,150 service accounts. Sample: 60 departures (stratified: 30 employees, 30 agency or contracted); 60 access requests (random); 100% of service accounts (vault analytic)",EV-AC-2,Other than satisfied,Staffing agencies did not notify the system of 4 departures within 1 business day,Moderate,POAM-002
AC-2,AC-02h.03,account managers and [organization-defined value] are notified within [organization-defined value] when system usage or the need to know changes...,Examine; Interview; Test,Operating effectiveness,"Identity governance workflows; EHR user export; staffing system end dates; PAM vault report. Population: 2,960 departures of staff with EHR access (1,610 agency or contracted); 1,840 access requests; about 1,150 service accounts. Sample: 60 departures (stratified: 30 employees, 30 agency or contracted); 60 access requests (random); 100% of service accounts (vault analytic)",EV-AC-2,Satisfied,Sampled requests matched approved role templates and manager approvals,,
AC-2,AC-02i.01,access to the system is authorized based on a valid access authorization;,Examine; Interview; Test,Operating effectiveness,"Identity governance workflows; EHR user export; staffing system end dates; PAM vault report. Population: 2,960 departures of staff with EHR access (1,610 agency or contracted); 1,840 access requests; about 1,150 service accounts. Sample: 60 departures (stratified: 30 employees, 30 agency or contracted); 60 access requests (random); 100% of service accounts (vault analytic)",EV-AC-2,Satisfied,Sampled requests matched approved role templates and manager approvals,,
AC-2,AC-02i.02,access to the system is authorized based on intended system usage;,Examine; Interview; Test,Operating effectiveness,"Identity governance workflows; EHR user export; staffing system end dates; PAM vault report. Population: 2,960 departures of staff with EHR access (1,610 agency or contracted); 1,840 access requests; about 1,150 service accounts. Sample: 60 departures (stratified: 30 employees, 30 agency or contracted); 60 access requests (random); 100% of service accounts (vault analytic)",EV-AC-2,Satisfied,Sampled requests matched approved role templates and manager approvals,,
AC-2,AC-02i.03,access to the system is authorized based on [organization-defined value];,Examine; Interview; Test,Operating effectiveness,"Identity governance workflows; EHR user export; staffing system end dates; PAM vault report. Population: 2,960 departures of staff with EHR access (1,610 agency or contracted); 1,840 access requests; about 1,150 service accounts. Sample: 60 departures (stratified: 30 employees, 30 agency or contracted); 60 access requests (random); 100% of service accounts (vault analytic)",EV-AC-2,Satisfied,Sampled requests matched approved role templates and manager approvals,,
AC-2,AC-02j.,accounts are reviewed for compliance with account management requirements [organization-defined value];,Examine; Interview; Test,Operating effectiveness,"Identity governance workflows; EHR user export; staffing system end dates; PAM vault report. Population: 2,960 departures of staff with EHR access (1,610 agency or contracted); 1,840 access requests; about 1,150 service accounts. Sample: 60 departures (stratified: 30 employees, 30 agency or contracted); 60 access requests (random); 100% of service accounts (vault analytic)",EV-AC-2,Other than satisfied,"Service accounts are not reviewed; about 265 of 1,150 (23%) are not vaulted",High,POAM-001
AC-2,AC-02k.[01],a process is established for changing shared or group account authenticators (if deployed) when individuals are removed from the group;,Examine; Interview; Test,Operating effectiveness,"Identity governance workflows; EHR user export; staffing system end dates; PAM vault report. Population: 2,960 departures of staff with EHR access (1,610 agency or contracted); 1,840 access requests; about 1,150 service accounts. Sample: 60 departures (stratified: 30 employees, 30 agency or contracted); 60 access requests (random); 100% of service accounts (vault analytic)",EV-AC-2,Satisfied,Sampled requests matched approved role templates and manager approvals,,
AC-2,AC-02k.[02],a process is implemented for changing shared or group account authenticators (if deployed) when individuals are removed from the group;,Examine; Interview; Test,Operating effectiveness,"Identity governance workflows; EHR user export; staffing system end dates; PAM vault report. Population: 2,960 departures of staff with EHR access (1,610 agency or contracted); 1,840 access requests; about 1,150 service accounts. Sample: 60 departures (stratified: 30 employees, 30 agency or contracted); 60 access requests (random); 100% of service accounts (vault analytic)",EV-AC-2,Other than satisfied,Shared integration engine credentials were not changed when integration staff left; 31 passwords older than 2 years,Moderate,POAM-001
AC-2,AC-02l.[01],account management processes are aligned with personnel termination processes;,Examine; Interview; Test,Operating effectiveness,"Identity governance workflows; EHR user export; staffing system end dates; PAM vault report. Population: 2,960 departures of staff with EHR access (1,610 agency or contracted); 1,840 access requests; about 1,150 service accounts. Sample: 60 departures (stratified: 30 employees, 30 agency or contracted); 60 access requests (random); 100% of service accounts (vault analytic)",EV-AC-2,Satisfied,Sampled requests matched approved role templates and manager approvals,,
AC-2,AC-02l.[02],account management processes are aligned with personnel transfer processes.,Examine; Interview; Test,Operating effectiveness,"Identity governance workflows; EHR user export; staffing system end dates; PAM vault report. Population: 2,960 departures of staff with EHR access (1,610 agency or contracted); 1,840 access requests; about 1,150 service accounts. Sample: 60 departures (stratified: 30 employees, 30 agency or contracted); 60 access requests (random); 100% of service accounts (vault analytic)",EV-AC-2,Satisfied,Sampled requests matched approved role templates and manager approvals,,
AC-2(3),AC-02(03)(a),accounts are disabled within [organization-defined value] when the accounts have expired;,Examine; Test,Operating effectiveness,"Inactivity job configuration and account export. Population: 19,500 workforce and 1,450 affiliate accounts. Sample: 100% (data analytic)",EV-AC-2(3),Satisfied,Workforce inactivity disablement at 60 days operated for every account in the period,,
AC-2(3),AC-02(03)(b),accounts are disabled within [organization-defined value] when the accounts are no longer associated with a user or individual;,Examine; Test,Operating effectiveness,"Inactivity job configuration and account export. Population: 19,500 workforce and 1,450 affiliate accounts. Sample: 100% (data analytic)",EV-AC-2(3),Satisfied,Workforce inactivity disablement at 60 days operated for every account in the period,,
AC-2(3),AC-02(03)(c),accounts are disabled within [organization-defined value] when the accounts are in violation of organizational policy;,Examine; Test,Operating effectiveness,"Inactivity job configuration and account export. Population: 19,500 workforce and 1,450 affiliate accounts. Sample: 100% (data analytic)",EV-AC-2(3),Satisfied,Workforce inactivity disablement at 60 days operated for every account in the period,,
AC-2(3),AC-02(03)(d),accounts are disabled within [organization-defined value] when the accounts have been inactive for [organization-defined value].,Examine; Test,Operating effectiveness,"Inactivity job configuration and account export. Population: 19,500 workforce and 1,450 affiliate accounts. Sample: 100% (data analytic)",EV-AC-2(3),Other than satisfied,214 affiliate accounts inactive more than 90 days were still enabled,Moderate,POAM-015
AC-3,AC-03,approved authorizations for logical access to information and system resources are enforced in accordance with applicable access control policies.,Examine; Test,Operating effectiveness,"EHR security class matrix; test accounts. Population: About 19,000 workforce EHR users. Sample: 25 users (random) tested against role templates",EV-AC-3,Satisfied,Access matched the role template for every sampled user,,
AC-5,AC-05a.,[organization-defined value] are identified and documented;,Examine; Test,Operating effectiveness,Role matrix; migration logs. Population: 38 users with build or migration roles. Sample: 100%,EV-AC-5,Satisfied,No user held both build and production migration rights,,
AC-5,AC-05b.,system access authorizations to support separation of duties are defined.,Examine; Test,Operating effectiveness,Role matrix; migration logs. Population: 38 users with build or migration roles. Sample: 100%,EV-AC-5,Satisfied,No user held both build and production migration rights,,
AC-6,AC-06,"the principle of least privilege is employed, allowing only authorized accesses for users (or processes acting on behalf of users) that are...",Examine; Test,Operating effectiveness,"PAM elevation logs and approvals. Population: 2,410 PAM elevation sessions to ECIS servers and databases. Sample: 25 sessions (random)",EV-AC-6,Satisfied,"Every sampled elevation was approved, time-limited, and recorded",,
AC-17,AC-17a.[01],usage restrictions are established and documented for each type of remote access allowed;,Examine; Test,Operating effectiveness,"Zero-trust gateway policies; PAM vendor sessions; network path test. Population: 7 remote access paths (workforce, affiliate, EHR vendor, 4 device and analyzer vendor paths). Sample: 100%",EV-AC-17,Satisfied,"Workforce, affiliate, and EHR vendor paths enforce MFA and documented restrictions",,
AC-17,AC-17a.[02],configuration/connection requirements are established and documented for each type of remote access allowed;,Examine; Test,Operating effectiveness,"Zero-trust gateway policies; PAM vendor sessions; network path test. Population: 7 remote access paths (workforce, affiliate, EHR vendor, 4 device and analyzer vendor paths). Sample: 100%",EV-AC-17,Satisfied,"Workforce, affiliate, and EHR vendor paths enforce MFA and documented restrictions",,
AC-17,AC-17a.[03],implementation guidance is established and documented for each type of remote access allowed;,Examine; Test,Operating effectiveness,"Zero-trust gateway policies; PAM vendor sessions; network path test. Population: 7 remote access paths (workforce, affiliate, EHR vendor, 4 device and analyzer vendor paths). Sample: 100%",EV-AC-17,Satisfied,"Workforce, affiliate, and EHR vendor paths enforce MFA and documented restrictions",,
AC-17,AC-17b.,each type of remote access to the system is authorized prior to allowing such connections.,Examine; Test,Operating effectiveness,"Zero-trust gateway policies; PAM vendor sessions; network path test. Population: 7 remote access paths (workforce, affiliate, EHR vendor, 4 device and analyzer vendor paths). Sample: 100%",EV-AC-17,Other than satisfied,Three device and analyzer vendor tools are always on and not authorized per session,Moderate,POAM-011
AT-2,AT-02a.01[01],"security literacy training is provided to system users (including managers, senior executives, and contractors) as part of initial training for...",Examine; Interview,Operating effectiveness,"Learning system reports; phishing reports. Population: 12,000 employees plus agency staff. Sample: 60 training records (random); 6 months of phishing results",EV-AT-2,Satisfied,Training completed and current for every sampled record,,
AT-2,AT-02a.01[02],"privacy literacy training is provided to system users (including managers, senior executives, and contractors) as part of initial training for new...",Examine; Interview,Operating effectiveness,"Learning system reports; phishing reports. Population: 12,000 employees plus agency staff. Sample: 60 training records (random); 6 months of phishing results",EV-AT-2,Satisfied,Training completed and current for every sampled record,,
AT-2,AT-02a.01[03],"security literacy training is provided to system users (including managers, senior executives, and contractors) [organization-defined value]...",Examine; Interview,Operating effectiveness,"Learning system reports; phishing reports. Population: 12,000 employees plus agency staff. Sample: 60 training records (random); 6 months of phishing results",EV-AT-2,Satisfied,Training completed and current for every sampled record,,
AT-2,AT-02a.01[04],"privacy literacy training is provided to system users (including managers, senior executives, and contractors) [organization-defined value]...",Examine; Interview,Operating effectiveness,"Learning system reports; phishing reports. Population: 12,000 employees plus agency staff. Sample: 60 training records (random); 6 months of phishing results",EV-AT-2,Satisfied,Training completed and current for every sampled record,,
AT-2,AT-02a.02[01],"security literacy training is provided to system users (including managers, senior executives, and contractors) when required by system changes or...",Examine; Interview,Operating effectiveness,"Learning system reports; phishing reports. Population: 12,000 employees plus agency staff. Sample: 60 training records (random); 6 months of phishing results",EV-AT-2,Satisfied,Training completed and current for every sampled record,,
AT-2,AT-02a.02[02],"privacy literacy training is provided to system users (including managers, senior executives, and contractors) when required by system changes or...",Examine; Interview,Operating effectiveness,"Learning system reports; phishing reports. Population: 12,000 employees plus agency staff. Sample: 60 training records (random); 6 months of phishing results",EV-AT-2,Satisfied,Training completed and current for every sampled record,,
AT-2,AT-02b.,[organization-defined value] are employed to increase the security and privacy awareness of system users;,Examine; Interview,Operating effectiveness,"Learning system reports; phishing reports. Population: 12,000 employees plus agency staff. Sample: 60 training records (random); 6 months of phishing results",EV-AT-2,Satisfied,Training completed and current for every sampled record,,
AT-2,AT-02c.[01],literacy training and awareness content is updated [organization-defined value];,Examine; Interview,Operating effectiveness,"Learning system reports; phishing reports. Population: 12,000 employees plus agency staff. Sample: 60 training records (random); 6 months of phishing results",EV-AT-2,Satisfied,Training completed and current for every sampled record,,
AT-2,AT-02c.[02],literacy training and awareness content is updated following [organization-defined value];,Examine; Interview,Operating effectiveness,"Learning system reports; phishing reports. Population: 12,000 employees plus agency staff. Sample: 60 training records (random); 6 months of phishing results",EV-AT-2,Satisfied,Training completed and current for every sampled record,,
AT-2,AT-02d.,lessons learned from internal or external security incidents or breaches are incorporated into literacy training and awareness techniques.,Examine; Interview,Operating effectiveness,"Learning system reports; phishing reports. Population: 12,000 employees plus agency staff. Sample: 60 training records (random); 6 months of phishing results",EV-AT-2,Satisfied,Training completed and current for every sampled record,,
AT-3,AT-03a.01[01],"role-based security training is provided to [organization-defined value] before authorizing access to the system, information, or performing...",Examine; Interview,Operating effectiveness,"Downtime competency records; course content. Population: About 3,900 charge nurses, ED staff, and unit clerks. Sample: 60 training records (stratified by hospital)",EV-AT-3,Satisfied,Role-based EHR training is given before access and with upgrades,,
AT-3,AT-03a.01[02],"role-based privacy training is provided to [organization-defined value] before authorizing access to the system, information, or performing...",Examine; Interview,Operating effectiveness,"Downtime competency records; course content. Population: About 3,900 charge nurses, ED staff, and unit clerks. Sample: 60 training records (stratified by hospital)",EV-AT-3,Satisfied,Role-based EHR training is given before access and with upgrades,,
AT-3,AT-03a.01[03],role-based security training is provided to [organization-defined value] [organization-defined value] thereafter;,Examine; Interview,Operating effectiveness,"Downtime competency records; course content. Population: About 3,900 charge nurses, ED staff, and unit clerks. Sample: 60 training records (stratified by hospital)",EV-AT-3,Other than satisfied,Annual downtime training complete for 71% of required staff (43 of 60 sampled),Moderate,POAM-016
AT-3,AT-03a.01[04],role-based privacy training is provided to [organization-defined value] [organization-defined value] thereafter;,Examine; Interview,Operating effectiveness,"Downtime competency records; course content. Population: About 3,900 charge nurses, ED staff, and unit clerks. Sample: 60 training records (stratified by hospital)",EV-AT-3,Satisfied,Role-based EHR training is given before access and with upgrades,,
AT-3,AT-03a.02[01],role-based security training is provided to personnel with assigned security roles and responsibilities when required by system changes;,Examine; Interview,Operating effectiveness,"Downtime competency records; course content. Population: About 3,900 charge nurses, ED staff, and unit clerks. Sample: 60 training records (stratified by hospital)",EV-AT-3,Satisfied,Role-based EHR training is given before access and with upgrades,,
AT-3,AT-03a.02[02],role-based privacy training is provided to personnel with assigned security roles and responsibilities when required by system changes;,Examine; Interview,Operating effectiveness,"Downtime competency records; course content. Population: About 3,900 charge nurses, ED staff, and unit clerks. Sample: 60 training records (stratified by hospital)",EV-AT-3,Satisfied,Role-based EHR training is given before access and with upgrades,,
AT-3,AT-03b.[01],role-based training content is updated [organization-defined value];,Examine; Interview,Operating effectiveness,"Downtime competency records; course content. Population: About 3,900 charge nurses, ED staff, and unit clerks. Sample: 60 training records (stratified by hospital)",EV-AT-3,Satisfied,Role-based EHR training is given before access and with upgrades,,
AT-3,AT-03b.[02],role-based training content is updated following [organization-defined value];,Examine; Interview,Operating effectiveness,"Downtime competency records; course content. Population: About 3,900 charge nurses, ED staff, and unit clerks. Sample: 60 training records (stratified by hospital)",EV-AT-3,Satisfied,Role-based EHR training is given before access and with upgrades,,
AT-3,AT-03c.,lessons learned from internal or external security incidents or breaches are incorporated into role-based training.,Examine; Interview,Operating effectiveness,"Downtime competency records; course content. Population: About 3,900 charge nurses, ED staff, and unit clerks. Sample: 60 training records (stratified by hospital)",EV-AT-3,Other than satisfied,Lessons from the 2026-01-22 H-06 outage were not added to downtime training,Low,POAM-016
AU-2,AU-02a.,[organization-defined value] that the system is capable of logging are identified in support of the audit logging function;,Examine; Test,Operating effectiveness,EHR audit configuration; SIEM search. Population: n/a (configuration). Sample: 6 event types generated in test,EV-AU-2,Satisfied,Selected event types were generated and received,,
AU-2,AU-02b.,the event logging function is coordinated with other organizational entities requiring audit-related information to guide and inform the selection...,Examine; Test,Operating effectiveness,EHR audit configuration; SIEM search. Population: n/a (configuration). Sample: 6 event types generated in test,EV-AU-2,Satisfied,Selected event types were generated and received,,
AU-2,AU-02c.[01],[organization-defined value] are specified for logging within the system;,Examine; Test,Operating effectiveness,EHR audit configuration; SIEM search. Population: n/a (configuration). Sample: 6 event types generated in test,EV-AU-2,Satisfied,Selected event types were generated and received,,
AU-2,AU-02c.[02],the specified event types are logged within the system [organization-defined value];,Examine; Test,Operating effectiveness,EHR audit configuration; SIEM search. Population: n/a (configuration). Sample: 6 event types generated in test,EV-AU-2,Satisfied,Selected event types were generated and received,,
AU-2,AU-02d.,a rationale is provided for why the event types selected for logging are deemed to be adequate to support after-the-fact investigations of incidents;,Examine; Test,Operating effectiveness,EHR audit configuration; SIEM search. Population: n/a (configuration). Sample: 6 event types generated in test,EV-AU-2,Satisfied,Selected event types were generated and received,,
AU-2,AU-02e.,the event types selected for logging are reviewed and updated [organization-defined value].,Examine; Test,Operating effectiveness,EHR audit configuration; SIEM search. Population: n/a (configuration). Sample: 6 event types generated in test,EV-AU-2,Satisfied,Selected event types were generated and received,,
AU-6,AU-06a.,system audit records are reviewed and analyzed [organization-defined value] for indications of [organization-defined value] and the potential...,Examine; Interview; Test,Operating effectiveness,SOC review records; SIEM source inventory; privacy monitoring reports. Population: 26 weeks of SOC review records; 214 log sources on clinical data paths. Sample: 5 weeks (random); 100% of log sources,EV-AU-6,Other than satisfied,"31 clinical-path log sources (H-08, device gateways, OT) are not reviewed",High,POAM-007
AU-6,AU-06b.,findings are reported to [organization-defined value];,Examine; Interview; Test,Operating effectiveness,SOC review records; SIEM source inventory; privacy monitoring reports. Population: 26 weeks of SOC review records; 214 log sources on clinical data paths. Sample: 5 weeks (random); 100% of log sources,EV-AU-6,Satisfied,Findings were reported to the Privacy Office and SOC case system,,
AU-6,AU-06c.,"the level of audit record review, analysis, and reporting within the system is adjusted when there is a change in risk based on law enforcement...",Examine; Interview; Test,Operating effectiveness,SOC review records; SIEM source inventory; privacy monitoring reports. Population: 26 weeks of SOC review records; 214 log sources on clinical data paths. Sample: 5 weeks (random); 100% of log sources,EV-AU-6,Satisfied,Findings were reported to the Privacy Office and SOC case system,,
AU-9,AU-09a.,"audit information and audit logging tools are protected from unauthorized access, modification, and deletion;",Examine; Test,Operating effectiveness,Archive retention lock settings. Population: n/a (configuration). Sample: Write-once settings inspected; deletion attempt tested with an administrator account,EV-AU-9,Satisfied,Deletion attempt failed; retention lock confirmed,,
AU-9,AU-09b.,"[organization-defined value] are alerted upon detection of unauthorized access, modification, or deletion of audit information.",Examine; Test,Operating effectiveness,Archive retention lock settings. Population: n/a (configuration). Sample: Write-once settings inspected; deletion attempt tested with an administrator account,EV-AU-9,Satisfied,Deletion attempt failed; retention lock confirmed,,
AU-10,AU-10,irrefutable evidence is provided that an individual (or process acting on behalf of an individual) has performed [organization-defined value].,Examine; Test,Operating effectiveness,"EHR signature and amendment audit trail. Population: About 9.4 million signed notes, orders, and verifications in the period. Sample: 25 signed entries (random)",EV-AU-10,Satisfied,Every sampled entry was bound to its author with an addendum trail for changes,,
AU-12,AU-12a.,audit record generation capability for the event types the system is capable of auditing (defined in AU-02_ODP[01]) is provided by...,Examine; Test,Operating effectiveness,Audit configuration export. Population: n/a (configuration). Sample: 6 ECIS servers and 2 integration engine nodes,EV-AU-12,Satisfied,Audit generation enabled on every sampled component,,
AU-12,AU-12b.,[organization-defined value] is/are allowed to select the event types that are to be logged by specific components of the system;,Examine; Test,Operating effectiveness,Audit configuration export. Population: n/a (configuration). Sample: 6 ECIS servers and 2 integration engine nodes,EV-AU-12,Satisfied,Audit generation enabled on every sampled component,,
AU-12,AU-12c.,audit records for the event types defined in AU-02_ODP[02] that include the audit record content defined in AU-03 are generated.,Examine; Test,Operating effectiveness,Audit configuration export. Population: n/a (configuration). Sample: 6 ECIS servers and 2 integration engine nodes,EV-AU-12,Satisfied,Audit generation enabled on every sampled component,,
CA-7,CA-07[01],a system-level continuous monitoring strategy is developed;,Examine; Interview,Operating effectiveness,Continuous monitoring metric packages; executive risk committee minutes. Population: 6 monthly metric packages. Sample: 3 months (random),EV-CA-7,Satisfied,Metrics produced and reviewed as defined,,
CA-7,CA-07[02],system-level continuous monitoring is implemented in accordance with the organization-level continuous monitoring strategy;,Examine; Interview,Operating effectiveness,Continuous monitoring metric packages; executive risk committee minutes. Population: 6 monthly metric packages. Sample: 3 months (random),EV-CA-7,Satisfied,Metrics produced and reviewed as defined,,
CA-7,CA-07a.,system-level continuous monitoring includes establishment of the following system-level metrics to be monitored: [organization-defined value];,Examine; Interview,Operating effectiveness,Continuous monitoring metric packages; executive risk committee minutes. Population: 6 monthly metric packages. Sample: 3 months (random),EV-CA-7,Satisfied,Metrics produced and reviewed as defined,,
CA-7,CA-07b.[01],system-level continuous monitoring includes established [organization-defined value] for monitoring;,Examine; Interview,Operating effectiveness,Continuous monitoring metric packages; executive risk committee minutes. Population: 6 monthly metric packages. Sample: 3 months (random),EV-CA-7,Satisfied,Metrics produced and reviewed as defined,,
CA-7,CA-07b.[02],system-level continuous monitoring includes established [organization-defined value] for assessment of control effectiveness;,Examine; Interview,Operating effectiveness,Continuous monitoring metric packages; executive risk committee minutes. Population: 6 monthly metric packages. Sample: 3 months (random),EV-CA-7,Satisfied,Metrics produced and reviewed as defined,,
CA-7,CA-07c.,system-level continuous monitoring includes ongoing control assessments in accordance with the continuous monitoring strategy;,Examine; Interview,Operating effectiveness,Continuous monitoring metric packages; executive risk committee minutes. Population: 6 monthly metric packages. Sample: 3 months (random),EV-CA-7,Satisfied,Metrics produced and reviewed as defined,,
CA-7,CA-07d.,system-level continuous monitoring includes ongoing monitoring of system and organization-defined metrics in accordance with the continuous...,Examine; Interview,Operating effectiveness,Continuous monitoring metric packages; executive risk committee minutes. Population: 6 monthly metric packages. Sample: 3 months (random),EV-CA-7,Satisfied,Metrics produced and reviewed as defined,,
CA-7,CA-07e.,system-level continuous monitoring includes correlation and analysis of information generated by control assessments and monitoring;,Examine; Interview,Operating effectiveness,Continuous monitoring metric packages; executive risk committee minutes. Population: 6 monthly metric packages. Sample: 3 months (random),EV-CA-7,Satisfied,Metrics produced and reviewed as defined,,
CA-7,CA-07f.,system-level continuous monitoring includes response actions to address the results of the analysis of control assessment and monitoring information;,Examine; Interview,Operating effectiveness,Continuous monitoring metric packages; executive risk committee minutes. Population: 6 monthly metric packages. Sample: 3 months (random),EV-CA-7,Satisfied,Metrics produced and reviewed as defined,,
CA-7,CA-07g.[01],system-level continuous monitoring includes reporting the security status of the system to [organization-defined value] [organization-defined value];,Examine; Interview,Operating effectiveness,Continuous monitoring metric packages; executive risk committee minutes. Population: 6 monthly metric packages. Sample: 3 months (random),EV-CA-7,Satisfied,Metrics produced and reviewed as defined,,
CA-7,CA-07g.[02],system-level continuous monitoring includes reporting the privacy status of the system to [organization-defined value] [organization-defined value].,Examine; Interview,Operating effectiveness,Continuous monitoring metric packages; executive risk committee minutes. Population: 6 monthly metric packages. Sample: 3 months (random),EV-CA-7,Satisfied,Metrics produced and reviewed as defined,,
CM-2,CM-02a.[01],a current baseline configuration of the system is developed and documented;,Examine; Test,Operating effectiveness,Baseline repository; compliance scans. Population: About 60 ECIS servers. Sample: 20 servers (random),EV-CM-2,Satisfied,Sampled servers matched the coded baseline,,
CM-2,CM-02a.[02],a current baseline configuration of the system is maintained under configuration control;,Examine; Test,Operating effectiveness,Baseline repository; compliance scans. Population: About 60 ECIS servers. Sample: 20 servers (random),EV-CM-2,Satisfied,Sampled servers matched the coded baseline,,
CM-2,CM-02b.01,the baseline configuration of the system is reviewed and updated [organization-defined value];,Examine; Test,Operating effectiveness,Baseline repository; compliance scans. Population: About 60 ECIS servers. Sample: 20 servers (random),EV-CM-2,Satisfied,Sampled servers matched the coded baseline,,
CM-2,CM-02b.02,the baseline configuration of the system is reviewed and updated when required due to [organization-defined value];,Examine; Test,Operating effectiveness,Baseline repository; compliance scans. Population: About 60 ECIS servers. Sample: 20 servers (random),EV-CM-2,Satisfied,Sampled servers matched the coded baseline,,
CM-2,CM-02b.03,the baseline configuration of the system is reviewed and updated when system components are installed or upgraded.,Examine; Test,Operating effectiveness,Baseline repository; compliance scans. Population: About 60 ECIS servers. Sample: 20 servers (random),EV-CM-2,Satisfied,Sampled servers matched the coded baseline,,
CM-3,CM-03a.,the types of changes to the system that are configuration-controlled are determined and documented;,Examine; Interview,Operating effectiveness,"Change records; change advisory board minutes. Population: 1,262 ECIS change records (2026-01-01 to 2026-06-30), 184 of them emergency changes. Sample: 40 emergency changes (random); 25 standard changes (random)",EV-CM-3,Satisfied,"Standard changes were reviewed, approved, tested, and recorded",,
CM-3,CM-03b.[01],proposed configuration-controlled changes to the system are reviewed;,Examine; Interview,Operating effectiveness,"Change records; change advisory board minutes. Population: 1,262 ECIS change records (2026-01-01 to 2026-06-30), 184 of them emergency changes. Sample: 40 emergency changes (random); 25 standard changes (random)",EV-CM-3,Satisfied,"Standard changes were reviewed, approved, tested, and recorded",,
CM-3,CM-03b.[02],proposed configuration-controlled changes to the system are approved or disapproved with explicit consideration for security and privacy impact...,Examine; Interview,Operating effectiveness,"Change records; change advisory board minutes. Population: 1,262 ECIS change records (2026-01-01 to 2026-06-30), 184 of them emergency changes. Sample: 40 emergency changes (random); 25 standard changes (random)",EV-CM-3,Other than satisfied,6 of 40 emergency changes had no retrospective approval within 5 business days,Moderate,POAM-012
CM-3,CM-03c.,configuration change decisions associated with the system are documented;,Examine; Interview,Operating effectiveness,"Change records; change advisory board minutes. Population: 1,262 ECIS change records (2026-01-01 to 2026-06-30), 184 of them emergency changes. Sample: 40 emergency changes (random); 25 standard changes (random)",EV-CM-3,Satisfied,"Standard changes were reviewed, approved, tested, and recorded",,
CM-3,CM-03d.,approved configuration-controlled changes to the system are implemented;,Examine; Interview,Operating effectiveness,"Change records; change advisory board minutes. Population: 1,262 ECIS change records (2026-01-01 to 2026-06-30), 184 of them emergency changes. Sample: 40 emergency changes (random); 25 standard changes (random)",EV-CM-3,Satisfied,"Standard changes were reviewed, approved, tested, and recorded",,
CM-3,CM-03e.,records of configuration-controlled changes to the system are retained for [organization-defined value];,Examine; Interview,Operating effectiveness,"Change records; change advisory board minutes. Population: 1,262 ECIS change records (2026-01-01 to 2026-06-30), 184 of them emergency changes. Sample: 40 emergency changes (random); 25 standard changes (random)",EV-CM-3,Satisfied,"Standard changes were reviewed, approved, tested, and recorded",,
CM-3,CM-03f.[01],activities associated with configuration-controlled changes to the system are monitored;,Examine; Interview,Operating effectiveness,"Change records; change advisory board minutes. Population: 1,262 ECIS change records (2026-01-01 to 2026-06-30), 184 of them emergency changes. Sample: 40 emergency changes (random); 25 standard changes (random)",EV-CM-3,Satisfied,"Standard changes were reviewed, approved, tested, and recorded",,
CM-3,CM-03f.[02],activities associated with configuration-controlled changes to the system are reviewed;,Examine; Interview,Operating effectiveness,"Change records; change advisory board minutes. Population: 1,262 ECIS change records (2026-01-01 to 2026-06-30), 184 of them emergency changes. Sample: 40 emergency changes (random); 25 standard changes (random)",EV-CM-3,Other than satisfied,The weekly emergency change review did not occur in 9 of 26 weeks,Moderate,POAM-012
CM-3,CM-03g.[01],configuration change control activities are coordinated and overseen by [organization-defined value];,Examine; Interview,Operating effectiveness,"Change records; change advisory board minutes. Population: 1,262 ECIS change records (2026-01-01 to 2026-06-30), 184 of them emergency changes. Sample: 40 emergency changes (random); 25 standard changes (random)",EV-CM-3,Satisfied,"Standard changes were reviewed, approved, tested, and recorded",,
CM-3,CM-03g.[02],the configuration control element convenes [organization-defined value].,Examine; Interview,Operating effectiveness,"Change records; change advisory board minutes. Population: 1,262 ECIS change records (2026-01-01 to 2026-06-30), 184 of them emergency changes. Sample: 40 emergency changes (random); 25 standard changes (random)",EV-CM-3,Satisfied,"Standard changes were reviewed, approved, tested, and recorded",,
CM-5,CM-05[01],physical access restrictions associated with changes to the system are defined and documented;,Examine; Test,Operating effectiveness,"PAM sessions; migration logs. Population: 1,262 changes. Sample: 10 changes traced to PAM sessions",EV-CM-5,Satisfied,Production migrations were performed only by the change team through PAM,,
CM-5,CM-05[02],physical access restrictions associated with changes to the system are approved;,Examine; Test,Operating effectiveness,"PAM sessions; migration logs. Population: 1,262 changes. Sample: 10 changes traced to PAM sessions",EV-CM-5,Satisfied,Production migrations were performed only by the change team through PAM,,
CM-5,CM-05[03],physical access restrictions associated with changes to the system are enforced;,Examine; Test,Operating effectiveness,"PAM sessions; migration logs. Population: 1,262 changes. Sample: 10 changes traced to PAM sessions",EV-CM-5,Satisfied,Production migrations were performed only by the change team through PAM,,
CM-5,CM-05[04],logical access restrictions associated with changes to the system are defined and documented;,Examine; Test,Operating effectiveness,"PAM sessions; migration logs. Population: 1,262 changes. Sample: 10 changes traced to PAM sessions",EV-CM-5,Satisfied,Production migrations were performed only by the change team through PAM,,
CM-5,CM-05[05],logical access restrictions associated with changes to the system are approved;,Examine; Test,Operating effectiveness,"PAM sessions; migration logs. Population: 1,262 changes. Sample: 10 changes traced to PAM sessions",EV-CM-5,Satisfied,Production migrations were performed only by the change team through PAM,,
CM-5,CM-05[06],logical access restrictions associated with changes to the system are enforced.,Examine; Test,Operating effectiveness,"PAM sessions; migration logs. Population: 1,262 changes. Sample: 10 changes traced to PAM sessions",EV-CM-5,Satisfied,Production migrations were performed only by the change team through PAM,,
CM-6,CM-06a.,configuration settings that reflect the most restrictive mode consistent with operational requirements are established and documented for...,Examine; Test,Operating effectiveness,Configuration compliance reports; gateway configuration review. Population: 16 clinical device integration gateways; 20 ECIS servers. Sample: 100% of gateways; 20 servers (same sample as CM-2),EV-CM-6,Satisfied,Server settings matched the hardened baseline,,
CM-6,CM-06b.,the configuration settings documented in CM-06a are implemented;,Examine; Test,Operating effectiveness,Configuration compliance reports; gateway configuration review. Population: 16 clinical device integration gateways; 20 ECIS servers. Sample: 100% of gateways; 20 servers (same sample as CM-2),EV-CM-6,Satisfied,Server settings matched the hardened baseline,,
CM-6,CM-06c.[01],any deviations from established configuration settings for [organization-defined value] are identified and documented based on...,Examine; Test,Operating effectiveness,Configuration compliance reports; gateway configuration review. Population: 16 clinical device integration gateways; 20 ECIS servers. Sample: 100% of gateways; 20 servers (same sample as CM-2),EV-CM-6,Other than satisfied,"2 of 16 device integration gateways still used vendor default settings, including default passwords",High,POAM-010
CM-6,CM-06c.[02],any deviations from established configuration settings for [organization-defined value] are approved;,Examine; Test,Operating effectiveness,Configuration compliance reports; gateway configuration review. Population: 16 clinical device integration gateways; 20 ECIS servers. Sample: 100% of gateways; 20 servers (same sample as CM-2),EV-CM-6,Other than satisfied,Deviations for unsupported devices feeding the ECIS were not approved for 92 of 140 devices,Moderate,POAM-009
CM-6,CM-06d.[01],changes to the configuration settings are monitored in accordance with organizational policies and procedures;,Examine; Test,Operating effectiveness,Configuration compliance reports; gateway configuration review. Population: 16 clinical device integration gateways; 20 ECIS servers. Sample: 100% of gateways; 20 servers (same sample as CM-2),EV-CM-6,Satisfied,Server settings matched the hardened baseline,,
CM-6,CM-06d.[02],changes to the configuration settings are controlled in accordance with organizational policies and procedures.,Examine; Test,Operating effectiveness,Configuration compliance reports; gateway configuration review. Population: 16 clinical device integration gateways; 20 ECIS servers. Sample: 100% of gateways; 20 servers (same sample as CM-2),EV-CM-6,Satisfied,Server settings matched the hardened baseline,,
CM-8,CM-08a.01,an inventory of system components that accurately reflects the system is developed and documented;,Examine; Test,Operating effectiveness,"CMDB; discovery tool export; floor walk. Population: About 41,000 networked medical devices; about 900 BCA computers. Sample: 60 devices traced from the floor to the inventory (random, 8 hospitals); 100% of BCA computers",EV-CM-8,Satisfied,ECIS servers and BCA computers were fully inventoried,,
CM-8,CM-08a.02,an inventory of system components that includes all components within the system is developed and documented;,Examine; Test,Operating effectiveness,"CMDB; discovery tool export; floor walk. Population: About 41,000 networked medical devices; about 900 BCA computers. Sample: 60 devices traced from the floor to the inventory (random, 8 hospitals); 100% of BCA computers",EV-CM-8,Other than satisfied,7 of 60 devices traced from the floor were not in the inventory,Moderate,POAM-008
CM-8,CM-08a.03,an inventory of system components that does not include duplicate accounting of components or components assigned to any other system is developed...,Examine; Test,Operating effectiveness,"CMDB; discovery tool export; floor walk. Population: About 41,000 networked medical devices; about 900 BCA computers. Sample: 60 devices traced from the floor to the inventory (random, 8 hospitals); 100% of BCA computers",EV-CM-8,Satisfied,ECIS servers and BCA computers were fully inventoried,,
CM-8,CM-08a.04,an inventory of system components that is at the level of granularity deemed necessary for tracking and reporting is developed and documented;,Examine; Test,Operating effectiveness,"CMDB; discovery tool export; floor walk. Population: About 41,000 networked medical devices; about 900 BCA computers. Sample: 60 devices traced from the floor to the inventory (random, 8 hospitals); 100% of BCA computers",EV-CM-8,Satisfied,ECIS servers and BCA computers were fully inventoried,,
CM-8,CM-08a.05,an inventory of system components that includes [organization-defined value] is developed and documented;,Examine; Test,Operating effectiveness,"CMDB; discovery tool export; floor walk. Population: About 41,000 networked medical devices; about 900 BCA computers. Sample: 60 devices traced from the floor to the inventory (random, 8 hospitals); 100% of BCA computers",EV-CM-8,Satisfied,ECIS servers and BCA computers were fully inventoried,,
CM-8,CM-08b.,the system component inventory is reviewed and updated [organization-defined value].,Examine; Test,Operating effectiveness,"CMDB; discovery tool export; floor walk. Population: About 41,000 networked medical devices; about 900 BCA computers. Sample: 60 devices traced from the floor to the inventory (random, 8 hospitals); 100% of BCA computers",EV-CM-8,Satisfied,ECIS servers and BCA computers were fully inventoried,,
CP-2,CP-02a.01,a contingency plan for the system is developed that identifies essential mission and business functions and associated contingency requirements;,Examine; Interview,Operating effectiveness,Contingency plan; BIA; unified emergency plan. Population: n/a (plan). Sample: ECIS contingency plan v6 examined; 5 interviews,EV-CP-2,Satisfied,"Plan identifies functions, objectives, roles, and contacts",,
CP-2,CP-02a.02[01],a contingency plan for the system is developed that provides recovery objectives;,Examine; Interview,Operating effectiveness,Contingency plan; BIA; unified emergency plan. Population: n/a (plan). Sample: ECIS contingency plan v6 examined; 5 interviews,EV-CP-2,Satisfied,"Plan identifies functions, objectives, roles, and contacts",,
CP-2,CP-02a.02[02],a contingency plan for the system is developed that provides restoration priorities;,Examine; Interview,Operating effectiveness,Contingency plan; BIA; unified emergency plan. Population: n/a (plan). Sample: ECIS contingency plan v6 examined; 5 interviews,EV-CP-2,Satisfied,"Plan identifies functions, objectives, roles, and contacts",,
CP-2,CP-02a.02[03],a contingency plan for the system is developed that provides metrics;,Examine; Interview,Operating effectiveness,Contingency plan; BIA; unified emergency plan. Population: n/a (plan). Sample: ECIS contingency plan v6 examined; 5 interviews,EV-CP-2,Satisfied,"Plan identifies functions, objectives, roles, and contacts",,
CP-2,CP-02a.03[01],a contingency plan for the system is developed that addresses contingency roles;,Examine; Interview,Operating effectiveness,Contingency plan; BIA; unified emergency plan. Population: n/a (plan). Sample: ECIS contingency plan v6 examined; 5 interviews,EV-CP-2,Satisfied,"Plan identifies functions, objectives, roles, and contacts",,
CP-2,CP-02a.03[02],a contingency plan for the system is developed that addresses contingency responsibilities;,Examine; Interview,Operating effectiveness,Contingency plan; BIA; unified emergency plan. Population: n/a (plan). Sample: ECIS contingency plan v6 examined; 5 interviews,EV-CP-2,Satisfied,"Plan identifies functions, objectives, roles, and contacts",,
CP-2,CP-02a.03[03],a contingency plan for the system is developed that addresses assigned individuals with contact information;,Examine; Interview,Operating effectiveness,Contingency plan; BIA; unified emergency plan. Population: n/a (plan). Sample: ECIS contingency plan v6 examined; 5 interviews,EV-CP-2,Satisfied,"Plan identifies functions, objectives, roles, and contacts",,
CP-2,CP-02a.04,"a contingency plan for the system is developed that addresses maintaining essential mission and business functions despite a system disruption,...",Examine; Interview,Operating effectiveness,Contingency plan; BIA; unified emergency plan. Population: n/a (plan). Sample: ECIS contingency plan v6 examined; 5 interviews,EV-CP-2,Other than satisfied,"The plan does not say how hospitals keep emergency services running when several are in downtime at once, or how diversion decisions are made",High,POAM-004
CP-2,CP-02a.05,"a contingency plan for the system is developed that addresses eventual, full-system restoration without deterioration of the controls originally...",Examine; Interview,Operating effectiveness,Contingency plan; BIA; unified emergency plan. Population: n/a (plan). Sample: ECIS contingency plan v6 examined; 5 interviews,EV-CP-2,Other than satisfied,The plan has no tested path to rebuild the ECIS in a clean environment if both data centers are compromised,High,POAM-003
CP-2,CP-02a.06,a contingency plan for the system is developed that addresses the sharing of contingency information;,Examine; Interview,Operating effectiveness,Contingency plan; BIA; unified emergency plan. Population: n/a (plan). Sample: ECIS contingency plan v6 examined; 5 interviews,EV-CP-2,Satisfied,"Plan identifies functions, objectives, roles, and contacts",,
CP-2,CP-02a.07[01],a contingency plan for the system is developed that is reviewed by [organization-defined value];,Examine; Interview,Operating effectiveness,Contingency plan; BIA; unified emergency plan. Population: n/a (plan). Sample: ECIS contingency plan v6 examined; 5 interviews,EV-CP-2,Satisfied,"Plan identifies functions, objectives, roles, and contacts",,
CP-2,CP-02a.07[02],a contingency plan for the system is developed that is approved by [organization-defined value];,Examine; Interview,Operating effectiveness,Contingency plan; BIA; unified emergency plan. Population: n/a (plan). Sample: ECIS contingency plan v6 examined; 5 interviews,EV-CP-2,Satisfied,"Plan identifies functions, objectives, roles, and contacts",,
CP-2,CP-02b.[01],copies of the contingency plan are distributed to [organization-defined value];,Examine; Interview,Operating effectiveness,Contingency plan; BIA; unified emergency plan. Population: n/a (plan). Sample: ECIS contingency plan v6 examined; 5 interviews,EV-CP-2,Satisfied,"Plan identifies functions, objectives, roles, and contacts",,
CP-2,CP-02b.[02],copies of the contingency plan are distributed to [organization-defined value];,Examine; Interview,Operating effectiveness,Contingency plan; BIA; unified emergency plan. Population: n/a (plan). Sample: ECIS contingency plan v6 examined; 5 interviews,EV-CP-2,Satisfied,"Plan identifies functions, objectives, roles, and contacts",,
CP-2,CP-02c.,contingency planning activities are coordinated with incident handling activities;,Examine; Interview,Operating effectiveness,Contingency plan; BIA; unified emergency plan. Population: n/a (plan). Sample: ECIS contingency plan v6 examined; 5 interviews,EV-CP-2,Satisfied,"Plan identifies functions, objectives, roles, and contacts",,
CP-2,CP-02d.,the contingency plan for the system is reviewed [organization-defined value];,Examine; Interview,Operating effectiveness,Contingency plan; BIA; unified emergency plan. Population: n/a (plan). Sample: ECIS contingency plan v6 examined; 5 interviews,EV-CP-2,Satisfied,"Plan identifies functions, objectives, roles, and contacts",,
CP-2,CP-02e.[01],"the contingency plan is updated to address changes to the organization, system, or environment of operation;",Examine; Interview,Operating effectiveness,Contingency plan; BIA; unified emergency plan. Population: n/a (plan). Sample: ECIS contingency plan v6 examined; 5 interviews,EV-CP-2,Satisfied,"Plan identifies functions, objectives, roles, and contacts",,
CP-2,CP-02e.[02],"the contingency plan is updated to address problems encountered during contingency plan implementation, execution, or testing;",Examine; Interview,Operating effectiveness,Contingency plan; BIA; unified emergency plan. Population: n/a (plan). Sample: ECIS contingency plan v6 examined; 5 interviews,EV-CP-2,Other than satisfied,Problems from the 2026-01-22 H-06 outage were not added to the plan,Low,POAM-004
CP-2,CP-02f.[01],contingency plan changes are communicated to [organization-defined value];,Examine; Interview,Operating effectiveness,Contingency plan; BIA; unified emergency plan. Population: n/a (plan). Sample: ECIS contingency plan v6 examined; 5 interviews,EV-CP-2,Satisfied,"Plan identifies functions, objectives, roles, and contacts",,
CP-2,CP-02f.[02],contingency plan changes are communicated to [organization-defined value];,Examine; Interview,Operating effectiveness,Contingency plan; BIA; unified emergency plan. Population: n/a (plan). Sample: ECIS contingency plan v6 examined; 5 interviews,EV-CP-2,Satisfied,"Plan identifies functions, objectives, roles, and contacts",,
CP-2,CP-02g.[01],lessons learned from contingency plan testing or actual contingency activities are incorporated into contingency testing;,Examine; Interview,Operating effectiveness,Contingency plan; BIA; unified emergency plan. Population: n/a (plan). Sample: ECIS contingency plan v6 examined; 5 interviews,EV-CP-2,Satisfied,"Plan identifies functions, objectives, roles, and contacts",,
CP-2,CP-02g.[02],lessons learned from contingency plan training or actual contingency activities are incorporated into contingency testing and training;,Examine; Interview,Operating effectiveness,Contingency plan; BIA; unified emergency plan. Population: n/a (plan). Sample: ECIS contingency plan v6 examined; 5 interviews,EV-CP-2,Satisfied,"Plan identifies functions, objectives, roles, and contacts",,
CP-2,CP-02h.[01],the contingency plan is protected from unauthorized disclosure;,Examine; Interview,Operating effectiveness,Contingency plan; BIA; unified emergency plan. Population: n/a (plan). Sample: ECIS contingency plan v6 examined; 5 interviews,EV-CP-2,Satisfied,"Plan identifies functions, objectives, roles, and contacts",,
CP-2,CP-02h.[02],the contingency plan is protected from unauthorized modification.,Examine; Interview,Operating effectiveness,Contingency plan; BIA; unified emergency plan. Population: n/a (plan). Sample: ECIS contingency plan v6 examined; 5 interviews,EV-CP-2,Satisfied,"Plan identifies functions, objectives, roles, and contacts",,
CP-4,CP-04a.[01],the contingency plan for the system is tested [organization-defined value];,Examine; Interview,Operating effectiveness,Test plans and reports. Population: 2 tests in the period (failover 2026-03-21; restore 2026-04-18). Sample: 100%,EV-CP-4,Satisfied,Tests were held and results reviewed,,
CP-4,CP-04a.[02],[organization-defined value] are used to determine the effectiveness of the plan;,Examine; Interview,Operating effectiveness,Test plans and reports. Population: 2 tests in the period (failover 2026-03-21; restore 2026-04-18). Sample: 100%,EV-CP-4,Satisfied,Tests were held and results reviewed,,
CP-4,CP-04a.[03],[organization-defined value] are used to determine the readiness to execute the plan;,Examine; Interview,Operating effectiveness,Test plans and reports. Population: 2 tests in the period (failover 2026-03-21; restore 2026-04-18). Sample: 100%,EV-CP-4,Other than satisfied,No test measured readiness for downtime at more than one hospital,Moderate,POAM-004
CP-4,CP-04b.,the contingency plan test results are reviewed;,Examine; Interview,Operating effectiveness,Test plans and reports. Population: 2 tests in the period (failover 2026-03-21; restore 2026-04-18). Sample: 100%,EV-CP-4,Satisfied,Tests were held and results reviewed,,
CP-4,CP-04c.,"corrective actions are initiated, if needed.",Examine; Interview,Operating effectiveness,Test plans and reports. Population: 2 tests in the period (failover 2026-03-21; restore 2026-04-18). Sample: 100%,EV-CP-4,Satisfied,Tests were held and results reviewed,,
CP-9,CP-09a.,backups of user-level information contained in [organization-defined value] are conducted [organization-defined value];,Examine; Test,Operating effectiveness,Backup job reports; vault settings. Population: 182 daily backup jobs. Sample: 25 jobs (random); 1 restore observed,EV-CP-9,Satisfied,Sampled jobs completed and the observed restore succeeded,,
CP-9,CP-09b.,backups of system-level information contained in the system are conducted [organization-defined value];,Examine; Test,Operating effectiveness,Backup job reports; vault settings. Population: 182 daily backup jobs. Sample: 25 jobs (random); 1 restore observed,EV-CP-9,Satisfied,Sampled jobs completed and the observed restore succeeded,,
CP-9,CP-09c.,"backups of system documentation, including security- and privacy-related documentation are conducted [organization-defined value];",Examine; Test,Operating effectiveness,Backup job reports; vault settings. Population: 182 daily backup jobs. Sample: 25 jobs (random); 1 restore observed,EV-CP-9,Satisfied,Sampled jobs completed and the observed restore succeeded,,
CP-9,CP-09d.[01],the confidentiality of backup information is protected;,Examine; Test,Operating effectiveness,Backup job reports; vault settings. Population: 182 daily backup jobs. Sample: 25 jobs (random); 1 restore observed,EV-CP-9,Satisfied,Sampled jobs completed and the observed restore succeeded,,
CP-9,CP-09d.[02],the integrity of backup information is protected;,Examine; Test,Operating effectiveness,Backup job reports; vault settings. Population: 182 daily backup jobs. Sample: 25 jobs (random); 1 restore observed,EV-CP-9,Satisfied,Sampled jobs completed and the observed restore succeeded,,
CP-9,CP-09d.[03],the availability of backup information is protected.,Examine; Test,Operating effectiveness,Backup job reports; vault settings. Population: 182 daily backup jobs. Sample: 25 jobs (random); 1 restore observed,EV-CP-9,Satisfied,Sampled jobs completed and the observed restore succeeded,,
CP-10,CP-10[01],"the recovery of the system to a known state is provided within [organization-defined value] after a disruption, compromise, or failure;",Examine; Interview,Operating effectiveness,Restore test report; recovery runbooks. Population: 2 recovery tests. Sample: 100%,EV-CP-10,Satisfied,Failover recovery met the 4-hour RTO,,
CP-10,CP-10[02],"a reconstitution of the system to a known state is provided within [organization-defined value] after a disruption, compromise, or failure.",Examine; Interview,Operating effectiveness,Restore test report; recovery runbooks. Population: 2 recovery tests. Sample: 100%,EV-CP-10,Other than satisfied,Full restore from the immutable vault took 41 hours against the 24-hour cyber recovery target,High,POAM-003
IA-2,IA-02[01],organizational users are uniquely identified and authenticated;,Examine; Test,Operating effectiveness,"SSO logs. Population: About 19,000 workforce users. Sample: 25 sign-ins (random)",EV-IA-2,Satisfied,Every sampled sign-in was to a unique identity,,
IA-2,IA-02[02],the unique identification of authenticated organizational users is associated with processes acting on behalf of those users.,Examine; Test,Operating effectiveness,"SSO logs. Population: About 19,000 workforce users. Sample: 25 sign-ins (random)",EV-IA-2,Satisfied,Every sampled sign-in was to a unique identity,,
IA-2(1),IA-02(01),multi-factor authentication is implemented for access to privileged accounts.,Examine; Test,Operating effectiveness,PAM authentication policy. Population: 22 privileged ECIS accounts. Sample: 100%,EV-IA-2(1),Satisfied,Phishing-resistant MFA enforced for every privileged account,,
IA-5,IA-05a.,"system authenticators are managed through the verification of the identity of the individual, group, role, service, or device receiving the...",Examine; Test,Operating effectiveness,"Vault coverage report; credential test on gateways. Population: About 1,150 service accounts; 16 device integration gateways. Sample: 100% (vault analytic); 100% of gateways (tested with vendor approval, after hours)",EV-IA-5,Satisfied,Workforce authenticator management followed STD-02.2,,
IA-5,IA-05b.,system authenticators are managed through the establishment of initial authenticator content for any authenticators issued by the organization;,Examine; Test,Operating effectiveness,"Vault coverage report; credential test on gateways. Population: About 1,150 service accounts; 16 device integration gateways. Sample: 100% (vault analytic); 100% of gateways (tested with vendor approval, after hours)",EV-IA-5,Satisfied,Workforce authenticator management followed STD-02.2,,
IA-5,IA-05c.,system authenticators are managed to ensure that authenticators have sufficient strength of mechanism for their intended use;,Examine; Test,Operating effectiveness,"Vault coverage report; credential test on gateways. Population: About 1,150 service accounts; 16 device integration gateways. Sample: 100% (vault analytic); 100% of gateways (tested with vendor approval, after hours)",EV-IA-5,Satisfied,Workforce authenticator management followed STD-02.2,,
IA-5,IA-05d.,system authenticators are managed through the establishment and implementation of administrative procedures for initial authenticator...,Examine; Test,Operating effectiveness,"Vault coverage report; credential test on gateways. Population: About 1,150 service accounts; 16 device integration gateways. Sample: 100% (vault analytic); 100% of gateways (tested with vendor approval, after hours)",EV-IA-5,Satisfied,Workforce authenticator management followed STD-02.2,,
IA-5,IA-05e.,system authenticators are managed through the change of default authenticators prior to first use;,Examine; Test,Operating effectiveness,"Vault coverage report; credential test on gateways. Population: About 1,150 service accounts; 16 device integration gateways. Sample: 100% (vault analytic); 100% of gateways (tested with vendor approval, after hours)",EV-IA-5,Other than satisfied,Default vendor passwords found on 2 of 16 device integration gateways (new finding),High,POAM-010
IA-5,IA-05f.,system authenticators are managed through the change or refreshment of authenticators [organization-defined value] or when [organization-defined...,Examine; Test,Operating effectiveness,"Vault coverage report; credential test on gateways. Population: About 1,150 service accounts; 16 device integration gateways. Sample: 100% (vault analytic); 100% of gateways (tested with vendor approval, after hours)",EV-IA-5,Other than satisfied,31 integration engine service passwords not changed in more than 2 years,Moderate,POAM-001
IA-5,IA-05g.,system authenticators are managed through the protection of authenticator content from unauthorized disclosure and modification;,Examine; Test,Operating effectiveness,"Vault coverage report; credential test on gateways. Population: About 1,150 service accounts; 16 device integration gateways. Sample: 100% (vault analytic); 100% of gateways (tested with vendor approval, after hours)",EV-IA-5,Satisfied,Workforce authenticator management followed STD-02.2,,
IA-5,IA-05h.[01],system authenticators are managed through the requirement for individuals to take specific controls to protect authenticators;,Examine; Test,Operating effectiveness,"Vault coverage report; credential test on gateways. Population: About 1,150 service accounts; 16 device integration gateways. Sample: 100% (vault analytic); 100% of gateways (tested with vendor approval, after hours)",EV-IA-5,Satisfied,Workforce authenticator management followed STD-02.2,,
IA-5,IA-05h.[02],system authenticators are managed through the requirement for devices to implement specific controls to protect authenticators;,Examine; Test,Operating effectiveness,"Vault coverage report; credential test on gateways. Population: About 1,150 service accounts; 16 device integration gateways. Sample: 100% (vault analytic); 100% of gateways (tested with vendor approval, after hours)",EV-IA-5,Satisfied,Workforce authenticator management followed STD-02.2,,
IA-5,IA-05i.,system authenticators are managed through the change of authenticators for group or role accounts when membership to those accounts changes.,Examine; Test,Operating effectiveness,"Vault coverage report; credential test on gateways. Population: About 1,150 service accounts; 16 device integration gateways. Sample: 100% (vault analytic); 100% of gateways (tested with vendor approval, after hours)",EV-IA-5,Satisfied,Workforce authenticator management followed STD-02.2,,
IA-8,IA-08,non-organizational users or processes acting on behalf of non-organizational users are uniquely identified and authenticated.,Examine; Test,Operating effectiveness,"Affiliate account export; sign-in logs. Population: 1,450 affiliate accounts. Sample: 100% (data analytic)",EV-IA-8,Other than satisfied,9 affiliate practices share logins among staff,Moderate,POAM-015
IR-4,IR-04a.[01],an incident handling capability for incidents is implemented that is consistent with the incident response plan;,Examine; Interview,Operating effectiveness,Case records. Population: 388 security incidents. Sample: 25 incidents (random),EV-IR-4,Satisfied,Sampled incidents were handled within the standard,,
IR-4,IR-04a.[02],the incident handling capability for incidents includes preparation;,Examine; Interview,Operating effectiveness,Case records. Population: 388 security incidents. Sample: 25 incidents (random),EV-IR-4,Satisfied,Sampled incidents were handled within the standard,,
IR-4,IR-04a.[03],the incident handling capability for incidents includes detection and analysis;,Examine; Interview,Operating effectiveness,Case records. Population: 388 security incidents. Sample: 25 incidents (random),EV-IR-4,Satisfied,Sampled incidents were handled within the standard,,
IR-4,IR-04a.[04],the incident handling capability for incidents includes containment;,Examine; Interview,Operating effectiveness,Case records. Population: 388 security incidents. Sample: 25 incidents (random),EV-IR-4,Satisfied,Sampled incidents were handled within the standard,,
IR-4,IR-04a.[05],the incident handling capability for incidents includes eradication;,Examine; Interview,Operating effectiveness,Case records. Population: 388 security incidents. Sample: 25 incidents (random),EV-IR-4,Satisfied,Sampled incidents were handled within the standard,,
IR-4,IR-04a.[06],the incident handling capability for incidents includes recovery;,Examine; Interview,Operating effectiveness,Case records. Population: 388 security incidents. Sample: 25 incidents (random),EV-IR-4,Satisfied,Sampled incidents were handled within the standard,,
IR-4,IR-04b.,incident handling activities are coordinated with contingency planning activities;,Examine; Interview,Operating effectiveness,Case records. Population: 388 security incidents. Sample: 25 incidents (random),EV-IR-4,Satisfied,Sampled incidents were handled within the standard,,
IR-4,IR-04c.[01],"lessons learned from ongoing incident handling activities are incorporated into incident response procedures, training, and testing;",Examine; Interview,Operating effectiveness,Case records. Population: 388 security incidents. Sample: 25 incidents (random),EV-IR-4,Satisfied,Sampled incidents were handled within the standard,,
IR-4,IR-04c.[02],the changes resulting from the incorporated lessons learned are implemented accordingly;,Examine; Interview,Operating effectiveness,Case records. Population: 388 security incidents. Sample: 25 incidents (random),EV-IR-4,Satisfied,Sampled incidents were handled within the standard,,
IR-4,IR-04d.[01],the rigor of incident handling activities is comparable and predictable across the organization;,Examine; Interview,Operating effectiveness,Case records. Population: 388 security incidents. Sample: 25 incidents (random),EV-IR-4,Satisfied,Sampled incidents were handled within the standard,,
IR-4,IR-04d.[02],the intensity of incident handling activities is comparable and predictable across the organization;,Examine; Interview,Operating effectiveness,Case records. Population: 388 security incidents. Sample: 25 incidents (random),EV-IR-4,Satisfied,Sampled incidents were handled within the standard,,
IR-4,IR-04d.[03],the scope of incident handling activities is comparable and predictable across the organization;,Examine; Interview,Operating effectiveness,Case records. Population: 388 security incidents. Sample: 25 incidents (random),EV-IR-4,Satisfied,Sampled incidents were handled within the standard,,
IR-4,IR-04d.[04],the results of incident handling activities are comparable and predictable across the organization.,Examine; Interview,Operating effectiveness,Case records. Population: 388 security incidents. Sample: 25 incidents (random),EV-IR-4,Satisfied,Sampled incidents were handled within the standard,,
IR-6,IR-06a.,personnel is/are required to report suspected incidents to the organizational incident response capability within [organization-defined value];,Examine; Interview,Operating effectiveness,Case records; interviews. Population: 388 incidents; 20 staff interviews. Sample: 25 incidents; 20 staff,EV-IR-6,Satisfied,Staff knew how to report; incidents were reported in time,,
IR-6,IR-06b.,incident information is reported to [organization-defined value].,Examine; Interview,Operating effectiveness,Case records; interviews. Population: 388 incidents; 20 staff interviews. Sample: 25 incidents; 20 staff,EV-IR-6,Satisfied,Staff knew how to report; incidents were reported in time,,
IR-8,IR-08a.01,an incident response plan is developed that provides the organization with a roadmap for implementing its incident response capability;,Examine; Interview,Operating effectiveness,"Incident response plan v5; materiality playbook; disclosure committee charter. Population: n/a (plan). Sample: Plan examined; interviews with the General Counsel, CFO, COO, CISO",EV-IR-8,Satisfied,"Plan structure, roles, and reporting are defined",,
IR-8,IR-08a.02,an incident response plan is developed that describes the structure and organization of the incident response capability;,Examine; Interview,Operating effectiveness,"Incident response plan v5; materiality playbook; disclosure committee charter. Population: n/a (plan). Sample: Plan examined; interviews with the General Counsel, CFO, COO, CISO",EV-IR-8,Satisfied,"Plan structure, roles, and reporting are defined",,
IR-8,IR-08a.03,an incident response plan is developed that provides a high-level approach for how the incident response capability fits into the overall...,Examine; Interview,Operating effectiveness,"Incident response plan v5; materiality playbook; disclosure committee charter. Population: n/a (plan). Sample: Plan examined; interviews with the General Counsel, CFO, COO, CISO",EV-IR-8,Satisfied,"Plan structure, roles, and reporting are defined",,
IR-8,IR-08a.04,"an incident response plan is developed that meets the unique requirements of the organization with regard to mission, size, structure, and functions;",Examine; Interview,Operating effectiveness,"Incident response plan v5; materiality playbook; disclosure committee charter. Population: n/a (plan). Sample: Plan examined; interviews with the General Counsel, CFO, COO, CISO",EV-IR-8,Other than satisfied,"Materiality thresholds were not updated for H-08, and the plan takes no inputs from hospital incident command (diversion, downtime length)",High,POAM-005
IR-8,IR-08a.05,an incident response plan is developed that defines reportable incidents;,Examine; Interview,Operating effectiveness,"Incident response plan v5; materiality playbook; disclosure committee charter. Population: n/a (plan). Sample: Plan examined; interviews with the General Counsel, CFO, COO, CISO",EV-IR-8,Satisfied,"Plan structure, roles, and reporting are defined",,
IR-8,IR-08a.06,an incident response plan is developed that provides metrics for measuring the incident response capability within the organization;,Examine; Interview,Operating effectiveness,"Incident response plan v5; materiality playbook; disclosure committee charter. Population: n/a (plan). Sample: Plan examined; interviews with the General Counsel, CFO, COO, CISO",EV-IR-8,Satisfied,"Plan structure, roles, and reporting are defined",,
IR-8,IR-08a.07,an incident response plan is developed that defines the resources and management support needed to effectively maintain and mature an incident...,Examine; Interview,Operating effectiveness,"Incident response plan v5; materiality playbook; disclosure committee charter. Population: n/a (plan). Sample: Plan examined; interviews with the General Counsel, CFO, COO, CISO",EV-IR-8,Satisfied,"Plan structure, roles, and reporting are defined",,
IR-8,IR-08a.08,an incident response plan is developed that addresses the sharing of incident information;,Examine; Interview,Operating effectiveness,"Incident response plan v5; materiality playbook; disclosure committee charter. Population: n/a (plan). Sample: Plan examined; interviews with the General Counsel, CFO, COO, CISO",EV-IR-8,Satisfied,"Plan structure, roles, and reporting are defined",,
IR-8,IR-08a.09,an incident response plan is developed that is reviewed and approved by [organization-defined value] [organization-defined value];,Examine; Interview,Operating effectiveness,"Incident response plan v5; materiality playbook; disclosure committee charter. Population: n/a (plan). Sample: Plan examined; interviews with the General Counsel, CFO, COO, CISO",EV-IR-8,Satisfied,"Plan structure, roles, and reporting are defined",,
IR-8,IR-08a.10,an incident response plan is developed that explicitly designates responsibility for incident response to [organization-defined value].,Examine; Interview,Operating effectiveness,"Incident response plan v5; materiality playbook; disclosure committee charter. Population: n/a (plan). Sample: Plan examined; interviews with the General Counsel, CFO, COO, CISO",EV-IR-8,Satisfied,"Plan structure, roles, and reporting are defined",,
IR-8,IR-08b.[01],copies of the incident response plan are distributed to [organization-defined value];,Examine; Interview,Operating effectiveness,"Incident response plan v5; materiality playbook; disclosure committee charter. Population: n/a (plan). Sample: Plan examined; interviews with the General Counsel, CFO, COO, CISO",EV-IR-8,Satisfied,"Plan structure, roles, and reporting are defined",,
IR-8,IR-08b.[02],copies of the incident response plan are distributed to [organization-defined value];,Examine; Interview,Operating effectiveness,"Incident response plan v5; materiality playbook; disclosure committee charter. Population: n/a (plan). Sample: Plan examined; interviews with the General Counsel, CFO, COO, CISO",EV-IR-8,Satisfied,"Plan structure, roles, and reporting are defined",,
IR-8,IR-08c.,"the incident response plan is updated to address system and organizational changes or problems encountered during plan implementation, execution,...",Examine; Interview,Operating effectiveness,"Incident response plan v5; materiality playbook; disclosure committee charter. Population: n/a (plan). Sample: Plan examined; interviews with the General Counsel, CFO, COO, CISO",EV-IR-8,Other than satisfied,Plan not updated for the H-08 acquisition or the 2026 disclosure committee change,Moderate,POAM-005
IR-8,IR-08d.[01],incident response plan changes are communicated to [organization-defined value];,Examine; Interview,Operating effectiveness,"Incident response plan v5; materiality playbook; disclosure committee charter. Population: n/a (plan). Sample: Plan examined; interviews with the General Counsel, CFO, COO, CISO",EV-IR-8,Satisfied,"Plan structure, roles, and reporting are defined",,
IR-8,IR-08d.[02],incident response plan changes are communicated to [organization-defined value];,Examine; Interview,Operating effectiveness,"Incident response plan v5; materiality playbook; disclosure committee charter. Population: n/a (plan). Sample: Plan examined; interviews with the General Counsel, CFO, COO, CISO",EV-IR-8,Satisfied,"Plan structure, roles, and reporting are defined",,
IR-8,IR-08e.[01],the incident response plan is protected from unauthorized disclosure;,Examine; Interview,Operating effectiveness,"Incident response plan v5; materiality playbook; disclosure committee charter. Population: n/a (plan). Sample: Plan examined; interviews with the General Counsel, CFO, COO, CISO",EV-IR-8,Satisfied,"Plan structure, roles, and reporting are defined",,
IR-8,IR-08e.[02],the incident response plan is protected from unauthorized modification.,Examine; Interview,Operating effectiveness,"Incident response plan v5; materiality playbook; disclosure committee charter. Population: n/a (plan). Sample: Plan examined; interviews with the General Counsel, CFO, COO, CISO",EV-IR-8,Satisfied,"Plan structure, roles, and reporting are defined",,
MA-4,MA-04a.[01],nonlocal maintenance and diagnostic activities are approved;,Examine; Test,Operating effectiveness,Vendor access records; network path test. Population: 4 vendor remote maintenance paths for devices and analyzers. Sample: 100%,EV-MA-4,Other than satisfied,Sessions on 3 vendor platforms are not approved per session,Moderate,POAM-011
MA-4,MA-04a.[02],nonlocal maintenance and diagnostic activities are monitored;,Examine; Test,Operating effectiveness,Vendor access records; network path test. Population: 4 vendor remote maintenance paths for devices and analyzers. Sample: 100%,EV-MA-4,Satisfied,"Sessions through PAM were approved, recorded, and closed",,
MA-4,MA-04b.[01],the use of nonlocal maintenance and diagnostic tools are allowed only as consistent with organizational policy;,Examine; Test,Operating effectiveness,Vendor access records; network path test. Population: 4 vendor remote maintenance paths for devices and analyzers. Sample: 100%,EV-MA-4,Satisfied,"Sessions through PAM were approved, recorded, and closed",,
MA-4,MA-04b.[02],the use of nonlocal maintenance and diagnostic tools are documented in the security plan for the system;,Examine; Test,Operating effectiveness,Vendor access records; network path test. Population: 4 vendor remote maintenance paths for devices and analyzers. Sample: 100%,EV-MA-4,Satisfied,"Sessions through PAM were approved, recorded, and closed",,
MA-4,MA-04c.,strong authentication is employed in the establishment of nonlocal maintenance and diagnostic sessions;,Examine; Test,Operating effectiveness,Vendor access records; network path test. Population: 4 vendor remote maintenance paths for devices and analyzers. Sample: 100%,EV-MA-4,Satisfied,"Sessions through PAM were approved, recorded, and closed",,
MA-4,MA-04d.,records for nonlocal maintenance and diagnostic activities are maintained;,Examine; Test,Operating effectiveness,Vendor access records; network path test. Population: 4 vendor remote maintenance paths for devices and analyzers. Sample: 100%,EV-MA-4,Satisfied,"Sessions through PAM were approved, recorded, and closed",,
MA-4,MA-04e.[01],session connections are terminated when nonlocal maintenance is completed;,Examine; Test,Operating effectiveness,Vendor access records; network path test. Population: 4 vendor remote maintenance paths for devices and analyzers. Sample: 100%,EV-MA-4,Other than satisfied,Vendor tool sessions on 3 platforms stay connected after maintenance,Moderate,POAM-011
MA-4,MA-04e.[02],network connections are terminated when nonlocal maintenance is completed.,Examine; Test,Operating effectiveness,Vendor access records; network path test. Population: 4 vendor remote maintenance paths for devices and analyzers. Sample: 100%,EV-MA-4,Satisfied,"Sessions through PAM were approved, recorded, and closed",,
PS-4,PS-04a.,"upon termination of individual employment, system access is disabled within [organization-defined value];",Examine; Test,Operating effectiveness,"Termination and staffing records; account disablement times. Population: 2,960 departures. Sample: 60 (same sample as AC-2)",EV-PS-4,Other than satisfied,4 of 30 sampled agency and contracted departures were disabled late,High,POAM-002
PS-4,PS-04b.,"upon termination of individual employment, any authenticators and credentials are terminated or revoked;",Examine; Test,Operating effectiveness,"Termination and staffing records; account disablement times. Population: 2,960 departures. Sample: 60 (same sample as AC-2)",EV-PS-4,Satisfied,Employee terminations were disabled the same business day,,
PS-4,PS-04c.,"upon termination of individual employment, exit interviews that include a discussion of [organization-defined value] are conducted;",Examine; Test,Operating effectiveness,"Termination and staffing records; account disablement times. Population: 2,960 departures. Sample: 60 (same sample as AC-2)",EV-PS-4,Satisfied,Employee terminations were disabled the same business day,,
PS-4,PS-04d.,"upon termination of individual employment, all security-related organizational system-related property is retrieved;",Examine; Test,Operating effectiveness,"Termination and staffing records; account disablement times. Population: 2,960 departures. Sample: 60 (same sample as AC-2)",EV-PS-4,Satisfied,Employee terminations were disabled the same business day,,
PS-4,PS-04e.,"upon termination of individual employment, access to organizational information and systems formerly controlled by the terminated individual are...",Examine; Test,Operating effectiveness,"Termination and staffing records; account disablement times. Population: 2,960 departures. Sample: 60 (same sample as AC-2)",EV-PS-4,Satisfied,Employee terminations were disabled the same business day,,
PS-7,PS-07a.,"personnel security requirements are established, including security roles and responsibilities for external providers;",Examine; Interview,Operating effectiveness,Agency contracts; reconciliation reports. Population: 42 staffing agency contracts. Sample: 10 contracts (random),EV-PS-7,Satisfied,Contracts set screening and training requirements,,
PS-7,PS-07b.,external providers are required to comply with personnel security policies and procedures established by the organization;,Examine; Interview,Operating effectiveness,Agency contracts; reconciliation reports. Population: 42 staffing agency contracts. Sample: 10 contracts (random),EV-PS-7,Satisfied,Contracts set screening and training requirements,,
PS-7,PS-07c.,personnel security requirements are documented;,Examine; Interview,Operating effectiveness,Agency contracts; reconciliation reports. Population: 42 staffing agency contracts. Sample: 10 contracts (random),EV-PS-7,Satisfied,Contracts set screening and training requirements,,
PS-7,PS-07d.,external providers are required to notify [organization-defined value] of any personnel transfers or terminations of external personnel who...,Examine; Interview,Operating effectiveness,Agency contracts; reconciliation reports. Population: 42 staffing agency contracts. Sample: 10 contracts (random),EV-PS-7,Other than satisfied,Agencies notified departures late in 4 of 30 cases; contracts have no penalty,Moderate,POAM-002
PS-7,PS-07e.,provider compliance with personnel security requirements is monitored.,Examine; Interview,Not implemented (nothing to test),Agency contracts; reconciliation reports. Population: 42 staffing agency contracts. Sample: 10 contracts (random),EV-PS-7,Other than satisfied,No scorecard monitors agency compliance with security terms,Low,POAM-002
RA-3,RA-03a.01,a risk assessment is conducted to identify threats to and vulnerabilities in the system;,Examine; Interview,Operating effectiveness,P01 register and report. Population: n/a. Sample: 2026 risk analysis examined,EV-RA-3,Satisfied,"Risk analysis performed, documented, and approved",,
RA-3,RA-03a.02,"a risk assessment is conducted to determine the likelihood and magnitude of harm from unauthorized access, use, disclosure, disruption,...",Examine; Interview,Operating effectiveness,P01 register and report. Population: n/a. Sample: 2026 risk analysis examined,EV-RA-3,Satisfied,"Risk analysis performed, documented, and approved",,
RA-3,RA-03a.03,a risk assessment is conducted to determine the likelihood and impact of adverse effects on individuals arising from the processing of personally...,Examine; Interview,Operating effectiveness,P01 register and report. Population: n/a. Sample: 2026 risk analysis examined,EV-RA-3,Satisfied,"Risk analysis performed, documented, and approved",,
RA-3,RA-03b.,risk assessment results and risk management decisions from the organization and mission or business process perspectives are integrated with...,Examine; Interview,Operating effectiveness,P01 register and report. Population: n/a. Sample: 2026 risk analysis examined,EV-RA-3,Satisfied,"Risk analysis performed, documented, and approved",,
RA-3,RA-03c.,risk assessment results are documented in [organization-defined value];,Examine; Interview,Operating effectiveness,P01 register and report. Population: n/a. Sample: 2026 risk analysis examined,EV-RA-3,Satisfied,"Risk analysis performed, documented, and approved",,
RA-3,RA-03d.,risk assessment results are reviewed [organization-defined value];,Examine; Interview,Operating effectiveness,P01 register and report. Population: n/a. Sample: 2026 risk analysis examined,EV-RA-3,Satisfied,"Risk analysis performed, documented, and approved",,
RA-3,RA-03e.,risk assessment results are disseminated to [organization-defined value];,Examine; Interview,Operating effectiveness,P01 register and report. Population: n/a. Sample: 2026 risk analysis examined,EV-RA-3,Satisfied,"Risk analysis performed, documented, and approved",,
RA-3,RA-03f.,"the risk assessment is updated [organization-defined value] or when there are significant changes to the system, its environment of operation, or...",Examine; Interview,Operating effectiveness,P01 register and report. Population: n/a. Sample: 2026 risk analysis examined,EV-RA-3,Satisfied,"Risk analysis performed, documented, and approved",,
RA-5,RA-05a.[01],systems and hosted applications are monitored for vulnerabilities [organization-defined value] and when new vulnerabilities potentially affecting...,Examine; Test,Operating effectiveness,"Scan reports; remediation tickets. Population: 2,318 vulnerability findings on ECIS components. Sample: 60 critical and high findings (random)",EV-RA-5,Satisfied,Scanning ran weekly with authenticated scans,,
RA-5,RA-05a.[02],systems and hosted applications are scanned for vulnerabilities [organization-defined value] and when new vulnerabilities potentially affecting...,Examine; Test,Operating effectiveness,"Scan reports; remediation tickets. Population: 2,318 vulnerability findings on ECIS components. Sample: 60 critical and high findings (random)",EV-RA-5,Satisfied,Scanning ran weekly with authenticated scans,,
RA-5,RA-05b.01,vulnerability monitoring tools and techniques are employed to automate parts of the vulnerability management process by using standards for...,Examine; Test,Operating effectiveness,"Scan reports; remediation tickets. Population: 2,318 vulnerability findings on ECIS components. Sample: 60 critical and high findings (random)",EV-RA-5,Satisfied,Scanning ran weekly with authenticated scans,,
RA-5,RA-05b.02,vulnerability monitoring tools and techniques are employed to facilitate interoperability among tools and to automate parts of the vulnerability...,Examine; Test,Operating effectiveness,"Scan reports; remediation tickets. Population: 2,318 vulnerability findings on ECIS components. Sample: 60 critical and high findings (random)",EV-RA-5,Satisfied,Scanning ran weekly with authenticated scans,,
RA-5,RA-05b.03,vulnerability monitoring tools and techniques are employed to facilitate interoperability among tools and to automate parts of the vulnerability...,Examine; Test,Operating effectiveness,"Scan reports; remediation tickets. Population: 2,318 vulnerability findings on ECIS components. Sample: 60 critical and high findings (random)",EV-RA-5,Satisfied,Scanning ran weekly with authenticated scans,,
RA-5,RA-05c.,vulnerability scan reports and results from vulnerability monitoring are analyzed;,Examine; Test,Operating effectiveness,"Scan reports; remediation tickets. Population: 2,318 vulnerability findings on ECIS components. Sample: 60 critical and high findings (random)",EV-RA-5,Satisfied,Scanning ran weekly with authenticated scans,,
RA-5,RA-05d.,legitimate vulnerabilities are remediated [organization-defined value] in accordance with an organizational assessment of risk;,Examine; Test,Operating effectiveness,"Scan reports; remediation tickets. Population: 2,318 vulnerability findings on ECIS components. Sample: 60 critical and high findings (random)",EV-RA-5,Other than satisfied,5 of 60 critical findings on presentation servers exceeded the 15-day standard,Moderate,POAM-017
RA-5,RA-05e.,information obtained from the vulnerability monitoring process and control assessments is shared with [organization-defined value] to help...,Examine; Test,Operating effectiveness,"Scan reports; remediation tickets. Population: 2,318 vulnerability findings on ECIS components. Sample: 60 critical and high findings (random)",EV-RA-5,Satisfied,Scanning ran weekly with authenticated scans,,
RA-5,RA-05f.,vulnerability monitoring tools that include the capability to readily update the vulnerabilities to be scanned are employed.,Examine; Test,Operating effectiveness,"Scan reports; remediation tickets. Population: 2,318 vulnerability findings on ECIS components. Sample: 60 critical and high findings (random)",EV-RA-5,Satisfied,Scanning ran weekly with authenticated scans,,
SA-9,SA-09a.[01],providers of external system services comply with organizational security requirements;,Examine,Operating effectiveness,Vendor register; SOC report reviews; contracts. Population: 17 external services supporting the ECIS. Sample: 100%,EV-SA-9,Satisfied,Contracts include security and BAA terms,,
SA-9,SA-09a.[02],providers of external system services comply with organizational privacy requirements;,Examine,Operating effectiveness,Vendor register; SOC report reviews; contracts. Population: 17 external services supporting the ECIS. Sample: 100%,EV-SA-9,Satisfied,Contracts include security and BAA terms,,
SA-9,SA-09a.[03],providers of external system services employ [organization-defined value];,Examine,Operating effectiveness,Vendor register; SOC report reviews; contracts. Population: 17 external services supporting the ECIS. Sample: 100%,EV-SA-9,Satisfied,Contracts include security and BAA terms,,
SA-9,SA-09b.[01],organizational oversight with regard to external system services are defined and documented;,Examine,Operating effectiveness,Vendor register; SOC report reviews; contracts. Population: 17 external services supporting the ECIS. Sample: 100%,EV-SA-9,Satisfied,Contracts include security and BAA terms,,
SA-9,SA-09b.[02],user roles and responsibilities with regard to external system services are defined and documented;,Examine,Operating effectiveness,Vendor register; SOC report reviews; contracts. Population: 17 external services supporting the ECIS. Sample: 100%,EV-SA-9,Satisfied,Contracts include security and BAA terms,,
SA-9,SA-09c.,[organization-defined value] are employed to monitor control compliance by external service providers on an ongoing basis.,Examine,Operating effectiveness,Vendor register; SOC report reviews; contracts. Population: 17 external services supporting the ECIS. Sample: 100%,EV-SA-9,Other than satisfied,3 of 17 services are overdue for reassessment,Moderate,POAM-014
SA-22,SA-22a.,"system components are replaced when support for the components is no longer available from the developer, vendor, or manufacturer;",Examine,Operating effectiveness,"Unsupported component list; deviation records. Population: Unsupported component list (about 2,600 devices system-wide; 140 that feed the ECIS). Sample: 100% of the 140 that feed the ECIS",EV-SA-22,Other than satisfied,140 unsupported devices feed the ECIS; replacement is funded only from 2027,High,POAM-009
SA-22,SA-22b.,[organization-defined value] provide options for alternative sources for continued support for unsupported components.,Examine,Operating effectiveness,"Unsupported component list; deviation records. Population: Unsupported component list (about 2,600 devices system-wide; 140 that feed the ECIS). Sample: 100% of the 140 that feed the ECIS",EV-SA-22,Satisfied,Manufacturer extended support is used where offered,,
SC-4,SC-04[01],unauthorized information transfer via shared system resources is prevented;,Examine; Test,Operating effectiveness,"EHR sensitive-record flags; test views. Population: 1,140 Part 2 encounters. Sample: 60 (random)",EV-SC-4,Other than satisfied,7 of 60 Part 2 encounters were not flagged and appeared in shared clinical views without the Part 2 notice,Moderate,POAM-021
SC-4,SC-04[02],unintended information transfer via shared system resources is prevented.,Examine; Test,Operating effectiveness,"EHR sensitive-record flags; test views. Population: 1,140 Part 2 encounters. Sample: 60 (random)",EV-SC-4,Satisfied,Shared session resources are cleared between users,,
SC-7,SC-07a.[01],communications at external managed interfaces to the system are monitored;,Examine; Test,Operating effectiveness,Firewall rules; network test. Population: n/a (architecture). Sample: Reachability test from the H-08 network to the integration engine and ECIS tiers,EV-SC-7,Satisfied,External and public interfaces are monitored and separated,,
SC-7,SC-07a.[02],communications at external managed interfaces to the system are controlled;,Examine; Test,Operating effectiveness,Firewall rules; network test. Population: n/a (architecture). Sample: Reachability test from the H-08 network to the integration engine and ECIS tiers,EV-SC-7,Satisfied,External and public interfaces are monitored and separated,,
SC-7,SC-07a.[03],communications at key internal managed interfaces within the system are monitored;,Examine; Test,Operating effectiveness,Firewall rules; network test. Population: n/a (architecture). Sample: Reachability test from the H-08 network to the integration engine and ECIS tiers,EV-SC-7,Satisfied,External and public interfaces are monitored and separated,,
SC-7,SC-07a.[04],communications at key internal managed interfaces within the system are controlled;,Examine; Test,Operating effectiveness,Firewall rules; network test. Population: n/a (architecture). Sample: Reachability test from the H-08 network to the integration engine and ECIS tiers,EV-SC-7,Other than satisfied,"From the H-08 network, the tester reached integration engine management ports and two ECIS application servers",High,POAM-006
SC-7,SC-07b.,subnetworks for publicly accessible system components are [organization-defined value] separated from internal organizational networks;,Examine; Test,Operating effectiveness,Firewall rules; network test. Population: n/a (architecture). Sample: Reachability test from the H-08 network to the integration engine and ECIS tiers,EV-SC-7,Satisfied,External and public interfaces are monitored and separated,,
SC-7,SC-07c.,external networks or systems are only connected to through managed interfaces consisting of boundary protection devices arranged in accordance...,Examine; Test,Operating effectiveness,Firewall rules; network test. Population: n/a (architecture). Sample: Reachability test from the H-08 network to the integration engine and ECIS tiers,EV-SC-7,Satisfied,External and public interfaces are monitored and separated,,
SC-8,SC-08,the [organization-defined value] of transmitted information is/are protected.,Examine; Test,Operating effectiveness,TLS scan results; exception register. Population: About 640 interfaces. Sample: 100% (TLS scan),EV-SC-8,Satisfied,All external interfaces encrypted; the MLLP segment is covered by an approved exception,,
SC-28,SC-28,the [organization-defined value] of [organization-defined value] is/are protected.,Examine,Operating effectiveness,"Encryption settings. Population: n/a (configuration). Sample: Database, backup, and BCA cache encryption inspected",EV-SC-28,Satisfied,Encryption at rest confirmed,,
SI-2,SI-02a.[01],system flaws are identified;,Examine; Test,Operating effectiveness,Patch reports. Population: 264 patches on ECIS servers. Sample: 25 patches (random),EV-SI-2,Satisfied,"Flaws identified, reported, tested, and tracked in change control",,
SI-2,SI-02a.[02],system flaws are reported;,Examine; Test,Operating effectiveness,Patch reports. Population: 264 patches on ECIS servers. Sample: 25 patches (random),EV-SI-2,Satisfied,"Flaws identified, reported, tested, and tracked in change control",,
SI-2,SI-02a.[03],system flaws are corrected;,Examine; Test,Operating effectiveness,Patch reports. Population: 264 patches on ECIS servers. Sample: 25 patches (random),EV-SI-2,Satisfied,"Flaws identified, reported, tested, and tracked in change control",,
SI-2,SI-02b.[01],software updates related to flaw remediation are tested for effectiveness before installation;,Examine; Test,Operating effectiveness,Patch reports. Population: 264 patches on ECIS servers. Sample: 25 patches (random),EV-SI-2,Satisfied,"Flaws identified, reported, tested, and tracked in change control",,
SI-2,SI-02b.[02],software updates related to flaw remediation are tested for potential side effects before installation;,Examine; Test,Operating effectiveness,Patch reports. Population: 264 patches on ECIS servers. Sample: 25 patches (random),EV-SI-2,Satisfied,"Flaws identified, reported, tested, and tracked in change control",,
SI-2,SI-02b.[03],firmware updates related to flaw remediation are tested for effectiveness before installation;,Examine; Test,Operating effectiveness,Patch reports. Population: 264 patches on ECIS servers. Sample: 25 patches (random),EV-SI-2,Satisfied,"Flaws identified, reported, tested, and tracked in change control",,
SI-2,SI-02b.[04],firmware updates related to flaw remediation are tested for potential side effects before installation;,Examine; Test,Operating effectiveness,Patch reports. Population: 264 patches on ECIS servers. Sample: 25 patches (random),EV-SI-2,Satisfied,"Flaws identified, reported, tested, and tracked in change control",,
SI-2,SI-02c.[01],security-relevant software updates are installed within [organization-defined value] of the release of the updates;,Examine; Test,Operating effectiveness,Patch reports. Population: 264 patches on ECIS servers. Sample: 25 patches (random),EV-SI-2,Other than satisfied,Security updates on presentation servers missed the 15-day window (same 5 findings as RA-5),Moderate,POAM-017
SI-2,SI-02c.[02],security-relevant firmware updates are installed within [organization-defined value] of the release of the updates;,Examine; Test,Operating effectiveness,Patch reports. Population: 264 patches on ECIS servers. Sample: 25 patches (random),EV-SI-2,Satisfied,"Flaws identified, reported, tested, and tracked in change control",,
SI-2,SI-02d.,flaw remediation is incorporated into the organizational configuration management process.,Examine; Test,Operating effectiveness,Patch reports. Population: 264 patches on ECIS servers. Sample: 25 patches (random),EV-SI-2,Satisfied,"Flaws identified, reported, tested, and tracked in change control",,
SI-3,SI-03a.[01],[organization-defined value] malicious code protection mechanisms are implemented at system entry and exit points to detect malicious code;,Examine; Test,Operating effectiveness,EDR console. Population: ECIS servers and BCA computers. Sample: 20 servers and 25 BCA computers (random),EV-SI-3,Satisfied,EDR active and current on every sampled device,,
SI-3,SI-03a.[02],[organization-defined value] malicious code protection mechanisms are implemented at system entry and exit points to eradicate malicious code;,Examine; Test,Operating effectiveness,EDR console. Population: ECIS servers and BCA computers. Sample: 20 servers and 25 BCA computers (random),EV-SI-3,Satisfied,EDR active and current on every sampled device,,
SI-3,SI-03b.,malicious code protection mechanisms are updated automatically as new releases are available in accordance with organizational configuration...,Examine; Test,Operating effectiveness,EDR console. Population: ECIS servers and BCA computers. Sample: 20 servers and 25 BCA computers (random),EV-SI-3,Satisfied,EDR active and current on every sampled device,,
SI-3,SI-03c.01[01],malicious code protection mechanisms are configured to perform periodic scans of the system [organization-defined value];,Examine; Test,Operating effectiveness,EDR console. Population: ECIS servers and BCA computers. Sample: 20 servers and 25 BCA computers (random),EV-SI-3,Satisfied,EDR active and current on every sampled device,,
SI-3,SI-03c.01[02],malicious code protection mechanisms are configured to perform real-time scans of files from external sources at [organization-defined value] as...,Examine; Test,Operating effectiveness,EDR console. Population: ECIS servers and BCA computers. Sample: 20 servers and 25 BCA computers (random),EV-SI-3,Satisfied,EDR active and current on every sampled device,,
SI-3,SI-03c.02[01],malicious code protection mechanisms are configured to [organization-defined value] in response to malicious code detection;,Examine; Test,Operating effectiveness,EDR console. Population: ECIS servers and BCA computers. Sample: 20 servers and 25 BCA computers (random),EV-SI-3,Satisfied,EDR active and current on every sampled device,,
SI-3,SI-03c.02[02],malicious code protection mechanisms are configured to send alerts to [organization-defined value] in response to malicious code detection;,Examine; Test,Operating effectiveness,EDR console. Population: ECIS servers and BCA computers. Sample: 20 servers and 25 BCA computers (random),EV-SI-3,Satisfied,EDR active and current on every sampled device,,
SI-3,SI-03d.,the receipt of false positives during malicious code detection and eradication and the resulting potential impact on the availability of the...,Examine; Test,Operating effectiveness,EDR console. Population: ECIS servers and BCA computers. Sample: 20 servers and 25 BCA computers (random),EV-SI-3,Satisfied,EDR active and current on every sampled device,,
SI-4,SI-04a.01,the system is monitored to detect attacks and indicators of potential attacks in accordance with [organization-defined value];,Examine; Test,Operating effectiveness,"SIEM and network detection; test device. Population: 61 sites; 214 clinical-path log sources. Sample: Detection test on 2 device segments (H-02, H-06); 100% of sources",EV-SI-4,Satisfied,Attacks on enterprise and ECIS segments were detected and analyzed,,
SI-4,SI-04a.02[01],the system is monitored to detect unauthorized local connections;,Examine; Test,Operating effectiveness,"SIEM and network detection; test device. Population: 61 sites; 214 clinical-path log sources. Sample: Detection test on 2 device segments (H-02, H-06); 100% of sources",EV-SI-4,Satisfied,Attacks on enterprise and ECIS segments were detected and analyzed,,
SI-4,SI-04a.02[02],the system is monitored to detect unauthorized network connections;,Examine; Test,Operating effectiveness,"SIEM and network detection; test device. Population: 61 sites; 214 clinical-path log sources. Sample: Detection test on 2 device segments (H-02, H-06); 100% of sources",EV-SI-4,Other than satisfied,A test device on a device segment at H-06 was not detected,Moderate,POAM-007
SI-4,SI-04a.02[03],the system is monitored to detect unauthorized remote connections;,Examine; Test,Operating effectiveness,"SIEM and network detection; test device. Population: 61 sites; 214 clinical-path log sources. Sample: Detection test on 2 device segments (H-02, H-06); 100% of sources",EV-SI-4,Satisfied,Attacks on enterprise and ECIS segments were detected and analyzed,,
SI-4,SI-04b.,unauthorized use of the system is identified through [organization-defined value];,Examine; Test,Operating effectiveness,"SIEM and network detection; test device. Population: 61 sites; 214 clinical-path log sources. Sample: Detection test on 2 device segments (H-02, H-06); 100% of sources",EV-SI-4,Satisfied,Attacks on enterprise and ECIS segments were detected and analyzed,,
SI-4,SI-04c.01,internal monitoring capabilities are invoked or monitoring devices are deployed strategically within the system to collect organization-determined...,Examine; Test,Operating effectiveness,"SIEM and network detection; test device. Population: 61 sites; 214 clinical-path log sources. Sample: Detection test on 2 device segments (H-02, H-06); 100% of sources",EV-SI-4,Other than satisfied,No monitoring collectors at H-08 or on OT networks,Moderate,POAM-007
SI-4,SI-04c.02,internal monitoring capabilities are invoked or monitoring devices are deployed at ad hoc locations within the system to track specific types of...,Examine; Test,Operating effectiveness,"SIEM and network detection; test device. Population: 61 sites; 214 clinical-path log sources. Sample: Detection test on 2 device segments (H-02, H-06); 100% of sources",EV-SI-4,Satisfied,Attacks on enterprise and ECIS segments were detected and analyzed,,
SI-4,SI-04d.[01],detected events are analyzed;,Examine; Test,Operating effectiveness,"SIEM and network detection; test device. Population: 61 sites; 214 clinical-path log sources. Sample: Detection test on 2 device segments (H-02, H-06); 100% of sources",EV-SI-4,Satisfied,Attacks on enterprise and ECIS segments were detected and analyzed,,
SI-4,SI-04d.[02],detected anomalies are analyzed;,Examine; Test,Operating effectiveness,"SIEM and network detection; test device. Population: 61 sites; 214 clinical-path log sources. Sample: Detection test on 2 device segments (H-02, H-06); 100% of sources",EV-SI-4,Satisfied,Attacks on enterprise and ECIS segments were detected and analyzed,,
SI-4,SI-04e.,"the level of system monitoring activity is adjusted when there is a change in risk to organizational operations and assets, individuals, other...",Examine; Test,Operating effectiveness,"SIEM and network detection; test device. Population: 61 sites; 214 clinical-path log sources. Sample: Detection test on 2 device segments (H-02, H-06); 100% of sources",EV-SI-4,Satisfied,Attacks on enterprise and ECIS segments were detected and analyzed,,
SI-4,SI-04f.,a legal opinion regarding system monitoring activities is obtained;,Examine; Test,Operating effectiveness,"SIEM and network detection; test device. Population: 61 sites; 214 clinical-path log sources. Sample: Detection test on 2 device segments (H-02, H-06); 100% of sources",EV-SI-4,Satisfied,Attacks on enterprise and ECIS segments were detected and analyzed,,
SI-4,SI-04g.,[organization-defined value] is provided to [organization-defined value] [organization-defined value].,Examine; Test,Operating effectiveness,"SIEM and network detection; test device. Population: 61 sites; 214 clinical-path log sources. Sample: Detection test on 2 device segments (H-02, H-06); 100% of sources",EV-SI-4,Satisfied,Attacks on enterprise and ECIS segments were detected and analyzed,,
SI-7,SI-07a.[01],integrity verification tools are employed to detect unauthorized changes to [organization-defined value];,Examine; Test,Operating effectiveness,FIM reports; result trace. Population: n/a. Sample: File integrity monitoring and result integrity controls examined; 60 results traced end to end,EV-SI-7,Satisfied,Integrity tools detect changes to server software and firmware,,
SI-7,SI-07a.[02],integrity verification tools are employed to detect unauthorized changes to [organization-defined value];,Examine; Test,Operating effectiveness,FIM reports; result trace. Population: n/a. Sample: File integrity monitoring and result integrity controls examined; 60 results traced end to end,EV-SI-7,Satisfied,Integrity tools detect changes to server software and firmware,,
SI-7,SI-07a.[03],integrity verification tools are employed to detect unauthorized changes to [organization-defined value];,Examine; Test,Not implemented (nothing to test),FIM reports; result trace. Population: n/a. Sample: File integrity monitoring and result integrity controls examined; 60 results traced end to end,EV-SI-7,Other than satisfied,No tool detects results filed to the wrong patient or changed between analyzer and chart,High,POAM-013
SI-7,SI-07b.[01],"[organization-defined value] are taken when unauthorized changes to the software, are detected;",Examine; Test,Operating effectiveness,FIM reports; result trace. Population: n/a. Sample: File integrity monitoring and result integrity controls examined; 60 results traced end to end,EV-SI-7,Satisfied,Integrity tools detect changes to server software and firmware,,
SI-7,SI-07b.[02],[organization-defined value] are taken when unauthorized changes to the firmware are detected;,Examine; Test,Operating effectiveness,FIM reports; result trace. Population: n/a. Sample: File integrity monitoring and result integrity controls examined; 60 results traced end to end,EV-SI-7,Satisfied,Integrity tools detect changes to server software and firmware,,
SI-7,SI-07b.[03],[organization-defined value] are taken when unauthorized changes to the information are detected.,Examine; Test,Not implemented (nothing to test),FIM reports; result trace. Population: n/a. Sample: File integrity monitoring and result integrity controls examined; 60 results traced end to end,EV-SI-7,Other than satisfied,Response to misfiled results depends on a clinician noticing,Moderate,POAM-013
SI-10,SI-10,the validity of the [organization-defined value] is checked.,Test,Operating effectiveness,Integration engine error queue. Population: 20 malformed test messages. Sample: 100% in the test environment,EV-SI-10,Satisfied,All malformed messages were rejected to the error queue,,
