req_id,regulation,citation,requirement_summary,requirement_type,applies_at_this_tier,csf2_subcategories,sp800_53_controls,crosswalk_source,current_state,evidence,status,gap_description,gap_risk_level,remediation_action,owner,target_date,pending_rule_change,sample_population,sample_size,sample_exceptions,scope_entities
G-001,NIST CSF 2.0 with SP 800-82 Rev. 3 (voluntary benchmark),CSF 2.0 GV.OC-01; SP 800-82 Rev. 3 sec. 3.3; 4.1.1,The organizational mission is understood and informs cybersecurity risk management,Voluntary benchmark (CSF 2.0 outcome),Yes (benchmark chosen in section 1),GV.OC-01,PM-11,Official NIST mapping (CSF 2.0 to SP 800-53 Rev. 5.2.0; 00_universal-framework/crosswalks/csf2_to_sp800-53r5.csv),"Mission (grid equipment, storm-restoration supply, utility services) is stated in POL-01 and drives the BIA",POL-01; P05 BIA,Met,,,,,,"None (SP 800-82 Rev. 4 is an initial public draft, 2026-09-21; see report section 6)",n/a (document review),n/a,n/a,Enterprise
G-002,NIST CSF 2.0 with SP 800-82 Rev. 3 (voluntary benchmark),CSF 2.0 GV.OC-02; SP 800-82 Rev. 3 sec. 3.3.2; 4.1.1,"Internal and external stakeholders are understood, and their needs and expectations regarding cybersecurity risk management are understood and considered",Voluntary benchmark (CSF 2.0 outcome),Yes (benchmark chosen in section 1),GV.OC-02,PM-9; PM-18; PM-30; SR-3,"Official NIST mapping (CSF 2.0 to SP 800-53 Rev. 5.2.0; 00_universal-framework/crosswalks/csf2_to_sp800-53r5.csv), subset","Stakeholder expectations captured from utility addenda, federal contracts, SL-1 and SL-2 agreements, and investor disclosures",Obligations register; P09,Met,,,,,,"None (SP 800-82 Rev. 4 is an initial public draft, 2026-09-21; see report section 6)",n/a (document review),n/a,n/a,Enterprise
G-003,NIST CSF 2.0 with SP 800-82 Rev. 3 (voluntary benchmark),CSF 2.0 GV.OC-03; SP 800-82 Rev. 3 sec. 5.3.4,"Legal, regulatory, and contractual requirements regarding cybersecurity - including privacy and civil liberties obligations - are understood and managed",Voluntary benchmark (CSF 2.0 outcome),Yes (benchmark chosen in section 1),GV.OC-03,AC-1; AT-1; AU-1; CA-1,"Official NIST mapping (CSF 2.0 to SP 800-53 Rev. 5.2.0; 00_universal-framework/crosswalks/csf2_to_sp800-53r5.csv), subset","Obligations register lists the 88 utility addenda, FAR clauses, EAR, DOE certification, and SEC duties",Obligations register; contract sample,Partially met,12 AQ-01 addenda not loaded; register does not flag the 27 addenda with 24-hour incident notice terms,High,Load AQ-01 contracts; add deadline fields and automated clocks (POAM-016),Chief Compliance Officer,2026-12-31,"None (SP 800-82 Rev. 4 is an initial public draft, 2026-09-21; see report section 6)",88 utility addenda,30 (random),4 (deadline recorded as 48 hours where the addendum says 24),Enterprise
G-004,NIST CSF 2.0 with SP 800-82 Rev. 3 (voluntary benchmark),CSF 2.0 GV.OC-04; SP 800-82 Rev. 3 sec. 3.3; 5.3.2,"Critical objectives, capabilities, and services that external stakeholders depend on or expect from the organization are understood and communicated",Voluntary benchmark (CSF 2.0 outcome),Yes (benchmark chosen in section 1),GV.OC-04,PM-8; PM-11; CP-2(8); PM-30(1),"Official NIST mapping (CSF 2.0 to SP 800-53 Rev. 5.2.0; 00_universal-framework/crosswalks/csf2_to_sp800-53r5.csv), subset","Critical services that utilities depend on (storm units, FMS, STRS, field service) identified in the BIA",P05,Met,,,,,,"None (SP 800-82 Rev. 4 is an initial public draft, 2026-09-21; see report section 6)",n/a (document review),n/a,n/a,Enterprise
G-005,NIST CSF 2.0 with SP 800-82 Rev. 3 (voluntary benchmark),CSF 2.0 GV.OC-05; SP 800-82 Rev. 3 sec. 4.1.1; 5.3.2,"Outcomes, capabilities, and services that the organization depends on are understood and communicated",Voluntary benchmark (CSF 2.0 outcome),Yes (benchmark chosen in section 1),GV.OC-05,PM-11; PM-30; RA-7; SA-9,"Official NIST mapping (CSF 2.0 to SP 800-53 Rev. 5.2.0; 00_universal-framework/crosswalks/csf2_to_sp800-53r5.csv), subset","Dependencies on cloud providers, steel suppliers, carriers, and OEMs mapped",P05 dependency map,Met,,,,,,"None (SP 800-82 Rev. 4 is an initial public draft, 2026-09-21; see report section 6)",n/a (document review),n/a,n/a,Enterprise
G-006,NIST CSF 2.0 with SP 800-82 Rev. 3 (voluntary benchmark),CSF 2.0 GV.RM-01; SP 800-82 Rev. 3 sec. 4.1.1,Risk management objectives are established and agreed to by organizational stakeholders,Voluntary benchmark (CSF 2.0 outcome),Yes (benchmark chosen in section 1),GV.RM-01,PM-9; RA-7; SR-2,Official NIST mapping (CSF 2.0 to SP 800-53 Rev. 5.2.0; 00_universal-framework/crosswalks/csf2_to_sp800-53r5.csv),Risk objectives agreed by the executive risk committee and the board risk committee,Committee minutes,Met,,,,,,"None (SP 800-82 Rev. 4 is an initial public draft, 2026-09-21; see report section 6)",n/a (document review),n/a,n/a,Enterprise
G-007,NIST CSF 2.0 with SP 800-82 Rev. 3 (voluntary benchmark),CSF 2.0 GV.RM-02; SP 800-82 Rev. 3 sec. 4.1.1,"Risk appetite and risk tolerance statements are established, communicated, and maintained",Voluntary benchmark (CSF 2.0 outcome),Yes (benchmark chosen in section 1),GV.RM-02,PM-9,Official NIST mapping (CSF 2.0 to SP 800-53 Rev. 5.2.0; 00_universal-framework/crosswalks/csf2_to_sp800-53r5.csv),Board-approved risk appetite and per-enterprise-risk tolerance thresholds (P01 section 1),Risk appetite statement 2026-02,Met,,,,,,"None (SP 800-82 Rev. 4 is an initial public draft, 2026-09-21; see report section 6)",n/a (document review),n/a,n/a,Enterprise
G-008,NIST CSF 2.0 with SP 800-82 Rev. 3 (voluntary benchmark),CSF 2.0 GV.RM-03; SP 800-82 Rev. 3 sec. 4.1; 4.3.1,Cybersecurity risk management activities and outcomes are included in enterprise risk management processes,Voluntary benchmark (CSF 2.0 outcome),Yes (benchmark chosen in section 1),GV.RM-03,PM-3; PM-9; PM-30; RA-7,"Official NIST mapping (CSF 2.0 to SP 800-53 Rev. 5.2.0; 00_universal-framework/crosswalks/csf2_to_sp800-53r5.csv), subset",Cyber risks roll up into the ERM register (NIST IR 8286 Rev. 1),P01 section 4,Met,,,,,,"None (SP 800-82 Rev. 4 is an initial public draft, 2026-09-21; see report section 6)",n/a (document review),n/a,n/a,Enterprise
G-009,NIST CSF 2.0 with SP 800-82 Rev. 3 (voluntary benchmark),CSF 2.0 GV.RM-04; SP 800-82 Rev. 3 sec. 4.1.3,Strategic direction that describes appropriate risk response options is established and communicated,Voluntary benchmark (CSF 2.0 outcome),Yes (benchmark chosen in section 1),GV.RM-04,PM-9; PM-28; PM-30; SR-2,Official NIST mapping (CSF 2.0 to SP 800-53 Rev. 5.2.0; 00_universal-framework/crosswalks/csf2_to_sp800-53r5.csv),Response options and acceptance authority defined in STD-01.1,STD-01.1,Met,,,,,,"None (SP 800-82 Rev. 4 is an initial public draft, 2026-09-21; see report section 6)",n/a (document review),n/a,n/a,Enterprise
G-010,NIST CSF 2.0 with SP 800-82 Rev. 3 (voluntary benchmark),CSF 2.0 GV.RM-05; SP 800-82 Rev. 3 sec. 3.3.1,"Lines of communication across the organization are established for cybersecurity risks, including risks from suppliers and other third parties",Voluntary benchmark (CSF 2.0 outcome),Yes (benchmark chosen in section 1),GV.RM-05,PM-9; PM-30,Official NIST mapping (CSF 2.0 to SP 800-53 Rev. 5.2.0; 00_universal-framework/crosswalks/csf2_to_sp800-53r5.csv),Monthly executive risk committee; quarterly board reporting; KRIs,Minutes,Met,,,,,,"None (SP 800-82 Rev. 4 is an initial public draft, 2026-09-21; see report section 6)",n/a (document review),n/a,n/a,Enterprise
G-011,NIST CSF 2.0 with SP 800-82 Rev. 3 (voluntary benchmark),CSF 2.0 GV.RM-06; SP 800-82 Rev. 3 sec. 4.1.2,"A standardized method for calculating, documenting, categorizing, and prioritizing cybersecurity risks is established and communicated",Voluntary benchmark (CSF 2.0 outcome),Yes (benchmark chosen in section 1),GV.RM-06,PM-9; PM-18; PM-28; PM-30,"Official NIST mapping (CSF 2.0 to SP 800-53 Rev. 5.2.0; 00_universal-framework/crosswalks/csf2_to_sp800-53r5.csv), subset",SP 800-30 tables applied by script for every risk,P01 method,Met,,,,,,"None (SP 800-82 Rev. 4 is an initial public draft, 2026-09-21; see report section 6)",n/a (document review),n/a,n/a,Enterprise
G-012,NIST CSF 2.0 with SP 800-82 Rev. 3 (voluntary benchmark),CSF 2.0 GV.RM-07; SP 800-82 Rev. 3 sec. 3.2.1,"Strategic opportunities (i.e., positive risks) are characterized and are included in organizational cybersecurity risk discussions",Voluntary benchmark (CSF 2.0 outcome),Yes (benchmark chosen in section 1),GV.RM-07,PM-9; PM-18; PM-28; PM-30,"Official NIST mapping (CSF 2.0 to SP 800-53 Rev. 5.2.0; 00_universal-framework/crosswalks/csf2_to_sp800-53r5.csv), subset","Positive risks (FMS and STRS growth, AI) considered in the strategy review",Strategy deck 2026,Met,,,,,,"None (SP 800-82 Rev. 4 is an initial public draft, 2026-09-21; see report section 6)",n/a (document review),n/a,n/a,Enterprise
G-013,NIST CSF 2.0 with SP 800-82 Rev. 3 (voluntary benchmark),CSF 2.0 GV.RR-01; SP 800-82 Rev. 3 sec. 3.3.1,"Organizational leadership is responsible and accountable for cybersecurity risk and fosters a culture that is risk-aware, ethical, and continually improving",Voluntary benchmark (CSF 2.0 outcome),Yes (benchmark chosen in section 1),GV.RR-01,PM-2; PM-19; PM-23; PM-24,"Official NIST mapping (CSF 2.0 to SP 800-53 Rev. 5.2.0; 00_universal-framework/crosswalks/csf2_to_sp800-53r5.csv), subset",CISO reports to the CEO; board risk committee oversight,Org chart; charter,Met,,,,,,"None (SP 800-82 Rev. 4 is an initial public draft, 2026-09-21; see report section 6)",n/a (document review),n/a,n/a,Enterprise
G-014,NIST CSF 2.0 with SP 800-82 Rev. 3 (voluntary benchmark),CSF 2.0 GV.RR-02; SP 800-82 Rev. 3 sec. 3.3.1; 3.3.2,"Roles, responsibilities, and authorities related to cybersecurity risk management are established, communicated, understood, and enforced",Voluntary benchmark (CSF 2.0 outcome),Yes (benchmark chosen in section 1),GV.RR-02,PM-2; PM-13; PM-19; PM-23,"Official NIST mapping (CSF 2.0 to SP 800-53 Rev. 5.2.0; 00_universal-framework/crosswalks/csf2_to_sp800-53r5.csv), subset","Roles defined in POL-01, including OT security and product security",POL-01,Met,,,,,,"None (SP 800-82 Rev. 4 is an initial public draft, 2026-09-21; see report section 6)",n/a (document review),n/a,n/a,Enterprise
G-015,NIST CSF 2.0 with SP 800-82 Rev. 3 (voluntary benchmark),CSF 2.0 GV.RR-03; SP 800-82 Rev. 3 sec. 3.2; 3.3,"Adequate resources are allocated commensurate with the cybersecurity risk strategy, roles, responsibilities, and policies",Voluntary benchmark (CSF 2.0 outcome),Yes (benchmark chosen in section 1),GV.RR-03,PM-3,Official NIST mapping (CSF 2.0 to SP 800-53 Rev. 5.2.0; 00_universal-framework/crosswalks/csf2_to_sp800-53r5.csv),Security budget approved with the treatment plan (P01 section 7),Budget,Met,,,,,,"None (SP 800-82 Rev. 4 is an initial public draft, 2026-09-21; see report section 6)",n/a (document review),n/a,n/a,Enterprise
G-016,NIST CSF 2.0 with SP 800-82 Rev. 3 (voluntary benchmark),CSF 2.0 GV.RR-04; SP 800-82 Rev. 3 sec. 6.2.8,Cybersecurity is included in human resources practices,Voluntary benchmark (CSF 2.0 outcome),Yes (benchmark chosen in section 1),GV.RR-04,PM-13; PS-1; PS-7; PS-9,Official NIST mapping (CSF 2.0 to SP 800-53 Rev. 5.2.0; 00_universal-framework/crosswalks/csf2_to_sp800-53r5.csv),"Security in onboarding, transfer, and termination through identity governance",HR process; P07 PS-4,Partially met,AQ-01 HR events are processed manually,Moderate,Identity federation for AQ-01 (POAM-001),Chief Human Resources Officer,2026-12-31,"None (SP 800-82 Rev. 4 is an initial public draft, 2026-09-21; see report section 6)","1,960 terminations (90 at AQ-01)","60 (stratified: 50 enterprise, 10 AQ-01)",2 (both AQ-01; 4 and 7 days late),Enterprise
G-017,NIST CSF 2.0 with SP 800-82 Rev. 3 (voluntary benchmark),CSF 2.0 GV.PO-01; SP 800-82 Rev. 3 sec. 3.3.4,"Policy for managing cybersecurity risks is established based on organizational context, cybersecurity strategy, and priorities and is communicated and enforced",Voluntary benchmark (CSF 2.0 outcome),Yes (benchmark chosen in section 1),GV.PO-01,AC-1; AT-1; AU-1; CA-1,"Official NIST mapping (CSF 2.0 to SP 800-53 Rev. 5.2.0; 00_universal-framework/crosswalks/csf2_to_sp800-53r5.csv), subset","Policy hierarchy with 5 policies, standards, and procedures (P06)",P06,Met,,,,,,"None (SP 800-82 Rev. 4 is an initial public draft, 2026-09-21; see report section 6)",n/a (document review),n/a,n/a,Enterprise
G-018,NIST CSF 2.0 with SP 800-82 Rev. 3 (voluntary benchmark),CSF 2.0 GV.PO-02; SP 800-82 Rev. 3 sec. 3.3.4,"Policy for managing cybersecurity risks is reviewed, updated, communicated, and enforced to reflect changes in requirements, threats, technology, and organizational mission",Voluntary benchmark (CSF 2.0 outcome),Yes (benchmark chosen in section 1),GV.PO-02,AC-1; AT-1; AU-1; CA-1,"Official NIST mapping (CSF 2.0 to SP 800-53 Rev. 5.2.0; 00_universal-framework/crosswalks/csf2_to_sp800-53r5.csv), subset",Annual review; last cycle completed 2026-09,Policy portal,Met,,,,,,"None (SP 800-82 Rev. 4 is an initial public draft, 2026-09-21; see report section 6)",n/a (document review),n/a,n/a,Enterprise
G-019,NIST CSF 2.0 with SP 800-82 Rev. 3 (voluntary benchmark),CSF 2.0 GV.OV-01; SP 800-82 Rev. 3 sec. 4.1.4,Cybersecurity risk management strategy outcomes are reviewed to inform and adjust strategy and direction,Voluntary benchmark (CSF 2.0 outcome),Yes (benchmark chosen in section 1),GV.OV-01,AC-1; AT-1; AU-1; CA-1,"Official NIST mapping (CSF 2.0 to SP 800-53 Rev. 5.2.0; 00_universal-framework/crosswalks/csf2_to_sp800-53r5.csv), subset",Strategy outcomes reviewed by the board risk committee quarterly,Minutes,Met,,,,,,"None (SP 800-82 Rev. 4 is an initial public draft, 2026-09-21; see report section 6)",n/a (document review),n/a,n/a,Enterprise
G-020,NIST CSF 2.0 with SP 800-82 Rev. 3 (voluntary benchmark),CSF 2.0 GV.OV-02; SP 800-82 Rev. 3 sec. 4.1.4,The cybersecurity risk management strategy is reviewed and adjusted to ensure coverage of organizational requirements and risks,Voluntary benchmark (CSF 2.0 outcome),Yes (benchmark chosen in section 1),GV.OV-02,PM-9; PM-19; PM-30; PM-31,"Official NIST mapping (CSF 2.0 to SP 800-53 Rev. 5.2.0; 00_universal-framework/crosswalks/csf2_to_sp800-53r5.csv), subset",Strategy adjusted after the AQ-01 acquisition,Strategy update,Met,,,,,,"None (SP 800-82 Rev. 4 is an initial public draft, 2026-09-21; see report section 6)",n/a (document review),n/a,n/a,Enterprise
G-021,NIST CSF 2.0 with SP 800-82 Rev. 3 (voluntary benchmark),CSF 2.0 GV.OV-03; SP 800-82 Rev. 3 sec. 4.1.4; 4.3.7,Organizational cybersecurity risk management performance is evaluated and reviewed for adjustments needed,Voluntary benchmark (CSF 2.0 outcome),Yes (benchmark chosen in section 1),GV.OV-03,PM-4; PM-6; RA-7; SR-6,Official NIST mapping (CSF 2.0 to SP 800-53 Rev. 5.2.0; 00_universal-framework/crosswalks/csf2_to_sp800-53r5.csv),Program performance measured with KRIs and Internal Audit results,KRI dashboard,Met,,,,,,"None (SP 800-82 Rev. 4 is an initial public draft, 2026-09-21; see report section 6)",n/a (document review),n/a,n/a,Enterprise
G-022,NIST CSF 2.0 with SP 800-82 Rev. 3 (voluntary benchmark),CSF 2.0 GV.SC-01; SP 800-82 Rev. 3 sec. 4.2.1; 6.1.5,"A cybersecurity supply chain risk management program, strategy, objectives, policies, and processes are established and agreed to by organizational stakeholders",Voluntary benchmark (CSF 2.0 outcome),Yes (benchmark chosen in section 1),GV.SC-01,PM-30; SR-2; SR-3,Official NIST mapping (CSF 2.0 to SP 800-53 Rev. 5.2.0; 00_universal-framework/crosswalks/csf2_to_sp800-53r5.csv),Supply chain risk management program and plan,SCRM plan,Met,,,,,,"None (SP 800-82 Rev. 4 is an initial public draft, 2026-09-21; see report section 6)",n/a (document review),n/a,n/a,Enterprise
G-023,NIST CSF 2.0 with SP 800-82 Rev. 3 (voluntary benchmark),CSF 2.0 GV.SC-02; SP 800-82 Rev. 3 sec. 4.2.1; 6.1.5,"Cybersecurity roles and responsibilities for suppliers, customers, and partners are established, communicated, and coordinated internally and externally",Voluntary benchmark (CSF 2.0 outcome),Yes (benchmark chosen in section 1),GV.SC-02,SR-2; SR-3; SR-5,Official NIST mapping (CSF 2.0 to SP 800-53 Rev. 5.2.0; 00_universal-framework/crosswalks/csf2_to_sp800-53r5.csv),"Roles for suppliers, customers, and partners in contracts and the addenda register",Contract templates,Met,,,,,,"None (SP 800-82 Rev. 4 is an initial public draft, 2026-09-21; see report section 6)",n/a (document review),n/a,n/a,Enterprise
G-024,NIST CSF 2.0 with SP 800-82 Rev. 3 (voluntary benchmark),CSF 2.0 GV.SC-03; SP 800-82 Rev. 3 sec. 4.2.1; 6.1.5,"Cybersecurity supply chain risk management is integrated into cybersecurity and enterprise risk management, risk assessment, and improvement processes",Voluntary benchmark (CSF 2.0 outcome),Yes (benchmark chosen in section 1),GV.SC-03,AC-1; AT-1; AU-1; CA-1,"Official NIST mapping (CSF 2.0 to SP 800-53 Rev. 5.2.0; 00_universal-framework/crosswalks/csf2_to_sp800-53r5.csv), subset",SCRM integrated with ERM (ER-03),P01,Met,,,,,,"None (SP 800-82 Rev. 4 is an initial public draft, 2026-09-21; see report section 6)",n/a (document review),n/a,n/a,Enterprise
G-025,NIST CSF 2.0 with SP 800-82 Rev. 3 (voluntary benchmark),CSF 2.0 GV.SC-04; SP 800-82 Rev. 3 sec. 4.2.1; 6.1.5,Suppliers are known and prioritized by criticality,Voluntary benchmark (CSF 2.0 outcome),Yes (benchmark chosen in section 1),GV.SC-04,RA-9; SA-9; SR-6,Official NIST mapping (CSF 2.0 to SP 800-53 Rev. 5.2.0; 00_universal-framework/crosswalks/csf2_to_sp800-53r5.csv),"About 2,400 suppliers tiered; 46 Tier 1",Vendor register,Met,,,,,,"None (SP 800-82 Rev. 4 is an initial public draft, 2026-09-21; see report section 6)",n/a (document review),n/a,n/a,Enterprise
G-026,NIST CSF 2.0 with SP 800-82 Rev. 3 (voluntary benchmark),CSF 2.0 GV.SC-05; SP 800-82 Rev. 3 sec. 4.2.1; 6.1.5,"Requirements to address cybersecurity risks in supply chains are established, prioritized, and integrated into contracts and other types of agreements with suppliers and other relevant third parties",Voluntary benchmark (CSF 2.0 outcome),Yes (benchmark chosen in section 1),GV.SC-05,SA-4; SA-9; SR-3; SR-5,"Official NIST mapping (CSF 2.0 to SP 800-53 Rev. 5.2.0; 00_universal-framework/crosswalks/csf2_to_sp800-53r5.csv), subset",Security terms in standard contracts,Contract templates; sample,Partially met,AQ-01 inherited contracts and the TMU contract manufacturer agreement lack security terms,Moderate,Amend at renewal; addendum for the contract manufacturer (POAM-018),Director of Third-Party Risk Management,2027-03-31,"None (SP 800-82 Rev. 4 is an initial public draft, 2026-09-21; see report section 6)",410 suppliers with access or data,40 contracts (random),6 without security terms,Enterprise
G-027,NIST CSF 2.0 with SP 800-82 Rev. 3 (voluntary benchmark),CSF 2.0 GV.SC-06; SP 800-82 Rev. 3 sec. 4.2.1; 6.1.5,Planning and due diligence are performed to reduce risks before entering into formal supplier or other third-party relationships,Voluntary benchmark (CSF 2.0 outcome),Yes (benchmark chosen in section 1),GV.SC-06,SA-4; SA-9; SR-5; SR-6,Official NIST mapping (CSF 2.0 to SP 800-53 Rev. 5.2.0; 00_universal-framework/crosswalks/csf2_to_sp800-53r5.csv),Due diligence checklist before contracts and acquisitions since 2025-11,Checklist,Partially met,AQ-01 deal did not fund OT integration; checklist has no integration funding gate,Moderate,Integration funding standard for deals (R-061),"Vice President, Integration Management Office",2027-03-31,"None (SP 800-82 Rev. 4 is an initial public draft, 2026-09-21; see report section 6)",n/a (document review),n/a,n/a,Enterprise
G-028,NIST CSF 2.0 with SP 800-82 Rev. 3 (voluntary benchmark),CSF 2.0 GV.SC-07; SP 800-82 Rev. 3 sec. 4.2.1; 6.1.5,"The risks posed by a supplier, their products and services, and other third parties are understood, recorded, prioritized, assessed, responded to, and monitored over the course of the relationship",Voluntary benchmark (CSF 2.0 outcome),Yes (benchmark chosen in section 1),GV.SC-07,RA-9; SA-4; SA-9; SR-3,"Official NIST mapping (CSF 2.0 to SP 800-53 Rev. 5.2.0; 00_universal-framework/crosswalks/csf2_to_sp800-53r5.csv), subset",Tier 1 suppliers reviewed annually,Vendor register,Partially met,38% of Tier 2 reviews overdue,Moderate,Clear the Tier 2 backlog; add continuous monitoring (POAM-018),Director of Third-Party Risk Management,2027-03-31,"None (SP 800-82 Rev. 4 is an initial public draft, 2026-09-21; see report section 6)",46 Tier 1 and 312 Tier 2 suppliers,46 Tier 1 (100%); 40 Tier 2 (random),0 Tier 1; 15 Tier 2 overdue,Enterprise
G-029,NIST CSF 2.0 with SP 800-82 Rev. 3 (voluntary benchmark),CSF 2.0 GV.SC-08; SP 800-82 Rev. 3 sec. 4.2.1; 6.1.5,"Relevant suppliers and other third parties are included in incident planning, response, and recovery activities",Voluntary benchmark (CSF 2.0 outcome),Yes (benchmark chosen in section 1),GV.SC-08,SA-4; SA-9; SR-2; SR-3,"Official NIST mapping (CSF 2.0 to SP 800-53 Rev. 5.2.0; 00_universal-framework/crosswalks/csf2_to_sp800-53r5.csv), subset",MSSP and cloud providers in incident plans,IR plan,Partially met,Plant OEMs and the TMU contract manufacturer are not in incident plans or exercises,Low,Add OEM and contract manufacturer contacts and roles,Director of Security Operations,2027-03-31,"None (SP 800-82 Rev. 4 is an initial public draft, 2026-09-21; see report section 6)",n/a (document review),n/a,n/a,Enterprise
G-030,NIST CSF 2.0 with SP 800-82 Rev. 3 (voluntary benchmark),CSF 2.0 GV.SC-09; SP 800-82 Rev. 3 sec. 4.2.1; 6.1.5,"Supply chain security practices are integrated into cybersecurity and enterprise risk management programs, and their performance is monitored throughout the technology product and service life cycle",Voluntary benchmark (CSF 2.0 outcome),Yes (benchmark chosen in section 1),GV.SC-09,PM-9; PM-19; PM-28; PM-30,"Official NIST mapping (CSF 2.0 to SP 800-53 Rev. 5.2.0; 00_universal-framework/crosswalks/csf2_to_sp800-53r5.csv), subset",Supply chain practices tracked in the ERM register,P01,Met,,,,,,"None (SP 800-82 Rev. 4 is an initial public draft, 2026-09-21; see report section 6)",n/a (document review),n/a,n/a,Enterprise
G-031,NIST CSF 2.0 with SP 800-82 Rev. 3 (voluntary benchmark),CSF 2.0 GV.SC-10; SP 800-82 Rev. 3 sec. 4.2.1; 6.1.5,Cybersecurity supply chain risk management plans include provisions for activities that occur after the conclusion of a partnership or service agreement,Voluntary benchmark (CSF 2.0 outcome),Yes (benchmark chosen in section 1),GV.SC-10,PM-31; RA-3; RA-5; RA-7,"Official NIST mapping (CSF 2.0 to SP 800-53 Rev. 5.2.0; 00_universal-framework/crosswalks/csf2_to_sp800-53r5.csv), subset",Off-boarding removes supplier access and returns data,Off-boarding records,Met,,,,,,"None (SP 800-82 Rev. 4 is an initial public draft, 2026-09-21; see report section 6)",n/a (document review),n/a,n/a,Enterprise
G-032,NIST CSF 2.0 with SP 800-82 Rev. 3 (voluntary benchmark),CSF 2.0 ID.AM-01; SP 800-82 Rev. 3 sec. 6.1.1,Inventories of hardware managed by the organization are maintained,Voluntary benchmark (CSF 2.0 outcome),Yes (benchmark chosen in section 1),ID.AM-01,CM-8; PM-5,Official NIST mapping (CSF 2.0 to SP 800-53 Rev. 5.2.0; 00_universal-framework/crosswalks/csf2_to_sp800-53r5.csv),CMDB for IT; passive OT inventory at P1 to P6,CMDB; OT inventory; P07 CM-8,Partially met,AQ-01 OT inventory about 55% complete; 9 of 60 sampled kiosks and scanners not in the CMDB or wrongly located,Moderate,AQ-01 discovery; CMDB reconciliation (POAM-010),Director of OT Security,2027-03-31,"None (SP 800-82 Rev. 4 is an initial public draft, 2026-09-21; see report section 6)","About 3,900 OT assets and 1,100 kiosks","60 kiosks and scanners traced (random, P3 and P4)",9,P1 to P7; corporate; clouds
G-033,NIST CSF 2.0 with SP 800-82 Rev. 3 (voluntary benchmark),CSF 2.0 ID.AM-02; SP 800-82 Rev. 3 sec. 6.1.1,"Inventories of software, services, and systems managed by the organization are maintained",Voluntary benchmark (CSF 2.0 outcome),Yes (benchmark chosen in section 1),ID.AM-02,AC-20; CM-8; PM-5; SA-5,"Official NIST mapping (CSF 2.0 to SP 800-53 Rev. 5.2.0; 00_universal-framework/crosswalks/csf2_to_sp800-53r5.csv), subset",Software inventory from EDR and the OT monitoring sensors,Inventory reports,Partially met,AQ-01 OT software versions unknown,Low,Included in AQ-01 discovery (POAM-010),Director of OT Security,2027-03-31,"None (SP 800-82 Rev. 4 is an initial public draft, 2026-09-21; see report section 6)",n/a (document review),n/a,n/a,P1 to P7; corporate; clouds
G-034,NIST CSF 2.0 with SP 800-82 Rev. 3 (voluntary benchmark),CSF 2.0 ID.AM-03; SP 800-82 Rev. 3 sec. 5.2.3; 6.1.1,Representations of the organization's authorized network communication and internal and external network data flows are maintained,Voluntary benchmark (CSF 2.0 outcome),Yes (benchmark chosen in section 1),ID.AM-03,AC-4; CA-3; CA-9; PL-2,"Official NIST mapping (CSF 2.0 to SP 800-53 Rev. 5.2.0; 00_universal-framework/crosswalks/csf2_to_sp800-53r5.csv), subset",Network and data flow diagrams for P1 to P6 and the clouds,Diagrams,Partially met,"AQ-01 flows undocumented, including the two-way trust",Moderate,Document and then remove the trust (POAM-004),Director of Network Engineering,2027-03-31,"None (SP 800-82 Rev. 4 is an initial public draft, 2026-09-21; see report section 6)",n/a (document review),n/a,n/a,P1 to P7; corporate; clouds
G-035,NIST CSF 2.0 with SP 800-82 Rev. 3 (voluntary benchmark),CSF 2.0 ID.AM-04; SP 800-82 Rev. 3 sec. 6.1.1; 6.1.5,Inventories of services provided by suppliers are maintained,Voluntary benchmark (CSF 2.0 outcome),Yes (benchmark chosen in section 1),ID.AM-04,AC-20; SA-9; SR-2,Official NIST mapping (CSF 2.0 to SP 800-53 Rev. 5.2.0; 00_universal-framework/crosswalks/csf2_to_sp800-53r5.csv),Supplier services inventory in the vendor register,Vendor register,Met,,,,,,"None (SP 800-82 Rev. 4 is an initial public draft, 2026-09-21; see report section 6)",n/a (document review),n/a,n/a,P1 to P7; corporate; clouds
G-036,NIST CSF 2.0 with SP 800-82 Rev. 3 (voluntary benchmark),CSF 2.0 ID.AM-05; SP 800-82 Rev. 3 sec. 4.1.2; 6.1.1,"Assets are prioritized based on classification, criticality, resources, and impact on the mission",Voluntary benchmark (CSF 2.0 outcome),Yes (benchmark chosen in section 1),ID.AM-05,RA-3; RA-9; RA-2,Official NIST mapping (CSF 2.0 to SP 800-53 Rev. 5.2.0; 00_universal-framework/crosswalks/csf2_to_sp800-53r5.csv),Assets prioritized by BIA tier,CMDB tiers,Met,,,,,,"None (SP 800-82 Rev. 4 is an initial public draft, 2026-09-21; see report section 6)",n/a (document review),n/a,n/a,P1 to P7; corporate; clouds
G-037,NIST CSF 2.0 with SP 800-82 Rev. 3 (voluntary benchmark),CSF 2.0 ID.AM-07; SP 800-82 Rev. 3 sec. 6.2.3,Inventories of data and corresponding metadata for designated data types are maintained,Voluntary benchmark (CSF 2.0 outcome),Yes (benchmark chosen in section 1),ID.AM-07,CM-12; CM-13; SI-12,Official NIST mapping (CSF 2.0 to SP 800-53 Rev. 5.2.0; 00_universal-framework/crosswalks/csf2_to_sp800-53r5.csv),Data inventory for Restricted data types,Data inventory,Partially met,DOE certification test data at AQ-01 and HR extracts on file shares not inventoried,Moderate,Inventory and migrate (POAM-022),Corporate Director of Quality,2027-03-31,"None (SP 800-82 Rev. 4 is an initial public draft, 2026-09-21; see report section 6)",n/a (document review),n/a,n/a,P1 to P7; corporate; clouds
G-038,NIST CSF 2.0 with SP 800-82 Rev. 3 (voluntary benchmark),CSF 2.0 ID.AM-08; SP 800-82 Rev. 3 sec. 6.1.1; 6.2.11,"Systems, hardware, software, services, and data are managed throughout their life cycles",Voluntary benchmark (CSF 2.0 outcome),Yes (benchmark chosen in section 1),ID.AM-08,CM-9; CM-13; MA-2; MA-6,"Official NIST mapping (CSF 2.0 to SP 800-53 Rev. 5.2.0; 00_universal-framework/crosswalks/csf2_to_sp800-53r5.csv), subset",Life-cycle standards for IT and OT,STD-01.5,Partially met,148 HMIs and engineering workstations and 37 MES kiosks run unsupported operating systems,High,Compensating controls documented for every asset; funded refresh (POAM-009),"Vice President, Manufacturing Engineering",2027-06-30,"None (SP 800-82 Rev. 4 is an initial public draft, 2026-09-21; see report section 6)",About 620 HMIs and engineering workstations,100% (inventory analytic),148 unsupported; 96 without documented compensating controls,P1 to P7; corporate; clouds
G-039,NIST CSF 2.0 with SP 800-82 Rev. 3 (voluntary benchmark),CSF 2.0 ID.RA-01; SP 800-82 Rev. 3 sec. 6.1.3; 6.3.2,"Vulnerabilities in assets are identified, validated, and recorded",Voluntary benchmark (CSF 2.0 outcome),Yes (benchmark chosen in section 1),ID.RA-01,CA-2; CA-7; CA-8; RA-3,"Official NIST mapping (CSF 2.0 to SP 800-53 Rev. 5.2.0; 00_universal-framework/crosswalks/csf2_to_sp800-53r5.csv), subset",IT vulnerability scanning weekly; ICS advisories matched to the OT inventory,Scan reports; advisory log,Partially met,19 of 60 sampled applicable ICS advisories not triaged within 30 days,Moderate,Weekly triage; OEM patch packages (POAM-013),Director of OT Security,2027-03-31,"None (SP 800-82 Rev. 4 is an initial public draft, 2026-09-21; see report section 6)",214 applicable ICS advisories (2026-01 to 2026-06),60 (random),19,P1 to P7; corporate; clouds
G-040,NIST CSF 2.0 with SP 800-82 Rev. 3 (voluntary benchmark),CSF 2.0 ID.RA-02; SP 800-82 Rev. 3 sec. 6.1.3,Cyber threat intelligence is received from information sharing forums and sources,Voluntary benchmark (CSF 2.0 outcome),Yes (benchmark chosen in section 1),ID.RA-02,SI-5; PM-15; PM-16,Official NIST mapping (CSF 2.0 to SP 800-53 Rev. 5.2.0; 00_universal-framework/crosswalks/csf2_to_sp800-53r5.csv),Threat intelligence from government and sector sharing organizations and the MSSP,Intelligence feeds,Met,,,,,,"None (SP 800-82 Rev. 4 is an initial public draft, 2026-09-21; see report section 6)",n/a (document review),n/a,n/a,P1 to P7; corporate; clouds
G-041,NIST CSF 2.0 with SP 800-82 Rev. 3 (voluntary benchmark),CSF 2.0 ID.RA-03; SP 800-82 Rev. 3 sec. 4.1.2; Appendix C,Internal and external threats to the organization are identified and recorded,Voluntary benchmark (CSF 2.0 outcome),Yes (benchmark chosen in section 1),ID.RA-03,PM-12; PM-16; RA-3; SI-5,Official NIST mapping (CSF 2.0 to SP 800-53 Rev. 5.2.0; 00_universal-framework/crosswalks/csf2_to_sp800-53r5.csv),Threats recorded in P01 (SP 800-30 Appendices D and E; SP 800-82 Appendix C),P01,Met,,,,,,"None (SP 800-82 Rev. 4 is an initial public draft, 2026-09-21; see report section 6)",n/a (document review),n/a,n/a,P1 to P7; corporate; clouds
G-042,NIST CSF 2.0 with SP 800-82 Rev. 3 (voluntary benchmark),CSF 2.0 ID.RA-04; SP 800-82 Rev. 3 sec. 4.1.2,Potential impacts and likelihoods of threats exploiting vulnerabilities are identified and recorded,Voluntary benchmark (CSF 2.0 outcome),Yes (benchmark chosen in section 1),ID.RA-04,PM-9; PM-11; RA-2; RA-3,"Official NIST mapping (CSF 2.0 to SP 800-53 Rev. 5.2.0; 00_universal-framework/crosswalks/csf2_to_sp800-53r5.csv), subset",Impacts and likelihoods rated with P05 values,P01,Met,,,,,,"None (SP 800-82 Rev. 4 is an initial public draft, 2026-09-21; see report section 6)",n/a (document review),n/a,n/a,P1 to P7; corporate; clouds
G-043,NIST CSF 2.0 with SP 800-82 Rev. 3 (voluntary benchmark),CSF 2.0 ID.RA-05; SP 800-82 Rev. 3 sec. 4.1.2,"Threats, vulnerabilities, likelihoods, and impacts are used to understand inherent risk and inform risk response prioritization",Voluntary benchmark (CSF 2.0 outcome),Yes (benchmark chosen in section 1),ID.RA-05,PM-16; RA-2; RA-3; RA-7,Official NIST mapping (CSF 2.0 to SP 800-53 Rev. 5.2.0; 00_universal-framework/crosswalks/csf2_to_sp800-53r5.csv),Inherent and residual risk understood for all 66 risks,P01,Met,,,,,,"None (SP 800-82 Rev. 4 is an initial public draft, 2026-09-21; see report section 6)",n/a (document review),n/a,n/a,P1 to P7; corporate; clouds
G-044,NIST CSF 2.0 with SP 800-82 Rev. 3 (voluntary benchmark),CSF 2.0 ID.RA-06; SP 800-82 Rev. 3 sec. 4.1.3,"Risk responses are chosen, prioritized, planned, tracked, and communicated",Voluntary benchmark (CSF 2.0 outcome),Yes (benchmark chosen in section 1),ID.RA-06,PM-9; PM-18; PM-30; RA-7,Official NIST mapping (CSF 2.0 to SP 800-53 Rev. 5.2.0; 00_universal-framework/crosswalks/csf2_to_sp800-53r5.csv),Treatment plans with owners and dates for all risks,P01; POA&M,Met,,,,,,"None (SP 800-82 Rev. 4 is an initial public draft, 2026-09-21; see report section 6)",n/a (document review),n/a,n/a,P1 to P7; corporate; clouds
G-045,NIST CSF 2.0 with SP 800-82 Rev. 3 (voluntary benchmark),CSF 2.0 ID.RA-07; SP 800-82 Rev. 3 sec. 6.2.4,"Changes and exceptions are managed, assessed for risk impact, recorded, and tracked",Voluntary benchmark (CSF 2.0 outcome),Yes (benchmark chosen in section 1),ID.RA-07,CA-7; CM-3; CM-4,Official NIST mapping (CSF 2.0 to SP 800-53 Rev. 5.2.0; 00_universal-framework/crosswalks/csf2_to_sp800-53r5.csv),Exception register with risk ratings and expiry,Exception register,Met,,,,,,"None (SP 800-82 Rev. 4 is an initial public draft, 2026-09-21; see report section 6)",31 exceptions open in 2026,25 (random),0,P1 to P7; corporate; clouds
G-046,NIST CSF 2.0 with SP 800-82 Rev. 3 (voluntary benchmark),CSF 2.0 ID.RA-08; SP 800-82 Rev. 3 sec. 6.1.3,"Processes for receiving, analyzing, and responding to vulnerability disclosures are established",Voluntary benchmark (CSF 2.0 outcome),Yes (benchmark chosen in section 1),ID.RA-08,RA-5,Official NIST mapping (CSF 2.0 to SP 800-53 Rev. 5.2.0; 00_universal-framework/crosswalks/csf2_to_sp800-53r5.csv),PSIRT intake and coordinated disclosure policy,PSIRT records,Partially met,1 of 9 disclosures to addendum utilities sent on day 38; SBOMs for 61% of releases,High,Disclosure tracker with 30-day clock; SBOM for every release (POAM-019),Director of Product Security,2027-03-31,"None (SP 800-82 Rev. 4 is an initial public draft, 2026-09-21; see report section 6)",9 disclosures in 2026,9 (100%),1 late,P1 to P7; corporate; clouds
G-047,NIST CSF 2.0 with SP 800-82 Rev. 3 (voluntary benchmark),CSF 2.0 ID.RA-09; SP 800-82 Rev. 3 sec. 6.1.5,The authenticity and integrity of hardware and software are assessed prior to acquisition and use,Voluntary benchmark (CSF 2.0 outcome),Yes (benchmark chosen in section 1),ID.RA-09,SA-4; SA-5; SA-10; SA-11,"Official NIST mapping (CSF 2.0 to SP 800-53 Rev. 5.2.0; 00_universal-framework/crosswalks/csf2_to_sp800-53r5.csv), subset",Application firmware signed and hashes published,Signing records,Partially met,Boot firmware loaded by the contract manufacturer is not verified at final test; IT vendors not asked for SBOMs,High,Verify boot images at final test; SBOM requests to tier-1 vendors (POAM-018; POAM-019),Chief Technology Officer,2027-03-31,"None (SP 800-82 Rev. 4 is an initial public draft, 2026-09-21; see report section 6)",n/a (document review),n/a,n/a,P1 to P7; corporate; clouds
G-048,NIST CSF 2.0 with SP 800-82 Rev. 3 (voluntary benchmark),CSF 2.0 ID.RA-10; SP 800-82 Rev. 3 sec. 6.1.5,Critical suppliers are assessed prior to acquisition,Voluntary benchmark (CSF 2.0 outcome),Yes (benchmark chosen in section 1),ID.RA-10,SR-6,Official NIST mapping (CSF 2.0 to SP 800-53 Rev. 5.2.0; 00_universal-framework/crosswalks/csf2_to_sp800-53r5.csv),Tier 1 suppliers assessed before contract,Assessments,Partially met,TMU contract manufacturer never assessed,Moderate,On-site assessment (POAM-018),Director of Third-Party Risk Management,2027-03-31,"None (SP 800-82 Rev. 4 is an initial public draft, 2026-09-21; see report section 6)",n/a (document review),n/a,n/a,P1 to P7; corporate; clouds
G-049,NIST CSF 2.0 with SP 800-82 Rev. 3 (voluntary benchmark),CSF 2.0 ID.IM-01; SP 800-82 Rev. 3 sec. 4.3.5; 6.4.5,Improvements are identified from evaluations,Voluntary benchmark (CSF 2.0 outcome),Yes (benchmark chosen in section 1),ID.IM-01,AC-1; AT-1; AU-1; CA-1,"Official NIST mapping (CSF 2.0 to SP 800-53 Rev. 5.2.0; 00_universal-framework/crosswalks/csf2_to_sp800-53r5.csv), subset",Improvements from Internal Audit and the gap analysis tracked in one POA&M,P07 POA&M,Met,,,,,,"None (SP 800-82 Rev. 4 is an initial public draft, 2026-09-21; see report section 6)",n/a (document review),n/a,n/a,P1 to P7; corporate; clouds
G-050,NIST CSF 2.0 with SP 800-82 Rev. 3 (voluntary benchmark),CSF 2.0 ID.IM-02; SP 800-82 Rev. 3 sec. 3.3.8; 6.4.5,"Improvements are identified from security tests and exercises, including those done in coordination with suppliers and relevant third parties",Voluntary benchmark (CSF 2.0 outcome),Yes (benchmark chosen in section 1),ID.IM-02,AC-1; AT-1; AU-1; CA-1,"Official NIST mapping (CSF 2.0 to SP 800-53 Rev. 5.2.0; 00_universal-framework/crosswalks/csf2_to_sp800-53r5.csv), subset",Annual tabletop and DR tests,After-action reports,Partially met,No exercise has covered an OT ransomware scenario with the disclosure committee; plant OEMs not included,Moderate,OT ransomware tabletop 2026-11-18 (POAM-011),General Counsel,2026-11-30,"None (SP 800-82 Rev. 4 is an initial public draft, 2026-09-21; see report section 6)",n/a (document review),n/a,n/a,P1 to P7; corporate; clouds
G-051,NIST CSF 2.0 with SP 800-82 Rev. 3 (voluntary benchmark),CSF 2.0 ID.IM-03; SP 800-82 Rev. 3 sec. 6.4.5,"Improvements are identified from execution of operational processes, procedures, and activities",Voluntary benchmark (CSF 2.0 outcome),Yes (benchmark chosen in section 1),ID.IM-03,AC-1; AT-1; AU-1; CA-1,"Official NIST mapping (CSF 2.0 to SP 800-53 Rev. 5.2.0; 00_universal-framework/crosswalks/csf2_to_sp800-53r5.csv), subset",Lessons learned from incidents and operations recorded,Case records,Met,,,,,,"None (SP 800-82 Rev. 4 is an initial public draft, 2026-09-21; see report section 6)",n/a (document review),n/a,n/a,P1 to P7; corporate; clouds
G-052,NIST CSF 2.0 with SP 800-82 Rev. 3 (voluntary benchmark),CSF 2.0 ID.IM-04; SP 800-82 Rev. 3 sec. 3.3.8; 3.3.9; 6.4.1,"Incident response plans and other cybersecurity plans that affect operations are established, communicated, maintained, and improved",Voluntary benchmark (CSF 2.0 outcome),Yes (benchmark chosen in section 1),ID.IM-04,CP-2; IR-8; PL-2; SR-2,Official NIST mapping (CSF 2.0 to SP 800-53 Rev. 5.2.0; 00_universal-framework/crosswalks/csf2_to_sp800-53r5.csv),"Incident response plan, P08 runbook, contingency plans",Plans,Partially met,Materiality procedure lacks a production-loss method; runbook does not separate 24-hour and 48-hour utility terms,High,Update the procedure and runbook (POAM-011; POAM-016),General Counsel,2026-11-30,"None (SP 800-82 Rev. 4 is an initial public draft, 2026-09-21; see report section 6)",n/a (document review),n/a,n/a,P1 to P7; corporate; clouds
G-053,NIST CSF 2.0 with SP 800-82 Rev. 3 (voluntary benchmark),CSF 2.0 PR.AA-01; SP 800-82 Rev. 3 sec. 6.2.1,"Identities and credentials for authorized users, services, and hardware are managed by the organization",Voluntary benchmark (CSF 2.0 outcome),Yes (benchmark chosen in section 1),PR.AA-01,AC-1; AC-2; AC-14; IA-1,"Official NIST mapping (CSF 2.0 to SP 800-53 Rev. 5.2.0; 00_universal-framework/crosswalks/csf2_to_sp800-53r5.csv), subset",Identity governance for workforce; PAM vault for service accounts,Identity reports; P07 IA-5,Partially met,OEM default passwords on 5 drying oven HMI web interfaces; shared operator logins on older HMIs,High,Change passwords with OEMs; default-credential check at commissioning (POAM-012),"Vice President, Manufacturing Engineering",2026-10-31,"None (SP 800-82 Rev. 4 is an initial public draft, 2026-09-21; see report section 6)",About 90 OT devices with web interfaces in zones adjacent to MES,100% (credential test),5,P1 to P7; corporate; clouds
G-054,NIST CSF 2.0 with SP 800-82 Rev. 3 (voluntary benchmark),CSF 2.0 PR.AA-02; SP 800-82 Rev. 3 sec. 6.2.1,Identities are proofed and bound to credentials based on the context of interactions,Voluntary benchmark (CSF 2.0 outcome),Yes (benchmark chosen in section 1),PR.AA-02,IA-12,Official NIST mapping (CSF 2.0 to SP 800-53 Rev. 5.2.0; 00_universal-framework/crosswalks/csf2_to_sp800-53r5.csv),Identity proofing at hire; supplier users vouched by supplier administrators,HR records,Met,,,,,,"None (SP 800-82 Rev. 4 is an initial public draft, 2026-09-21; see report section 6)",n/a (document review),n/a,n/a,P1 to P7; corporate; clouds
G-055,NIST CSF 2.0 with SP 800-82 Rev. 3 (voluntary benchmark),CSF 2.0 PR.AA-03; SP 800-82 Rev. 3 sec. 6.2.1; 6.2.10,"Users, services, and hardware are authenticated",Voluntary benchmark (CSF 2.0 outcome),Yes (benchmark chosen in section 1),PR.AA-03,AC-7; AC-12; IA-2; IA-3,"Official NIST mapping (CSF 2.0 to SP 800-53 Rev. 5.2.0; 00_universal-framework/crosswalks/csf2_to_sp800-53r5.csv), subset",SSO with MFA; FIDO2 for administrators; OT remote access gateway,Conditional access; gateway logs,Partially met,AQ-01 cellular routers without MFA; MFA not enforced for 9% of supplier portal accounts,High,Gateway at AQ-01 (POAM-008); supplier MFA (POAM-002),Director of OT Security,2027-03-31,"None (SP 800-82 Rev. 4 is an initial public draft, 2026-09-21; see report section 6)",420 supplier portal accounts,100% (data analytic),38 without MFA,P1 to P7; corporate; clouds
G-056,NIST CSF 2.0 with SP 800-82 Rev. 3 (voluntary benchmark),CSF 2.0 PR.AA-04; SP 800-82 Rev. 3 sec. 6.2.1,"Identity assertions are protected, conveyed, and verified",Voluntary benchmark (CSF 2.0 outcome),Yes (benchmark chosen in section 1),PR.AA-04,IA-13,Official NIST mapping (CSF 2.0 to SP 800-53 Rev. 5.2.0; 00_universal-framework/crosswalks/csf2_to_sp800-53r5.csv),Federation assertions signed; token lifetimes limited,Federation settings,Met,,,,,,"None (SP 800-82 Rev. 4 is an initial public draft, 2026-09-21; see report section 6)",n/a (document review),n/a,n/a,P1 to P7; corporate; clouds
G-057,NIST CSF 2.0 with SP 800-82 Rev. 3 (voluntary benchmark),CSF 2.0 PR.AA-05; SP 800-82 Rev. 3 sec. 6.2.1,"Access permissions, entitlements, and authorizations are defined in a policy, managed, enforced, and reviewed, and incorporate the principles of least privilege and separation of duties",Voluntary benchmark (CSF 2.0 outcome),Yes (benchmark chosen in section 1),PR.AA-05,AC-1; AC-2; AC-3; AC-5,"Official NIST mapping (CSF 2.0 to SP 800-53 Rev. 5.2.0; 00_universal-framework/crosswalks/csf2_to_sp800-53r5.csv), subset",Role-based access with quarterly certification,Certification records; P07 AC-5,Partially met,23 users with separation-of-duties conflicts; AQ-01 terminations manual,Moderate,Remove conflicts (POAM-003); federation (POAM-001),"Vice President, Enterprise Applications",2026-12-31,"None (SP 800-82 Rev. 4 is an initial public draft, 2026-09-21; see report section 6)","5,600 ERP users",100% (SoD analytic),23 conflicts,P1 to P7; corporate; clouds
G-058,NIST CSF 2.0 with SP 800-82 Rev. 3 (voluntary benchmark),CSF 2.0 PR.AA-06; SP 800-82 Rev. 3 sec. 5.2.2,"Physical access to assets is managed, monitored, and enforced commensurate with risk",Voluntary benchmark (CSF 2.0 outcome),Yes (benchmark chosen in section 1),PR.AA-06,PE-2; PE-3; PE-4; PE-5,"Official NIST mapping (CSF 2.0 to SP 800-53 Rev. 5.2.0; 00_universal-framework/crosswalks/csf2_to_sp800-53r5.csv), subset","Badge access at plants, server rooms, and colocation",Badge reviews,Partially met,"Spare yards: CCTV at 2 of 3, no intrusion detection at the Tennessee yard",Moderate,Yard monitoring (POAM-023),"Vice President, Spares and Services",2027-03-31,"None (SP 800-82 Rev. 4 is an initial public draft, 2026-09-21; see report section 6)",n/a (document review),n/a,n/a,P1 to P7; corporate; clouds
G-059,NIST CSF 2.0 with SP 800-82 Rev. 3 (voluntary benchmark),CSF 2.0 PR.AT-01; SP 800-82 Rev. 3 sec. 3.3.5; 6.2.2,Personnel are provided with awareness and training so that they possess the knowledge and skills to perform general tasks with cybersecurity risks in mind,Voluntary benchmark (CSF 2.0 outcome),Yes (benchmark chosen in section 1),PR.AT-01,AT-2; AT-3,Official NIST mapping (CSF 2.0 to SP 800-53 Rev. 5.2.0; 00_universal-framework/crosswalks/csf2_to_sp800-53r5.csv),Annual awareness training and phishing simulations,Learning system,Met,,,,,,"None (SP 800-82 Rev. 4 is an initial public draft, 2026-09-21; see report section 6)","12,000 workforce",60 training records (random),0,P1 to P7; corporate; clouds
G-060,NIST CSF 2.0 with SP 800-82 Rev. 3 (voluntary benchmark),CSF 2.0 PR.AT-02; SP 800-82 Rev. 3 sec. 6.2.2,Individuals in specialized roles are provided with awareness and training so that they possess the knowledge and skills to perform relevant tasks with cybersecurity risks in mind,Voluntary benchmark (CSF 2.0 outcome),Yes (benchmark chosen in section 1),PR.AT-02,AT-3,Official NIST mapping (CSF 2.0 to SP 800-53 Rev. 5.2.0; 00_universal-framework/crosswalks/csf2_to_sp800-53r5.csv),Role-based training for administrators and planners,Role training report,Partially met,22% of controls technicians and MES administrators lack OT security role training; field technicians not trained on utility access rules,Moderate,OT role curriculum (POAM-017),Chief Human Resources Officer,2027-03-31,"None (SP 800-82 Rev. 4 is an initial public draft, 2026-09-21; see report section 6)",n/a (document review),n/a,n/a,P1 to P7; corporate; clouds
G-061,NIST CSF 2.0 with SP 800-82 Rev. 3 (voluntary benchmark),CSF 2.0 PR.DS-01; SP 800-82 Rev. 3 sec. 6.2.3,"The confidentiality, integrity, and availability of data-at-rest are protected",Voluntary benchmark (CSF 2.0 outcome),Yes (benchmark chosen in section 1),PR.DS-01,CA-3; CP-9; MP-8; SC-4,"Official NIST mapping (CSF 2.0 to SP 800-53 Rev. 5.2.0; 00_universal-framework/crosswalks/csf2_to_sp800-53r5.csv), subset",Encryption at rest in both clouds and on laptops,Encryption settings; P07 SC-28,Met,,,,,,"None (SP 800-82 Rev. 4 is an initial public draft, 2026-09-21; see report section 6)",n/a (document review),n/a,n/a,P1 to P7; corporate; clouds
G-062,NIST CSF 2.0 with SP 800-82 Rev. 3 (voluntary benchmark),CSF 2.0 PR.DS-02; SP 800-82 Rev. 3 sec. 6.2.3; 5.2.3,"The confidentiality, integrity, and availability of data-in-transit are protected",Voluntary benchmark (CSF 2.0 outcome),Yes (benchmark chosen in section 1),PR.DS-02,AU-16; CA-3; SC-4; SC-7,"Official NIST mapping (CSF 2.0 to SP 800-53 Rev. 5.2.0; 00_universal-framework/crosswalks/csf2_to_sp800-53r5.csv), subset",TLS for interfaces; SD-WAN encryption,TLS scan,Met,,,,,,"None (SP 800-82 Rev. 4 is an initial public draft, 2026-09-21; see report section 6)",n/a (document review),n/a,n/a,P1 to P7; corporate; clouds
G-063,NIST CSF 2.0 with SP 800-82 Rev. 3 (voluntary benchmark),CSF 2.0 PR.DS-10; SP 800-82 Rev. 3 sec. 6.2.3,"The confidentiality, integrity, and availability of data-in-use are protected",Voluntary benchmark (CSF 2.0 outcome),Yes (benchmark chosen in section 1),PR.DS-10,AC-2; AC-3; AC-4; AU-9,"Official NIST mapping (CSF 2.0 to SP 800-53 Rev. 5.2.0; 00_universal-framework/crosswalks/csf2_to_sp800-53r5.csv), subset","Data-in-use controls: session timeouts, DLP, screen locks",Settings,Met,,,,,,"None (SP 800-82 Rev. 4 is an initial public draft, 2026-09-21; see report section 6)",n/a (document review),n/a,n/a,P1 to P7; corporate; clouds
G-064,NIST CSF 2.0 with SP 800-82 Rev. 3 (voluntary benchmark),CSF 2.0 PR.DS-11; SP 800-82 Rev. 3 sec. 6.2.4; 3.3.9,"Backups of data are created, protected, maintained, and tested",Voluntary benchmark (CSF 2.0 outcome),Yes (benchmark chosen in section 1),PR.DS-11,CP-6; CP-9,Official NIST mapping (CSF 2.0 to SP 800-53 Rev. 5.2.0; 00_universal-framework/crosswalks/csf2_to_sp800-53r5.csv),Immutable cloud backups; automated controller program backups at P1 to P6,Backup reports; P07 CP-9,Partially met,Controller restores tested at 2 of 7 plants; P3 MES configuration database excluded from backups; AQ-01 copies by hand,High,Restore tests at every plant; fix MES jobs (POAM-007),"Vice President, Manufacturing Engineering",2027-06-30,"None (SP 800-82 Rev. 4 is an initial public draft, 2026-09-21; see report section 6)",6 MES instances; 7 plants,6 MES backup sets; 7 plants (100%),1 MES set incomplete; 5 plants untested,P1 to P7; corporate; clouds
G-065,NIST CSF 2.0 with SP 800-82 Rev. 3 (voluntary benchmark),CSF 2.0 PR.PS-01; SP 800-82 Rev. 3 sec. 6.2.4,Configuration management practices are established and applied,Voluntary benchmark (CSF 2.0 outcome),Yes (benchmark chosen in section 1),PR.PS-01,CM-1; CM-2; CM-3; CM-4,"Official NIST mapping (CSF 2.0 to SP 800-53 Rev. 5.2.0; 00_universal-framework/crosswalks/csf2_to_sp800-53r5.csv), subset",Change advisory board; configuration baselines,Change records; P07 CM-3,Partially met,5 of 40 sampled master data and APS changes lacked independent approval,Moderate,Workflow approval (POAM-003),"Vice President, Enterprise Applications",2026-12-31,"None (SP 800-82 Rev. 4 is an initial public draft, 2026-09-21; see report section 6)",212 EPSP changes (2026-01 to 2026-06),40 (random),5,P1 to P7; corporate; clouds
G-066,NIST CSF 2.0 with SP 800-82 Rev. 3 (voluntary benchmark),CSF 2.0 PR.PS-02; SP 800-82 Rev. 3 sec. 6.2.11,"Software is maintained, replaced, and removed commensurate with risk",Voluntary benchmark (CSF 2.0 outcome),Yes (benchmark chosen in section 1),PR.PS-02,CM-11; MA-3(6); SA-10(1); SI-2,"Official NIST mapping (CSF 2.0 to SP 800-53 Rev. 5.2.0; 00_universal-framework/crosswalks/csf2_to_sp800-53r5.csv), subset",Monthly IT patching; OT patching by OEM packages,Patch reports; P07 SI-2,Partially met,3 of 60 sampled critical IT patches late; unsupported OT software (ID.AM-08),High,POAM-013; POAM-009,Director of Security Operations,2027-06-30,"None (SP 800-82 Rev. 4 is an initial public draft, 2026-09-21; see report section 6)","1,240 critical patches",60 (random),3,P1 to P7; corporate; clouds
G-067,NIST CSF 2.0 with SP 800-82 Rev. 3 (voluntary benchmark),CSF 2.0 PR.PS-03; SP 800-82 Rev. 3 sec. 6.2.5,"Hardware is maintained, replaced, and removed commensurate with risk",Voluntary benchmark (CSF 2.0 outcome),Yes (benchmark chosen in section 1),PR.PS-03,CM-7(9); SA-10(3); SC-3(1); SC-39(1),"Official NIST mapping (CSF 2.0 to SP 800-53 Rev. 5.2.0; 00_universal-framework/crosswalks/csf2_to_sp800-53r5.csv), subset",Hardware refresh cycles for IT,Refresh plan,Partially met,OT workstation hardware tied to unsupported operating systems,Moderate,Funded refresh (POAM-009),"Vice President, Manufacturing Engineering",2027-06-30,"None (SP 800-82 Rev. 4 is an initial public draft, 2026-09-21; see report section 6)",n/a (document review),n/a,n/a,P1 to P7; corporate; clouds
G-068,NIST CSF 2.0 with SP 800-82 Rev. 3 (voluntary benchmark),CSF 2.0 PR.PS-04; SP 800-82 Rev. 3 sec. 6.3.2,Log records are generated and made available for continuous monitoring,Voluntary benchmark (CSF 2.0 outcome),Yes (benchmark chosen in section 1),PR.PS-04,AU-2; AU-3; AU-6; AU-7,"Official NIST mapping (CSF 2.0 to SP 800-53 Rev. 5.2.0; 00_universal-framework/crosswalks/csf2_to_sp800-53r5.csv), subset","Logs from ERP, identity, cloud, EDR, and four MES instances",SIEM source list; P07 AU-6,Partially met,MES logs at P3 and P4 and all AQ-01 systems not in the SIEM,Moderate,Onboard sources (POAM-005),Director of Security Operations,2026-12-31,"None (SP 800-82 Rev. 4 is an initial public draft, 2026-09-21; see report section 6)",63 tier-1 log sources,100%,7 missing,P1 to P7; corporate; clouds
G-069,NIST CSF 2.0 with SP 800-82 Rev. 3 (voluntary benchmark),CSF 2.0 PR.PS-05; SP 800-82 Rev. 3 sec. 6.2.6,Installation and execution of unauthorized software are prevented,Voluntary benchmark (CSF 2.0 outcome),Yes (benchmark chosen in section 1),PR.PS-05,CM-7(2); CM-7(4); CM-7(5); SC-34,Official NIST mapping (CSF 2.0 to SP 800-53 Rev. 5.2.0; 00_universal-framework/crosswalks/csf2_to_sp800-53r5.csv),Allowlisting on kiosks and 40% of HMIs; EDR blocks unapproved tools on IT endpoints,Allowlist reports,Partially met,An OEM remote tool was installed on a P4 engineering workstation,Moderate,Quarterly scan for remote tools; allowlisting at replacement (POAM-008),Director of OT Security,2027-03-31,"None (SP 800-82 Rev. 4 is an initial public draft, 2026-09-21; see report section 6)",n/a (document review),n/a,n/a,P1 to P7; corporate; clouds
G-070,NIST CSF 2.0 with SP 800-82 Rev. 3 (voluntary benchmark),CSF 2.0 PR.PS-06; SP 800-82 Rev. 3 sec. 5.2.5,"Secure software development practices are integrated, and their performance is monitored throughout the software development life cycle",Voluntary benchmark (CSF 2.0 outcome),Yes (benchmark chosen in section 1),PR.PS-06,SA-3; SA-8; SA-10; SA-11,"Official NIST mapping (CSF 2.0 to SP 800-53 Rev. 5.2.0; 00_universal-framework/crosswalks/csf2_to_sp800-53r5.csv), subset",Secure development lifecycle for TMU firmware and configuration software,SDL records,Partially met,SBOMs for 61% of releases; FMS analytics model updates lack formal change control,Moderate,SBOM for every release; model change control (POAM-019),Chief Technology Officer,2027-03-31,"None (SP 800-82 Rev. 4 is an initial public draft, 2026-09-21; see report section 6)",n/a (document review),n/a,n/a,P1 to P7; corporate; clouds
G-071,NIST CSF 2.0 with SP 800-82 Rev. 3 (voluntary benchmark),CSF 2.0 PR.IR-01; SP 800-82 Rev. 3 sec. 5.2.3,Networks and environments are protected from unauthorized logical access and usage,Voluntary benchmark (CSF 2.0 outcome),Yes (benchmark chosen in section 1),PR.IR-01,AC-3; AC-4; SC-4; SC-5,"Official NIST mapping (CSF 2.0 to SP 800-53 Rev. 5.2.0; 00_universal-framework/crosswalks/csf2_to_sp800-53r5.csv), subset",OT DMZs and deny-by-default boundaries at P1 to P6; landing zone hub,Firewall exports; P07 SC-7,Partially met,"AQ-01 flat OT network, dual-homed MES, and two-way domain trust",High,Remove trust; OT DMZ at AQ-01 (POAM-004),"Vice President, Integration Management Office",2027-03-31,"None (SP 800-82 Rev. 4 is an initial public draft, 2026-09-21; see report section 6)",n/a (document review),n/a,n/a,P1 to P7; corporate; clouds
G-072,NIST CSF 2.0 with SP 800-82 Rev. 3 (voluntary benchmark),CSF 2.0 PR.IR-02; SP 800-82 Rev. 3 sec. 5.3.5,The organization's technology assets are protected from environmental threats,Voluntary benchmark (CSF 2.0 outcome),Yes (benchmark chosen in section 1),PR.IR-02,CP-2; PE-9; PE-10; PE-11,"Official NIST mapping (CSF 2.0 to SP 800-53 Rev. 5.2.0; 00_universal-framework/crosswalks/csf2_to_sp800-53r5.csv), subset","Generators, fire suppression, and hurricane plans",Facility records,Met,,,,,,"None (SP 800-82 Rev. 4 is an initial public draft, 2026-09-21; see report section 6)",n/a (document review),n/a,n/a,P1 to P7; corporate; clouds
G-073,NIST CSF 2.0 with SP 800-82 Rev. 3 (voluntary benchmark),CSF 2.0 PR.IR-03; SP 800-82 Rev. 3 sec. 5.3.2,Mechanisms are implemented to achieve resilience requirements in normal and adverse situations,Voluntary benchmark (CSF 2.0 outcome),Yes (benchmark chosen in section 1),PR.IR-03,CP; IR; SA-8; SA-24,"Official NIST mapping (CSF 2.0 to SP 800-53 Rev. 5.2.0; 00_universal-framework/crosswalks/csf2_to_sp800-53r5.csv), subset",Warm standby regions; dual carriers,DR test report,Partially met,ERP failover took 11 hours against an 8-hour RTO,High,Automate failover (POAM-006),"Vice President, Enterprise Applications",2027-01-31,"None (SP 800-82 Rev. 4 is an initial public draft, 2026-09-21; see report section 6)",n/a (document review),n/a,n/a,P1 to P7; corporate; clouds
G-074,NIST CSF 2.0 with SP 800-82 Rev. 3 (voluntary benchmark),CSF 2.0 PR.IR-04; SP 800-82 Rev. 3 sec. 5.3.2,Adequate resource capacity to ensure availability is maintained,Voluntary benchmark (CSF 2.0 outcome),Yes (benchmark chosen in section 1),PR.IR-04,CP-6; CP-7; CP-8; PM-3,"Official NIST mapping (CSF 2.0 to SP 800-53 Rev. 5.2.0; 00_universal-framework/crosswalks/csf2_to_sp800-53r5.csv), subset",Capacity monitored for cloud and network,Capacity reports,Met,,,,,,"None (SP 800-82 Rev. 4 is an initial public draft, 2026-09-21; see report section 6)",n/a (document review),n/a,n/a,P1 to P7; corporate; clouds
G-075,NIST CSF 2.0 with SP 800-82 Rev. 3 (voluntary benchmark),CSF 2.0 DE.CM-01; SP 800-82 Rev. 3 sec. 6.3.2,Networks and network services are monitored to find potentially adverse events,Voluntary benchmark (CSF 2.0 outcome),Yes (benchmark chosen in section 1),DE.CM-01,AC-2; AU-12; CA-7; CM-3,"Official NIST mapping (CSF 2.0 to SP 800-53 Rev. 5.2.0; 00_universal-framework/crosswalks/csf2_to_sp800-53r5.csv), subset",Network detection in the clouds and OT sensors at P1 to P6,Sensor coverage report; P07 SI-4,Partially met,No OT monitoring at AQ-01; a rogue device test there went undetected,Moderate,OT sensor at AQ-01 (POAM-015),Director of OT Security,2027-03-31,"None (SP 800-82 Rev. 4 is an initial public draft, 2026-09-21; see report section 6)",n/a (document review),n/a,n/a,P1 to P7; corporate; clouds
G-076,NIST CSF 2.0 with SP 800-82 Rev. 3 (voluntary benchmark),CSF 2.0 DE.CM-02; SP 800-82 Rev. 3 sec. 6.3.2; 5.2.2,The physical environment is monitored to find potentially adverse events,Voluntary benchmark (CSF 2.0 outcome),Yes (benchmark chosen in section 1),DE.CM-02,CA-7; PE-3; PE-6; PE-20,Official NIST mapping (CSF 2.0 to SP 800-53 Rev. 5.2.0; 00_universal-framework/crosswalks/csf2_to_sp800-53r5.csv),CCTV and alarms at plants and server rooms,Alarm records,Partially met,Spare yards not fully monitored,Low,POAM-023,"Vice President, Spares and Services",2027-03-31,"None (SP 800-82 Rev. 4 is an initial public draft, 2026-09-21; see report section 6)",n/a (document review),n/a,n/a,P1 to P7; corporate; clouds
G-077,NIST CSF 2.0 with SP 800-82 Rev. 3 (voluntary benchmark),CSF 2.0 DE.CM-03; SP 800-82 Rev. 3 sec. 6.3.2,Personnel activity and technology usage are monitored to find potentially adverse events,Voluntary benchmark (CSF 2.0 outcome),Yes (benchmark chosen in section 1),DE.CM-03,AC-2; AU-12; AU-13; CA-7,"Official NIST mapping (CSF 2.0 to SP 800-53 Rev. 5.2.0; 00_universal-framework/crosswalks/csf2_to_sp800-53r5.csv), subset",User behavior analytics on identity and data platforms,SIEM use cases,Met,,,,,,"None (SP 800-82 Rev. 4 is an initial public draft, 2026-09-21; see report section 6)",n/a (document review),n/a,n/a,P1 to P7; corporate; clouds
G-078,NIST CSF 2.0 with SP 800-82 Rev. 3 (voluntary benchmark),CSF 2.0 DE.CM-06; SP 800-82 Rev. 3 sec. 6.3.2; 6.2.10,External service provider activities and services are monitored to find potentially adverse events,Voluntary benchmark (CSF 2.0 outcome),Yes (benchmark chosen in section 1),DE.CM-06,CA-7; PS-7; SA-4; SA-9,"Official NIST mapping (CSF 2.0 to SP 800-53 Rev. 5.2.0; 00_universal-framework/crosswalks/csf2_to_sp800-53r5.csv), subset",Gateway sessions recorded; MSSP actions logged,Gateway logs,Partially met,OEM sessions at AQ-01 are not logged,Moderate,POAM-008,Director of OT Security,2027-03-31,"None (SP 800-82 Rev. 4 is an initial public draft, 2026-09-21; see report section 6)",n/a (document review),n/a,n/a,P1 to P7; corporate; clouds
G-079,NIST CSF 2.0 with SP 800-82 Rev. 3 (voluntary benchmark),CSF 2.0 DE.CM-09; SP 800-82 Rev. 3 sec. 6.3.2,"Computing hardware and software, runtime environments, and their data are monitored to find potentially adverse events",Voluntary benchmark (CSF 2.0 outcome),Yes (benchmark chosen in section 1),DE.CM-09,AC-4; AC-9; AU-12; CA-7,"Official NIST mapping (CSF 2.0 to SP 800-53 Rev. 5.2.0; 00_universal-framework/crosswalks/csf2_to_sp800-53r5.csv), subset",EDR and integrity monitoring on servers and endpoints,EDR console,Partially met,MES application events at P3 and P4 not monitored,Moderate,POAM-005,Director of Security Operations,2026-12-31,"None (SP 800-82 Rev. 4 is an initial public draft, 2026-09-21; see report section 6)",n/a (document review),n/a,n/a,P1 to P7; corporate; clouds
G-080,NIST CSF 2.0 with SP 800-82 Rev. 3 (voluntary benchmark),CSF 2.0 DE.AE-02; SP 800-82 Rev. 3 sec. 6.3.1,Potentially adverse events are analyzed to better understand associated activities,Voluntary benchmark (CSF 2.0 outcome),Yes (benchmark chosen in section 1),DE.AE-02,AU-6; CA-7; IR-4; SI-4,Official NIST mapping (CSF 2.0 to SP 800-53 Rev. 5.2.0; 00_universal-framework/crosswalks/csf2_to_sp800-53r5.csv),SOC analysis with playbooks,Case records,Met,,,,,,"None (SP 800-82 Rev. 4 is an initial public draft, 2026-09-21; see report section 6)",n/a (document review),n/a,n/a,P1 to P7; corporate; clouds
G-081,NIST CSF 2.0 with SP 800-82 Rev. 3 (voluntary benchmark),CSF 2.0 DE.AE-03; SP 800-82 Rev. 3 sec. 6.3.1,Information is correlated from multiple sources,Voluntary benchmark (CSF 2.0 outcome),Yes (benchmark chosen in section 1),DE.AE-03,AU-6; CA-7; PM-16; IR-4,"Official NIST mapping (CSF 2.0 to SP 800-53 Rev. 5.2.0; 00_universal-framework/crosswalks/csf2_to_sp800-53r5.csv), subset",SIEM correlation for IT sources,Use cases,Partially met,OT sensor alerts not correlated in the SIEM,Moderate,POAM-005,Director of Security Operations,2026-12-31,"None (SP 800-82 Rev. 4 is an initial public draft, 2026-09-21; see report section 6)",n/a (document review),n/a,n/a,P1 to P7; corporate; clouds
G-082,NIST CSF 2.0 with SP 800-82 Rev. 3 (voluntary benchmark),CSF 2.0 DE.AE-04; SP 800-82 Rev. 3 sec. 6.3.1,The estimated impact and scope of adverse events are understood,Voluntary benchmark (CSF 2.0 outcome),Yes (benchmark chosen in section 1),DE.AE-04,PM-9; PM-11; PM-18; PM-28,"Official NIST mapping (CSF 2.0 to SP 800-53 Rev. 5.2.0; 00_universal-framework/crosswalks/csf2_to_sp800-53r5.csv), subset",Impact and scope estimated during triage using BIA tiers,Case records,Met,,,,,,"None (SP 800-82 Rev. 4 is an initial public draft, 2026-09-21; see report section 6)",n/a (document review),n/a,n/a,P1 to P7; corporate; clouds
G-083,NIST CSF 2.0 with SP 800-82 Rev. 3 (voluntary benchmark),CSF 2.0 DE.AE-06; SP 800-82 Rev. 3 sec. 6.3.3,Information on adverse events is provided to authorized staff and tools,Voluntary benchmark (CSF 2.0 outcome),Yes (benchmark chosen in section 1),DE.AE-06,IR-4; PM-15; PM-16; RA-4,"Official NIST mapping (CSF 2.0 to SP 800-53 Rev. 5.2.0; 00_universal-framework/crosswalks/csf2_to_sp800-53r5.csv), subset",Alerts routed to the SOC 24x7 for IT,Routing rules,Partially met,OT alerts reach the OT team in business hours only,Moderate,POAM-005,Director of OT Security,2026-12-31,"None (SP 800-82 Rev. 4 is an initial public draft, 2026-09-21; see report section 6)",n/a (document review),n/a,n/a,P1 to P7; corporate; clouds
G-084,NIST CSF 2.0 with SP 800-82 Rev. 3 (voluntary benchmark),CSF 2.0 DE.AE-07; SP 800-82 Rev. 3 sec. 6.3.1,Cyber threat intelligence and other contextual information are integrated into the analysis,Voluntary benchmark (CSF 2.0 outcome),Yes (benchmark chosen in section 1),DE.AE-07,PM-16; RA-3; RA-10,Official NIST mapping (CSF 2.0 to SP 800-53 Rev. 5.2.0; 00_universal-framework/crosswalks/csf2_to_sp800-53r5.csv),Threat intelligence integrated into detection,SIEM enrichment,Met,,,,,,"None (SP 800-82 Rev. 4 is an initial public draft, 2026-09-21; see report section 6)",n/a (document review),n/a,n/a,P1 to P7; corporate; clouds
G-085,NIST CSF 2.0 with SP 800-82 Rev. 3 (voluntary benchmark),CSF 2.0 DE.AE-08; SP 800-82 Rev. 3 sec. 6.3.1,Incidents are declared when adverse events meet the defined incident criteria,Voluntary benchmark (CSF 2.0 outcome),Yes (benchmark chosen in section 1),DE.AE-08,IR-4; IR-8,Official NIST mapping (CSF 2.0 to SP 800-53 Rev. 5.2.0; 00_universal-framework/crosswalks/csf2_to_sp800-53r5.csv),Incident declaration criteria in STD-03.1,STD-03.1,Met,,,,,,"None (SP 800-82 Rev. 4 is an initial public draft, 2026-09-21; see report section 6)",248 security incidents (2026-01 to 2026-06),25 (random),0,P1 to P7; corporate; clouds
G-086,NIST CSF 2.0 with SP 800-82 Rev. 3 (voluntary benchmark),CSF 2.0 RS.MA-01; SP 800-82 Rev. 3 sec. 6.4.1,The incident response plan is executed in coordination with relevant third parties once an incident is declared,Voluntary benchmark (CSF 2.0 outcome),Yes (benchmark chosen in section 1),RS.MA-01,IR-6; IR-7; IR-8; SR-3,"Official NIST mapping (CSF 2.0 to SP 800-53 Rev. 5.2.0; 00_universal-framework/crosswalks/csf2_to_sp800-53r5.csv), subset","IR plan executed with the MSSP, insurer panel, and counsel",IR plan,Partially met,Utility coordination steps (addendum sec. 2) and OEM roles not scripted,Moderate,Add to the runbook (POAM-016),Director of Security Operations,2026-12-31,"None (SP 800-82 Rev. 4 is an initial public draft, 2026-09-21; see report section 6)",n/a (document review),n/a,n/a,Enterprise
G-087,NIST CSF 2.0 with SP 800-82 Rev. 3 (voluntary benchmark),CSF 2.0 RS.MA-02; SP 800-82 Rev. 3 sec. 6.4.1,Incident reports are triaged and validated,Voluntary benchmark (CSF 2.0 outcome),Yes (benchmark chosen in section 1),RS.MA-02,IR-4; IR-5; IR-6,Official NIST mapping (CSF 2.0 to SP 800-53 Rev. 5.2.0; 00_universal-framework/crosswalks/csf2_to_sp800-53r5.csv),Reports triaged and validated by the SOC,Case records,Met,,,,,,"None (SP 800-82 Rev. 4 is an initial public draft, 2026-09-21; see report section 6)",248 incidents,25 (random),0,Enterprise
G-088,NIST CSF 2.0 with SP 800-82 Rev. 3 (voluntary benchmark),CSF 2.0 RS.MA-03; SP 800-82 Rev. 3 sec. 6.4.1,Incidents are categorized and prioritized,Voluntary benchmark (CSF 2.0 outcome),Yes (benchmark chosen in section 1),RS.MA-03,IR-4; IR-5; IR-6,Official NIST mapping (CSF 2.0 to SP 800-53 Rev. 5.2.0; 00_universal-framework/crosswalks/csf2_to_sp800-53r5.csv),Severity categories in STD-03.1,Case records,Met,,,,,,"None (SP 800-82 Rev. 4 is an initial public draft, 2026-09-21; see report section 6)",n/a (document review),n/a,n/a,Enterprise
G-089,NIST CSF 2.0 with SP 800-82 Rev. 3 (voluntary benchmark),CSF 2.0 RS.MA-04; SP 800-82 Rev. 3 sec. 6.4.2,Incidents are escalated or elevated as needed,Voluntary benchmark (CSF 2.0 outcome),Yes (benchmark chosen in section 1),RS.MA-04,IR-4; IR-5; IR-6; IR-7,Official NIST mapping (CSF 2.0 to SP 800-53 Rev. 5.2.0; 00_universal-framework/crosswalks/csf2_to_sp800-53r5.csv),"Escalation to the CISO, General Counsel, and disclosure committee defined",POL-03,Met,,,,,,"None (SP 800-82 Rev. 4 is an initial public draft, 2026-09-21; see report section 6)",n/a (document review),n/a,n/a,Enterprise
G-090,NIST CSF 2.0 with SP 800-82 Rev. 3 (voluntary benchmark),CSF 2.0 RS.MA-05; SP 800-82 Rev. 3 sec. 6.4.1; 6.5.1,The criteria for initiating incident recovery are applied,Voluntary benchmark (CSF 2.0 outcome),Yes (benchmark chosen in section 1),RS.MA-05,IR-4; IR-8,Official NIST mapping (CSF 2.0 to SP 800-53 Rev. 5.2.0; 00_universal-framework/crosswalks/csf2_to_sp800-53r5.csv),Recovery criteria in the runbook,P08,Met,,,,,,"None (SP 800-82 Rev. 4 is an initial public draft, 2026-09-21; see report section 6)",n/a (document review),n/a,n/a,Enterprise
G-091,NIST CSF 2.0 with SP 800-82 Rev. 3 (voluntary benchmark),CSF 2.0 RS.AN-03; SP 800-82 Rev. 3 sec. 6.4.3,Analysis is performed to establish what has taken place during an incident and the root cause of the incident,Voluntary benchmark (CSF 2.0 outcome),Yes (benchmark chosen in section 1),RS.AN-03,AU-7; IR-4; SI-2(7),Official NIST mapping (CSF 2.0 to SP 800-53 Rev. 5.2.0; 00_universal-framework/crosswalks/csf2_to_sp800-53r5.csv),Root cause analysis with forensics,Reports,Met,,,,,,"None (SP 800-82 Rev. 4 is an initial public draft, 2026-09-21; see report section 6)",n/a (document review),n/a,n/a,Enterprise
G-092,NIST CSF 2.0 with SP 800-82 Rev. 3 (voluntary benchmark),CSF 2.0 RS.AN-06; SP 800-82 Rev. 3 sec. 6.4.3,"Actions performed during an investigation are recorded, and the records' integrity and provenance are preserved",Voluntary benchmark (CSF 2.0 outcome),Yes (benchmark chosen in section 1),RS.AN-06,AU-7; IR-4; IR-6,Official NIST mapping (CSF 2.0 to SP 800-53 Rev. 5.2.0; 00_universal-framework/crosswalks/csf2_to_sp800-53r5.csv),Investigation actions logged in case management,Case records,Met,,,,,,"None (SP 800-82 Rev. 4 is an initial public draft, 2026-09-21; see report section 6)",n/a (document review),n/a,n/a,Enterprise
G-093,NIST CSF 2.0 with SP 800-82 Rev. 3 (voluntary benchmark),CSF 2.0 RS.AN-07; SP 800-82 Rev. 3 sec. 6.4.3,"Incident data and metadata are collected, and their integrity and provenance are preserved",Voluntary benchmark (CSF 2.0 outcome),Yes (benchmark chosen in section 1),RS.AN-07,AU-7; IR-4; IR-6,Official NIST mapping (CSF 2.0 to SP 800-53 Rev. 5.2.0; 00_universal-framework/crosswalks/csf2_to_sp800-53r5.csv),Evidence collected with chain of custody,Evidence register,Met,,,,,,"None (SP 800-82 Rev. 4 is an initial public draft, 2026-09-21; see report section 6)",n/a (document review),n/a,n/a,Enterprise
G-094,NIST CSF 2.0 with SP 800-82 Rev. 3 (voluntary benchmark),CSF 2.0 RS.AN-08; SP 800-82 Rev. 3 sec. 6.4.3,An incident's magnitude is estimated and validated,Voluntary benchmark (CSF 2.0 outcome),Yes (benchmark chosen in section 1),RS.AN-08,IR-4; IR-8; RA-3; RA-7,Official NIST mapping (CSF 2.0 to SP 800-53 Rev. 5.2.0; 00_universal-framework/crosswalks/csf2_to_sp800-53r5.csv),Magnitude estimated for data incidents,Playbook,Partially met,"No method to estimate production loss, deferred revenue, and liquidated damages for the materiality decision",High,Add P05 values and a calculator to the procedure (POAM-011),CFO,2026-11-30,"None (SP 800-82 Rev. 4 is an initial public draft, 2026-09-21; see report section 6)",n/a (document review),n/a,n/a,Enterprise
G-095,NIST CSF 2.0 with SP 800-82 Rev. 3 (voluntary benchmark),CSF 2.0 RS.CO-02; SP 800-82 Rev. 3 sec. 6.4.2,Internal and external stakeholders are notified of incidents,Voluntary benchmark (CSF 2.0 outcome),Yes (benchmark chosen in section 1),RS.CO-02,IR-4; IR-6; IR-7; SR-3,"Official NIST mapping (CSF 2.0 to SP 800-53 Rev. 5.2.0; 00_universal-framework/crosswalks/csf2_to_sp800-53r5.csv), subset",Notification matrix with all clocks (P08),P08; obligations register,Partially met,3 of 41 access-revocation notices late in 2026; runbook does not separate 24-hour and 48-hour terms,High,POAM-016,Chief Compliance Officer,2026-12-31,"None (SP 800-82 Rev. 4 is an initial public draft, 2026-09-21; see report section 6)",41 access-revocation notices,41 (100%),3 late,Enterprise
G-096,NIST CSF 2.0 with SP 800-82 Rev. 3 (voluntary benchmark),CSF 2.0 RS.CO-03; SP 800-82 Rev. 3 sec. 6.4.2,Information is shared with designated internal and external stakeholders,Voluntary benchmark (CSF 2.0 outcome),Yes (benchmark chosen in section 1),RS.CO-03,IR-4; IR-6; IR-7; SR-3,"Official NIST mapping (CSF 2.0 to SP 800-53 Rev. 5.2.0; 00_universal-framework/crosswalks/csf2_to_sp800-53r5.csv), subset",Information shared with utilities and government partners,Sharing records,Met,,,,,,"None (SP 800-82 Rev. 4 is an initial public draft, 2026-09-21; see report section 6)",n/a (document review),n/a,n/a,Enterprise
G-097,NIST CSF 2.0 with SP 800-82 Rev. 3 (voluntary benchmark),CSF 2.0 RS.MI-01; SP 800-82 Rev. 3 sec. 6.4.4; 5.2.3,Incidents are contained,Voluntary benchmark (CSF 2.0 outcome),Yes (benchmark chosen in section 1),RS.MI-01,IR-4,Official NIST mapping (CSF 2.0 to SP 800-53 Rev. 5.2.0; 00_universal-framework/crosswalks/csf2_to_sp800-53r5.csv),Containment playbooks; documented isolation points at P1 to P6,Playbooks,Partially met,AQ-01 isolation points not documented or tested,Moderate,POAM-004,Director of OT Security,2026-12-31,"None (SP 800-82 Rev. 4 is an initial public draft, 2026-09-21; see report section 6)",n/a (document review),n/a,n/a,Enterprise
G-098,NIST CSF 2.0 with SP 800-82 Rev. 3 (voluntary benchmark),CSF 2.0 RS.MI-02; SP 800-82 Rev. 3 sec. 6.4.4,Incidents are eradicated,Voluntary benchmark (CSF 2.0 outcome),Yes (benchmark chosen in section 1),RS.MI-02,IR-4,Official NIST mapping (CSF 2.0 to SP 800-53 Rev. 5.2.0; 00_universal-framework/crosswalks/csf2_to_sp800-53r5.csv),Eradication by rebuild from known-good images,Playbooks,Met,,,,,,"None (SP 800-82 Rev. 4 is an initial public draft, 2026-09-21; see report section 6)",n/a (document review),n/a,n/a,Enterprise
G-099,NIST CSF 2.0 with SP 800-82 Rev. 3 (voluntary benchmark),CSF 2.0 RC.RP-01; SP 800-82 Rev. 3 sec. 6.5.1,The recovery portion of the incident response plan is executed once initiated from the incident response process,Voluntary benchmark (CSF 2.0 outcome),Yes (benchmark chosen in section 1),RC.RP-01,CP-10; IR-4; IR-8,Official NIST mapping (CSF 2.0 to SP 800-53 Rev. 5.2.0; 00_universal-framework/crosswalks/csf2_to_sp800-53r5.csv),Recovery plan executed through the crisis management team,P08,Met,,,,,,"None (SP 800-82 Rev. 4 is an initial public draft, 2026-09-21; see report section 6)",n/a (document review),n/a,n/a,Enterprise
G-100,NIST CSF 2.0 with SP 800-82 Rev. 3 (voluntary benchmark),CSF 2.0 RC.RP-02; SP 800-82 Rev. 3 sec. 6.5.1; 3.3.9,"Recovery actions are selected, scoped, prioritized, and performed",Voluntary benchmark (CSF 2.0 outcome),Yes (benchmark chosen in section 1),RC.RP-02,CP-10; IR-4; IR-8,Official NIST mapping (CSF 2.0 to SP 800-53 Rev. 5.2.0; 00_universal-framework/crosswalks/csf2_to_sp800-53r5.csv),Recovery order from the BIA,P05; P08,Partially met,OT recovery untested at 5 plants,Moderate,POAM-007,"Vice President, Manufacturing Engineering",2027-06-30,"None (SP 800-82 Rev. 4 is an initial public draft, 2026-09-21; see report section 6)",n/a (document review),n/a,n/a,Enterprise
G-101,NIST CSF 2.0 with SP 800-82 Rev. 3 (voluntary benchmark),CSF 2.0 RC.RP-03; SP 800-82 Rev. 3 sec. 6.5.1,The integrity of backups and other restoration assets is verified before using them for restoration,Voluntary benchmark (CSF 2.0 outcome),Yes (benchmark chosen in section 1),RC.RP-03,CP-2; CP-4; CP-9,Official NIST mapping (CSF 2.0 to SP 800-53 Rev. 5.2.0; 00_universal-framework/crosswalks/csf2_to_sp800-53r5.csv),Backup integrity verified by hash before restore,Restore procedure,Met,,,,,,"None (SP 800-82 Rev. 4 is an initial public draft, 2026-09-21; see report section 6)",n/a (document review),n/a,n/a,Enterprise
G-102,NIST CSF 2.0 with SP 800-82 Rev. 3 (voluntary benchmark),CSF 2.0 RC.RP-04; SP 800-82 Rev. 3 sec. 6.5.1,Critical mission functions and cybersecurity risk management are considered to establish post-incident operational norms,Voluntary benchmark (CSF 2.0 outcome),Yes (benchmark chosen in section 1),RC.RP-04,PM-8; PM-9; PM-11; IR-1,"Official NIST mapping (CSF 2.0 to SP 800-53 Rev. 5.2.0; 00_universal-framework/crosswalks/csf2_to_sp800-53r5.csv), subset",Critical functions considered in post-incident norms (storm units first),P08,Met,,,,,,"None (SP 800-82 Rev. 4 is an initial public draft, 2026-09-21; see report section 6)",n/a (document review),n/a,n/a,Enterprise
G-103,NIST CSF 2.0 with SP 800-82 Rev. 3 (voluntary benchmark),CSF 2.0 RC.RP-05; SP 800-82 Rev. 3 sec. 6.5.1,"The integrity of restored assets is verified, systems and services are restored, and normal operating status is confirmed",Voluntary benchmark (CSF 2.0 outcome),Yes (benchmark chosen in section 1),RC.RP-05,CP-10,Official NIST mapping (CSF 2.0 to SP 800-53 Rev. 5.2.0; 00_universal-framework/crosswalks/csf2_to_sp800-53r5.csv),Restored systems validated before reconnection,P08,Met,,,,,,"None (SP 800-82 Rev. 4 is an initial public draft, 2026-09-21; see report section 6)",n/a (document review),n/a,n/a,Enterprise
G-104,NIST CSF 2.0 with SP 800-82 Rev. 3 (voluntary benchmark),CSF 2.0 RC.RP-06; SP 800-82 Rev. 3 sec. 6.5.1,"The end of incident recovery is declared based on criteria, and incident-related documentation is completed",Voluntary benchmark (CSF 2.0 outcome),Yes (benchmark chosen in section 1),RC.RP-06,IR-4; IR-8,Official NIST mapping (CSF 2.0 to SP 800-53 Rev. 5.2.0; 00_universal-framework/crosswalks/csf2_to_sp800-53r5.csv),End of recovery declared by the crisis management team,P08,Met,,,,,,"None (SP 800-82 Rev. 4 is an initial public draft, 2026-09-21; see report section 6)",n/a (document review),n/a,n/a,Enterprise
G-105,NIST CSF 2.0 with SP 800-82 Rev. 3 (voluntary benchmark),CSF 2.0 RC.CO-03; SP 800-82 Rev. 3 sec. 6.5.3,Recovery activities and progress in restoring operational capabilities are communicated to designated internal and external stakeholders,Voluntary benchmark (CSF 2.0 outcome),Yes (benchmark chosen in section 1),RC.CO-03,IR-4; IR-6; SR-8,Official NIST mapping (CSF 2.0 to SP 800-53 Rev. 5.2.0; 00_universal-framework/crosswalks/csf2_to_sp800-53r5.csv),Recovery progress communicated to customers and staff,Communications plan,Met,,,,,,"None (SP 800-82 Rev. 4 is an initial public draft, 2026-09-21; see report section 6)",n/a (document review),n/a,n/a,Enterprise
G-106,NIST CSF 2.0 with SP 800-82 Rev. 3 (voluntary benchmark),CSF 2.0 RC.CO-04; SP 800-82 Rev. 3 sec. 6.5.3,Public updates on incident recovery are shared using approved methods and messaging,Voluntary benchmark (CSF 2.0 outcome),Yes (benchmark chosen in section 1),RC.CO-04,CP-2; IR-4,Official NIST mapping (CSF 2.0 to SP 800-53 Rev. 5.2.0; 00_universal-framework/crosswalks/csf2_to_sp800-53r5.csv),Public updates approved by Corporate Communications and the General Counsel,Communications plan,Met,,,,,,"None (SP 800-82 Rev. 4 is an initial public draft, 2026-09-21; see report section 6)",n/a (document review),n/a,n/a,Enterprise
G-107,FAR 52.204-21 Basic Safeguarding of Covered Contractor Information Systems (NOV 2021),FAR 4.1903; 52.204-21(a)-(b)(1),Clause applies when the contractor may have FCI residing in or transiting through its information system; apply the 15 basic safeguarding requirements to covered contractor information systems,Mandatory (contract clause),Yes (11 civilian federal contracts),GV.OC-03,PM-28; SA-4,Author mapping,"FCI identified (specifications, drawings, delivery schedules, test reports) and kept in the ERP and labeled, restricted project sites",Federal contract files; FCI register,Met,,,,,,Proposed FAR overhaul (FR Doc. 2026-12559) would move this clause to FAR part 40 (52.240-5); proposed only,n/a (document review),n/a,n/a,"Federal Programs; P1, P2, P4"
G-108,FAR 52.204-21 Basic Safeguarding of Covered Contractor Information Systems (NOV 2021),52.204-21(b)(1)(i),"Limit information system access to authorized users, processes acting on behalf of authorized users, or devices (including other information systems).",Mandatory (contract clause),Yes,PR.AA-05,AC-2; AC-3,Author mapping,"Identity governance; FCI in labeled, restricted project sites and the ERP",Access reviews,Met,,,,,,None,11 federal project sites,11 (100%),0,Covered contractor information systems
G-109,FAR 52.204-21 Basic Safeguarding of Covered Contractor Information Systems (NOV 2021),52.204-21(b)(1)(ii),Limit information system access to the types of transactions and functions that authorized users are permitted to execute.,Mandatory (contract clause),Yes,PR.AA-05,AC-3; AC-6,Author mapping,ERP role matrix; project site permissions,Role matrix,Met,,,,,,None,n/a (document review),n/a,n/a,Covered contractor information systems
G-110,FAR 52.204-21 Basic Safeguarding of Covered Contractor Information Systems (NOV 2021),52.204-21(b)(1)(iii),Verify and control/limit connections to and use of external information systems.,Mandatory (contract clause),Yes,PR.AA-05,AC-20,Author mapping,Personal devices limited to managed apps; unapproved AI tools blocked,Conditional access,Met,,,,,,None,n/a (document review),n/a,n/a,Covered contractor information systems
G-111,FAR 52.204-21 Basic Safeguarding of Covered Contractor Information Systems (NOV 2021),52.204-21(b)(1)(iv),Control information posted or processed on publicly accessible information systems.,Mandatory (contract clause),Yes,PR.DS-01,AC-22,Author mapping,Corporate Communications approves public content; FCI excluded,Publishing procedure,Met,,,,,,None,n/a (document review),n/a,n/a,Covered contractor information systems
G-112,FAR 52.204-21 Basic Safeguarding of Covered Contractor Information Systems (NOV 2021),52.204-21(b)(1)(v),"Identify information system users, processes acting on behalf of users, or devices.",Mandatory (contract clause),Yes,PR.AA-01,IA-2; IA-3,Author mapping,Unique identities through SSO,Identity reports,Met,,,,,,None,n/a (document review),n/a,n/a,Covered contractor information systems
G-113,FAR 52.204-21 Basic Safeguarding of Covered Contractor Information Systems (NOV 2021),52.204-21(b)(1)(vi),"Authenticate (or verify) the identities of those users, processes, or devices, as a prerequisite to allowing access to organizational information systems.",Mandatory (contract clause),Yes,PR.AA-03,IA-2; IA-5,Author mapping,MFA for workforce access to FCI,Conditional access,Met,,,,,,None,n/a (document review),n/a,n/a,Covered contractor information systems
G-114,FAR 52.204-21 Basic Safeguarding of Covered Contractor Information Systems (NOV 2021),52.204-21(b)(1)(vii),Sanitize or destroy information system media containing Federal Contract Information before disposal or release for reuse.,Mandatory (contract clause),Yes,PR.DS-01,MP-6,Author mapping,Certified destruction vendor,Certificates,Met,,,,,,None,"1,880 disposed devices",25 (random),0,Covered contractor information systems
G-115,FAR 52.204-21 Basic Safeguarding of Covered Contractor Information Systems (NOV 2021),52.204-21(b)(1)(viii),"Limit physical access to organizational information systems, equipment, and the respective operating environments to authorized individuals.",Mandatory (contract clause),Yes,PR.AA-06,PE-2; PE-3,Author mapping,Badge access to offices and server rooms,Badge reviews,Met,,,,,,None,n/a (document review),n/a,n/a,Covered contractor information systems
G-116,FAR 52.204-21 Basic Safeguarding of Covered Contractor Information Systems (NOV 2021),52.204-21(b)(1)(ix),Escort visitors and monitor visitor activity; maintain audit logs of physical access; and control and manage physical access devices.,Mandatory (contract clause),Yes,PR.AA-06,PE-3,Author mapping,Visitor management and escort at all sites,Visitor logs,Met,,,,,,None,n/a (document review),n/a,n/a,Covered contractor information systems
G-117,FAR 52.204-21 Basic Safeguarding of Covered Contractor Information Systems (NOV 2021),52.204-21(b)(1)(x),"Monitor, control, and protect organizational communications (i.e., information transmitted or received by organizational information systems) at the external boundaries and key internal boundaries of the information systems.",Mandatory (contract clause),Yes,PR.IR-01,SC-7,Author mapping,Landing zone hub and site firewalls; the AQ-01 gap does not touch FCI systems (AQ-01 has no federal work),Firewall exports,Met,,,,,,None,n/a (document review),n/a,n/a,Covered contractor information systems
G-118,FAR 52.204-21 Basic Safeguarding of Covered Contractor Information Systems (NOV 2021),52.204-21(b)(1)(xi),Implement subnetworks for publicly accessible system components that are physically or logically separated from internal networks.,Mandatory (contract clause),Yes,PR.IR-01,SC-7,Author mapping,Public portals in separate spokes behind the WAF,Network diagram,Met,,,,,,None,n/a (document review),n/a,n/a,Covered contractor information systems
G-119,FAR 52.204-21 Basic Safeguarding of Covered Contractor Information Systems (NOV 2021),52.204-21(b)(1)(xii),"Identify, report, and correct information and information system flaws in a timely manner.",Mandatory (contract clause),Yes,ID.RA-01,SI-2,Author mapping,"Monthly patching; 3 of 60 sampled critical patches late, none on FCI systems",Patch reports,Met,,,,,,None,n/a (document review),n/a,n/a,Covered contractor information systems
G-120,FAR 52.204-21 Basic Safeguarding of Covered Contractor Information Systems (NOV 2021),52.204-21(b)(1)(xiii),Provide protection from malicious code at appropriate locations within organizational information systems.,Mandatory (contract clause),Yes,DE.CM-09,SI-3,Author mapping,EDR on 98% of IT endpoints and on servers,EDR console,Met,,,,,,None,n/a (document review),n/a,n/a,Covered contractor information systems
G-121,FAR 52.204-21 Basic Safeguarding of Covered Contractor Information Systems (NOV 2021),52.204-21(b)(1)(xiv),Update malicious code protection mechanisms when new releases are available.,Mandatory (contract clause),Yes,DE.CM-09,SI-3,Author mapping,EDR updates automatically,EDR console,Met,,,,,,None,n/a (document review),n/a,n/a,Covered contractor information systems
G-122,FAR 52.204-21 Basic Safeguarding of Covered Contractor Information Systems (NOV 2021),52.204-21(b)(1)(xv),"Perform periodic scans of the information system and real-time scans of files from external sources as files are downloaded, opened, or executed.",Mandatory (contract clause),Yes,DE.CM-09,SI-3; RA-5,Author mapping,Real-time EDR scanning; weekly scans,Scan reports,Met,,,,,,None,n/a (document review),n/a,n/a,Covered contractor information systems
G-123,FAR 52.204-21 Basic Safeguarding of Covered Contractor Information Systems (NOV 2021),52.204-21(c),"Include the substance of the clause in subcontracts in which the subcontractor may have FCI (including commercial products or services, other than COTS items)",Mandatory (contract clause),Yes,GV.SC-05,SA-4; SR-3,Author mapping,Flow-down clause in the federal subcontract template,Subcontract sample,Partially met,2 of 14 subcontracts with FCI (heavy-haul and site installation) lack the flow-down,Moderate,Amend the 2 subcontracts; add a check to the federal subcontract review,Director of Federal Programs,2026-12-31,None,14 subcontracts with FCI,14 (100%),2,Federal Programs
G-124,FAR 52.204-25 Prohibition on Contracting for Certain Telecommunications and Video Surveillance Services or Equipment (NOV 2021),"52.204-25(b)(2), (d); representation at 52.204-26",The Government may not contract with an entity that uses covered telecommunications equipment or services; report covered equipment within 1 business day of identification and further information within 10 business days,Mandatory (contract clause),Yes,GV.SC-05,SR-3; CM-8,Author mapping,Annual reasonable inquiry across all sites; 14 covered cameras found at AQ-01 in due diligence were reported within 1 business day and replaced by 2026-01-30,Inquiry records; contracting officer reports,Met,,,,,,None,"All 7 plants, 9 service centers, 3 yards",100% (camera and network equipment inventory),0,Enterprise
G-125,"FAR 52.204-23 Prohibition on Contracting for Hardware, Software, and Services Developed or Provided by Kaspersky Lab Covered Entities","52.204-23(b), (c)","Do not provide or use Kaspersky Lab covered articles; report any identified covered article within 3 business days, with further information within 10 business days",Mandatory (contract clause),Yes,GV.SC-05,SR-3; CM-8,Author mapping,Software inventory checked; none found,EDR software inventory,Met,,,,,,None,n/a (document review),n/a,n/a,Enterprise
G-126,FAR 52.204-30 Federal Acquisition Supply Chain Security Act Orders - Prohibition (DEC 2023),52.204-30(c)(1),"During performance, review SAM.gov at least once every three months for covered articles or sources subject to FASCSA orders",Mandatory (contract clause),Yes (8 contracts awarded since 2024),GV.SC-07,SR-3; SR-6,Author mapping,"Reviews done 2025-11-04 and 2026-02-10, then 2026-07-21; the 2026-05 review was missed",Review log,Partially met,Quarterly review missed once,Moderate,Calendar task with a backup owner (POAM-021),Director of Federal Programs,2026-10-31,None,4 quarterly reviews due,4 (100%),1 missed,Enterprise
G-127,FAR 52.204-30 Federal Acquisition Supply Chain Security Act Orders - Prohibition (DEC 2023),52.204-30(c)(2)-(4),"Conduct a reasonable inquiry when a new FASCSA order could affect the supply chain; report covered articles used or provided within 3 business days, with further information within 10 business days",Mandatory (contract clause),Yes,RS.CO-02,SR-3; IR-6,Author mapping,Inquiry and reporting procedure in the obligations register; no applicable orders found,Procedure; review log,Met,,,,,,None,n/a (document review),n/a,n/a,Enterprise
G-128,Utility Supplier Cyber Security Addendum (flow-down of NERC CIP-013-2 R1.2 topics; binding by contract),Addendum sec. 1 (CIP-013-2 R1.2.1),Notify the utility within 24 hours (27 addenda) or 48 hours (61 addenda) of confirming a cyber incident related to the products or services supplied,Contract term,Yes (88 utilities),RS.CO-02,IR-6; SR-8,Author mapping,Notice procedure and templates in the obligations register; no incident notices required in 2026,Register; templates; P07 IR-6,Partially met,Runbook and templates use a single 48-hour clock; 4 of 30 sampled register entries record 48 hours where the addendum says 24,High,Per-utility clocks and templates (POAM-016),Chief Compliance Officer,2026-12-31,None,88 addenda,30 (random),4,Enterprise
G-129,Utility Supplier Cyber Security Addendum (flow-down of NERC CIP-013-2 R1.2 topics; binding by contract),Addendum sec. 2 (CIP-013-2 R1.2.2),Coordinate the response to such incidents with the utility,Contract term,Yes,RS.MA-01,IR-4; SR-8,Author mapping,Coordination roles named in the runbook (P08 section 7),P08,Met,,,,,,None,n/a (document review),n/a,n/a,Enterprise
G-130,Utility Supplier Cyber Security Addendum (flow-down of NERC CIP-013-2 R1.2 topics; binding by contract),Addendum sec. 3 (CIP-013-2 R1.2.3),Notify the utility within 1 business day when a company representative's remote or onsite access should no longer be granted,Contract term,Yes,PR.AA-05,PS-4; PS-7,Author mapping,"HR termination workflow tells Field Service, which sends notices",Notice log,Partially met,3 of 41 notices in 2026 sent after 1 business day,High,Automatic notice task from the HR system (POAM-016),"Vice President, Spares and Services",2026-12-31,None,41 notices,41 (100%),3,Enterprise
G-131,Utility Supplier Cyber Security Addendum (flow-down of NERC CIP-013-2 R1.2 topics; binding by contract),Addendum sec. 4 (CIP-013-2 R1.2.4),Disclose known vulnerabilities in supplied firmware and software within 30 days of knowledge,Contract term,Yes,ID.RA-08,RA-5; SR-8,Author mapping,PSIRT disclosure process,PSIRT records,Partially met,1 of 9 disclosures in 2026 sent on day 38,High,Disclosure tracker with escalation at day 20 (POAM-019),Director of Product Security,2026-12-31,None,9 disclosures,9 (100%),1,Enterprise
G-132,Utility Supplier Cyber Security Addendum (flow-down of NERC CIP-013-2 R1.2 topics; binding by contract),Addendum sec. 5 (CIP-013-2 R1.2.5),"Provide means to verify the integrity and authenticity of all firmware, software, and patches",Contract term,Yes,ID.RA-09,SI-7; SR-4,Author mapping,Signed application firmware; hashes published with every release,Release records,Partially met,Boot firmware loaded by the contract manufacturer is not verified at final test,Moderate,Boot image verification at final test (POAM-018),Chief Technology Officer,2027-03-31,None,34 releases in 2026,34 (100%),0 missing hashes,Enterprise
G-133,Utility Supplier Cyber Security Addendum (flow-down of NERC CIP-013-2 R1.2 topics; binding by contract),Addendum sec. 6 (CIP-013-2 R1.2.6),"Use only utility-controlled, MFA-protected, per-session remote access; coordinate controls for vendor-initiated remote access",Contract term,Yes,PR.AA-03,AC-17; MA-4,Author mapping,Field technicians use each utility's remote access system; no saved credentials on field laptops,Field laptop checks,Met,,,,,,None,About 420 field laptops,25 (random),0,Enterprise
G-134,SEC Form 8-K Item 1.05,Form 8-K Item 1.05; SEC Release 33-11216,"Disclose a material cybersecurity incident (material aspects of nature, scope, and timing; material impact or reasonably likely material impact) within 4 business days after determining it is material",Mandatory,Yes (SEC registrant),RS.CO-02,IR-6; IR-8,Author mapping,Disclosure committee chaired by the General Counsel; materiality playbook; 8-K drafting templates,Playbook; committee charter; P07 IR-8,Partially met,Playbook exercised only on an IT data breach; 2 of 7 members new in 2026,High,OT ransomware tabletop 2026-11-18 (POAM-011),General Counsel,2026-11-30,None (a 2025 petition seeks rescission; no SEC proposal found as of 2026-10-05),n/a (document review),n/a,n/a,Enterprise
G-135,SEC Form 8-K Item 1.05,Form 8-K Item 1.05 (materiality determination),"Make the materiality determination without unreasonable delay after discovery, from the perspective of a reasonable investor, using quantitative and qualitative factors",Mandatory,Yes (SEC registrant),RS.AN-08,IR-8,Author mapping,Playbook requires a General Counsel brief within 24 hours of a severity-1 incident and the committee to convene within 48 hours,Playbook,Partially met,"No method to quantify lost production, deferred revenue, and liquidated damages",High,Production-loss calculator from P05 values (POAM-011),CFO,2026-11-30,None,n/a (document review),n/a,n/a,Enterprise
G-136,SEC Form 8-K Item 1.05,Form 8-K Item 1.05 (Attorney General delay),Delay the filing only if the U.S. Attorney General determines disclosure poses a substantial risk to national security or public safety and notifies the SEC in writing,Mandatory,Yes (SEC registrant),RS.CO-02,IR-6,Author mapping,Playbook routes any delay request through outside counsel to the Department of Justice,Playbook,Met,,,,,,None,n/a (document review),n/a,n/a,Enterprise
G-137,SEC Regulation S-K Item 106,17 CFR 229.106(b)(1),"Describe processes for assessing, identifying, and managing material risks from cybersecurity threats, including integration with overall risk management, use of assessors and other third parties, and oversight of third-party service provider risks",Mandatory,Yes (SEC registrant),GV.RM-03,PM-9; RA-3,Author mapping,"FY2025 10-K described the ERM-integrated program, Internal Audit and outside assessors, and the vendor program",10-K Item 1C; P01,Met,,,Internal Audit to test each statement before the next filing (P01 R-064),Chief Audit Executive,2027-02-15,None,n/a (document review),n/a,n/a,Enterprise
G-138,SEC Regulation S-K Item 106,17 CFR 229.106(b)(2),"Describe whether risks from cybersecurity threats, including previous incidents, have materially affected or are reasonably likely to materially affect the registrant, including its business strategy, results of operations, or financial condition",Mandatory,Yes (SEC registrant),GV.RM-01,PM-9,Author mapping,Risk factor and Item 106 language reviewed by the disclosure committee,10-K,Met,,,,,,None,n/a (document review),n/a,n/a,Enterprise
G-139,SEC Regulation S-K Item 106,17 CFR 229.106(c)(1),"Describe the board's oversight of cybersecurity risk, including the responsible committee and how it is informed",Mandatory,Yes (SEC registrant),GV.OV-01,PM-9,Author mapping,Board risk committee receives quarterly cyber reporting (P01 section 8),Committee charter; minutes,Met,,,,,,None,n/a (document review),n/a,n/a,Enterprise
G-140,SEC Regulation S-K Item 106,17 CFR 229.106(c)(2),"Describe management's role and expertise in assessing and managing material cybersecurity risks, how management is informed, and whether it reports to the board",Mandatory,Yes (SEC registrant),GV.RR-01,PM-2,Author mapping,"CISO, CRO, and CIO roles and CISO expertise described",10-K,Met,,,,,,None,n/a (document review),n/a,n/a,Enterprise
G-141,SEC Regulation S-K Item 106,17 CFR 229.106(d),Provide the Item 106 information in an Interactive Data File (Inline XBRL),Mandatory,Yes (SEC registrant),GV.PO-01,PM-9,Author mapping,Tagged by the financial reporting team,Filing,Met,,,,,,None,n/a (document review),n/a,n/a,Enterprise
G-142,DOE Energy Conservation Program: certification and records for distribution transformers,10 CFR 429.47(a)-(b),"Determine distribution transformer efficiency by testing (or an approved alternative method) using the sampling plan, and file certification reports that may be grouped by kVA grouping",Mandatory,"Yes (distribution transformers at P1, P3, and P7)",PR.DS-01,SI-7; AU-10,Author mapping,Certification testing in the test laboratories; reports prepared from the TDMS by Quality,Certification files,Met,,,,,,None,112 basic models certified,25 (random),0,"P1, P3, P7; Quality"
G-143,DOE Energy Conservation Program: certification and records for distribution transformers,10 CFR 429.71(a)-(b),"Establish, maintain, and retain records of certification reports and the underlying test data, organized and indexed so they are readily accessible for DOE review",Mandatory,Yes,ID.AM-07,SI-12; AU-11,Author mapping,TDMS indexes certification data for P1 and P3 models,TDMS index; sample,Partially met,AQ-01 certification test data sits on a legacy file server with no index and no backup,Moderate,Migrate into the TDMS (POAM-022),Corporate Director of Quality,2027-03-31,None,112 basic models,25 (random),3 (all AQ-01),"P1, P3, P7"
G-144,DOE Energy Conservation Program: certification and records for distribution transformers,10 CFR 429.71(c),Retain the records for two years from the date the manufacturer notifies DOE that the model has been discontinued in commerce,Mandatory,Yes,PR.DS-11,SI-12; CP-9,Author mapping,TDMS retention rule keyed to the discontinuance date,Retention configuration,Partially met,AQ-01 records have no retention rule or backup,Moderate,POAM-022,Corporate Director of Quality,2027-03-31,None,n/a (document review),n/a,n/a,P7
G-145,EAR (C-CRITICAL-MFG-R03),15 CFR 762.6(a),"Records required by the EAR must be retained for five years from the latest of the export, any known reexport or transfer, or other termination of the transaction",Mandatory,"Yes (EAR99 exports, about 9% of revenue)",ID.AM-07,SI-12; AU-11,Author mapping,ERP keeps export records 7 years,Retention settings; sample,Met,,,,,,None,"1,060 export shipments (2021-2026)",25 (random),0,Enterprise
G-146,EAR (C-CRITICAL-MFG-R03),"15 CFR Part 744 (end-user controls; Entity List, Supplement No. 4 to Part 744)",Screen export parties so that no item is exported to a listed entity without a required license,Mandatory,Yes,GV.OC-03,AC-3; CP-2,Author mapping,Automated restricted-party screening in the enterprise ERP,Screening logs,Partially met,AQ-01 screens manually; no documented screening step for ERP downtime,Low,Downtime screening procedure in P08; AQ-01 onto the ERP in 2027 (R-040),Director of Trade Compliance,2026-12-31,None,212 export orders (2026-01 to 2026-06),25 (random),0,Enterprise
G-147,NERC CIP-013-2 Cyber Security - Supply Chain Risk Management (direct applicability),CIP-013-2 section 4.1 (Functional Entities),"Applies to Responsible Entities listed in section 4.1 (for example Balancing Authorities, Generator Owners and Operators, Transmission Owners and Operators)",Applicability,No - not a NERC-registered entity,GV.OC-03,SR-1,Author mapping,Not registered; duties arrive only through the addenda (G-128 to G-133),NERC registry check,Not applicable,,,,,,CIP-013-3 is Subject to Future Enforcement (FERC order 2026-03-19; effective 2028-07-01),n/a (document review),n/a,n/a,Enterprise
G-148,CIRCIA (C-CRITICAL-MFG-R01),"6 U.S.C. 681b; proposed 6 CFR 226.2(b)(3), 226.5 (89 FR 23644)",Proposed: covered entities report covered cyber incidents to CISA within 72 hours of reasonable belief and ransom payments within 24 hours,Proposed rule (not in force),Not yet - proposed only; if finalized as proposed the company would be covered (it exceeds the SBA size standard and is in NAICS subsector 335),RS.CO-02,IR-6,Author mapping,Voluntary CISA reporting step in the runbook; readiness tracked (P01 R-060),P08,Not applicable,,,,,,No final rule in the Federal Register as of 2026-10-05,n/a (document review),n/a,n/a,Enterprise
G-149,ICTS connected vehicles rule (C-CRITICAL-MFG-R02),"15 CFR Part 791, Subpart D",Prohibits certain connected vehicle transactions and requires declarations of conformity from vehicle manufacturers and VCS hardware importers,Applicability,No - no connected vehicles or vehicle systems,GV.OC-03,SR-1,Author mapping,Not applicable,Product list,Not applicable,,,,,,None,n/a (document review),n/a,n/a,Enterprise
G-150,DFARS 252.204-7012 (C-CRITICAL-MFG-R04),48 CFR 252.204-7012,Adequate security (NIST SP 800-171) for covered defense information and 72-hour cyber incident reporting to DoD,Applicability,No - no DoD contracts or subcontracts; bid review gate blocks flow-down,GV.OC-03,SR-1,Author mapping,Bid gate declined one flow-down request in 2026-04; CUI enclave decision scheduled for the board in 2027,Bid gate log,Not applicable,,,,,,None,n/a (document review),n/a,n/a,Enterprise
G-151,State breach and data security laws,Each state where affected individuals reside,"Notify affected residents, and state regulators and consumer reporting agencies where the state requires, under each state's definitions and deadlines",Mandatory,Yes (employees and applicants in at least 6 states),RS.CO-03,IR-6,Author mapping,Multi-state notification workflow with outside counsel's state matrix (P08 section 7),P08,Met,,,,,,None,n/a (document review),n/a,n/a,Enterprise
G-152,State breach and data security laws,Fla. Stat. 501.171(2) (Florida worked example),Take reasonable measures to protect and secure data in electronic form containing personal information,Mandatory,Yes,GV.PO-01,PM-1,Author mapping,Enterprise security program,P01 to P10,Met,,,,,,None,n/a (document review),n/a,n/a,Enterprise
G-153,State breach and data security laws,Fla. Stat. 501.171(6) (Florida worked example),Third-party agents must notify the covered entity no later than 10 days after determining a breach or reason to believe one occurred,Mandatory,Yes,GV.SC-05,SA-9,Author mapping,Enterprise vendor contracts require notice within 10 days,Contract template,Partially met,4 AQ-01 vendor contracts with employee data have no notice term,Low,Amend at renewal; tracked in the vendor register,Director of Third-Party Risk Management,2027-03-31,None,38 vendors with employee personal information,38 (100%),4 (all AQ-01),Enterprise
G-154,State breach and data security laws,Fla. Stat. 501.171(8) (Florida worked example),Dispose of customer records containing personal information so they are unreadable or undecipherable,Mandatory,Yes,PR.DS-01,MP-6,Author mapping,Certified destruction and shredding vendors,Certificates,Met,,,,,,None,n/a (document review),n/a,n/a,Enterprise
