req_id,regulation,citation,requirement_summary,requirement_type,applies_at_this_tier,csf2_subcategories,sp800_53_controls,crosswalk_source,current_state,evidence,status,gap_description,gap_risk_level,remediation_action,owner,target_date,pending_rule_change
G-001,FedRAMP Consolidated Rules for 2026 (Rev5 Class C),Addressing FedRAMP Communication: AFC-CSO-INB,Establish and maintain a FedRAMP Security Inbox to receive messages from FedRAMP,MUST,Applies now: maintaining date 2026-01-05; grace ended 2026-07-01,GV.RR-02; RS.CO-02,IR-6; PM-15,Author mapping,"Security inbox established 2026-01-05 and listed on the Marketplace; a shared mailbox, not a personal address",Mailbox configuration; Marketplace listing,Met,None,Very Low,None,Director of Security,,None
G-002,FedRAMP Consolidated Rules for 2026 (Rev5 Class C),Addressing FedRAMP Communication: AFC-CSO-RCV,Receive and react to FedRAMP email without disruption or extra steps for FedRAMP,MUST,Applies now: maintaining date 2026-01-05; grace ended 2026-07-01,GV.RR-02; RS.CO-02,IR-6,Author mapping,"Mail filtering allows @fedramp.gov and @gsa.gov; the inbox is read only by the Director of Security, with no coverage when that person is away",Mail filter rule; inbox membership,Partially met,Single reader; no backup coverage,Moderate,Route the inbox to the SOC on-call queue as a second reader (R-036),Security Operations Manager,2026-11-30,None
G-003,FedRAMP Consolidated Rules for 2026 (Rev5 Class C),Addressing FedRAMP Communication: AFC-CSO-CRA,Complete the required actions in Emergency and Emergency Test messages within the timeframe in the message,MUST,Applies now: maintaining date 2026-01-05; grace ended 2026-07-01,RS.MA-01; GV.RR-02,IR-4; IR-6,Author mapping,"The April 2026 Emergency Test message reached the Director of Security, but the required action was completed after the timeframe in the message",Emergency Test message and response record (2026-04),Not met,Required action was late; no procedure or on-call ownership for FedRAMP actions,High,Written procedure with a 1-hour acknowledgment target; quarterly internal test; on-call routing (R-036),Director of Security,2026-11-30,None
G-004,FedRAMP Consolidated Rules for 2026 (Rev5 Class C),Addressing FedRAMP Communication: AFC-CSO-EMR,Route Emergency messages to a senior security official,MUST,Applies now: maintaining date 2026-01-05; grace ended 2026-07-01,GV.RR-02,IR-6; PM-2,Author mapping,"Emergency messages go to the Director of Security, the designated senior security official",Inbox routing rule; P02 section 5,Met,None,Very Low,None,Director of Security,,None
G-005,FedRAMP Consolidated Rules for 2026 (Rev5 Class C),Addressing FedRAMP Communication: AFC-CSO-ACK,Promptly and automatically acknowledge receipt of FedRAMP messages,SHOULD,Applies now: maintaining date 2026-01-05; grace ended 2026-07-01,RS.CO-02,IR-6,Author mapping,No automatic acknowledgment; replies are manual,Inbox configuration,Not met,No automatic acknowledgment,Low,Automatic acknowledgment from the ticketing system when the inbox opens a case,Security Operations Manager,2026-11-30,None
G-006,FedRAMP Consolidated Rules for 2026 (Rev5 Class C),Certification Data Sharing: CDS-CSO-PUB,Publicly share up-to-date information about the offering in human-readable and JSON formats,MUST,Applies: maintaining date 2027-08-01; grace ends 2028-02-01,GV.OC-03; ID.AM-02,PL-2; SA-5,Author mapping,Marketplace listing and website pages exist in human-readable form only,Marketplace listing; website,Partially met,"No JSON version; several required fields (service list, security contact) are missing or out of date",Moderate,Publish the public information from the trust center in both formats,Federal Program Director,2027-06-30,Rev5 grace dates for CPO moved to 2027-07-01 in the 2026-09-13 release; check the changelog monthly
G-007,FedRAMP Consolidated Rules for 2026 (Rev5 Class C),Certification Data Sharing: CDS-CSO-SVC,Publicly share a service list complete enough for a customer to tell what is in the Minimum Assessment Scope,MUST,Applies: maintaining date 2027-08-01; grace ends 2028-02-01,ID.AM-02,CM-8; PL-2,Author mapping,"The listing names the Government Cloud but not its services (portal, API, VM hosting, DNS, replication) or their security categories",Marketplace listing,Not met,No public service list,Moderate,Publish the service list derived from the P02 boundary,Federal Program Director,2027-06-30,Rev5 grace dates for CPO moved to 2027-07-01 in the 2026-09-13 release; check the changelog monthly
G-008,FedRAMP Consolidated Rules for 2026 (Rev5 Class C),Certification Data Sharing: CDS-CSO-FRC,Include FedRAMP Certification Reports in certification data within 2 weeks of receiving them,MUST,Applies: maintaining date 2027-08-01; grace ends 2028-02-01,GV.OV-01,CA-6; CA-7,Author mapping,No 2026-format report received yet (agency path); procedure not written,None,Partially met,No procedure to publish reports within 2 weeks,Low,Add the step to the continuous monitoring procedure,GRC Manager,2027-06-30,Rev5 grace dates for CPO moved to 2027-07-01 in the 2026-09-13 release; check the changelog monthly
G-009,FedRAMP Consolidated Rules for 2026 (Rev5 Class C),Certification Data Sharing: CDS-CSO-AVR,"Maintain a web service showing current and 30-day availability of core services, human- and machine-readable, available even if the offering is down",MUST,Applies: maintaining date 2027-08-01; grace ends 2028-02-01,RS.CO-03; RC.CO-03,CP-2; IR-4,Author mapping,"The status page runs on a separate provider and shows current status, but not 30-day history or a machine-readable feed",Status page,Partially met,No 30-day history or machine-readable feed,Moderate,Add history and a JSON feed to the status page for core government services,Director of NOC and Customer Support,2027-06-30,Rev5 grace dates for CPO moved to 2027-07-01 in the 2026-09-13 release; check the changelog monthly
G-010,FedRAMP Consolidated Rules for 2026 (Rev5 Class C),Certification Data Sharing: CDS-CSO-UTC,Use a FedRAMP-compatible trust center to store and share certification data,MUST,Applies: maintaining date 2027-08-01; grace ends 2028-02-01,GV.OC-03,AC-21; PL-2,Author mapping,Package and monthly deliverables are in the legacy secure repository folders,SYS-14,Not met,No trust center,High,Select and deploy a FedRAMP-compatible trust center (R-023),GRC Manager,2027-04-02,Rev5 grace dates for CPO moved to 2027-07-01 in the 2026-09-13 release; check the changelog monthly
G-011,FedRAMP Consolidated Rules for 2026 (Rev5 Class C),Certification Data Sharing: CDS-CSO-RIS,Share enough to support agency decisions without sensitive details that would enable an attack,MUST,Applies: maintaining date 2027-08-01; grace ends 2028-02-01,GV.OC-03; PR.DS-01,AC-21; SI-12,Author mapping,Package review strips credentials and internal hostnames; no written test,Package review checklist,Partially met,Review is informal,Low,Written sensitive-information test before each publication,GRC Manager,2027-06-30,Rev5 grace dates for CPO moved to 2027-07-01 in the 2026-09-13 release; check the changelog monthly
G-012,FedRAMP Consolidated Rules for 2026 (Rev5 Class C),Certification Data Sharing: CDS-CSO-HAD,Keep historical snapshots of certification data aligned to Ongoing Certification Reports,MUST,Applies: maintaining date 2027-08-01; grace ends 2028-02-01,GV.OV-01,CA-7; AU-11,Author mapping,Monthly deliverables are archived in the legacy repository,Repository folders,Partially met,Snapshots will need to align to Ongoing Certification Reports once they start,Low,Snapshot with each report in the trust center,GRC Manager,2027-08-01,Rev5 grace dates for CPO moved to 2027-07-01 in the 2026-09-13 release; check the changelog monthly
G-013,FedRAMP Consolidated Rules for 2026 (Rev5 Class C),Certification Data Sharing: CDS-CSF-TCM,Notify all necessary parties when migrating to a trust center and leave instructions in the existing secure folders,MUST,Applies: maintaining date 2027-08-01; grace ends 2028-02-01,RS.CO-02; GV.OC-03,PL-2,Author mapping,Not started,None,Not met,Migration notice not planned,Moderate,Migration notice to FedRAMP and 7 agencies with instructions in the legacy folders,Federal Program Director,2027-04-02,Rev5 grace dates for CPO moved to 2027-07-01 in the 2026-09-13 release; check the changelog monthly
G-014,FedRAMP Consolidated Rules for 2026 (Rev5 Class C),Certification Data Sharing: CDS-TRC-PAC,Trust center provides documented programmatic access to all certification data,MUST,Applies: maintaining date 2027-08-01; grace ends 2028-02-01,GV.OC-03,AC-21,Author mapping,No trust center,None,Not met,No programmatic access,Moderate,Requirement in trust center selection,GRC Manager,2027-04-02,Rev5 grace dates for CPO moved to 2027-07-01 in the 2026-09-13 release; check the changelog monthly
G-015,FedRAMP Consolidated Rules for 2026 (Rev5 Class C),Certification Data Sharing: CDS-TRC-AAI,Trust center keeps an inventory and history of agency users or systems with access,MUST,Applies: maintaining date 2027-08-01; grace ends 2028-02-01,PR.AA-05,AC-2; AU-2,Author mapping,"Legacy repository access is managed by FedRAMP's portal, not the company",None,Not met,No access inventory under company control,Moderate,Requirement in trust center selection,GRC Manager,2027-04-02,Rev5 grace dates for CPO moved to 2027-07-01 in the 2026-09-13 release; check the changelog monthly
G-016,FedRAMP Consolidated Rules for 2026 (Rev5 Class C),Certification Data Sharing: CDS-TRC-ACL,Trust center logs access and keeps summaries for at least 6 months,MUST,Applies: maintaining date 2027-08-01; grace ends 2028-02-01,DE.CM-03,AU-2; AU-11,Author mapping,No trust center,None,Not met,No access logging,Moderate,Requirement in trust center selection,GRC Manager,2027-04-02,Rev5 grace dates for CPO moved to 2027-07-01 in the 2026-09-13 release; check the changelog monthly
G-017,FedRAMP Consolidated Rules for 2026 (Rev5 Class C),Certification Package Overview: CPO-CSO-OVR,Supply a Certification Package Overview in human-readable and JSON formats,MUST,Applies: maintaining date 2027-07-01; grace ends at the first independent assessment started after 2027-07-01,GV.OC-03; ID.AM-03,PL-2; CA-6,Author mapping,The legacy SSP (2024) covers most content in a document format,Legacy SSP,Not met,No overview in the 2026 structure or JSON,High,Generate the overview from the P02 SSP and the CMDB,GRC Manager,2027-04-02,Rev5 grace dates for CPO moved to 2027-07-01 in the 2026-09-13 release; check the changelog monthly
G-018,FedRAMP Consolidated Rules for 2026 (Rev5 Class C),Certification Package Overview: CPO-CSO-MTD,"Include the accountable official, version, date, and source of update in the overview",MUST,Applies: maintaining date 2027-07-01; grace ends at the first independent assessment started after 2027-07-01,GV.RR-02,PL-2,Author mapping,The legacy SSP has a version table,Legacy SSP,Partially met,Metadata not in the required form,Low,Include in the overview,GRC Manager,2027-04-02,Rev5 grace dates for CPO moved to 2027-07-01 in the 2026-09-13 release; check the changelog monthly
G-019,FedRAMP Consolidated Rules for 2026 (Rev5 Class C),Certification Package Overview: CPO-CSF-CPM,Keep the Rev5 package up to date and complete at least once every year (Class C),MUST,Applies: maintaining date 2027-07-01; grace ends at the first independent assessment started after 2027-07-01,GV.OV-01,PL-2; CA-7,Author mapping,The package is updated at each annual assessment,Package change log,Met,None,Very Low,None,GRC Manager,,Rev5 grace dates for CPO moved to 2027-07-01 in the 2026-09-13 release; check the changelog monthly
G-020,FedRAMP Consolidated Rules for 2026 (Rev5 Class C),Collaborative Continuous Monitoring: CCM-OCR-AVL,"Supply an Ongoing Certification Report every 3 months covering changes, planned changes, accepted vulnerabilities, transformative changes, and recommendations",MUST,Applies: maintaining date 2027-04-02; grace ends 2027-10-01,GV.OV-01; ID.IM-01,CA-7; PM-31,Author mapping,Monthly continuous monitoring deliverables under the legacy process; no quarterly report,Monthly deliverable log,Not met,No Ongoing Certification Report,High,First report by 2027-04-02 from the trust center (R-023),GRC Manager,2027-04-02,None
G-021,FedRAMP Consolidated Rules for 2026 (Rev5 Class C),Collaborative Continuous Monitoring: CCM-OCR-NRD,Supply the target date of the next Ongoing Certification Report with public data,MUST,Applies: maintaining date 2027-04-02; grace ends 2027-10-01,GV.OV-01,CA-7,Author mapping,Not started,None,Not met,No published schedule,Low,Publish with the first report,GRC Manager,2027-04-02,None
G-022,FedRAMP Consolidated Rules for 2026 (Rev5 Class C),Collaborative Continuous Monitoring: CCM-OCR-FBM,Provide an asynchronous feedback mechanism for each Ongoing Certification Report,MUST,Applies: maintaining date 2027-04-02; grace ends 2027-10-01,RS.CO-02,CA-7,Author mapping,Agencies email the Federal Program Director,Email record,Partially met,No defined mechanism per report,Low,Feedback address and form in the trust center,Federal Program Director,2027-04-02,None
G-023,FedRAMP Consolidated Rules for 2026 (Rev5 Class C),Collaborative Continuous Monitoring: CCM-OCR-LSI,Do not irresponsibly disclose sensitive information in an Ongoing Certification Report,MUST NOT,Applies: maintaining date 2027-04-02; grace ends 2027-10-01,PR.DS-01,AC-21; SI-12,Author mapping,Not started; the package review checklist would apply,Package review checklist,Partially met,Checklist not extended to reports,Low,Apply the sensitive-information test to each report,GRC Manager,2027-04-02,None
G-024,FedRAMP Consolidated Rules for 2026 (Rev5 Class C),Collaborative Continuous Monitoring: CCM-QTR-REG,Supply registration information for Quarterly Reviews to all necessary parties,MUST,Applies: maintaining date 2027-04-02; grace ends 2027-10-01,GV.OV-01,CA-7,Author mapping,Agencies meet the company monthly or as needed under the legacy process,Meeting records,Not met,No Quarterly Review series,Moderate,Schedule Quarterly Reviews 3 to 10 business days after each report,Federal Program Director,2027-04-02,None
G-025,FedRAMP Consolidated Rules for 2026 (Rev5 Class C),Collaborative Continuous Monitoring: CCM-QTR-NRD,Publicly supply the target date of the next Quarterly Review,MUST,Applies: maintaining date 2027-04-02; grace ends 2027-10-01,GV.OV-01,CA-7,Author mapping,Not started,None,Not met,No published date,Low,Publish with the first report,Federal Program Director,2027-04-02,None
G-026,FedRAMP Consolidated Rules for 2026 (Rev5 Class C),Collaborative Continuous Monitoring: CCM-QTR-NID,Do not irresponsibly disclose sensitive information in a Quarterly Review,MUST NOT,Applies: maintaining date 2027-04-02; grace ends 2027-10-01,PR.DS-01,AC-21,Author mapping,Not started,None,Partially met,Presenters not briefed,Low,Brief presenters; apply the checklist,Federal Program Director,2027-04-02,None
G-027,FedRAMP Consolidated Rules for 2026 (Rev5 Class C),Cryptographic Module Use: CMU-CSO-CMD,"Document the cryptographic modules used in each service that protects federal customer data, including validation status",MUST,Applies: maintaining date 2027-01-01; grace ends 2027-06-01,PR.DS-01; PR.DS-02,SC-13; SC-12,Author mapping,"The government partition uses FIPS 140-validated modules; certificates are listed for TLS, storage, and the HSM, but not per service or for the identity provider and SIEM",Module certificate list,Partially met,Not documented per service; third-party services missing,Moderate,Per-service module register in the package (R-031),Security Engineering Lead,2027-01-01,None
G-028,FedRAMP Consolidated Rules for 2026 (Rev5 Class C),Cryptographic Module Use: CMU-CSO-UVM,Class C: use modules or update streams with active NIST CMVP validations for federal customer data,SHOULD,Applies: maintaining date 2027-01-01; grace ends 2027-06-01,PR.DS-01; PR.DS-02,SC-13,Author mapping,Validated modules in the government partition,Module certificate list,Met,None,Very Low,None,Security Engineering Lead,,None
G-029,FedRAMP Consolidated Rules for 2026 (Rev5 Class C),Cryptographic Module Use: CMU-CSO-CAT,Configure agency tenants by default to use validated cryptographic services,SHOULD,Applies: maintaining date 2027-01-01; grace ends 2027-06-01,PR.PS-01,SC-13; CM-6,Author mapping,Government partition defaults use validated services,Configuration baseline,Met,None,Very Low,None,Security Engineering Lead,,None
G-030,FedRAMP Consolidated Rules for 2026 (Rev5 Class C),FedRAMP Certification: FRC-CSO-FCP,Identify a target Certification Profile and apply all relevant FedRAMP Practices,MUST,Applies: maintaining date 2027-01-01; grace ends at the first independent assessment started after 2027-01-01,GV.OC-03,PL-10; PL-2,Author mapping,"The Government Cloud holds a legacy Rev5 Moderate certification; the target profile under the 2026 rules (Rev5 Class C, agency path) was chosen in this analysis",This report; CTO decision 2026-09-22,Partially met,Profile not yet recorded in the package; 2026 practices not yet applied,Moderate,Record the profile in the overview,GRC Manager,2027-01-01,None
G-031,FedRAMP Consolidated Rules for 2026 (Rev5 Class C),FedRAMP Certification: FRC-CSO-PKG,"Maintain a complete certification package: overview, Security Decision Record, and an Ongoing Certification Report",MUST,Applies: maintaining date 2027-01-01; grace ends at the first independent assessment started after 2027-01-01,GV.OC-03,PL-2; CA-6,Author mapping,"Legacy package (SSP, SAR, POA&M)",Legacy repository,Partially met,Package not in the 2026 structure,High,Convert the package (R-023),GRC Manager,2027-04-02,None
G-032,FedRAMP Consolidated Rules for 2026 (Rev5 Class C),FedRAMP Certification: FRC-CSO-JSN,Supply machine-readable information in JSON valid against FedRAMP schemas,MUST,Applies: maintaining date 2027-01-01; grace ends at the first independent assessment started after 2027-01-01,GV.OC-03,PL-2,Author mapping,Documents only,None,Not met,No JSON outputs,High,"Generate JSON from the CMDB, scanner, and SSP data",GRC Manager,2027-04-02,None
G-033,FedRAMP Consolidated Rules for 2026 (Rev5 Class C),FedRAMP Certification: FRC-CSO-MRA,"Remain accountable for the accuracy of all package content, including third-party input",MUST,Applies: maintaining date 2027-01-01; grace ends at the first independent assessment started after 2027-01-01,GV.RR-01,PL-2; CA-2,Author mapping,The GRC Manager reviews assessor and advisor content before submission,Review records,Met,None,Very Low,None,GRC Manager,,None
G-034,FedRAMP Consolidated Rules for 2026 (Rev5 Class C),FedRAMP Certification: FRC-CSO-POP,Do not seek both Rev5 and 20x Program Certification for the same offering,MUST NOT,Applies: maintaining date 2027-01-01; grace ends at the first independent assessment started after 2027-01-01,GV.OC-03,PL-10,Author mapping,The company keeps its Rev5 agency certification and is not pursuing 20x for the Government Cloud,CEO decision record 2026-09-22,Met,None,Very Low,None,Chief Executive Officer,,None
G-035,FedRAMP Consolidated Rules for 2026 (Rev5 Class C),FedRAMP Certification: FRC-CSF-BSL,Include at least the Rev5 Class C control list in the Security Decision Record,MUST,Applies: maintaining date 2027-01-01; grace ends at the first independent assessment started after 2027-01-01,GV.OC-03,PL-10,Author mapping,All 180 base controls and 142 enhancements are documented in P02; 55 are Partially implemented and 1 Planned,P02 control-implementation.csv,Partially met,56 controls not fully in place (mostly commercial and DC-1 gaps that reach shared components),High,Close the High control gaps first (P07 POA&M),GRC Manager,2027-03-31,None
G-036,FedRAMP Consolidated Rules for 2026 (Rev5 Class C),FedRAMP Certification: FRC-CSF-ACP,Assign all organization-defined parameters following FedRAMP Rev5 Controls Guidance and record them in the Security Decision Record,MUST,Applies: maintaining date 2027-01-01; grace ends at the first independent assessment started after 2027-01-01,GV.PO-02,PL-11; PL-2,Author mapping,Parameters assigned in 2024 under the legacy baseline,Legacy SSP,Partially met,Not re-checked against current guidance; not in a Security Decision Record,Moderate,Re-assign and record parameters,GRC Manager,2027-07-01,None
G-037,FedRAMP Consolidated Rules for 2026 (Rev5 Class C),FedRAMP Certification: FRC-CSF-FFG,Follow FedRAMP Rev5 Controls Guidance for implementation and documentation,MUST,Applies: maintaining date 2027-01-01; grace ends at the first independent assessment started after 2027-01-01,GV.PO-02,PL-2,Author mapping,2024 implementation followed the legacy guidance,Legacy SSP,Partially met,Changes in the 2026 guidance (for example IA-5 digital identity wording) not reviewed,Low,Guidance review during package conversion,GRC Manager,2027-04-02,None
G-038,FedRAMP Consolidated Rules for 2026 (Rev5 Class C),Incident Evaluation and Communication: IEC-CSO-EFR,Promptly evaluate incidents to decide whether they affect or are likely to affect confidentiality or integrity of federal customer data (FedRAMP Reportable Incidents),MUST,Applies: maintaining date 2027-01-01; grace ends 2027-06-01,RS.AN-03; RS.MA-02,IR-4; IR-6,Author mapping,The 2024 plan reports incidents to agencies under the legacy procedure; no reportability step,Incident plan 2024,Partially met,No reportability evaluation step,High,Add the evaluation step to P08 (R-030),Security Operations Manager,2026-12-15,None
G-039,FedRAMP Consolidated Rules for 2026 (Rev5 Class C),Incident Evaluation and Communication: IEC-CSO-DPR,Treat reportable incidents as PAIN-5 unless the PAIN rating is promptly estimated,MUST,Applies: maintaining date 2027-01-01; grace ends 2027-06-01,RS.MA-03,IR-4; IR-6,Author mapping,No PAIN concept in the plan,Incident plan 2024,Not met,No default rating,High,Default PAIN-5 in P08,Security Operations Manager,2026-12-15,None
G-040,FedRAMP Consolidated Rules for 2026 (Rev5 Class C),Incident Evaluation and Communication: IEC-CSO-IIR,"Class C: Initial Incident Report to FedRAMP, agencies, and all necessary parties within 1 hour for PAIN-3 to PAIN-5, 24 hours for PAIN-2, and 1 business day for PAIN-1",MUST,Applies: maintaining date 2027-01-01; grace ends 2027-06-01,RS.CO-02; RS.CO-03,IR-6; IR-6(1),Author mapping,Agencies are notified under the legacy procedure; no 1-hour capability; no trust center for all-party updates,Incident plan 2024; tabletop 2026-02,Not met,1-hour clock not achievable today,High,Federal incident response coordinator on call; JSON templates; trust center channel (R-030),Security Operations Manager,2027-01-01,None
G-041,FedRAMP Consolidated Rules for 2026 (Rev5 Class C),Incident Evaluation and Communication: IEC-CSO-OIR,"Class C: ongoing incident reports every 6 hours for PAIN-3 to PAIN-5, 24 hours for PAIN-2, and 1 business day for PAIN-1",MUST,Applies: maintaining date 2027-01-01; grace ends 2027-06-01,RS.CO-03,IR-6,Author mapping,Updates sent as needed,Incident plan 2024,Partially met,No cadence by PAIN,Moderate,Update cadence in P08,Security Operations Manager,2027-01-01,None
G-042,FedRAMP Consolidated Rules for 2026 (Rev5 Class C),Incident Evaluation and Communication: IEC-CSO-FIR,Class C: Final Incident Report within 6 hours for PAIN-3 to PAIN-5 and 1 business day for PAIN-1 and PAIN-2 after resolution and recovery,MUST,Applies: maintaining date 2027-01-01; grace ends 2027-06-01,RS.CO-03; RC.CO-04,IR-6; IR-4,Author mapping,Post-incident reports sent within about 2 weeks,Incident records,Partially met,Final report timing does not meet the Class C timeframes,Moderate,Final report template and timer in P08,Security Operations Manager,2027-01-01,None
G-043,FedRAMP Consolidated Rules for 2026 (Rev5 Class C),Incident Evaluation and Communication: IEC-CSO-EFI,Promptly estimate the Potential Agency Impact N-rating (N1 to N5) for each incident,SHOULD,Applies: maintaining date 2027-01-01; grace ends 2027-06-01,RS.AN-03,IR-4; RA-3,Author mapping,Not done,None,Not met,No method,Moderate,PAIN rating guide in P08,Security Operations Manager,2027-01-01,None
G-044,FedRAMP Consolidated Rules for 2026 (Rev5 Class C),Incident Evaluation and Communication: IEC-CSO-AIR,Automate incident reporting to all affected parties,SHOULD,Applies: maintaining date 2027-01-01; grace ends 2027-06-01,RS.CO-02,IR-6(1),Author mapping,Emails are written by hand,Incident records,Not met,No automation,Low,Generate reports from the SIEM case,Security Operations Manager,2027-06-01,None
G-045,FedRAMP Consolidated Rules for 2026 (Rev5 Class C),Independent Verification and Validation: IVV-CSO-SEI,Supply assessors evidence of implementation (verification),MUST,Applies: maintaining date 2027-01-01; grace ends at the first independent assessment started after 2027-01-01,ID.IM-02,CA-2,Author mapping,Configuration exports and screenshots supplied each year,2026-03 assessment evidence index,Met,None,Very Low,None,GRC Manager,,None
G-046,FedRAMP Consolidated Rules for 2026 (Rev5 Class C),Independent Verification and Validation: IVV-CSO-SEE,Supply assessors evidence of effectiveness (validation),MUST,Applies: maintaining date 2027-01-01; grace ends at the first independent assessment started after 2027-01-01,ID.IM-02,CA-2; CA-7,Author mapping,"Effectiveness shown mostly by samples, not metrics",2026-03 assessment evidence index,Partially met,"Few effectiveness metrics (for example blocked traffic, alert closure quality)",Low,Add effectiveness metrics for key controls,GRC Manager,2027-01-31,None
G-047,FedRAMP Consolidated Rules for 2026 (Rev5 Class C),Independent Verification and Validation: IVV-CSO-ICP,Include independent assessment results in the package without inappropriate modification,MUST,Applies: maintaining date 2027-01-01; grace ends at the first independent assessment started after 2027-01-01,GV.OV-01,CA-2,Author mapping,The assessor's report is included unchanged,Legacy repository,Met,None,Very Low,None,GRC Manager,,None
G-048,FedRAMP Consolidated Rules for 2026 (Rev5 Class C),Independent Verification and Validation: IVV-CSO-DUS,Document the use of representative samples in verification and validation,MUST,Applies: maintaining date 2027-01-01; grace ends at the first independent assessment started after 2027-01-01,ID.IM-02,CA-2,Author mapping,Samples are used but the method is not written down,Assessment evidence,Partially met,Sampling not documented,Low,Sampling method section in the evidence index,GRC Manager,2027-01-31,None
G-049,FedRAMP Consolidated Rules for 2026 (Rev5 Class C),Independent Verification and Validation: IVV-CSF-AIA,Class C: include the 34 listed base controls and their listed enhancements in an independent assessment every year,MUST,Applies: maintaining date 2027-01-01; grace ends at the first independent assessment started after 2027-01-01,ID.IM-02,CA-2; CA-2(1),Author mapping,"The 2026-03 assessment covered the legacy core controls; 7 controls or enhancements on the Class C list (for example SC-45(1), SI-6, SI-10) were not in it",2026-03 assessment scope,Partially met,Annual scope does not yet match the Class C list,Moderate,Set the 2027 assessment scope to the full IVV-CSF-AIA list,GRC Manager,2027-01-31,None
G-050,FedRAMP Consolidated Rules for 2026 (Rev5 Class C),Independent Verification and Validation: IVV-CSF-MCA,Include all applicable Rev5 controls in independent assessments at least every 3 years,MUST,Applies: maintaining date 2027-01-01; grace ends at the first independent assessment started after 2027-01-01,ID.IM-02,CA-2,Author mapping,3-year rotation plan from 2024,Rotation plan,Met,None,Very Low,None,GRC Manager,,None
G-051,FedRAMP Consolidated Rules for 2026 (Rev5 Class C),Independent Verification and Validation: IVV-CSF-ACF,Include controls with negative findings in the next independent assessment,MUST,Applies: maintaining date 2027-01-01; grace ends at the first independent assessment started after 2027-01-01,ID.IM-02,CA-2; CA-5,Author mapping,2026-03 findings are scheduled into the 2027 scope,Rotation plan,Met,None,Very Low,None,GRC Manager,,None
G-052,FedRAMP Consolidated Rules for 2026 (Rev5 Class C),Marketplace Listing: MKT-CSO-MLR,Address Public Information (CDS-CSO-PUB) to apply for or update a Marketplace listing,MUST,Applies now: maintaining date 2026-07-04 (no grace period),GV.OC-03,PL-2,Author mapping,Listing current under legacy rules; any update now requires CDS-CSO-PUB,Marketplace listing,Partially met,Any listing update would fail until public information is published in both formats,Moderate,Publish public information before the next listing change,Federal Program Director,2027-06-30,None
G-053,FedRAMP Consolidated Rules for 2026 (Rev5 Class C),Minimum Assessment Scope: MAS-CSO-IIR,Identify all information resources likely to handle or affect federal customer data; this set is the cloud service offering,MUST,Applies: maintaining date 2027-01-01; grace ends at the first independent assessment started after 2027-01-01,ID.AM-01; ID.AM-02,CM-8; PL-2,Author mapping,"2024 boundary treated the CI/CD pipeline, identity provider tenant, SIEM tenant, and ITSM as external",P02 section 7; 2024 boundary diagram,Not met,Boundary too narrow under the 2026 rules,High,Expanded boundary in P02; tag CMDB items by partition and data role (R-035),GRC Manager,2027-01-31,None
G-054,FedRAMP Consolidated Rules for 2026 (Rev5 Class C),Minimum Assessment Scope: MAS-CSO-FLO,Document information flows and security categories for all information resources,MUST,Applies: maintaining date 2027-01-01; grace ends at the first independent assessment started after 2027-01-01,ID.AM-03,AC-4; RA-2,Author mapping,"Flows documented for the government clusters and control plane; not for the shared pipeline, SIEM, and ITSM",Data flow diagrams,Partially met,Shared tool flows missing,Moderate,Add flows for shared tools,VP Software Engineering,2027-01-31,None
G-055,FedRAMP Consolidated Rules for 2026 (Rev5 Class C),Minimum Assessment Scope: MAS-CSO-TPR,"Document usage, justification, mitigations, and compensating controls for each third-party information resource",MUST,Applies: maintaining date 2027-01-01; grace ends at the first independent assessment started after 2027-01-01,GV.SC-07; ID.AM-04,SA-9; SR-6,Author mapping,"Vendor register lists vendors and tiers, not this information",Vendor register,Not met,Third-party resources undocumented in the required form,High,"Document each third-party resource (identity provider, code hosting, SIEM, ITSM, MDR, scrubbing) (R-025, R-035)",GRC Manager,2027-01-31,None
G-056,FedRAMP Consolidated Rules for 2026 (Rev5 Class C),Minimum Assessment Scope: MAS-CSO-MDI,"Include metadata, including metadata about federal customer data, in the scope",MUST,Applies: maintaining date 2027-01-01; grace ends at the first independent assessment started after 2027-01-01,ID.AM-07,CM-12; CM-8,Author mapping,"Ticket, billing, and monitoring metadata about agencies sit in shared systems and are not mapped",P02 section 7,Not met,Metadata locations not mapped,Moderate,Map metadata locations (CM-12),Federal Program Director,2027-01-31,None
G-057,FedRAMP Consolidated Rules for 2026 (Rev5 Class C),Secure Configuration Guide: SCG-CSO-RSC,Create and maintain a Secure Configuration Guide for top-level administrative accounts and security settings,MUST,Applies now: maintaining date 2026-03-01; grace ended 2026-07-01,PR.PS-01,SA-5; CM-6,Author mapping,Government Cloud administrator guide (2025) covers top-level customer administrator accounts and security settings,Administrator guide 2025,Met,None,Very Low,None,VP Software Engineering,,None
G-058,FedRAMP Consolidated Rules for 2026 (Rev5 Class C),Secure Configuration Guide: SCG-CSO-AUP,Explain in the package how to obtain and use the Secure Configuration Guide,MUST,Applies now: maintaining date 2026-03-01; grace ended 2026-07-01,PR.PS-01,SA-5,Author mapping,The package references the guide,Legacy SSP appendix,Met,None,Very Low,None,GRC Manager,,None
G-059,FedRAMP Consolidated Rules for 2026 (Rev5 Class C),Secure Configuration Guide: SCG-CSO-PUB,Make the Secure Configuration Guide public,SHOULD,Applies now: maintaining date 2026-03-01; grace ended 2026-07-01,PR.PS-01,SA-5,Author mapping,The guide is available only to signed-in agency administrators,Documentation site,Partially met,Not public,Low,Publish a public version without sensitive details,VP Software Engineering,2027-03-31,None
G-060,FedRAMP Consolidated Rules for 2026 (Rev5 Class C),Secure Configuration Guide: SCG-CSO-SDF,Set recommended secure defaults for top-level administrative and privileged accounts when first provisioned,SHOULD,Applies now: maintaining date 2026-03-01; grace ended 2026-07-01,PR.PS-01; PR.AA-03,CM-6; IA-2,Author mapping,"Government partition administrators get MFA and session limits by default (commercial MFA is optional, outside FedRAMP scope)",Portal configuration,Met,None,Very Low,None,VP Software Engineering,,None
G-061,FedRAMP Consolidated Rules for 2026 (Rev5 Class C),Security Decision Record: SDR-CSO-FRR,"Supply a Security Decision Record covering each applicable FedRAMP rule, in human-readable and JSON formats",MUST,Applies: maintaining date 2027-08-01; grace ends at the first independent assessment started after 2027-08-01,GV.OC-03; ID.IM-02,PL-2; CA-7,Author mapping,Not started; this analysis is the starting inventory of rules,This report,Not met,No Security Decision Record,High,Build the record from this gap analysis (R-023),GRC Manager,2027-07-01,Rev5 grace dates for CPO moved to 2027-07-01 in the 2026-09-13 release; check the changelog monthly
G-062,FedRAMP Consolidated Rules for 2026 (Rev5 Class C),Security Decision Record: SDR-CSO-MTD,"Include version, last update, and source of update in the Security Decision Record",MUST,Applies: maintaining date 2027-08-01; grace ends at the first independent assessment started after 2027-08-01,GV.OC-03,PL-2,Author mapping,Not started,None,Not met,No record,Low,Include in the record,GRC Manager,2027-07-01,Rev5 grace dates for CPO moved to 2027-07-01 in the 2026-09-13 release; check the changelog monthly
G-063,FedRAMP Consolidated Rules for 2026 (Rev5 Class C),Security Decision Record: SDR-CSF-CTF,"Summarize parameters, status, mechanisms, verification, and validation for each Rev5 control",MUST,Applies: maintaining date 2027-08-01; grace ends at the first independent assessment started after 2027-08-01,GV.OC-03,PL-2; PL-11,Author mapping,P02 has a statement and status for each base control; verification and validation fields are missing,P02 control-implementation.csv,Partially met,Verification and validation summaries missing,Moderate,Add verification and validation fields to the P02 data and export to JSON,GRC Manager,2027-07-01,Rev5 grace dates for CPO moved to 2027-07-01 in the 2026-09-13 release; check the changelog monthly
G-064,FedRAMP Consolidated Rules for 2026 (Rev5 Class C),Significant Change Notification: SCN-CSO-EVA,Evaluate all potential significant changes and follow the rules for their type,MUST,Applies: maintaining date 2027-01-01; grace ends 2027-06-01,PR.PS-01; ID.RA-07,CM-3; CM-4,Author mapping,The change advisory board has a FedRAMP significant change field using the legacy significant change request process,Change tickets,Partially met,"Change types (routine recurring, adaptive, transformative) not used",Moderate,Update the change template and procedure to the 2026 types,GRC Manager,2027-01-01,None
G-065,FedRAMP Consolidated Rules for 2026 (Rev5 Class C),Significant Change Notification: SCN-CSO-MAR,Keep auditable records of significant change evaluations,MUST,Applies: maintaining date 2027-01-01; grace ends 2027-06-01,ID.RA-07,CM-3; AU-11,Author mapping,Change tickets record the field,Change tickets,Partially met,Evaluation reasoning not recorded,Low,Required reasoning field,GRC Manager,2027-01-01,None
G-066,FedRAMP Consolidated Rules for 2026 (Rev5 Class C),Significant Change Notification: SCN-CSO-INF,Include required information in Significant Change Notifications,MUST,Applies: maintaining date 2027-01-01; grace ends 2027-06-01,ID.RA-07,CM-4,Author mapping,Legacy request form covers most items,Legacy request forms,Partially met,Missing customer-impact and verification plan fields,Low,New notification template,Federal Program Director,2027-01-01,None
G-067,FedRAMP Consolidated Rules for 2026 (Rev5 Class C),Significant Change Notification: SCN-CSO-HIS,Keep 12 months of historical notifications with certification data,MUST,Applies: maintaining date 2027-01-01; grace ends 2027-06-01,GV.OV-01,CM-3,Author mapping,Requests are filed in email,Email folders,Not met,No accessible history,Low,Store notifications in the trust center,GRC Manager,2027-04-02,None
G-068,FedRAMP Consolidated Rules for 2026 (Rev5 Class C),Significant Change Notification: SCN-CSO-HRM,Make all notifications and audit records available in human-readable and JSON formats,MUST,Applies: maintaining date 2027-01-01; grace ends 2027-06-01,GV.OV-01,CM-3,Author mapping,Documents only,None,Not met,No JSON,Moderate,Generate from the change system,GRC Manager,2027-04-02,None
G-069,FedRAMP Consolidated Rules for 2026 (Rev5 Class C),Significant Change Notification: SCN-ADP-NTF,Notify all necessary parties within 10 business days after finishing adaptive changes,MUST,Applies: maintaining date 2027-01-01; grace ends 2027-06-01,RS.CO-02,CM-3; CM-4,Author mapping,Adaptive changes (new features) are not notified today,Release log,Not met,No notices for adaptive changes,Moderate,Release notes to agencies within 10 business days through the trust center,Federal Program Director,2027-01-01,None
G-070,FedRAMP Consolidated Rules for 2026 (Rev5 Class C),Significant Change Notification: SCN-TRF-NIP,Notify all necessary parties at least 30 business days before starting transformative changes,MUST,Applies: maintaining date 2027-01-01; grace ends 2027-06-01,RS.CO-02,CM-3; CM-4,Author mapping,Major changes go to the sponsoring agency as significant change requests in advance,Change requests 2025-2026,Partially met,Not sent to all agencies; no 30-business-day rule,Moderate,Apply the 30-business-day notice to all 7 agencies,Federal Program Director,2027-01-01,None
G-071,FedRAMP Consolidated Rules for 2026 (Rev5 Class C),Significant Change Notification: SCN-TRF-NAV,"Notify within 5 business days after verifying transformative changes, with the assessment report",MUST,Applies: maintaining date 2027-01-01; grace ends 2027-06-01,RS.CO-02,CM-4,Author mapping,Assessment reports for changes go to the sponsoring agency only,Change requests,Partially met,Other agencies not notified,Low,Notify all agencies through the trust center,Federal Program Director,2027-01-01,None
G-072,FedRAMP Consolidated Rules for 2026 (Rev5 Class C),Vulnerability Detection and Response: VDR-CSO-DET,Systematically and persistently detect vulnerabilities across the offering,MUST,Applies: maintaining date 2026-12-07; grace ends 2027-03-07 (mandated by CISA BOD 26-04),ID.RA-01; DE.CM-09,RA-5; CA-8,Author mapping,Government clusters and accounts scanned monthly with credentials; annual penetration test; vulnerability disclosure program,Scan reports; penetration test 2026-03,Partially met,"Shared components (DC-1 management interfaces, build runners) scanned only quarterly",High,Monthly scanning of all components in the expanded boundary (R-006),Security Engineering Lead,2026-12-07,None
G-073,FedRAMP Consolidated Rules for 2026 (Rev5 Class C),Vulnerability Detection and Response: VDR-CSO-RES,"Track, evaluate, mitigate, remediate, and report all detected vulnerabilities",MUST,Applies: maintaining date 2026-12-07; grace ends 2027-03-07 (mandated by CISA BOD 26-04),ID.RA-06; RS.MI-02,RA-5; SI-2; CA-5,Author mapping,"Legacy POA&M with fixed severity-based deadlines; 41 open items, 3 past due",Legacy POA&M 2026-07-31,Partially met,Not yet on the 2026 evaluation and response model,High,Move vulnerability tracking to the PAIN model in the scanner and ticketing tools (R-023),Security Engineering Lead,2026-12-07,None
G-074,FedRAMP Consolidated Rules for 2026 (Rev5 Class C),Vulnerability Detection and Response: VDR-CSO-FAV,Treat failures of detection and response processes as vulnerabilities,MUST,Applies: maintaining date 2026-12-07; grace ends 2027-03-07 (mandated by CISA BOD 26-04),ID.IM-02,RA-5; CA-7,Author mapping,Scan failures are fixed but not tracked,Scan logs,Not met,Process failures not tracked,Low,Track scan coverage failures as vulnerabilities,Security Engineering Lead,2026-12-07,None
G-075,FedRAMP Consolidated Rules for 2026 (Rev5 Class C),Vulnerability Detection and Response: VDR-CSO-ADT,Use automated services for detection and response,SHOULD,Applies: maintaining date 2026-12-07; grace ends 2027-03-07 (mandated by CISA BOD 26-04),DE.CM-09,RA-5,Author mapping,Scanning automated; KEV matching manual,Scanner configuration,Partially met,KEV matching manual,Moderate,Automate KEV matching,Security Engineering Lead,2026-12-07,None
G-076,FedRAMP Consolidated Rules for 2026 (Rev5 Class C),Vulnerability Detection and Response: VDR-CSO-AKE,Do not deploy new machine-based resources with Known Exploited Vulnerabilities,SHOULD NOT,Applies: maintaining date 2026-12-07; grace ends 2027-03-07 (mandated by CISA BOD 26-04),PR.PS-02; ID.RA-01,CM-2; SI-2,Author mapping,Government templates are scanned before release; no KEV gate,Template build log,Partially met,No automated KEV gate,Moderate,KEV gate in the template pipeline,VP Software Engineering,2026-12-07,None
G-077,FedRAMP Consolidated Rules for 2026 (Rev5 Class C),Vulnerability Detection and Response: VDR-TFR-NMV,Verify and validate non-machine-based resources (for example processes) at least every 3 months,MUST,Applies: maintaining date 2026-12-07; grace ends 2027-03-07 (mandated by CISA BOD 26-04),ID.IM-02,CA-7,Author mapping,Processes reviewed yearly,Procedure reviews,Not met,Quarterly check missing,Low,Quarterly process checks by GRC,GRC Manager,2026-12-07,None
G-078,FedRAMP Consolidated Rules for 2026 (Rev5 Class C),Vulnerability Detection and Response: VDR-TFR-PVR,"Class C: mitigate or remediate within PAIN-based timeframes (for example PAIN-5, likely exploitable and internet-reachable: 2 days)",SHOULD,Applies: maintaining date 2026-12-07; grace ends 2027-03-07 (mandated by CISA BOD 26-04),ID.RA-06; RS.MI-02,SI-2; RA-5,Author mapping,"Legacy timelines by severity (30, 90, 180 days)",Patch reports,Not met,"Timeframes not based on PAIN, reachability, and exploitability",High,PAIN-based targets in the ticketing tool (R-006),VP Platform Engineering,2027-03-07,None
G-079,FedRAMP Consolidated Rules for 2026 (Rev5 Class C),Vulnerability Detection and Response: VDR-TFR-KEV,Remediate KEVs by the due dates in the CISA KEV catalog,SHOULD,Applies: maintaining date 2026-12-07; grace ends 2027-03-07 (mandated by CISA BOD 26-04),ID.RA-08,SI-2; RA-5,Author mapping,KEVs tracked by hand; 2 DC-1 BMC KEVs remediated after the catalog due date in 2026,KEV tracking sheet,Partially met,Late KEV remediation on DC-1 BMCs,High,Automated KEV tracking with due dates (R-006),VP Platform Engineering,2026-12-07,None
G-080,FedRAMP Consolidated Rules for 2026 (Rev5 Class C),Vulnerability Detection and Response: VDR-TFR-MVF,Class C: verify and validate machine-based resources at least monthly,MUST,Applies: maintaining date 2026-12-07; grace ends 2027-03-07 (mandated by CISA BOD 26-04),DE.CM-09,RA-5; CA-7,Author mapping,Government resources scanned monthly,Scan reports,Met,None,Very Low,None,Security Engineering Lead,,None
G-081,FedRAMP Consolidated Rules for 2026 (Rev5 Class C),Vulnerability Detection and Response: VDR-TFR-PCD,Class C: detect vulnerabilities on resources not likely to drift at least monthly,SHOULD,Applies: maintaining date 2026-12-07; grace ends 2027-03-07 (mandated by CISA BOD 26-04),DE.CM-09,RA-5,Author mapping,Monthly for government resources; quarterly for shared DC-1 management interfaces,Scan schedule,Partially met,Shared DC-1 management interfaces quarterly,Moderate,Monthly for all in-scope resources,Security Engineering Lead,2026-12-07,None
G-082,FedRAMP Consolidated Rules for 2026 (Rev5 Class C),Vulnerability Evaluation and Reporting: VER-EVA-ELX,Evaluate whether each detected vulnerability is likely exploitable,MUST,Applies: maintaining date 2026-12-07; grace ends 2027-03-07 (mandated by CISA BOD 26-04),ID.RA-04,RA-3; RA-5,Author mapping,Severity from scanner scores only,Scan reports,Not met,No exploitability evaluation,Moderate,Evaluation step in the vulnerability workflow,Security Engineering Lead,2026-12-07,None
G-083,FedRAMP Consolidated Rules for 2026 (Rev5 Class C),Vulnerability Evaluation and Reporting: VER-EVA-EIR,Evaluate whether each detected vulnerability is internet-reachable,MUST,Applies: maintaining date 2026-12-07; grace ends 2027-03-07 (mandated by CISA BOD 26-04),ID.RA-04,RA-5; SC-7,Author mapping,Not recorded,Scan reports,Not met,No reachability evaluation,Moderate,Tag assets by reachability in the CMDB,Security Engineering Lead,2026-12-07,None
G-084,FedRAMP Consolidated Rules for 2026 (Rev5 Class C),Vulnerability Evaluation and Reporting: VER-EVA-EPA,Assign a Potential Agency Impact N-rating (N1 to N5) to each vulnerability,MUST,Applies: maintaining date 2026-12-07; grace ends 2027-03-07 (mandated by CISA BOD 26-04),ID.RA-05,RA-3; RA-5,Author mapping,Not done,None,Not met,No PAIN ratings,High,PAIN rating guide for vulnerabilities,Security Engineering Lead,2026-12-07,None
G-085,FedRAMP Consolidated Rules for 2026 (Rev5 Class C),Vulnerability Evaluation and Reporting: VER-EVA-AIA,Assume exploitation can be automated unless proven otherwise,MUST,Applies: maintaining date 2026-12-07; grace ends 2027-03-07 (mandated by CISA BOD 26-04),ID.RA-04,RA-3,Author mapping,Not part of the method,None,Not met,Not in the method,Low,Write into the rating guide,Security Engineering Lead,2026-12-07,None
G-086,FedRAMP Consolidated Rules for 2026 (Rev5 Class C),Vulnerability Evaluation and Reporting: VER-RPT-PER,Report vulnerability detection and response activity persistently to all necessary parties,MUST,Applies: maintaining date 2026-12-07; grace ends 2027-03-07 (mandated by CISA BOD 26-04),GV.OV-01; ID.RA-06,CA-7; RA-5,Author mapping,Monthly POA&M and scan files go to agencies,Monthly deliverable log,Partially met,Format is the legacy POA&M,Moderate,Move to the 2026 report format through the trust center,GRC Manager,2026-12-07,None
G-087,FedRAMP Consolidated Rules for 2026 (Rev5 Class C),Vulnerability Evaluation and Reporting: VER-RPT-VDT,"Include required details (tracking ID, times, reachability, exploitability, PAIN history) for each vulnerability",MUST,Applies: maintaining date 2026-12-07; grace ends 2027-03-07 (mandated by CISA BOD 26-04),ID.RA-06,RA-5; CA-5,Author mapping,POA&M fields cover ID and dates only,Legacy POA&M,Not met,Required fields missing,Moderate,Extend the vulnerability record,Security Engineering Lead,2026-12-07,None
G-088,FedRAMP Consolidated Rules for 2026 (Rev5 Class C),Vulnerability Evaluation and Reporting: VER-RPT-AVI,Report required information for accepted vulnerabilities,MUST,Applies: maintaining date 2026-12-07; grace ends 2027-03-07 (mandated by CISA BOD 26-04),ID.RA-06,CA-5; RA-7,Author mapping,Risk adjustments and operational requirements are documented in the POA&M,Legacy POA&M,Partially met,Not mapped to accepted vulnerability fields,Low,Map existing deviations,GRC Manager,2026-12-07,None
G-089,FedRAMP Consolidated Rules for 2026 (Rev5 Class C),Vulnerability Evaluation and Reporting: VER-TFR-MHR,Report vulnerability activity in a consistent human-readable format at least monthly,MUST,Applies: maintaining date 2026-12-07; grace ends 2027-03-07 (mandated by CISA BOD 26-04),GV.OV-01,CA-7,Author mapping,Monthly deliverables in a consistent format since 2024,Monthly deliverable log,Met,None,Very Low,None,GRC Manager,,None
G-090,FedRAMP Consolidated Rules for 2026 (Rev5 Class C),Vulnerability Evaluation and Reporting: VER-TFR-MAV,Mark any vulnerability not fully mitigated or remediated within 192 days of evaluation as accepted,MUST,Applies: maintaining date 2026-12-07; grace ends 2027-03-07 (mandated by CISA BOD 26-04),ID.RA-06,CA-5; RA-7,Author mapping,Late items stay open past due in the POA&M,Legacy POA&M (3 past due),Not met,No 192-day rule,Moderate,Apply the rule in the vulnerability workflow,Security Engineering Lead,2026-12-07,None
G-091,FedRAMP Rev5 Class C control list (FRC-CSF-BSL),Rev5 Class C control list: AC-1 Policy and Procedures,Implement AC-1 (Policy and Procedures) and its Class C enhancements for the cloud service offering,MUST,Applies: government partition today; shared components under the 2026 Minimum Assessment Scope; commercial partition by company policy,GV.PO-01; GV.PO-02; GV.OC-03,AC-1,Official (NIST CSF 2.0 informative reference),"Access control policy POL-02 (2024) was revised and approved 2026-09-22, effective 2026-10-01 (P06). Access procedures for the government partition are written and reviewed yearly; STD-02 (privileged access) now applies them to the commercial partition.",POL-02; STD-02; procedure review record 2026-06,Met,None,Very Low,None,Director of Security,,None
G-092,FedRAMP Rev5 Class C control list (FRC-CSF-BSL),"Rev5 Class C control list: AC-2 Account Management with AC-2(1), AC-2(2), AC-2(3), AC-2(4), AC-2(5), AC-2(7), AC-2(9), AC-2(12), AC-2(13)",Implement AC-2 (Account Management) and its Class C enhancements for the cloud service offering,MUST,Applies: government partition today; shared components under the 2026 Minimum Assessment Scope; commercial partition by company policy,PR.AA-01; PR.AA-05; PR.DS-10,AC-2,Official (NIST CSF 2.0 informative reference),"Workforce accounts are created from HR records in the identity provider and federated to the cloud accounts, code hosting, PAM, and hypervisor managers. Government partition: quarterly access reviews, automated disable after 35 days of inactivity (AC-2(3)), emergency accounts expire in 24 hours (AC-2(2)), and atypical-use alerts in the SIEM (AC-2(12)). Commercial partition: semiannual reviews; 2 older DC-1 clusters use local accounts.","IdP export; access review records (2026-Q2 government, 2026-H1 commercial); P07 AC-02",Partially met,"Commercial reviews semiannual, not quarterly; DC-1 legacy clusters outside automated account management (AC-2(1)); a 2024 CI/CD deploy token with no owner or expiry was found in P07; 2 shared RMM super-administrator accounts outside the boundary",High,Quarterly reviews for both partitions; federate the 2 DC-1 clusters; inventory and expire all machine tokens; retire shared RMM accounts,Director of Cloud Operations,2027-03-31,None
G-093,FedRAMP Rev5 Class C control list (FRC-CSF-BSL),Rev5 Class C control list: AC-3 Access Enforcement,Implement AC-3 (Access Enforcement) and its Class C enhancements for the cloud service offering,MUST,Applies: government partition today; shared components under the 2026 Minimum Assessment Scope; commercial partition by company policy,PR.AA-05; PR.DS-10; PR.IR-01,AC-3,Official (NIST CSF 2.0 informative reference),"Role-based access is enforced in the portal (customer roles), the control plane (service roles per partition), the cloud accounts (permission sets from directory groups), and the hypervisor managers (operator, support, administrator roles). Government partition roles are separate groups that only U.S.-person staff can join.",Portal role matrix; cloud permission set export; hypervisor role export,Met,None,Very Low,None,VP Software Engineering,,None
G-094,FedRAMP Rev5 Class C control list (FRC-CSF-BSL),Rev5 Class C control list: AC-4 Information Flow Enforcement with AC-4(21),Implement AC-4 (Information Flow Enforcement) and its Class C enhancements for the cloud service offering,MUST,Applies: government partition today; shared components under the 2026 Minimum Assessment Scope; commercial partition by company policy,PR.DS-10; PR.IR-01; DE.CM-09,AC-4,Official (NIST CSF 2.0 informative reference),Tenant networks are isolated by VLAN and virtual firewall; government clusters sit on separate physical networks; the government control plane runs in its own cloud account with no route to the commercial account. Management traffic flows only through PAM bastions at DC-2 and DC-3 (AC-4(21)).,Network diagrams; firewall rule export; P07 SC-07,Partially met,"At DC-1, the management network still accepts connections from the NOC network for 2 older clusters (AC-4(21) commercial)",Moderate,Move DC-1 management access behind PAM bastions; deny-by-default from the NOC network,VP Platform Engineering,2027-01-31,None
G-095,FedRAMP Rev5 Class C control list (FRC-CSF-BSL),Rev5 Class C control list: AC-5 Separation of Duties,Implement AC-5 (Separation of Duties) and its Class C enhancements for the cloud service offering,MUST,Applies: government partition today; shared components under the 2026 Minimum Assessment Scope; commercial partition by company policy,PR.AA-05,AC-5,Official (NIST CSF 2.0 informative reference),Production deploys need two approvers who are not the author; backup deletion needs two-person approval in the backup account; the government HSM key ceremony needs two custodians.,Branch protection settings; backup account policy; key ceremony log,Met,None,Very Low,None,VP Software Engineering,,None
G-096,FedRAMP Rev5 Class C control list (FRC-CSF-BSL),"Rev5 Class C control list: AC-6 Least Privilege with AC-6(1), AC-6(2), AC-6(5), AC-6(7), AC-6(9), AC-6(10)",Implement AC-6 (Least Privilege) and its Class C enhancements for the cloud service offering,MUST,Applies: government partition today; shared components under the 2026 Minimum Assessment Scope; commercial partition by company policy,PR.AA-05,AC-6,Official (NIST CSF 2.0 informative reference),"Government partition and DC-2/DC-3: just-in-time elevation through PAM with session recording, privileged functions logged (AC-6(9)), non-privileged accounts for daily work (AC-6(2)), and yearly privilege reviews (AC-6(7)). Commercial partition at DC-1: 214 engineers hold standing privileged roles in total, and DC-1 clusters A and B have no just-in-time elevation.",PAM reports; privileged group export (214 members); P07 AC-06,Partially met,Standing privilege for commercial engineers at DC-1; control plane service credentials in the commercial partition can act on every commercial cluster,High,Extend just-in-time elevation to all DC-1 clusters; scope commercial service credentials per cluster with short-lived tokens,Security Engineering Lead,2027-03-31,None
G-097,FedRAMP Rev5 Class C control list (FRC-CSF-BSL),Rev5 Class C control list: AC-7 Unsuccessful Logon Attempts,Implement AC-7 (Unsuccessful Logon Attempts) and its Class C enhancements for the cloud service offering,MUST,Applies: government partition today; shared components under the 2026 Minimum Assessment Scope; commercial partition by company policy,PR.AA-03,AC-7,Official (NIST CSF 2.0 informative reference),The identity provider locks accounts after 10 failed attempts; the portal applies the same rule and progressive delays for customers; PAM locks after 5 failures. DC-1 local hypervisor accounts lock after 10 failures.,IdP policy; portal configuration; PAM policy,Met,None,Very Low,None,Director of Cloud Operations,,None
G-098,FedRAMP Rev5 Class C control list (FRC-CSF-BSL),Rev5 Class C control list: AC-8 System Use Notification,Implement AC-8 (System Use Notification) and its Class C enhancements for the cloud service offering,MUST,Applies: government partition today; shared components under the 2026 Minimum Assessment Scope; commercial partition by company policy,PR.AA-05,AC-8,Author mapping,"System use notifications appear on the government portal, PAM bastions, and hypervisor managers, with text approved by the General Counsel. The commercial portal shows the acceptable use terms at sign-in.",Screenshots 2026-07-14,Met,None,Very Low,None,VP Software Engineering,,None
G-099,FedRAMP Rev5 Class C control list (FRC-CSF-BSL),Rev5 Class C control list: AC-11 Device Lock with AC-11(1),Implement AC-11 (Device Lock) and its Class C enhancements for the cloud service offering,MUST,Applies: government partition today; shared components under the 2026 Minimum Assessment Scope; commercial partition by company policy,PR.AA-03,AC-11,Author mapping,Laptops and NOC workstations lock after 10 minutes and hide screen content (AC-11(1)); PAM sessions lock after 15 minutes.,Endpoint policy report,Met,None,Very Low,None,Director of Corporate IT,,None
G-100,FedRAMP Rev5 Class C control list (FRC-CSF-BSL),Rev5 Class C control list: AC-12 Session Termination,Implement AC-12 (Session Termination) and its Class C enhancements for the cloud service offering,MUST,Applies: government partition today; shared components under the 2026 Minimum Assessment Scope; commercial partition by company policy,PR.AA-03,AC-12,Official (NIST CSF 2.0 informative reference),Portal sessions end after 30 minutes idle and 12 hours total; PAM sessions end after 60 minutes idle; console sessions end when the PAM session ends.,Portal and PAM configuration,Met,None,Very Low,None,VP Software Engineering,,None
G-101,FedRAMP Rev5 Class C control list (FRC-CSF-BSL),Rev5 Class C control list: AC-14 Permitted Actions Without Identification or Authentication,Implement AC-14 (Permitted Actions Without Identification or Authentication) and its Class C enhancements for the cloud service offering,MUST,Applies: government partition today; shared components under the 2026 Minimum Assessment Scope; commercial partition by company policy,PR.AA-01,AC-14,Official (NIST CSF 2.0 informative reference),"Only the public website, the status page, and the documentation site are reachable without sign-in; listed in the portal design record.",Portal design record,Met,None,Very Low,None,VP Software Engineering,,None
G-102,FedRAMP Rev5 Class C control list (FRC-CSF-BSL),"Rev5 Class C control list: AC-17 Remote Access with AC-17(1), AC-17(2), AC-17(3), AC-17(4)",Implement AC-17 (Remote Access) and its Class C enhancements for the cloud service offering,MUST,Applies: government partition today; shared components under the 2026 Minimum Assessment Scope; commercial partition by company policy,PR.AA-05,AC-17,Official (NIST CSF 2.0 informative reference),"Remote administrative access uses the identity provider with hardware security keys and PAM, over encrypted channels (AC-17(2)), through managed access points (AC-17(3)); privileged remote commands are authorized and logged in PAM (AC-17(4)), and remote sessions are monitored (AC-17(1)).",PAM session logs; VPN configuration; P07 AC-17 note,Partially met,"DC-1 clusters A and B are reached through a legacy VPN plus jump host, not PAM, so remote commands there are not recorded (AC-17(4))",Moderate,Retire the DC-1 legacy VPN path when the clusters move to PAM,Security Engineering Lead,2027-01-31,None
G-103,FedRAMP Rev5 Class C control list (FRC-CSF-BSL),"Rev5 Class C control list: AC-18 Wireless Access with AC-18(1), AC-18(3)",Implement AC-18 (Wireless Access) and its Class C enhancements for the cloud service offering,MUST,Applies: government partition today; shared components under the 2026 Minimum Assessment Scope; commercial partition by company policy,PR.AA-05,AC-18,Official (NIST CSF 2.0 informative reference),"Not applicable: there are no wireless networks inside the boundary. Data center cages have no wireless access points, and office Wi-Fi is outside the boundary and cannot reach management networks.",Network diagrams; DC walkthroughs 2026-08-11 and 2026-08-13,Not applicable,Not applicable to this boundary,Very Low,None,Director of Corporate IT,,None
G-104,FedRAMP Rev5 Class C control list (FRC-CSF-BSL),Rev5 Class C control list: AC-19 Access Control for Mobile Devices with AC-19(5),Implement AC-19 (Access Control for Mobile Devices) and its Class C enhancements for the cloud service offering,MUST,Applies: government partition today; shared components under the 2026 Minimum Assessment Scope; commercial partition by company policy,PR.AA-05,AC-19,Official (NIST CSF 2.0 informative reference),Mobile phones cannot reach management interfaces or PAM; email and chat on phones use device management with full-device encryption (AC-19(5)).,Device management compliance report,Met,None,Very Low,None,Director of Corporate IT,,None
G-105,FedRAMP Rev5 Class C control list (FRC-CSF-BSL),"Rev5 Class C control list: AC-20 Use of External Systems with AC-20(1), AC-20(2)",Implement AC-20 (Use of External Systems) and its Class C enhancements for the cloud service offering,MUST,Applies: government partition today; shared components under the 2026 Minimum Assessment Scope; commercial partition by company policy,ID.AM-02; ID.AM-04,AC-20,Official (NIST CSF 2.0 informative reference),Use of external systems to administer the platform is prohibited (POL-05); only company-managed laptops reach PAM and the cloud consoles (conditional access). Use of external systems is limited to approved SaaS (AC-20(1)); portable storage on company laptops is blocked (AC-20(2)).,Conditional access policy; device control policy,Met,None,Very Low,None,Director of Security,,None
G-106,FedRAMP Rev5 Class C control list (FRC-CSF-BSL),Rev5 Class C control list: AC-21 Information Sharing,Implement AC-21 (Information Sharing) and its Class C enhancements for the cloud service offering,MUST,Applies: government partition today; shared components under the 2026 Minimum Assessment Scope; commercial partition by company policy,PR.DS-10,AC-21,Author mapping,"Customers decide what they share; the company shares customer information only under the MSA, agency terms, or legal process, with legal review of each request.",Legal request log,Met,None,Very Low,None,General Counsel,,None
G-107,FedRAMP Rev5 Class C control list (FRC-CSF-BSL),Rev5 Class C control list: AC-22 Publicly Accessible Content,Implement AC-22 (Publicly Accessible Content) and its Class C enhancements for the cloud service offering,MUST,Applies: government partition today; shared components under the 2026 Minimum Assessment Scope; commercial partition by company policy,PR.DS-01,AC-22,Author mapping,Only communications staff can publish to the website and status page; status posts follow a template that avoids customer names and sensitive details; posts are reviewed weekly.,Status page role list; review log,Met,None,Very Low,None,Director of NOC and Customer Support,,None
G-108,FedRAMP Rev5 Class C control list (FRC-CSF-BSL),Rev5 Class C control list: AT-1 Policy and Procedures,Implement AT-1 (Policy and Procedures) and its Class C enhancements for the cloud service offering,MUST,Applies: government partition today; shared components under the 2026 Minimum Assessment Scope; commercial partition by company policy,GV.PO-01; GV.PO-02; GV.OC-03,AT-1,Official (NIST CSF 2.0 informative reference),"Training statements are in POL-05; the training procedure covers awareness, role-based, and insider threat content.",POL-05; training procedure,Met,None,Very Low,None,HR Director,,None
G-109,FedRAMP Rev5 Class C control list (FRC-CSF-BSL),"Rev5 Class C control list: AT-2 Literacy Training and Awareness with AT-2(2), AT-2(3)",Implement AT-2 (Literacy Training and Awareness) and its Class C enhancements for the cloud service offering,MUST,Applies: government partition today; shared components under the 2026 Minimum Assessment Scope; commercial partition by company policy,PR.AT-01,AT-2,Official (NIST CSF 2.0 informative reference),"Annual security awareness for all staff and contractors, at hire and yearly, with phishing simulations each quarter (June 2026 click rate 4.1%); practical exercises (AT-2(2)) and insider threat content (AT-2(3)) are included.",Training completion report (98%); phishing reports,Met,None,Very Low,None,HR Director,,None
G-110,FedRAMP Rev5 Class C control list (FRC-CSF-BSL),Rev5 Class C control list: AT-3 Role-based Training,Implement AT-3 (Role-based Training) and its Class C enhancements for the cloud service offering,MUST,Applies: government partition today; shared components under the 2026 Minimum Assessment Scope; commercial partition by company policy,PR.AT-01; PR.AT-02,AT-3,Official (NIST CSF 2.0 informative reference),"Role-based training is required for engineers with government access (yearly, tracked).",Training records,Partially met,"Commercial privileged engineers (managed services, DC-1 platform team) have no tracked role-based training",Moderate,Extend role-based training to all 214 privileged engineers,HR Director,2027-03-31,None
G-111,FedRAMP Rev5 Class C control list (FRC-CSF-BSL),Rev5 Class C control list: AT-4 Training Records,Implement AT-4 (Training Records) and its Class C enhancements for the cloud service offering,MUST,Applies: government partition today; shared components under the 2026 Minimum Assessment Scope; commercial partition by company policy,PR.AT-01,AT-4,Author mapping,Training records are kept in the learning system for 5 years.,Learning system export,Met,None,Very Low,None,HR Director,,None
G-112,FedRAMP Rev5 Class C control list (FRC-CSF-BSL),Rev5 Class C control list: AU-1 Policy and Procedures,Implement AU-1 (Policy and Procedures) and its Class C enhancements for the cloud service offering,MUST,Applies: government partition today; shared components under the 2026 Minimum Assessment Scope; commercial partition by company policy,GV.PO-01; GV.PO-02; GV.OC-03,AU-1,Official (NIST CSF 2.0 informative reference),Logging statements are in POL-03; STD-04 (logging and monitoring) was revised 2026-09 to apply one logging standard to both partitions.,POL-03; STD-04,Met,None,Very Low,None,Security Operations Manager,,None
G-113,FedRAMP Rev5 Class C control list (FRC-CSF-BSL),Rev5 Class C control list: AU-2 Event Logging,Implement AU-2 (Event Logging) and its Class C enhancements for the cloud service offering,MUST,Applies: government partition today; shared components under the 2026 Minimum Assessment Scope; commercial partition by company policy,PR.PS-04,AU-2,Official (NIST CSF 2.0 informative reference),"Event types are defined in STD-04 for identity, cloud control plane, portal, control plane, PAM, hypervisor managers, BMCs, network devices, and DNS, with the rationale for each. Government partition sources are complete.",SIEM source list 2026-07; P07 AU-02,Partially met,Commercial: DC-1 hypervisor and BMC events reach the SIEM from 5 of 7 clusters; RMM events are not collected,High,Onboard DC-1 clusters A and B and the RMM tool to the SIEM,Security Operations Manager,2027-01-31,None
G-114,FedRAMP Rev5 Class C control list (FRC-CSF-BSL),Rev5 Class C control list: AU-3 Content of Audit Records with AU-3(1),Implement AU-3 (Content of Audit Records) and its Class C enhancements for the cloud service offering,MUST,Applies: government partition today; shared components under the 2026 Minimum Assessment Scope; commercial partition by company policy,PR.PS-04,AU-3,Official (NIST CSF 2.0 informative reference),"Records include who, what, when, where, source, outcome, and the tenant or partition; additional fields for privileged actions (session ID, ticket number) come from PAM (AU-3(1)).",Sample records from 8 sources (P07 AU-03),Met,None,Very Low,None,Security Operations Manager,,None
G-115,FedRAMP Rev5 Class C control list (FRC-CSF-BSL),Rev5 Class C control list: AU-4 Audit Log Storage Capacity,Implement AU-4 (Audit Log Storage Capacity) and its Class C enhancements for the cloud service offering,MUST,Applies: government partition today; shared components under the 2026 Minimum Assessment Scope; commercial partition by company policy,PR.PS-04,AU-4,Author mapping,Log storage capacity is managed by the SIEM vendor under its own FedRAMP certification; the log archive account uses object storage with no practical limit.,SIEM contract; archive account metrics,Met,None,Very Low,None,Security Operations Manager,,None
G-116,FedRAMP Rev5 Class C control list (FRC-CSF-BSL),Rev5 Class C control list: AU-5 Response to Audit Logging Process Failures,Implement AU-5 (Response to Audit Logging Process Failures) and its Class C enhancements for the cloud service offering,MUST,Applies: government partition today; shared components under the 2026 Minimum Assessment Scope; commercial partition by company policy,PR.PS-04; DE.CM-09,AU-5,Author mapping,The SIEM alerts the SOC when a source stops sending for 30 minutes; the archive pipeline alerts on write failure.,Source-silence alert rule; alert sample,Met,None,Very Low,None,Security Operations Manager,,None
G-117,FedRAMP Rev5 Class C control list (FRC-CSF-BSL),"Rev5 Class C control list: AU-6 Audit Record Review, Analysis, and Reporting with AU-6(1), AU-6(3)","Implement AU-6 (Audit Record Review, Analysis, and Reporting) and its Class C enhancements for the cloud service offering",MUST,Applies: government partition today; shared components under the 2026 Minimum Assessment Scope; commercial partition by company policy,PR.PS-04; DE.AE-02; DE.AE-03,AU-6,Official (NIST CSF 2.0 informative reference),The MDR partner and the SOC review alerts 24x7; the SOC reviews privileged activity weekly (AU-6(1) automated correlation; AU-6(3) correlation across repositories).,SIEM case export; P07 AU-06; P10,Partially met,AI triage auto-closed 68% of commercial-partition alerts in July 2026 without human review (P10); weekly review does not yet include DC-1 clusters A and B,High,Stop auto-close for privileged-access and tooling alerts; sample auto-closed alerts weekly (P10 conditions),Security Operations Manager,2026-11-30,None
G-118,FedRAMP Rev5 Class C control list (FRC-CSF-BSL),Rev5 Class C control list: AU-7 Audit Record Reduction and Report Generation with AU-7(1),Implement AU-7 (Audit Record Reduction and Report Generation) and its Class C enhancements for the cloud service offering,MUST,Applies: government partition today; shared components under the 2026 Minimum Assessment Scope; commercial partition by company policy,PR.PS-04; RS.AN-03; RS.AN-06,AU-7,Official (NIST CSF 2.0 informative reference),"The SIEM provides search, reduction, and report generation without altering original records (AU-7(1)).",SIEM documentation; search sample,Met,None,Very Low,None,Security Operations Manager,,None
G-119,FedRAMP Rev5 Class C control list (FRC-CSF-BSL),Rev5 Class C control list: AU-8 Time Stamps,Implement AU-8 (Time Stamps) and its Class C enhancements for the cloud service offering,MUST,Applies: government partition today; shared components under the 2026 Minimum Assessment Scope; commercial partition by company policy,PR.PS-04,AU-8,Author mapping,"All components use the internal time service, which syncs to two authoritative sources; time stamps are recorded in UTC.",Time service configuration; P07 AU-08,Met,None,Very Low,None,VP Platform Engineering,,None
G-120,FedRAMP Rev5 Class C control list (FRC-CSF-BSL),Rev5 Class C control list: AU-9 Protection of Audit Information with AU-9(4),Implement AU-9 (Protection of Audit Information) and its Class C enhancements for the cloud service offering,MUST,Applies: government partition today; shared components under the 2026 Minimum Assessment Scope; commercial partition by company policy,PR.DS-10,AU-9,Official (NIST CSF 2.0 informative reference),"Logs are copied to a write-once archive in the log archive account that only 2 security engineers can administer, separate from the systems that create the logs (AU-9(4)).",Archive account policy; access list,Met,None,Very Low,None,Security Operations Manager,,None
G-121,FedRAMP Rev5 Class C control list (FRC-CSF-BSL),Rev5 Class C control list: AU-11 Audit Record Retention,Implement AU-11 (Audit Record Retention) and its Class C enhancements for the cloud service offering,MUST,Applies: government partition today; shared components under the 2026 Minimum Assessment Scope; commercial partition by company policy,PR.PS-04,AU-11,Official (NIST CSF 2.0 informative reference),Government partition logs are kept 1 year online and 3 years in the archive.,SIEM retention settings; P07 AU-11,Partially met,"Commercial partition logs are kept 90 days online; the archive covers them, but searches older than 90 days take days",Moderate,Extend commercial online retention to 1 year,Security Operations Manager,2027-03-31,None
G-122,FedRAMP Rev5 Class C control list (FRC-CSF-BSL),Rev5 Class C control list: AU-12 Audit Record Generation,Implement AU-12 (Audit Record Generation) and its Class C enhancements for the cloud service offering,MUST,Applies: government partition today; shared components under the 2026 Minimum Assessment Scope; commercial partition by company policy,PR.PS-04; DE.CM-01; DE.CM-03,AU-12,Official (NIST CSF 2.0 informative reference),"Audit record generation is enabled by default in the cloud accounts, identity provider, portal, control plane, PAM, and hypervisor managers.",Configuration exports; P07 AU-12,Partially met,DC-1 clusters A and B BMCs have remote logging disabled,Moderate,Enable remote logging on all BMCs with the firmware program,Security Operations Manager,2027-01-31,None
G-123,FedRAMP Rev5 Class C control list (FRC-CSF-BSL),Rev5 Class C control list: CA-1 Policy and Procedures,Implement CA-1 (Policy and Procedures) and its Class C enhancements for the cloud service offering,MUST,Applies: government partition today; shared components under the 2026 Minimum Assessment Scope; commercial partition by company policy,GV.PO-01; GV.PO-02; GV.OC-03,CA-1,Official (NIST CSF 2.0 informative reference),"Assessment, authorization, and monitoring statements are in POL-01; the continuous monitoring procedure describes the FedRAMP monthly deliverables and the annual assessment.",POL-01; continuous monitoring procedure (2024),Partially met,"The procedure still describes the legacy continuous monitoring process, not Ongoing Certification under the 2026 rules (tracked in P03)",Low,Rewrite the procedure for the 2026 rules,GRC Manager,2027-03-31,None
G-124,FedRAMP Rev5 Class C control list (FRC-CSF-BSL),"Rev5 Class C control list: CA-2 Control Assessments with CA-2(1), CA-2(3)",Implement CA-2 (Control Assessments) and its Class C enhancements for the cloud service offering,MUST,Applies: government partition today; shared components under the 2026 Minimum Assessment Scope; commercial partition by company policy,ID.RA-01; ID.IM-01; ID.IM-02,CA-2,Official (NIST CSF 2.0 informative reference),A FedRAMP Recognized independent assessment service assesses the Government Cloud each year (last: 2026-03; CA-2(1) independent assessors); the co-sourced internal audit firm assesses controls company-wide each year (P07); specialized assessments include annual penetration tests (CA-2(3) from the independent assessor).,Annual assessment report 2026-03; P07 plan,Met,None,Very Low,None,GRC Manager,,None
G-125,FedRAMP Rev5 Class C control list (FRC-CSF-BSL),Rev5 Class C control list: CA-3 Information Exchange,Implement CA-3 (Information Exchange) and its Class C enhancements for the cloud service offering,MUST,Applies: government partition today; shared components under the 2026 Minimum Assessment Scope; commercial partition by company policy,PR.DS-01; PR.DS-02; PR.DS-10,CA-3,Official (NIST CSF 2.0 informative reference),"Interconnections with agencies (federal credential federation), the DDoS scrubbing service, carriers, and the MDR partner are documented with agreements.",Interconnection list in P02 section 8; agreements,Met,None,Very Low,None,Federal Program Director,,None
G-126,FedRAMP Rev5 Class C control list (FRC-CSF-BSL),Rev5 Class C control list: CA-6 Authorization,Implement CA-6 (Authorization) and its Class C enhancements for the cloud service offering,MUST,Applies: government partition today; shared components under the 2026 Minimum Assessment Scope; commercial partition by company policy,GV.OV-01; GV.RM-01,CA-6,Author mapping,"The sponsoring agency issued the ATO on 2024-05-20, and 6 agencies have issued their own ATOs. Internally, the CTO accepted operation of the whole HCP on 2026-09-22 with the P07 POA&M, and the CEO accepted the High risks in P01.",Agency ATO letters; internal authorization memo 2026-09-22,Met,None,Very Low,None,Chief Technology Officer,,None
G-127,FedRAMP Rev5 Class C control list (FRC-CSF-BSL),"Rev5 Class C control list: CA-7 Continuous Monitoring with CA-7(1), CA-7(4)",Implement CA-7 (Continuous Monitoring) and its Class C enhancements for the cloud service offering,MUST,Applies: government partition today; shared components under the 2026 Minimum Assessment Scope; commercial partition by company policy,DE.AE-02; DE.AE-03; DE.CM-01,CA-7,Official (NIST CSF 2.0 informative reference),"Continuous monitoring follows the legacy FedRAMP process: monthly scans, inventory, and POA&M to the agencies, and the annual assessment (CA-7(1) independent monitoring through the assessor; CA-7(4) risk monitoring through P01).",Monthly deliverable log; P03 CCM rows,Partially met,"Not yet on the 2026 Ongoing Certification model (quarterly reports, quarterly reviews, persistent vulnerability reporting); the commercial partition has no formal monitoring strategy",High,Adopt the Ongoing Certification model for both partitions (P03 roadmap),GRC Manager,2027-04-02,None
G-128,FedRAMP Rev5 Class C control list (FRC-CSF-BSL),"Rev5 Class C control list: CA-8 Penetration Testing with CA-8(1), CA-8(2)",Implement CA-8 (Penetration Testing) and its Class C enhancements for the cloud service offering,MUST,Applies: government partition today; shared components under the 2026 Minimum Assessment Scope; commercial partition by company policy,ID.RA-01; ID.IM-01; ID.IM-02,CA-8,Official (NIST CSF 2.0 informative reference),"Annual penetration tests by an independent team (CA-8(1)) for the Government Cloud, including red-team style tests of the portal and control plane (CA-8(2)); the commercial portal is tested yearly by a separate firm.",Penetration test reports 2026-02 and 2026-03,Met,None,Very Low,None,Security Engineering Lead,,None
G-129,FedRAMP Rev5 Class C control list (FRC-CSF-BSL),Rev5 Class C control list: CA-9 Internal System Connections,Implement CA-9 (Internal System Connections) and its Class C enhancements for the cloud service offering,MUST,Applies: government partition today; shared components under the 2026 Minimum Assessment Scope; commercial partition by company policy,ID.AM-03,CA-9,Official (NIST CSF 2.0 informative reference),"Internal connections between the control plane, hypervisor managers, PAM, and the backup platform are documented and reviewed yearly.",Internal connection register,Met,None,Very Low,None,VP Platform Engineering,,None
G-130,FedRAMP Rev5 Class C control list (FRC-CSF-BSL),Rev5 Class C control list: CM-1 Policy and Procedures,Implement CM-1 (Policy and Procedures) and its Class C enhancements for the cloud service offering,MUST,Applies: government partition today; shared components under the 2026 Minimum Assessment Scope; commercial partition by company policy,GV.PO-01; GV.PO-02; GV.OC-03,CM-1,Official (NIST CSF 2.0 informative reference),"Configuration management statements are in POL-01 and POL-04; STD-03 (secure configuration) covers baselines, change control, and drift.",STD-03,Met,None,Very Low,None,VP Platform Engineering,,None
G-131,FedRAMP Rev5 Class C control list (FRC-CSF-BSL),"Rev5 Class C control list: CM-2 Baseline Configuration with CM-2(2), CM-2(3), CM-2(7)",Implement CM-2 (Baseline Configuration) and its Class C enhancements for the cloud service offering,MUST,Applies: government partition today; shared components under the 2026 Minimum Assessment Scope; commercial partition by company policy,PR.PS-01,CM-2,Official (NIST CSF 2.0 informative reference),"Baselines are kept as code for cloud resources, hypervisor hosts, and network devices (CM-2(2) automated); prior versions are retained (CM-2(3)); laptops for travel follow a hardened profile (CM-2(7)).",Baseline repository; cluster version report,Partially met,DC-1 clusters A and B run a hypervisor release one major version behind the baseline,Moderate,Upgrade DC-1 clusters A and B to the current baseline,VP Platform Engineering,2027-03-31,None
G-132,FedRAMP Rev5 Class C control list (FRC-CSF-BSL),"Rev5 Class C control list: CM-3 Configuration Change Control with CM-3(2), CM-3(4)",Implement CM-3 (Configuration Change Control) and its Class C enhancements for the cloud service offering,MUST,Applies: government partition today; shared components under the 2026 Minimum Assessment Scope; commercial partition by company policy,PR.PS-01; DE.CM-01; DE.CM-09,CM-3,Official (NIST CSF 2.0 informative reference),"Production changes go through the change advisory board with a security impact field; automated checks block unapproved infrastructure-as-code changes (CM-3(2) testing; CM-3(4) security representative on the board). One SOC 2 exception (1 of 40 sampled changes without documented approval) was closed 2026-08, and GRC now samples change approvals monthly.",Change tickets; SOC 2 exception follow-up; monthly approval samples,Met,None,Very Low,None,VP Platform Engineering,,None
G-133,FedRAMP Rev5 Class C control list (FRC-CSF-BSL),Rev5 Class C control list: CM-4 Impact Analyses with CM-4(2),Implement CM-4 (Impact Analyses) and its Class C enhancements for the cloud service offering,MUST,Applies: government partition today; shared components under the 2026 Minimum Assessment Scope; commercial partition by company policy,PR.PS-01; ID.RA-07,CM-4,Official (NIST CSF 2.0 informative reference),Each change records a security impact analysis; changes to the government partition are also checked for FedRAMP significant change (CM-4(2) verification after change).,Change template; sample of 25 changes,Met,None,Very Low,None,VP Software Engineering,,None
G-134,FedRAMP Rev5 Class C control list (FRC-CSF-BSL),"Rev5 Class C control list: CM-5 Access Restrictions for Change with CM-5(1), CM-5(5)",Implement CM-5 (Access Restrictions for Change) and its Class C enhancements for the cloud service offering,MUST,Applies: government partition today; shared components under the 2026 Minimum Assessment Scope; commercial partition by company policy,PR.PS-01,CM-5,Official (NIST CSF 2.0 informative reference),Only the pipeline can deploy to production; humans need PAM elevation for emergency changes; access to change production is logged and reviewed (CM-5(1) automated enforcement; CM-5(5) privilege reviewed).,Pipeline permission export; P07 CM-05,Partially met,The 2024 deploy token found in P07 could write to the government deployment repository outside the pipeline,High,Revoke the token (done 2026-08-15); quarterly review of every identity that can change production,VP Software Engineering,2026-12-31,None
G-135,FedRAMP Rev5 Class C control list (FRC-CSF-BSL),Rev5 Class C control list: CM-6 Configuration Settings with CM-6(1),Implement CM-6 (Configuration Settings) and its Class C enhancements for the cloud service offering,MUST,Applies: government partition today; shared components under the 2026 Minimum Assessment Scope; commercial partition by company policy,PR.PS-01; DE.CM-09,CM-6,Official (NIST CSF 2.0 informative reference),Configuration settings follow industry benchmarks recorded in STD-03; deviations are approved and recorded; drift is detected daily in the cloud and weekly on hosts (CM-6(1) automated management).,Benchmark scan results; P07 CM-06,Partially met,"Commercial DC-1 hosts are checked monthly, not weekly; 11% of DC-1 hosts had unapproved deviations in the P07 scan",Moderate,Weekly drift scans for all clusters; clear the deviations,VP Platform Engineering,2027-01-31,None
G-136,FedRAMP Rev5 Class C control list (FRC-CSF-BSL),"Rev5 Class C control list: CM-7 Least Functionality with CM-7(1), CM-7(2), CM-7(5)",Implement CM-7 (Least Functionality) and its Class C enhancements for the cloud service offering,MUST,Applies: government partition today; shared components under the 2026 Minimum Assessment Scope; commercial partition by company policy,PR.PS-01,CM-7,Official (NIST CSF 2.0 informative reference),"Hosts, appliances, and images run only required services; unused ports and protocols are disabled; software allowlisting runs on PAM bastions and build runners (CM-7(1) periodic review; CM-7(2) prevent program execution; CM-7(5) allowlisting).",Image build documentation; allowlisting policy,Met,None,Very Low,None,VP Platform Engineering,,None
G-137,FedRAMP Rev5 Class C control list (FRC-CSF-BSL),"Rev5 Class C control list: CM-8 System Component Inventory with CM-8(1), CM-8(3)",Implement CM-8 (System Component Inventory) and its Class C enhancements for the cloud service offering,MUST,Applies: government partition today; shared components under the 2026 Minimum Assessment Scope; commercial partition by company policy,PR.PS-01; ID.AM-01; ID.AM-02,CM-8,Official (NIST CSF 2.0 informative reference),"The CMDB holds hosts, network devices, cloud resources, and software, updated automatically from discovery and cloud APIs (CM-8(1)); unauthorized components are detected (CM-8(3)).",CMDB export; P03 MAS rows,Partially met,"The CMDB does not yet record which information resources handle federal customer data or affect it, as the 2026 Minimum Assessment Scope rules require; third-party resources are not listed",High,Tag every component by partition and data role; add third-party resources,VP Platform Engineering,2027-01-31,None
G-138,FedRAMP Rev5 Class C control list (FRC-CSF-BSL),Rev5 Class C control list: CM-9 Configuration Management Plan,Implement CM-9 (Configuration Management Plan) and its Class C enhancements for the cloud service offering,MUST,Applies: government partition today; shared components under the 2026 Minimum Assessment Scope; commercial partition by company policy,PR.PS-01; ID.AM-08,CM-9,Official (NIST CSF 2.0 informative reference),"The configuration management plan (2024) defines roles, items under control, and the change process.",Configuration management plan,Met,None,Very Low,None,VP Platform Engineering,,None
G-139,FedRAMP Rev5 Class C control list (FRC-CSF-BSL),Rev5 Class C control list: CM-10 Software Usage Restrictions,Implement CM-10 (Software Usage Restrictions) and its Class C enhancements for the cloud service offering,MUST,Applies: government partition today; shared components under the 2026 Minimum Assessment Scope; commercial partition by company policy,PR.PS-01; DE.CM-03; DE.CM-09,CM-10,Official (NIST CSF 2.0 informative reference),Software licenses are tracked; open-source use follows the open-source policy with license review.,License inventory,Met,None,Very Low,None,Director of Corporate IT,,None
G-140,FedRAMP Rev5 Class C control list (FRC-CSF-BSL),Rev5 Class C control list: CM-11 User-installed Software,Implement CM-11 (User-installed Software) and its Class C enhancements for the cloud service offering,MUST,Applies: government partition today; shared components under the 2026 Minimum Assessment Scope; commercial partition by company policy,PR.PS-01; PR.PS-02; DE.CM-03,CM-11,Official (NIST CSF 2.0 informative reference),Users cannot install software on company laptops; requests go through Corporate IT.,Endpoint policy,Met,None,Very Low,None,Director of Corporate IT,,None
G-141,FedRAMP Rev5 Class C control list (FRC-CSF-BSL),Rev5 Class C control list: CM-12 Information Location with CM-12(1),Implement CM-12 (Information Location) and its Class C enhancements for the cloud service offering,MUST,Applies: government partition today; shared components under the 2026 Minimum Assessment Scope; commercial partition by company policy,ID.AM-07,CM-12,Official (NIST CSF 2.0 informative reference),"Government customer data locations are documented (DC-2, DC-3, and the government cloud account; CM-12(1) automated discovery for the government partition).",Data flow diagrams; P03 MAS-CSO-MDI row,Partially met,"Commercial data locations are not documented by system; metadata about federal customers in shared systems (tickets, billing) not mapped",Moderate,Map data locations for shared systems and commercial partition,Federal Program Director,2027-03-31,None
G-142,FedRAMP Rev5 Class C control list (FRC-CSF-BSL),Rev5 Class C control list: CP-1 Policy and Procedures,Implement CP-1 (Policy and Procedures) and its Class C enhancements for the cloud service offering,MUST,Applies: government partition today; shared components under the 2026 Minimum Assessment Scope; commercial partition by company policy,GV.PO-01; GV.PO-02; GV.OC-03,CP-1,Official (NIST CSF 2.0 informative reference),Contingency planning statements are in POL-03 and STD-07 (contingency and recovery).,POL-03; STD-07,Met,None,Very Low,None,VP Platform Engineering,,None
G-143,FedRAMP Rev5 Class C control list (FRC-CSF-BSL),"Rev5 Class C control list: CP-2 Contingency Plan with CP-2(1), CP-2(3), CP-2(8)",Implement CP-2 (Contingency Plan) and its Class C enhancements for the cloud service offering,MUST,Applies: government partition today; shared components under the 2026 Minimum Assessment Scope; commercial partition by company policy,PR.IR-02; RC.CO-04; RC.RP-03,CP-2,Official (NIST CSF 2.0 informative reference),"The government partition contingency plan (2024, updated yearly) covers roles, recovery order, and alternate sites, coordinated with agency plans (CP-2(1)); essential functions resume within the RTO (CP-2(3)); critical assets are identified (CP-2(8)).",Government contingency plan; P05,Partially met,The commercial partition and DC-1 have no written contingency plan beyond the colocation provider's plan; the plan does not use the 2026 BIA values (P05),High,Write one contingency plan for both partitions with DC-1 site loss (P08),VP Platform Engineering,2026-12-31,None
G-144,FedRAMP Rev5 Class C control list (FRC-CSF-BSL),Rev5 Class C control list: CP-3 Contingency Training,Implement CP-3 (Contingency Training) and its Class C enhancements for the cloud service offering,MUST,Applies: government partition today; shared components under the 2026 Minimum Assessment Scope; commercial partition by company policy,PR.AT-02,CP-3,Author mapping,Government cluster engineers receive contingency training yearly.,Training records,Partially met,Commercial platform engineers and NOC staff have no contingency training,Low,Annual contingency training for platform and NOC staff,VP Platform Engineering,2027-03-31,None
G-145,FedRAMP Rev5 Class C control list (FRC-CSF-BSL),Rev5 Class C control list: CP-4 Contingency Plan Testing with CP-4(1),Implement CP-4 (Contingency Plan Testing) and its Class C enhancements for the cloud service offering,MUST,Applies: government partition today; shared components under the 2026 Minimum Assessment Scope; commercial partition by company policy,RC.RP-03; ID.IM-02,CP-4,Official (NIST CSF 2.0 informative reference),The government partition plan is tested quarterly; the 2026-06 test met the 4-hour RTO (CP-4(1) coordinated with agency plans).,Test reports; P07 CP-04,Partially met,The commercial partition restore test (2025) took 9 hours against a 4-hour RTO; DC-1 failover has never been tested,High,Quarterly commercial restore tests; first DC-1 failover exercise,VP Platform Engineering,2027-03-31,None
G-146,FedRAMP Rev5 Class C control list (FRC-CSF-BSL),"Rev5 Class C control list: CP-6 Alternate Storage Site with CP-6(1), CP-6(3)",Implement CP-6 (Alternate Storage Site) and its Class C enhancements for the cloud service offering,MUST,Applies: government partition today; shared components under the 2026 Minimum Assessment Scope; commercial partition by company policy,PR.DS-11; PR.IR-04,CP-6,Official (NIST CSF 2.0 informative reference),"Backups are stored in a second region (cloud) and at the other government data center, separated from the primary site (CP-6(1)); access problems in a regional disaster are documented (CP-6(3)).",Backup architecture; P04,Met,None,Very Low,None,Director of Backup and DR Services,,None
G-147,FedRAMP Rev5 Class C control list (FRC-CSF-BSL),"Rev5 Class C control list: CP-7 Alternate Processing Site with CP-7(1), CP-7(2), CP-7(3)",Implement CP-7 (Alternate Processing Site) and its Class C enhancements for the cloud service offering,MUST,Applies: government partition today; shared components under the 2026 Minimum Assessment Scope; commercial partition by company policy,PR.IR-04,CP-7,Official (NIST CSF 2.0 informative reference),Government clusters fail over between DC-2 and DC-3 (CP-7(1) separation; CP-7(2) accessibility; CP-7(3) priority of service in colocation contracts).,Colocation contracts; replication reports,Partially met,DC-1 commercial VMs have an alternate site only for the paid replication tier (about 35%),High,Offer replication or backup by default for DC-1 bank customers; plan capacity at DC-2 and DC-3,VP Platform Engineering,2027-06-30,None
G-148,FedRAMP Rev5 Class C control list (FRC-CSF-BSL),"Rev5 Class C control list: CP-8 Telecommunications Services with CP-8(1), CP-8(2)",Implement CP-8 (Telecommunications Services) and its Class C enhancements for the cloud service offering,MUST,Applies: government partition today; shared components under the 2026 Minimum Assessment Scope; commercial partition by company policy,PR.IR-04,CP-8,Official (NIST CSF 2.0 informative reference),Two upstream carriers at each data center with priority of service provisions (CP-8(1)) and no single point of failure in entry paths (CP-8(2)).,Carrier contracts; diverse path documentation,Met,None,Very Low,None,VP Platform Engineering,,None
G-149,FedRAMP Rev5 Class C control list (FRC-CSF-BSL),"Rev5 Class C control list: CP-9 System Backup with CP-9(1), CP-9(8)",Implement CP-9 (System Backup) and its Class C enhancements for the cloud service offering,MUST,Applies: government partition today; shared components under the 2026 Minimum Assessment Scope; commercial partition by company policy,PR.DS-01; PR.DS-10; PR.DS-11,CP-9,Official (NIST CSF 2.0 informative reference),"Control plane databases are backed up hourly with point-in-time recovery, copied to the backup account in a second region with write-once retention; backup integrity is tested on restore (CP-9(1)); backups are encrypted (CP-9(8)).",Backup job reports; P07 sample of 30 days,Met,None,Very Low,None,Director of Backup and DR Services,,None
G-150,FedRAMP Rev5 Class C control list (FRC-CSF-BSL),Rev5 Class C control list: CP-10 System Recovery and Reconstitution with CP-10(2),Implement CP-10 (System Recovery and Reconstitution) and its Class C enhancements for the cloud service offering,MUST,Applies: government partition today; shared components under the 2026 Minimum Assessment Scope; commercial partition by company policy,RC.RP-01; RC.RP-02; RC.RP-05,CP-10,Official (NIST CSF 2.0 informative reference),The government partition can be rebuilt from code and backups within the RTO; transaction recovery uses database point-in-time recovery (CP-10(2)).,Recovery runbooks; test reports,Partially met,Commercial partition reconstitution is not proven within the RTO (see CP-4),High,Rehearse commercial reconstitution quarterly,VP Software Engineering,2027-03-31,None
G-151,FedRAMP Rev5 Class C control list (FRC-CSF-BSL),Rev5 Class C control list: IA-1 Policy and Procedures,Implement IA-1 (Policy and Procedures) and its Class C enhancements for the cloud service offering,MUST,Applies: government partition today; shared components under the 2026 Minimum Assessment Scope; commercial partition by company policy,GV.PO-01; GV.PO-02; GV.OC-03,IA-1,Official (NIST CSF 2.0 informative reference),Identification and authentication statements are in POL-02 and STD-02 (privileged access and authenticators).,POL-02; STD-02,Met,None,Very Low,None,Director of Cloud Operations,,None
G-152,FedRAMP Rev5 Class C control list (FRC-CSF-BSL),"Rev5 Class C control list: IA-2 Identification and Authentication (Organizational Users) with IA-2(1), IA-2(2), IA-2(5), IA-2(6), IA-2(8), IA-2(12)",Implement IA-2 (Identification and Authentication (Organizational Users)) and its Class C enhancements for the cloud service offering,MUST,Applies: government partition today; shared components under the 2026 Minimum Assessment Scope; commercial partition by company policy,PR.AA-01; PR.AA-03,IA-2,Official (NIST CSF 2.0 informative reference),"Workforce users sign in through the identity provider with hardware security keys, which are phishing-resistant and replay-resistant (IA-2(1), IA-2(2), IA-2(8)); group accounts require individual sign-in first (IA-2(5)); the keys are a separate device (IA-2(6)); agency users sign in with federal PIV credentials through federation (IA-2(12)).",IdP policy; PAM configuration; P07 IA-02,Partially met,DC-1 clusters A and B hypervisor managers accept local accounts with a password and no MFA from the jump host,High,Federate DC-1 clusters A and B to the identity provider through PAM,Director of Cloud Operations,2026-12-31,None
G-153,FedRAMP Rev5 Class C control list (FRC-CSF-BSL),Rev5 Class C control list: IA-3 Device Identification and Authentication,Implement IA-3 (Device Identification and Authentication) and its Class C enhancements for the cloud service offering,MUST,Applies: government partition today; shared components under the 2026 Minimum Assessment Scope; commercial partition by company policy,PR.AA-01; PR.AA-03,IA-3,Official (NIST CSF 2.0 informative reference),Hosts and network devices authenticate to the management network with device certificates; build runners use workload identity.,Certificate inventory,Met,None,Very Low,None,VP Platform Engineering,,None
G-154,FedRAMP Rev5 Class C control list (FRC-CSF-BSL),Rev5 Class C control list: IA-4 Identifier Management with IA-4(4),Implement IA-4 (Identifier Management) and its Class C enhancements for the cloud service offering,MUST,Applies: government partition today; shared components under the 2026 Minimum Assessment Scope; commercial partition by company policy,PR.AA-01,IA-4,Official (NIST CSF 2.0 informative reference),"Identifiers are assigned from HR records, never reused, and disabled at termination; contractor identifiers are marked (IA-4(4) status).",IdP export; P07 IA-04,Met,None,Very Low,None,Director of Cloud Operations,,None
G-155,FedRAMP Rev5 Class C control list (FRC-CSF-BSL),"Rev5 Class C control list: IA-5 Authenticator Management with IA-5(1), IA-5(2), IA-5(6), IA-5(7)",Implement IA-5 (Authenticator Management) and its Class C enhancements for the cloud service offering,MUST,Applies: government partition today; shared components under the 2026 Minimum Assessment Scope; commercial partition by company policy,PR.AA-01; PR.AA-03,IA-5,Official (NIST CSF 2.0 informative reference),"Authenticators: hardware keys for workforce; passwords for customers checked against breached-password lists (IA-5(1)); PKI certificates validated to trusted anchors (IA-5(2)); secrets stored in the vault and HSM (IA-5(6)); no embedded secrets in code (IA-5(7)), enforced by pipeline scanning.",Vault inventory; secret scanning reports; P07 IA-05,Partially met,The 2024 CI/CD deploy token had no expiry and was not in the secrets inventory; DC-1 local hypervisor passwords are rotated only yearly,High,Expire machine tokens after 90 days at most; add all tokens to the vault inventory; rotate DC-1 local passwords until federation,Security Engineering Lead,2026-12-31,None
G-156,FedRAMP Rev5 Class C control list (FRC-CSF-BSL),Rev5 Class C control list: IA-6 Authentication Feedback,Implement IA-6 (Authentication Feedback) and its Class C enhancements for the cloud service offering,MUST,Applies: government partition today; shared components under the 2026 Minimum Assessment Scope; commercial partition by company policy,PR.AA-01,IA-6,Official (NIST CSF 2.0 informative reference),Passwords are masked on every sign-in page and console.,Screenshots,Met,None,Very Low,None,VP Software Engineering,,None
G-157,FedRAMP Rev5 Class C control list (FRC-CSF-BSL),Rev5 Class C control list: IA-7 Cryptographic Module Authentication,Implement IA-7 (Cryptographic Module Authentication) and its Class C enhancements for the cloud service offering,MUST,Applies: government partition today; shared components under the 2026 Minimum Assessment Scope; commercial partition by company policy,PR.AA-01; PR.AA-03,IA-7,Official (NIST CSF 2.0 informative reference),Authentication to cryptographic modules (HSM) uses validated mechanisms; government partition modules are FIPS 140 validated.,HSM configuration; module certificate list,Met,None,Very Low,None,Security Engineering Lead,,None
G-158,FedRAMP Rev5 Class C control list (FRC-CSF-BSL),"Rev5 Class C control list: IA-8 Identification and Authentication (Non-organizational Users) with IA-8(1), IA-8(2), IA-8(4)",Implement IA-8 (Identification and Authentication (Non-organizational Users)) and its Class C enhancements for the cloud service offering,MUST,Applies: government partition today; shared components under the 2026 Minimum Assessment Scope; commercial partition by company policy,PR.AA-01; PR.AA-03,IA-8,Official (NIST CSF 2.0 informative reference),Customer users have unique accounts; agency users sign in with PIV credentials through federation (IA-8(1)); external authenticators are accepted only from approved identity providers (IA-8(2)); defined identity profiles are used (IA-8(4)).,Portal configuration; enrollment report 2026-07,Partially met,Commercial customer administrator MFA is optional (58% enrolled),High,Require MFA for commercial customer administrators,VP Software Engineering,2027-03-31,None
G-159,FedRAMP Rev5 Class C control list (FRC-CSF-BSL),Rev5 Class C control list: IA-11 Re-authentication,Implement IA-11 (Re-authentication) and its Class C enhancements for the cloud service offering,MUST,Applies: government partition today; shared components under the 2026 Minimum Assessment Scope; commercial partition by company policy,PR.AA-01; PR.AA-03,IA-11,Official (NIST CSF 2.0 informative reference),"Users re-authenticate for privileged actions (PAM elevation, deleting VMs, changing DNS) and after session expiry.",Portal and PAM configuration,Met,None,Very Low,None,VP Software Engineering,,None
G-160,FedRAMP Rev5 Class C control list (FRC-CSF-BSL),"Rev5 Class C control list: IA-12 Identity Proofing with IA-12(2), IA-12(3), IA-12(5)",Implement IA-12 (Identity Proofing) and its Class C enhancements for the cloud service offering,MUST,Applies: government partition today; shared components under the 2026 Minimum Assessment Scope; commercial partition by company policy,PR.AA-02,IA-12,Official (NIST CSF 2.0 informative reference),"Workforce identities are verified by HR at hire with documents and background checks (IA-12(2), IA-12(3)); agency users are proofed by their agencies; new customer administrators confirm their address by code (IA-12(5)).",HR onboarding records; portal enrollment flow,Partially met,Commercial customer administrators are not proofed beyond email confirmation,Low,Address confirmation for new commercial customer administrators,HR Director,2027-06-30,None
G-161,FedRAMP Rev5 Class C control list (FRC-CSF-BSL),Rev5 Class C control list: IR-1 Policy and Procedures,Implement IR-1 (Policy and Procedures) and its Class C enhancements for the cloud service offering,MUST,Applies: government partition today; shared components under the 2026 Minimum Assessment Scope; commercial partition by company policy,GV.PO-01; GV.PO-02; GV.OC-03,IR-1,Official (NIST CSF 2.0 informative reference),"Incident response statements are in POL-03, revised 2026-09-22 to cover FedRAMP, bank, DFARS, and state notices.",POL-03,Met,None,Very Low,None,Security Operations Manager,,None
G-162,FedRAMP Rev5 Class C control list (FRC-CSF-BSL),Rev5 Class C control list: IR-2 Incident Response Training,Implement IR-2 (Incident Response Training) and its Class C enhancements for the cloud service offering,MUST,Applies: government partition today; shared components under the 2026 Minimum Assessment Scope; commercial partition by company policy,PR.AT-02,IR-2,Author mapping,"Incident response training at hire and yearly for SOC, NOC, platform, and managed services staff.",Training records,Met,None,Very Low,None,Security Operations Manager,,None
G-163,FedRAMP Rev5 Class C control list (FRC-CSF-BSL),Rev5 Class C control list: IR-3 Incident Response Testing with IR-3(2),Implement IR-3 (Incident Response Testing) and its Class C enhancements for the cloud service offering,MUST,Applies: government partition today; shared components under the 2026 Minimum Assessment Scope; commercial partition by company policy,ID.IM-02,IR-3,Official (NIST CSF 2.0 informative reference),Annual tabletop (last 2026-02) coordinated with the sponsoring agency (IR-3(2)).,Tabletop report 2026-02; P07 IR-03,Partially met,"The tabletop did not exercise the 1-hour FedRAMP report under the 2026 rules, the bank 4-hour rule, or a tooling compromise",Moderate,"Tabletops for both P08 runbooks, including notices",Security Operations Manager,2026-12-15,None
G-164,FedRAMP Rev5 Class C control list (FRC-CSF-BSL),Rev5 Class C control list: IR-4 Incident Handling with IR-4(1),Implement IR-4 (Incident Handling) and its Class C enhancements for the cloud service offering,MUST,Applies: government partition today; shared components under the 2026 Minimum Assessment Scope; commercial partition by company policy,DE.AE-02; DE.AE-03; DE.AE-06,IR-4,Official (NIST CSF 2.0 informative reference),Incident handling follows the 2024 plan with automated case management in the SIEM (IR-4(1)).,Incident plan 2024; P07 IR-04,Partially met,The plan has no step for the 2026 FedRAMP reportability evaluation (IEC-CSO-EFR) or for PAIN rating; no runbook for a tooling compromise that reaches many customers,Moderate,Adopt the P08 runbooks,Security Operations Manager,2026-12-15,None
G-165,FedRAMP Rev5 Class C control list (FRC-CSF-BSL),Rev5 Class C control list: IR-5 Incident Monitoring,Implement IR-5 (Incident Monitoring) and its Class C enhancements for the cloud service offering,MUST,Applies: government partition today; shared components under the 2026 Minimum Assessment Scope; commercial partition by company policy,DE.AE-03; RS.MA-02; RS.MA-03,IR-5,Official (NIST CSF 2.0 informative reference),Incidents are tracked from detection to closure in the SIEM case system.,Case export (2025-2026),Met,None,Very Low,None,Security Operations Manager,,None
G-166,FedRAMP Rev5 Class C control list (FRC-CSF-BSL),"Rev5 Class C control list: IR-6 Incident Reporting with IR-6(1), IR-6(3)",Implement IR-6 (Incident Reporting) and its Class C enhancements for the cloud service offering,MUST,Applies: government partition today; shared components under the 2026 Minimum Assessment Scope; commercial partition by company policy,RS.AN-06; RS.AN-07; RS.CO-02,IR-6,Official (NIST CSF 2.0 informative reference),"Incidents are reported to agencies and CISA under the agency ATO terms, using automated tooling for case data (IR-6(1)); suppliers are notified when their products are involved (IR-6(3)).",Incident plan; P03 IEC rows,Partially met,"No capability yet to send a FedRAMP Initial Incident Report within 1 hour for PAIN-3 to PAIN-5 (Class C) to FedRAMP, agencies, and all necessary parties through a trust center",High,Federal incident response coordinator on call; report templates in the FedRAMP JSON format; trust center,Security Operations Manager,2027-01-01,None
G-167,FedRAMP Rev5 Class C control list (FRC-CSF-BSL),Rev5 Class C control list: IR-7 Incident Response Assistance with IR-7(1),Implement IR-7 (Incident Response Assistance) and its Class C enhancements for the cloud service offering,MUST,Applies: government partition today; shared components under the 2026 Minimum Assessment Scope; commercial partition by company policy,RS.CO-02; RS.CO-03; RS.MA-01,IR-7,Official (NIST CSF 2.0 informative reference),"The MDR partner and the cyber insurer's panel provide incident response help, with an automated case link to the MDR partner (IR-7(1)).",MDR contract; insurance policy,Met,None,Very Low,None,Security Operations Manager,,None
G-168,FedRAMP Rev5 Class C control list (FRC-CSF-BSL),Rev5 Class C control list: IR-8 Incident Response Plan,Implement IR-8 (Incident Response Plan) and its Class C enhancements for the cloud service offering,MUST,Applies: government partition today; shared components under the 2026 Minimum Assessment Scope; commercial partition by company policy,DE.AE-03; DE.AE-08; RS.AN-08,IR-8,Official (NIST CSF 2.0 informative reference),"The incident response plan (2024) defines roles, reporting, and metrics and is approved by the CTO.",Incident plan 2024,Partially met,"Written for the government partition; not updated for the 2026 rules, the bank rule, DFARS flow-down duties, or crisis management",Moderate,Replace with POL-03 plus the P08 runbooks,Security Operations Manager,2026-12-15,None
G-169,FedRAMP Rev5 Class C control list (FRC-CSF-BSL),"Rev5 Class C control list: IR-9 Information Spillage Response with IR-9(2), IR-9(3), IR-9(4)",Implement IR-9 (Information Spillage Response) and its Class C enhancements for the cloud service offering,MUST,Applies: government partition today; shared components under the 2026 Minimum Assessment Scope; commercial partition by company policy,RS.MI-01,IR-9,Author mapping,"A spillage procedure covers CUI or federal data found in the commercial partition: isolate, notify the customer and the Federal Program Director, sanitize (IR-9(2) training; IR-9(3) post-spill operations; IR-9(4) exposure to unauthorized personnel).",Spillage procedure 2024,Partially met,Never exercised; does not name the DFARS 72-hour report path when covered defense information is involved,Low,Add DFARS path; include in the tabletop,Security Operations Manager,2026-12-15,None
G-170,FedRAMP Rev5 Class C control list (FRC-CSF-BSL),Rev5 Class C control list: MA-1 Policy and Procedures,Implement MA-1 (Policy and Procedures) and its Class C enhancements for the cloud service offering,MUST,Applies: government partition today; shared components under the 2026 Minimum Assessment Scope; commercial partition by company policy,GV.PO-01; GV.PO-02; GV.OC-03,MA-1,Official (NIST CSF 2.0 informative reference),Maintenance statements are in POL-04 and STD-03.,POL-04; STD-03,Met,None,Very Low,None,VP Platform Engineering,,None
G-171,FedRAMP Rev5 Class C control list (FRC-CSF-BSL),Rev5 Class C control list: MA-2 Controlled Maintenance,Implement MA-2 (Controlled Maintenance) and its Class C enhancements for the cloud service offering,MUST,Applies: government partition today; shared components under the 2026 Minimum Assessment Scope; commercial partition by company policy,ID.AM-08,MA-2,Official (NIST CSF 2.0 informative reference),Hardware maintenance is scheduled and recorded in the CMDB; failed parts are swapped by platform engineers or colocation remote hands under ticket.,Maintenance tickets,Met,None,Very Low,None,VP Platform Engineering,,None
G-172,FedRAMP Rev5 Class C control list (FRC-CSF-BSL),"Rev5 Class C control list: MA-3 Maintenance Tools with MA-3(1), MA-3(2), MA-3(3)",Implement MA-3 (Maintenance Tools) and its Class C enhancements for the cloud service offering,MUST,Applies: government partition today; shared components under the 2026 Minimum Assessment Scope; commercial partition by company policy,PR.PS-03,MA-3,Author mapping,Maintenance tools are company-owned and inspected (MA-3(1)); media with diagnostic programs are scanned before use (MA-3(2)); equipment leaving the cage is checked for data (MA-3(3)).,Tool inventory; cage exit log,Met,None,Very Low,None,VP Platform Engineering,,None
G-173,FedRAMP Rev5 Class C control list (FRC-CSF-BSL),Rev5 Class C control list: MA-4 Nonlocal Maintenance,Implement MA-4 (Nonlocal Maintenance) and its Class C enhancements for the cloud service offering,MUST,Applies: government partition today; shared components under the 2026 Minimum Assessment Scope; commercial partition by company policy,PR.PS-03; PR.AA-05,MA-4,Author mapping,"Nonlocal maintenance by vendors uses PAM with approval, MFA, and session recording at DC-2 and DC-3.",PAM vendor session log; DC-1 vendor access list,Partially met,DC-1 storage vendor support connects through a vendor remote tool with standing access,Moderate,Move DC-1 vendor support to PAM,VP Platform Engineering,2027-01-31,None
G-174,FedRAMP Rev5 Class C control list (FRC-CSF-BSL),Rev5 Class C control list: MA-5 Maintenance Personnel with MA-5(1),Implement MA-5 (Maintenance Personnel) and its Class C enhancements for the cloud service offering,MUST,Applies: government partition today; shared components under the 2026 Minimum Assessment Scope; commercial partition by company policy,PR.PS-03,MA-5,Author mapping,"Only listed maintenance personnel enter cages, escorted when not cleared; personnel without U.S.-person status cannot access government cages (MA-5(1)).",Cage access lists; escort log,Met,None,Very Low,None,VP Platform Engineering,,None
G-175,FedRAMP Rev5 Class C control list (FRC-CSF-BSL),Rev5 Class C control list: MA-6 Timely Maintenance,Implement MA-6 (Timely Maintenance) and its Class C enhancements for the cloud service offering,MUST,Applies: government partition today; shared components under the 2026 Minimum Assessment Scope; commercial partition by company policy,ID.AM-08,MA-6,Official (NIST CSF 2.0 informative reference),Spares are stocked at each site; hardware support contracts give 4-hour part replacement.,Support contracts; spares inventory,Met,None,Very Low,None,VP Platform Engineering,,None
G-176,FedRAMP Rev5 Class C control list (FRC-CSF-BSL),Rev5 Class C control list: MP-1 Policy and Procedures,Implement MP-1 (Policy and Procedures) and its Class C enhancements for the cloud service offering,MUST,Applies: government partition today; shared components under the 2026 Minimum Assessment Scope; commercial partition by company policy,GV.PO-01; GV.PO-02; GV.OC-03,MP-1,Official (NIST CSF 2.0 informative reference),Media protection statements are in POL-04.,POL-04,Met,None,Very Low,None,VP Platform Engineering,,None
G-177,FedRAMP Rev5 Class C control list (FRC-CSF-BSL),Rev5 Class C control list: MP-2 Media Access,Implement MP-2 (Media Access) and its Class C enhancements for the cloud service offering,MUST,Applies: government partition today; shared components under the 2026 Minimum Assessment Scope; commercial partition by company policy,PR.DS-01,MP-2,Author mapping,Access to drives and backup media is limited to platform engineers and DC operations managers in locked cages.,Cage access lists,Met,None,Very Low,None,VP Platform Engineering,,None
G-178,FedRAMP Rev5 Class C control list (FRC-CSF-BSL),Rev5 Class C control list: MP-3 Media Marking,Implement MP-3 (Media Marking) and its Class C enhancements for the cloud service offering,MUST,Applies: government partition today; shared components under the 2026 Minimum Assessment Scope; commercial partition by company policy,PR.DS-01,MP-3,Author mapping,"Removed drives are labeled with partition, ticket, and sanitization status.",Drive log,Met,None,Very Low,None,VP Platform Engineering,,None
G-179,FedRAMP Rev5 Class C control list (FRC-CSF-BSL),Rev5 Class C control list: MP-4 Media Storage,Implement MP-4 (Media Storage) and its Class C enhancements for the cloud service offering,MUST,Applies: government partition today; shared components under the 2026 Minimum Assessment Scope; commercial partition by company policy,PR.DS-01,MP-4,Author mapping,Drives awaiting sanitization are kept in locked cabinets inside the cages.,DC walkthrough 2026-08-13,Met,None,Very Low,None,VP Platform Engineering,,None
G-180,FedRAMP Rev5 Class C control list (FRC-CSF-BSL),Rev5 Class C control list: MP-5 Media Transport,Implement MP-5 (Media Transport) and its Class C enhancements for the cloud service offering,MUST,Applies: government partition today; shared components under the 2026 Minimum Assessment Scope; commercial partition by company policy,PR.DS-01,MP-5,Author mapping,"Drives leave a site only after sanitization, or in locked cases with a courier and chain of custody.",Chain-of-custody forms,Met,None,Very Low,None,VP Platform Engineering,,None
G-181,FedRAMP Rev5 Class C control list (FRC-CSF-BSL),Rev5 Class C control list: MP-6 Media Sanitization,Implement MP-6 (Media Sanitization) and its Class C enhancements for the cloud service offering,MUST,Applies: government partition today; shared components under the 2026 Minimum Assessment Scope; commercial partition by company policy,PR.DS-01; ID.AM-08,MP-6,Author mapping,Drives are cryptographically erased and then destroyed by a certified vendor; certificates are kept for government drives.,Destruction certificates; P07 sample,Partially met,DC-1 destruction certificates are batched and could not be matched to 3 of 20 sampled drive serial numbers,Moderate,Serial-level certificates for every site,VP Platform Engineering,2026-12-31,None
G-182,FedRAMP Rev5 Class C control list (FRC-CSF-BSL),Rev5 Class C control list: MP-7 Media Use,Implement MP-7 (Media Use) and its Class C enhancements for the cloud service offering,MUST,Applies: government partition today; shared components under the 2026 Minimum Assessment Scope; commercial partition by company policy,PR.DS-01,MP-7,Author mapping,"Removable media is blocked on laptops and bastions; only approved, encrypted devices are allowed for data center diagnostics.",Device control policy,Met,None,Very Low,None,Director of Corporate IT,,None
G-183,FedRAMP Rev5 Class C control list (FRC-CSF-BSL),Rev5 Class C control list: PE-1 Policy and Procedures,Implement PE-1 (Policy and Procedures) and its Class C enhancements for the cloud service offering,MUST,Applies: government partition today; shared components under the 2026 Minimum Assessment Scope; commercial partition by company policy,GV.PO-01; GV.PO-02; GV.OC-03,PE-1,Official (NIST CSF 2.0 informative reference),Physical and environmental statements are in POL-04; the colocation providers' policies cover the facilities.,POL-04; colocation SOC 2 reports,Met,None,Very Low,None,VP Platform Engineering,,None
G-184,FedRAMP Rev5 Class C control list (FRC-CSF-BSL),Rev5 Class C control list: PE-2 Physical Access Authorizations,Implement PE-2 (Physical Access Authorizations) and its Class C enhancements for the cloud service offering,MUST,Applies: government partition today; shared components under the 2026 Minimum Assessment Scope; commercial partition by company policy,PR.AA-06,PE-2,Official (NIST CSF 2.0 informative reference),"The company keeps the access list for its cages, approved by the DC operations manager and reviewed quarterly; the colocation provider enforces it.",Cage access list reviews,Met,None,Very Low,None,VP Platform Engineering,,None
G-185,FedRAMP Rev5 Class C control list (FRC-CSF-BSL),Rev5 Class C control list: PE-3 Physical Access Control,Implement PE-3 (Physical Access Control) and its Class C enhancements for the cloud service offering,MUST,Applies: government partition today; shared components under the 2026 Minimum Assessment Scope; commercial partition by company policy,PR.AA-06; DE.CM-02,PE-3,Official (NIST CSF 2.0 informative reference),"Colocation providers control facility entry with badges, biometrics, and guards; company cages have badge readers and locks controlled by the company list; U.S.-person-only access to government cages.",Colocation SOC 2 reports; P07 PE-03 walkthroughs,Partially met,"The DC-1 cage override lock was not rekeyed after a key holder left, and its key log was not reconciled for 2026 (P07)",Low,Rekey the override lock; reconcile the key log quarterly,VP Platform Engineering,2026-12-31,None
G-186,FedRAMP Rev5 Class C control list (FRC-CSF-BSL),Rev5 Class C control list: PE-4 Access Control for Transmission,Implement PE-4 (Access Control for Transmission) and its Class C enhancements for the cloud service offering,MUST,Applies: government partition today; shared components under the 2026 Minimum Assessment Scope; commercial partition by company policy,PR.AA-06,PE-4,Official (NIST CSF 2.0 informative reference),Cabling in shared areas runs in locked conduits and cage-to-cage paths controlled by the provider.,Colocation SOC 2 reports,Met,None,Very Low,None,VP Platform Engineering,,None
G-187,FedRAMP Rev5 Class C control list (FRC-CSF-BSL),Rev5 Class C control list: PE-5 Access Control for Output Devices,Implement PE-5 (Access Control for Output Devices) and its Class C enhancements for the cloud service offering,MUST,Applies: government partition today; shared components under the 2026 Minimum Assessment Scope; commercial partition by company policy,PR.AA-06,PE-5,Official (NIST CSF 2.0 informative reference),"Not applicable: there are no printers, displays, or other output devices inside the cages or the boundary.",DC walkthroughs,Not applicable,Not applicable to this boundary,Very Low,None,VP Platform Engineering,,None
G-188,FedRAMP Rev5 Class C control list (FRC-CSF-BSL),Rev5 Class C control list: PE-6 Monitoring Physical Access with PE-6(1),Implement PE-6 (Monitoring Physical Access) and its Class C enhancements for the cloud service offering,MUST,Applies: government partition today; shared components under the 2026 Minimum Assessment Scope; commercial partition by company policy,PR.AA-06; DE.CM-02,PE-6,Official (NIST CSF 2.0 informative reference),Providers monitor facility access with cameras and intrusion alarms (PE-6(1)); the company reviews cage access logs monthly.,Monthly access log review,Met,None,Very Low,None,VP Platform Engineering,,None
G-189,FedRAMP Rev5 Class C control list (FRC-CSF-BSL),Rev5 Class C control list: PE-8 Visitor Access Records,Implement PE-8 (Visitor Access Records) and its Class C enhancements for the cloud service offering,MUST,Applies: government partition today; shared components under the 2026 Minimum Assessment Scope; commercial partition by company policy,PR.AA-06,PE-8,Official (NIST CSF 2.0 informative reference),Providers keep visitor records for at least 1 year; the company's escort log covers its cages.,Visitor records sample,Met,None,Very Low,None,VP Platform Engineering,,None
G-190,FedRAMP Rev5 Class C control list (FRC-CSF-BSL),Rev5 Class C control list: PE-9 Power Equipment and Cabling,Implement PE-9 (Power Equipment and Cabling) and its Class C enhancements for the cloud service offering,MUST,Applies: government partition today; shared components under the 2026 Minimum Assessment Scope; commercial partition by company policy,PR.IR-02,PE-9,Official (NIST CSF 2.0 informative reference),Inherited: power equipment and cabling are protected by the colocation providers.,Colocation SOC 2 reports (P09),Met,None,Very Low,None,VP Platform Engineering,,None
G-191,FedRAMP Rev5 Class C control list (FRC-CSF-BSL),Rev5 Class C control list: PE-10 Emergency Shutoff,Implement PE-10 (Emergency Shutoff) and its Class C enhancements for the cloud service offering,MUST,Applies: government partition today; shared components under the 2026 Minimum Assessment Scope; commercial partition by company policy,PR.IR-02,PE-10,Official (NIST CSF 2.0 informative reference),Inherited: emergency shutoff is provided by the colocation providers.,Colocation SOC 2 reports (P09),Met,None,Very Low,None,VP Platform Engineering,,None
G-192,FedRAMP Rev5 Class C control list (FRC-CSF-BSL),Rev5 Class C control list: PE-11 Emergency Power,Implement PE-11 (Emergency Power) and its Class C enhancements for the cloud service offering,MUST,Applies: government partition today; shared components under the 2026 Minimum Assessment Scope; commercial partition by company policy,PR.IR-02,PE-11,Official (NIST CSF 2.0 informative reference),Inherited: UPS and generators are provided by the colocation providers.,Colocation SOC 2 reports (P09),Met,None,Very Low,None,VP Platform Engineering,,None
G-193,FedRAMP Rev5 Class C control list (FRC-CSF-BSL),Rev5 Class C control list: PE-12 Emergency Lighting,Implement PE-12 (Emergency Lighting) and its Class C enhancements for the cloud service offering,MUST,Applies: government partition today; shared components under the 2026 Minimum Assessment Scope; commercial partition by company policy,PR.IR-02,PE-12,Official (NIST CSF 2.0 informative reference),Inherited: emergency lighting is provided by the colocation providers.,Colocation SOC 2 reports (P09),Met,None,Very Low,None,VP Platform Engineering,,None
G-194,FedRAMP Rev5 Class C control list (FRC-CSF-BSL),"Rev5 Class C control list: PE-13 Fire Protection with PE-13(1), PE-13(2)",Implement PE-13 (Fire Protection) and its Class C enhancements for the cloud service offering,MUST,Applies: government partition today; shared components under the 2026 Minimum Assessment Scope; commercial partition by company policy,PR.IR-02,PE-13,Official (NIST CSF 2.0 informative reference),"Inherited: fire detection and suppression (PE-13(1), PE-13(2)) are provided by the colocation providers.",DC-1 SOC 2 report (P09),Partially met,The DC-1 provider's SOC 2 report carves out its fire suppression maintenance subcontractor,Low,Obtain the subcontractor's inspection records or a bridge letter,VP Platform Engineering,2026-12-31,None
G-195,FedRAMP Rev5 Class C control list (FRC-CSF-BSL),Rev5 Class C control list: PE-14 Environmental Controls,Implement PE-14 (Environmental Controls) and its Class C enhancements for the cloud service offering,MUST,Applies: government partition today; shared components under the 2026 Minimum Assessment Scope; commercial partition by company policy,PR.IR-02,PE-14,Official (NIST CSF 2.0 informative reference),Inherited: temperature and humidity controls are provided by the colocation providers.,Colocation SOC 2 reports (P09),Met,None,Very Low,None,VP Platform Engineering,,None
G-196,FedRAMP Rev5 Class C control list (FRC-CSF-BSL),Rev5 Class C control list: PE-15 Water Damage Protection,Implement PE-15 (Water Damage Protection) and its Class C enhancements for the cloud service offering,MUST,Applies: government partition today; shared components under the 2026 Minimum Assessment Scope; commercial partition by company policy,PR.IR-02,PE-15,Official (NIST CSF 2.0 informative reference),Inherited: water damage protection is provided by the colocation providers.,Colocation SOC 2 reports (P09),Met,None,Very Low,None,VP Platform Engineering,,None
G-197,FedRAMP Rev5 Class C control list (FRC-CSF-BSL),Rev5 Class C control list: PE-16 Delivery and Removal,Implement PE-16 (Delivery and Removal) and its Class C enhancements for the cloud service offering,MUST,Applies: government partition today; shared components under the 2026 Minimum Assessment Scope; commercial partition by company policy,PR.AA-06,PE-16,Author mapping,Deliveries and removals pass the provider's dock controls and the company's cage exit log.,Cage exit log,Met,None,Very Low,None,VP Platform Engineering,,None
G-198,FedRAMP Rev5 Class C control list (FRC-CSF-BSL),Rev5 Class C control list: PE-17 Alternate Work Site,Implement PE-17 (Alternate Work Site) and its Class C enhancements for the cloud service offering,MUST,Applies: government partition today; shared components under the 2026 Minimum Assessment Scope; commercial partition by company policy,PR.AA-05,PE-17,Author mapping,"Remote work uses company laptops with EDR, encryption, and hardware keys; administrators connect only through PAM.",Remote work standard,Met,None,Very Low,None,Director of Corporate IT,,None
G-199,FedRAMP Rev5 Class C control list (FRC-CSF-BSL),Rev5 Class C control list: PL-1 Policy and Procedures,Implement PL-1 (Policy and Procedures) and its Class C enhancements for the cloud service offering,MUST,Applies: government partition today; shared components under the 2026 Minimum Assessment Scope; commercial partition by company policy,GV.PO-01; GV.PO-02; GV.OC-03,PL-1,Official (NIST CSF 2.0 informative reference),Planning statements are in POL-01.,POL-01,Met,None,Very Low,None,GRC Manager,,None
G-200,FedRAMP Rev5 Class C control list (FRC-CSF-BSL),Rev5 Class C control list: PL-2 System Security and Privacy Plans,Implement PL-2 (System Security and Privacy Plans) and its Class C enhancements for the cloud service offering,MUST,Applies: government partition today; shared components under the 2026 Minimum Assessment Scope; commercial partition by company policy,ID.AM-03; ID.AM-08; ID.IM-01,PL-2,Official (NIST CSF 2.0 informative reference),This SSP covers both partitions and is reviewed yearly; the government partition also has the legacy FedRAMP SSP (2024).,P02; P03 CPO and SDR rows,Partially met,"The 2026 rules replace the SSP with a Certification Package Overview and Security Decision Record in human-readable and JSON form (CPO, SDR rulesets)",Moderate,Generate the package overview and decision record from this SSP,GRC Manager,2027-07-01,None
G-201,FedRAMP Rev5 Class C control list (FRC-CSF-BSL),Rev5 Class C control list: PL-4 Rules of Behavior with PL-4(1),Implement PL-4 (Rules of Behavior) and its Class C enhancements for the cloud service offering,MUST,Applies: government partition today; shared components under the 2026 Minimum Assessment Scope; commercial partition by company policy,GV.RR-04,PL-4,Author mapping,"Rules of behavior are signed at hire and yearly (POL-05), including social media and external site limits (PL-4(1)).",Acknowledgment report (98%),Met,None,Very Low,None,HR Director,,None
G-202,FedRAMP Rev5 Class C control list (FRC-CSF-BSL),Rev5 Class C control list: PL-8 Security and Privacy Architectures,Implement PL-8 (Security and Privacy Architectures) and its Class C enhancements for the cloud service offering,MUST,Applies: government partition today; shared components under the 2026 Minimum Assessment Scope; commercial partition by company policy,ID.AM-03,PL-8,Official (NIST CSF 2.0 informative reference),"The security architecture is documented in P04 and the platform design records: partition separation, defense in depth, PAM, and isolated backups.",P04; design records,Met,None,Very Low,None,Chief Technology Officer,,None
G-203,FedRAMP Rev5 Class C control list (FRC-CSF-BSL),Rev5 Class C control list: PL-10 Baseline Selection,Implement PL-10 (Baseline Selection) and its Class C enhancements for the cloud service offering,MUST,Applies: government partition today; shared components under the 2026 Minimum Assessment Scope; commercial partition by company policy,GV.PO-01,PL-10,Author mapping,The Rev5 Class C control list (FRC-CSF-BSL) is the baseline for both partitions.,This SSP,Met,None,Very Low,None,GRC Manager,,None
G-204,FedRAMP Rev5 Class C control list (FRC-CSF-BSL),Rev5 Class C control list: PL-11 Baseline Tailoring,Implement PL-11 (Baseline Tailoring) and its Class C enhancements for the cloud service offering,MUST,Applies: government partition today; shared components under the 2026 Minimum Assessment Scope; commercial partition by company policy,GV.PO-01,PL-11,Author mapping,Tailoring decisions are recorded in this SSP.,P02 section 10,Partially met,Organization-defined parameters are not yet re-assigned for the 2026 rules (FRC-CSF-ACP),Low,Assign and record parameters in the Security Decision Record,GRC Manager,2027-07-01,None
G-205,FedRAMP Rev5 Class C control list (FRC-CSF-BSL),Rev5 Class C control list: PS-1 Policy and Procedures,Implement PS-1 (Policy and Procedures) and its Class C enhancements for the cloud service offering,MUST,Applies: government partition today; shared components under the 2026 Minimum Assessment Scope; commercial partition by company policy,GV.PO-01; GV.PO-02; GV.OC-03,PS-1,Official (NIST CSF 2.0 informative reference),Personnel security statements are in POL-01 and POL-05.,POL-01; POL-05,Met,None,Very Low,None,HR Director,,None
G-206,FedRAMP Rev5 Class C control list (FRC-CSF-BSL),Rev5 Class C control list: PS-2 Position Risk Designation,Implement PS-2 (Position Risk Designation) and its Class C enhancements for the cloud service offering,MUST,Applies: government partition today; shared components under the 2026 Minimum Assessment Scope; commercial partition by company policy,GV.RR-04,PS-2,Author mapping,Positions are designated by risk; privileged and government-access positions are high risk.,Position risk register,Met,None,Very Low,None,HR Director,,None
G-207,FedRAMP Rev5 Class C control list (FRC-CSF-BSL),Rev5 Class C control list: PS-3 Personnel Screening with PS-3(3),Implement PS-3 (Personnel Screening) and its Class C enhancements for the cloud service offering,MUST,Applies: government partition today; shared components under the 2026 Minimum Assessment Scope; commercial partition by company policy,GV.RR-04,PS-3,Author mapping,Background checks before hire; government-access positions also require U.S.-person verification (PS-3(3) for positions with access to protected information).,Background check records (sample of 25),Met,None,Very Low,None,HR Director,,None
G-208,FedRAMP Rev5 Class C control list (FRC-CSF-BSL),Rev5 Class C control list: PS-4 Personnel Termination,Implement PS-4 (Personnel Termination) and its Class C enhancements for the cloud service offering,MUST,Applies: government partition today; shared components under the 2026 Minimum Assessment Scope; commercial partition by company policy,PR.AA-05,PS-4,Author mapping,Terminations trigger automatic identity provider disablement the same day.,SOC 2 exception; P07 sample,Partially met,2 of 25 sampled terminations in the SOC 2 period had late removal of DC-1 local accounts,Moderate,Add DC-1 local accounts to the termination workflow until federation,HR Director,2026-11-30,None
G-209,FedRAMP Rev5 Class C control list (FRC-CSF-BSL),Rev5 Class C control list: PS-5 Personnel Transfer,Implement PS-5 (Personnel Transfer) and its Class C enhancements for the cloud service offering,MUST,Applies: government partition today; shared components under the 2026 Minimum Assessment Scope; commercial partition by company policy,PR.AA-05,PS-5,Author mapping,Transfers trigger an access review by the new manager within 5 business days.,Transfer sample (25 of 41),Met,None,Very Low,None,HR Director,,None
G-210,FedRAMP Rev5 Class C control list (FRC-CSF-BSL),Rev5 Class C control list: PS-6 Access Agreements,Implement PS-6 (Access Agreements) and its Class C enhancements for the cloud service offering,MUST,Applies: government partition today; shared components under the 2026 Minimum Assessment Scope; commercial partition by company policy,GV.RR-04,PS-6,Author mapping,Confidentiality and acceptable use agreements are signed at hire and yearly.,Agreement records,Met,None,Very Low,None,HR Director,,None
G-211,FedRAMP Rev5 Class C control list (FRC-CSF-BSL),Rev5 Class C control list: PS-7 External Personnel Security,Implement PS-7 (External Personnel Security) and its Class C enhancements for the cloud service offering,MUST,Applies: government partition today; shared components under the 2026 Minimum Assessment Scope; commercial partition by company policy,DE.CM-06; GV.RR-04,PS-7,Official (NIST CSF 2.0 informative reference),"Contractors follow the same screening, training, and agreements; their managers notify HR of departures.",Contractor files,Met,None,Very Low,None,HR Director,,None
G-212,FedRAMP Rev5 Class C control list (FRC-CSF-BSL),Rev5 Class C control list: PS-8 Personnel Sanctions,Implement PS-8 (Personnel Sanctions) and its Class C enhancements for the cloud service offering,MUST,Applies: government partition today; shared components under the 2026 Minimum Assessment Scope; commercial partition by company policy,GV.RR-04,PS-8,Author mapping,The sanctions process is in POL-01.,Sanctions log,Met,None,Very Low,None,HR Director,,None
G-213,FedRAMP Rev5 Class C control list (FRC-CSF-BSL),Rev5 Class C control list: PS-9 Position Descriptions,Implement PS-9 (Position Descriptions) and its Class C enhancements for the cloud service offering,MUST,Applies: government partition today; shared components under the 2026 Minimum Assessment Scope; commercial partition by company policy,GV.RR-04,PS-9,Official (NIST CSF 2.0 informative reference),Position descriptions include security roles.,Position descriptions,Met,None,Very Low,None,HR Director,,None
G-214,FedRAMP Rev5 Class C control list (FRC-CSF-BSL),Rev5 Class C control list: RA-1 Policy and Procedures,Implement RA-1 (Policy and Procedures) and its Class C enhancements for the cloud service offering,MUST,Applies: government partition today; shared components under the 2026 Minimum Assessment Scope; commercial partition by company policy,GV.PO-01; GV.PO-02; GV.OC-03,RA-1,Official (NIST CSF 2.0 informative reference),Risk assessment statements are in POL-01.,POL-01,Met,None,Very Low,None,GRC Manager,,None
G-215,FedRAMP Rev5 Class C control list (FRC-CSF-BSL),Rev5 Class C control list: RA-2 Security Categorization,Implement RA-2 (Security Categorization) and its Class C enhancements for the cloud service offering,MUST,Applies: government partition today; shared components under the 2026 Minimum Assessment Scope; commercial partition by company policy,ID.AM-05; ID.RA-04; ID.RA-05,RA-2,Official (NIST CSF 2.0 informative reference),"The HCP is categorized Moderate (section 6), approved by the CTO.",P02 section 6,Met,None,Very Low,None,GRC Manager,,None
G-216,FedRAMP Rev5 Class C control list (FRC-CSF-BSL),Rev5 Class C control list: RA-3 Risk Assessment with RA-3(1),Implement RA-3 (Risk Assessment) and its Class C enhancements for the cloud service offering,MUST,Applies: government partition today; shared components under the 2026 Minimum Assessment Scope; commercial partition by company policy,DE.AE-07; RS.AN-08; ID.AM-05,RA-3,Official (NIST CSF 2.0 informative reference),"Enterprise and system risk assessment each year per NIST SP 800-30 (P01), including supply chain risk (RA-3(1)).",P01,Met,None,Very Low,None,GRC Manager,,None
G-217,FedRAMP Rev5 Class C control list (FRC-CSF-BSL),"Rev5 Class C control list: RA-5 Vulnerability Monitoring and Scanning with RA-5(2), RA-5(3), RA-5(5), RA-5(11)",Implement RA-5 (Vulnerability Monitoring and Scanning) and its Class C enhancements for the cloud service offering,MUST,Applies: government partition today; shared components under the 2026 Minimum Assessment Scope; commercial partition by company policy,ID.RA-01; ID.RA-08; GV.SC-10,RA-5,Official (NIST CSF 2.0 informative reference),"Government clusters and the government cloud account are scanned monthly with credentials (RA-5(5)), with updated signatures (RA-5(2)), broad coverage (RA-5(3)), and a public vulnerability disclosure program (RA-5(11)).",Scan reports; P07 RA-05; P03 VDR rows,Partially met,"Commercial clusters are scanned quarterly; KEV matching is manual; vulnerability response is not yet on the 2026 PAIN model (VDR and VER rulesets, required from 2026-12-07)",High,Monthly authenticated scans for all clusters; automated KEV matching; PAIN evaluation,Security Engineering Lead,2026-12-07,None
G-218,FedRAMP Rev5 Class C control list (FRC-CSF-BSL),Rev5 Class C control list: RA-7 Risk Response,Implement RA-7 (Risk Response) and its Class C enhancements for the cloud service offering,MUST,Applies: government partition today; shared components under the 2026 Minimum Assessment Scope; commercial partition by company policy,RS.AN-08; ID.RA-05; ID.RA-06,RA-7,Official (NIST CSF 2.0 informative reference),Risk responses are recorded in P01 and tracked in the POA&M.,P01; POA&M,Met,None,Very Low,None,GRC Manager,,None
G-219,FedRAMP Rev5 Class C control list (FRC-CSF-BSL),Rev5 Class C control list: RA-9 Criticality Analysis,Implement RA-9 (Criticality Analysis) and its Class C enhancements for the cloud service offering,MUST,Applies: government partition today; shared components under the 2026 Minimum Assessment Scope; commercial partition by company policy,ID.AM-05; ID.RA-04; GV.SC-04,RA-9,Official (NIST CSF 2.0 informative reference),"Critical components (control plane, PAM, identity provider, signing keys, RMM) are identified in P05 and P01.",P05; P01,Met,None,Very Low,None,GRC Manager,,None
G-220,FedRAMP Rev5 Class C control list (FRC-CSF-BSL),Rev5 Class C control list: SA-1 Policy and Procedures,Implement SA-1 (Policy and Procedures) and its Class C enhancements for the cloud service offering,MUST,Applies: government partition today; shared components under the 2026 Minimum Assessment Scope; commercial partition by company policy,GV.PO-01; GV.PO-02; GV.OC-03,SA-1,Official (NIST CSF 2.0 informative reference),Acquisition and development statements are in POL-01 and STD-05 (secure development).,POL-01; STD-05,Met,None,Very Low,None,VP Software Engineering,,None
G-221,FedRAMP Rev5 Class C control list (FRC-CSF-BSL),Rev5 Class C control list: SA-2 Allocation of Resources,Implement SA-2 (Allocation of Resources) and its Class C enhancements for the cloud service offering,MUST,Applies: government partition today; shared components under the 2026 Minimum Assessment Scope; commercial partition by company policy,GV.RR-03,SA-2,Author mapping,Security is a separate line in the annual budget; the FY2027 security plan was approved by the CEO on 2026-09-22 (P01).,Budget approval,Met,None,Very Low,None,Chief Financial Officer,,None
G-222,FedRAMP Rev5 Class C control list (FRC-CSF-BSL),Rev5 Class C control list: SA-3 System Development Life Cycle,Implement SA-3 (System Development Life Cycle) and its Class C enhancements for the cloud service offering,MUST,Applies: government partition today; shared components under the 2026 Minimum Assessment Scope; commercial partition by company policy,PR.PS-06; ID.AM-08,SA-3,Official (NIST CSF 2.0 informative reference),The control plane and portal follow a documented development life cycle with security reviews at design and release.,SDLC document; release checklist,Met,None,Very Low,None,VP Software Engineering,,None
G-223,FedRAMP Rev5 Class C control list (FRC-CSF-BSL),"Rev5 Class C control list: SA-4 Acquisition Process with SA-4(1), SA-4(2), SA-4(9), SA-4(10)",Implement SA-4 (Acquisition Process) and its Class C enhancements for the cloud service offering,MUST,Applies: government partition today; shared components under the 2026 Minimum Assessment Scope; commercial partition by company policy,DE.CM-06; ID.AM-08; ID.RA-09,SA-4,Official (NIST CSF 2.0 informative reference),"Contracts for components and services include security requirements, functional properties of controls (SA-4(1)), design information (SA-4(2)), ports and services in use (SA-4(9)), and use of PIV-capable products where relevant (SA-4(10)).",Contract review 2026-07; P09 vendor reviews,Partially met,"4 Tier 1 vendor contracts lack incident notice terms, including the RMM vendor",Moderate,Add security and incident notice schedules at renewal or by amendment,Chief Financial Officer,2027-03-31,None
G-224,FedRAMP Rev5 Class C control list (FRC-CSF-BSL),Rev5 Class C control list: SA-5 System Documentation,Implement SA-5 (System Documentation) and its Class C enhancements for the cloud service offering,MUST,Applies: government partition today; shared components under the 2026 Minimum Assessment Scope; commercial partition by company policy,ID.AM-02; ID.RA-09,SA-5,Official (NIST CSF 2.0 informative reference),"Administrator and user documentation exists for the portal, API, and Government Cloud, including the Secure Configuration Guide.",Documentation site,Met,None,Very Low,None,VP Software Engineering,,None
G-225,FedRAMP Rev5 Class C control list (FRC-CSF-BSL),Rev5 Class C control list: SA-8 Security and Privacy Engineering Principles,Implement SA-8 (Security and Privacy Engineering Principles) and its Class C enhancements for the cloud service offering,MUST,Applies: government partition today; shared components under the 2026 Minimum Assessment Scope; commercial partition by company policy,PR.DS-10; PR.IR-03; PR.PS-06,SA-8,Official (NIST CSF 2.0 informative reference),"Engineering principles (least privilege, partition separation, secure defaults, defense in depth) are written into the platform design standards.",Design standards,Met,None,Very Low,None,Chief Technology Officer,,None
G-226,FedRAMP Rev5 Class C control list (FRC-CSF-BSL),"Rev5 Class C control list: SA-9 External System Services with SA-9(1), SA-9(2), SA-9(5)",Implement SA-9 (External System Services) and its Class C enhancements for the cloud service offering,MUST,Applies: government partition today; shared components under the 2026 Minimum Assessment Scope; commercial partition by company policy,DE.CM-06; ID.AM-02; ID.AM-04,SA-9,Official (NIST CSF 2.0 informative reference),"External services are listed with their security status; services used by the government partition must hold their own FedRAMP certification or be assessed (SA-9(1) risk assessment; SA-9(2) functions, ports, and services identified; SA-9(5) processing and storage location in the U.S.).",Vendor register; P09 vendor reviews; P03 MAS rows,Partially met,"Third-party information resources are not documented in the form MAS-CSO-TPR requires (usage, justification, mitigations, compensating controls); annual reviews done for 9 of 14 Tier 1 vendors",High,Complete Tier 1 reviews; document third-party resources for the package,GRC Manager,2027-01-31,None
G-227,FedRAMP Rev5 Class C control list (FRC-CSF-BSL),Rev5 Class C control list: SA-10 Developer Configuration Management,Implement SA-10 (Developer Configuration Management) and its Class C enhancements for the cloud service offering,MUST,Applies: government partition today; shared components under the 2026 Minimum Assessment Scope; commercial partition by company policy,PR.PS-06; ID.RA-09,SA-10,Official (NIST CSF 2.0 informative reference),"Code, templates, and infrastructure as code are under version control with protected branches and signed commits; developers track changes and flaws.",Repository settings,Met,None,Very Low,None,VP Software Engineering,,None
G-228,FedRAMP Rev5 Class C control list (FRC-CSF-BSL),"Rev5 Class C control list: SA-11 Developer Testing and Evaluation with SA-11(1), SA-11(2)",Implement SA-11 (Developer Testing and Evaluation) and its Class C enhancements for the cloud service offering,MUST,Applies: government partition today; shared components under the 2026 Minimum Assessment Scope; commercial partition by company policy,PR.PS-06; ID.RA-09; ID.IM-01,SA-11,Official (NIST CSF 2.0 informative reference),Developers run static analysis on every pull request (SA-11(1)) and threat modeling for major features (SA-11(2)); penetration tests cover new features each year.,Pipeline reports; threat model records,Met,None,Very Low,None,VP Software Engineering,,None
G-229,FedRAMP Rev5 Class C control list (FRC-CSF-BSL),"Rev5 Class C control list: SA-15 Development Process, Standards, and Tools with SA-15(3)","Implement SA-15 (Development Process, Standards, and Tools) and its Class C enhancements for the cloud service offering",MUST,Applies: government partition today; shared components under the 2026 Minimum Assessment Scope; commercial partition by company policy,PR.PS-06; ID.RA-09,SA-15,Official (NIST CSF 2.0 informative reference),A documented development process with defined tools; criticality analysis for control plane components (SA-15(3)).,Process documentation,Partially met,No SBOM or build provenance for VM templates and control plane releases (gap 13),Moderate,Produce SBOMs and signed build provenance for every release,VP Software Engineering,2027-06-30,None
G-230,FedRAMP Rev5 Class C control list (FRC-CSF-BSL),Rev5 Class C control list: SA-22 Unsupported System Components,Implement SA-22 (Unsupported System Components) and its Class C enhancements for the cloud service offering,MUST,Applies: government partition today; shared components under the 2026 Minimum Assessment Scope; commercial partition by company policy,ID.AM-08,SA-22,Official (NIST CSF 2.0 informative reference),Unsupported components are tracked in the CMDB.,CMDB report,Partially met,DC-1 clusters A and B run a hypervisor release that leaves vendor support in 2027-03; 9 DC-1 storage controllers are past end of support,Moderate,Upgrade or replace before end of support,VP Platform Engineering,2027-03-31,None
G-231,FedRAMP Rev5 Class C control list (FRC-CSF-BSL),Rev5 Class C control list: SC-1 Policy and Procedures,Implement SC-1 (Policy and Procedures) and its Class C enhancements for the cloud service offering,MUST,Applies: government partition today; shared components under the 2026 Minimum Assessment Scope; commercial partition by company policy,GV.PO-01; GV.PO-02; GV.OC-03,SC-1,Official (NIST CSF 2.0 informative reference),System and communications protection statements are in POL-04 and STD-06 (encryption and key management).,POL-04; STD-06,Met,None,Very Low,None,Security Engineering Lead,,None
G-232,FedRAMP Rev5 Class C control list (FRC-CSF-BSL),Rev5 Class C control list: SC-2 Separation of System and User Functionality,Implement SC-2 (Separation of System and User Functionality) and its Class C enhancements for the cloud service offering,MUST,Applies: government partition today; shared components under the 2026 Minimum Assessment Scope; commercial partition by company policy,PR.IR-01,SC-2,Author mapping,"Customer-facing functions (portal, API) run separately from management functions (control plane services, PAM).",Architecture records (P04),Met,None,Very Low,None,VP Software Engineering,,None
G-233,FedRAMP Rev5 Class C control list (FRC-CSF-BSL),Rev5 Class C control list: SC-4 Information in Shared System Resources,Implement SC-4 (Information in Shared System Resources) and its Class C enhancements for the cloud service offering,MUST,Applies: government partition today; shared components under the 2026 Minimum Assessment Scope; commercial partition by company policy,PR.DS-01; PR.DS-02; PR.DS-10,SC-4,Official (NIST CSF 2.0 informative reference),Memory and storage are cleared between tenants by the hypervisor; deleted volumes are cryptographically erased before reuse.,Hypervisor configuration; storage settings,Met,None,Very Low,None,VP Platform Engineering,,None
G-234,FedRAMP Rev5 Class C control list (FRC-CSF-BSL),Rev5 Class C control list: SC-5 Denial-of-service Protection,Implement SC-5 (Denial-of-service Protection) and its Class C enhancements for the cloud service offering,MUST,Applies: government partition today; shared components under the 2026 Minimum Assessment Scope; commercial partition by company policy,PR.IR-01; DE.CM-01,SC-5,Official (NIST CSF 2.0 informative reference),DDoS scrubbing service with always-on detection and on-demand mitigation; rate limits on the portal and API.,Scrubbing contract; mitigation reports,Met,None,Very Low,None,VP Platform Engineering,,None
G-235,FedRAMP Rev5 Class C control list (FRC-CSF-BSL),"Rev5 Class C control list: SC-7 Boundary Protection with SC-7(3), SC-7(4), SC-7(5), SC-7(7), SC-7(8), SC-7(12), SC-7(18)",Implement SC-7 (Boundary Protection) and its Class C enhancements for the cloud service offering,MUST,Applies: government partition today; shared components under the 2026 Minimum Assessment Scope; commercial partition by company policy,PR.DS-01; PR.DS-02; PR.DS-10,SC-7,Official (NIST CSF 2.0 informative reference),Boundary firewalls at each data center and the cloud network hub; managed interfaces only (SC-7(3) limited access points; SC-7(4) external telecommunications services; SC-7(5) deny by default); split tunneling is blocked (SC-7(7)); administrator traffic goes through PAM proxies (SC-7(8)); host-based firewalls (SC-7(12)); fail secure (SC-7(18)).,Firewall exports; P07 SC-07,Partially met,DC-1 management network accepts connections from the NOC network for clusters A and B (see AC-4),Moderate,Deny by default from the NOC network at DC-1,VP Platform Engineering,2027-01-31,None
G-236,FedRAMP Rev5 Class C control list (FRC-CSF-BSL),Rev5 Class C control list: SC-8 Transmission Confidentiality and Integrity with SC-8(1),Implement SC-8 (Transmission Confidentiality and Integrity) and its Class C enhancements for the cloud service offering,MUST,Applies: government partition today; shared components under the 2026 Minimum Assessment Scope; commercial partition by company policy,PR.DS-02,SC-8,Official (NIST CSF 2.0 informative reference),TLS 1.2 or higher protects all external and internal connections (SC-8(1)); government partition endpoints use FIPS 140-validated modules.,TLS scan; P07 SC-08; CMU rows in P03,Partially met,Commercial partition endpoints use validated modules for only part of the path; not documented per service,Low,Document modules per service for both partitions (CMU-CSO-CMD),Security Engineering Lead,2027-01-01,None
G-237,FedRAMP Rev5 Class C control list (FRC-CSF-BSL),Rev5 Class C control list: SC-10 Network Disconnect,Implement SC-10 (Network Disconnect) and its Class C enhancements for the cloud service offering,MUST,Applies: government partition today; shared components under the 2026 Minimum Assessment Scope; commercial partition by company policy,PR.AA-03,SC-10,Author mapping,Network sessions end after 30 minutes of inactivity at the bastions and the portal.,Configuration,Met,None,Very Low,None,VP Software Engineering,,None
G-238,FedRAMP Rev5 Class C control list (FRC-CSF-BSL),Rev5 Class C control list: SC-12 Cryptographic Key Establishment and Management,Implement SC-12 (Cryptographic Key Establishment and Management) and its Class C enhancements for the cloud service offering,MUST,Applies: government partition today; shared components under the 2026 Minimum Assessment Scope; commercial partition by company policy,PR.DS-01; PR.DS-02,SC-12,Official (NIST CSF 2.0 informative reference),"Keys are generated and stored in the cloud HSM for the government partition, with rotation yearly and two custodians.",Key inventory; P07 SC-12,Partially met,"The commercial VM template signing key is a pipeline secret, not in an HSM (gap 5)",High,Move the commercial signing key into the HSM,Security Engineering Lead,2026-12-31,None
G-239,FedRAMP Rev5 Class C control list (FRC-CSF-BSL),Rev5 Class C control list: SC-13 Cryptographic Protection,Implement SC-13 (Cryptographic Protection) and its Class C enhancements for the cloud service offering,MUST,Applies: government partition today; shared components under the 2026 Minimum Assessment Scope; commercial partition by company policy,PR.DS-01; PR.DS-02; PR.DS-10,SC-13,Official (NIST CSF 2.0 informative reference),"Government partition cryptography uses FIPS 140-validated modules for TLS, storage, and signing.",Module certificate list; P07 SC-13,Partially met,"Commercial partition uses validated modules where the provider supplies them, but this is not documented",Low,Document per service (CMU-CSO-CMD),Security Engineering Lead,2027-01-01,None
G-240,FedRAMP Rev5 Class C control list (FRC-CSF-BSL),Rev5 Class C control list: SC-15 Collaborative Computing Devices and Applications,Implement SC-15 (Collaborative Computing Devices and Applications) and its Class C enhancements for the cloud service offering,MUST,Applies: government partition today; shared components under the 2026 Minimum Assessment Scope; commercial partition by company policy,PR.PS-01,SC-15,Author mapping,"Not applicable: no collaborative computing devices (cameras, microphones) are inside the boundary.",DC walkthroughs,Not applicable,Not applicable to this boundary,Very Low,None,Director of Corporate IT,,None
G-241,FedRAMP Rev5 Class C control list (FRC-CSF-BSL),Rev5 Class C control list: SC-17 Public Key Infrastructure Certificates,Implement SC-17 (Public Key Infrastructure Certificates) and its Class C enhancements for the cloud service offering,MUST,Applies: government partition today; shared components under the 2026 Minimum Assessment Scope; commercial partition by company policy,PR.DS-02,SC-17,Author mapping,"Certificates for the portal, API, and internal services come from approved public and private certificate authorities, tracked with expiry alerts.",Certificate inventory,Met,None,Very Low,None,Security Engineering Lead,,None
G-242,FedRAMP Rev5 Class C control list (FRC-CSF-BSL),Rev5 Class C control list: SC-18 Mobile Code,Implement SC-18 (Mobile Code) and its Class C enhancements for the cloud service offering,MUST,Applies: government partition today; shared components under the 2026 Minimum Assessment Scope; commercial partition by company policy,PR.PS-01,SC-18,Author mapping,The portal allows only company-signed scripts through a content security policy; mobile code in email and browsers is controlled on laptops.,Content security policy,Met,None,Very Low,None,VP Software Engineering,,None
G-243,FedRAMP Rev5 Class C control list (FRC-CSF-BSL),Rev5 Class C control list: SC-20 Secure Name/Address Resolution Service (Authoritative Source),Implement SC-20 (Secure Name/Address Resolution Service (Authoritative Source)) and its Class C enhancements for the cloud service offering,MUST,Applies: government partition today; shared components under the 2026 Minimum Assessment Scope; commercial partition by company policy,PR.DS-02,SC-20,Author mapping,Authoritative DNS signs zones with DNSSEC for company domains and offers DNSSEC to customers.,DNSSEC configuration,Met,None,Very Low,None,VP Platform Engineering,,None
G-244,FedRAMP Rev5 Class C control list (FRC-CSF-BSL),Rev5 Class C control list: SC-21 Secure Name/Address Resolution Service (Recursive or Caching Resolver),Implement SC-21 (Secure Name/Address Resolution Service (Recursive or Caching Resolver)) and its Class C enhancements for the cloud service offering,MUST,Applies: government partition today; shared components under the 2026 Minimum Assessment Scope; commercial partition by company policy,PR.DS-02,SC-21,Author mapping,Recursive resolvers used by the platform validate DNSSEC responses.,Resolver configuration; P07 SC-21,Met,None,Very Low,None,VP Platform Engineering,,None
G-245,FedRAMP Rev5 Class C control list (FRC-CSF-BSL),Rev5 Class C control list: SC-22 Architecture and Provisioning for Name/Address Resolution Service,Implement SC-22 (Architecture and Provisioning for Name/Address Resolution Service) and its Class C enhancements for the cloud service offering,MUST,Applies: government partition today; shared components under the 2026 Minimum Assessment Scope; commercial partition by company policy,PR.IR-04,SC-22,Author mapping,"Authoritative DNS runs on separate servers in each data center plus the scrubbing service, so no single site failure removes resolution.",DNS architecture,Met,None,Very Low,None,VP Platform Engineering,,None
G-246,FedRAMP Rev5 Class C control list (FRC-CSF-BSL),Rev5 Class C control list: SC-23 Session Authenticity,Implement SC-23 (Session Authenticity) and its Class C enhancements for the cloud service offering,MUST,Applies: government partition today; shared components under the 2026 Minimum Assessment Scope; commercial partition by company policy,PR.DS-02,SC-23,Author mapping,"Session tokens are bound to TLS sessions, rotated at sign-in, and invalidated at sign-out.",Portal security design,Met,None,Very Low,None,VP Software Engineering,,None
G-247,FedRAMP Rev5 Class C control list (FRC-CSF-BSL),Rev5 Class C control list: SC-28 Protection of Information at Rest with SC-28(1),Implement SC-28 (Protection of Information at Rest) and its Class C enhancements for the cloud service offering,MUST,Applies: government partition today; shared components under the 2026 Minimum Assessment Scope; commercial partition by company policy,PR.DS-01,SC-28,Official (NIST CSF 2.0 informative reference),"Government VM volumes, backups, and databases are encrypted at rest with company-managed keys (SC-28(1)).",Storage reports; P07 SC-28,Partially met,"Commercial VM volumes are encrypted by default only for VMs created since 2025-01; about 9,000 older commercial volumes are not encrypted",Moderate,Encrypt remaining commercial volumes during maintenance windows,Security Engineering Lead,2027-06-30,None
G-248,FedRAMP Rev5 Class C control list (FRC-CSF-BSL),Rev5 Class C control list: SC-39 Process Isolation,Implement SC-39 (Process Isolation) and its Class C enhancements for the cloud service offering,MUST,Applies: government partition today; shared components under the 2026 Minimum Assessment Scope; commercial partition by company policy,PR.DS-01; PR.DS-10; PR.IR-03,SC-39,Official (NIST CSF 2.0 informative reference),The hypervisor and the cloud provider separate process execution domains.,Hypervisor documentation; cloud provider certification,Met,None,Very Low,None,VP Platform Engineering,,None
G-249,FedRAMP Rev5 Class C control list (FRC-CSF-BSL),Rev5 Class C control list: SC-45 System Time Synchronization with SC-45(1),Implement SC-45 (System Time Synchronization) and its Class C enhancements for the cloud service offering,MUST,Applies: government partition today; shared components under the 2026 Minimum Assessment Scope; commercial partition by company policy,PR.PS-04,SC-45,Author mapping,"All components synchronize to the internal time service, which compares against two authoritative sources (SC-45(1)).",Time service configuration,Met,None,Very Low,None,VP Platform Engineering,,None
G-250,FedRAMP Rev5 Class C control list (FRC-CSF-BSL),Rev5 Class C control list: SI-1 Policy and Procedures,Implement SI-1 (Policy and Procedures) and its Class C enhancements for the cloud service offering,MUST,Applies: government partition today; shared components under the 2026 Minimum Assessment Scope; commercial partition by company policy,GV.PO-01; GV.PO-02; GV.OC-03,SI-1,Official (NIST CSF 2.0 informative reference),"System and information integrity statements are in POL-01, POL-03, and STD-08 (vulnerability and patch management).",STD-08,Met,None,Very Low,None,Security Engineering Lead,,None
G-251,FedRAMP Rev5 Class C control list (FRC-CSF-BSL),"Rev5 Class C control list: SI-2 Flaw Remediation with SI-2(2), SI-2(3)",Implement SI-2 (Flaw Remediation) and its Class C enhancements for the cloud service offering,MUST,Applies: government partition today; shared components under the 2026 Minimum Assessment Scope; commercial partition by company policy,PR.PS-02; ID.IM-01; ID.IM-02,SI-2,Official (NIST CSF 2.0 informative reference),Flaws are remediated by severity; patch status is tracked automatically (SI-2(2)); time to remediate is measured (SI-2(3)).,Patch reports; BMC firmware report; P07 notes,Partially met,14% of DC-1 BMCs run outdated firmware; KEV remediation is tracked by hand; the 2026 rules replace POA&M timelines with PAIN-based timeframes,High,Quarterly BMC firmware cycle; automated KEV tracking; PAIN-based targets,VP Platform Engineering,2027-03-07,None
G-252,FedRAMP Rev5 Class C control list (FRC-CSF-BSL),Rev5 Class C control list: SI-3 Malicious Code Protection,Implement SI-3 (Malicious Code Protection) and its Class C enhancements for the cloud service offering,MUST,Applies: government partition today; shared components under the 2026 Minimum Assessment Scope; commercial partition by company policy,PR.DS-01; PR.DS-02; PR.DS-10,SI-3,Official (NIST CSF 2.0 informative reference),"EDR runs on all laptops, bastions, build runners, and company-managed servers with automatic updates.",EDR coverage report; P07 SI-03,Met,None,Very Low,None,Security Engineering Lead,,None
G-253,FedRAMP Rev5 Class C control list (FRC-CSF-BSL),"Rev5 Class C control list: SI-4 System Monitoring with SI-4(1), SI-4(2), SI-4(4), SI-4(5), SI-4(16), SI-4(18), SI-4(23)",Implement SI-4 (System Monitoring) and its Class C enhancements for the cloud service offering,MUST,Applies: government partition today; shared components under the 2026 Minimum Assessment Scope; commercial partition by company policy,PR.DS-01; PR.DS-02; PR.DS-10,SI-4,Official (NIST CSF 2.0 informative reference),The SIEM and MDR monitor events from all government sources (SI-4(1) system-wide detection; SI-4(2) automated real-time analysis; SI-4(4) inbound and outbound traffic; SI-4(5) alerts; SI-4(16) correlation; SI-4(18) covert exfiltration analysis; SI-4(23) host-based devices).,SIEM source list; P10,Partially met,Commercial gaps: DC-1 clusters A and B and the RMM tool are not monitored; AI auto-close hides alerts (P10),High,Close source gaps; restrict auto-close,Security Operations Manager,2027-01-31,None
G-254,FedRAMP Rev5 Class C control list (FRC-CSF-BSL),"Rev5 Class C control list: SI-5 Security Alerts, Advisories, and Directives","Implement SI-5 (Security Alerts, Advisories, and Directives) and its Class C enhancements for the cloud service offering",MUST,Applies: government partition today; shared components under the 2026 Minimum Assessment Scope; commercial partition by company policy,ID.RA-01; ID.RA-02; ID.RA-03,SI-5,Official (NIST CSF 2.0 informative reference),"The SOC receives CISA alerts, vendor advisories, and the KEV catalog, and routes them to owners.",Advisory log,Met,None,Very Low,None,Security Operations Manager,,None
G-255,FedRAMP Rev5 Class C control list (FRC-CSF-BSL),Rev5 Class C control list: SI-6 Security and Privacy Function Verification,Implement SI-6 (Security and Privacy Function Verification) and its Class C enhancements for the cloud service offering,MUST,Applies: government partition today; shared components under the 2026 Minimum Assessment Scope; commercial partition by company policy,ID.IM-02,SI-6,Author mapping,"Security functions (EDR health, log forwarding, PAM recording) are verified daily by automated checks with alerts on failure.",Health check reports; P07 SI-06,Met,None,Very Low,None,Security Engineering Lead,,None
G-256,FedRAMP Rev5 Class C control list (FRC-CSF-BSL),"Rev5 Class C control list: SI-7 Software, Firmware, and Information Integrity with SI-7(1), SI-7(7)","Implement SI-7 (Software, Firmware, and Information Integrity) and its Class C enhancements for the cloud service offering",MUST,Applies: government partition today; shared components under the 2026 Minimum Assessment Scope; commercial partition by company policy,PR.DS-01; PR.DS-02; PR.DS-10,SI-7,Official (NIST CSF 2.0 informative reference),Government VM templates and control plane releases are signed in the HSM and verified at deployment; integrity checks run on hosts (SI-7(1)); integrity violations feed incident response (SI-7(7)).,Pipeline configuration; P07 SI-07,Partially met,"Commercial templates are signed with a pipeline secret, and signatures are not verified at deployment in the commercial partition",High,Verify signatures at deployment in both partitions,VP Software Engineering,2026-12-31,None
G-257,FedRAMP Rev5 Class C control list (FRC-CSF-BSL),Rev5 Class C control list: SI-8 Spam Protection with SI-8(2),Implement SI-8 (Spam Protection) and its Class C enhancements for the cloud service offering,MUST,Applies: government partition today; shared components under the 2026 Minimum Assessment Scope; commercial partition by company policy,DE.CM-09,SI-8,Author mapping,The productivity suite filters spam and phishing with updates managed by the vendor (SI-8(2)).,Mail filter configuration,Met,None,Very Low,None,Director of Corporate IT,,None
G-258,FedRAMP Rev5 Class C control list (FRC-CSF-BSL),Rev5 Class C control list: SI-10 Information Input Validation,Implement SI-10 (Information Input Validation) and its Class C enhancements for the cloud service offering,MUST,Applies: government partition today; shared components under the 2026 Minimum Assessment Scope; commercial partition by company policy,PR.DS-10,SI-10,Official (NIST CSF 2.0 informative reference),The portal and API validate inputs against schemas; validation is tested in the pipeline.,Pipeline test reports; P07 SI-10,Met,None,Very Low,None,VP Software Engineering,,None
G-259,FedRAMP Rev5 Class C control list (FRC-CSF-BSL),Rev5 Class C control list: SI-11 Error Handling,Implement SI-11 (Error Handling) and its Class C enhancements for the cloud service offering,MUST,Applies: government partition today; shared components under the 2026 Minimum Assessment Scope; commercial partition by company policy,PR.DS-10,SI-11,Author mapping,Error messages give customers no stack traces or internal details; details go to logs.,Error handling design,Met,None,Very Low,None,VP Software Engineering,,None
G-260,FedRAMP Rev5 Class C control list (FRC-CSF-BSL),Rev5 Class C control list: SI-12 Information Management and Retention,Implement SI-12 (Information Management and Retention) and its Class C enhancements for the cloud service offering,MUST,Applies: government partition today; shared components under the 2026 Minimum Assessment Scope; commercial partition by company policy,ID.AM-07; ID.AM-08,SI-12,Official (NIST CSF 2.0 informative reference),Information is retained under the records schedule and the MSA; customer data is deleted 30 days after contract end.,Records schedule,Met,None,Very Low,None,General Counsel,,None
G-261,FedRAMP Rev5 Class C control list (FRC-CSF-BSL),Rev5 Class C control list: SI-16 Memory Protection,Implement SI-16 (Memory Protection) and its Class C enhancements for the cloud service offering,MUST,Applies: government partition today; shared components under the 2026 Minimum Assessment Scope; commercial partition by company policy,PR.DS-10,SI-16,Official (NIST CSF 2.0 informative reference),Hosts and the cloud provider use memory protection (non-executable memory and address randomization).,Host baseline,Met,None,Very Low,None,VP Platform Engineering,,None
G-262,FedRAMP Rev5 Class C control list (FRC-CSF-BSL),Rev5 Class C control list: SR-1 Policy and Procedures,Implement SR-1 (Policy and Procedures) and its Class C enhancements for the cloud service offering,MUST,Applies: government partition today; shared components under the 2026 Minimum Assessment Scope; commercial partition by company policy,GV.PO-01; GV.PO-02; GV.OC-03,SR-1,Official (NIST CSF 2.0 informative reference),Supply chain statements are in POL-01 and STD-09 (vendor and supply chain risk).,STD-09,Met,None,Very Low,None,GRC Manager,,None
G-263,FedRAMP Rev5 Class C control list (FRC-CSF-BSL),Rev5 Class C control list: SR-2 Supply Chain Risk Management Plan with SR-2(1),Implement SR-2 (Supply Chain Risk Management Plan) and its Class C enhancements for the cloud service offering,MUST,Applies: government partition today; shared components under the 2026 Minimum Assessment Scope; commercial partition by company policy,ID.AM-04; GV.SC-01; GV.SC-02,SR-2,Official (NIST CSF 2.0 informative reference),A supply chain risk management plan (2024) covers hardware and software suppliers; a cross-functional team meets quarterly (SR-2(1)).,SCRM plan 2024,Partially met,Plan does not cover third-party information resources under the 2026 rules or software provenance,Moderate,Update the plan,GRC Manager,2027-03-31,None
G-264,FedRAMP Rev5 Class C control list (FRC-CSF-BSL),Rev5 Class C control list: SR-3 Supply Chain Controls and Processes,Implement SR-3 (Supply Chain Controls and Processes) and its Class C enhancements for the cloud service offering,MUST,Applies: government partition today; shared components under the 2026 Minimum Assessment Scope; commercial partition by company policy,RS.CO-02; RS.CO-03; RS.MA-01,SR-3,Official (NIST CSF 2.0 informative reference),Hardware comes from authorized distributors; software from verified sources; supplier diversity for carriers and colocation.,SCRM plan,Partially met,No SBOM or provenance checks for third-party software in VM templates,Moderate,Add SBOM review to template builds,GRC Manager,2027-06-30,None
G-265,FedRAMP Rev5 Class C control list (FRC-CSF-BSL),"Rev5 Class C control list: SR-5 Acquisition Strategies, Tools, and Methods","Implement SR-5 (Acquisition Strategies, Tools, and Methods) and its Class C enhancements for the cloud service offering",MUST,Applies: government partition today; shared components under the 2026 Minimum Assessment Scope; commercial partition by company policy,ID.AM-08; ID.RA-09; GV.SC-02,SR-5,Official (NIST CSF 2.0 informative reference),Acquisition strategies favor vendors with FedRAMP certification or SOC 2 reports and contract security terms.,Purchasing standard,Met,None,Very Low,None,Chief Financial Officer,,None
G-266,FedRAMP Rev5 Class C control list (FRC-CSF-BSL),Rev5 Class C control list: SR-6 Supplier Assessments and Reviews,Implement SR-6 (Supplier Assessments and Reviews) and its Class C enhancements for the cloud service offering,MUST,Applies: government partition today; shared components under the 2026 Minimum Assessment Scope; commercial partition by company policy,ID.RA-09; ID.RA-10; GV.SC-04,SR-6,Official (NIST CSF 2.0 informative reference),Tier 1 suppliers are reviewed each year (SOC 2 or FedRAMP package).,Vendor register; P09,Partially met,5 of 14 Tier 1 reviews are overdue; the RMM vendor's report exceptions were not followed up,High,Complete reviews; follow up exceptions,GRC Manager,2026-12-31,None
G-267,FedRAMP Rev5 Class C control list (FRC-CSF-BSL),Rev5 Class C control list: SR-8 Notification Agreements,Implement SR-8 (Notification Agreements) and its Class C enhancements for the cloud service offering,MUST,Applies: government partition today; shared components under the 2026 Minimum Assessment Scope; commercial partition by company policy,RS.CO-02; RS.CO-03; RS.MA-01,SR-8,Official (NIST CSF 2.0 informative reference),"Notification agreements exist with the colocation providers, carriers, and identity provider.",Contract review,Partially met,4 Tier 1 contracts lack incident notice terms (see SA-4),Moderate,Add notice terms,Chief Financial Officer,2027-03-31,None
G-268,FedRAMP Rev5 Class C control list (FRC-CSF-BSL),Rev5 Class C control list: SR-10 Inspection of Systems or Components,Implement SR-10 (Inspection of Systems or Components) and its Class C enhancements for the cloud service offering,MUST,Applies: government partition today; shared components under the 2026 Minimum Assessment Scope; commercial partition by company policy,ID.RA-09; GV.SC-05,SR-10,Official (NIST CSF 2.0 informative reference),"Planned: inspection of hardware on receipt for tampering (seals, firmware hash check), starting with government cluster purchases.",Purchasing records,Not met,No inspection program today,Low,Inspection checklist for receiving,VP Platform Engineering,2027-03-31,None
G-269,FedRAMP Rev5 Class C control list (FRC-CSF-BSL),"Rev5 Class C control list: SR-11 Component Authenticity with SR-11(1), SR-11(2)",Implement SR-11 (Component Authenticity) and its Class C enhancements for the cloud service offering,MUST,Applies: government partition today; shared components under the 2026 Minimum Assessment Scope; commercial partition by company policy,ID.RA-09,SR-11,Official (NIST CSF 2.0 informative reference),Components come from authorized distributors; service and repair only by authorized vendors (SR-11(2)).,Distributor list,Partially met,No anti-counterfeit training for platform engineers or reporting process (SR-11(1)),Low,Short training and a reporting route,VP Platform Engineering,2027-06-30,None
G-270,FedRAMP Rev5 Class C control list (FRC-CSF-BSL),Rev5 Class C control list: SR-12 Component Disposal,Implement SR-12 (Component Disposal) and its Class C enhancements for the cloud service offering,MUST,Applies: government partition today; shared components under the 2026 Minimum Assessment Scope; commercial partition by company policy,ID.AM-08,SR-12,Official (NIST CSF 2.0 informative reference),Components are disposed of through the certified destruction vendor (see MP-6).,Destruction certificates,Met,None,Very Low,None,VP Platform Engineering,,None
G-271,Bank service provider notification rule (C-IT-R05),12 CFR 53.4(a); 225.303(a); 304.24(a),"Notify at least one bank-designated point of contact at each affected bank as soon as possible after determining a computer-security incident has materially disrupted or degraded, or is reasonably likely to, covered services for 4 or more hours",MUST,Applies: 38 bank customers (bank service provider under 12 CFR 53.2(b)(2)),RS.CO-02; RS.CO-03,IR-6; IR-8,Author mapping,Notice step is in the 2024 plan; the 4-hour determination has never been exercised,Incident plan 2024; tabletop 2026-02,Partially met,Determination step untested; no evidence the NOC can identify affected banks quickly,High,Exercise the determination in both P08 tabletops; affected-bank lookup from the CMDB,Financial Services Account Director,2026-12-15,None
G-272,Bank service provider notification rule (C-IT-R05),12 CFR 53.4(a)(1); 225.303(a)(1); 304.24(a)(1),"Use the email address, phone number, or other contact the bank previously provided as its designated point of contact",MUST,Applies,RS.CO-02,IR-6,Author mapping,Designated contacts verified for 31 of 38 banks (last full verification 2025-11),Bank contact list; sample of 10 contacts called 2026-07,Partially met,7 banks unverified,Moderate,Verify all 38 and re-verify quarterly (R-022),Financial Services Account Director,2026-10-31,None
G-273,Bank service provider notification rule (C-IT-R05),12 CFR 53.4(a)(2); 225.303(a)(2); 304.24(a)(2),"Where no designated contact was provided, notify the bank's CEO and CIO, or two people of comparable responsibility, by any reasonable means",MUST,Applies,RS.CO-02,IR-6,Author mapping,Not in the procedure; executive contacts not kept,Incident plan 2024,Not met,No fallback contacts,Moderate,Keep CEO and CIO contacts for every bank; add the fallback to P08,Financial Services Account Director,2026-11-30,None
G-274,Bank service provider notification rule (C-IT-R05),12 CFR 53.4(b); 225.303(b); 304.24(b),"The notice duty does not apply to scheduled maintenance, testing, or software updates previously communicated to the bank",Exception,Applies,RS.CO-02,CM-3,Author mapping,Maintenance windows are announced 7 days ahead by email and on the status page,Maintenance notices 2026,Met,None,Very Low,None,Director of NOC and Customer Support,,None
G-275,Bank service provider notification rule (C-IT-R05),"12 CFR 53.2(b)(2), (b)(5); 225.301(b); 304.22(b)",Identify which services are covered services subject to the Bank Service Company Act for each bank,Definition,Applies,GV.OC-03,SA-9,Author mapping,"Bank addendum lists covered services (hosting, managed services, backup) per bank",Bank addendum,Met,None,Very Low,None,General Counsel,,None
G-276,DFARS 252.204-7012 flow-down (C-IT-R03),48 CFR 252.204-7012(b)(2)(ii)(D),Cloud provider used for covered defense information meets security requirements equivalent to the FedRAMP Moderate baseline,MUST (by flow-down),Applies: 19 defense contractors flow down the clause,GV.SC-05; GV.OC-03,CA-6; PL-10,Author mapping,FedRAMP Rev5 Moderate certification since 2024-05-20,Agency ATO letters; Marketplace listing,Met,"None, if the certification is kept through the 2026 transition (R-023)",Very Low,None,Federal Program Director,,None
G-277,DFARS 252.204-7012 flow-down (C-IT-R03),48 CFR 252.204-7012(c)(1),"When a cyber incident affects covered defense information, review for evidence of compromise and rapidly report (within 72 hours of discovery) to DoD",MUST (by flow-down),Applies,RS.CO-02; RS.AN-03,IR-6; IR-4,Author mapping,Customer contracts require notice to the customer; no written path for a report to DoD within 72 hours,Defense customer contracts; incident plan 2024,Partially met,No 72-hour DoD reporting path in the plan,High,DFARS path in P08: notify the defense customer and report through the DoD portal within 72 hours of discovery (R-034),Security Operations Manager,2026-12-15,None
G-278,DFARS 252.204-7012 flow-down (C-IT-R03),48 CFR 252.204-7012(c)(3),Hold a DoD-approved medium assurance certificate to report cyber incidents,MUST (by flow-down),Applies,RS.CO-02,IR-6; IA-5,Author mapping,No certificate held by the company,None,Not met,Cannot report directly to DoD,Moderate,Obtain a DoD-approved medium assurance certificate for the federal incident response coordinator and a backup,Security Operations Manager,2026-11-30,None
G-279,DFARS 252.204-7012 flow-down (C-IT-R03),48 CFR 252.204-7012(d),Submit isolated malicious software to the DoD Cyber Crime Center (DC3) as instructed,MUST (by flow-down),Applies,RS.AN-07,IR-4; SI-3,Author mapping,EDR quarantines samples; no submission procedure,EDR configuration,Not met,No procedure,Low,Add DC3 submission step to P08,Security Operations Manager,2026-12-15,None
G-280,DFARS 252.204-7012 flow-down (C-IT-R03),48 CFR 252.204-7012(e),Preserve images of known affected systems and relevant monitoring and packet capture data for at least 90 days from the report,MUST (by flow-down),Applies,RS.AN-07,AU-11; IR-4,Author mapping,Government logs kept 1 year online and 3 years archived; no imaging procedure for affected VMs and hosts,Retention settings,Partially met,No imaging and chain-of-custody procedure,Moderate,Imaging and preservation procedure in P08,Security Operations Manager,2026-12-15,None
G-281,DFARS 252.204-7012 flow-down (C-IT-R03),"48 CFR 252.204-7012(f), (g)","Give DoD access to information or equipment needed for forensic analysis, and support damage assessment",MUST (by flow-down),Applies,RS.AN-03; RS.CO-03,IR-4; IR-7,Author mapping,Contracts allow customer-directed access; no internal procedure,Defense customer contracts,Partially met,No procedure or owner,Low,Add DoD access and damage assessment steps to P08 with General Counsel approval,General Counsel,2026-12-15,None
G-282,FAR 52.204-21 (GSA Schedule contract),48 CFR 52.204-21(b)(1),Apply the 15 basic safeguarding requirements to covered contractor information systems that hold federal contract information,MUST,Applies to systems holding federal contract information,PR.AA-05; PR.DS-01,AC-2; AC-3; IA-2; SC-7; SI-2; MP-6,Author mapping,Covered by the Moderate controls of the government partition and corporate IT,P02,Met,None,Very Low,None,GRC Manager,,None
G-283,FAR 52.204-23 (GSA Schedule contract),48 CFR 52.204-23(c),"Report a covered article (Kaspersky Lab hardware, software, or services) found in use: within 3 business days of identification, then a further report within 10 business days",MUST,Applies,RS.CO-02; ID.AM-02,CM-8; SR-6,Author mapping,Software inventory would detect it; no reporting procedure,CMDB software inventory,Partially met,No written report procedure,Low,Add the clause clocks to P08 and the vendor onboarding check,General Counsel,2026-12-15,None
G-284,FAR 52.204-25 (GSA Schedule contract),48 CFR 52.204-25(d),"Report covered telecommunications equipment or services found in use: within 1 business day of identification, then a further report within 10 business days",MUST,Applies,RS.CO-02; ID.AM-01,CM-8; SR-6,Author mapping,Hardware purchasing excludes covered vendors; no reporting procedure,Purchasing standard,Partially met,No written report procedure,Low,Add the clause clocks to P08,General Counsel,2026-12-15,None
G-285,FAR 52.204-30 (GSA Schedule contract),48 CFR 52.204-30,"Report a FASCSA-covered article found in use: within 3 business days, then a further report within 10 business days; check SAM for FASCSA orders",MUST,Applies,RS.CO-02; GV.SC-04,SR-6; CM-8,Author mapping,Nobody checks for FASCSA orders,None,Not met,No FASCSA order check or report procedure,Low,Monthly check for FASCSA orders by the GRC team; clause clocks in P08,GRC Manager,2026-12-31,None
G-286,DOJ Data Security Program (C-IT-R04),28 CFR Part 202,Do not engage in prohibited or restricted transactions that give a country of concern or covered person access to bulk U.S. sensitive personal data or government-related data,MUST NOT,"Not triggered today; government-related data has no volume threshold, so every new vendor or contractor with access is checked",GV.SC-04; GV.SC-06,SA-9; PS-7; SR-6,Author mapping,All staff and contractors U.S.-based; government cluster access limited to U.S. persons; no vendor with offshore access to customer data,Vendor register; HR records,Met,None,Very Low,Add a Part 202 question to vendor and contractor onboarding (R-046),General Counsel,2026-12-31,None
G-287,Florida Information Protection Act (worked example of state law),Fla. Stat. 501.171(6),"As a third-party agent, notify the covered entity (the customer) of a breach of security within 10 days of determining it, or of having reason to believe it occurred; other states apply where affected individuals reside",MUST,Applies when the company maintains customers' personal information,RS.CO-02,IR-6,Author mapping,MSA notice within 72 hours of confirmation is stricter than 10 days; no matrix by customer type before P08,MSA; incident plan 2024,Partially met,No written notice matrix for state third-party agent duties,Moderate,P08 notification matrix (R-029),General Counsel,2026-12-15,None
