req_id,regulation,citation,requirement_summary,requirement_type,applies_at_this_tier,csf2_subcategories,sp800_53_controls,nist_official_sp800_53r5,crosswalk_source,current_state,evidence,status,gap_description,gap_risk_level,remediation_action,owner,target_date,pending_rule_change,sample_population,sample_size,sample_exceptions,scope_entities
G-001,Benchmark (not binding): NIST CSF 2.0 (N81-BM),CSF 2.0 GV.OC-01,The organizational mission is understood and informs cybersecurity risk management,Outcome (voluntary benchmark),Yes - voluntary benchmark adopted by the board,GV.OC-01,PM-11,PM-11,Official: NIST CSF 2.0 informative references to SP 800-53 Rev. 5.2.0 (00_universal-framework/crosswalks/csf2_to_sp800-53r5.csv). Key-control selection: author mapping,"Mission (trusted, fast repair of customers' devices and data) stated in the 2026 strategy and used to set BIA impact values",2026 strategy; P05 section 3,Met,,,,,,None,n/a (document review),n/a,n/a,Enterprise
G-002,Benchmark (not binding): NIST CSF 2.0 (N81-BM),CSF 2.0 GV.OC-02,"Internal and external stakeholders are understood, and their needs and expectations regarding cybersecurity risk management are understood and considered",Outcome (voluntary benchmark),Yes - voluntary benchmark adopted by the board,GV.OC-02,PM-9; PM-18; PM-30,PM-9; PM-18; PM-30; SR-3; SR-5; SR-6; SR-8,Official: NIST CSF 2.0 informative references to SP 800-53 Rev. 5.2.0 (00_universal-framework/crosswalks/csf2_to_sp800-53r5.csv). Key-control selection: author mapping,"Stakeholder register covers customers, manufacturers, SL-1 and SL-2 clients, the acquirer, regulators, and investors, with their security expectations",Stakeholder register; P09 section 1,Met,,,,,,None,n/a (document review),n/a,n/a,Enterprise
G-003,Benchmark (not binding): NIST CSF 2.0 (N81-BM),CSF 2.0 GV.OC-03,"Legal, regulatory, and contractual requirements regarding cybersecurity - including privacy and civil liberties obligations - are understood and managed",Outcome (voluntary benchmark),Yes - voluntary benchmark adopted by the board,GV.OC-03,AC-1; AT-1; AU-1,AC-1; AT-1; AU-1; CA-1; CM-1; CP-1; IA-1; IR-1; MA-1; MP-1; PE-1; PL-1; PM-1; PS-1; PT-1; RA-1; SA-1; SC-1; SI-1; SR-1; PM-28,Official: NIST CSF 2.0 informative references to SP 800-53 Rev. 5.2.0 (00_universal-framework/crosswalks/csf2_to_sp800-53r5.csv). Key-control selection: author mapping,"Legal, regulatory, and contractual requirements tracked in the GRC platform, including PCI DSS, state laws, SEC rules, and manufacturer terms",Obligations register,Partially met,SL-2 business associate duties under 38 BAAs not yet mapped to controls; California cybersecurity audit requirements not yet mapped,Moderate,Map BA duties and CCPA audit requirements into the obligations register (POAM-021; POAM-022),Chief Compliance Officer,2026-12-31,None,38 BAAs,38 (all),BAA inventory incomplete for 11,Enterprise; SL-2
G-004,Benchmark (not binding): NIST CSF 2.0 (N81-BM),CSF 2.0 GV.OC-04,"Critical objectives, capabilities, and services that external stakeholders depend on or expect from the organization are understood and communicated",Outcome (voluntary benchmark),Yes - voluntary benchmark adopted by the board,GV.OC-04,PM-8; PM-11; CP-2(8),PM-8; PM-11; CP-2(8); PM-30(1); RA-9,Official: NIST CSF 2.0 informative references to SP 800-53 Rev. 5.2.0 (00_universal-framework/crosswalks/csf2_to_sp800-53r5.csv). Key-control selection: author mapping,"Critical services that clients and customers depend on are defined in the BIA and client agreements (SL-1 API availability, SL-2 turnaround)",P05; client agreements,Met,,,,,,None,n/a (document review),n/a,n/a,Enterprise
G-005,Benchmark (not binding): NIST CSF 2.0 (N81-BM),CSF 2.0 GV.OC-05,"Outcomes, capabilities, and services that the organization depends on are understood and communicated",Outcome (voluntary benchmark),Yes - voluntary benchmark adopted by the board,GV.OC-05,PM-11; PM-30; RA-7,PM-11; PM-30; RA-7; SA-9; SR-5,Official: NIST CSF 2.0 informative references to SP 800-53 Rev. 5.2.0 (00_universal-framework/crosswalks/csf2_to_sp800-53r5.csv). Key-control selection: author mapping,"Dependencies on processors, manufacturers, couriers, and clouds mapped in the dependency map",P05 dependency-map.csv,Met,,,,,,None,n/a (document review),n/a,n/a,Enterprise
G-006,Benchmark (not binding): NIST CSF 2.0 (N81-BM),CSF 2.0 GV.RM-01,Risk management objectives are established and agreed to by organizational stakeholders,Outcome (voluntary benchmark),Yes - voluntary benchmark adopted by the board,GV.RM-01,PM-9; RA-7; SR-2,PM-9; RA-7; SR-2,Official: NIST CSF 2.0 informative references to SP 800-53 Rev. 5.2.0 (00_universal-framework/crosswalks/csf2_to_sp800-53r5.csv). Key-control selection: author mapping,Risk management objectives approved by the board and embedded in ERM,Board minutes 2026-02; P01 section 1,Met,,,,,,None,n/a (document review),n/a,n/a,Enterprise
G-007,Benchmark (not binding): NIST CSF 2.0 (N81-BM),CSF 2.0 GV.RM-02,"Risk appetite and risk tolerance statements are established, communicated, and maintained",Outcome (voluntary benchmark),Yes - voluntary benchmark adopted by the board,GV.RM-02,PM-9,PM-9,Official: NIST CSF 2.0 informative references to SP 800-53 Rev. 5.2.0 (00_universal-framework/crosswalks/csf2_to_sp800-53r5.csv). Key-control selection: author mapping,Board-approved appetite and per-enterprise-risk tolerance thresholds,P01 section 1,Met,,,,,,None,n/a (document review),n/a,n/a,Enterprise
G-008,Benchmark (not binding): NIST CSF 2.0 (N81-BM),CSF 2.0 GV.RM-03,Cybersecurity risk management activities and outcomes are included in enterprise risk management processes,Outcome (voluntary benchmark),Yes - voluntary benchmark adopted by the board,GV.RM-03,PM-3; PM-9; PM-30,PM-3; PM-9; PM-30; RA-7; SA-24; SR-2,Official: NIST CSF 2.0 informative references to SP 800-53 Rev. 5.2.0 (00_universal-framework/crosswalks/csf2_to_sp800-53r5.csv). Key-control selection: author mapping,Cybersecurity risks roll up into 8 enterprise risks (NIST IR 8286),P01 section 4,Met,,,,,,None,n/a (document review),n/a,n/a,Enterprise
G-009,Benchmark (not binding): NIST CSF 2.0 (N81-BM),CSF 2.0 GV.RM-04,Strategic direction that describes appropriate risk response options is established and communicated,Outcome (voluntary benchmark),Yes - voluntary benchmark adopted by the board,GV.RM-04,PM-9; PM-28; PM-30,PM-9; PM-28; PM-30; SR-2,Official: NIST CSF 2.0 informative references to SP 800-53 Rev. 5.2.0 (00_universal-framework/crosswalks/csf2_to_sp800-53r5.csv). Key-control selection: author mapping,Risk response options and acceptance authorities defined in STD-01.1,STD-01.1; P01 section 1,Met,,,,,,None,n/a (document review),n/a,n/a,Enterprise
G-010,Benchmark (not binding): NIST CSF 2.0 (N81-BM),CSF 2.0 GV.RM-05,"Lines of communication across the organization are established for cybersecurity risks, including risks from suppliers and other third parties",Outcome (voluntary benchmark),Yes - voluntary benchmark adopted by the board,GV.RM-05,PM-9; PM-30,PM-9; PM-30,Official: NIST CSF 2.0 informative references to SP 800-53 Rev. 5.2.0 (00_universal-framework/crosswalks/csf2_to_sp800-53r5.csv). Key-control selection: author mapping,"Escalation lines from stores, depots, and the SOC to the CISO, executive risk committee, and board",POL-01; STD-03.1,Met,,,,,,None,n/a (document review),n/a,n/a,Enterprise
G-011,Benchmark (not binding): NIST CSF 2.0 (N81-BM),CSF 2.0 GV.RM-06,"A standardized method for calculating, documenting, categorizing, and prioritizing cybersecurity risks is established and communicated",Outcome (voluntary benchmark),Yes - voluntary benchmark adopted by the board,GV.RM-06,PM-9; PM-18; PM-28,PM-9; PM-18; PM-28; PM-30; RA-3,Official: NIST CSF 2.0 informative references to SP 800-53 Rev. 5.2.0 (00_universal-framework/crosswalks/csf2_to_sp800-53r5.csv). Key-control selection: author mapping,SP 800-30 tables used for every risk; computed by script,P01 method,Met,,,,,,None,n/a (document review),n/a,n/a,Enterprise
G-012,Benchmark (not binding): NIST CSF 2.0 (N81-BM),CSF 2.0 GV.RM-07,"Strategic opportunities (i.e., positive risks) are characterized and are included in organizational cybersecurity risk discussions",Outcome (voluntary benchmark),Yes - voluntary benchmark adopted by the board,GV.RM-07,PM-9; PM-18; PM-28,PM-9; PM-18; PM-28; PM-30; RA-3,Official: NIST CSF 2.0 informative references to SP 800-53 Rev. 5.2.0 (00_universal-framework/crosswalks/csf2_to_sp800-53r5.csv). Key-control selection: author mapping,"Opportunities (AI diagnostics, faster SL-2 onboarding) considered in business cases",Business cases,Partially met,No consistent method to record positive risks in the register,Low,Add opportunity fields to the ERM template,Chief Risk Officer,2027-06-30,None,n/a (document review),n/a,n/a,Enterprise
G-013,Benchmark (not binding): NIST CSF 2.0 (N81-BM),CSF 2.0 GV.RR-01,"Organizational leadership is responsible and accountable for cybersecurity risk and fosters a culture that is risk-aware, ethical, and continually improving",Outcome (voluntary benchmark),Yes - voluntary benchmark adopted by the board,GV.RR-01,PM-2; PM-19; PM-23,PM-2; PM-19; PM-23; PM-24; PM-29,Official: NIST CSF 2.0 informative references to SP 800-53 Rev. 5.2.0 (00_universal-framework/crosswalks/csf2_to_sp800-53r5.csv). Key-control selection: author mapping,CEO and board accountable; CISO reports quarterly to the risk and technology committee,Committee charters; minutes,Met,,,,,,None,n/a (document review),n/a,n/a,Enterprise
G-014,Benchmark (not binding): NIST CSF 2.0 (N81-BM),CSF 2.0 GV.RR-02,"Roles, responsibilities, and authorities related to cybersecurity risk management are established, communicated, understood, and enforced",Outcome (voluntary benchmark),Yes - voluntary benchmark adopted by the board,GV.RR-02,PM-2; PM-13; PM-19,PM-2; PM-13; PM-19; PM-23; PM-24; PM-29,Official: NIST CSF 2.0 informative references to SP 800-53 Rev. 5.2.0 (00_universal-framework/crosswalks/csf2_to_sp800-53r5.csv). Key-control selection: author mapping,Roles defined in POL-01 and RACI charts; HIPAA security official named for SL-2,POL-01 section 3,Met,,,,,,None,n/a (document review),n/a,n/a,Enterprise
G-015,Benchmark (not binding): NIST CSF 2.0 (N81-BM),CSF 2.0 GV.RR-03,"Adequate resources are allocated commensurate with the cybersecurity risk strategy, roles, responsibilities, and policies",Outcome (voluntary benchmark),Yes - voluntary benchmark adopted by the board,GV.RR-03,PM-3,PM-3,Official: NIST CSF 2.0 informative references to SP 800-53 Rev. 5.2.0 (00_universal-framework/crosswalks/csf2_to_sp800-53r5.csv). Key-control selection: author mapping,Security budget set from the risk register; $9.1 million treatment funding approved,Budget approval 2026-09-08,Met,,,,,,None,n/a (document review),n/a,n/a,Enterprise
G-016,Benchmark (not binding): NIST CSF 2.0 (N81-BM),CSF 2.0 GV.RR-04,Cybersecurity is included in human resources practices,Outcome (voluntary benchmark),Yes - voluntary benchmark adopted by the board,GV.RR-04,PM-13; PS-1; PS-7,PM-13; PS-1; PS-7; PS-9,Official: NIST CSF 2.0 informative references to SP 800-53 Rev. 5.2.0 (00_universal-framework/crosswalks/csf2_to_sp800-53r5.csv). Key-control selection: author mapping,"Screening, onboarding, training, and sanctions in HR processes",HR procedures; sanctions log,Partially met,"About 2,100 technicians hired before 2024 have not signed the current confidentiality agreement",Moderate,Re-sign campaign (POAM-005),Chief Human Resources Officer,2026-12-31,None,"About 6,000 technicians",60 (random),14 without current agreement,Core stores; depots
G-017,Benchmark (not binding): NIST CSF 2.0 (N81-BM),CSF 2.0 GV.PO-01,"Policy for managing cybersecurity risks is established based on organizational context, cybersecurity strategy, and priorities and is communicated and enforced",Outcome (voluntary benchmark),Yes - voluntary benchmark adopted by the board,GV.PO-01,AC-1; AT-1; AU-1,AC-1; AT-1; AU-1; CA-1; CM-1; CP-1; IA-1; IR-1; MA-1; MP-1; PE-1; PL-1; PM-1; PS-1; PT-1; RA-1; SA-1; SC-1; SI-1; SR-1,Official: NIST CSF 2.0 informative references to SP 800-53 Rev. 5.2.0 (00_universal-framework/crosswalks/csf2_to_sp800-53r5.csv). Key-control selection: author mapping,"Policy hierarchy with 5 policies, standards, and procedures (P06)",P06,Met,,,,,,None,n/a (document review),n/a,n/a,Enterprise
G-018,Benchmark (not binding): NIST CSF 2.0 (N81-BM),CSF 2.0 GV.PO-02,"Policy for managing cybersecurity risks is reviewed, updated, communicated, and enforced to reflect changes in requirements, threats, technology, and organizational mission",Outcome (voluntary benchmark),Yes - voluntary benchmark adopted by the board,GV.PO-02,AC-1; AT-1; AU-1,AC-1; AT-1; AU-1; CA-1; CM-1; CP-1; IA-1; IR-1; MA-1; MP-1; PE-1; PL-1; PM-1; PS-1; PT-1; RA-1; SA-1; SC-1; SI-1; SR-1,Official: NIST CSF 2.0 informative references to SP 800-53 Rev. 5.2.0 (00_universal-framework/crosswalks/csf2_to_sp800-53r5.csv). Key-control selection: author mapping,Annual review; exceptions process; attestation,policy-hierarchy.md,Met,,,,,,None,n/a (document review),n/a,n/a,Enterprise
G-019,Benchmark (not binding): NIST CSF 2.0 (N81-BM),CSF 2.0 GV.OV-01,Cybersecurity risk management strategy outcomes are reviewed to inform and adjust strategy and direction,Outcome (voluntary benchmark),Yes - voluntary benchmark adopted by the board,GV.OV-01,AC-1; AT-1; AU-1,AC-1; AT-1; AU-1; CA-1; CM-1; CP-1; IA-1; IR-1; MA-1; MP-1; PE-1; PL-1; PM-1; PS-1; PT-1; RA-1; SA-1; SC-1; SI-1; SR-1; PM-9; PM-18; PM-30; PM-31; RA-7; SR-6,Official: NIST CSF 2.0 informative references to SP 800-53 Rev. 5.2.0 (00_universal-framework/crosswalks/csf2_to_sp800-53r5.csv). Key-control selection: author mapping,Board reviews outcomes quarterly and adjusts treatment funding,Minutes,Met,,,,,,None,n/a (document review),n/a,n/a,Enterprise
G-020,Benchmark (not binding): NIST CSF 2.0 (N81-BM),CSF 2.0 GV.OV-02,The cybersecurity risk management strategy is reviewed and adjusted to ensure coverage of organizational requirements and risks,Outcome (voluntary benchmark),Yes - voluntary benchmark adopted by the board,GV.OV-02,PM-9; PM-19; PM-30,PM-9; PM-19; PM-30; PM-31; RA-7; SR-6,Official: NIST CSF 2.0 informative references to SP 800-53 Rev. 5.2.0 (00_universal-framework/crosswalks/csf2_to_sp800-53r5.csv). Key-control selection: author mapping,Strategy reviewed annually,Strategy review 2026-02,Partially met,"Strategy did not cover the acquired chain until 2026-02, three months after closing",Low,Security integration plan approved before closing for future deals (POL-01 4.10),Chief Risk Officer,2026-12-31,None,n/a (document review),n/a,n/a,Enterprise
G-021,Benchmark (not binding): NIST CSF 2.0 (N81-BM),CSF 2.0 GV.OV-03,Organizational cybersecurity risk management performance is evaluated and reviewed for adjustments needed,Outcome (voluntary benchmark),Yes - voluntary benchmark adopted by the board,GV.OV-03,PM-4; PM-6; RA-7,PM-4; PM-6; RA-7; SR-6,Official: NIST CSF 2.0 informative references to SP 800-53 Rev. 5.2.0 (00_universal-framework/crosswalks/csf2_to_sp800-53r5.csv). Key-control selection: author mapping,Program metrics reviewed monthly by the CISO and quarterly by the board,Metric packages,Met,,,,,,None,n/a (document review),n/a,n/a,Enterprise
G-022,Benchmark (not binding): NIST CSF 2.0 (N81-BM),CSF 2.0 GV.SC-01,"A cybersecurity supply chain risk management program, strategy, objectives, policies, and processes are established and agreed to by organizational stakeholders",Outcome (voluntary benchmark),Yes - voluntary benchmark adopted by the board,GV.SC-01,PM-30; SR-2; SR-3,PM-30; SR-2; SR-3,Official: NIST CSF 2.0 informative references to SP 800-53 Rev. 5.2.0 (00_universal-framework/crosswalks/csf2_to_sp800-53r5.csv). Key-control selection: author mapping,Third-party risk program with tiering and standards (STD-01.3),STD-01.3,Met,,,,,,None,n/a (document review),n/a,n/a,Enterprise
G-023,Benchmark (not binding): NIST CSF 2.0 (N81-BM),CSF 2.0 GV.SC-02,"Cybersecurity roles and responsibilities for suppliers, customers, and partners are established, communicated, and coordinated internally and externally",Outcome (voluntary benchmark),Yes - voluntary benchmark adopted by the board,GV.SC-02,SR-2; SR-3; SR-5,SR-2; SR-3; SR-5,Official: NIST CSF 2.0 informative references to SP 800-53 Rev. 5.2.0 (00_universal-framework/crosswalks/csf2_to_sp800-53r5.csv). Key-control selection: author mapping,Roles for suppliers defined in contracts; TPSP responsibility matrices for PCI DSS,Contracts; matrices,Partially met,11 of 58 TPSPs lack a written responsibility matrix,Moderate,Matrices for all TPSPs (POAM-014),Director of Third-Party Risk Management,2026-12-15,None,58 TPSPs,58 (all),11 without matrix,Enterprise
G-024,Benchmark (not binding): NIST CSF 2.0 (N81-BM),CSF 2.0 GV.SC-03,"Cybersecurity supply chain risk management is integrated into cybersecurity and enterprise risk management, risk assessment, and improvement processes",Outcome (voluntary benchmark),Yes - voluntary benchmark adopted by the board,GV.SC-03,AC-1; AT-1; AU-1,AC-1; AT-1; AU-1; CA-1; CM-1; CP-1; IA-1; IR-1; MA-1; MP-1; PE-1; PL-1; PM-1; PS-1; PT-1; RA-1; SA-1; SC-1; SI-1; SR-1; PM-9; PM-18; PM-30; PM-31; SR-2; SR-3; RA-3; RA-7,Official: NIST CSF 2.0 informative references to SP 800-53 Rev. 5.2.0 (00_universal-framework/crosswalks/csf2_to_sp800-53r5.csv). Key-control selection: author mapping,Supply chain risks are in the enterprise register (ER-04),P01,Met,,,,,,None,n/a (document review),n/a,n/a,Enterprise
G-025,Benchmark (not binding): NIST CSF 2.0 (N81-BM),CSF 2.0 GV.SC-04,Suppliers are known and prioritized by criticality,Outcome (voluntary benchmark),Yes - voluntary benchmark adopted by the board,GV.SC-04,RA-9; SA-9; SR-6,RA-9; SA-9; SR-6,Official: NIST CSF 2.0 informative references to SP 800-53 Rev. 5.2.0 (00_universal-framework/crosswalks/csf2_to_sp800-53r5.csv). Key-control selection: author mapping,"About 1,300 vendors tiered by criticality and data access",Vendor register,Met,,,,,,None,n/a (document review),n/a,n/a,Enterprise
G-026,Benchmark (not binding): NIST CSF 2.0 (N81-BM),CSF 2.0 GV.SC-05,"Requirements to address cybersecurity risks in supply chains are established, prioritized, and integrated into contracts and other types of agreements with suppliers and other relevant third parties",Outcome (voluntary benchmark),Yes - voluntary benchmark adopted by the board,GV.SC-05,SA-4; SA-9; SR-3,SA-4; SA-9; SR-3; SR-5; SR-6; SR-10,Official: NIST CSF 2.0 informative references to SP 800-53 Rev. 5.2.0 (00_universal-framework/crosswalks/csf2_to_sp800-53r5.csv). Key-control selection: author mapping,Security requirements in standard contract terms,Contract templates,Partially met,9 of 26 downstream recyclers and refurbishers lack data protection terms; 6 legacy AC vendor contracts lack breach notice terms,Moderate,Amend contracts (POAM-015),Director of Third-Party Risk Management,2027-03-31,None,26 downstream vendors; 41 AC vendor contracts,100%,9 and 6,Enterprise; AC
G-027,Benchmark (not binding): NIST CSF 2.0 (N81-BM),CSF 2.0 GV.SC-06,Planning and due diligence are performed to reduce risks before entering into formal supplier or other third-party relationships,Outcome (voluntary benchmark),Yes - voluntary benchmark adopted by the board,GV.SC-06,SA-4; SA-9; SR-5,SA-4; SA-9; SR-5; SR-6,Official: NIST CSF 2.0 informative references to SP 800-53 Rev. 5.2.0 (00_universal-framework/crosswalks/csf2_to_sp800-53r5.csv). Key-control selection: author mapping,Due diligence before onboarding tier-1 and tier-2 vendors,Due diligence records,Met,,,,,,None,n/a (document review),n/a,n/a,Enterprise
G-028,Benchmark (not binding): NIST CSF 2.0 (N81-BM),CSF 2.0 GV.SC-07,"The risks posed by a supplier, their products and services, and other third parties are understood, recorded, prioritized, assessed, responded to, and monitored over the course of the relationship",Outcome (voluntary benchmark),Yes - voluntary benchmark adopted by the board,GV.SC-07,RA-9; SA-4; SA-9,RA-9; SA-4; SA-9; SR-3; SR-6,Official: NIST CSF 2.0 informative references to SP 800-53 Rev. 5.2.0 (00_universal-framework/crosswalks/csf2_to_sp800-53r5.csv). Key-control selection: author mapping,Annual reassessment of tier-1 vendors; AOC collection for TPSPs,AOC tracker,Partially met,7 of 58 TPSP AOCs expired at fieldwork,Moderate,Collect AOCs; escalation rule (POAM-014),Director of Third-Party Risk Management,2026-12-15,None,58 TPSPs,58 (all),7 expired AOCs,Enterprise
G-029,Benchmark (not binding): NIST CSF 2.0 (N81-BM),CSF 2.0 GV.SC-08,"Relevant suppliers and other third parties are included in incident planning, response, and recovery activities",Outcome (voluntary benchmark),Yes - voluntary benchmark adopted by the board,GV.SC-08,SA-4; SA-9; SR-2,SA-4; SA-9; SR-2; SR-3; SR-8; CP-1; IR-1,Official: NIST CSF 2.0 informative references to SP 800-53 Rev. 5.2.0 (00_universal-framework/crosswalks/csf2_to_sp800-53r5.csv). Key-control selection: author mapping,"Key suppliers included in incident plans (processor, clouds, couriers, notification provider)",P08 contacts,Met,,,,,,None,n/a (document review),n/a,n/a,Enterprise
G-030,Benchmark (not binding): NIST CSF 2.0 (N81-BM),CSF 2.0 GV.SC-09,"Supply chain security practices are integrated into cybersecurity and enterprise risk management programs, and their performance is monitored throughout the technology product and service life cycle",Outcome (voluntary benchmark),Yes - voluntary benchmark adopted by the board,GV.SC-09,PM-9; PM-19; PM-28,PM-9; PM-19; PM-28; PM-30; PM-31; RA-3; RA-7; SA-4; SA-9; SR-2; SR-3; SR-5; SR-6,Official: NIST CSF 2.0 informative references to SP 800-53 Rev. 5.2.0 (00_universal-framework/crosswalks/csf2_to_sp800-53r5.csv). Key-control selection: author mapping,Supply chain metrics reported in ERM,P01,Met,,,,,,None,n/a (document review),n/a,n/a,Enterprise
G-031,Benchmark (not binding): NIST CSF 2.0 (N81-BM),CSF 2.0 GV.SC-10,Cybersecurity supply chain risk management plans include provisions for activities that occur after the conclusion of a partnership or service agreement,Outcome (voluntary benchmark),Yes - voluntary benchmark adopted by the board,GV.SC-10,PM-31; RA-3; RA-5,PM-31; RA-3; RA-5; RA-7; SA-4; SA-9; SR-2; SR-3; SR-5; SR-6,Official: NIST CSF 2.0 informative references to SP 800-53 Rev. 5.2.0 (00_universal-framework/crosswalks/csf2_to_sp800-53r5.csv). Key-control selection: author mapping,Exit and transition terms for tier-1 vendors,Contracts,Partially met,"Processor and courier fallbacks untested (P05 DEP-03, DEP-11)",Moderate,Fallback tests (POAM-020),"Vice President, Payments",2027-03-31,None,n/a (document review),n/a,n/a,Enterprise
G-032,Benchmark (not binding): NIST CSF 2.0 (N81-BM),CSF 2.0 ID.AM-01,Inventories of hardware managed by the organization are maintained,Outcome (voluntary benchmark),Yes - voluntary benchmark adopted by the board,ID.AM-01,CM-8; PM-5,CM-8; PM-5,Official: NIST CSF 2.0 informative references to SP 800-53 Rev. 5.2.0 (00_universal-framework/crosswalks/csf2_to_sp800-53r5.csv). Key-control selection: author mapping,Hardware inventory from device management and network discovery; PIN pad inventory reconciled with the processor,CMDB; PIN pad inventory,Partially met,Spare PIN pads at 37 core stores could not be located; AC hardware inventory incomplete,Moderate,PIN pad reconciliation (POAM-023); AC discovery at conversion,"Senior Vice President, Store Operations",2026-12-15,None,"About 3,100 PIN pads at 960 core stores (full reconciliation with the processor list)",100%,Spares unlocated at 37 stores,Core stores; AC
G-033,Benchmark (not binding): NIST CSF 2.0 (N81-BM),CSF 2.0 ID.AM-02,"Inventories of software, services, and systems managed by the organization are maintained",Outcome (voluntary benchmark),Yes - voluntary benchmark adopted by the board,ID.AM-02,AC-20; CM-8; PM-5,AC-20; CM-8; PM-5; SA-5; SA-9,Official: NIST CSF 2.0 informative references to SP 800-53 Rev. 5.2.0 (00_universal-framework/crosswalks/csf2_to_sp800-53r5.csv). Key-control selection: author mapping,Software and services inventory from the CMDB and SaaS discovery,CMDB,Met,,,,,,None,n/a (document review),n/a,n/a,Enterprise
G-034,Benchmark (not binding): NIST CSF 2.0 (N81-BM),CSF 2.0 ID.AM-03,Representations of the organization's authorized network communication and internal and external network data flows are maintained,Outcome (voluntary benchmark),Yes - voluntary benchmark adopted by the board,ID.AM-03,AC-4; CA-3; CA-9,AC-4; CA-3; CA-9; PL-2; PL-8; PM-7,Official: NIST CSF 2.0 informative references to SP 800-53 Rev. 5.2.0 (00_universal-framework/crosswalks/csf2_to_sp800-53r5.csv). Key-control selection: author mapping,"Network and data flow diagrams for core stores, clouds, and the cardholder data environment",Diagrams,Partially met,No current diagrams for AC store networks,Moderate,AC diagrams before wave 1 (POAM-002),Director of Network Engineering,2026-11-15,None,n/a (document review),n/a,n/a,AC
G-035,Benchmark (not binding): NIST CSF 2.0 (N81-BM),CSF 2.0 ID.AM-04,Inventories of services provided by suppliers are maintained,Outcome (voluntary benchmark),Yes - voluntary benchmark adopted by the board,ID.AM-04,AC-20; SA-9; SR-2,AC-20; SA-9; SR-2,Official: NIST CSF 2.0 informative references to SP 800-53 Rev. 5.2.0 (00_universal-framework/crosswalks/csf2_to_sp800-53r5.csv). Key-control selection: author mapping,Inventory of supplier services in the vendor register,Vendor register,Met,,,,,,None,n/a (document review),n/a,n/a,Enterprise
G-036,Benchmark (not binding): NIST CSF 2.0 (N81-BM),CSF 2.0 ID.AM-05,"Assets are prioritized based on classification, criticality, resources, and impact on the mission",Outcome (voluntary benchmark),Yes - voluntary benchmark adopted by the board,ID.AM-05,RA-3; RA-9; RA-2,RA-3; RA-9; RA-2,Official: NIST CSF 2.0 informative references to SP 800-53 Rev. 5.2.0 (00_universal-framework/crosswalks/csf2_to_sp800-53r5.csv). Key-control selection: author mapping,Assets prioritized using BIA criticality and data classification,P05; POL-04,Met,,,,,,None,n/a (document review),n/a,n/a,Enterprise
G-037,Benchmark (not binding): NIST CSF 2.0 (N81-BM),CSF 2.0 ID.AM-07,Inventories of data and corresponding metadata for designated data types are maintained,Outcome (voluntary benchmark),Yes - voluntary benchmark adopted by the board,ID.AM-07,CM-12; CM-13; SI-12,CM-12; CM-13; SI-12,Official: NIST CSF 2.0 informative references to SP 800-53 Rev. 5.2.0 (00_universal-framework/crosswalks/csf2_to_sp800-53r5.csv). Key-control selection: author mapping,"Data inventory for customer, card, and client data",Data inventory,Partially met,Free-text notes hold passcode-like strings outside the inventoried passcode field,High,Purge and pattern blocking (POAM-003),Chief Digital Officer,2026-11-30,None,31 million customer records,100% (DLP scan),"About 212,000 tickets with passcode strings; 1,140 with card numbers",STPP
G-038,Benchmark (not binding): NIST CSF 2.0 (N81-BM),CSF 2.0 ID.AM-08,"Systems, hardware, software, services, and data are managed throughout their life cycles",Outcome (voluntary benchmark),Yes - voluntary benchmark adopted by the board,ID.AM-08,CM-9; CM-13; MA-2,CM-9; CM-13; MA-2; MA-6; PL-2; PM-22; PM-23; SA-3; SA-4; SA-8; SA-22; SI-12; SI-18; SR-5; SR-12,Official: NIST CSF 2.0 informative references to SP 800-53 Rev. 5.2.0 (00_universal-framework/crosswalks/csf2_to_sp800-53r5.csv). Key-control selection: author mapping,"Life cycle rules for systems, data, and customer devices; SP 800-88 Rev. 2 sanitization standard",STD-04.3; sanitization records,Partially met,Depot West lacks per-device verification; 180 TB of old recovered data; AC passcodes retained,High,POAM-006; POAM-016; POAM-004,"Senior Vice President, Depot and Lab Operations",2026-12-31,None,About 2.1 million devices sanitized a year,60 Depot West records (random) plus 25 retired tablets,2 of 25 tablets without record; 0 of 60 failed verification,Depots
G-039,Benchmark (not binding): NIST CSF 2.0 (N81-BM),CSF 2.0 ID.RA-01,"Vulnerabilities in assets are identified, validated, and recorded",Outcome (voluntary benchmark),Yes - voluntary benchmark adopted by the board,ID.RA-01,CA-2; CA-7; CA-8,CA-2; CA-7; CA-8; RA-3; RA-5; SA-11(2); SA-15(7); SA-15(8); SI-4; SI-5,Official: NIST CSF 2.0 informative references to SP 800-53 Rev. 5.2.0 (00_universal-framework/crosswalks/csf2_to_sp800-53r5.csv). Key-control selection: author mapping,"Vulnerability scanning of cloud, store, and endpoint assets; annual penetration test",Scan and test reports,Met,,,,,,None,n/a (document review),n/a,n/a,Enterprise
G-040,Benchmark (not binding): NIST CSF 2.0 (N81-BM),CSF 2.0 ID.RA-02,Cyber threat intelligence is received from information sharing forums and sources,Outcome (voluntary benchmark),Yes - voluntary benchmark adopted by the board,ID.RA-02,SI-5; PM-15; PM-16,SI-5; PM-15; PM-16,Official: NIST CSF 2.0 informative references to SP 800-53 Rev. 5.2.0 (00_universal-framework/crosswalks/csf2_to_sp800-53r5.csv). Key-control selection: author mapping,Threat intelligence from a retail sharing community and commercial feeds,Subscriptions; weekly reports,Met,,,,,,None,n/a (document review),n/a,n/a,Enterprise
G-041,Benchmark (not binding): NIST CSF 2.0 (N81-BM),CSF 2.0 ID.RA-03,Internal and external threats to the organization are identified and recorded,Outcome (voluntary benchmark),Yes - voluntary benchmark adopted by the board,ID.RA-03,PM-12; PM-16; RA-3,PM-12; PM-16; RA-3; SI-5,Official: NIST CSF 2.0 informative references to SP 800-53 Rev. 5.2.0 (00_universal-framework/crosswalks/csf2_to_sp800-53r5.csv). Key-control selection: author mapping,Threats recorded in the register and threat models,P01; threat models,Met,,,,,,None,n/a (document review),n/a,n/a,Enterprise
G-042,Benchmark (not binding): NIST CSF 2.0 (N81-BM),CSF 2.0 ID.RA-04,Potential impacts and likelihoods of threats exploiting vulnerabilities are identified and recorded,Outcome (voluntary benchmark),Yes - voluntary benchmark adopted by the board,ID.RA-04,PM-9; PM-11; RA-2,PM-9; PM-11; RA-2; RA-3; RA-8; RA-9,Official: NIST CSF 2.0 informative references to SP 800-53 Rev. 5.2.0 (00_universal-framework/crosswalks/csf2_to_sp800-53r5.csv). Key-control selection: author mapping,Likelihood and impact rated with SP 800-30,P01,Met,,,,,,None,n/a (document review),n/a,n/a,Enterprise
G-043,Benchmark (not binding): NIST CSF 2.0 (N81-BM),CSF 2.0 ID.RA-05,"Threats, vulnerabilities, likelihoods, and impacts are used to understand inherent risk and inform risk response prioritization",Outcome (voluntary benchmark),Yes - voluntary benchmark adopted by the board,ID.RA-05,PM-16; RA-2; RA-3,PM-16; RA-2; RA-3; RA-7,Official: NIST CSF 2.0 informative references to SP 800-53 Rev. 5.2.0 (00_universal-framework/crosswalks/csf2_to_sp800-53r5.csv). Key-control selection: author mapping,Inherent risk and priority computed with Tables G-5 and I-2,P01,Met,,,,,,None,n/a (document review),n/a,n/a,Enterprise
G-044,Benchmark (not binding): NIST CSF 2.0 (N81-BM),CSF 2.0 ID.RA-06,"Risk responses are chosen, prioritized, planned, tracked, and communicated",Outcome (voluntary benchmark),Yes - voluntary benchmark adopted by the board,ID.RA-06,PM-9; PM-18; PM-30,PM-9; PM-18; PM-30; RA-7,Official: NIST CSF 2.0 informative references to SP 800-53 Rev. 5.2.0 (00_universal-framework/crosswalks/csf2_to_sp800-53r5.csv). Key-control selection: author mapping,"Treatments planned, tracked, and reported to the board",P01; P07 POA&M,Met,,,,,,None,n/a (document review),n/a,n/a,Enterprise
G-045,Benchmark (not binding): NIST CSF 2.0 (N81-BM),CSF 2.0 ID.RA-07,"Changes and exceptions are managed, assessed for risk impact, recorded, and tracked",Outcome (voluntary benchmark),Yes - voluntary benchmark adopted by the board,ID.RA-07,CA-7; CM-3; CM-4,CA-7; CM-3; CM-4,Official: NIST CSF 2.0 informative references to SP 800-53 Rev. 5.2.0 (00_universal-framework/crosswalks/csf2_to_sp800-53r5.csv). Key-control selection: author mapping,Changes and exceptions assessed and recorded,Change records; exception register,Met,,,,,,None,n/a (document review),n/a,n/a,Enterprise
G-046,Benchmark (not binding): NIST CSF 2.0 (N81-BM),CSF 2.0 ID.RA-08,"Processes for receiving, analyzing, and responding to vulnerability disclosures are established",Outcome (voluntary benchmark),Yes - voluntary benchmark adopted by the board,ID.RA-08,RA-5,RA-5,Official: NIST CSF 2.0 informative references to SP 800-53 Rev. 5.2.0 (00_universal-framework/crosswalks/csf2_to_sp800-53r5.csv). Key-control selection: author mapping,Vulnerability disclosure program on the website; triage by the SOC,Disclosure page; case records,Met,,,,,,None,n/a (document review),n/a,n/a,Enterprise
G-047,Benchmark (not binding): NIST CSF 2.0 (N81-BM),CSF 2.0 ID.RA-09,The authenticity and integrity of hardware and software are assessed prior to acquisition and use,Outcome (voluntary benchmark),Yes - voluntary benchmark adopted by the board,ID.RA-09,SA-4; SA-5; SA-10,SA-4; SA-5; SA-10; SA-11; SA-15; SA-17; SI-7; SR-5; SR-6; SR-10; SR-11,Official: NIST CSF 2.0 informative references to SP 800-53 Rev. 5.2.0 (00_universal-framework/crosswalks/csf2_to_sp800-53r5.csv). Key-control selection: author mapping,Parts traceability by serial number; signed software images,Parts records,Partially met,No integrity attestation for firmware-bearing parts from secondary suppliers,Low,Supplier attestation (P01 R-037),"Senior Vice President, Supply Chain",2027-06-30,None,n/a (document review),n/a,n/a,Enterprise
G-048,Benchmark (not binding): NIST CSF 2.0 (N81-BM),CSF 2.0 ID.RA-10,Critical suppliers are assessed prior to acquisition,Outcome (voluntary benchmark),Yes - voluntary benchmark adopted by the board,ID.RA-10,SR-6,SR-6,Official: NIST CSF 2.0 informative references to SP 800-53 Rev. 5.2.0 (00_universal-framework/crosswalks/csf2_to_sp800-53r5.csv). Key-control selection: author mapping,Critical suppliers assessed before contract,Due diligence records,Met,,,,,,None,n/a (document review),n/a,n/a,Enterprise
G-049,Benchmark (not binding): NIST CSF 2.0 (N81-BM),CSF 2.0 ID.IM-01,Improvements are identified from evaluations,Outcome (voluntary benchmark),Yes - voluntary benchmark adopted by the board,ID.IM-01,AC-1; AT-1; AU-1,AC-1; AT-1; AU-1; CA-1; CM-1; CP-1; IA-1; IR-1; MA-1; MP-1; PE-1; PL-1; PM-1; PS-1; PT-1; RA-1; SA-1; SC-1; SI-1; SR-1; CA-2; CA-5; CA-7; CA-8; CP-2; IR-4; IR-8; PL-2; RA-3; RA-5; RA-7; SA-8; SA-11; SA-17(6); SI-2; SI-4; SR-5,Official: NIST CSF 2.0 informative references to SP 800-53 Rev. 5.2.0 (00_universal-framework/crosswalks/csf2_to_sp800-53r5.csv). Key-control selection: author mapping,"Improvements from Internal Audit, ROC, and SOC 2 results tracked in the POA&M",P07,Met,,,,,,None,n/a (document review),n/a,n/a,Enterprise
G-050,Benchmark (not binding): NIST CSF 2.0 (N81-BM),CSF 2.0 ID.IM-02,"Improvements are identified from security tests and exercises, including those done in coordination with suppliers and relevant third parties",Outcome (voluntary benchmark),Yes - voluntary benchmark adopted by the board,ID.IM-02,AC-1; AT-1; AU-1,AC-1; AT-1; AU-1; CA-1; CM-1; CP-1; IA-1; IR-1; MA-1; MP-1; PE-1; PL-1; PM-1; PS-1; PT-1; RA-1; SA-1; SC-1; SI-1; SR-1; CA-2; CA-5; CA-7; CA-8; CP-2; CP-4; IR-3; IR-4; IR-8; PL-2; PM-4; PM-31; RA-3; RA-5; RA-7; SA-8; SA-11; SI-2; SI-4; SR-5,Official: NIST CSF 2.0 informative references to SP 800-53 Rev. 5.2.0 (00_universal-framework/crosswalks/csf2_to_sp800-53r5.csv). Key-control selection: author mapping,Improvements from penetration tests and exercises tracked,Test reports; POA&M,Met,,,,,,None,n/a (document review),n/a,n/a,Enterprise
G-051,Benchmark (not binding): NIST CSF 2.0 (N81-BM),CSF 2.0 ID.IM-03,"Improvements are identified from execution of operational processes, procedures, and activities",Outcome (voluntary benchmark),Yes - voluntary benchmark adopted by the board,ID.IM-03,AC-1; AT-1; AU-1,AC-1; AT-1; AU-1; CA-1; CM-1; CP-1; IA-1; IR-1; MA-1; MP-1; PE-1; PL-1; PM-1; PS-1; PT-1; RA-1; SA-1; SC-1; SI-1; SR-1; CA-2; CA-5; CA-7; CA-8; CP-2; IR-4; IR-8; PL-2; PM-4; PM-31; RA-3; RA-5; RA-7; SA-4; SA-8; SA-11; SI-2; SI-4; SR-5,Official: NIST CSF 2.0 informative references to SP 800-53 Rev. 5.2.0 (00_universal-framework/crosswalks/csf2_to_sp800-53r5.csv). Key-control selection: author mapping,"Lessons from operations (complaints, incidents) reviewed monthly",Monthly reviews,Met,,,,,,None,n/a (document review),n/a,n/a,Enterprise
G-052,Benchmark (not binding): NIST CSF 2.0 (N81-BM),CSF 2.0 ID.IM-04,"Incident response plans and other cybersecurity plans that affect operations are established, communicated, maintained, and improved",Outcome (voluntary benchmark),Yes - voluntary benchmark adopted by the board,ID.IM-04,CP-2; IR-8; PL-2,CP-2; IR-8; PL-2; SR-2,Official: NIST CSF 2.0 informative references to SP 800-53 Rev. 5.2.0 (00_universal-framework/crosswalks/csf2_to_sp800-53r5.csv). Key-control selection: author mapping,Incident response and contingency plans in place (POL-03; P08; contingency plans),Plans,Partially met,Materiality step not exercised for a card compromise with customer data exposure,High,Tabletop 2026-11-12 (POAM-008),General Counsel,2026-11-30,None,n/a (document review),n/a,n/a,Enterprise
G-053,Benchmark (not binding): NIST CSF 2.0 (N81-BM),CSF 2.0 PR.AA-01,"Identities and credentials for authorized users, services, and hardware are managed by the organization",Outcome (voluntary benchmark),Yes - voluntary benchmark adopted by the board,PR.AA-01,AC-1; AC-2; AC-14,AC-1; AC-2; AC-14; IA-1; IA-2; IA-3; IA-4; IA-5; IA-6; IA-7; IA-8; IA-9; IA-10; IA-11,Official: NIST CSF 2.0 informative references to SP 800-53 Rev. 5.2.0 (00_universal-framework/crosswalks/csf2_to_sp800-53r5.csv). Key-control selection: author mapping,Identities managed in the identity platform with lifecycle automation,Identity governance,Partially met,AC staff on a legacy directory; 3 of 60 core-store terminations removed late,Moderate,POAM-011,Director of Identity and Access Management,2027-03-31,None,"About 5,900 terminations (2026-01 to 2026-06)","60 (stratified: 50 core, 10 AC)",3 core late; 4 AC late,Enterprise; AC
G-054,Benchmark (not binding): NIST CSF 2.0 (N81-BM),CSF 2.0 PR.AA-02,Identities are proofed and bound to credentials based on the context of interactions,Outcome (voluntary benchmark),Yes - voluntary benchmark adopted by the board,PR.AA-02,IA-12,IA-12,Official: NIST CSF 2.0 informative references to SP 800-53 Rev. 5.2.0 (00_universal-framework/crosswalks/csf2_to_sp800-53r5.csv). Key-control selection: author mapping,Identity proofing at hire through HR; customer identity checked at device release,HR records; release procedure,Met,,,,,,None,n/a (document review),n/a,n/a,Enterprise
G-055,Benchmark (not binding): NIST CSF 2.0 (N81-BM),CSF 2.0 PR.AA-03,"Users, services, and hardware are authenticated",Outcome (voluntary benchmark),Yes - voluntary benchmark adopted by the board,PR.AA-03,AC-7; AC-12; IA-2,AC-7; AC-12; IA-2; IA-3; IA-5; IA-7; IA-8; IA-9; IA-10; IA-11,Official: NIST CSF 2.0 informative references to SP 800-53 Rev. 5.2.0 (00_universal-framework/crosswalks/csf2_to_sp800-53r5.csv). Key-control selection: author mapping,SSO with MFA for all workforce systems in the core estate,SSO reports,Partially met,AC legacy directory and AC ticketing without MFA; shared Manufacturer C portal account at 14 AC stores,High,POAM-011; POAM-004,Director of Identity and Access Management,2027-03-31,None,n/a (document review),n/a,n/a,AC
G-056,Benchmark (not binding): NIST CSF 2.0 (N81-BM),CSF 2.0 PR.AA-04,"Identity assertions are protected, conveyed, and verified",Outcome (voluntary benchmark),Yes - voluntary benchmark adopted by the board,PR.AA-04,IA-13,IA-13,Official: NIST CSF 2.0 informative references to SP 800-53 Rev. 5.2.0 (00_universal-framework/crosswalks/csf2_to_sp800-53r5.csv). Key-control selection: author mapping,Federation assertions signed and validated,SSO configuration,Met,,,,,,None,n/a (document review),n/a,n/a,Enterprise
G-057,Benchmark (not binding): NIST CSF 2.0 (N81-BM),CSF 2.0 PR.AA-05,"Access permissions, entitlements, and authorizations are defined in a policy, managed, enforced, and reviewed, and incorporate the principles of least privilege and separation of duties",Outcome (voluntary benchmark),Yes - voluntary benchmark adopted by the board,PR.AA-05,AC-1; AC-2; AC-3,AC-1; AC-2; AC-3; AC-5; AC-6; AC-10; AC-16; AC-17; AC-18; AC-19; AC-24; IA-13,Official: NIST CSF 2.0 informative references to SP 800-53 Rev. 5.2.0 (00_universal-framework/crosswalks/csf2_to_sp800-53r5.csv). Key-control selection: author mapping,Role-based access with quarterly certification,Certifications,Partially met,Notes field visible to all roles at a location; bench session review only on alert,High,POAM-003; POAM-005,Chief Digital Officer,2027-01-31,None,"9,800 STPP accounts",100% (role analytics),Notes visible to 100% of location roles,STPP
G-058,Benchmark (not binding): NIST CSF 2.0 (N81-BM),CSF 2.0 PR.AA-06,"Physical access to assets is managed, monitored, and enforced commensurate with risk",Outcome (voluntary benchmark),Yes - voluntary benchmark adopted by the board,PR.AA-06,PE-2; PE-3; PE-4,PE-2; PE-3; PE-4; PE-5; PE-6; PE-8; PE-18; PE-19; PE-20,Official: NIST CSF 2.0 informative references to SP 800-53 Rev. 5.2.0 (00_universal-framework/crosswalks/csf2_to_sp800-53r5.csv). Key-control selection: author mapping,"Badge access to back rooms, depot cages, and the lab; CCTV",Badge reports,Met,,,,,,None,"About 1,120 sites",25 badge reviews (random),0,Enterprise
G-059,Benchmark (not binding): NIST CSF 2.0 (N81-BM),CSF 2.0 PR.AT-01,Personnel are provided with awareness and training so that they possess the knowledge and skills to perform general tasks with cybersecurity risks in mind,Outcome (voluntary benchmark),Yes - voluntary benchmark adopted by the board,PR.AT-01,AT-2; AT-3,AT-2; AT-3,Official: NIST CSF 2.0 informative references to SP 800-53 Rev. 5.2.0 (00_universal-framework/crosswalks/csf2_to_sp800-53r5.csv). Key-control selection: author mapping,Annual awareness training and monthly phishing simulations,Learning system,Met,,,,,,None,"12,000 workforce",60 (random),0,Enterprise
G-060,Benchmark (not binding): NIST CSF 2.0 (N81-BM),CSF 2.0 PR.AT-02,Individuals in specialized roles are provided with awareness and training so that they possess the knowledge and skills to perform relevant tasks with cybersecurity risks in mind,Outcome (voluntary benchmark),Yes - voluntary benchmark adopted by the board,PR.AT-02,AT-3,AT-3,Official: NIST CSF 2.0 informative references to SP 800-53 Rev. 5.2.0 (00_universal-framework/crosswalks/csf2_to_sp800-53r5.csv). Key-control selection: author mapping,"Role-based training for technicians, developers, agents, and administrators",Role training records,Met,,,,,,None,"About 7,000 role-trained staff",60 (random),0,Enterprise
G-061,Benchmark (not binding): NIST CSF 2.0 (N81-BM),CSF 2.0 PR.DS-01,"The confidentiality, integrity, and availability of data-at-rest are protected",Outcome (voluntary benchmark),Yes - voluntary benchmark adopted by the board,PR.DS-01,CA-3; CP-9; MP-8,CA-3; CP-9; MP-8; SC-4; SC-7; SC-12; SC-13; SC-28; SC-32; SC-39; SC-43; SI-3; SI-4; SI-7,Official: NIST CSF 2.0 informative references to SP 800-53 Rev. 5.2.0 (00_universal-framework/crosswalks/csf2_to_sp800-53r5.csv). Key-control selection: author mapping,"Encryption at rest for the STPP, clouds, and laptops",Encryption reports,Partially met,AC legacy ticketing stores passcodes and passwords in readable free text; bench caches on the 2023 image,High,POAM-004; POAM-005,"Vice President, Integration Management Office",2026-12-15,None,n/a (document review),n/a,n/a,AC; core bench workstations
G-062,Benchmark (not binding): NIST CSF 2.0 (N81-BM),CSF 2.0 PR.DS-02,"The confidentiality, integrity, and availability of data-in-transit are protected",Outcome (voluntary benchmark),Yes - voluntary benchmark adopted by the board,PR.DS-02,AU-16; CA-3; SC-4,AU-16; CA-3; SC-4; SC-7; SC-8; SC-11; SC-12; SC-13; SC-16; SC-40; SC-43; SI-3; SI-4; SI-7,Official: NIST CSF 2.0 informative references to SP 800-53 Rev. 5.2.0 (00_universal-framework/crosswalks/csf2_to_sp800-53r5.csv). Key-control selection: author mapping,TLS for all core traffic; P2PE for card data at core stores,TLS scans; P2PE listing,Partially met,AC card data travels in clear text from PIN pad to POS PC,High,POAM-001,"Vice President, Integration Management Office",2027-03-31,None,n/a (document review),n/a,n/a,AC
G-063,Benchmark (not binding): NIST CSF 2.0 (N81-BM),CSF 2.0 PR.DS-10,"The confidentiality, integrity, and availability of data-in-use are protected",Outcome (voluntary benchmark),Yes - voluntary benchmark adopted by the board,PR.DS-10,AC-2; AC-3; AC-4,AC-2; AC-3; AC-4; AU-9; AU-13; CA-3; CP-9; SA-8; SC-4; SC-7; SC-11; SC-13; SC-24; SC-32; SC-39; SC-40; SC-43; SI-3; SI-4; SI-7; SI-10; SI-16,Official: NIST CSF 2.0 informative references to SP 800-53 Rev. 5.2.0 (00_universal-framework/crosswalks/csf2_to_sp800-53r5.csv). Key-control selection: author mapping,Data in use limited by role; PIN pads encrypt at entry,Configuration,Partially met,AC POS memory holds clear-text card data,High,POAM-001,"Vice President, Integration Management Office",2027-03-31,None,n/a (document review),n/a,n/a,AC
G-064,Benchmark (not binding): NIST CSF 2.0 (N81-BM),CSF 2.0 PR.DS-11,"Backups of data are created, protected, maintained, and tested",Outcome (voluntary benchmark),Yes - voluntary benchmark adopted by the board,PR.DS-11,CP-6; CP-9,CP-6; CP-9,Official: NIST CSF 2.0 informative references to SP 800-53 Rev. 5.2.0 (00_universal-framework/crosswalks/csf2_to_sp800-53r5.csv). Key-control selection: author mapping,Immutable backups with quarterly restore tests,Restore records,Met,,,,,,None,181 daily backup jobs,25 (random) plus 1 restore observed,0,Enterprise
G-065,Benchmark (not binding): NIST CSF 2.0 (N81-BM),CSF 2.0 PR.PS-01,Configuration management practices are established and applied,Outcome (voluntary benchmark),Yes - voluntary benchmark adopted by the board,PR.PS-01,CM-1; CM-2; CM-3,CM-1; CM-2; CM-3; CM-4; CM-5; CM-6; CM-7; CM-8; CM-9; CM-10; CM-11,Official: NIST CSF 2.0 informative references to SP 800-53 Rev. 5.2.0 (00_universal-framework/crosswalks/csf2_to_sp800-53r5.csv). Key-control selection: author mapping,Configuration baselines as code; device management for tablets,Baselines,Met,,,,,,None,n/a (document review),n/a,n/a,Enterprise
G-066,Benchmark (not binding): NIST CSF 2.0 (N81-BM),CSF 2.0 PR.PS-02,"Software is maintained, replaced, and removed commensurate with risk",Outcome (voluntary benchmark),Yes - voluntary benchmark adopted by the board,PR.PS-02,CM-11; MA-3(6); SA-10(1),CM-11; MA-3(6); SA-10(1); SI-2; SI-7,Official: NIST CSF 2.0 informative references to SP 800-53 Rev. 5.2.0 (00_universal-framework/crosswalks/csf2_to_sp800-53r5.csv). Key-control selection: author mapping,Patch SLAs; 72-hour emergency SLA for edge devices,Patch reports,Partially met,2 of 25 sampled critical tablet updates late; AC firewalls nearing end of support,Moderate,POAM-019,Director of Network Engineering,2027-03-31,None,"About 4,300 tablets",25 critical updates (random),2 late,Enterprise
G-067,Benchmark (not binding): NIST CSF 2.0 (N81-BM),CSF 2.0 PR.PS-03,"Hardware is maintained, replaced, and removed commensurate with risk",Outcome (voluntary benchmark),Yes - voluntary benchmark adopted by the board,PR.PS-03,CM-7(9); SA-10(3); SC-3(1),CM-7(9); SA-10(3); SC-3(1); SC-39(1); SC-49; SC-51,Official: NIST CSF 2.0 informative references to SP 800-53 Rev. 5.2.0 (00_universal-framework/crosswalks/csf2_to_sp800-53r5.csv). Key-control selection: author mapping,Hardware refresh plans,Refresh plan,Partially met,AC POS PCs and legacy PIN pads past refresh,Moderate,Replaced at conversion (POAM-001),"Vice President, Integration Management Office",2027-03-31,None,n/a (document review),n/a,n/a,AC
G-068,Benchmark (not binding): NIST CSF 2.0 (N81-BM),CSF 2.0 PR.PS-04,Log records are generated and made available for continuous monitoring,Outcome (voluntary benchmark),Yes - voluntary benchmark adopted by the board,PR.PS-04,AU-2; AU-3; AU-6,AU-2; AU-3; AU-6; AU-7; AU-11; AU-12; SA-15(13),Official: NIST CSF 2.0 informative references to SP 800-53 Rev. 5.2.0 (00_universal-framework/crosswalks/csf2_to_sp800-53r5.csv). Key-control selection: author mapping,Logs from core systems to the SIEM,SIEM source list,Partially met,No logs from AC stores or the AC legacy ticketing service,High,POAM-012,Director of Security Operations,2026-12-31,None,"About 2,400 log sources",100%,AC sources missing,AC
G-069,Benchmark (not binding): NIST CSF 2.0 (N81-BM),CSF 2.0 PR.PS-05,Installation and execution of unauthorized software are prevented,Outcome (voluntary benchmark),Yes - voluntary benchmark adopted by the board,PR.PS-05,CM-7(2); CM-7(4); CM-7(5),CM-7(2); CM-7(4); CM-7(5); SC-34,Official: NIST CSF 2.0 informative references to SP 800-53 Rev. 5.2.0 (00_universal-framework/crosswalks/csf2_to_sp800-53r5.csv). Key-control selection: author mapping,Application control on counter tablets (kiosk) and POS clients; EDR,Profiles,Met,,,,,,None,n/a (document review),n/a,n/a,Enterprise
G-070,Benchmark (not binding): NIST CSF 2.0 (N81-BM),CSF 2.0 PR.PS-06,"Secure software development practices are integrated, and their performance is monitored throughout the software development life cycle",Outcome (voluntary benchmark),Yes - voluntary benchmark adopted by the board,PR.PS-06,SA-3; SA-8; SA-10,SA-3; SA-8; SA-10; SA-11; SA-15; SA-15(13); SA-17; SA-24,Official: NIST CSF 2.0 informative references to SP 800-53 Rev. 5.2.0 (00_universal-framework/crosswalks/csf2_to_sp800-53r5.csv). Key-control selection: author mapping,Secure development lifecycle with scanning and penetration testing,Pipeline reports,Partially met,Object-level authorization flaw in the SL-1 claims API,Moderate,POAM-010,Chief Digital Officer,2026-11-15,None,n/a (document review),n/a,n/a,STPP
G-071,Benchmark (not binding): NIST CSF 2.0 (N81-BM),CSF 2.0 PR.IR-01,Networks and environments are protected from unauthorized logical access and usage,Outcome (voluntary benchmark),Yes - voluntary benchmark adopted by the board,PR.IR-01,AC-3; AC-4; SC-4,AC-3; AC-4; SC-4; SC-5; SC-7,Official: NIST CSF 2.0 informative references to SP 800-53 Rev. 5.2.0 (00_universal-framework/crosswalks/csf2_to_sp800-53r5.csv). Key-control selection: author mapping,"Segmented store VLANs, landing zone networks, CDE segmentation tests",Segmentation tests,Partially met,AC flat networks; NAC missing at 320 core stores,High,POAM-002; POAM-018,Director of Network Engineering,2027-06-30,None,960 core and 160 AC stores,25 core segmentation tests; 10 AC site surveys,0 core; 10 of 10 AC flat,Enterprise
G-072,Benchmark (not binding): NIST CSF 2.0 (N81-BM),CSF 2.0 PR.IR-02,The organization's technology assets are protected from environmental threats,Outcome (voluntary benchmark),Yes - voluntary benchmark adopted by the board,PR.IR-02,CP-2; PE-9; PE-10,CP-2; PE-9; PE-10; PE-11; PE-12; PE-13; PE-14; PE-15; PE-18; PE-23,Official: NIST CSF 2.0 informative references to SP 800-53 Rev. 5.2.0 (00_universal-framework/crosswalks/csf2_to_sp800-53r5.csv). Key-control selection: author mapping,Environmental protections at colocation and depots; hurricane plan,Facility reviews,Met,,,,,,None,n/a (document review),n/a,n/a,Enterprise
G-073,Benchmark (not binding): NIST CSF 2.0 (N81-BM),CSF 2.0 PR.IR-03,Mechanisms are implemented to achieve resilience requirements in normal and adverse situations,Outcome (voluntary benchmark),Yes - voluntary benchmark adopted by the board,PR.IR-03,SA-8; SA-24; SC-6,SA-8; SA-24; SC-6; SC-24; SC-36; SC-39; SI-13,Official: NIST CSF 2.0 informative references to SP 800-53 Rev. 5.2.0 (00_universal-framework/crosswalks/csf2_to_sp800-53r5.csv). Key-control selection: author mapping,"Warm standby, cellular failover, and DR tests for tier-1 systems",DR test 2026-05-09,Met,,,,,,None,n/a (document review),n/a,n/a,Enterprise
G-074,Benchmark (not binding): NIST CSF 2.0 (N81-BM),CSF 2.0 PR.IR-04,Adequate resource capacity to ensure availability is maintained,Outcome (voluntary benchmark),Yes - voluntary benchmark adopted by the board,PR.IR-04,CP-6; CP-7; CP-8,CP-6; CP-7; CP-8; PM-3; PM-9,Official: NIST CSF 2.0 informative references to SP 800-53 Rev. 5.2.0 (00_universal-framework/crosswalks/csf2_to_sp800-53r5.csv). Key-control selection: author mapping,Capacity monitored for the STPP and APIs,Capacity reports,Met,,,,,,None,n/a (document review),n/a,n/a,Enterprise
G-075,Benchmark (not binding): NIST CSF 2.0 (N81-BM),CSF 2.0 DE.CM-01,Networks and network services are monitored to find potentially adverse events,Outcome (voluntary benchmark),Yes - voluntary benchmark adopted by the board,DE.CM-01,AC-2; AU-12; CA-7,AC-2; AU-12; CA-7; CM-3; SC-5; SC-7; SI-4,Official: NIST CSF 2.0 informative references to SP 800-53 Rev. 5.2.0 (00_universal-framework/crosswalks/csf2_to_sp800-53r5.csv). Key-control selection: author mapping,"Network detection at core stores, clouds, and colocation",SIEM rules,Partially met,No network monitoring inside AC stores,High,POAM-012,Director of Security Operations,2026-12-31,None,n/a (document review),n/a,n/a,AC
G-076,Benchmark (not binding): NIST CSF 2.0 (N81-BM),CSF 2.0 DE.CM-02,The physical environment is monitored to find potentially adverse events,Outcome (voluntary benchmark),Yes - voluntary benchmark adopted by the board,DE.CM-02,CA-7; PE-3; PE-6,CA-7; PE-3; PE-6; PE-20,Official: NIST CSF 2.0 informative references to SP 800-53 Rev. 5.2.0 (00_universal-framework/crosswalks/csf2_to_sp800-53r5.csv). Key-control selection: author mapping,CCTV and weekly PIN pad inspections,Inspection logs,Partially met,Inspection logs missing for 11% of sampled store-weeks,Moderate,POAM-023,"Senior Vice President, Store Operations",2026-12-15,None,"About 49,900 store-weeks (core stores, 2026)",60 store-weeks (random),7 missing,Enterprise
G-077,Benchmark (not binding): NIST CSF 2.0 (N81-BM),CSF 2.0 DE.CM-03,Personnel activity and technology usage are monitored to find potentially adverse events,Outcome (voluntary benchmark),Yes - voluntary benchmark adopted by the board,DE.CM-03,AC-2; AU-12; AU-13,AC-2; AU-12; AU-13; CA-7; CM-10; CM-11,Official: NIST CSF 2.0 informative references to SP 800-53 Rev. 5.2.0 (00_universal-framework/crosswalks/csf2_to_sp800-53r5.csv). Key-control selection: author mapping,User activity monitoring for privileged users and bulk exports,SIEM rules,Partially met,Passcode field views and bench sessions reviewed only on alert,Moderate,POAM-005,Director of Security Operations,2027-01-31,None,n/a (document review),n/a,n/a,STPP; bench workstations
G-078,Benchmark (not binding): NIST CSF 2.0 (N81-BM),CSF 2.0 DE.CM-06,External service provider activities and services are monitored to find potentially adverse events,Outcome (voluntary benchmark),Yes - voluntary benchmark adopted by the board,DE.CM-06,CA-7; PS-7; SA-4,CA-7; PS-7; SA-4; SA-9; SI-4,Official: NIST CSF 2.0 informative references to SP 800-53 Rev. 5.2.0 (00_universal-framework/crosswalks/csf2_to_sp800-53r5.csv). Key-control selection: author mapping,Monitoring of provider services and SL-1 client API use,Provider dashboards; API monitoring,Met,,,,,,None,n/a (document review),n/a,n/a,Enterprise
G-079,Benchmark (not binding): NIST CSF 2.0 (N81-BM),CSF 2.0 DE.CM-09,"Computing hardware and software, runtime environments, and their data are monitored to find potentially adverse events",Outcome (voluntary benchmark),Yes - voluntary benchmark adopted by the board,DE.CM-09,AC-4; AC-9; AU-12,AC-4; AC-9; AU-12; CA-7; CM-3; CM-6; CM-10; CM-11; SC-34; SC-35; SI-4; SI-7,Official: NIST CSF 2.0 informative references to SP 800-53 Rev. 5.2.0 (00_universal-framework/crosswalks/csf2_to_sp800-53r5.csv). Key-control selection: author mapping,EDR and runtime monitoring,EDR coverage,Partially met,EDR on 91% of core bench workstations; none on AC bench PCs; mobile deposit page not monitored for script changes,High,POAM-005; POAM-007; POAM-012,Director of Security Operations,2027-01-31,None,"About 6,900 core bench workstations",100% (EDR console),9% without EDR,Core stores; AC
G-080,Benchmark (not binding): NIST CSF 2.0 (N81-BM),CSF 2.0 DE.AE-02,Potentially adverse events are analyzed to better understand associated activities,Outcome (voluntary benchmark),Yes - voluntary benchmark adopted by the board,DE.AE-02,AU-6; CA-7; IR-4,AU-6; CA-7; IR-4; SI-4,Official: NIST CSF 2.0 informative references to SP 800-53 Rev. 5.2.0 (00_universal-framework/crosswalks/csf2_to_sp800-53r5.csv). Key-control selection: author mapping,SOC analysis with playbooks,Case records,Met,,,,,,None,"About 2,600 SOC cases (2026-01 to 2026-06)",25 (random),0,Enterprise
G-081,Benchmark (not binding): NIST CSF 2.0 (N81-BM),CSF 2.0 DE.AE-03,Information is correlated from multiple sources,Outcome (voluntary benchmark),Yes - voluntary benchmark adopted by the board,DE.AE-03,AU-6; CA-7; PM-16,AU-6; CA-7; PM-16; IR-4; IR-5; IR-8; SI-4,Official: NIST CSF 2.0 informative references to SP 800-53 Rev. 5.2.0 (00_universal-framework/crosswalks/csf2_to_sp800-53r5.csv). Key-control selection: author mapping,Correlation in the SIEM,Rules,Met,,,,,,None,n/a (document review),n/a,n/a,Enterprise
G-082,Benchmark (not binding): NIST CSF 2.0 (N81-BM),CSF 2.0 DE.AE-04,The estimated impact and scope of adverse events are understood,Outcome (voluntary benchmark),Yes - voluntary benchmark adopted by the board,DE.AE-04,PM-9; PM-11; PM-18,PM-9; PM-11; PM-18; PM-28; PM-30,Official: NIST CSF 2.0 informative references to SP 800-53 Rev. 5.2.0 (00_universal-framework/crosswalks/csf2_to_sp800-53r5.csv). Key-control selection: author mapping,Impact and scope estimated using BIA values,Case records,Met,,,,,,None,n/a (document review),n/a,n/a,Enterprise
G-083,Benchmark (not binding): NIST CSF 2.0 (N81-BM),CSF 2.0 DE.AE-06,Information on adverse events is provided to authorized staff and tools,Outcome (voluntary benchmark),Yes - voluntary benchmark adopted by the board,DE.AE-06,IR-4; PM-15; PM-16,IR-4; PM-15; PM-16; RA-4; RA-10,Official: NIST CSF 2.0 informative references to SP 800-53 Rev. 5.2.0 (00_universal-framework/crosswalks/csf2_to_sp800-53r5.csv). Key-control selection: author mapping,Alerts sent to the SOC case system and on-call staff,Configuration,Met,,,,,,None,n/a (document review),n/a,n/a,Enterprise
G-084,Benchmark (not binding): NIST CSF 2.0 (N81-BM),CSF 2.0 DE.AE-07,Cyber threat intelligence and other contextual information are integrated into the analysis,Outcome (voluntary benchmark),Yes - voluntary benchmark adopted by the board,DE.AE-07,PM-16; RA-3; RA-10,PM-16; RA-3; RA-10,Official: NIST CSF 2.0 informative references to SP 800-53 Rev. 5.2.0 (00_universal-framework/crosswalks/csf2_to_sp800-53r5.csv). Key-control selection: author mapping,Threat intelligence integrated into detections,Detection catalog,Met,,,,,,None,n/a (document review),n/a,n/a,Enterprise
G-085,Benchmark (not binding): NIST CSF 2.0 (N81-BM),CSF 2.0 DE.AE-08,Incidents are declared when adverse events meet the defined incident criteria,Outcome (voluntary benchmark),Yes - voluntary benchmark adopted by the board,DE.AE-08,IR-4; IR-8,IR-4; IR-8,Official: NIST CSF 2.0 informative references to SP 800-53 Rev. 5.2.0 (00_universal-framework/crosswalks/csf2_to_sp800-53r5.csv). Key-control selection: author mapping,Incident declaration criteria in STD-03.1,STD-03.1,Met,,,,,,None,n/a (document review),n/a,n/a,Enterprise
G-086,Benchmark (not binding): NIST CSF 2.0 (N81-BM),CSF 2.0 RS.MA-01,The incident response plan is executed in coordination with relevant third parties once an incident is declared,Outcome (voluntary benchmark),Yes - voluntary benchmark adopted by the board,RS.MA-01,IR-6; IR-7; IR-8,IR-6; IR-7; IR-8; SR-3; SR-8,Official: NIST CSF 2.0 informative references to SP 800-53 Rev. 5.2.0 (00_universal-framework/crosswalks/csf2_to_sp800-53r5.csv). Key-control selection: author mapping,"Plan executed with the processor, forensics, counsel, and insurer through retainers",P08; retainers,Met,,,,,,None,n/a (document review),n/a,n/a,Enterprise
G-087,Benchmark (not binding): NIST CSF 2.0 (N81-BM),CSF 2.0 RS.MA-02,Incident reports are triaged and validated,Outcome (voluntary benchmark),Yes - voluntary benchmark adopted by the board,RS.MA-02,IR-4; IR-5; IR-6,IR-4; IR-5; IR-6,Official: NIST CSF 2.0 informative references to SP 800-53 Rev. 5.2.0 (00_universal-framework/crosswalks/csf2_to_sp800-53r5.csv). Key-control selection: author mapping,"Reports triaged by the SOC, including technician access complaints from the contact center",Case records,Met,,,,,,None,n/a (document review),n/a,n/a,Enterprise
G-088,Benchmark (not binding): NIST CSF 2.0 (N81-BM),CSF 2.0 RS.MA-03,Incidents are categorized and prioritized,Outcome (voluntary benchmark),Yes - voluntary benchmark adopted by the board,RS.MA-03,IR-4; IR-5; IR-6,IR-4; IR-5; IR-6,Official: NIST CSF 2.0 informative references to SP 800-53 Rev. 5.2.0 (00_universal-framework/crosswalks/csf2_to_sp800-53r5.csv). Key-control selection: author mapping,Severity categories in STD-03.1,STD-03.1,Met,,,,,,None,n/a (document review),n/a,n/a,Enterprise
G-089,Benchmark (not binding): NIST CSF 2.0 (N81-BM),CSF 2.0 RS.MA-04,Incidents are escalated or elevated as needed,Outcome (voluntary benchmark),Yes - voluntary benchmark adopted by the board,RS.MA-04,IR-4; IR-5; IR-6,IR-4; IR-5; IR-6; IR-7,Official: NIST CSF 2.0 informative references to SP 800-53 Rev. 5.2.0 (00_universal-framework/crosswalks/csf2_to_sp800-53r5.csv). Key-control selection: author mapping,Escalation to the CISO and General Counsel,Escalation records,Partially met,Escalation timing to the disclosure committee not tested for card incidents,High,POAM-008,General Counsel,2026-11-30,None,n/a (document review),n/a,n/a,Enterprise
G-090,Benchmark (not binding): NIST CSF 2.0 (N81-BM),CSF 2.0 RS.MA-05,The criteria for initiating incident recovery are applied,Outcome (voluntary benchmark),Yes - voluntary benchmark adopted by the board,RS.MA-05,IR-4; IR-8,IR-4; IR-8,Official: NIST CSF 2.0 informative references to SP 800-53 Rev. 5.2.0 (00_universal-framework/crosswalks/csf2_to_sp800-53r5.csv). Key-control selection: author mapping,Recovery criteria in P08 and contingency plans,P08,Met,,,,,,None,n/a (document review),n/a,n/a,Enterprise
G-091,Benchmark (not binding): NIST CSF 2.0 (N81-BM),CSF 2.0 RS.AN-03,Analysis is performed to establish what has taken place during an incident and the root cause of the incident,Outcome (voluntary benchmark),Yes - voluntary benchmark adopted by the board,RS.AN-03,AU-7; IR-4; SI-2(7),AU-7; IR-4; SI-2(7),Official: NIST CSF 2.0 informative references to SP 800-53 Rev. 5.2.0 (00_universal-framework/crosswalks/csf2_to_sp800-53r5.csv). Key-control selection: author mapping,Root cause analysis for every severity-1 and severity-2 case,Case records,Met,,,,,,None,n/a (document review),n/a,n/a,Enterprise
G-092,Benchmark (not binding): NIST CSF 2.0 (N81-BM),CSF 2.0 RS.AN-06,"Actions performed during an investigation are recorded, and the records' integrity and provenance are preserved",Outcome (voluntary benchmark),Yes - voluntary benchmark adopted by the board,RS.AN-06,AU-7; IR-4; IR-6,AU-7; IR-4; IR-6,Official: NIST CSF 2.0 informative references to SP 800-53 Rev. 5.2.0 (00_universal-framework/crosswalks/csf2_to_sp800-53r5.csv). Key-control selection: author mapping,Investigation actions recorded in the case system,Case records,Met,,,,,,None,n/a (document review),n/a,n/a,Enterprise
G-093,Benchmark (not binding): NIST CSF 2.0 (N81-BM),CSF 2.0 RS.AN-07,"Incident data and metadata are collected, and their integrity and provenance are preserved",Outcome (voluntary benchmark),Yes - voluntary benchmark adopted by the board,RS.AN-07,AU-7; IR-4; IR-6,AU-7; IR-4; IR-6,Official: NIST CSF 2.0 informative references to SP 800-53 Rev. 5.2.0 (00_universal-framework/crosswalks/csf2_to_sp800-53r5.csv). Key-control selection: author mapping,Evidence collection with chain of custody,Evidence register,Partially met,AC stores have no centralized logs to preserve,Moderate,POAM-012,Director of Security Operations,2026-12-31,None,n/a (document review),n/a,n/a,AC
G-094,Benchmark (not binding): NIST CSF 2.0 (N81-BM),CSF 2.0 RS.AN-08,An incident's magnitude is estimated and validated,Outcome (voluntary benchmark),Yes - voluntary benchmark adopted by the board,RS.AN-08,IR-4; IR-8; RA-3,IR-4; IR-8; RA-3; RA-7,Official: NIST CSF 2.0 informative references to SP 800-53 Rev. 5.2.0 (00_universal-framework/crosswalks/csf2_to_sp800-53r5.csv). Key-control selection: author mapping,Magnitude estimated with record counts by state,Case records,Met,,,,,,None,n/a (document review),n/a,n/a,Enterprise
G-095,Benchmark (not binding): NIST CSF 2.0 (N81-BM),CSF 2.0 RS.CO-02,Internal and external stakeholders are notified of incidents,Outcome (voluntary benchmark),Yes - voluntary benchmark adopted by the board,RS.CO-02,IR-4; IR-6; IR-7,IR-4; IR-6; IR-7; SR-3; SR-8,Official: NIST CSF 2.0 informative references to SP 800-53 Rev. 5.2.0 (00_universal-framework/crosswalks/csf2_to_sp800-53r5.csv). Key-control selection: author mapping,"Notification matrix covers state laws, acquirer, manufacturers, clients, and SEC (P08)",P08 notification matrix,Partially met,BA notice duties to the 38 SL-2 health care clients not yet in the matrix before this assessment; acquirer 24-hour term unknown to AC managers,Moderate,POAM-022; AC manager briefing,General Counsel,2026-12-31,None,n/a (document review),n/a,n/a,Enterprise
G-096,Benchmark (not binding): NIST CSF 2.0 (N81-BM),CSF 2.0 RS.CO-03,Information is shared with designated internal and external stakeholders,Outcome (voluntary benchmark),Yes - voluntary benchmark adopted by the board,RS.CO-03,IR-4; IR-6; IR-7,IR-4; IR-6; IR-7; SR-3; SR-8,Official: NIST CSF 2.0 informative references to SP 800-53 Rev. 5.2.0 (00_universal-framework/crosswalks/csf2_to_sp800-53r5.csv). Key-control selection: author mapping,"Information sharing with the acquirer, clients, and a retail sharing community",Sharing records,Met,,,,,,None,n/a (document review),n/a,n/a,Enterprise
G-097,Benchmark (not binding): NIST CSF 2.0 (N81-BM),CSF 2.0 RS.MI-01,Incidents are contained,Outcome (voluntary benchmark),Yes - voluntary benchmark adopted by the board,RS.MI-01,IR-4,IR-4,Official: NIST CSF 2.0 informative references to SP 800-53 Rev. 5.2.0 (00_universal-framework/crosswalks/csf2_to_sp800-53r5.csv). Key-control selection: author mapping,EDR isolation and network containment,Case records,Met,,,,,,None,n/a (document review),n/a,n/a,Enterprise
G-098,Benchmark (not binding): NIST CSF 2.0 (N81-BM),CSF 2.0 RS.MI-02,Incidents are eradicated,Outcome (voluntary benchmark),Yes - voluntary benchmark adopted by the board,RS.MI-02,IR-4,IR-4,Official: NIST CSF 2.0 informative references to SP 800-53 Rev. 5.2.0 (00_universal-framework/crosswalks/csf2_to_sp800-53r5.csv). Key-control selection: author mapping,Eradication steps in playbooks,Playbooks,Met,,,,,,None,n/a (document review),n/a,n/a,Enterprise
G-099,Benchmark (not binding): NIST CSF 2.0 (N81-BM),CSF 2.0 RC.RP-01,The recovery portion of the incident response plan is executed once initiated from the incident response process,Outcome (voluntary benchmark),Yes - voluntary benchmark adopted by the board,RC.RP-01,CP-10; IR-4; IR-8,CP-10; IR-4; IR-8,Official: NIST CSF 2.0 informative references to SP 800-53 Rev. 5.2.0 (00_universal-framework/crosswalks/csf2_to_sp800-53r5.csv). Key-control selection: author mapping,Recovery executed from the incident plan,P08,Met,,,,,,None,n/a (document review),n/a,n/a,Enterprise
G-100,Benchmark (not binding): NIST CSF 2.0 (N81-BM),CSF 2.0 RC.RP-02,"Recovery actions are selected, scoped, prioritized, and performed",Outcome (voluntary benchmark),Yes - voluntary benchmark adopted by the board,RC.RP-02,CP-10; IR-4; IR-8,CP-10; IR-4; IR-8,Official: NIST CSF 2.0 informative references to SP 800-53 Rev. 5.2.0 (00_universal-framework/crosswalks/csf2_to_sp800-53r5.csv). Key-control selection: author mapping,Recovery order from the BIA,P05 section 7,Met,,,,,,None,n/a (document review),n/a,n/a,Enterprise
G-101,Benchmark (not binding): NIST CSF 2.0 (N81-BM),CSF 2.0 RC.RP-03,The integrity of backups and other restoration assets is verified before using them for restoration,Outcome (voluntary benchmark),Yes - voluntary benchmark adopted by the board,RC.RP-03,CP-2; CP-4; CP-9,CP-2; CP-4; CP-9,Official: NIST CSF 2.0 informative references to SP 800-53 Rev. 5.2.0 (00_universal-framework/crosswalks/csf2_to_sp800-53r5.csv). Key-control selection: author mapping,Backup integrity verified before restore,Restore records,Met,,,,,,None,n/a (document review),n/a,n/a,Enterprise
G-102,Benchmark (not binding): NIST CSF 2.0 (N81-BM),CSF 2.0 RC.RP-04,Critical mission functions and cybersecurity risk management are considered to establish post-incident operational norms,Outcome (voluntary benchmark),Yes - voluntary benchmark adopted by the board,RC.RP-04,PM-8; PM-9; PM-11,PM-8; PM-9; PM-11; IR-1; IR-8,Official: NIST CSF 2.0 informative references to SP 800-53 Rev. 5.2.0 (00_universal-framework/crosswalks/csf2_to_sp800-53r5.csv). Key-control selection: author mapping,"Critical functions prioritized (payment and release, intake, SL-1)",P05,Met,,,,,,None,n/a (document review),n/a,n/a,Enterprise
G-103,Benchmark (not binding): NIST CSF 2.0 (N81-BM),CSF 2.0 RC.RP-05,"The integrity of restored assets is verified, systems and services are restored, and normal operating status is confirmed",Outcome (voluntary benchmark),Yes - voluntary benchmark adopted by the board,RC.RP-05,CP-10,CP-10,Official: NIST CSF 2.0 informative references to SP 800-53 Rev. 5.2.0 (00_universal-framework/crosswalks/csf2_to_sp800-53r5.csv). Key-control selection: author mapping,Restored assets verified before reconnection,Runbooks,Partially met,AC legacy ticketing restore never tested; full lab array restore never tested,Moderate,Restore tests (P01 R-054; POAM-004),"Senior Vice President, Depot and Lab Operations",2027-03-31,None,n/a (document review),n/a,n/a,AC; lab
G-104,Benchmark (not binding): NIST CSF 2.0 (N81-BM),CSF 2.0 RC.RP-06,"The end of incident recovery is declared based on criteria, and incident-related documentation is completed",Outcome (voluntary benchmark),Yes - voluntary benchmark adopted by the board,RC.RP-06,IR-4; IR-8,IR-4; IR-8,Official: NIST CSF 2.0 informative references to SP 800-53 Rev. 5.2.0 (00_universal-framework/crosswalks/csf2_to_sp800-53r5.csv). Key-control selection: author mapping,End of recovery declared with documentation,P08,Met,,,,,,None,n/a (document review),n/a,n/a,Enterprise
G-105,Benchmark (not binding): NIST CSF 2.0 (N81-BM),CSF 2.0 RC.CO-03,Recovery activities and progress in restoring operational capabilities are communicated to designated internal and external stakeholders,Outcome (voluntary benchmark),Yes - voluntary benchmark adopted by the board,RC.CO-03,IR-4; IR-6; SR-8,IR-4; IR-6; SR-8,Official: NIST CSF 2.0 informative references to SP 800-53 Rev. 5.2.0 (00_universal-framework/crosswalks/csf2_to_sp800-53r5.csv). Key-control selection: author mapping,"Recovery progress communicated to stores, clients, and customers",Communication templates,Met,,,,,,None,n/a (document review),n/a,n/a,Enterprise
G-106,Benchmark (not binding): NIST CSF 2.0 (N81-BM),CSF 2.0 RC.CO-04,Public updates on incident recovery are shared using approved methods and messaging,Outcome (voluntary benchmark),Yes - voluntary benchmark adopted by the board,RC.CO-04,CP-2; IR-4,CP-2; IR-4,Official: NIST CSF 2.0 informative references to SP 800-53 Rev. 5.2.0 (00_universal-framework/crosswalks/csf2_to_sp800-53r5.csv). Key-control selection: author mapping,Public updates approved by Corporate Communications and Legal,Communications procedure,Met,,,,,,None,n/a (document review),n/a,n/a,Enterprise
G-107,PCI DSS v4.0.1 (N81-R03; contractual),Requirement 1.1,Network security control processes documented and roles assigned,Requirement group,"Yes - merchant agreement requires PCI DSS; Level 1 merchant as designated by the acquirer, validating by ROC",GV.PO-01,SC-1,,Author mapping (no official PCI DSS v4.0.1 to CSF 2.0 or SP 800-53 mapping used),"Network security standard and RACI cover store, cloud, and colocation network controls",STD-01.5; RACI,Met,,,,,,None (PCI SSC standards page checked 2026-09-26; v4.0.1 remains current),n/a (document review),n/a,n/a,Core stores; AC stores; e-commerce; contact center
G-108,PCI DSS v4.0.1 (N81-R03; contractual),Requirement 1.2,"Network security controls configured and maintained, with current data flow diagrams and rule reviews",Requirement group,"Yes - merchant agreement requires PCI DSS; Level 1 merchant as designated by the acquirer, validating by ROC",PR.IR-01,SC-7; CM-6,,Author mapping (no official PCI DSS v4.0.1 to CSF 2.0 or SP 800-53 mapping used),"Core: rule sets reviewed every 6 months; current diagrams. AC: flat networks, no card data flow diagrams",Rule reviews; diagrams; AC site surveys,Partially met,AC stores have no network controls separating card data and no diagrams,High,Interim card data VLANs and diagrams at AC stores; conversion (POAM-001; POAM-002),"Vice President, Integration Management Office",2027-03-31,None (PCI SSC standards page checked 2026-09-26; v4.0.1 remains current),Core store firewalls (960); AC stores (160),25 core rule sets (random); 10 AC stores (random),0 core; 10 of 10 AC,Core stores; AC stores; e-commerce; contact center
G-109,PCI DSS v4.0.1 (N81-R03; contractual),Requirement 1.3,Network access to and from the cardholder data environment restricted,Requirement group,"Yes - merchant agreement requires PCI DSS; Level 1 merchant as designated by the acquirer, validating by ROC",PR.IR-01,SC-7; AC-4,,Author mapping (no official PCI DSS v4.0.1 to CSF 2.0 or SP 800-53 mapping used),Core: CDE limited to PIN pad VLANs and processor endpoints. AC: POS PCs on flat networks reachable from bench PCs and the legacy remote tool,Segmentation tests; AC surveys,Partially met,AC CDE not isolated,High,POAM-002,Director of Network Engineering,2026-12-15,None (PCI SSC standards page checked 2026-09-26; v4.0.1 remains current),As 1.2,As 1.2,10 of 10 AC,Core stores; AC stores; e-commerce; contact center
G-110,PCI DSS v4.0.1 (N81-R03; contractual),Requirement 1.4,Connections between trusted and untrusted networks controlled,Requirement group,"Yes - merchant agreement requires PCI DSS; Level 1 merchant as designated by the acquirer, validating by ROC",PR.IR-01,SC-7,,Author mapping (no official PCI DSS v4.0.1 to CSF 2.0 or SP 800-53 mapping used),Store internet breakout through SD-WAN firewalls; guest Wi-Fi separated; AC stores have firewalls with basic rules,Firewall configuration,Met,,,,,,None (PCI SSC standards page checked 2026-09-26; v4.0.1 remains current),n/a (document review),n/a,n/a,Core stores; AC stores; e-commerce; contact center
G-111,PCI DSS v4.0.1 (N81-R03; contractual),Requirement 1.5,Risks from computing devices that connect to both untrusted networks and the CDE addressed,Requirement group,"Yes - merchant agreement requires PCI DSS; Level 1 merchant as designated by the acquirer, validating by ROC",PR.IR-01,AC-19; SC-7,,Author mapping (no official PCI DSS v4.0.1 to CSF 2.0 or SP 800-53 mapping used),Core: CDE-connected devices are locked kiosks. AC: POS PCs used for web browsing at 4 of 10 sampled stores,AC surveys,Partially met,Dual-use POS PCs at AC stores,Moderate,Block browsing on AC POS PCs (POAM-001),"Vice President, Integration Management Office",2026-11-15,None (PCI SSC standards page checked 2026-09-26; v4.0.1 remains current),160 AC stores,10 (random),4,Core stores; AC stores; e-commerce; contact center
G-112,PCI DSS v4.0.1 (N81-R03; contractual),Requirement 2.1,Secure configuration processes documented and roles assigned,Requirement group,"Yes - merchant agreement requires PCI DSS; Level 1 merchant as designated by the acquirer, validating by ROC",GV.PO-01,CM-1,,Author mapping (no official PCI DSS v4.0.1 to CSF 2.0 or SP 800-53 mapping used),Configuration standard STD-01.5,STD-01.5,Met,,,,,,None (PCI SSC standards page checked 2026-09-26; v4.0.1 remains current),n/a (document review),n/a,n/a,Core stores; AC stores; e-commerce; contact center
G-113,PCI DSS v4.0.1 (N81-R03; contractual),Requirement 2.2,"System components configured and managed securely (defaults changed, hardening, one primary function)",Requirement group,"Yes - merchant agreement requires PCI DSS; Level 1 merchant as designated by the acquirer, validating by ROC",PR.PS-01,CM-6; CM-7; IA-5,,Author mapping (no official PCI DSS v4.0.1 to CSF 2.0 or SP 800-53 mapping used),Core baselines as code. AC POS PCs share one local administrator password; vendor default on AC legacy PIN pad admin menus at 3 of 10 stores,Baseline scans; AC surveys,Partially met,AC hardening gaps,High,Unique local admin passwords; defaults changed (POAM-001),"Vice President, Integration Management Office",2026-11-30,None (PCI SSC standards page checked 2026-09-26; v4.0.1 remains current),About 410 AC POS PCs and PIN pads,10 AC stores (random),10 shared admin; 3 defaults,Core stores; AC stores; e-commerce; contact center
G-114,PCI DSS v4.0.1 (N81-R03; contractual),Requirement 2.3,Wireless environments configured and managed securely,Requirement group,"Yes - merchant agreement requires PCI DSS; Level 1 merchant as designated by the acquirer, validating by ROC",PR.IR-01,AC-18,,Author mapping (no official PCI DSS v4.0.1 to CSF 2.0 or SP 800-53 mapping used),Certificate-based corporate Wi-Fi; guest Wi-Fi isolated; AC stores have no wireless in the CDE,Wireless configuration,Met,,,,,,None (PCI SSC standards page checked 2026-09-26; v4.0.1 remains current),n/a (document review),n/a,n/a,Core stores; AC stores; e-commerce; contact center
G-115,PCI DSS v4.0.1 (N81-R03; contractual),Requirement 3.1,Account data protection processes documented and roles assigned,Requirement group,"Yes - merchant agreement requires PCI DSS; Level 1 merchant as designated by the acquirer, validating by ROC",GV.PO-01,MP-1,,Author mapping (no official PCI DSS v4.0.1 to CSF 2.0 or SP 800-53 mapping used),POL-04 and STD-04.1,POL-04,Met,,,,,,None (PCI SSC standards page checked 2026-09-26; v4.0.1 remains current),n/a (document review),n/a,n/a,Core stores; AC stores; e-commerce; contact center
G-116,PCI DSS v4.0.1 (N81-R03; contractual),Requirement 3.2,Storage of account data kept to a minimum with retention and disposal,Requirement group,"Yes - merchant agreement requires PCI DSS; Level 1 merchant as designated by the acquirer, validating by ROC",ID.AM-08,SI-12,,Author mapping (no official PCI DSS v4.0.1 to CSF 2.0 or SP 800-53 mapping used),No intended storage of full card numbers; quarterly discovery scans,DLP scan 2026-07-21,Partially met,"1,140 STPP tickets hold full card numbers in notes",High,Purge; pattern blocking for new entries (POAM-003),Chief Digital Officer,2026-11-30,None (PCI SSC standards page checked 2026-09-26; v4.0.1 remains current),31 million tickets,100% (DLP scan),"1,140",Core stores; AC stores; e-commerce; contact center
G-117,PCI DSS v4.0.1 (N81-R03; contractual),Requirement 3.3,Sensitive authentication data not kept after authorization,Requirement group,"Yes - merchant agreement requires PCI DSS; Level 1 merchant as designated by the acquirer, validating by ROC",PR.DS-01,SI-12,,Author mapping (no official PCI DSS v4.0.1 to CSF 2.0 or SP 800-53 mapping used),P2PE and hosted fields prevent capture at core stores and online,DLP scan; recording sample,Partially met,"212 of the 1,140 notes also include the security code; 8 of 60 sampled call recordings captured spoken card numbers and codes",High,POAM-003; POAM-013,"Vice President, Contact Center",2027-03-31,None (PCI SSC standards page checked 2026-09-26; v4.0.1 remains current),About 0.7 million phone payments a year,60 recordings (random),8,Core stores; AC stores; e-commerce; contact center
G-118,PCI DSS v4.0.1 (N81-R03; contractual),Requirement 3.4,Display of full card numbers and copying of account data restricted,Requirement group,"Yes - merchant agreement requires PCI DSS; Level 1 merchant as designated by the acquirer, validating by ROC",PR.DS-10,AC-3,,Author mapping (no official PCI DSS v4.0.1 to CSF 2.0 or SP 800-53 mapping used),Only truncated numbers displayed in the STPP and processor portal,Screenshots,Met,,,,,,None (PCI SSC standards page checked 2026-09-26; v4.0.1 remains current),n/a (document review),n/a,n/a,Core stores; AC stores; e-commerce; contact center
G-119,PCI DSS v4.0.1 (N81-R03; contractual),Requirement 3.5,Stored card numbers rendered unreadable,Requirement group,"Yes - merchant agreement requires PCI DSS; Level 1 merchant as designated by the acquirer, validating by ROC",PR.DS-01,SC-28,,Author mapping (no official PCI DSS v4.0.1 to CSF 2.0 or SP 800-53 mapping used),Tokens only by design,DLP scan,Partially met,"Card numbers in STPP notes are protected only by database encryption, not rendered unreadable",Moderate,POAM-003,Chief Digital Officer,2026-11-30,None (PCI SSC standards page checked 2026-09-26; v4.0.1 remains current),n/a (document review),n/a,n/a,Core stores; AC stores; e-commerce; contact center
G-120,PCI DSS v4.0.1 (N81-R03; contractual),Requirement 3.6,Cryptographic keys that protect stored account data secured,Requirement group,No - see current state,PR.DS-01,SC-12,,Author mapping (no official PCI DSS v4.0.1 to CSF 2.0 or SP 800-53 mapping used),The company stores no account data by design; P2PE keys are managed by the processor,P2PE listing,Not applicable,,,,,,None (PCI SSC standards page checked 2026-09-26; v4.0.1 remains current),n/a (document review),n/a,n/a,Core stores; AC stores; e-commerce; contact center
G-121,PCI DSS v4.0.1 (N81-R03; contractual),Requirement 3.7,Key management processes for keys that protect stored account data,Requirement group,No - see current state,PR.DS-01,SC-12,,Author mapping (no official PCI DSS v4.0.1 to CSF 2.0 or SP 800-53 mapping used),As 3.6,P2PE listing,Not applicable,,,,,,None (PCI SSC standards page checked 2026-09-26; v4.0.1 remains current),n/a (document review),n/a,n/a,Core stores; AC stores; e-commerce; contact center
G-122,PCI DSS v4.0.1 (N81-R03; contractual),Requirement 4.1,Transmission protection processes documented and roles assigned,Requirement group,"Yes - merchant agreement requires PCI DSS; Level 1 merchant as designated by the acquirer, validating by ROC",GV.PO-01,SC-1,,Author mapping (no official PCI DSS v4.0.1 to CSF 2.0 or SP 800-53 mapping used),STD-04.1,STD-04.1,Met,,,,,,None (PCI SSC standards page checked 2026-09-26; v4.0.1 remains current),n/a (document review),n/a,n/a,Core stores; AC stores; e-commerce; contact center
G-123,PCI DSS v4.0.1 (N81-R03; contractual),Requirement 4.2,"Card numbers protected with strong cryptography during transmission over open, public networks",Requirement group,"Yes - merchant agreement requires PCI DSS; Level 1 merchant as designated by the acquirer, validating by ROC",PR.DS-02,SC-8,,Author mapping (no official PCI DSS v4.0.1 to CSF 2.0 or SP 800-53 mapping used),Core: P2PE and TLS. AC: PIN pad to POS PC in clear text; POS PC to legacy processor over a site VPN,P2PE listing; AC packet capture (test store),Partially met,AC card data in clear text on the store network,High,POAM-001,"Vice President, Integration Management Office",2027-03-31,None (PCI SSC standards page checked 2026-09-26; v4.0.1 remains current),n/a (document review),n/a,n/a,Core stores; AC stores; e-commerce; contact center
G-124,PCI DSS v4.0.1 (N81-R03; contractual),Requirement 5.1,Anti-malware processes documented and roles assigned,Requirement group,"Yes - merchant agreement requires PCI DSS; Level 1 merchant as designated by the acquirer, validating by ROC",GV.PO-01,SI-1,,Author mapping (no official PCI DSS v4.0.1 to CSF 2.0 or SP 800-53 mapping used),Endpoint standard,Standard,Met,,,,,,None (PCI SSC standards page checked 2026-09-26; v4.0.1 remains current),n/a (document review),n/a,n/a,Core stores; AC stores; e-commerce; contact center
G-125,PCI DSS v4.0.1 (N81-R03; contractual),Requirement 5.2,"Malware prevented, or detected and addressed",Requirement group,"Yes - merchant agreement requires PCI DSS; Level 1 merchant as designated by the acquirer, validating by ROC",DE.CM-09,SI-3,,Author mapping (no official PCI DSS v4.0.1 to CSF 2.0 or SP 800-53 mapping used),EDR on core systems,EDR coverage,Partially met,AC POS PCs run legacy antivirus with signatures 40 to 90 days old at 6 of 10 sampled stores,High,EDR on AC POS PCs (POAM-001),"Vice President, Integration Management Office",2026-11-15,None (PCI SSC standards page checked 2026-09-26; v4.0.1 remains current),About 410 AC POS PCs,10 stores (random),6,Core stores; AC stores; e-commerce; contact center
G-126,PCI DSS v4.0.1 (N81-R03; contractual),Requirement 5.3,"Anti-malware mechanisms active, maintained, and monitored",Requirement group,"Yes - merchant agreement requires PCI DSS; Level 1 merchant as designated by the acquirer, validating by ROC",DE.CM-09,SI-3,,Author mapping (no official PCI DSS v4.0.1 to CSF 2.0 or SP 800-53 mapping used),EDR health monitored by the SOC,EDR console,Partially met,AC antivirus not monitored centrally,Moderate,POAM-012,Director of Security Operations,2026-12-31,None (PCI SSC standards page checked 2026-09-26; v4.0.1 remains current),n/a (document review),n/a,n/a,Core stores; AC stores; e-commerce; contact center
G-127,PCI DSS v4.0.1 (N81-R03; contractual),Requirement 5.4,Anti-phishing mechanisms protect users,Requirement group,"Yes - merchant agreement requires PCI DSS; Level 1 merchant as designated by the acquirer, validating by ROC",PR.AT-01,SI-8; AT-2,,Author mapping (no official PCI DSS v4.0.1 to CSF 2.0 or SP 800-53 mapping used),"Email filtering, link rewriting, and phishing simulations",Email security reports,Met,,,,,,None (PCI SSC standards page checked 2026-09-26; v4.0.1 remains current),n/a (document review),n/a,n/a,Core stores; AC stores; e-commerce; contact center
G-128,PCI DSS v4.0.1 (N81-R03; contractual),Requirement 6.1,Secure systems and software processes documented and roles assigned,Requirement group,"Yes - merchant agreement requires PCI DSS; Level 1 merchant as designated by the acquirer, validating by ROC",GV.PO-01,SA-1,,Author mapping (no official PCI DSS v4.0.1 to CSF 2.0 or SP 800-53 mapping used),Secure development standard,Standard,Met,,,,,,None (PCI SSC standards page checked 2026-09-26; v4.0.1 remains current),n/a (document review),n/a,n/a,Core stores; AC stores; e-commerce; contact center
G-129,PCI DSS v4.0.1 (N81-R03; contractual),Requirement 6.2,Bespoke and custom software developed securely,Requirement group,"Yes - merchant agreement requires PCI DSS; Level 1 merchant as designated by the acquirer, validating by ROC",PR.PS-06,SA-11; SA-15,,Author mapping (no official PCI DSS v4.0.1 to CSF 2.0 or SP 800-53 mapping used),"SDLC with training, reviews, and scanning",Pipeline reports,Partially met,SL-1 claims API object-level authorization flaw (penetration test 2026-06),Moderate,POAM-010,Chief Digital Officer,2026-11-15,None (PCI SSC standards page checked 2026-09-26; v4.0.1 remains current),n/a (document review),n/a,n/a,Core stores; AC stores; e-commerce; contact center
G-130,PCI DSS v4.0.1 (N81-R03; contractual),Requirement 6.3,"Security vulnerabilities identified and addressed, including inventory of bespoke and third-party components and patching",Requirement group,"Yes - merchant agreement requires PCI DSS; Level 1 merchant as designated by the acquirer, validating by ROC",ID.RA-01,RA-5; SI-2,,Author mapping (no official PCI DSS v4.0.1 to CSF 2.0 or SP 800-53 mapping used),Core: patch SLAs met in sample,Patch reports,Partially met,AC POS PCs missing 2 critical OS patches at 7 of 10 sampled stores,High,POAM-001; POAM-019,"Vice President, Integration Management Office",2026-11-30,None (PCI SSC standards page checked 2026-09-26; v4.0.1 remains current),AC POS PCs,10 stores (random),7,Core stores; AC stores; e-commerce; contact center
G-131,PCI DSS v4.0.1 (N81-R03; contractual),Requirement 6.4.1,Public-facing web applications protected against known attacks,Requirement,"Yes - merchant agreement requires PCI DSS; Level 1 merchant as designated by the acquirer, validating by ROC",PR.PS-06,SC-7; RA-5,,Author mapping (no official PCI DSS v4.0.1 to CSF 2.0 or SP 800-53 mapping used),WAF and annual application testing,WAF reports,Met,,,,,,None (PCI SSC standards page checked 2026-09-26; v4.0.1 remains current),n/a (document review),n/a,n/a,E-commerce
G-132,PCI DSS v4.0.1 (N81-R03; contractual),Requirement 6.4.2,Automated technical solution detects and prevents web-based attacks for public-facing web applications,Requirement,"Yes - merchant agreement requires PCI DSS; Level 1 merchant as designated by the acquirer, validating by ROC",DE.CM-09,SC-7,,Author mapping (no official PCI DSS v4.0.1 to CSF 2.0 or SP 800-53 mapping used),"WAF in blocking mode on the website, app API, and SL-1 API",WAF configuration,Met,,,,,,None (PCI SSC standards page checked 2026-09-26; v4.0.1 remains current),n/a (document review),n/a,n/a,E-commerce
G-133,PCI DSS v4.0.1 (N81-R03; contractual),Requirement 6.4.3,"Payment page scripts loaded in the customer's browser inventoried, authorized, and integrity-checked",Requirement,"Yes - merchant agreement requires PCI DSS; Level 1 merchant as designated by the acquirer, validating by ROC",PR.PS-01,CM-7; SI-7,,Author mapping (no official PCI DSS v4.0.1 to CSF 2.0 or SP 800-53 mapping used),Script inventory with business justification and integrity checks on the main web checkout,Script inventory,Partially met,"Mobile web deposit page not covered: 41 scripts load there, 4 without written justification",High,POAM-007,Director of Digital Engineering,2026-11-15,None (PCI SSC standards page checked 2026-09-26; v4.0.1 remains current),41 scripts on the mobile deposit page,41 (all),4 unjustified,E-commerce
G-134,PCI DSS v4.0.1 (N81-R03; contractual),Requirement 6.5,Changes to all system components managed securely,Requirement group,"Yes - merchant agreement requires PCI DSS; Level 1 merchant as designated by the acquirer, validating by ROC",PR.PS-01,CM-3,,Author mapping (no official PCI DSS v4.0.1 to CSF 2.0 or SP 800-53 mapping used),Pipeline change control,Change records,Met,,,,,,None (PCI SSC standards page checked 2026-09-26; v4.0.1 remains current),"About 2,900 STPP changes (2026-01 to 2026-06)",40 (random),0,STPP
G-135,PCI DSS v4.0.1 (N81-R03; contractual),Requirement 7.1,Access control processes documented and roles assigned,Requirement group,"Yes - merchant agreement requires PCI DSS; Level 1 merchant as designated by the acquirer, validating by ROC",GV.PO-01,AC-1,,Author mapping (no official PCI DSS v4.0.1 to CSF 2.0 or SP 800-53 mapping used),POL-02,POL-02,Met,,,,,,None (PCI SSC standards page checked 2026-09-26; v4.0.1 remains current),n/a (document review),n/a,n/a,Core stores; AC stores; e-commerce; contact center
G-136,PCI DSS v4.0.1 (N81-R03; contractual),Requirement 7.2,"Access to system components and data defined and assigned by job need, and reviewed",Requirement group,"Yes - merchant agreement requires PCI DSS; Level 1 merchant as designated by the acquirer, validating by ROC",PR.AA-05,AC-2; AC-6,,Author mapping (no official PCI DSS v4.0.1 to CSF 2.0 or SP 800-53 mapping used),Role templates and quarterly certification at core,Certifications,Partially met,AC legacy POS and ticketing use shared store logins,High,POAM-004; POAM-011,"Vice President, Integration Management Office",2026-12-15,None (PCI SSC standards page checked 2026-09-26; v4.0.1 remains current),n/a (document review),n/a,n/a,Core stores; AC stores; e-commerce; contact center
G-137,PCI DSS v4.0.1 (N81-R03; contractual),Requirement 7.3,Access managed through access control systems,Requirement group,"Yes - merchant agreement requires PCI DSS; Level 1 merchant as designated by the acquirer, validating by ROC",PR.AA-05,AC-3,,Author mapping (no official PCI DSS v4.0.1 to CSF 2.0 or SP 800-53 mapping used),Core access enforced by the identity platform and the STPP,Configuration,Met,,,,,,None (PCI SSC standards page checked 2026-09-26; v4.0.1 remains current),n/a (document review),n/a,n/a,Core stores; AC stores; e-commerce; contact center
G-138,PCI DSS v4.0.1 (N81-R03; contractual),Requirement 8.1,Identification and authentication processes documented and roles assigned,Requirement group,"Yes - merchant agreement requires PCI DSS; Level 1 merchant as designated by the acquirer, validating by ROC",GV.PO-01,IA-1,,Author mapping (no official PCI DSS v4.0.1 to CSF 2.0 or SP 800-53 mapping used),STD-02.2,STD-02.2,Met,,,,,,None (PCI SSC standards page checked 2026-09-26; v4.0.1 remains current),n/a (document review),n/a,n/a,Core stores; AC stores; e-commerce; contact center
G-139,PCI DSS v4.0.1 (N81-R03; contractual),Requirement 8.2,"User identification and accounts managed through the lifecycle (unique IDs, no shared accounts, timely removal)",Requirement group,"Yes - merchant agreement requires PCI DSS; Level 1 merchant as designated by the acquirer, validating by ROC",PR.AA-01,AC-2; IA-2,,Author mapping (no official PCI DSS v4.0.1 to CSF 2.0 or SP 800-53 mapping used),Unique IDs in the core estate,Account analytics,Partially met,Shared logins at AC stores; 3 of 60 core terminations removed 1 to 4 business days late,High,POAM-011,"Vice President, Integration Management Office",2027-03-31,None (PCI SSC standards page checked 2026-09-26; v4.0.1 remains current),"About 5,900 terminations","60 (stratified: 50 core, 10 AC)",3 core; 4 AC,Core stores; AC stores; e-commerce; contact center
G-140,PCI DSS v4.0.1 (N81-R03; contractual),Requirement 8.3,Strong authentication established and managed for users and administrators,Requirement group,"Yes - merchant agreement requires PCI DSS; Level 1 merchant as designated by the acquirer, validating by ROC",PR.AA-03,IA-5,,Author mapping (no official PCI DSS v4.0.1 to CSF 2.0 or SP 800-53 mapping used),Password and MFA standards at core,SSO policy,Partially met,AC legacy directory allows 8-character passwords,Moderate,POAM-011,Director of Identity and Access Management,2027-03-31,None (PCI SSC standards page checked 2026-09-26; v4.0.1 remains current),n/a (document review),n/a,n/a,Core stores; AC stores; e-commerce; contact center
G-141,PCI DSS v4.0.1 (N81-R03; contractual),Requirement 8.4,Multi-factor authentication for access into the cardholder data environment,Requirement group,"Yes - merchant agreement requires PCI DSS; Level 1 merchant as designated by the acquirer, validating by ROC",PR.AA-03,IA-2(1); IA-2(2),,Author mapping (no official PCI DSS v4.0.1 to CSF 2.0 or SP 800-53 mapping used),MFA for all core CDE and remote access,SSO and PAM reports,Partially met,No MFA for AC POS administrator access or the legacy remote tool,High,POAM-002,"Vice President, Integration Management Office",2026-12-15,None (PCI SSC standards page checked 2026-09-26; v4.0.1 remains current),n/a (document review),n/a,n/a,Core stores; AC stores; e-commerce; contact center
G-142,PCI DSS v4.0.1 (N81-R03; contractual),Requirement 8.5,MFA systems configured to prevent misuse,Requirement group,"Yes - merchant agreement requires PCI DSS; Level 1 merchant as designated by the acquirer, validating by ROC",PR.AA-03,IA-2,,Author mapping (no official PCI DSS v4.0.1 to CSF 2.0 or SP 800-53 mapping used),Number matching; replay protection; no bypass,SSO configuration,Met,,,,,,None (PCI SSC standards page checked 2026-09-26; v4.0.1 remains current),n/a (document review),n/a,n/a,Core stores; AC stores; e-commerce; contact center
G-143,PCI DSS v4.0.1 (N81-R03; contractual),Requirement 8.6,Use of application and system accounts and their credentials strictly managed,Requirement group,"Yes - merchant agreement requires PCI DSS; Level 1 merchant as designated by the acquirer, validating by ROC",PR.AA-01,IA-5; AC-6,,Author mapping (no official PCI DSS v4.0.1 to CSF 2.0 or SP 800-53 mapping used),Service secrets in the secrets manager with rotation,Secrets report,Met,,,,,,None (PCI SSC standards page checked 2026-09-26; v4.0.1 remains current),n/a (document review),n/a,n/a,Core stores; AC stores; e-commerce; contact center
G-144,PCI DSS v4.0.1 (N81-R03; contractual),Requirement 9.1,Physical protection processes documented and roles assigned,Requirement group,"Yes - merchant agreement requires PCI DSS; Level 1 merchant as designated by the acquirer, validating by ROC",GV.PO-01,PE-1,,Author mapping (no official PCI DSS v4.0.1 to CSF 2.0 or SP 800-53 mapping used),STD-01.7,STD-01.7,Met,,,,,,None (PCI SSC standards page checked 2026-09-26; v4.0.1 remains current),n/a (document review),n/a,n/a,Core stores; AC stores; e-commerce; contact center
G-145,PCI DSS v4.0.1 (N81-R03; contractual),Requirement 9.2,Physical access controls manage entry to facilities and systems with cardholder data,Requirement group,"Yes - merchant agreement requires PCI DSS; Level 1 merchant as designated by the acquirer, validating by ROC",PR.AA-06,PE-3,,Author mapping (no official PCI DSS v4.0.1 to CSF 2.0 or SP 800-53 mapping used),Badge access to back rooms and colocation cages,Badge reports,Met,,,,,,None (PCI SSC standards page checked 2026-09-26; v4.0.1 remains current),n/a (document review),n/a,n/a,Core stores; AC stores; e-commerce; contact center
G-146,PCI DSS v4.0.1 (N81-R03; contractual),Requirement 9.3,Physical access for personnel and visitors authorized and managed,Requirement group,"Yes - merchant agreement requires PCI DSS; Level 1 merchant as designated by the acquirer, validating by ROC",PR.AA-06,PE-2,,Author mapping (no official PCI DSS v4.0.1 to CSF 2.0 or SP 800-53 mapping used),Visitor logs at depots and colocation,Visitor logs,Met,,,,,,None (PCI SSC standards page checked 2026-09-26; v4.0.1 remains current),n/a (document review),n/a,n/a,Core stores; AC stores; e-commerce; contact center
G-147,PCI DSS v4.0.1 (N81-R03; contractual),Requirement 9.4,"Media with cardholder data securely stored, accessed, distributed, and destroyed",Requirement group,"Yes - merchant agreement requires PCI DSS; Level 1 merchant as designated by the acquirer, validating by ROC",PR.DS-01,MP-4; MP-6,,Author mapping (no official PCI DSS v4.0.1 to CSF 2.0 or SP 800-53 mapping used),No electronic media with card data by design; paper downtime forms shredded,Shredding certificates,Met,,,,,,None (PCI SSC standards page checked 2026-09-26; v4.0.1 remains current),n/a (document review),n/a,n/a,Core stores; AC stores; e-commerce; contact center
G-148,PCI DSS v4.0.1 (N81-R03; contractual),Requirement 9.5,"Point-of-interaction devices protected from tampering and unauthorized substitution (list, inspections, training)",Requirement group,"Yes - merchant agreement requires PCI DSS; Level 1 merchant as designated by the acquirer, validating by ROC",DE.CM-02,SR-9; CM-8,,Author mapping (no official PCI DSS v4.0.1 to CSF 2.0 or SP 800-53 mapping used),P2PE device list and weekly inspections at core stores,Inventory; inspection logs,Partially met,Spares unlocated at 37 stores; inspection logs missing for 11% of sampled store-weeks; no inspections at AC stores,High,POAM-023; POAM-001,"Senior Vice President, Store Operations",2026-12-15,None (PCI SSC standards page checked 2026-09-26; v4.0.1 remains current),"About 49,900 core store-weeks; 160 AC stores",60 core store-weeks (random); 10 AC stores,7; 10 of 10 AC,Core stores; AC stores; e-commerce; contact center
G-149,PCI DSS v4.0.1 (N81-R03; contractual),Requirement 10.1,Logging and monitoring processes documented and roles assigned,Requirement group,"Yes - merchant agreement requires PCI DSS; Level 1 merchant as designated by the acquirer, validating by ROC",GV.PO-01,AU-1,,Author mapping (no official PCI DSS v4.0.1 to CSF 2.0 or SP 800-53 mapping used),STD-01.4,STD-01.4,Met,,,,,,None (PCI SSC standards page checked 2026-09-26; v4.0.1 remains current),n/a (document review),n/a,n/a,Core stores; AC stores; e-commerce; contact center
G-150,PCI DSS v4.0.1 (N81-R03; contractual),Requirement 10.2,Audit logs implemented to support detection of anomalies and suspicious activity,Requirement group,"Yes - merchant agreement requires PCI DSS; Level 1 merchant as designated by the acquirer, validating by ROC",PR.PS-04,AU-2; AU-3,,Author mapping (no official PCI DSS v4.0.1 to CSF 2.0 or SP 800-53 mapping used),Core systems log to the SIEM,SIEM source list,Partially met,AC POS and legacy ticketing logs are local only,High,POAM-012,Director of Security Operations,2026-12-31,None (PCI SSC standards page checked 2026-09-26; v4.0.1 remains current),n/a (document review),n/a,n/a,Core stores; AC stores; e-commerce; contact center
G-151,PCI DSS v4.0.1 (N81-R03; contractual),Requirement 10.3,Audit logs protected from destruction and unauthorized modification,Requirement group,"Yes - merchant agreement requires PCI DSS; Level 1 merchant as designated by the acquirer, validating by ROC",PR.PS-04,AU-9,,Author mapping (no official PCI DSS v4.0.1 to CSF 2.0 or SP 800-53 mapping used),Write-once log archive,Archive policy,Met,,,,,,None (PCI SSC standards page checked 2026-09-26; v4.0.1 remains current),n/a (document review),n/a,n/a,Core stores; AC stores; e-commerce; contact center
G-152,PCI DSS v4.0.1 (N81-R03; contractual),Requirement 10.4,Audit logs reviewed to identify anomalies or suspicious activity,Requirement group,"Yes - merchant agreement requires PCI DSS; Level 1 merchant as designated by the acquirer, validating by ROC",DE.AE-02,AU-6,,Author mapping (no official PCI DSS v4.0.1 to CSF 2.0 or SP 800-53 mapping used),Automated daily review by the SOC,SOC records,Partially met,AC logs not reviewed,High,POAM-012,Director of Security Operations,2026-12-31,None (PCI SSC standards page checked 2026-09-26; v4.0.1 remains current),26 weeks of SOC review records,5 weeks (random),0 core; AC not reviewed,Core stores; AC stores; e-commerce; contact center
G-153,PCI DSS v4.0.1 (N81-R03; contractual),Requirement 10.5,Audit log history retained and available for analysis,Requirement group,"Yes - merchant agreement requires PCI DSS; Level 1 merchant as designated by the acquirer, validating by ROC",PR.PS-04,AU-11,,Author mapping (no official PCI DSS v4.0.1 to CSF 2.0 or SP 800-53 mapping used),1 year online; 7 years archived,Retention settings,Met,,,,,,None (PCI SSC standards page checked 2026-09-26; v4.0.1 remains current),n/a (document review),n/a,n/a,Core stores; AC stores; e-commerce; contact center
G-154,PCI DSS v4.0.1 (N81-R03; contractual),Requirement 10.6,Time-synchronization mechanisms support consistent time settings,Requirement group,"Yes - merchant agreement requires PCI DSS; Level 1 merchant as designated by the acquirer, validating by ROC",PR.PS-04,AU-8,,Author mapping (no official PCI DSS v4.0.1 to CSF 2.0 or SP 800-53 mapping used),Central time sources,Configuration,Met,,,,,,None (PCI SSC standards page checked 2026-09-26; v4.0.1 remains current),n/a (document review),n/a,n/a,Core stores; AC stores; e-commerce; contact center
G-155,PCI DSS v4.0.1 (N81-R03; contractual),Requirement 10.7,"Failures of critical security control systems detected, reported, and responded to promptly",Requirement group,"Yes - merchant agreement requires PCI DSS; Level 1 merchant as designated by the acquirer, validating by ROC",DE.CM-09,AU-5; SI-4,,Author mapping (no official PCI DSS v4.0.1 to CSF 2.0 or SP 800-53 mapping used),"SIEM health rules for log sources, EDR, and WAF",Health alerts,Met,,,,,,None (PCI SSC standards page checked 2026-09-26; v4.0.1 remains current),n/a (document review),n/a,n/a,Core stores; AC stores; e-commerce; contact center
G-156,PCI DSS v4.0.1 (N81-R03; contractual),Requirement 11.1,Security testing processes documented and roles assigned,Requirement group,"Yes - merchant agreement requires PCI DSS; Level 1 merchant as designated by the acquirer, validating by ROC",GV.PO-01,CA-1,,Author mapping (no official PCI DSS v4.0.1 to CSF 2.0 or SP 800-53 mapping used),Testing standard,Standard,Met,,,,,,None (PCI SSC standards page checked 2026-09-26; v4.0.1 remains current),n/a (document review),n/a,n/a,Core stores; AC stores; e-commerce; contact center
G-157,PCI DSS v4.0.1 (N81-R03; contractual),Requirement 11.2,"Wireless access points identified and monitored, and unauthorized ones addressed",Requirement group,"Yes - merchant agreement requires PCI DSS; Level 1 merchant as designated by the acquirer, validating by ROC",DE.CM-01,SI-4,,Author mapping (no official PCI DSS v4.0.1 to CSF 2.0 or SP 800-53 mapping used),Quarterly scans at core stores,Scan reports,Partially met,No scans at AC stores,Moderate,Scans at AC stores from 2026 Q4,Director of Network Engineering,2026-12-31,None (PCI SSC standards page checked 2026-09-26; v4.0.1 remains current),n/a (document review),n/a,n/a,Core stores; AC stores; e-commerce; contact center
G-158,PCI DSS v4.0.1 (N81-R03; contractual),Requirement 11.3,"External and internal vulnerabilities regularly identified, prioritized, and addressed",Requirement group,"Yes - merchant agreement requires PCI DSS; Level 1 merchant as designated by the acquirer, validating by ROC",ID.RA-01,RA-5,,Author mapping (no official PCI DSS v4.0.1 to CSF 2.0 or SP 800-53 mapping used),Quarterly ASV scans pass; internal scans quarterly,ASV reports,Partially met,AC internal scans show unpatched POS PCs (see 6.3),High,POAM-019,Director of Security Operations,2027-03-31,None (PCI SSC standards page checked 2026-09-26; v4.0.1 remains current),n/a (document review),n/a,n/a,Core stores; AC stores; e-commerce; contact center
G-159,PCI DSS v4.0.1 (N81-R03; contractual),Requirement 11.4,"External and internal penetration testing performed regularly, including segmentation",Requirement group,"Yes - merchant agreement requires PCI DSS; Level 1 merchant as designated by the acquirer, validating by ROC",ID.IM-02,CA-8,,Author mapping (no official PCI DSS v4.0.1 to CSF 2.0 or SP 800-53 mapping used),Annual penetration test and 6-month segmentation tests at core,Reports,Met,,,,,,None (PCI SSC standards page checked 2026-09-26; v4.0.1 remains current),n/a (document review),n/a,n/a,Core stores; AC stores; e-commerce; contact center
G-160,PCI DSS v4.0.1 (N81-R03; contractual),Requirement 11.5,Network intrusions and unexpected file changes detected and responded to,Requirement group,"Yes - merchant agreement requires PCI DSS; Level 1 merchant as designated by the acquirer, validating by ROC",DE.CM-01,SI-4; SI-7,,Author mapping (no official PCI DSS v4.0.1 to CSF 2.0 or SP 800-53 mapping used),Network detection and file integrity monitoring at core,SIEM rules,Partially met,No intrusion detection at AC stores,High,POAM-012,Director of Security Operations,2026-12-31,None (PCI SSC standards page checked 2026-09-26; v4.0.1 remains current),n/a (document review),n/a,n/a,Core stores; AC stores; e-commerce; contact center
G-161,PCI DSS v4.0.1 (N81-R03; contractual),Requirement 11.6.1,Unauthorized changes to payment page content and security-relevant HTTP headers detected and alerted,Requirement,"Yes - merchant agreement requires PCI DSS; Level 1 merchant as designated by the acquirer, validating by ROC",DE.CM-09,CM-6(2); SI-7,,Author mapping (no official PCI DSS v4.0.1 to CSF 2.0 or SP 800-53 mapping used),Change detection on the main web checkout,Alert records,Partially met,Mobile web deposit page not covered,High,POAM-007,Director of Digital Engineering,2026-11-15,None (PCI SSC standards page checked 2026-09-26; v4.0.1 remains current),n/a (document review),n/a,n/a,E-commerce
G-162,PCI DSS v4.0.1 (N81-R03; contractual),Requirement 12.1,Comprehensive information security policy known and current,Requirement group,"Yes - merchant agreement requires PCI DSS; Level 1 merchant as designated by the acquirer, validating by ROC",GV.PO-01,PL-1; PM-1,,Author mapping (no official PCI DSS v4.0.1 to CSF 2.0 or SP 800-53 mapping used),POL-01 and hierarchy,P06,Met,,,,,,None (PCI SSC standards page checked 2026-09-26; v4.0.1 remains current),n/a (document review),n/a,n/a,Core stores; AC stores; e-commerce; contact center
G-163,PCI DSS v4.0.1 (N81-R03; contractual),Requirement 12.2,Acceptable use policies for end-user technologies defined and implemented,Requirement group,"Yes - merchant agreement requires PCI DSS; Level 1 merchant as designated by the acquirer, validating by ROC",GV.PO-01,PL-4,,Author mapping (no official PCI DSS v4.0.1 to CSF 2.0 or SP 800-53 mapping used),POL-05,POL-05,Met,,,,,,None (PCI SSC standards page checked 2026-09-26; v4.0.1 remains current),n/a (document review),n/a,n/a,Core stores; AC stores; e-commerce; contact center
G-164,PCI DSS v4.0.1 (N81-R03; contractual),Requirement 12.3,"Risks to the cardholder data environment formally identified, evaluated, and managed (including targeted risk analyses)",Requirement group,"Yes - merchant agreement requires PCI DSS; Level 1 merchant as designated by the acquirer, validating by ROC",ID.RA-05,RA-3,,Author mapping (no official PCI DSS v4.0.1 to CSF 2.0 or SP 800-53 mapping used),P01 and targeted risk analyses for flexible frequencies,P01; analyses,Met,,,,,,None (PCI SSC standards page checked 2026-09-26; v4.0.1 remains current),n/a (document review),n/a,n/a,Core stores; AC stores; e-commerce; contact center
G-165,PCI DSS v4.0.1 (N81-R03; contractual),Requirement 12.4,"PCI DSS compliance managed, with executive responsibility and periodic reviews",Requirement group,No - see current state,GV.RR-01,PM-9,,Author mapping (no official PCI DSS v4.0.1 to CSF 2.0 or SP 800-53 mapping used),Requirement 12.4 applies to service providers only; as a merchant the company still assigns executive responsibility (CFO) and quarterly reviews by the PCI Program Manager (POL-01 4.2),Review records,Not applicable,,,,,,None (PCI SSC standards page checked 2026-09-26; v4.0.1 remains current),n/a (document review),n/a,n/a,Core stores; AC stores; e-commerce; contact center
G-166,PCI DSS v4.0.1 (N81-R03; contractual),Requirement 12.5,PCI DSS scope documented and validated,Requirement group,"Yes - merchant agreement requires PCI DSS; Level 1 merchant as designated by the acquirer, validating by ROC",ID.AM-03,CM-8,,Author mapping (no official PCI DSS v4.0.1 to CSF 2.0 or SP 800-53 mapping used),Scope confirmed annually for core,Scope document,Partially met,AC scope documented only at store level; no data flow evidence,Moderate,AC scope document before QSA fieldwork,PCI Program Manager,2026-10-15,None (PCI SSC standards page checked 2026-09-26; v4.0.1 remains current),n/a (document review),n/a,n/a,Core stores; AC stores; e-commerce; contact center
G-167,PCI DSS v4.0.1 (N81-R03; contractual),Requirement 12.6,Security awareness education is ongoing,Requirement group,"Yes - merchant agreement requires PCI DSS; Level 1 merchant as designated by the acquirer, validating by ROC",PR.AT-01,AT-2,,Author mapping (no official PCI DSS v4.0.1 to CSF 2.0 or SP 800-53 mapping used),Annual training and PIN pad tamper module at core,Training records,Partially met,AC staff have not completed the PIN pad tamper module,Moderate,AC training by 2026-11-15,"Vice President, Integration Management Office",2026-11-15,None (PCI SSC standards page checked 2026-09-26; v4.0.1 remains current),"About 1,450 AC staff",100%,AC not trained,Core stores; AC stores; e-commerce; contact center
G-168,PCI DSS v4.0.1 (N81-R03; contractual),Requirement 12.7,Personnel screened to reduce insider risks,Requirement group,"Yes - merchant agreement requires PCI DSS; Level 1 merchant as designated by the acquirer, validating by ROC",GV.RR-04,PS-3,,Author mapping (no official PCI DSS v4.0.1 to CSF 2.0 or SP 800-53 mapping used),Background checks before hire,HR checklist,Met,,,,,,None (PCI SSC standards page checked 2026-09-26; v4.0.1 remains current),"About 4,100 hires (2026-01 to 2026-06)",60 (random),0,Core stores; AC stores; e-commerce; contact center
G-169,PCI DSS v4.0.1 (N81-R03; contractual),Requirement 12.8,"Risk from third-party service providers managed (list, agreements, due diligence, monitoring, responsibilities)",Requirement group,"Yes - merchant agreement requires PCI DSS; Level 1 merchant as designated by the acquirer, validating by ROC",GV.SC-07,SA-9,,Author mapping (no official PCI DSS v4.0.1 to CSF 2.0 or SP 800-53 mapping used),TPSP list and agreements,AOC tracker,Partially met,7 of 58 AOCs expired; 11 without responsibility matrix,Moderate,POAM-014,Director of Third-Party Risk Management,2026-12-15,None (PCI SSC standards page checked 2026-09-26; v4.0.1 remains current),58 TPSPs,58 (all),7; 11,Core stores; AC stores; e-commerce; contact center
G-170,PCI DSS v4.0.1 (N81-R03; contractual),Requirement 12.9,Third-party service providers support their customers' PCI DSS compliance,Requirement group,No - see current state,GV.SC-05,SA-9,,Author mapping (no official PCI DSS v4.0.1 to CSF 2.0 or SP 800-53 mapping used),Service provider requirement; the company is assessed as a merchant,n/a,Not applicable,,,,,,None (PCI SSC standards page checked 2026-09-26; v4.0.1 remains current),n/a (document review),n/a,n/a,Core stores; AC stores; e-commerce; contact center
G-171,PCI DSS v4.0.1 (N81-R03; contractual),Requirement 12.10,"Suspected and confirmed security incidents that could affect the CDE responded to immediately (plan, testing, 24x7 coverage, training)",Requirement group,"Yes - merchant agreement requires PCI DSS; Level 1 merchant as designated by the acquirer, validating by ROC",RS.MA-01,IR-8; IR-4,,Author mapping (no official PCI DSS v4.0.1 to CSF 2.0 or SP 800-53 mapping used),POL-03 and P08; 24x7 SOC,P08; exercise records,Partially met,Plan not exercised for a card compromise with the disclosure committee; AC managers unaware of the 24-hour acquirer notice term,Moderate,POAM-008,Director of Security Operations,2026-11-30,None (PCI SSC standards page checked 2026-09-26; v4.0.1 remains current),n/a (document review),n/a,n/a,Core stores; AC stores; e-commerce; contact center
G-172,PCI DSS v4.0.1 (N81-R03; contractual),Appendix A1,Additional requirements for multi-tenant service providers,Appendix,No - see current state,GV.OC-03,SA-9,,Author mapping (no official PCI DSS v4.0.1 to CSF 2.0 or SP 800-53 mapping used),Not a multi-tenant service provider,n/a,Not applicable,,,,,,None (PCI SSC standards page checked 2026-09-26; v4.0.1 remains current),n/a (document review),n/a,n/a,Core stores; AC stores; e-commerce; contact center
G-173,PCI DSS v4.0.1 (N81-R03; contractual),Appendix A2,Additional requirements for entities using SSL or early TLS for card-present POI terminal connections,Appendix,No - see current state,PR.DS-02,SC-8,,Author mapping (no official PCI DSS v4.0.1 to CSF 2.0 or SP 800-53 mapping used),"No SSL or early TLS in use; AC legacy PIN pads connect to the POS PC by USB, not over a network",Configuration,Not applicable,,,,,,None (PCI SSC standards page checked 2026-09-26; v4.0.1 remains current),n/a (document review),n/a,n/a,Core stores; AC stores; e-commerce; contact center
G-174,PCI DSS v4.0.1 (N81-R03; contractual),Appendix A3,Designated Entities Supplemental Validation,Appendix,No - see current state,GV.OC-03,CA-2,,Author mapping (no official PCI DSS v4.0.1 to CSF 2.0 or SP 800-53 mapping used),Not designated by the acquirer or a card brand,Acquirer letter 2026-02-17,Not applicable,,,,,,None (PCI SSC standards page checked 2026-09-26; v4.0.1 remains current),n/a (document review),n/a,n/a,Core stores; AC stores; e-commerce; contact center
G-175,FTC Act Section 5 (N81-R01),15 U.S.C. 45(a)(1),"Deception: privacy and security statements at intake, on the website, and in the app match actual practice (what technicians may access, how passcodes are kept and deleted)",Statutory requirement,Yes - for-profit company in or affecting commerce; no size threshold,GV.OC-03; GV.PO-01,PL-4; PT-5,,Author mapping,Intake notice and privacy statement describe the limited access needed for testing and the passcode field purge (updated 2025-04),Intake form; privacy statement; P07 PS-6 and AU-6 results,Partially met,"Statements are accurate for the core estate but not at AC stores, whose intake form promises ""no access to your data"" while passcodes sit in free text",High,Replace AC intake forms with the company notice now; conversion (POAM-004),Chief Privacy Officer,2026-10-31,None,n/a (document review),n/a,n/a,AC stores
G-176,FTC Act Section 5 (N81-R01),15 U.S.C. 45(a)(1),"Deception: service and AI claims (diagnostic accuracy, turnaround, data wiping) are substantiated",Statutory requirement,Yes,GV.OC-03,PL-4; SA-9,,Author mapping,Store signage and the website described AI diagnosis as near perfect until 2026-08-21; claims review process exists for other marketing,Website captures; signage audit,Partially met,No measurement supported the accuracy claim; wiping claims for recycling drop-off rely on lot-level certificates,Moderate,Claims standard tied to P10 measurements; drop-off wording until per-device verification (POAM-006),Chief Marketing Officer,2026-10-31,FTC proposed AI accuracy policy statement (2026-07) is not final,n/a (document review),n/a,n/a,Enterprise
G-177,FTC Act Section 5 (N81-R01),15 U.S.C. 45(n),"Unfairness: reasonable security for customer devices, passcodes, and data; practices must not cause substantial injury that consumers cannot reasonably avoid. The FTC has treated covert access to consumers' devices as unfair (In re DesignerWare, 2012-2013)",Statutory requirement,Yes,PR.AA-05; PR.DS-01,AC-3; AC-6; MP-6; SI-12,,Author mapping,"Mature controls in the core estate; known exceptions in R-002, R-005, R-006, R-007",P01; P07,Partially met,"Passcodes in notes and the AC legacy service, residual technician access risk, and the 2026-05 resale exposure are the kind of practices the FTC has treated as unreasonable",High,Close POAM-003 to POAM-006,CISO,2026-12-31,None,n/a (document review),n/a,n/a,Enterprise
G-178,FTC Act Section 5 (N81-R01),15 U.S.C. 45(n),Unfairness: AI used in quotes and hiring does not cause substantial injury to identifiable groups,Statutory requirement,Yes,GV.RM-01,RA-3,,Author mapping,Technician confirms every diagnosis; recruiter reviews ranked lists,P10,Partially met,Bias testing incomplete for AI-001 and AI-004,Moderate,P10 testing plan (POAM-009),Chief Data and Analytics Officer,2027-03-31,None,n/a (document review),n/a,n/a,Enterprise
G-179,FACTA receipt truncation,15 U.S.C. 1681c(g),Electronically printed receipts show no more than the last 5 digits of the card number and no expiration date,Statutory requirement,Yes - the company accepts cards and prints receipts,PR.DS-01,SI-12,,Author mapping,STPP and P2PE receipts print the last 4 digits only,Receipt samples,Partially met,AC legacy POS receipts at 2 of 10 sampled stores print the expiration date,Moderate,Reconfigure AC receipt template now (POAM-001),"Vice President, Integration Management Office",2026-10-31,None,160 AC stores; 960 core stores,10 AC and 25 core receipts (random),2 AC; 0 core,AC stores
G-180,FTC Disposal Rule (N81-R04),16 CFR 682.3(a),Reasonable measures against unauthorized access to consumer information in connection with its disposal. Applies to consumer reports on applicants and employees (682.1(b)); it does not cover customer device data,Regulatory requirement,"Yes - background check reports for about 38,000 applicants a year",ID.AM-08; PR.DS-01,MP-6; SI-12,,Author mapping,Reports kept only in the HR system with a 7-year deletion rule; printed copies prohibited,HR system retention settings,Met,,,,,,None,n/a (document review),n/a,n/a,Enterprise
G-181,State breach notification and data security laws (N81-R02),Each state where affected individuals reside,"Notify affected residents, and state regulators and consumer reporting agencies where the state requires, under each state's definitions and deadlines",State statutes,"Yes - customers in all 44 states and DC where stores operate, and mail-in customers in other states",RS.CO-02; RS.CO-03,IR-6,,Author mapping,Outside counsel's state matrix updated 2026-04 and linked from P08,State matrix,Met,,,,,,None,n/a (document review),n/a,n/a,Enterprise
G-182,State breach notification and data security laws (N81-R02),Fla. Stat. 501.171(2) (Florida worked example),Take reasonable measures to protect and secure electronic data containing personal information,State statute,Yes - covered entity; account email and password pairs and geolocation are personal information (501.171(1)(g)),GV.PO-01; PR.DS-01,PM-9; SC-28,,Author mapping,As the FTC unfairness row,P01; P07,Partially met,AC and passcode gaps,High,POAM-001 to POAM-006,CISO,2027-03-31,None,n/a (document review),n/a,n/a,Enterprise
G-183,State breach notification and data security laws (N81-R02),Fla. Stat. 501.171(3) (Florida worked example),Notify the Department of Legal Affairs of a breach affecting 500 or more Florida individuals no later than 30 days after the determination of a breach or reason to believe a breach occurred,State statute,Yes - 142 Florida stores and the Florida contact center,RS.CO-02,IR-6,,Author mapping,"Deadline, content, and template in P08",P08 matrix; templates,Met,,,,,,None,n/a (document review),n/a,n/a,Enterprise
G-184,State breach notification and data security laws (N81-R02),Fla. Stat. 501.171(4) (Florida worked example),Notify each affected Florida resident no later than 30 days after the determination (15 more days on written good cause given to the Department); a written no-notice determination may replace notice when harm is not likely,State statute,Yes,RS.CO-02; RS.AN-08,IR-6; IR-4,,Author mapping,"Templates, mail vendor, and call center on retainer",P08; vendor contracts,Met,,,,,,None,n/a (document review),n/a,n/a,Enterprise
G-185,State breach notification and data security laws (N81-R02),Fla. Stat. 501.171(5) (Florida worked example),"Notify all nationwide consumer reporting agencies when more than 1,000 individuals are notified at one time",State statute,Yes,RS.CO-02,IR-6,,Author mapping,In the P08 matrix,P08,Met,,,,,,None,n/a (document review),n/a,n/a,Enterprise
G-186,State breach notification and data security laws (N81-R02),Fla. Stat. 501.171(6) (Florida worked example),Third-party agents must notify the covered entity no later than 10 days after determining a breach. The company is itself a third-party agent for SL-1 and SL-2 clients,State statute,Yes - both directions,GV.SC-05; GV.SC-08,SA-9; IR-6,,Author mapping,Inbound: standard vendor terms. Outbound: SL-1 client agreements require notice within 48 hours of confirmation,Contracts,Partially met,6 legacy AC vendor contracts lack breach notice terms; the outbound duty to SL-2 clients is not in the runbook for non-health-care clients,Low,Amend contracts (POAM-015); runbook updated (P08 section 7),Director of Third-Party Risk Management,2027-03-31,None,41 AC vendor contracts,41 (all),6,Enterprise; AC
G-187,State breach notification and data security laws (N81-R02),Fla. Stat. 501.171(8) (Florida worked example),"Take all reasonable measures to dispose of customer records containing personal information so they are unreadable or undecipherable. Author interpretation, for counsel to confirm: devices left for recycling and data recovery copies are customer records; the company treats them as such",State statute,Yes,ID.AM-08; PR.DS-01,MP-6; SI-12,,Author mapping,SP 800-88 Rev. 2 standard; per-device records at two depots; shredding for paper,Sanitization records; shredding certificates,Partially met,Depot West verification gap; 2026-05 resale exposure; 180 TB of old recovered data,High,POAM-006; POAM-016,Director of Sanitization and Asset Recovery,2026-12-31,None,About 2.1 million devices a year,60 Depot West records; 25 retired tablets,2 of 25 tablets,Depots
G-188,California CCPA cybersecurity audit,11 CCR 7120-7124,"Annual independent cybersecurity audit for businesses that meet the revenue test and processed personal information of 250,000 or more consumers (or sensitive personal information of 50,000 or more) in the prior year. With 2026 revenue over $100 million, the first audit covers 2027-01-01 to 2028-01-01 and the report is due 2028-04-01",State regulation,"Yes - CCPA business (annual revenue above $26,625,000) with about 3.6 million California customer records",GV.OC-03; ID.IM-01,CA-2; CA-7,,Author mapping,Mature program and annual Internal Audit; regulation not yet mapped to evidence,P07; obligations register,Partially met,"Scope, auditor, and evidence map not set",Moderate,POAM-021,Chief Privacy Officer,2026-12-31,Regulations effective 2026-01-01,n/a (document review),n/a,n/a,Enterprise (California consumers)
G-189,California CCPA risk assessments,11 CCR 7150-7157,"Risk assessments for listed higher-risk processing; for processing that began before 2026, complete by 2027-12-31 and submit by 2028-04-01",State regulation,Yes,ID.RA-04,RA-3; RA-8,,Author mapping,Privacy impact assessments exist for the app and AI-001,PIA records,Partially met,No assessment yet for applicant screening (AI-004) or the data platform,Moderate,Assessments in 2027 (POAM-021),Chief Privacy Officer,2027-12-31,None,n/a (document review),n/a,n/a,Enterprise (California consumers and applicants)
G-190,California CCPA automated decisionmaking technology,11 CCR 7200 and following,"Pre-use notice, opt-out with exceptions, access rights, and a risk assessment for ADMT used for significant decisions, including employment; businesses already using ADMT for such decisions must comply by 2027-01-01",State regulation,Yes - AI-004 applicant screening is used for California technician hiring,GV.OC-03; GV.RM-01,PT-5; RA-8,,Author mapping,No ADMT notice or opt-out for California applicants,Applicant flow review,Not met,Not ready for 2027-01-01,High,"Notice, opt-out, and access process, or disable ranking for California roles by 2026-12-31 (POAM-009)",Chief Human Resources Officer,2026-12-31,Compliance date 2027-01-01,n/a (document review),n/a,n/a,California applicants
G-191,State comprehensive consumer privacy laws,Each state where the company does business (see 00_universal-framework cross-sector A3),"Consumer rights, data minimization, privacy notices, processor contracts, and data protection assessments under each applicable state law",State statutes,Yes - the Chief Privacy Officer keeps a state-by-state applicability register; the company exceeds the consumer-count tests in several states,GV.OC-03,PT-2; PT-5,,Author mapping,Rights request portal and contact center process; register updated 2026-06,Applicability register; request log,Partially met,Data protection assessments not complete for AI-004 and the data platform,Moderate,Complete assessments with the CCPA work (POAM-021),Chief Privacy Officer,2027-06-30,Several state laws take effect in 2027,"About 46,000 rights requests (2026-01 to 2026-06)",60 (random),0 late,Enterprise
G-192,SEC Form 8-K Item 1.05,Form 8-K Item 1.05; SEC Release 33-11216,"Disclose a material cybersecurity incident (material aspects of nature, scope, and timing; material impact or reasonably likely material impact) within 4 business days after determining it is material",Federal securities rule,Yes - SEC registrant,RS.CO-02,IR-6; IR-8,,Author mapping,Playbook exists; never exercised for a card compromise with customer data exposure,Disclosure committee charter; playbook,Partially met,Process untested for the most likely material incident types,High,Tabletop 2026-11-12 (POAM-008),General Counsel,2026-11-30,A 2025 petition asks the SEC to rescind Item 1.05; no SEC proposal found as of 2026-09-25,n/a (document review),n/a,n/a,Enterprise
G-193,SEC Form 8-K Item 1.05,Form 8-K Item 1.05 (materiality determination),"Make the materiality determination without unreasonable delay after discovery, from the perspective of a reasonable investor, using quantitative and qualitative factors",Federal securities rule,Yes,GV.OV-01,IR-8,,Author mapping,"Worksheet does not include card brand assessments, forensic investigator findings, manufacturer or client contract impacts as inputs",Materiality worksheet,Partially met,Inputs and timing not defined for card and customer data incidents,High,POAM-008,General Counsel,2026-11-30,As above,n/a (document review),n/a,n/a,Enterprise
G-194,SEC Form 8-K Item 1.05,Form 8-K Item 1.05 (Attorney General delay),Delay the filing only if the U.S. Attorney General determines disclosure poses a substantial risk to national security or public safety and notifies the SEC in writing,Federal securities rule,Yes,RS.CO-02,IR-6,,Author mapping,Documented in the playbook,Playbook,Met,,,,,,As above,n/a (document review),n/a,n/a,Enterprise
G-195,SEC Regulation S-K Item 106,17 CFR 229.106(b)(1),"Describe processes for assessing, identifying, and managing material risks from cybersecurity threats, including integration with overall risk management, use of third-party assessors, and oversight of third-party service provider risks",Federal securities rule,Yes,GV.RM-01,PM-9; RA-3,,Author mapping,Described in the 2025 10-K; matches P01 and P07 practice,10-K Item 1C,Met,,,,,,None,n/a (document review),n/a,n/a,Enterprise
G-196,SEC Regulation S-K Item 106,17 CFR 229.106(b)(2),"Describe whether risks from cybersecurity threats, including previous incidents, have materially affected or are reasonably likely to materially affect the registrant",Federal securities rule,Yes,GV.RM-03,PM-9,,Author mapping,Described in the 2025 10-K; the AC acquisition risk is to be added in the 2026 10-K,10-K Item 1C; draft 2026 language,Met,,,,,,None,n/a (document review),n/a,n/a,Enterprise
G-197,SEC Regulation S-K Item 106,17 CFR 229.106(c)(1),"Describe board oversight of cybersecurity risk, including the responsible committee and how it is informed",Federal securities rule,Yes,GV.OV-01,PM-9,,Author mapping,Risk and technology committee receives quarterly reports,10-K; committee charter,Met,,,,,,None,n/a (document review),n/a,n/a,Enterprise
G-198,SEC Regulation S-K Item 106,17 CFR 229.106(c)(2),"Describe management's role, relevant expertise, how management is informed, and whether it reports to the board",Federal securities rule,Yes,GV.RR-01,PM-2,,Author mapping,CISO role and reporting described,10-K,Met,,,,,,None,n/a (document review),n/a,n/a,Enterprise
G-199,SEC Regulation S-K Item 106,17 CFR 229.106(d),Provide the Item 106 information in Inline XBRL (structured data),Federal securities rule,Yes,GV.PO-01,PM-9,,Author mapping,Tagged in the 2025 10-K,Filing,Met,,,,,,None,n/a (document review),n/a,n/a,Enterprise
G-200,"HIPAA Security Rule, business associate duties (N81-R06; SL-2 only)",45 CFR 164.308(a)(1),"Security Management Process: HIPAA Standard: Implement policies and procedures to prevent, detect, contain, and correct security violations.",Standard,Yes - business associate for ePHI on SL-2 devices under 38 BAAs (45 CFR 164.302),GV.RM-01,PM-9; RA-1,RA-1,Author mapping (02_industry-rules/health-care/hipaa-security-rule-crosswalk.csv),SL-2 is inside the enterprise security program and risk analysis,P01; POL-01,Partially met,BA duties not mapped to SL-2 controls,Moderate,Map BA duties (POAM-022),"Vice President, Enterprise Services",2026-12-31,"HIPAA Security Rule NPRM (90 FR 898, 2025-01-06) is proposed only and not treated as current",n/a (document review),n/a,n/a,SL-2 (38 health care clients)
G-201,"HIPAA Security Rule, business associate duties (N81-R06; SL-2 only)",45 CFR 164.308(a)(1)(ii)(A),"Risk Analysis: Conduct an accurate and thorough assessment of the potential risks and vulnerabilities to the confidentiality, integrity, and availability of ePHI held by the covered entity or business associate.",Required,Yes - business associate for ePHI on SL-2 devices under 38 BAAs (45 CFR 164.302),ID.RA-01; ID.RA-04; ID.RA-05,RA-2; RA-3,RA-2; RA-3,Author mapping (02_industry-rules/health-care/hipaa-security-rule-crosswalk.csv),"Enterprise risk analysis covers SL-2 depots and devices (P01 R-006, R-026)",P01,Partially met,Risk analysis does not yet list ePHI flows for each of the 38 BAAs,Moderate,POAM-022,"Vice President, Enterprise Services",2026-12-31,"HIPAA Security Rule NPRM (90 FR 898, 2025-01-06) is proposed only and not treated as current",n/a (document review),n/a,n/a,SL-2 (38 health care clients)
G-202,"HIPAA Security Rule, business associate duties (N81-R06; SL-2 only)",45 CFR 164.308(a)(2),Assigned Security Responsibility: HIPAA Standard: Identify the security official who is responsible for the development and implementation of the policies and procedures required by this subpart for the covered entity or business associate.,Standard,Yes - business associate for ePHI on SL-2 devices under 38 BAAs (45 CFR 164.302),GV.RR-02,PM-2,CA-6; PM-2,Author mapping (02_industry-rules/health-care/hipaa-security-rule-crosswalk.csv),Director of Security Operations designated as HIPAA security official for SL-2,Designation memo 2026-08,Met,,,,,,"HIPAA Security Rule NPRM (90 FR 898, 2025-01-06) is proposed only and not treated as current",n/a (document review),n/a,n/a,SL-2 (38 health care clients)
G-203,"HIPAA Security Rule, business associate duties (N81-R06; SL-2 only)",45 CFR 164.308(a)(3),"Workforce Security: HIPAA Standard: Implement policies and procedures to ensure that all members of its workforce have appropriate access to electronic protected health information, as provided under paragraph (a)(4) of this section, and to prevent those workforce members who do not have access under paragraph (a)(4) o",Standard,Yes - business associate for ePHI on SL-2 devices under 38 BAAs (45 CFR 164.302),PR.AA-05,PS-1; AC-2,AC-1; AC-2; AC-3; AC-5; AC-6,Author mapping (02_industry-rules/health-care/hipaa-security-rule-crosswalk.csv),Background checks; role-based access to SL-2 systems; termination process,HR records; certifications,Met,,,,,,"HIPAA Security Rule NPRM (90 FR 898, 2025-01-06) is proposed only and not treated as current",n/a (document review),n/a,n/a,SL-2 (38 health care clients)
G-204,"HIPAA Security Rule, business associate duties (N81-R06; SL-2 only)",45 CFR 164.308(a)(4),Information Access Management: HIPAA Standard: Implement policies and procedures for authorizing access to electronic protected health information that are consistent with the applicable requirements of subpart E of this part.,Standard,Yes - business associate for ePHI on SL-2 devices under 38 BAAs (45 CFR 164.302),PR.AA-05,AC-1; AC-3,AC-1; AC-2; AC-5; AC-6,Author mapping (02_industry-rules/health-care/hipaa-security-rule-crosswalk.csv),Access to SL-2 asset portal and depot systems by role,Role matrix,Met,,,,,,"HIPAA Security Rule NPRM (90 FR 898, 2025-01-06) is proposed only and not treated as current",n/a (document review),n/a,n/a,SL-2 (38 health care clients)
G-205,"HIPAA Security Rule, business associate duties (N81-R06; SL-2 only)",45 CFR 164.308(a)(5),Security Awareness and Training: HIPAA Standard: Implement a security awareness and training program for all members of its workforce (including management).,Standard,Yes - business associate for ePHI on SL-2 devices under 38 BAAs (45 CFR 164.302),PR.AT-01,AT-1; AT-2,AT-1; AT-2; AT-3; AT-4,Author mapping (02_industry-rules/health-care/hipaa-security-rule-crosswalk.csv),Annual training plus the SL-2 device handling module,Training records,Met,,,,,,"HIPAA Security Rule NPRM (90 FR 898, 2025-01-06) is proposed only and not treated as current",n/a (document review),n/a,n/a,SL-2 (38 health care clients)
G-206,"HIPAA Security Rule, business associate duties (N81-R06; SL-2 only)",45 CFR 164.308(a)(6),Security Incident Procedures: HIPAA Standard: Implement policies and procedures to address security incidents.,Standard,Yes - business associate for ePHI on SL-2 devices under 38 BAAs (45 CFR 164.302),RS.MA-01,IR-1; IR-8,IR-1; IR-2; IR-3; IR-4,Author mapping (02_industry-rules/health-care/hipaa-security-rule-crosswalk.csv),Incidents handled by the SOC under P08,P08,Partially met,BA breach notice to health care clients added to P08 in 2026-09; not yet exercised,Low,Exercise with the 2026-11-12 tabletop (POAM-008),General Counsel,2026-11-30,"HIPAA Security Rule NPRM (90 FR 898, 2025-01-06) is proposed only and not treated as current",n/a (document review),n/a,n/a,SL-2 (38 health care clients)
G-207,"HIPAA Security Rule, business associate duties (N81-R06; SL-2 only)",45 CFR 164.308(a)(7),"Contingency Plan: HIPAA Standard: Establish (and implement as needed) policies and procedures for responding to an emergency or other occurrence (for example, fire, vandalism, system failure, and natural disaster) that damages systems that contain electronic protected health information",Standard,Yes - business associate for ePHI on SL-2 devices under 38 BAAs (45 CFR 164.302),ID.IM-04,CP-1; CP-2,CP-1; CP-2,Author mapping (02_industry-rules/health-care/hipaa-security-rule-crosswalk.csv),"Depot contingency plans and the BIA (BP-08, BP-09)",P05; depot plans,Met,,,,,,"HIPAA Security Rule NPRM (90 FR 898, 2025-01-06) is proposed only and not treated as current",n/a (document review),n/a,n/a,SL-2 (38 health care clients)
G-208,"HIPAA Security Rule, business associate duties (N81-R06; SL-2 only)",45 CFR 164.308(a)(8),"Evaluation: HIPAA Standard: Perform a periodic technical and nontechnical evaluation, based initially upon the standards implemented under this rule and subsequently, in response to environmental or operational changes affecting the security of electronic protected health information, that establishes the exten",Standard,Yes - business associate for ePHI on SL-2 devices under 38 BAAs (45 CFR 164.302),ID.IM-01,CA-2; CA-7,CA-1; CA-2; CA-6; CA-7; CA-8,Author mapping (02_industry-rules/health-care/hipaa-security-rule-crosswalk.csv),Annual Internal Audit assessment; SL-2 SOC 2 readiness (P09),P07; P09,Met,,,,,,"HIPAA Security Rule NPRM (90 FR 898, 2025-01-06) is proposed only and not treated as current",n/a (document review),n/a,n/a,SL-2 (38 health care clients)
G-209,"HIPAA Security Rule, business associate duties (N81-R06; SL-2 only)",45 CFR 164.308(b)(1),"Business Associate Contracts and Other Arrangements: HIPAA Standard: A covered entity may permit a business associate to create, receive, maintain, or transmit electronic protected health information on the covered entity’s behalf only if the covered entity obtains satisfactory assurances, in accordance with § 164.314(a), that the business associate w",Standard,Yes - business associate for ePHI on SL-2 devices under 38 BAAs (45 CFR 164.302),GV.SC-05,SA-9,CA-3; PS-7; SA-9,Author mapping (02_industry-rules/health-care/hipaa-security-rule-crosswalk.csv),Subcontractor BAAs with downstream recyclers that may receive devices holding ePHI,Contracts,Partially met,"4 downstream recyclers receive SL-2 lots without a subcontractor BAA (devices are sanitized first, but the BAAs require one)",Moderate,Subcontractor BAAs or route SL-2 lots only to vendors with BAAs (POAM-015),Director of Third-Party Risk Management,2027-03-31,"HIPAA Security Rule NPRM (90 FR 898, 2025-01-06) is proposed only and not treated as current",n/a (document review),n/a,n/a,SL-2 (38 health care clients)
G-210,"HIPAA Security Rule, business associate duties (N81-R06; SL-2 only)",45 CFR 164.310(a),"Facility Access Controls: HIPAA Standard: Implement policies and procedures to limit physical access to its electronic information systems and the facility or facilities in which they are housed, while ensuring that properly authorized access is allowed.",Standard,Yes - business associate for ePHI on SL-2 devices under 38 BAAs (45 CFR 164.302),PR.AA-06,PE-2; PE-3,PE-1; PE-2; PE-3; PE-3(1); PE-4; PE-5,Author mapping (02_industry-rules/health-care/hipaa-security-rule-crosswalk.csv),Badge-controlled SL-2 cages at depots; CCTV,Badge reports,Met,,,,,,"HIPAA Security Rule NPRM (90 FR 898, 2025-01-06) is proposed only and not treated as current",n/a (document review),n/a,n/a,SL-2 (38 health care clients)
G-211,"HIPAA Security Rule, business associate duties (N81-R06; SL-2 only)",45 CFR 164.310(b),"Workstation Use: HIPAA Standard: Implement policies and procedures that specify the proper functions to be performed, the manner in which those functions are to be performed, and the physical attributes of the surroundings of a specific workstation or class of workstation that can access electronic protected health",Standard,Yes - business associate for ePHI on SL-2 devices under 38 BAAs (45 CFR 164.302),PR.AT-01,PL-4,AC-3; AC-4; AC-11; AC-12; AC-16; AC-17; AC-19; PE-3; PE-5; PL-4; PS-6,Author mapping (02_industry-rules/health-care/hipaa-security-rule-crosswalk.csv),Workstation use rules in POL-05,POL-05,Met,,,,,,"HIPAA Security Rule NPRM (90 FR 898, 2025-01-06) is proposed only and not treated as current",n/a (document review),n/a,n/a,SL-2 (38 health care clients)
G-212,"HIPAA Security Rule, business associate duties (N81-R06; SL-2 only)",45 CFR 164.310(c),"Workstation Security: HIPAA Standard: Implement physical safeguards for all workstations that access electronic protected health information, to restrict access to authorized users.",Standard,Yes - business associate for ePHI on SL-2 devices under 38 BAAs (45 CFR 164.302),PR.AA-06,AC-11; PE-5,MP-2; MP-3; MP-4; PE-2; PE-3; PE-4; PE-5; PE-18,Author mapping (02_industry-rules/health-care/hipaa-security-rule-crosswalk.csv),Depot workstations in badge-controlled areas,Walkthroughs,Met,,,,,,"HIPAA Security Rule NPRM (90 FR 898, 2025-01-06) is proposed only and not treated as current",n/a (document review),n/a,n/a,SL-2 (38 health care clients)
G-213,"HIPAA Security Rule, business associate duties (N81-R06; SL-2 only)",45 CFR 164.310(d),"Device and Media Controls: HIPAA Standard: Implement policies and procedures that govern the receipt and removal of hardware and electronic media that contain electronic protected health information into and out of a facility, and the movement of these items within the facility.",Standard,Yes - business associate for ePHI on SL-2 devices under 38 BAAs (45 CFR 164.302),ID.AM-01,MP-1; CM-8,CM-8; MP-1; MP-2; MP-3; MP-4; MP-5; MP-6; PE-16; PE-20,Author mapping (02_industry-rules/health-care/hipaa-security-rule-crosswalk.csv),"Device receiving, chain of custody, and sanitization under STD-04.3",Sanitization records,Partially met,Depot West lacks per-device verification; default passwords on 6 stations (P07),High,POAM-006,Director of Sanitization and Asset Recovery,2026-12-31,"HIPAA Security Rule NPRM (90 FR 898, 2025-01-06) is proposed only and not treated as current",n/a (document review),n/a,n/a,SL-2 (38 health care clients)
G-214,"HIPAA Security Rule, business associate duties (N81-R06; SL-2 only)",45 CFR 164.310(d)(2)(i),Disposal: Implement policies and procedures to address the final disposition of ePHI and/or the hardware or electronic media on which it is stored.,Required,Yes - business associate for ePHI on SL-2 devices under 38 BAAs (45 CFR 164.302),ID.AM-08,MP-6,MP-6,Author mapping (02_industry-rules/health-care/hipaa-security-rule-crosswalk.csv),Disposal by SP 800-88 Rev. 2 methods with certificates for SL-2 clients,Certificates,Partially met,2026-05 resale exposure of SL-2 client data from Depot West,High,POAM-006,Director of Sanitization and Asset Recovery,2026-12-31,"HIPAA Security Rule NPRM (90 FR 898, 2025-01-06) is proposed only and not treated as current",n/a (document review),n/a,n/a,SL-2 (38 health care clients)
G-215,"HIPAA Security Rule, business associate duties (N81-R06; SL-2 only)",45 CFR 164.312(a),Access Control: HIPAA Standard: Implement technical policies and procedures for electronic information systems that maintain electronic protected health information to allow access only to those persons or software programs that have been granted access rights as specified in § 164.308(a)(4).,Standard,Yes - business associate for ePHI on SL-2 devices under 38 BAAs (45 CFR 164.302),PR.AA-05,AC-3,AC-1; AC-3; AC-5; AC-6,Author mapping (02_industry-rules/health-care/hipaa-security-rule-crosswalk.csv),Unique IDs and role-based access on depot systems and the asset portal,Configuration,Met,,,,,,"HIPAA Security Rule NPRM (90 FR 898, 2025-01-06) is proposed only and not treated as current",n/a (document review),n/a,n/a,SL-2 (38 health care clients)
G-216,"HIPAA Security Rule, business associate duties (N81-R06; SL-2 only)",45 CFR 164.312(b),"Audit Controls: HIPAA Standard: Implement hardware, software, and/or procedural mechanisms that record and examine activity in information systems that contain or use electronic protected health information.",Standard,Yes - business associate for ePHI on SL-2 devices under 38 BAAs (45 CFR 164.302),PR.PS-04,AU-2; AU-3; AU-12,AU-1; AU-2; AU-3; AU-4; AU-6; AU-7; AU-8,Author mapping (02_industry-rules/health-care/hipaa-security-rule-crosswalk.csv),Depot system and portal logs to the SIEM,SIEM source list,Met,,,,,,"HIPAA Security Rule NPRM (90 FR 898, 2025-01-06) is proposed only and not treated as current",n/a (document review),n/a,n/a,SL-2 (38 health care clients)
G-217,"HIPAA Security Rule, business associate duties (N81-R06; SL-2 only)",45 CFR 164.312(c),Integrity: HIPAA Standard: Implement policies and procedures to protect electronic protected health information from improper alteration or destruction.,Standard,Yes - business associate for ePHI on SL-2 devices under 38 BAAs (45 CFR 164.302),PR.DS-01,SI-7,CP-9; MP-2; MP-5; SC-8; SI-1; SI-7,Author mapping (02_industry-rules/health-care/hipaa-security-rule-crosswalk.csv),Write-once sanitization record store,Record store policy,Partially met,Depot West records can be lost before the nightly sync,Moderate,POAM-006,Director of Sanitization and Asset Recovery,2026-12-31,"HIPAA Security Rule NPRM (90 FR 898, 2025-01-06) is proposed only and not treated as current",n/a (document review),n/a,n/a,SL-2 (38 health care clients)
G-218,"HIPAA Security Rule, business associate duties (N81-R06; SL-2 only)",45 CFR 164.312(d),Person or Entity Authentication: HIPAA Standard: Implement procedures to verify that a person or entity seeking access to electronic protected health information is the one claimed.,Standard,Yes - business associate for ePHI on SL-2 devices under 38 BAAs (45 CFR 164.302),PR.AA-03,IA-2; IA-2(1); IA-5,IA-2; IA-3; IA-4; IA-8; IA-9,Author mapping (02_industry-rules/health-care/hipaa-security-rule-crosswalk.csv),SSO with MFA for staff; MFA for client portal users,Configuration,Met,,,,,,"HIPAA Security Rule NPRM (90 FR 898, 2025-01-06) is proposed only and not treated as current",n/a (document review),n/a,n/a,SL-2 (38 health care clients)
G-219,"HIPAA Security Rule, business associate duties (N81-R06; SL-2 only)",45 CFR 164.312(e)(1),Transmission Security: HIPAA Standard: Implement technical security measures to guard against unauthorized access to electronic protected health information that is being transmitted over an electronic communications network.,Standard,Yes - business associate for ePHI on SL-2 devices under 38 BAAs (45 CFR 164.302),PR.DS-02,SC-8,SC-8,Author mapping (02_industry-rules/health-care/hipaa-security-rule-crosswalk.csv),TLS for portal and depot traffic,TLS scans,Met,,,,,,"HIPAA Security Rule NPRM (90 FR 898, 2025-01-06) is proposed only and not treated as current",n/a (document review),n/a,n/a,SL-2 (38 health care clients)
G-220,"HIPAA Security Rule, business associate duties (N81-R06; SL-2 only)",45 CFR 164.314(a),"Business Associate Contracts or Other Arrangements: HIPAA Standard: (i) The contract or other arrangement between the covered entity and its business associate required by § 164.308(b)(3) must meet the requirements of paragraph (a)(2)(i), (a)(2)(ii), or (a)(2)(iii) of this section, as applicable. (ii) A covered entity is in compliance with paragraph",Standard,Yes - business associate for ePHI on SL-2 devices under 38 BAAs (45 CFR 164.302),GV.SC-05,SA-9,PS-6; PS-7; SA-4; SA-9,Author mapping (02_industry-rules/health-care/hipaa-security-rule-crosswalk.csv),BAAs signed with 38 health care clients,BAA inventory,Partially met,Inventory incomplete for 11 BAAs (terms not abstracted),Moderate,POAM-022,"Vice President, Enterprise Services",2026-12-31,"HIPAA Security Rule NPRM (90 FR 898, 2025-01-06) is proposed only and not treated as current",n/a (document review),n/a,n/a,SL-2 (38 health care clients)
G-221,"HIPAA Security Rule, business associate duties (N81-R06; SL-2 only)",45 CFR 164.314(b),"Requirements for Group Health Plans: HIPAA Standard: Except when the only electronic protected health information disclosed to a plan sponsor is disclosed pursuant to § 164.504(f)(1)(ii) or (iii), or as authorized under § 164.508, a group health plan must ensure that its plan documents provide that the plan sponsor will reasonably and",Standard,No - not a group health plan sponsor for SL-2,GV.SC-05,SA-9,PL-2,Author mapping (02_industry-rules/health-care/hipaa-security-rule-crosswalk.csv),Not a group health plan sponsor for SL-2 purposes; the employee health plan is outside these deliverables,n/a,Not applicable,,,,,,"HIPAA Security Rule NPRM (90 FR 898, 2025-01-06) is proposed only and not treated as current",n/a (document review),n/a,n/a,SL-2 (38 health care clients)
G-222,"HIPAA Security Rule, business associate duties (N81-R06; SL-2 only)",45 CFR 164.316(a),"Policies and Procedures: HIPAA Standard: Implement reasonable and appropriate policies and procedures to comply with the standards, implementation specifications, or other requirements of this subpart, taking into account those factors specified in § 164.306(b)(2)(i), (ii), (iii), and (iv). This standard is not to be constr",Standard,Yes - business associate for ePHI on SL-2 devices under 38 BAAs (45 CFR 164.302),GV.PO-01,PL-1; PM-1,PL-1; PL-2; RA-1; RA-3,Author mapping (02_industry-rules/health-care/hipaa-security-rule-crosswalk.csv),Policies and procedures in the P06 hierarchy apply to SL-2,P06,Met,,,,,,"HIPAA Security Rule NPRM (90 FR 898, 2025-01-06) is proposed only and not treated as current",n/a (document review),n/a,n/a,SL-2 (38 health care clients)
G-223,"HIPAA Security Rule, business associate duties (N81-R06; SL-2 only)",45 CFR 164.316(b),"Documentation: HIPAA Standard: (i) Maintain the policies and procedures implemented to comply with this subpart in written (which may be electronic) form; and (ii) if an action, activity or assessment is required by this subpart to be documented, maintain a written (which may be electronic) record of the action, a",Standard,Yes - business associate for ePHI on SL-2 devices under 38 BAAs (45 CFR 164.302),GV.PO-02,PL-1,CA-2; PL-2,Author mapping (02_industry-rules/health-care/hipaa-security-rule-crosswalk.csv),Documentation retained 6 years for SL-2 (POL-01 4.11),POL-01,Met,,,,,,"HIPAA Security Rule NPRM (90 FR 898, 2025-01-06) is proposed only and not treated as current",n/a (document review),n/a,n/a,SL-2 (38 health care clients)
G-224,"HIPAA Breach Notification Rule, business associate duty (N81-R06; SL-2 only)",45 CFR 164.410,"Notify the covered entity of a breach of unsecured PHI without unreasonable delay and no later than 60 calendar days after discovery, identifying each affected individual where possible",Regulatory requirement,Yes - business associate under 38 BAAs,RS.CO-02,IR-6,,Author mapping,Added to the P08 matrix in 2026-09; most BAAs set shorter contract terms,P08; BAA abstracts,Partially met,"11 BAAs not abstracted, so their shorter notice terms are unknown",Moderate,Abstract all BAAs (POAM-022),"Vice President, Enterprise Services",2026-12-31,None,38 BAAs,38 (all),11 not abstracted,SL-2 (38 health care clients)
G-225,"Manufacturer A, B, and C authorized service provider agreements (contract; fictional terms)",Program agreement security and privacy terms,"Background checks; customer data access only as the repair needs, with consent; named MFA accounts on manufacturer portals; 24-hour notice of suspected customer data incidents; annual program audit",Contract term,"Yes - authorized at 610 core stores and all depots (A), the laptop depot (B), and console and wearable repair (C)",GV.OC-03; GV.SC-05,IA-2; IR-6; PS-3; PS-6,,Author mapping,Core stores passed the 2026 Manufacturer A and B audits; named portal accounts at core stores,Audit letters; portal account reports,Partially met,Shared Manufacturer C portal account at 14 AC stores; 24-hour notice not in AC store procedures,Moderate,Named accounts (POAM-011); AC manager briefing on notice terms,"Vice President, Manufacturer Programs",2026-11-15,None,Manufacturer C portal accounts at AC stores,100%,1 shared account used at 14 stores,Core stores; AC stores; depots
G-226,Applicability screen: FTC Safeguards Rule,16 CFR Part 314,Information security program for customer information of financial institutions,Applicability screen,No - the company does not extend credit to consumers or offer financing; it is not a financial institution (16 CFR 314.1(b)),GV.OC-03,,,Author mapping,Screened out,Scenario facts section 1; statute or rule text,Not applicable,,,,,,None,n/a,n/a,n/a,Enterprise
G-227,Applicability screen: COPPA Rule (N81-R05),16 CFR Part 312,Parental consent and security for personal information collected online from children under 13,Applicability screen,"No - the website, app, and chatbot are not directed to children and accounts require age 18",GV.OC-03,,,Author mapping,Screened out,Scenario facts section 1; statute or rule text,Not applicable,,,,,,None,n/a,n/a,n/a,Enterprise
G-228,Applicability screen: HIPAA covered entity status (N81-R06),45 CFR 160.103,"Covered entity duties under the Privacy, Security, and Breach Notification Rules",Applicability screen,"No - the company is not a health plan, clearinghouse, or provider; business associate duties for SL-2 are analyzed in the HIPAA rows above",GV.OC-03,,,Author mapping,Screened out,Scenario facts section 1; statute or rule text,Not applicable,,,,,,None,n/a,n/a,n/a,Enterprise
G-229,Applicability screen: Florida Digital Bill of Rights,Fla. Stat. 501.702,Controller duties for large online businesses,Applicability screen,"No - a controller must exceed $1 billion in global gross annual revenue and also earn 50% or more of revenue from online advertising, operate a smart speaker and voice command service, or operate an app store with at least 250,000 applications. The company exceeds the revenue test but meets none of the other three",GV.OC-03,,,Author mapping,Screened out,Scenario facts section 1; statute or rule text,Not applicable,,,,,,None,n/a,n/a,n/a,Enterprise
G-230,Applicability screen: CIRCIA,6 U.S.C. 681-681g; proposed 6 CFR Part 226 (89 FR 23644),Covered cyber incident and ransom payment reports to CISA,Applicability screen,"No - the final rule had not been published as of 2026-09-25, so reporting is voluntary; recheck when the final rule is published",GV.OC-03,,,Author mapping,Screened out,Scenario facts section 1; statute or rule text,Not applicable,,,,,,CIRCIA final rule pending (Unified Agenda target 2026-09),n/a,n/a,n/a,Enterprise
